{
  "format_version": "1.8.0",
  "animations": {
    "animation.os_granny.walk": {
      "loop": true,
      "animation_length": 2.25,
      "bones": {
        "root": {
          "position": {
            "0.0": [
              0,
              -2,
              0
            ],
            "0.5": [
              0,
              0.04,
              0
            ],
            "0.9167": [
              0,
              -2.55,
              0
            ],
            "1.4583": [
              0,
              0,
              0
            ],
            "1.9167": [
              0,
              -3.16,
              0
            ],
            "2.25": [
              0,
              -2,
              0
            ]
          }
        },
        "leftArm": {
          "rotation": {
            "0.0": [
              12.5,
              0,
              0
            ],
            "0.4167": [
              0,
              0,
              0
            ],
            "0.7917": [
              -12.5,
              0,
              0
            ],
            "1.2083": [
              0,
              0,
              0
            ],
            "1.5833": [
              30,
              0,
              0
            ],
            "1.9167": [
              38.75,
              0,
              0
            ],
            "2.25": [
              12.5,
              0,
              0
            ]
          }
        },
        "rightArm": {
          "rotation": {
            "0.0": [
              -10,
              0,
              0
            ],
            "0.375": [
              0,
              0,
              0
            ],
            "0.7917": [
              12.5,
              0,
              0
            ],
            "1.2917": [
              0,
              0,
              0
            ],
            "1.625": [
              -10,
              0,
              0
            ],
            "1.9167": [
              -32.5,
              0,
              0
            ],
            "2.25": [
              -10,
              0,
              0
            ]
          }
        },
        "leftLeg": {
          "rotation": {
            "0.0": [
              0,
              0,
              0
            ],
            "0.5": [
              2.5,
              0,
              0
            ],
            "1.0": [
              27.5,
              0,
              0
            ],
            "1.2083": [
              55,
              0,
              0
            ],
            "1.5833": [
              5,
              0,
              0
            ],
            "2.0": [
              -18.12,
              0,
              0
            ],
            "2.25": [
              0,
              0,
              0
            ]
          },
          "position": {
            "0.0": [
              0,
              2,
              -2
            ],
            "0.25": [
              0,
              0,
              -1.5
            ],
            "0.5": [
              0,
              0,
              -1
            ],
            "1.0": [
              0,
              1,
              1
            ],
            "1.5833": [
              0,
              3,
              0
            ],
            "2.0": [
              0,
              4.25,
              -1.25
            ],
            "2.25": [
              0,
              2,
              -2
            ]
          }
        },
        "rightLeg": {
          "rotation": {
            "0.0": [
              15,
              0,
              0
            ],
            "0.25": [
              -15,
              0,
              0
            ],
            "0.5417": [
              -10,
              0,
              0
            ],
            "0.9583": [
              0,
              0,
              0
            ],
            "1.5": [
              -2.5,
              0,
              0
            ],
            "2.0": [
              30,
              0,
              0
            ],
            "2.25": [
              15,
              0,
              0
            ]
          },
          "position": {
            "0.0": [
              0,
              2,
              -1
            ],
            "0.25": [
              0,
              3,
              -1
            ],
            "0.5417": [
              0,
              0,
              -1
            ],
            "0.9583": [
              0,
              2,
              -2
            ],
            "1.5": [
              0,
              0,
              0
            ],
            "2.0": [
              0,
              2,
              -1
            ],
            "2.25": [
              0,
              2,
              -1
            ]
          }
        }
      }
    },
    "animation.os_granny.jumpscare": {
      "loop": true,
      "animation_length": 3,
      "bones": {
        "body": {
          "rotation": {
            "0.0": [
              2.5,
              0,
              -7.5
            ],
            "0.5833": [
              2.4905,
              0.21782,
              -12.49527
            ],
            "0.7917": [
              2.4905,
              -0.21782,
              -2.50473
            ],
            "1.5417": [
              2.47864,
              -0.32621,
              -0.00706
            ],
            "2.0": [
              -0.02136,
              -0.32621,
              -0.00706
            ]
          }
        },
        "head": {
          "rotation": {
            "0.0": [
              0,
              0,
              17.5
            ],
            "0.5833": [
              0,
              0,
              7.5
            ],
            "0.7917": [
              0,
              0,
              -5
            ],
            "1.5417": [
              0,
              0,
              2.5
            ],
            "3.0": [
              0,
              0,
              0
            ]
          }
        },
        "leftArm": {
          "rotation": {
            "0.0": [
              36.00521,
              -18.74724,
              -131.14135
            ],
            "0.4583": [
              38.66901,
              -11.14485,
              -141.42125
            ],
            "0.625": [
              -62.03528,
              40.52687,
              8.92963
            ],
            "1.5417": [
              -53.1245,
              60.76776,
              32.8715
            ],
            "2.0": [
              -0.4314,
              3.23498,
              0.65463
            ]
          }
        },
        "rightArm": {
          "rotation": {
            "0.0": [
              0,
              0,
              12.5
            ],
            "0.4583": [
              0,
              0,
              28.21
            ],
            "0.9583": [
              0,
              0,
              3.21
            ],
            "1.5417": [
              -5,
              0,
              -4.29
            ],
            "2.0": [
              0,
              0,
              0.71
            ]
          }
        }
      }
    },
    "animation.os_granny.bob": {
      "loop": true,
      "animation_length": 4,
      "bones": {
        "body": {
          "rotation": {
            "0.0": [
              2.50021,
              -2.60664,
              2.3886
            ],
            "1.0": [
              -2.38108,
              -0.21532,
              -0.21577
            ],
            "2.0": [
              2.50159,
              2.39429,
              -3.03749
            ],
            "3.0": [
              -2.38108,
              -0.21532,
              -0.21577
            ],
            "4.0": [
              2.50021,
              -2.60664,
              2.3886
            ]
          }
        },
        "head": {
          "rotation": {
            "0.0": [
              2.49762,
              0.10901,
              -2.49762
            ],
            "1.0": [
              2.5,
              0,
              0
            ],
            "2.0": [
              2.39108,
              -2.60436,
              2.39108
            ],
            "3.0": [
              2.5,
              0,
              0
            ],
            "4.0": [
              2.49762,
              0.10901,
              -2.49762
            ]
          }
        },
        "leftArm": {
          "rotation": {
            "0.0": [
              0,
              0,
              -2.5
            ],
            "1.0": [
              0,
              0,
              0
            ],
            "2.0": [
              0,
              0,
              -2.5
            ],
            "3.0": [
              0,
              0,
              0
            ],
            "4.0": [
              0,
              0,
              -2.5
            ]
          }
        },
        "rightArm": {
          "rotation": {
            "0.0": [
              0,
              0,
              2.5
            ],
            "1.0": [
              0,
              0,
              0
            ],
            "2.0": [
              0,
              0,
              2.5
            ],
            "3.0": [
              0,
              0,
              0
            ],
            "4.0": [
              0,
              0,
              2.5
            ]
          }
        }
      }
    },
    "animation.os_granny.look_at": {
      "loop": true,
      "bones": {
        "head": {
          "rotation": [
            "query.target_x_rotation - this",
            "query.target_y_rotation - this",
            0
          ]
        },
        "bone": {
          "rotation": [
            "math.clamp(query.target_y_rotation, -25, 25)",
            "math.clamp(query.target_y_rotation, -25, 25)",
            0
          ]
        }
      }
    }
  }
}