{
  "format_version": "1.8.0",
  "animations": {
    "animation.os_spider.look_at": {
      "loop": true,
      "bones": {
        "head": {
          "rotation": [
            "query.target_x_rotation - this",
            "query.target_y_rotation - this",
            0
          ]
        }
      }
    },
    "animation.os_spider.bob": {
      "loop": true,
      "animation_length": 2,
      "bones": {
        "head": {
          "rotation": {
            "0.0": [
              5,
              0,
              0
            ],
            "1.0": [
              -5,
              0,
              0
            ],
            "2.0": [
              5,
              0,
              0
            ]
          },
          "position": [
            0,
            0,
            0
          ]
        }
      }
    },
    "animation.os_spider.walk": {
      "loop": true,
      "animation_length": 1,
      "bones": {
        "head": {
          "rotation": {
            "0.0": [
              -7.5,
              0,
              0
            ],
            "0.25": [
              -9.96271,
              0.86717,
              4.92442
            ],
            "0.5": [
              -12.48848,
              -0.54094,
              -2.44081
            ],
            "0.75": [
              2.45487,
              -0.7577,
              2.55481
            ],
            "1.0": [
              -7.5,
              0,
              0
            ]
          }
        },
        "leftLeg": {
          "rotation": {
            "0.0": [
              -5.27516,
              4.62508,
              -2.39948
            ],
            "0.25": [
              -2.62665,
              -4.11208,
              -2.06965
            ],
            "0.75": [
              -7.6856,
              32.89577,
              -1.73723
            ],
            "1.0": [
              -5.27516,
              4.62508,
              -2.39948
            ]
          }
        },
        "leftLeg2": {
          "rotation": {
            "0.0": [
              -15,
              0,
              0
            ],
            "0.25": [
              12.5,
              0,
              0
            ],
            "0.75": [
              14.17,
              0,
              0
            ],
            "1.0": [
              -15,
              0,
              0
            ]
          }
        },
        "leftLeg3": {
          "rotation": {
            "0.0": [
              -17.5,
              0,
              0
            ],
            "0.25": [
              10,
              0,
              0
            ],
            "0.75": [
              6.67,
              0,
              0
            ],
            "1.0": [
              -17.5,
              0,
              0
            ]
          }
        },
        "leftLeg4": {
          "rotation": {
            "0.0": [
              17.61443,
              -42.20173,
              -7.2534
            ],
            "0.5": [
              -24.04867,
              -11.41863,
              13.6294
            ],
            "0.75": [
              11.3667,
              -12.01874,
              -0.06617
            ],
            "1.0": [
              17.61443,
              -42.20173,
              -7.2534
            ]
          }
        },
        "leftLeg5": {
          "rotation": {
            "0.0": [
              -15,
              0,
              0
            ],
            "0.25": [
              15,
              0,
              0
            ],
            "0.75": [
              -12.5,
              0,
              0
            ],
            "1.0": [
              -15,
              0,
              0
            ]
          }
        },
        "leftLeg6": {
          "rotation": {
            "0.0": [
              0,
              0,
              0
            ],
            "0.25": [
              22.5,
              0,
              0
            ],
            "0.75": [
              0,
              0,
              0
            ],
            "1.0": [
              -12.5,
              0,
              0
            ]
          }
        },
        "righLeg": {
          "rotation": {
            "0.0": [
              -10,
              0,
              0
            ],
            "0.25": [
              2.70677,
              -29.91275,
              3.25692
            ],
            "0.6667": [
              20,
              0,
              0
            ],
            "1.0": [
              -10,
              0,
              0
            ]
          }
        },
        "righLeg2": {
          "rotation": {
            "0.0": [
              -30,
              0,
              0
            ],
            "0.25": [
              -15,
              0,
              0
            ],
            "1.0": [
              -30,
              0,
              0
            ]
          }
        },
        "righLeg3": {
          "rotation": {
            "0.0": [
              -17.5,
              0,
              0
            ],
            "0.25": [
              10,
              0,
              0
            ],
            "1.0": [
              -17.5,
              0,
              0
            ]
          }
        },
        "righLeg4": {
          "rotation": {
            "0.0": [
              0,
              0,
              0
            ],
            "0.25": [
              8.785,
              46.9663,
              5.85847
            ],
            "0.75": [
              7.38494,
              -10.52562,
              4.13333
            ],
            "1.0": [
              0,
              0,
              0
            ]
          }
        },
        "righLeg5": {
          "rotation": {
            "0.0": [
              0,
              0,
              0
            ],
            "0.75": [
              13.38175,
              -30.75802,
              -13.06048
            ],
            "1.0": [
              0,
              0,
              0
            ]
          }
        },
        "righLeg6": {
          "rotation": {
            "0.0": [
              0,
              0,
              0
            ],
            "0.25": [
              0,
              -12.12,
              0
            ],
            "0.3333": [
              0,
              -31.83,
              0
            ],
            "0.4583": [
              0,
              -17.64,
              0
            ],
            "0.5833": [
              0,
              -7.94,
              0
            ],
            "0.75": [
              0,
              -12.5,
              0
            ],
            "1.0": [
              0,
              0,
              0
            ]
          }
        }
      }
    },
    "animation.os_spider.jumpscare": {
      "loop": true,
      "animation_length": 4.16667,
      "bones": {
        "head": {
          "rotation": {
            "0.0": [
              -15,
              0,
              0
            ],
            "0.5": [
              -32.27733,
              4.02155,
              6.33586
            ],
            "0.7917": [
              -42.10382,
              -5.35355,
              -8.45862
            ],
            "1.0833": [
              -20.92696,
              -9.02933,
              -17.83413
            ],
            "1.7917": [
              -22.48595,
              3.27746,
              12.34331
            ],
            "2.375": [
              -22.66194,
              -1.53727,
              0.80305
            ],
            "2.8333": [
              -30.16194,
              -1.53727,
              0.80305
            ],
            "3.8333": [
              -15.16194,
              -1.53727,
              0.80305
            ],
            "4.0": [
              -10.16194,
              -1.53727,
              0.80305
            ]
          },
          "position": {
            "0.0": [
              0,
              0,
              0
            ],
            "3.8333": [
              0,
              3,
              -2
            ],
            "4.0": [
              0,
              3,
              -2
            ]
          },
          "scale": {
            "0.0": [
              1,
              1,
              1
            ],
            "1.3333": [
              1,
              0.9744,
              1
            ],
            "1.7917": [
              1,
              1.1,
              1
            ],
            "2.0833": [
              1,
              0.9,
              1
            ],
            "2.375": [
              1,
              1.1,
              1
            ],
            "2.8333": [
              1,
              1,
              1
            ],
            "3.2083": [
              1,
              1,
              1
            ],
            "3.5833": [
              1,
              1,
              1
            ],
            "3.8333": [
              1.5,
              1.4,
              1
            ],
            "4.0": [
              1,
              1,
              1
            ]
          }
        },
        "leftLeg": {
          "rotation": {
            "0.0": [
              -67.67554,
              -52.1361,
              -76.40103
            ],
            "0.9167": [
              -73.65378,
              -54.67824,
              -62.78429
            ]
          }
        },
        "leftLeg4": {
          "rotation": {
            "0.0": [
              -65,
              37.5,
              70
            ],
            "0.9167": [
              -51.47515,
              66.49083,
              103.39
            ]
          }
        }
      }
    }
  }
}