{
  "format_version": "1.13.0",
  "minecraft:entity": {
    "description": {
      "identifier": "taco:birth_sunflower",
      "is_spawnable": false,
      "is_summonable": true,
      "is_experimental": false
    },
    "component_groups": {
      "minecraft:plant_food": {
		  "minecraft:variant": {
          "value": 1
        },
        "minecraft:spawn_entity": {
          "min_wait_time": 1,
          "max_wait_time": 1,
          "spawn_sound": "plop",
		  "num_to_spawn": 1,
		  "single_use": true,
          "spawn_entity": "pvz:suns",
		  "spawn_event": "minecraft:entity_spawned"
        },
		"minecraft:timer": {
			"looping": false,
			"time": 1.2,
			"time_down_event": {
			"event": "minecraft:back_to_normal",
			"target": "self"
			}
		 }
      },
      "minecraft:normal": {
		  "minecraft:variant": {
          "value": 0
        },
        "minecraft:spawn_entity": {
          "min_wait_time": 20,
          "max_wait_time": 30,
          "spawn_sound": "plop",
		  "num_to_spawn": 1,
           "spawn_entity": "anim:birthsun",
		  "spawn_event": "minecraft:entity_spawned"
        }
      },
      "minecraft:snowman_sheared": {
			"minecraft:transformation": {
				"into": "anim:no",
				"delay": 0
		   }
      }      
    },

    "components": {
      "minecraft:type_family": {
        "family": [ "snowgolem", "plant", "mob" ]
      },
      "minecraft:collision_box": {
        "width": 0.2,
        "height": 0.4
      },
      "minecraft:knockback_resistance": {
        "value": 100
      },
        "minecraft:economy_trade_table": {
          "display_name": "entity.pvz:birth_sunflower.name",
          "table": "trading/plants/birth_sunflower.json",
          "new_screen": true
			},
      "minecraft:health": {
        "value": 20,
        "max": 20
      },
      "minecraft:hurt_on_condition": {
        "damage_conditions": [
          {
            "filters": { "test": "in_lava", "subject": "self", "operator": "==", "value": true },
            "cause": "lava",
            "damage_per_tick": 4
          }
        ]
      },
      "minecraft:interact": {
        "interactions": [
          {
            "cooldown": 2.5,
            "use_item": false,
            "hurt_item": 1,
            "play_sounds": "shear",
            "interact_text": "action.interact.dig",
            "on_interact": {
              "filters": {
                "all_of": [
                  { "test": "has_equipment", "subject": "other", "domain": "hand", "value": "pvz:garden_shovel"},
                  { "test": "is_family", "subject": "other", "value": "player"},
                  { "test": "has_component", "operator": "!=", "value": "minecraft:is_sheared"}
                ]
              },
              "event": "minecraft:on_sheared",
              "target": "self"
            }
          },
          {
            "cooldown": 2.5,
            "use_item": false,
            "hurt_item": 1,
            "play_sounds": "shear",
            "interact_text": "action.interact.food",
            "on_interact": {
              "filters": {
                "all_of": [
                  { "test": "has_equipment", "subject": "other", "domain": "hand", "value": "pvz:plant_food"},
                  { "test": "is_family", "subject": "other", "value": "player"},
                  { "test": "has_component", "operator": "!=", "value": "minecraft:is_sheared"}
                ]
              },
              "event": "minecraft:on_food",
              "target": "self"
            }
          }
        ]
      },
      "minecraft:loot": {
        "table": "loot_tables/block/empty.json"
      },
      "minecraft:nameable": {
      },
      "minecraft:persistent": {
      },
      "minecraft:physics": {
      },
      "minecraft:pushable": {
        "is_pushable": false,
        "is_pushable_by_piston": true
      }
    },

    "events": {
      "minecraft:entity_spawned": {
        "add": {
          "component_groups": [
            "minecraft:normal"
          ]
        }
      },
      "minecraft:on_sheared": {
		"run_command": {
		  "command": [
			"give @p pvz:birth_sunflower_seed"
		  ]
		},
        "remove": {
        },
        "add": {
          "component_groups": [
            "minecraft:snowman_sheared"
          ]
        }
      },
      "minecraft:on_food": {
        "remove": {
          "component_groups": [
            "minecraft:normal"
          ]
        },
        "add": {
          "component_groups": [
            "minecraft:plant_food"
          ]
        }
      },
      "minecraft:back_to_normal": {
        "remove": {
          "component_groups": [
            "minecraft:plant_food"
          ]
        },
        "add": {
          "component_groups": [
            "minecraft:normal"
          ]
        }
      }
    }
  }
}