{
	"format_version":"1.10.0",
	"animation_controllers":{
    "controller.animation.serp_particle":{
            "states":{
		"default":{
	"particle_effects":[{"effect":"particle"}]
				}
            }
        },
    "controller.animation.plants_eyes":{
            "states":{
                "open":{
	"animations":["open"],
        "transitions":[
{"close":"query.any_animation_finished"},
{"angry":"query.has_target && query.mark_variant == 1"},
{"shoot":"variable.attack_time > 0.0 && query.mark_variant == 2"},
{"using":"query.is_shaking && query.mark_variant == 3"}
                    ]
                },
                "close":{
	"animations":["close"],
        "transitions":[
{"open":"query.any_animation_finished"}
                    ]
                },
                "angry":{
	"animations":["angry"],
        "transitions":[{"open":"!query.has_target"}]
                },
                "shoot":{
	"animations":["angry"],
        "transitions":[{"open":"variable.attack_time == 0.0"}]
                },
                "using":{
	"animations":["angry"],
        "transitions":[{"open":"!query.is_shaking"}]
                }
            }
        },
	"controller.animation.plants_day":{
			"initial_state":"root",
			"states":{
		"root":{
	"animations":["idle"],
    "blend_transition":0.15,
    "blend_via_shortest_path":true,
    "transitions":[
{"punching":"query.has_target && query.is_on_ground && query.mark_variant == 1"},
{"jumping":"(!query.is_on_ground) && (!query.is_in_water) && (query.mark_variant == 1)"},
{"shooting":"variable.attack_time > 0.0 && query.mark_variant == 2"},
{"hiding":"query.is_avoiding_mobs && query.mark_variant == 2"},
{"using":"query.is_shaking && query.mark_variant == 3"}
					]
				},
		"punching":{
	"animations":["punch"],
    "blend_transition":0.15,
    "blend_via_shortest_path":true,
    "transitions":[
{"root":"query.has_target"}
					]
				},
		"jumping":{
	"animations":["jump"],
    "blend_transition":0.1,
    "blend_via_shortest_path":true,
    "transitions":[
{"root":"query.is_on_ground || query.is_in_water"}
					]
				},
		"shooting":{
	"animations":["shoot"],
    "blend_transition":0.05,
    "blend_via_shortest_path":true,
    "transitions":[
{"root":"query.any_animation_finished"}
					]
				},
		"hiding":{
	"animations":["hide"],
    "blend_transition":0.1,
    "blend_via_shortest_path":true,
    "transitions":[
{"root":"!query.is_avoiding_mobs"}
					]
				},
		"using":{
	"animations":["using"],
    "blend_transition":0.15,
    "blend_via_shortest_path":true,
    "transitions":[
{"root":"!query.is_shaking"}
					]
				}
			}
		},
	"controller.animation.plants_night":{
			"initial_state":"root",
			"states":{
		"root":{
	"animations":["idle"],
    "blend_transition":0.15,
    "blend_via_shortest_path":true,
    "transitions":[
{"punching":"query.has_target && query.is_on_ground && query.mark_variant == 1"},
{"jumping":"(!query.is_on_ground) && (!query.is_in_water) && (query.mark_variant == 1)"},
{"shooting":"variable.attack_time > 0.0 && query.mark_variant == 2"},
{"hiding":"query.is_avoiding_mobs && query.mark_variant == 2"},
{"using":"query.is_shaking && query.mark_variant == 3"},
{"sleeping":"!(query.has_target) && (query.time_of_day >0.25) && (query.time_of_day <0.75)"}
					]
				},
		"punching":{
	"animations":["punch"],
    "blend_transition":0.15,
    "blend_via_shortest_path":true,
    "transitions":[
{"root":"query.has_target"}
					]
				},
		"jumping":{
	"animations":["jump"],
    "blend_transition":0.1,
    "blend_via_shortest_path":true,
    "transitions":[
{"root":"query.is_on_ground || query.is_in_water"}
					]
				},
		"shooting":{
	"animations":["shoot"],
    "blend_transition":0.05,
    "blend_via_shortest_path":true,
    "transitions":[
{"root":"query.any_animation_finished"}
					]
				},
		"hiding":{
	"animations":["hide"],
    "blend_transition":0.1,
    "blend_via_shortest_path":true,
    "transitions":[
{"root":"!query.is_avoiding_mobs"}
					]
				},
		"using":{
	"animations":["using"],
    "blend_transition":0.15,
    "blend_via_shortest_path":true,
    "transitions":[
{"root":"!query.is_shaking"}
					]
				},
		"sleeping":{
	"animations":["sleeping"],
	"particle_effects":[{"effect":"zzz"}],
    "blend_transition":0.15,
    "blend_via_shortest_path":true,
    "transitions":[
{"root":"query.has_target || query.time_of_day <0.25 || query.time_of_day >0.75"}
					]
				}
			}
		}
	}
}