{
	"format_version": "1.10.0",
	"animation_controllers": {
	"controller.animation.zombies_root": {
			"initial_state": "root",
			"states": {
		"root": {
    "blend_transition": 0.2,
    "blend_via_shortest_path": true,
    "transitions": [
{"equiped": "query.is_saddled"},
{"unnequiped": "!query.is_saddled"}
			]
		},
			"equiped": {
        "animations": ["controller2"],
          "blend_transition": 0.15,
          "blend_via_shortest_path": true,
        "transitions": [
{"unnequiped": "!query.is_saddled"}
					]
				},
		"unnequiped": {
	"animations": ["controller1"],
    "blend_transition": 0.15,
    "blend_via_shortest_path": true,
    "transitions": [
{"equiped": "query.is_saddled"}
		  ]
		}
	  }
	},
	"controller.animation.zombies": {
			"initial_state": "root",
			"states": {
		"root": {
	"animations": [{"idle":"!query.is_saddled"},{"idle2":"query.is_saddled"}],
    "blend_transition": 0.2,
    "blend_via_shortest_path": true,
    "transitions": [
{"attacking": "variable.attack_time > 0.0"},
{"walking": "(query.is_moving) || (query.is_in_water) || (!query.is_on_ground)"}
			]
		},
			"walking": {
        "animations": [{"walk":"!query.is_saddled"},{"walk2":"query.is_saddled"}],
          "blend_transition": 0.15,
          "blend_via_shortest_path": true,
        "transitions": [
{"root": "(!query.is_moving) && query.is_on_ground && query.ground_speed <= 0.10"},
{"attacking": "variable.attack_time > 0.0"}
					]
				},
		"attacking": {
	"animations": [{"punch":"!query.is_saddled"},{"punch2":"query.is_saddled"}],
    "blend_transition": 0.2,
    "blend_via_shortest_path": true,
    "transitions": [
{"root": "variable.attack_time==0"}
		  ]
		}
	  }
	}
  }
}