{
  "resource_pack_name": "vanilla",
  "texture_name": "atlas.items",
  "texture_data": {
    "egg_camel": {
      "textures": "textures/items/egg_camel"
    },
    "egg_lion": {
      "textures": "textures/items/egg_lion"
    },
    "egg_penguin": {
      "textures": "textures/items/egg_penguin"
    },
    "egg_tiger": {
      "textures": "textures/items/egg_tiger"
    },
    "egg_elephant": {
      "textures": "textures/items/egg_elephant"
    },
    "egg_deer": {
      "textures": "textures/items/egg_deer"
    },
    "egg_panther": {
      "textures": "textures/items/egg_panther"
    },
    "egg_frog": {
      "textures": "textures/items/egg_frog"
    },
    "egg_crocodile": {
      "textures": "textures/items/egg_crocodile"
    },
    "egg_mouse": {
      "textures": "textures/items/egg_mouse"
    },
    "gallardo": {
      "textures": "textures/items/gallardo"
    },
    "bench": {
      "textures": "textures/items/bench"
    },
    "christmas_tree": {
      "textures": "textures/items/christmas_tree"
    },
    "tivi": {
      "textures": "textures/items/tivi"
    },
    "closet": {
      "textures": "textures/items/closet"
    },
    "laptop": {
      "textures": "textures/items/laptop"
    },
    "piano": {
      "textures": "textures/items/piano"
    },
    "armchairs": {
      "textures": "textures/items/armchairs"
    },
    "chair": {
      "textures": "textures/items/chair"
    },
    "big_table": {
      "textures": "textures/items/big_table"
    },
    "small_table": {
      "textures": "textures/items/small_table"
    },
    "drone": {
      "textures": "textures/items/drone"
    },
    "colorful_gifts": {
      "textures": "textures/items/colorful_gifts"
    },
    "telur:zooble": {
      "textures": "textures/items/pamobile/telur_zooble"
    },
    "telur:kinger": {
      "textures": "textures/items/pamobile/telur_kinger"
    },
    "telur:pomni": {
      "textures": "textures/items/pamobile/telur_pomni"
    },
    "telur:jax": {
      "textures": "textures/items/pamobile/telur_jax"
    },
    "telur:caine": {
      "textures": "textures/items/pamobile/telur_caine"
    },
    "telur:gangel": {
      "textures": "textures/items/pamobile/telur_gangel"
    },
    "telur:ragatha": {
      "textures": "textures/items/pamobile/telur_ragatha"
    },
    "telur:tepung": {
      "textures": "textures/items/pamobile/telur_tepung"
    },
    "telur:pomtra": {
      "textures": "textures/items/pamobile/telur_pomtra"
    },
    "telur:ragatra": {
      "textures": "textures/items/pamobile/telur_ragatra"
    },
    "telur:bubble": {
      "textures": "textures/items/pamobile/telur_bubble"
    },
    "telur:kaude": {
      "textures": "textures/items/pamobile/telur_kaude"
    },
    "telur:kintra": {
      "textures": "textures/items/pamobile/telur_kintra"
    },
    "telur:kaufmo": {
      "textures": "textures/items/pamobile/telur_kaufmo"
    },
    "telur:jatra": {
      "textures": "textures/items/pamobile/telur_jatra"
    },
    "telur:cancul": {
      "textures": "textures/items/pamobile/telur_cancul"
    },
    "telur:gantra": {
      "textures": "textures/items/pamobile/telur_gantra"
    },
    "telur:zotra": {
      "textures": "textures/items/pamobile/telur_zotra"
    }
  }
}