{
   "granny.attack": {
      "category": "hostile",
      "max_distance": 80,
      "sounds": [
         "sounds/jumpscare"
      ]
   },
   "grandpa.shoot": {
      "category": "hostile",
      "max_distance": 80,
      "sounds": [
         "sounds/g_shoot"
      ]
   },
   "slendrina.attack": {
      "category": "hostile",
      "max_distance": 80,
      "sounds": [
         "sounds/s_jumpscare"
      ]
   },
   "zm_gun_shot": {
      "category": "neutral",
      "sounds": [
         "sounds/zm_gun_shot"
      ]
   }
}