{
  "format_version": "1.8.0",
  "animations": {
    "animation.f_boris.attack": {
      "loop": true,
      "bones": {
        "arm0": {
          "rotation": [
            "-114 + ((1.5 * math.abs(math.mod(variable.attack_animation_tick - query.frame_alpha, 10) - 5) - 2.5) / 5) * 57.3",
            0,
            0
          ]
        },
        "arm1": {
          "rotation": [
            "-114 + ((1.5 * math.abs(math.mod(variable.attack_animation_tick - query.frame_alpha, 10) - 5) - 2.5) / 5) * 57.3",
            0,
            0
          ]
        }
      }
    },
    "animation.f_boris.flower": {
      "loop": true,
      "bones": {
        "arm0": {
          "rotation": [
            "-45.8 + ((0.25 * math.abs(math.mod(variable.offer_flower_tick, 70) - 35) - 17.5) / 35)",
            0,
            0
          ]
        }
      }
    },
    "animation.iron_golem.move": {
      "loop": true,
      "bones": {
        "arm0": {
          "rotation": [
            "-variable.modified_tcos0 * 2.0",
            0,
            0
          ]
        },
        "arm1": {
          "rotation": [
            "variable.modified_tcos0 * 2.0",
            0,
            0
          ]
        }
      }
    },
    "animation.f_boris.move_to_target": {
      "loop": true,
      "bones": {
        "arm0": {
          "rotation": [
            "((math.abs(math.mod(query.modified_distance_moved, 13) - 6.5) - 3.25) / 2.25) * 30.0",
            0,
            0
          ]
        },
        "arm1": {
          "rotation": [
            "((math.abs(math.mod(query.modified_distance_moved, 13) - 6.5) - 3.25) / 2.25) * -30.0",
            0,
            0
          ]
        }
      }
    },
    "animation.iron_golem.walk": {
      "loop": true,
      "bones": {
        "body": {
          "rotation": [
            0,
            0,
            "variable.modified_tcos0 / 1.5"
          ]
        },
        "head": {
          "rotation": [
            0,
            0,
            "variable.modified_tcos0 / 1.5"
          ]
        },
        "leg0": {
          "rotation": [
            "variable.modified_tcos0 * 6.0",
            0,
            0
          ]
        },
        "leg1": {
          "rotation": [
            "-variable.modified_tcos0 * 6.0",
            0,
            0
          ]
        }
      }
    },
    "animation.iron_golem.walk_to_target": {
      "loop": true,
      "bones": {
        "body": {
          "rotation": [
            0,
            0,
            "2.0 * (math.abs(math.mod(query.modified_distance_moved + 6, 13.0) - 6.5) - 3.25)"
          ]
        },
        "head": {
          "rotation": [
            0,
            0,
            "2.0 * (math.abs(math.mod(query.modified_distance_moved + 6, 13.0) - 6.5) - 3.25)"
          ]
        },
        "leg0": {
          "rotation": [
            "(math.cos(query.modified_distance_moved * 38.17) * 40.0)",
            0,
            0
          ]
        },
        "leg1": {
          "rotation": [
            "(math.cos(query.modified_distance_moved * 38.17 + 180) * 40.0)",
            0,
            0
          ]
        }
      }
    },
    "animation.f_boris.general": {
      "loop": true,
      "animation_length": 1,
      "bones": {
        "body": {
          "position": {
            "0.0": [
              0,
              0,
              0
            ],
            "0.5": [
              0,
              1,
              0
            ],
            "1.0": [
              0,
              0,
              0
            ]
          }
        },
        "bodyArmor": {
          "rotation": {
            "0.0": [
              0,
              0,
              -2.5
            ],
            "0.25": [
              0,
              0,
              5
            ],
            "0.5": [
              0,
              0,
              7.5
            ],
            "0.75": [
              0,
              0,
              5
            ],
            "1.0": [
              0,
              0,
              -2.5
            ]
          }
        },
        "rightArm": {
          "rotation": {
            "0.0": [
              0,
              0,
              0
            ],
            "0.5": [
              0,
              0,
              -2.5
            ],
            "1.0": [
              0,
              0,
              0
            ]
          }
        },
        "rightArmArmor": {
          "rotation": {
            "0.0": [
              0,
              0,
              -7.5
            ],
            "0.5": [
              0,
              0,
              2.5
            ],
            "1.0": [
              0,
              0,
              -7.5
            ]
          }
        },
        "bone14": {
          "rotation": {
            "0.0": [
              0,
              0,
              5
            ],
            "0.5": [
              0,
              0,
              -5
            ],
            "1.0": [
              0,
              0,
              5
            ]
          }
        },
        "leftArm": {
          "rotation": {
            "0.0": [
              0,
              0,
              -5
            ],
            "0.5": [
              0,
              0,
              -2.5
            ],
            "1.0": [
              0,
              0,
              -5
            ]
          }
        },
        "leftArmArmor": {
          "rotation": {
            "0.0": [
              0,
              0,
              2.5
            ],
            "0.5": [
              0,
              0,
              -2.5
            ],
            "1.0": [
              0,
              0,
              2.5
            ]
          }
        },
        "hat": {
          "rotation": {
            "0.0": [
              12.5,
              0,
              0
            ],
            "0.5": [
              10,
              0,
              0
            ],
            "1.0": [
              12.5,
              0,
              0
            ]
          }
        }
      }
    },
    "animation.f_boris.walk_1": {
      "loop": true,
      "animation_length": 1,
      "bones": {
        "body": {
          "rotation": {
            "0.0": [
              -0.43688,
              4.98093,
              -5.019
            ],
            "0.25": [
              0,
              5,
              0
            ],
            "0.5": [
              -0.97983,
              -4.93584,
              7.52087
            ],
            "0.75": [
              0,
              -5,
              0
            ],
            "1.0": [
              -0.43688,
              4.98093,
              -5.019
            ]
          }
        },
        "bodyArmor": {
          "rotation": {
            "0.0": [
              0,
              0,
              -7.5
            ],
            "0.25": [
              0,
              0,
              -2.5
            ],
            "0.5": [
              0,
              0,
              7.5
            ],
            "0.75": [
              0,
              0,
              20
            ],
            "1.0": [
              0,
              0,
              -7.5
            ]
          },
          "position": {
            "0.0": [
              0,
              0,
              0
            ],
            "0.5": [
              0,
              1,
              0
            ],
            "0.75": [
              1,
              2,
              0
            ],
            "1.0": [
              0,
              0,
              0
            ]
          }
        },
        "rightArm": {
          "rotation": {
            "0.0": [
              -22.32648,
              2.86313,
              6.93488
            ],
            "0.25": [
              -9.97178,
              0.65182,
              4.95744
            ],
            "0.5": [
              20,
              0,
              0
            ],
            "0.75": [
              20,
              0,
              0
            ],
            "1.0": [
              -22.32648,
              2.86313,
              6.93488
            ]
          }
        },
        "rightArmArmor": {
          "rotation": {
            "0.0": [
              -25,
              0,
              0
            ],
            "0.25": [
              -12.5,
              0,
              0
            ],
            "0.5": [
              12.5,
              0,
              0
            ],
            "0.75": [
              0,
              0,
              0
            ],
            "1.0": [
              -25,
              0,
              0
            ]
          }
        },
        "bone14": {
          "rotation": {
            "0.0": [
              0,
              0,
              0
            ],
            "0.25": [
              20,
              0,
              0
            ],
            "0.5": [
              -35,
              0,
              0
            ],
            "0.75": [
              15,
              0,
              0
            ],
            "1.0": [
              0,
              0,
              0
            ]
          }
        },
        "leftArm": {
          "rotation": {
            "0.0": [
              15,
              0,
              0
            ],
            "0.25": [
              5.14576,
              1.70957,
              -0.13302
            ],
            "0.5": [
              -27.35424,
              1.70957,
              -0.13302
            ],
            "0.75": [
              -37.35424,
              1.70957,
              -0.13302
            ],
            "1.0": [
              15,
              0,
              0
            ]
          }
        },
        "leftArmArmor": {
          "rotation": {
            "0.0": [
              12.5,
              0,
              0
            ],
            "0.25": [
              -7.5,
              0,
              0
            ],
            "0.5": [
              -30,
              0,
              0
            ],
            "0.75": [
              17.5,
              0,
              0
            ],
            "1.0": [
              12.5,
              0,
              0
            ]
          }
        },
        "hat": {
          "rotation": {
            "0.0": [
              0,
              0,
              10
            ],
            "0.25": [
              0,
              0,
              5
            ],
            "0.5417": [
              0,
              2.5,
              -12.5
            ],
            "0.75": [
              0.64743,
              2.41476,
              2.51365
            ],
            "1.0": [
              0.95645,
              -0.19006,
              9.97754
            ]
          }
        }
      }
    },
    "animation.f_boris.jumpscare": {
      "loop": "hold_on_last_frame",
      "animation_length": 1,
      "bones": {
        "body": {
          "rotation": {
            "0.0": [
              0,
              0,
              -2.5
            ],
            "0.2917": [
              0,
              0,
              7.5
            ],
            "0.5": [
              0,
              12.5,
              15
            ]
          },
          "position": {
            "0.0": [
              0,
              0,
              8
            ],
            "1.0": [
              0,
              0,
              8
            ]
          }
        },
        "bodyArmor": {
          "rotation": {
            "0.0": [
              0,
              0,
              0
            ],
            "0.2083": [
              0,
              0,
              12.5
            ],
            "0.4167": [
              0,
              0,
              15
            ],
            "0.625": [
              0,
              0,
              -12.5
            ],
            "0.75": [
              0,
              0,
              -2.5
            ]
          }
        },
        "rightArm": {
          "rotation": {
            "0.0": [
              0,
              0,
              -2.5
            ],
            "0.25": [
              0,
              0,
              -7.5
            ],
            "0.4583": [
              -2.5,
              0,
              -15
            ]
          }
        },
        "leftArm": {
          "rotation": {
            "0.0": [
              -18.88852,
              -47.36461,
              -84.6478
            ],
            "0.2083": [
              -0.41377,
              -32.15907,
              -110.83929
            ],
            "0.4583": [
              -87.91184,
              28.9543,
              7.91807
            ]
          }
        },
        "leftArmArmor": {
          "rotation": {
            "0.0": [
              0,
              0,
              -55
            ],
            "0.25": [
              0,
              0,
              -97.95
            ],
            "0.4583": [
              0,
              0,
              45
            ]
          }
        },
        "bone13": {
          "rotation": {
            "0.0": [
              -40,
              0,
              0
            ],
            "0.2083": [
              33.76373,
              -9.2006,
              28.44798
            ],
            "0.4167": [
              35.1087,
              -34.76554,
              100.42884
            ]
          }
        },
        "hat": {
          "rotation": {
            "0.0": [
              -20,
              -10,
              0
            ],
            "0.2083": [
              -32.5,
              -10,
              0
            ],
            "0.5": [
              23.56562,
              17.45983,
              1.70445
            ],
            "0.7917": [
              17.42261,
              -0.98041,
              -6.15591
            ]
          }
        }
      }
    }
  }
}