{
  "format_version": "1.8.0",
  "animations": {
    "animation.f_rod.attack": {
      "loop": true,
      "bones": {
        "arm0": {
          "rotation": [
            "-114 + ((1.5 * math.abs(math.mod(variable.attack_animation_tick - query.frame_alpha, 10) - 5) - 2.5) / 5) * 57.3",
            0,
            0
          ]
        },
        "arm1": {
          "rotation": [
            "-114 + ((1.5 * math.abs(math.mod(variable.attack_animation_tick - query.frame_alpha, 10) - 5) - 2.5) / 5) * 57.3",
            0,
            0
          ]
        }
      }
    },
    "animation.f_rod.flower": {
      "loop": true,
      "bones": {
        "arm0": {
          "rotation": [
            "-45.8 + ((0.25 * math.abs(math.mod(variable.offer_flower_tick, 70) - 35) - 17.5) / 35)",
            0,
            0
          ]
        }
      }
    },
    "animation.iron_golem.move": {
      "loop": true,
      "bones": {
        "arm0": {
          "rotation": [
            "-variable.modified_tcos0 * 2.0",
            0,
            0
          ]
        },
        "arm1": {
          "rotation": [
            "variable.modified_tcos0 * 2.0",
            0,
            0
          ]
        }
      }
    },
    "animation.f_rod.move_to_target": {
      "loop": true,
      "bones": {
        "arm0": {
          "rotation": [
            "((math.abs(math.mod(query.modified_distance_moved, 13) - 6.5) - 3.25) / 2.25) * 30.0",
            0,
            0
          ]
        },
        "arm1": {
          "rotation": [
            "((math.abs(math.mod(query.modified_distance_moved, 13) - 6.5) - 3.25) / 2.25) * -30.0",
            0,
            0
          ]
        }
      }
    },
    "animation.iron_golem.walk": {
      "loop": true,
      "bones": {
        "body": {
          "rotation": [
            0,
            0,
            "variable.modified_tcos0 / 1.5"
          ]
        },
        "head": {
          "rotation": [
            0,
            0,
            "variable.modified_tcos0 / 1.5"
          ]
        },
        "leg0": {
          "rotation": [
            "variable.modified_tcos0 * 6.0",
            0,
            0
          ]
        },
        "leg1": {
          "rotation": [
            "-variable.modified_tcos0 * 6.0",
            0,
            0
          ]
        }
      }
    },
    "animation.iron_golem.walk_to_target": {
      "loop": true,
      "bones": {
        "body": {
          "rotation": [
            0,
            0,
            "2.0 * (math.abs(math.mod(query.modified_distance_moved + 6, 13.0) - 6.5) - 3.25)"
          ]
        },
        "head": {
          "rotation": [
            0,
            0,
            "2.0 * (math.abs(math.mod(query.modified_distance_moved + 6, 13.0) - 6.5) - 3.25)"
          ]
        },
        "leg0": {
          "rotation": [
            "(math.cos(query.modified_distance_moved * 38.17) * 40.0)",
            0,
            0
          ]
        },
        "leg1": {
          "rotation": [
            "(math.cos(query.modified_distance_moved * 38.17 + 180) * 40.0)",
            0,
            0
          ]
        }
      }
    },
    "animation.f_rod.move_1": {
      "loop": true,
      "animation_length": 2,
      "bones": {
        "body": {
          "rotation": {
            "0.0": [
              5,
              0,
              0
            ],
            "1.0": [
              0,
              0,
              0
            ],
            "2.0": [
              5,
              0,
              0
            ]
          }
        },
        "rightArm": {
          "rotation": {
            "0.0": [
              0,
              0,
              7.5
            ],
            "1.0": [
              0,
              0,
              0
            ],
            "2.0": [
              0,
              0,
              7.5
            ]
          }
        },
        "rightArmArmor": {
          "rotation": {
            "0.0": [
              0,
              0,
              -10
            ],
            "1.0": [
              0,
              0,
              5
            ],
            "2.0": [
              0,
              0,
              -10
            ]
          }
        },
        "leftArm": {
          "rotation": {
            "0.0": [
              0,
              0,
              -7.5
            ],
            "1.0": [
              0,
              0,
              0
            ],
            "2.0": [
              0,
              0,
              -7.5
            ]
          }
        },
        "leftArmArmor": {
          "rotation": {
            "0.0": [
              0,
              0,
              10
            ],
            "1.0": [
              0,
              0,
              -5
            ],
            "2.0": [
              0,
              0,
              10
            ]
          }
        },
        "bone8": {
          "rotation": {
            "0.0": [
              -11.68043,
              0.61453,
              -9.47045
            ],
            "1.0": [
              -2.222,
              3.16266,
              3.0645
            ],
            "1.5417": [
              -7.6584,
              1.8645,
              -6.86067
            ],
            "2.0": [
              -11.68043,
              0.61453,
              -9.47045
            ]
          }
        },
        "rightLeg": {
          "rotation": [
            0,
            0,
            5
          ]
        },
        "rightLegging": {
          "rotation": [
            0,
            0,
            0
          ]
        },
        "rightBoot": {
          "rotation": [
            0,
            0,
            -7.5
          ]
        },
        "leftLeg": {
          "rotation": [
            0,
            0,
            -7.5
          ]
        },
        "leftBoot": {
          "rotation": [
            0,
            0,
            5
          ]
        }
      }
    },
    "animation.f_rod.jumpscare": {
      "loop": "hold_on_last_frame",
      "animation_length": 1.5,
      "bones": {
        "body": {
          "position": [
            0,
            0,
            9
          ]
        },
        "rightArm": {
          "rotation": {
            "0.0": [
              -144.52468,
              19.82169,
              2.71994
            ],
            "0.3333": [
              -82.02468,
              19.82169,
              2.71994
            ]
          },
          "position": {
            "0.0": [
              0,
              3,
              0
            ],
            "0.3333": [
              0,
              -3,
              0
            ],
            "0.5": [
              0,
              -1,
              0
            ]
          }
        },
        "rightArmArmor": {
          "rotation": [
            0,
            0,
            -32.5
          ]
        },
        "leftArm": {
          "rotation": {
            "0.0": [
              -112.97985,
              -46.04179,
              -22.17599
            ],
            "0.2917": [
              -60.47985,
              -46.04179,
              -22.17599
            ],
            "1.0833": [
              -60.47985,
              -46.04179,
              -22.17599
            ],
            "1.375": [
              22.02015,
              -46.04179,
              -22.17599
            ]
          },
          "position": {
            "0.0": [
              0,
              2,
              0
            ],
            "0.2917": [
              0,
              -3,
              0
            ],
            "0.4583": [
              0,
              -1,
              0
            ]
          }
        },
        "leftArmArmor": {
          "rotation": [
            0,
            0,
            52.5
          ]
        },
        "rightLeg": {
          "position": [
            0,
            0,
            9
          ]
        },
        "leftLeg": {
          "position": [
            0,
            0,
            9
          ]
        },
        "Ice": {
          "position": {
            "0.0": [
              0,
              3,
              13
            ],
            "0.7083": [
              3,
              1,
              7.26
            ],
            "1.2917": [
              0,
              3,
              8
            ]
          },
          "scale": {
            "0.0": [
              1,
              1.5,
              1
            ],
            "0.7083": [
              2,
              1.5,
              1
            ],
            "1.2917": [
              3.6,
              3.9,
              2.5
            ]
          }
        }
      },
      "particle_effects": {
        "0.375": {
          "effect": "ice",
          "locator": "ice"
        }
      }
    },
    "animation.f_rod.walk_2": {
      "loop": true,
      "animation_length": 1,
      "bones": {
        "body": {
          "rotation": {
            "0.0": [
              0,
              5,
              -5
            ],
            "0.5": [
              0.88075,
              -10.07442,
              4.80863
            ],
            "1.0": [
              0,
              5,
              -5
            ]
          }
        },
        "rightArmArmor": {
          "rotation": {
            "0.0": [
              22.5,
              0,
              0
            ],
            "0.5": [
              -35,
              0,
              0
            ],
            "1.0": [
              22.5,
              0,
              0
            ]
          }
        },
        "leftArmArmor": {
          "rotation": {
            "0.0": [
              -17.5,
              0,
              0
            ],
            "0.5": [
              25,
              0,
              0
            ],
            "1.0": [
              -17.5,
              0,
              0
            ]
          }
        },
        "head2": {
          "rotation": {
            "0.0": [
              0,
              0,
              15
            ],
            "0.5": [
              0,
              0,
              -10
            ],
            "1.0": [
              0,
              0,
              15
            ]
          }
        },
        "bone8": {
          "rotation": {
            "0.0": [
              -49.01916,
              -11.43563,
              -9.77243
            ],
            "0.25": [
              -19.01916,
              -11.43563,
              -9.77243
            ],
            "0.5": [
              -22.02585,
              -1.62602,
              16.1222
            ],
            "0.75": [
              -19.47902,
              -10.61132,
              -7.36784
            ],
            "1.0": [
              -49.01916,
              -11.43563,
              -9.77243
            ]
          }
        },
        "leftLegging": {
          "rotation": {
            "0.0": [
              -15,
              0,
              0
            ],
            "0.25": [
              7.5,
              0,
              0
            ],
            "0.5": [
              27.5,
              0,
              0
            ],
            "0.75": [
              15.93648,
              -0.75246,
              -2.43541
            ],
            "1.0": [
              -15,
              0,
              0
            ]
          },
          "position": {
            "0.0": [
              0,
              2,
              -2
            ],
            "0.25": [
              0,
              0,
              -4
            ],
            "0.5": [
              0,
              0,
              2
            ],
            "0.75": [
              0,
              2,
              2
            ],
            "1.0": [
              0,
              2,
              -2
            ]
          }
        },
        "rightLegging": {
          "rotation": {
            "0.0": [
              30,
              0,
              0
            ],
            "0.25": [
              15,
              0,
              0
            ],
            "0.5": [
              -20,
              0,
              0
            ],
            "0.75": [
              -10,
              0,
              0
            ],
            "1.0": [
              30,
              0,
              0
            ]
          },
          "position": {
            "0.0": [
              0,
              0,
              0
            ],
            "0.25": [
              0,
              2,
              0
            ],
            "0.5": [
              0,
              2,
              -2
            ],
            "0.75": [
              0,
              -1,
              -2
            ],
            "1.0": [
              0,
              0,
              0
            ]
          }
        }
      }
    }
  }
}