{
  "format_version": "1.8.0",
  "animations": {
    "animation.fb_madeline.attack": {
      "loop": true,
      "bones": {
        "arm0": {
          "rotation": [
            "-114 + ((1.5 * math.abs(math.mod(variable.attack_animation_tick - query.frame_alpha, 10) - 5) - 2.5) / 5) * 57.3",
            0,
            0
          ]
        },
        "arm1": {
          "rotation": [
            "-114 + ((1.5 * math.abs(math.mod(variable.attack_animation_tick - query.frame_alpha, 10) - 5) - 2.5) / 5) * 57.3",
            0,
            0
          ]
        }
      }
    },
    "animation.fb_madeline.flower": {
      "loop": true,
      "bones": {
        "arm0": {
          "rotation": [
            "-45.8 + ((0.25 * math.abs(math.mod(variable.offer_flower_tick, 70) - 35) - 17.5) / 35)",
            0,
            0
          ]
        }
      }
    },
    "animation.iron_golem.move": {
      "loop": true,
      "bones": {
        "arm0": {
          "rotation": [
            "-variable.modified_tcos0 * 2.0",
            0,
            0
          ]
        },
        "arm1": {
          "rotation": [
            "variable.modified_tcos0 * 2.0",
            0,
            0
          ]
        }
      }
    },
    "animation.iron_golem.move_to_target": {
      "loop": true,
      "bones": {
        "arm0": {
          "rotation": [
            "((math.abs(math.mod(query.modified_distance_moved, 13) - 6.5) - 3.25) / 2.25) * 30.0",
            0,
            0
          ]
        },
        "arm1": {
          "rotation": [
            "((math.abs(math.mod(query.modified_distance_moved, 13) - 6.5) - 3.25) / 2.25) * -30.0",
            0,
            0
          ]
        }
      }
    },
    "animation.iron_golem.walk": {
      "loop": true,
      "bones": {
        "body": {
          "rotation": [
            0,
            0,
            "variable.modified_tcos0 / 1.5"
          ]
        },
        "head": {
          "rotation": [
            0,
            0,
            "variable.modified_tcos0 / 1.5"
          ]
        },
        "leg0": {
          "rotation": [
            "variable.modified_tcos0 * 6.0",
            0,
            0
          ]
        },
        "leg1": {
          "rotation": [
            "-variable.modified_tcos0 * 6.0",
            0,
            0
          ]
        }
      }
    },
    "animation.iron_golem.walk_to_target": {
      "loop": true,
      "bones": {
        "body": {
          "rotation": [
            0,
            0,
            "2.0 * (math.abs(math.mod(query.modified_distance_moved + 6, 13.0) - 6.5) - 3.25)"
          ]
        },
        "head": {
          "rotation": [
            0,
            0,
            "2.0 * (math.abs(math.mod(query.modified_distance_moved + 6, 13.0) - 6.5) - 3.25)"
          ]
        },
        "leg0": {
          "rotation": [
            "(math.cos(query.modified_distance_moved * 38.17) * 40.0)",
            0,
            0
          ]
        },
        "leg1": {
          "rotation": [
            "(math.cos(query.modified_distance_moved * 38.17 + 180) * 40.0)",
            0,
            0
          ]
        }
      }
    },
    "animation.fb_madeline.walk_1": {
      "loop": true,
      "animation_length": 1,
      "bones": {
        "Kbody": {
          "rotation": {
            "0.0": [
              0,
              -10,
              0
            ],
            "0.5": [
              0,
              10,
              0
            ],
            "1.0": [
              0,
              -10,
              0
            ]
          },
          "position": {
            "0.0": [
              1,
              -1,
              0
            ],
            "0.25": [
              0,
              0,
              0
            ],
            "0.5": [
              -1,
              -1,
              0
            ],
            "0.75": [
              0,
              0,
              0
            ],
            "1.0": [
              1,
              -1,
              0
            ]
          }
        },
        "RightArmUp": {
          "rotation": {
            "0.0": [
              -17.5,
              0,
              0
            ],
            "0.5": [
              17.5,
              0,
              0
            ],
            "1.0": [
              -17.5,
              0,
              0
            ]
          },
          "position": {
            "0.0": [
              0,
              -1,
              0
            ],
            "0.5": [
              0,
              0,
              0
            ],
            "1.0": [
              0,
              -1,
              0
            ]
          }
        },
        "RightArmDown": {
          "rotation": {
            "0.0": [
              12.5,
              0,
              0
            ],
            "0.5": [
              25,
              0,
              0
            ],
            "1.0": [
              12.5,
              0,
              0
            ]
          },
          "position": {
            "0.0": [
              0,
              0,
              1
            ],
            "0.5": [
              0,
              1,
              -1
            ],
            "1.0": [
              0,
              0,
              1
            ]
          }
        },
        "LeftArmUp": {
          "rotation": {
            "0.0": [
              17.5,
              0,
              0
            ],
            "0.5": [
              -17.5,
              0,
              0
            ],
            "1.0": [
              17.5,
              0,
              0
            ]
          },
          "position": {
            "0.0": [
              0,
              0,
              0
            ],
            "0.5": [
              0,
              -1,
              0
            ],
            "1.0": [
              0,
              0,
              0
            ]
          }
        },
        "LeftArmDown": {
          "rotation": {
            "0.0": [
              2.42313,
              28.89439,
              -29.83104
            ],
            "0.5": [
              -2.26603,
              1.05627,
              24.97911
            ],
            "1.0": [
              2.42313,
              28.89439,
              -29.83104
            ]
          },
          "position": {
            "0.0": [
              0,
              1,
              -1
            ],
            "0.5": [
              0,
              0,
              1
            ],
            "1.0": [
              0,
              1,
              -1
            ]
          }
        },
        "RightLegUp": {
          "rotation": {
            "0.0": [
              -17.5,
              0,
              0
            ],
            "0.5": [
              17.5,
              0,
              0
            ],
            "1.0": [
              -17.5,
              0,
              0
            ]
          },
          "position": {
            "0.0": [
              1,
              -1,
              0
            ],
            "0.25": [
              0,
              0,
              0
            ],
            "0.5": [
              -1,
              0,
              0
            ],
            "0.75": [
              0,
              0,
              0
            ],
            "1.0": [
              1,
              -1,
              0
            ]
          }
        },
        "RightLegDown": {
          "rotation": {
            "0.0": [
              20,
              0,
              0
            ],
            "0.0833": [
              5,
              0,
              0
            ],
            "0.5": [
              5,
              0,
              0
            ],
            "0.9167": [
              5,
              0,
              0
            ],
            "1.0": [
              20,
              0,
              0
            ]
          }
        },
        "LeftLegUp": {
          "rotation": {
            "0.0": [
              17.5,
              0,
              0
            ],
            "0.5": [
              -17.5,
              0,
              0
            ],
            "1.0": [
              17.5,
              0,
              0
            ]
          },
          "position": {
            "0.0": [
              1,
              -1,
              0
            ],
            "0.25": [
              0,
              0,
              0
            ],
            "0.5": [
              -1,
              -1,
              0
            ],
            "0.75": [
              0,
              0,
              0
            ],
            "1.0": [
              1,
              -1,
              0
            ]
          }
        },
        "LeftLegDown": {
          "rotation": {
            "0.0": [
              5,
              0,
              0
            ],
            "0.4167": [
              5,
              0,
              0
            ],
            "0.5": [
              20,
              0,
              0
            ],
            "0.5833": [
              5,
              0,
              0
            ],
            "1.0": [
              5,
              0,
              0
            ]
          }
        },
        "head": {
          "rotation": {
            "0.0": [
              10.49456,
              13.73202,
              -4.46253
            ],
            "0.5": [
              9.59632,
              -9.06845,
              1.95552
            ],
            "1.0": [
              10.49456,
              13.73202,
              -4.46253
            ]
          }
        }
      }
    },
    "animation.fb_madeline.idle_2": {
      "loop": true,
      "animation_length": 1,
      "bones": {
        "head": {
          "rotation": {
            "0.0": [
              2.5,
              0,
              0
            ],
            "0.5": [
              0,
              0,
              0
            ],
            "1.0": [
              2.5,
              0,
              0
            ]
          },
          "position": {
            "0.0": [
              0,
              0,
              0
            ],
            "0.5": [
              0,
              0,
              0
            ],
            "1.0": [
              0,
              0,
              0
            ]
          }
        },
        "RightArmUp": {
          "rotation": {
            "0.0": [
              0,
              0,
              2.5
            ],
            "0.5": [
              0,
              0,
              0
            ],
            "1.0": [
              0,
              0,
              2.5
            ]
          }
        },
        "LeftArmUp": {
          "rotation": {
            "0.0": [
              0,
              0,
              -2.5
            ],
            "0.5": [
              0,
              0,
              0
            ],
            "1.0": [
              0,
              0,
              -2.5
            ]
          }
        }
      }
    },
    "animation.fb_madeline.jumpscare": {
      "loop": "hold_on_last_frame",
      "animation_length": 0.75,
      "bones": {
        "root0": {
          "rotation": {
            "0.0": [
              0,
              0,
              0
            ],
            "0.125": [
              2.5,
              0,
              0
            ],
            "0.375": [
              -7.5,
              0,
              0
            ],
            "0.625": [
              5,
              0,
              0
            ],
            "0.75": [
              0,
              0,
              0
            ]
          },
          "position": [
            0,
            0,
            5
          ]
        },
        "RightArmDown": {
          "rotation": {
            "0.0": [
              5,
              0,
              0
            ],
            "0.2083": [
              -7.5,
              0,
              0
            ],
            "0.25": [
              17.5,
              0,
              0
            ],
            "0.4167": [
              -210.91111,
              -5.65146,
              8.30331
            ],
            "0.625": [
              -94.94299,
              -4.08119,
              -4.89343
            ],
            "0.75": [
              47.55701,
              -4.08119,
              -4.89343
            ]
          },
          "position": {
            "0.0": [
              0,
              0,
              0
            ],
            "0.25": [
              0,
              0,
              0
            ],
            "0.4167": [
              0,
              -4,
              0
            ],
            "0.75": [
              0,
              0,
              0
            ]
          }
        },
        "LeftArmUp": {
          "rotation": {
            "0.0": [
              0,
              0,
              2.5
            ],
            "0.25": [
              1.10428,
              -0.81586,
              -2.36456
            ],
            "0.4167": [
              -201.18251,
              4.4822,
              7.22515
            ],
            "0.625": [
              -97.01524,
              15.20054,
              0.73046
            ],
            "0.75": [
              37.98476,
              15.20054,
              0.73046
            ]
          },
          "position": {
            "0.0": [
              0,
              0,
              0
            ],
            "0.25": [
              0,
              0,
              0
            ],
            "0.4167": [
              0,
              -4,
              0
            ],
            "0.75": [
              0,
              -1,
              0
            ]
          }
        }
      }
    }
  }
}