{
  "format_version": [1, 1, 0],

   "pvz:cyan_egypt_slot": {
    "sound": "stone",
    "textures": "cyan_egypt_slot"
  },
   "pvz:cyan_egypt_slot_center": {
    "sound": "stone",
    "textures": "cyan_egypt_slot_center"
  },
   "pvz:cyan_egypt_slot_bottom": {
    "sound": "stone",
    "textures": "cyan_egypt_slot_bottom"
  },
   "pvz:cyan_egypt_slot_top": {
    "sound": "stone",
    "textures": "cyan_egypt_slot_top"
  },
   "pvz:cyan_egypt_slot_left": {
    "sound": "stone",
    "textures": "cyan_egypt_slot_left"
  },
   "pvz:cyan_egypt_slot_right": {
    "sound": "stone",
    "textures": "cyan_egypt_slot_right"
  },
   "pvz:cyan_egypt_slot_tl": {
    "sound": "stone",
    "textures": "cyan_egypt_slot_tl"
  },
   "pvz:cyan_egypt_slot_tr": {
    "sound": "stone",
    "textures": "cyan_egypt_slot_tr"
  },
   "pvz:cyan_egypt_slot_bl": {
    "sound": "stone",
    "textures": "cyan_egypt_slot_bl"
  },
   "pvz:cyan_egypt_slot_br": {
    "sound": "stone",
    "textures": "cyan_egypt_slot_br"
  },
   "pvz:egypt_slot": {
    "sound": "stone",
    "textures": "egypt_slot"
  },
   "pvz:egypt_slot_center": {
    "sound": "stone",
    "textures": "egypt_slot_center"
  },
   "pvz:egypt_slot_bottom": {
    "sound": "stone",
    "textures": "egypt_slot_bottom"
  },
   "pvz:egypt_slot_top": {
    "sound": "stone",
    "textures": "egypt_slot_top"
  },
   "pvz:egypt_slot_left": {
    "sound": "stone",
    "textures": "egypt_slot_left"
  },
   "pvz:egypt_slot_right": {
    "sound": "stone",
    "textures": "egypt_slot_right"
  },
   "pvz:egypt_slot_tl": {
    "sound": "stone",
    "textures": "egypt_slot_tl"
  },
   "pvz:egypt_slot_tr": {
    "sound": "stone",
    "textures": "egypt_slot_tr"
  },
   "pvz:egypt_slot_bl": {
    "sound": "stone",
    "textures": "egypt_slot_bl"
  },
   "pvz:egypt_slot_br": {
    "sound": "stone",
    "textures": "egypt_slot_br"
  },
   "pvz:gardening_table": {
    "sound": "wood",
    "textures": "garden_table"
  },
   "pvz:wooden_pot": {
    "sound": "wood",
    "textures": "air"
  },
   "pvz:normal_pot": {
    "sound": "stone",
    "textures": "air"
  },
   "pvz:golden_pot": {
    "sound": "metal",
    "textures": "air"
  } 
}