{
  "entity_sounds": {
    "entities": {
      "pvz:crazy_dave": {
        "volume": 1.0,
        "pitch": [ 0.8, 1.2 ],
        "events": {
          "ambient": "mob.dave.ambient",
          "hurt": "mob.dave.hurt",
          "death": "mob.dave.death"
        }
      },
	  "pvz:zombeef": {
        "volume": 1.0,
        "pitch": [ 1.2, 1.6 ],
        "events": {
          "ambient": "mob.husk.ambient",
          "hurt": "mob.husk.hurt",
          "death": "mob.husk.death",
          "shoot": {
            "sound": "mob.zombeef.shoot",
            "volume": 0.35,
            "pitch": 1.0
          }
        }
      },
      "pvz:mummy": {
        "volume": 1.0,
        "pitch": [ 0.8, 1.2 ],
        "events": {
          "ambient": "mob.husk.ambient",
          "hurt": "mob.husk.hurt",
          "death": "mob.husk.death",
          "step": {
            "sound": "mob.husk.step",
            "volume": 0.35,
            "pitch": 1.0
          }
        }
      },
      "pvz:cone_mummy": {
        "volume": 1.0,
        "pitch": [ 0.8, 1.2 ],
        "events": {
          "ambient": "mob.husk.ambient",
          "hurt": "mob.husk.hurt",
          "death": "mob.husk.death",
          "step": {
            "sound": "mob.husk.step",
            "volume": 0.35,
            "pitch": 1.0
          }
        }
      },
      "pvz:bucket_mummy": {
        "volume": 1.0,
        "pitch": [ 0.8, 1.2 ],
        "events": {
          "ambient": "mob.husk.ambient",
          "hurt": "mob.husk.hurt",
          "death": "mob.husk.death",
          "step": {
            "sound": "mob.husk.step",
            "volume": 0.35,
            "pitch": 1.0
          }
        }
      },
      "pvz:brick_mummy": {
        "volume": 1.0,
        "pitch": [ 0.8, 1.2 ],
        "events": {
          "ambient": "mob.husk.ambient",
          "hurt": "mob.husk.hurt",
          "death": "mob.husk.death",
          "step": {
            "sound": "mob.husk.step",
            "volume": 0.35,
            "pitch": 1.0
          }
        }
      },
      "pvz:camel_mummy": {
        "volume": 1.0,
        "pitch": [ 0.8, 1.2 ],
        "events": {
          "ambient": "mob.husk.ambient",
          "hurt": "mob.husk.hurt",
          "death": "mob.husk.death",
          "step": {
            "sound": "mob.husk.step",
            "volume": 0.35,
            "pitch": 1.0
          }
        }
      },
      "pvz:sarcophagus_mummy": {
        "volume": 1.0,
        "pitch": [ 0.8, 1.2 ],
        "events": {
          "ambient": "mob.husk.ambient",
          "hurt": "mob.husk.hurt",
          "death": "mob.husk.death",
          "step": {
            "sound": "mob.husk.step",
            "volume": 0.35,
            "pitch": 1.0
          }
        }
      },
      "pvz:tomb_raiser": {
        "volume": 1.0,
        "pitch": [ 0.8, 1.2 ],
        "events": {
          "ambient": "mob.husk.ambient",
          "hurt": "mob.husk.hurt",
          "death": "mob.husk.death",
          "step": {
            "sound": "mob.husk.step",
            "volume": 0.35,
            "pitch": 1.0
          }
        }
      },
      "pvz:imp": {
        "volume": 1.0,
        "pitch": [ 1.2, 1.8 ],
        "events": {
          "ambient": "mob.husk.ambient",
          "hurt": "mob.husk.hurt",
          "death": "mob.husk.death",
          "step": {
            "sound": "mob.husk.step",
            "volume": 0.35,
            "pitch": 1.0
          }
        }
      },
      "pvz:mummy_slave": {
        "volume": 1.0,
        "pitch": [ 0.8, 1.2 ],
        "events": {
          "ambient": "mob.husk.ambient",
          "hurt": "mob.husk.hurt",
          "death": "mob.husk.death",
          "step": {
            "sound": "mob.husk.step",
            "volume": 0.35,
            "pitch": 1.0
          }
        }
      },
      "pvz:explorer_zombie": {
        "volume": 1.0,
        "pitch": [ 0.8, 1.2 ],
        "events": {
          "ambient": "mob.husk.ambient",
          "hurt": "mob.husk.hurt",
          "death": "mob.husk.death",
          "step": {
            "sound": "mob.husk.step",
            "volume": 0.35,
            "pitch": 1.0
          }
        }
      },
      "pvz:egypt_gargantuar": {
        "volume": 1.0,
        "pitch": [ 0.4, 0.6 ],
        "events": {
          "ambient": "mob.husk.ambient",
          "hurt": "mob.husk.hurt",
          "death": "mob.husk.death",
          "step": {
            "sound": "mob.hoglin.step",
            "volume": 0.35,
            "pitch": 1.0
          }
        }
      },
      "pvz:normal_zombie": {
        "volume": 1.0,
        "pitch": [ 0.8, 1.2 ],
        "events": {
          "ambient": "mob.zombie.say",
          "hurt": "mob.zombie.hurt",
          "death": "mob.zombie.death",
          "step": {
            "sound": "mob.zombie.step",
            "volume": 0.45,
            "pitch": 1.0
          }
        }
      },
      "pvz:cone_normal": {
        "volume": 1.0,
        "pitch": [ 0.8, 1.2 ],
        "events": {
          "ambient": "mob.zombie.say",
          "hurt": "mob.zombie.hurt",
          "death": "mob.zombie.death",
          "step": {
            "sound": "mob.zombie.step",
            "volume": 0.45,
            "pitch": 1.0
          }
        }
      },
      "pvz:bucket_normal": {
        "volume": 1.0,
        "pitch": [ 0.8, 1.2 ],
        "events": {
          "ambient": "mob.zombie.say",
          "hurt": "mob.zombie.hurt",
          "death": "mob.zombie.death",
          "step": {
            "sound": "mob.zombie.step",
            "volume": 0.45,
            "pitch": 1.0
          }
        }
      },
      "pvz:brick_normal": {
        "volume": 1.0,
        "pitch": [ 0.8, 1.2 ],
        "events": {
          "ambient": "mob.zombie.say",
          "hurt": "mob.zombie.hurt",
          "death": "mob.zombie.death",
          "step": {
            "sound": "mob.zombie.step",
            "volume": 0.45,
            "pitch": 1.0
          }
        }
      },
      "pvz:gloomshroom": {
        "volume": 5.0,
        "pitch": [ 0.8, 1.2 ],
        "events": {
          "cast.spell": "mob.gloomshroom.shoot",
          "prepare.attack": "mob.gloomshroom.shoot",
          "prepare.summon": "mob.gloomshroom.shoot"
        }
      },
      "pvz:bloomerang": {
        "volume": 2.5,
        "pitch": [ 0.8, 1.2 ],
        "events": {
          "shoot": "mob.bloomerang.shoot"
        }
      },
      "pvz:cabbage_pult": {
        "volume": 5.0,
        "pitch": [ 0.8, 1.2 ],
        "events": {
          "shoot": "mob.peashooter.shoot"
        }
      },
      "pvz:peashooter": {
        "volume": 5.0,
        "pitch": [ 0.8, 1.2 ],
        "events": {
          "shoot": "mob.peashooter.shoot"
        }
      },
      "pvz:snowpea": {
        "volume": 5.0,
        "pitch": [ 0.8, 1.2 ],
        "events": {
          "shoot": "mob.snowpea.shoot"
        }
      },
      "pvz:repeater": {
        "volume": 5.0,
        "pitch": [ 0.8, 1.2 ],
        "events": {
          "shoot": "mob.peashooter.shoot"
        }
      },
     "taco:gloomshroom": {
        "volume": 5.0,
        "pitch": [ 0.8, 1.2 ],
        "events": {
          "cast.spell": "mob.gloomshroom.shoot",
          "prepare.attack": "mob.gloomshroom.shoot",
          "prepare.summon": "mob.gloomshroom.shoot"
        }
      },
      "taco:bloomerang": {
        "volume": 2.5,
        "pitch": [ 0.8, 1.2 ],
        "events": {
          "shoot": "mob.bloomerang.shoot"
        }
      },
      "taco:cabbage_pult": {
        "volume": 5.0,
        "pitch": [ 0.8, 1.2 ],
        "events": {
          "shoot": "mob.peashooter.shoot"
        }
      },
      "taco:peashooter": {
        "volume": 5.0,
        "pitch": [ 0.8, 1.2 ],
        "events": {
          "shoot": "mob.peashooter.shoot"
        }
      },
      "taco:snowpea": {
        "volume": 5.0,
        "pitch": [ 0.8, 1.2 ],
        "events": {
          "shoot": "mob.snowpea.shoot"
        }
      },
      "taco:repeater": {
        "volume": 5.0,
        "pitch": [ 0.8, 1.2 ],
        "events": {
          "shoot": "mob.peashooter.shoot"
          }
        }
      }
    }
  }
}
