{
    "format_version": "1.10.0",
    "animation_controllers": {
        "controller.animation.basic_attack": {
            "states": {
                "default": {
                    "transitions": [
                        {
                            "attack": "variable.attack_time"
                        }
                    ]
                },
                "attack": {
                    "animations": [
                        "attack"
                    ],
                    "transitions": [
                        {
                            "default": "!variable.attack_time"
                        }
                    ]
                }
            }
        }
    }
}
