{
	"format_version" : "1.10.0",
	"animation_controllers" : {
		"controller.animation.raven.move" : {
			"initial_state" : "flying",
			"states" : {
				"flying" : {
					"animations" : [ "flying" ],
					"transitions" : [
						{
							"resting" : "query.is_on_ground || query.is_riding"
						}
					]
				},
				"resting" : {
					"animations" : [ "base" ],
					"transitions" : [
						{
							"flying" : "!query.is_on_ground && !query.is_riding"
						}
					]
				}
			}
		}
	}
}
