{
	"format_version" : "1.10.0",
	"animation_controllers": {
		"controller.animation.bow.attack" : {
			"initial_state" : "default",
			"states" : {
				"default" : {
					"transitions" : [
						{
							"ranged" : "query.variant == 0 && !query.is_admiring && variable.has_target"
						},
						{
							"hand_attack": "variable.has_target && query.variant == 1 && !query.is_item_equipped && variable.attack_time >= 0.0 && !query.is_admiring"
						},
						{
							"melee_attack": "variable.has_target && query.variant == 1 && query.is_item_equipped && variable.attack_time >= 0.0 && !query.is_admiring"
						}
					]
				},
				"ranged" : {
					"animations" : [ "crossbow_hold" ],
					"transitions" : [
						{
							"default" : "query.is_admiring || query.get_equipped_item_name != 'bow' || !variable.has_target "
						}
					]
				},
				"melee_attack" : {
					"animations": ["melee_attack"],
					"transitions" : [
						{
							"default" : "!query.is_item_equipped || !variable.has_target || variable.attack_time < 0.0 ||  query.is_admiring || !variable.sword"
						}
					]
				},
				"hand_attack" : {
					"animations": ["hand_attack"],
					"transitions" : [
						{
							"default" : "query.is_item_equipped || !variable.has_target || variable.attack_time < 0.0 ||  query.is_admiring"
						}
					]
				}
			}
		}
	}
}
