{
	"format_version" : "1.10.0",
	"animation_controllers" : {
		"controller.animation.clone.bow_and_arrow" : {
			"initial_state" : "default",
			"states" : {
				"bow_and_arrow" : {
					"animations" : [ "bow_and_arrow" ],
					"transitions" : [
						{
							"default" : "query.mark_variant== 2"
						}
					]
				},
				"default" : {
					"transitions" : [
						{
							"bow_and_arrow" : "query.mark_variant== 1"
						}
					]
				}
			}
		},
		"controller.animation.humanoid.move" : {
			"initial_state" : "default",
			"states" : {
				"default" : {
					"animations" : [ "move" ]
				}
			}
		},
		"controller.animation.humanoid.riding" : {
			"initial_state" : "default",
			"states" : {
				"default" : {
					"transitions" : [
						{
							"riding" : "query.is_riding"
						}
					]
				},
				"riding" : {
					"animations" : [ "riding.arms", "riding.legs" ],
					"transitions" : [
						{
							"default" : "!query.is_riding"
						}
					]
				}
			}
		},
		"controller.animation.humanoid.sneaking" : {
			"initial_state" : "default",
			"states" : {
				"default" : {
					"transitions" : [
						{
							"sneaking" : "query.is_sneaking"
						}
					]
				},
				"sneaking" : {
					"animations" : [ "sneaking" ],
					"transitions" : [
						{
							"default" : "!query.is_sneaking"
						}
					]
				}
			}
		},
		"controller.animation.humanoid.swimming" : {
			"initial_state" : "default",
			"states" : {
				"default" : {
					"transitions" : [
						{
							"swimming" : "variable.swim_amount > 0.0"
						}
					]
				},
				"swimming" : {
					"animations" : [ "swimming" ],
					"transitions" : [
						{
							"default" : "variable.swim_amount <= 0.0"
						}
					]
				}
			}
		},
		"controller.animation.humanoid.use_item_progress" : {
			"initial_state" : "default",
			"states" : {
				"default" : {
					"transitions" : [
						{
							"use_item_progress" : "( variable.use_item_interval_progress > 0.0 ) || ( variable.use_item_startup_progress > 0.0 )"
						}
					]
				},
				"use_item_progress" : {
					"animations" : [ "use_item_progress" ],
					"transitions" : [
						{
							"default" : "( variable.use_item_interval_progress <= 0.0 ) && ( variable.use_item_startup_progress <= 0.0 )"
						}
					]
				}
			}
		}
	}
}
