{
    "format_version": "1.10.0",
    "animation_controllers": {
        "controller.animation.special_death": {
            "states": {
                "default": {
                    "transitions": [
                        {
                            "death": "query.is_alive ? 0.0 : 1.0"
                        }
                    ]
                },
                "death": {
                    "animations": [
                        "death"
                    ]
                }
            }
        }
    }
}
