{
    "format_version": "1.10.0",
    "animation_controllers": {
        "controller.animation.bbeetle": {
            "states": {
                "default": {
                    "transitions": [
                        {
                            "flying": "!query.is_on_ground"
                        }
                    ]
                },
                "flying": {
                    "animations": [
                        "flying"
                    ],
                    "transitions": [
                        {
                            "default": "query.is_on_ground"
                        }
                    ]
                }
            }
        }
    }
}
