{
  "format_version":"1.10.0",
  "animation_controllers":{
    "controller.animation.illusionist.general":{
      "initial_state":"default",
      "states":{
        "casting":{
          "animations":[
            "look_at_target",
            "casting"
          ],
          "particle_effects":[
            {
              "effect":"spell",
              "locator":"left_hand"
            },
            {
              "effect":"spell",
              "locator":"right_hand"
            }
          ],
          "transitions":[
            {
              "default":"!query.is_casting"
            },
            {
              "shaking":"query.is_invisible"
            }
          ],
          "blend_transition":0.01,
          "blend_via_shortest_path":true
        },
        "invisible":{
          "animations":[
            "look_at_target",
            "invisible"
          ],
          "transitions":[
            {
              "casting":"query.is_casting"
            },
            {
              "default":"query.mark_variant != 2"
            }
          ]
        },
        "shaking":{
          "animations":[
            "look_at_target",
            "shake",
            {
              "shoot":"query.mark_variant == 1 && query.has_target"
            },
            {
              "general":"!query.has_target || query.has_target && query.mark_variant == 2"
            }
          ],
          "transitions":[
            {
              "mirror":"query.variant== 1"
            },
            {
              "mirror_two":"query.variant== 2"
            },
            {
              "mirror_three":"query.variant== 3"
            },
            {
              "mirror_four":"query.variant== 4"
            },
            {
              "mirror_five":"query.variant== 5"
            },
            {
              "mirror_six":"query.variant== 6"
            },
            {
              "mirror_seven":"query.variant== 7"
            },
            {
              "mirror_eight":"query.variant== 8"
            },
            {
              "mirror_nine":"query.variant== 9"
            },
            {
              "mirror_ten":"query.variant== 10"
            },
            {
              "default":"!query.is_invisible"
            }
          ]
        },
        "mirror":{
          "animations":[
            "look_at_target",
            "mirror",
            {
              "shoot":"query.has_target"
            },
            {
              "general":"!query.has_target"
            },
            {
              "shake":"query.is_invisible"
            }
          ],
          "transitions":[
            {
              "mirror_two":"query.variant== 2"
            },
            {
              "mirror_three":"query.variant== 3"
            },
            {
              "mirror_four":"query.variant== 4"
            },
            {
              "mirror_five":"query.variant== 5"
            },
            {
              "mirror_six":"query.variant== 6"
            },
            {
              "mirror_seven":"query.variant== 7"
            },
            {
              "mirror_eight":"query.variant== 8"
            },
            {
              "mirror_nine":"query.variant== 9"
            },
            {
              "mirror_ten":"query.variant== 10"
            },
            {
              "default":"!query.is_invisible"
            }
          ],
          "blend_transition":0.01,
          "blend_via_shortest_path":true
        },
        "mirror_two":{
          "animations":[
            "look_at_target",
            "mirror_two",
            {
              "shoot":"query.has_target"
            },
            {
              "general":"!query.has_target"
            },
            {
              "shake":"query.is_invisible"
            }
          ],
          "transitions":[
            {
              "mirror":"query.variant== 1"
            },
            {
              "mirror_three":"query.variant== 3"
            },
            {
              "mirror_four":"query.variant== 4"
            },
            {
              "mirror_five":"query.variant== 5"
            },
            {
              "mirror_six":"query.variant== 6"
            },
            {
              "mirror_seven":"query.variant== 7"
            },
            {
              "mirror_eight":"query.variant== 8"
            },
            {
              "mirror_nine":"query.variant== 9"
            },
            {
              "mirror_ten":"query.variant== 10"
            },
            {
              "default":"!query.is_invisible"
            }
          ],
          "blend_transition":0.01,
          "blend_via_shortest_path":true
        },
        "mirror_three":{
          "animations":[
            "look_at_target",
            "mirror_two",
            {
              "shoot":"query.has_target"
            },
            {
              "general":"!query.has_target"
            },
            {
              "shake":"query.is_invisible"
            }
          ],
          "transitions":[
            {
              "mirror":"query.variant== 1"
            },
            {
              "mirror_two":"query.variant== 2"
            },
            {
              "mirror_four":"query.variant== 4"
            },
            {
              "mirror_five":"query.variant== 5"
            },
            {
              "mirror_six":"query.variant== 6"
            },
            {
              "mirror_seven":"query.variant== 7"
            },
            {
              "mirror_eight":"query.variant== 8"
            },
            {
              "mirror_nine":"query.variant== 9"
            },
            {
              "mirror_ten":"query.variant== 10"
            },
            {
              "default":"!query.is_invisible"
            }
          ],
          "blend_transition":0.01,
          "blend_via_shortest_path":true
        },
        "mirror_four":{
          "animations":[
            "look_at_target",
            "mirror_four",
            {
              "shoot":"query.has_target"
            },
            {
              "general":"!query.has_target"
            },
            {
              "shake":"query.is_invisible"
            }
          ],
          "transitions":[
            {
              "mirror":"query.variant== 1"
            },
            {
              "mirror_two":"query.variant== 2"
            },
            {
              "mirror_three":"query.variant== 3"
            },
            {
              "mirror_five":"query.variant== 5"
            },
            {
              "mirror_six":"query.variant== 6"
            },
            {
              "mirror_seven":"query.variant== 7"
            },
            {
              "mirror_eight":"query.variant== 8"
            },
            {
              "mirror_nine":"query.variant== 9"
            },
            {
              "mirror_ten":"query.variant== 10"
            },
            {
              "default":"!query.is_invisible"
            }
          ],
          "blend_transition":0.01,
          "blend_via_shortest_path":true
        },
        "mirror_five":{
          "animations":[
            "look_at_target",
            "mirror_five",
            {
              "shoot":"query.has_target"
            },
            {
              "general":"!query.has_target"
            },
            {
              "shake":"query.is_invisible"
            }
          ],
          "transitions":[
            {
              "mirror":"query.variant== 1"
            },
            {
              "mirror_two":"query.variant== 2"
            },
            {
              "mirror_three":"query.variant== 3"
            },
            {
              "mirror_four":"query.variant== 4"
            },
            {
              "mirror_six":"query.variant== 6"
            },
            {
              "mirror_seven":"query.variant== 7"
            },
            {
              "mirror_eight":"query.variant== 8"
            },
            {
              "mirror_nine":"query.variant== 9"
            },
            {
              "mirror_ten":"query.variant== 10"
            },
            {
              "default":"!query.is_invisible"
            }
          ],
          "blend_transition":0.01,
          "blend_via_shortest_path":true
        },
        "mirror_six":{
          "animations":[
            "look_at_target",
            "mirror_six",
            {
              "shoot":"query.has_target"
            },
            {
              "general":"!query.has_target"
            },
            {
              "shake":"query.is_invisible"
            }
          ],
          "transitions":[
            {
              "mirror":"query.variant== 1"
            },
            {
              "mirror_two":"query.variant== 2"
            },
            {
              "mirror_three":"query.variant== 3"
            },
            {
              "mirror_four":"query.variant== 4"
            },
            {
              "mirror_five":"query.variant== 5"
            },
            {
              "mirror_seven":"query.variant== 7"
            },
            {
              "mirror_eight":"query.variant== 8"
            },
            {
              "mirror_nine":"query.variant== 9"
            },
            {
              "mirror_ten":"query.variant== 10"
            },
            {
              "default":"!query.is_invisible"
            }
          ],
          "blend_transition":0.01,
          "blend_via_shortest_path":true
        },
        "mirror_seven":{
          "animations":[
            "look_at_target",
            "mirror_seven",
            {
              "shoot":"query.has_target"
            },
            {
              "general":"!query.has_target"
            },
            {
              "shake":"query.is_invisible"
            }
          ],
          "transitions":[
            {
              "mirror":"query.variant== 1"
            },
            {
              "mirror_two":"query.variant== 2"
            },
            {
              "mirror_three":"query.variant== 3"
            },
            {
              "mirror_four":"query.variant== 4"
            },
            {
              "mirror_five":"query.variant== 5"
            },
            {
              "mirror_six":"query.variant== 6"
            },
            {
              "mirror_eight":"query.variant== 8"
            },
            {
              "mirror_nine":"query.variant== 9"
            },
            {
              "mirror_ten":"query.variant== 10"
            },
            {
              "default":"!query.is_invisible"
            }
          ],
          "blend_transition":0.01,
          "blend_via_shortest_path":true
        },
        "mirror_eight":{
          "animations":[
            "look_at_target",
            "mirror_eight",
            {
              "shoot":"query.has_target"
            },
            {
              "general":"!query.has_target"
            },
            {
              "shake":"query.is_invisible"
            }
          ],
          "transitions":[
            {
              "mirror":"query.variant== 1"
            },
            {
              "mirror_two":"query.variant== 2"
            },
            {
              "mirror_three":"query.variant== 3"
            },
            {
              "mirror_four":"query.variant== 4"
            },
            {
              "mirror_five":"query.variant== 5"
            },
            {
              "mirror_six":"query.variant== 6"
            },
            {
              "mirror_seven":"query.variant== 7"
            },
            {
              "mirror_nine":"query.variant== 9"
            },
            {
              "mirror_ten":"query.variant== 10"
            },
            {
              "default":"!query.is_invisible"
            }
          ],
          "blend_transition":0.01,
          "blend_via_shortest_path":true
        },
        "mirror_nine":{
          "animations":[
            "look_at_target",
            "mirror_nine",
            {
              "shoot":"query.has_target"
            },
            {
              "general":"!query.has_target"
            },
            {
              "shake":"query.is_invisible"
            }
          ],
          "transitions":[
            {
              "mirror":"query.variant== 1"
            },
            {
              "mirror_two":"query.variant== 2"
            },
            {
              "mirror_three":"query.variant== 3"
            },
            {
              "mirror_four":"query.variant== 4"
            },
            {
              "mirror_five":"query.variant== 5"
            },
            {
              "mirror_six":"query.variant== 6"
            },
            {
              "mirror_seven":"query.variant== 7"
            },
            {
              "mirror_eight":"query.variant== 8"
            },
            {
              "mirror_ten":"query.variant== 10"
            },
            {
              "default":"!query.is_invisible"
            }
          ],
          "blend_transition":0.01,
          "blend_via_shortest_path":true
        },
        "mirror_ten":{
          "animations":[
            "look_at_target",
            "mirror_ten",
            {
              "shoot":"query.has_target"
            },
            {
              "general":"!query.has_target"
            },
            {
              "shake":"query.is_invisible"
            }
          ],
          "transitions":[
            {
              "mirror":"query.variant== 1"
            },
            {
              "mirror_two":"query.variant== 2"
            },
            {
              "mirror_three":"query.variant== 3"
            },
            {
              "mirror_four":"query.variant== 4"
            },
            {
              "mirror_five":"query.variant== 5"
            },
            {
              "mirror_six":"query.variant== 6"
            },
            {
              "mirror_seven":"query.variant== 7"
            },
            {
              "mirror_eight":"query.variant== 8"
            },
            {
              "mirror_nine":"query.variant== 9"
            },
            {
              "default":"!query.is_invisible"
            }
          ],
          "blend_transition":0.01,
          "blend_via_shortest_path":true
        },
        "default":{
          "animations":[
            "look_at_target",
            {
              "shoot":"query.mark_variant == 1 && query.has_target"
            },
            {
              "invisible":"query.mark_variant == 2"
            },
            {
              "general":"!query.has_target"
            }
          ],
          "transitions":[
            {
              "casting":"query.is_casting"
            },
            {
              "shaking":"query.is_invisible"
            },
            {
              "mirror":"query.variant== 1 && query.is_invisible"
            },
            {
              "mirror_two":"query.variant== 2 && query.is_invisible"
            },
            {
              "mirror_three":"query.variant== 3 && query.is_invisible"
            },
            {
              "mirror_four":"query.variant== 4 && query.is_invisible"
            },
            {
              "mirror_five":"query.variant== 5 && query.is_invisible"
            },
            {
              "mirror_six":"query.variant== 6 && query.is_invisible"
            },
            {
              "mirror_seven":"query.variant== 7 && query.is_invisible"
            },
            {
              "mirror_eight":"query.variant== 8 && query.is_invisible"
            },
            {
              "mirror_nine":"query.variant== 9 && query.is_invisible"
            },
            {
              "mirror_ten":"query.variant== 10 && query.is_invisible"
            }
          ]
        }
      }
    }
  }
}