{
    "format_version": "1.10.0",
    "animation_controllers": {
        "controller.animation.lilyfin": {
            "states": {
                "default": {
                    "transitions": [
                        {
                            "swing": "query.is_in_water"
                        }
                    ]
                },
                "swing": {
                    "animations": [
                        "swing"
                    ],
                    "transitions": [
                        {
                            "default": "!query.is_in_water"
                        }
                    ]
                }
            }
        },
        "controller.animation.basic_walk": {
            "states": {
                "default": {
                    "transitions": [
                        {
                            "walk": "query.is_moving"
                        }
                    ]
                },
                "walk": {
                    "animations": [
                        "walk"
                    ],
                    "transitions": [
                        {
                            "default": "!query.is_moving"
                        }
                    ]
                }
            }
        }
    }
}
