{
	"format_version" : "1.10.0",
	"animation_controllers": {
		"controller.animation.pillager_attack" : {
			"initial_state" : "default",
			"states" : {
				"ranged_charge" : {
					"animations" : [ "crossbow_charge" ],
					"transitions" : [
						{
							"default" : "variable.attack_state == 0  ||  query.is_admiring"
						},
						{
							"ranged_hold" : "variable.attack_state == 1"
						}
					]
				},
				"default" : {
					"transitions" : [
						{
							"ranged_hold" : "query.mark_variant == 0 && variable.attack_state == 1 && !query.is_admiring"
						},
						{
							"ranged_charge" : "query.mark_variant == 0 && variable.attack_state == 2 && !query.is_admiring"
						},
						{
							"hand_attack": "variable.has_target && query.mark_variant == 1 && !query.is_item_equipped && variable.attack_time >= 0.0 && !query.is_admiring"
						},
						{
							"melee_attack": "variable.has_target && query.mark_variant == 1 && query.is_item_equipped && variable.attack_time >= 0.0 && !query.is_admiring"
						}
					]
				},
				"ranged_hold" : {
					"animations" : [ "crossbow_hold" ],
					"transitions" : [
						{
							"default" : "variable.attack_state == 0  ||  query.is_admiring || query.get_equipped_item_name != 'crossbow'"
						},
						{
							"ranged_charge" : "variable.attack_state == 2"
						}
					]
				},
				"melee_attack" : {
					"animations": ["melee_attack"],
					"transitions" : [
						{
							"default" : "!query.is_item_equipped || !variable.has_target || variable.attack_time < 0.0 ||  query.is_admiring || !variable.sword"
						}
					]
				},
				"hand_attack" : {
					"animations": ["hand_attack"],
					"transitions" : [
						{
							"default" : "query.is_item_equipped || !variable.has_target || variable.attack_time < 0.0 ||  query.is_admiring"
						}
					]
				}
			}
		}
	}
}
