{
	"format_version" : "1.10.0",
	"animation_controllers" : {
		"controller.animation.shark.general" : {
			"initial_state" : "default",
			"states" : {
				"default" : {
					"animations" : [ "move" ]
				}
			}
		},
     "controller.animation.sand_shark.bite": {
         "states": {
             "default": {
                 "transitions": [
                     {
                         "attack": "query.is_angry == 1"
                     }
                 ]
             },
             "attack": {
                 "animations": [
                     "attack"
                 ],
                 "transitions": [
                     {
                         "default": "query.is_angry == 0"
                     }
                 ]
             }
         }
     },
		"controller.animation.alchemist.general" : {
			"initial_state" : "default",
			"states" : {
				"default" : {
					"animations" : [ "base" ]
				}
			}
		}
	}
}
