{
	"format_version": "1.16.0",
	"minecraft:block": {
		"description": {
			"identifier": "pvz:egypt_gravestone"
		},
		"components": {
			"minecraft:destroy_time": 4,
       "minecraft:loot": "loot_tables/blocks/gravestone.json",
       "minecraft:block_light_absorption": 1.0,
		  "minecraft:entity_collision":{
		  "origin":[-6.0, 0.0, -6.0],
		  "size":[12, 16, 12]
		  },
		  "minecraft:pick_collision":{
		  "origin":[-6.0, 0.0, -6.0],
		  "size":[12, 16, 12]
		  },
       "minecraft:placement_filter": {
           "conditions": [
               {
                   "allowed_faces": ["up"]
               }
            ]
        },
			"minecraft:geometry": "geometry.egypt_gravestone",
			"minecraft:material_instances": {
				"*": {
					"texture": "egypt_gravestone",
					"render_method": "alpha_test"
           }
        },
        "minecraft:on_interact": {
        "condition": "query.get_equipped_item_name =='gravebuster_seed'",
        "event": "pvz:grow",
        "target": "self"
      },
       "minecraft:ticking": {
           "looping": true,
           "range": [ 45, 50 ],
           "on_tick": {
               "event": "block:detect",
               "target": "self"
              }
           }
        },
        "events": {
            "pvz:grow": {
					   "decrement_stack": {},
				      "run_command": {
					      "command": [
						      "summon pvz:gravebuster ~ ~+1 ~"
					        ]
				      }
            },
            "block:detect": {
				    "run_command": {
					    "command": [
						    "summon pvz:mummy"
					     ]
				   }
			  }
	    }
   }
}