{
    "format_version": "1.16.0",
    "minecraft:block": {
        "description": {
            "identifier": "pvz:gramophone",
            "properties": {
                "old:rotate": [ 1, 2, 3, 4, 5, 6 ],
				"pvz:texture": [ 1, 2, 3, 4, 5, 6, 7 ]
            }
        },
        "components": {
            "minecraft:material_instances": {
                "*": {
                    "texture": "gramophone",
                    "render_method": "alpha_test"
                }
            },
			"minecraft:creative_category": {
			  "group": "itemGroup.name.table",
			  "category": "items"
			},
            "minecraft:loot": "loot_tables/blocks/gramophone.json",
            "minecraft:geometry": "geometry.gramophone",
            "minecraft:destroy_time": 3.0,
            "minecraft:on_player_placing": {
                "event": "old:rotate"
            },
		      "minecraft:entity_collision":{
		      "origin":[-7.0, 0.0, -7.0],
		      "size":[14, 5, 14]
		      },
		      "minecraft:pick_collision":{
		      "origin":[-7.0, 0.0, -7.0],
		      "size":[14, 5, 14]
		      },
            "minecraft:map_color": "#ffffff",
            "minecraft:flammable": {
                "flame_odds": 0,
                "burn_odds": 0
            },
            "minecraft:on_interact": {
            "event": "pvz:grow",
            "target": "self"
			},
			"minecraft:on_player_destroyed": {
            "event": "pvz:break",
            "target": "self"
			},
            "minecraft:block_light_absorption": 1.0
        },
        "events": {
          "pvz:grow": {
			"sequence": [
			  {
			  "condition": "query.get_equipped_item_name('main_hand') == 'grasswalk' && query.block_property('pvz:texture') == 1",
			  "decrement_stack": {},
			  "set_block_property": { "pvz:texture": 2 },
			  "run_command": {
				"command": [
				"playsound sound.grasswalk @a[r=45] ~ ~ ~ 2500 1 2500"
				  ]
				}
              },
			  {
			  "condition": "query.get_equipped_item_name('main_hand') == '[MD]demostration_minigame'",
			  "decrement_stack": {},
			  "run_command": {
				"command": [
				"playsound sound.ultimate @a[r=45] ~ ~ ~ 2500 1 2500"
				  ]
				}
              },
			  {
			  "condition": "query.get_equipped_item_name('main_hand') == '[MD]ultimate_battle'",
			  "decrement_stack": {},
			  "run_command": {
				"command": [
				"playsound sound.ultimate @a[r=45] ~ ~ ~ 2500 1 2500"
				  ]
				}
              },
			  {
			  "condition": "query.get_equipped_item_name('main_hand') == 'dryland' && query.block_property('pvz:texture') == 1",
			  "decrement_stack": {},
			  "set_block_property": { "pvz:texture": 3 },
			  "run_command": {
				"command": [
				"playsound sound.dryland @a[r=45] ~ ~ ~ 2500 1 2500"
				  ]
				}
              },
			  {
			  "condition": "query.get_equipped_item_name('main_hand') == '[AE]demostration_minigame'",
			  "decrement_stack": {},
			  "run_command": {
				"command": [
				"playsound sound.ultimate @a[r=45] ~ ~ ~ 2500 1 2500"
				  ]
				}
              },
			  {
			  "condition": "query.get_equipped_item_name('main_hand') == '[AE]ultimate_battle'",
			  "decrement_stack": {},
			  "run_command": {
				"command": [
				"playsound sound.ultimate @a[r=45] ~ ~ ~ 2500 1 2500"
				  ]
				}
              },
			  {
			  "condition": "query.get_equipped_item_name('main_hand') == 'zombies_on_your_lawn' && query.block_property('pvz:texture') == 1",
			  "decrement_stack": {},
			  "set_block_property": { "pvz:texture": 4 },
			  "run_command": {
				"command": [
				"playsound sound.zoyl @a[r=45] ~ ~ ~ 2500 1 2500"
				  ]
				}
              },
			  {
			  "condition": "query.get_equipped_item_name('main_hand') == 'zombie_time' && query.block_property('pvz:texture') == 1",
			  "decrement_stack": {},
			  "set_block_property": { "pvz:texture": 5 },
			  "run_command": {
				"command": [
				"playsound sound.zombie_time @a[r=45] ~ ~ ~ 2500 1 2500"
				  ]
				}
              },
			  {
			  "condition": "query.get_equipped_item_name('main_hand') == 'bloom_n_brains",
			  "decrement_stack": {},
			  "run_command": {
				"command": [
				"playsound sound.bloom_n_brains @a[r=45] ~ ~ ~ 2500 1 2500"
				  ]
				}
              },
			  {
			  "condition": "query.get_equipped_item_name('main_hand') == 'bad_bash' && query.block_property('pvz:texture') == 1",
			  "decrement_stack": {},
			  "set_block_property": { "pvz:texture": 6 },
			  "run_command": {
				"command": [
				"playsound sound.bad_bash @a[r=45] ~ ~ ~ 2500 1 2500"
				  ]
				}
              },
			  {
			  "condition": "query.get_equipped_item_name('main_hand') == 'wabby_wabbo' && query.block_property('pvz:texture') == 1",
			  "decrement_stack": {},
			  "set_block_property": { "pvz:texture": 7 },
			  "run_command": {
				"command": [
				"playsound sound.wabby_wabbo @a[r=45] ~ ~ ~ 2500 1 2500"
				  ]
				}
              },
			  {
			  "condition": "query.block_property('pvz:texture') == 2",
			  "spawn_loot": {
                "table": "loot_tables/music/grasswalk.json"
				},
				"set_block_property": { "pvz:texture": 1 },
				"run_command": {
				"command": [
				"stopsound @a[r=45] sound.grasswalk"
				  ]
				}
			  },
			  {
			  "condition": "query.block_property('pvz:texture') == 3",
			  "spawn_loot": {
                "table": "loot_tables/music/dryland.json"
				},
				"set_block_property": { "pvz:texture": 1 },
				"run_command": {
				"command": [
				"stopsound @a[r=45] sound.dryland"
				  ]
				}
			  },
			  {
			  "condition": "query.block_property('pvz:texture') == 4",
			  "spawn_loot": {
                "table": "loot_tables/music/zoyl.json"
				},
				"set_block_property": { "pvz:texture": 1 },
				"run_command": {
				"command": [
				"stopsound @a[r=45] sound.zoyl"
				  ]
				}
			  },
			  {
			  "condition": "query.block_property('pvz:texture') == 5",
			  "spawn_loot": {
                "table": "loot_tables/music/zombie_time.json"
				},
				"set_block_property": { "pvz:texture": 1 },
				"run_command": {
				"command": [
				"stopsound @a[r=45] sound.zombie_time"
				  ]
				}
			  },
			  {
			  "condition": "query.block_property('pvz:texture') == 6",
			  "spawn_loot": {
                "table": "loot_tables/music/bad_bash.json"
				},
				"set_block_property": { "pvz:texture": 1 },
				"run_command": {
				"command": [
				"stopsound @a[r=45] sound.bad_bash"
				  ]
				}
			  },
			  {
			  "condition": "query.block_property('pvz:texture') == 7",
			  "spawn_loot": {
                "table": "loot_tables/music/wabby_wabbo.json"
				},
				"set_block_property": { "pvz:texture": 1 },
				"run_command": {
				"command": [
				"stopsound @a[r=45] sound.wabby_wabbo"
				  ]
				}
			  }
			]
		  },
		  "pvz:break": {
		    "sequence": [
			  {
			  "condition": "query.block_property('pvz:texture') == 2",
			  "spawn_loot": {
                "table": "loot_tables/music/grasswalk.json"
				},
				"run_command": {
				"command": [
				"stopsound @a[r=45] sound.grasswalk"
				  ]
				}
			  },
			  {
			  "condition": "query.block_property('pvz:texture') == 3",
			  "spawn_loot": {
                "table": "loot_tables/music/dryland.json"
				},
				"run_command": {
				"command": [
				"stopsound @a[r=45] sound.dryland"
				  ]
				}
			  },
			  {
			  "condition": "query.block_property('pvz:texture') == 4",
			  "spawn_loot": {
                "table": "loot_tables/music/zoyl.json"
				},
				"run_command": {
				"command": [
				"stopsound @a[r=45] sound.zoyl"
				  ]
				}
			  },
			  {
			  "condition": "query.block_property('pvz:texture') == 5",
			  "spawn_loot": {
                "table": "loot_tables/music/zombie_time.json"
				},
				"run_command": {
				"command": [
				"stopsound @a[r=45] sound.zombie_time"
				  ]
				}
			  },
			  {
			  "condition": "query.block_property('pvz:texture') == 6",
			  "spawn_loot": {
                "table": "loot_tables/music/bad_bash.json"
				},
				"run_command": {
				"command": [
				"stopsound @a[r=45] sound.bad_bash"
				  ]
				}
			  },
			  {
			  "condition": "query.block_property('pvz:texture') == 7",
			  "spawn_loot": {
                "table": "loot_tables/music/wabby_wabbo.json"
				},
				"run_command": {
				"command": [
				"stopsound @a[r=45] sound.wabby_wabbo"
				  ]
				}
			  }
			]
		  },
          "old:rotate": {
			"set_block_property": {
              "old:rotate": "(query.cardinal_player_facing)",
			  "pvz:texture": 1
			}
		  }
        },
        "permutations": [
            {
                "condition": "query.block_property('old:rotate') == 2",
                "components": {
                    "minecraft:rotation": [ 0, 180, 0 ]
                }
            },
            {
                "condition": "query.block_property('old:rotate') == 3",
                "components": {
                    "minecraft:rotation": [ 0, 0, 0 ]
                }
            },
            {
                "condition": "query.block_property('old:rotate') == 4",
                "components": {
                    "minecraft:rotation": [ 0, 270, 0 ]
                }
            },
            {
                "condition": "query.block_property('old:rotate') == 5",
                "components": {
                    "minecraft:rotation": [ 0, 90, 0 ]
                }
            },
			{
                "condition": "query.block_property('pvz:texture') == 1",
                "components": {
                  "minecraft:material_instances": {
					"*": { "texture": "gramophone", "render_method": "alpha_test" }
					}
                }
            },
			{
                "condition": "query.block_property('pvz:texture') == 2",
                "components": {
                  "minecraft:material_instances": {
					"*": { "texture": "grasswalk", "render_method": "alpha_test" }
					}
                }
            },
			{
                "condition": "query.block_property('pvz:texture') == 3",
                "components": {
                  "minecraft:material_instances": {
					"*": { "texture": "dryland", "render_method": "alpha_test" }
					}
                }
            },
			{
                "condition": "query.block_property('pvz:texture') == 4",
                "components": {
                  "minecraft:material_instances": {
					"*": { "texture": "zoyl", "render_method": "alpha_test" }
					}
                }
            },
			{
                "condition": "query.block_property('pvz:texture') == 5",
                "components": {
                  "minecraft:material_instances": {
					"*": { "texture": "zombie_time", "render_method": "alpha_test" }
					}
                }
            },
			{
                "condition": "query.block_property('pvz:texture') == 6",
                "components": {
                  "minecraft:material_instances": {
					"*": { "texture": "bad_bash", "render_method": "alpha_test" }
					}
                }
            },
			{
                "condition": "query.block_property('pvz:texture') == 7",
                "components": {
                  "minecraft:material_instances": {
					"*": { "texture": "wabby_wabbo", "render_method": "alpha_test" }
					}
                }
            }
        ]
    }
}