{
    "format_version": "1.16.0",
    "minecraft:block": {
        "description": {
            "identifier": "pvz:normal_pot",
            "properties": {
                "old:rotate": [ 1, 2, 3, 4, 5, 6 ]
            }
        },
        "components": {
            "minecraft:material_instances": {
                "*": {
                    "texture": "normal_pot",
                    "render_method": "alpha_test"
                }
            },
			     "minecraft:crafting_table": {
		        "custom_description": "BrickyPot",
              "grid_size": 3,
              "crafting_tags": [
                "brick_pot"
               ]
            },
            "minecraft:loot": "loot_tables/blocks/pot.json",
            "minecraft:geometry": "geometry.flower_pot",
            "minecraft:destroy_time": 3.0,
            "minecraft:on_player_placing": {
                "event": "old:rotate"
            },
		      "minecraft:entity_collision":{
		      "origin":[-6.0, 0.0, -6.0],
		      "size":[12, 7, 12]
		      },
		      "minecraft:pick_collision":{
		      "origin":[-6.0, 0.0, -6.0],
		      "size":[12, 7, 12]
		      },
            "minecraft:map_color": "#ffffff",
            "minecraft:flammable": {
                "flame_odds": 0,
                "burn_odds": 0
            },
            "minecraft:block_light_absorption": 1.0
        },
        "events": {
            "old:rotate": {
                "set_block_property": {
                    "old:rotate": "(query.cardinal_player_facing)"
                }
            }
        },
        "permutations": [
            {
                "condition": "query.block_property('old:rotate') == 2",
                "components": {
                    "minecraft:block_light_absorption": 1.0
                }
            },
            {
                "condition": "query.block_property('old:rotate') == 3",
                "components": {
                    "minecraft:rotation": [ 0, 180, 0 ]
                }
            },
            {
                "condition": "query.block_property('old:rotate') == 4",
                "components": {
                    "minecraft:rotation": [ 0, 90, 0 ]
                }
            },
            {
                "condition": "query.block_property('old:rotate') == 5",
                "components": {
                    "minecraft:rotation": [ 0, 270, 0 ]
                }
            }
        ]
    }
}