{"packs":[{"can_be_redownloaded":false,"name":"Heartbeat","uuid":"34d02f5c-a3a0-4b2d-94eb-cf9d835a696c","version":[1,0,0]},{"can_be_redownloaded":false,"name":"Trees Plus+","uuid":"feef5a75-a849-4201-8330-54a40152eeee","version":[1,1,0]},{"can_be_redownloaded":false,"name":{"en_US":"Bebe Player"},"uuid":"e4246a98-070b-44f0-a3a6-53f3541d9fd2","version":[1,0,0]},{"can_be_redownloaded":false,"name":"Toning's Fog 25 Block Distance","uuid":"2915609e-9079-4d1a-b345-acd86f3b228e","version":[1,0,0]},{"can_be_redownloaded":false,"name":"Ice Cream 8 mcpe Addon","uuid":"d6781adc-7f9d-4e27-b258-1f54911d18f1","version":[0,0,1]}]}
