{
  "format_version": "1.12",
  "minecraft:recipe_shaped": {
    "description": {
      "identifier": "recipes_a149718b"
    },
    "tags": [
      "crafting_table"
    ],
    "pattern": [
      " A ",
      "BCB",
      "BBB"
    ],
    "key": {
      "A": {
        "item": "minecraft:dropper",
        "data": 0
      },
      "B": {
        "item": "simple:sun",
        "data": 0
      },
      "C": {
        "item": "minecraft:concrete",
        "data": 2
      }
    },
    "result": {
      "item": "simple:chomper_spawn_egg",
      "count": 1
    }
  }
}