{
  "format_version": "1.12",
  "minecraft:recipe_shaped": {
    "description": {
      "identifier": "recipes_21cf1dad"
    },
    "tags": [
      "crafting_table"
    ],
    "pattern": [
      " A ",
      "ABA",
      "CCD"
    ],
    "key": {
      "A": {
        "item": "minecraft:cobbled_deepslate",
        "data": 0
      },
      "B": {
        "item": "minecraft:deepslate_diamond_ore",
        "data": 0
      },
      "C": {
        "item": "minecraft:deepslate_coal_ore",
        "data": 0
      },
      "D": {
        "item": "minecraft:deepslate_iron_ore",
        "data": 0
      }
    },
    "result": {
      "item": "simple:gravelvl1_spawn_egg",
      "count": 1
    }
  }
}