{
  "format_version": "1.12",
  "minecraft:recipe_shaped": {
    "description": {
      "identifier": "recipes_36fe67f2"
    },
    "tags": [
      "crafting_table"
    ],
    "pattern": [
      "AAA",
      "AAB",
      " C "
    ],
    "key": {
      "A": {
        "item": "minecraft:iron_ingot",
        "data": 0
      },
      "B": {
        "item": "simple:sun",
        "data": 0
      },
      "C": {
        "item": "minecraft:egg",
        "data": 0
      }
    },
    "result": {
      "item": "simple:crazydave_spawn_egg",
      "count": 1
    }
  }
}