{
  "format_version": "1.12",
  "minecraft:recipe_shaped": {
    "description": {
      "identifier": "recipes_fa62542b"
    },
    "tags": [
      "crafting_table"
    ],
    "pattern": [
      " A ",
      "BCB",
      " D "
    ],
    "key": {
      "A": {
        "item": "minecraft:tnt",
        "data": 0
      },
      "B": {
        "item": "minecraft:dirt",
        "data": 0
      },
      "C": {
        "item": "minecraft:potato",
        "data": 0
      },
      "D": {
        "item": "simple:sun",
        "data": 0
      }
    },
    "result": {
      "item": "simple:potatomine_spawn_egg",
      "count": 1
    }
  }
}