{
  "format_version": "1.12",
  "minecraft:recipe_shaped": {
    "description": {
      "identifier": "recipes_8459a500"
    },
    "tags": [
      "crafting_table"
    ],
    "pattern": [
      "A A",
      "ABA",
      "CDC"
    ],
    "key": {
      "A": {
        "item": "simple:sun",
        "data": 0
      },
      "B": {
        "item": "minecraft:redstone",
        "data": 0
      },
      "C": {
        "item": "minecraft:tnt",
        "data": 0
      },
      "D": {
        "item": "minecraft:glow_berries",
        "data": 0
      }
    },
    "result": {
      "item": "simple:cherrybomb_spawn_egg",
      "count": 1
    }
  }
}