{
  "format_version": "1.12",
  "minecraft:recipe_shaped": {
    "description": {
      "identifier": "sun_80227206"
    },
    "tags": [
      "crafting_table"
    ],
    "pattern": [
      "ABA",
      "BCB",
      "ABA"
    ],
    "key": {
      "A": {
        "item": "minecraft:gold_nugget",
        "data": 0
      },
      "B": {
        "item": "minecraft:gold_ingot",
        "data": 0
      },
      "C": {
        "item": "minecraft:dirt",
        "data": 0
      }
    },
    "result": {
      "item": "simple:sun",
      "count": 1
    }
  }
}