{
  "entity_sounds": {
    "entities": {
      "legacy:vindicator_crossbow": {
        "volume": 1.0,
        "pitch": [
          0.8,
          1.2
        ],
        "events": {
          "ambient": "mob.vindicator.idle",
          "hurt": "mob.vindicator.hurt",
          "attack": "mob.sword.sweep",
          "shoot": "crossbow.shoot",
          "death": "mob.vindicator.death",
          "ambient.in.raid": {
            "sound": "mob.vindicator.idle",
            "volume": 3.0,
            "pitch": [
              0.8,
              1.2
            ]
          },
          "celebrate": "mob.vindicator.celebrate"
        }
      },
      "legacy:basher_illager": {
        "volume": 1.0,
        "pitch": [
          0.8,
          1.2
        ],
        "events": {
          "ambient": "mob.vindicator.idle",
          "hurt": "mob.vindicator.hurt",
          "attack": "mob.sword.sweep",
          "shoot": "crossbow.shoot",
          "death": "mob.vindicator.death",
          "ambient.in.raid": {
            "sound": "mob.vindicator.idle",
            "volume": 3.0,
            "pitch": [
              0.8,
              1.2
            ]
          },
          "celebrate": "mob.vindicator.celebrate"
        }
      },
      "legacy:vindicator_brute": {
        "volume": 1.0,
        "pitch": [
          0.8,
          1.2
        ],
        "events": {
          "ambient": "mob.vindicator.idle",
          "hurt": "mob.vindicator.hurt",
          "attack": "mob.sword.sweep",
          "shoot": "crossbow.shoot",
          "death": "mob.vindicator.death",
          "ambient.in.raid": {
            "sound": "mob.vindicator.idle",
            "volume": 3.0,
            "pitch": [
              0.8,
              1.2
            ]
          },
          "celebrate": "mob.vindicator.celebrate"
        }
      },
      "legacy:witch_illager": {
        "volume": 1.0,
        "pitch": [
          0.8,
          1.2
        ],
        "events": {
          "ambient": "mob.witch.ambient",
          "hurt": "mob.witch.hurt",
          "death": "mob.witch.death",
          "drink": {
            "sound": "mob.witch.drink",
            "volume": 1.0,
            "pitch": 1.0
          },
          "throw": {
            "sound": "mob.witch.throw",
            "volume": 1.0,
            "pitch": 1.0
          },
          "ambient.in.raid": {
            "sound": "mob.witch.ambient",
            "volume": 3.0,
            "pitch": [
              0.8,
              1.2
            ]
          },
          "celebrate": "mob.witch.celebrate"
        }
      },
      "legacy:witch_villager": {
        "volume": 1.0,
        "pitch": [
          0.8,
          1.2
        ],
        "events": {
          "ambient": "mob.villager.idle",
          "hurt": "mob.villager.hit",
          "angry": "mob.villager.no",
          "death": "mob.villager.death",
          "drink": {
            "sound": "mob.witch.drink",
            "volume": 1.0,
            "pitch": 1.0
          },
          "throw": {
            "sound": "mob.witch.throw",
            "volume": 1.0,
            "pitch": 1.0
          },
          "ambient.in.raid": {
            "sound": "mob.witch.ambient",
            "volume": 3.0,
            "pitch": [
              0.8,
              1.2
            ]
          },
          "celebrate": "mob.villager.yes"
        }
      },
      "legacy:vindicator_chef": {
        "volume": 1.0,
        "pitch": [
          0.8,
          1.2
        ],
        "events": {
          "ambient": "mob.vindicator.idle",
          "hurt": "mob.vindicator.hurt",
          "attack": "mob.sword.sweep",
          "death": "mob.vindicator.death",
          "ambient.in.raid": {
            "sound": "mob.vindicator.idle",
            "volume": 3.0,
            "pitch": [
              0.8,
              1.2
            ]
          },
          "celebrate": "mob.vindicator.celebrate"
        }
      },
      "legacy:villager_guard": {
        "volume": 1.0,
        "pitch": [
          0.8,
          1.2
        ],
        "events": {
          "ambient": "mob.villager.idle",
          "hurt": "mob.villager.hit",
          "shoot": "crossbow.shoot",
          "attack": "mob.sword.sweep",
          "death": "mob.villager.death",
          "angry": "mob.villager.no",
          "admire": "mob.villager.yes",
          "ambient.in.raid": {
            "sound": "mob.villager.idle",
            "volume": 3.0,
            "pitch": [
              0.8,
              1.2
            ]
          },
          "celebrate": "mob.villager.yes"
        }
      },
      "legacy:villager_guard_upgraded": {
        "volume": 1.0,
        "pitch": [
          0.8,
          1.2
        ],
        "events": {
          "ambient": "mob.villager.idle",
          "hurt": "mob.villager.hit",
          "shoot": "crossbow.shoot",
          "attack": "mob.sword.sweep",
          "death": "mob.villager.death",
          "angry": "mob.villager.no",
          "admire": "mob.villager.yes",
          "ambient.in.raid": {
            "sound": "mob.villager.idle",
            "volume": 3.0,
            "pitch": [
              0.8,
              1.2
            ]
          },
          "celebrate": "mob.villager.yes"
        }
      },
      "legacy:villager_guard_gold": {
        "volume": 1.0,
        "pitch": [
          0.8,
          1.2
        ],
        "events": {
          "ambient": "mob.villager.idle",
          "hurt": "mob.villager.hit",
          "attack": "mob.sword.sweep",
          "shoot": "crossbow.shoot",
          "death": "mob.villager.death",
          "angry": "mob.villager.no",
          "admire": "mob.villager.yes",
          "ambient.in.raid": {
            "sound": "mob.villager.idle",
            "volume": 3.0,
            "pitch": [
              0.8,
              1.2
            ]
          },
          "celebrate": "mob.villager.yes"
        }
      },
      "legacy:villager_guard_diamond": {
        "volume": 1.0,
        "pitch": [
          0.8,
          1.2
        ],
        "events": {
          "ambient": "mob.villager.idle",
          "hurt": "mob.villager.hit",
          "attack": "mob.sword.sweep",
          "shoot": "crossbow.shoot",
          "death": "mob.villager.death",
          "angry": "mob.villager.no",
          "admire": "mob.villager.yes",
          "ambient.in.raid": {
            "sound": "mob.villager.idle",
            "volume": 3.0,
            "pitch": [
              0.8,
              1.2
            ]
          },
          "celebrate": "mob.villager.yes"
        }
      },
      "legacy:archer_villager": {
        "volume": 1.0,
        "pitch": [
          0.8,
          1.2
        ],
        "events": {
          "ambient": "mob.villager.idle",
          "hurt": "mob.villager.hit",
          "attack": "mob.sword.sweep",
          "shoot": "random.bow",
          "death": "mob.villager.death",
          "angry": "mob.villager.no",
          "admire": "mob.villager.yes",
          "ambient.in.raid": {
            "sound": "mob.villager.idle",
            "volume": 3.0,
            "pitch": [
              0.8,
              1.2
            ]
          },
          "celebrate": "mob.villager.yes"
        }
      },
      "legacy:archer_villager_upgraded": {
        "volume": 1.0,
        "pitch": [
          0.8,
          1.2
        ],
        "events": {
          "ambient": "mob.villager.idle",
          "hurt": "mob.villager.hit",
          "attack": "mob.sword.sweep",
          "shoot": "random.bow",
          "death": "mob.villager.death",
          "angry": "mob.villager.no",
          "admire": "mob.villager.yes",
          "ambient.in.raid": {
            "sound": "mob.villager.idle",
            "volume": 3.0,
            "pitch": [
              0.8,
              1.2
            ]
          },
          "celebrate": "mob.villager.yes"
        }
      },
      "legacy:archer_villager_gold": {
        "volume": 1.0,
        "pitch": [
          0.8,
          1.2
        ],
        "events": {
          "ambient": "mob.villager.idle",
          "hurt": "mob.villager.hit",
          "attack": "mob.sword.sweep",
          "shoot": "random.bow",
          "death": "mob.villager.death",
          "angry": "mob.villager.no",
          "death": "mob.villager.death",
          "admire": "mob.villager.yes",
          "ambient.in.raid": {
            "sound": "mob.villager.idle",
            "volume": 3.0,
            "pitch": [
              0.8,
              1.2
            ]
          },
          "celebrate": "mob.villager.yes"
        }
      },
      "legacy:archer_villager_diamond": {
        "volume": 1.0,
        "pitch": [
          0.8,
          1.2
        ],
        "events": {
          "ambient": "mob.villager.idle",
          "hurt": "mob.villager.hit",
          "attack": "mob.sword.sweep",
          "shoot": "random.bow",
          "death": "mob.villager.death",
          "angry": "mob.villager.no",
          "death": "mob.villager.death",
          "admire": "mob.villager.yes",
          "ambient.in.raid": {
            "sound": "mob.villager.idle",
            "volume": 3.0,
            "pitch": [
              0.8,
              1.2
            ]
          },
          "celebrate": "mob.villager.yes"
        }
      },
      "legacy:swordman_villager": {
        "volume": 1.0,
        "pitch": [
          0.8,
          1.2
        ],
        "events": {
          "ambient": "mob.villager.idle",
          "hurt": "mob.villager.hit",
          "shoot": "crossbow.shoot",
          "attack": "mob.sword.sweep",
          "death": "mob.villager.death",
          "angry": "mob.villager.no",
          "admire": "mob.villager.yes",
          "ambient.in.raid": {
            "sound": "mob.villager.idle",
            "volume": 3.0,
            "pitch": [
              0.8,
              1.2
            ]
          },
          "celebrate": "mob.villager.yes"
        }
      },
      "legacy:swordman_villager_upgraded": {
        "volume": 1.0,
        "pitch": [
          0.8,
          1.2
        ],
        "events": {
          "ambient": "mob.villager.idle",
          "hurt": "mob.villager.hit",
          "shoot": "crossbow.shoot",
          "attack": "mob.sword.sweep",
          "death": "mob.villager.death",
          "angry": "mob.villager.no",
          "admire": "mob.villager.yes",
          "ambient.in.raid": {
            "sound": "mob.villager.idle",
            "volume": 3.0,
            "pitch": [
              0.8,
              1.2
            ]
          },
          "celebrate": "mob.villager.yes"
        }
      },
      "legacy:swordman_villager_gold": {
        "volume": 1.0,
        "pitch": [
          0.8,
          1.2
        ],
        "events": {
          "ambient": "mob.villager.idle",
          "hurt": "mob.villager.hit",
          "attack": "mob.sword.sweep",
          "shoot": "crossbow.shoot",
          "death": "mob.villager.death",
          "angry": "mob.villager.no",
          "admire": "mob.villager.yes",
          "ambient.in.raid": {
            "sound": "mob.villager.idle",
            "volume": 3.0,
            "pitch": [
              0.8,
              1.2
            ]
          },
          "celebrate": "mob.villager.yes"
        }
      },
      "legacy:swordman_villager_diamond": {
        "volume": 1.0,
        "pitch": [
          0.8,
          1.2
        ],
        "events": {
          "ambient": "mob.villager.idle",
          "hurt": "mob.villager.hit",
          "attack": "mob.sword.sweep",
          "shoot": "crossbow.shoot",
          "death": "mob.villager.death",
          "angry": "mob.villager.no",
          "admire": "mob.villager.yes",
          "ambient.in.raid": {
            "sound": "mob.villager.idle",
            "volume": 3.0,
            "pitch": [
              0.8,
              1.2
            ]
          },
          "celebrate": "mob.villager.yes"
        }
      },
      "legacy:spearman_villager": {
        "volume": 1.0,
        "pitch": [
          0.8,
          1.2
        ],
        "events": {
          "ambient": "mob.villager.idle",
          "hurt": "mob.villager.hit",
          "shoot": "crossbow.shoot",
          "attack": "mob.sword.sweep",
          "death": "mob.villager.death",
          "angry": "mob.villager.no",
          "admire": "mob.villager.yes",
          "ambient.in.raid": {
            "sound": "mob.villager.idle",
            "volume": 3.0,
            "pitch": [
              0.8,
              1.2
            ]
          },
          "celebrate": "mob.villager.yes"
        }
      },
      "legacy:spearman_villager_upgraded": {
        "volume": 1.0,
        "pitch": [
          0.8,
          1.2
        ],
        "events": {
          "ambient": "mob.villager.idle",
          "hurt": "mob.villager.hit",
          "shoot": "crossbow.shoot",
          "attack": "mob.sword.sweep",
          "death": "mob.villager.death",
          "angry": "mob.villager.no",
          "admire": "mob.villager.yes",
          "ambient.in.raid": {
            "sound": "mob.villager.idle",
            "volume": 3.0,
            "pitch": [
              0.8,
              1.2
            ]
          },
          "celebrate": "mob.villager.yes"
        }
      },
      "legacy:spearman_villager_gold": {
        "volume": 1.0,
        "pitch": [
          0.8,
          1.2
        ],
        "events": {
          "ambient": "mob.villager.idle",
          "hurt": "mob.villager.hit",
          "attack": "mob.sword.sweep",
          "shoot": "crossbow.shoot",
          "death": "mob.villager.death",
          "angry": "mob.villager.no",
          "admire": "mob.villager.yes",
          "ambient.in.raid": {
            "sound": "mob.villager.idle",
            "volume": 3.0,
            "pitch": [
              0.8,
              1.2
            ]
          },
          "celebrate": "mob.villager.yes"
        }
      },
      "legacy:spearman_villager_diamond": {
        "volume": 1.0,
        "pitch": [
          0.8,
          1.2
        ],
        "events": {
          "ambient": "mob.villager.idle",
          "hurt": "mob.villager.hit",
          "attack": "mob.sword.sweep",
          "shoot": "crossbow.shoot",
          "death": "mob.villager.death",
          "angry": "mob.villager.no",
          "admire": "mob.villager.yes",
          "ambient.in.raid": {
            "sound": "mob.villager.idle",
            "volume": 3.0,
            "pitch": [
              0.8,
              1.2
            ]
          },
          "celebrate": "mob.villager.yes"
        }
      },
      "legacy:crossbow_villager": {
        "volume": 1.0,
        "pitch": [
          0.8,
          1.2
        ],
        "events": {
          "ambient": "mob.villager.idle",
          "hurt": "mob.villager.hit",
          "attack": "mob.sword.sweep",
          "shoot": "crossbow.shoot",
          "death": "mob.villager.death",
          "angry": "mob.villager.no",
          "admire": "mob.villager.yes",
          "ambient.in.raid": {
            "sound": "mob.villager.idle",
            "volume": 3.0,
            "pitch": [
              0.8,
              1.2
            ]
          },
          "celebrate": "mob.villager.yes"
        }
      },
      "legacy:crossbow_villager_upgraded": {
        "volume": 1.0,
        "pitch": [
          0.8,
          1.2
        ],
        "events": {
          "ambient": "mob.villager.idle",
          "hurt": "mob.villager.hit",
          "attack": "mob.sword.sweep",
          "shoot": "crossbow.shoot",
          "death": "mob.villager.death",
          "angry": "mob.villager.no",
          "admire": "mob.villager.yes",
          "ambient.in.raid": {
            "sound": "mob.villager.idle",
            "volume": 3.0,
            "pitch": [
              0.8,
              1.2
            ]
          },
          "celebrate": "mob.villager.yes"
        }
      },
      "legacy:crossbow_villager_gold": {
        "volume": 1.0,
        "pitch": [
          0.8,
          1.2
        ],
        "events": {
          "ambient": "mob.villager.idle",
          "hurt": "mob.villager.hit",
          "attack": "mob.sword.sweep",
          "shoot": "crossbow.shoot",
          "death": "mob.villager.death",
          "angry": "mob.villager.no",
          "admire": "mob.villager.yes",
          "ambient.in.raid": {
            "sound": "mob.villager.idle",
            "volume": 3.0,
            "pitch": [
              0.8,
              1.2
            ]
          },
          "celebrate": "mob.villager.yes"
        }
      },
      "legacy:crossbow_villager_diamond": {
        "volume": 1.0,
        "pitch": [
          0.8,
          1.2
        ],
        "events": {
          "ambient": "mob.villager.idle",
          "hurt": "mob.villager.hit",
          "attack": "mob.sword.sweep",
          "shoot": "crossbow.shoot",
          "death": "mob.villager.death",
          "angry": "mob.villager.no",
          "admire": "mob.villager.yes",
          "ambient.in.raid": {
            "sound": "mob.villager.idle",
            "volume": 3.0,
            "pitch": [
              0.8,
              1.2
            ]
          },
          "celebrate": "mob.villager.yes"
        }
      },
      "legacy:hunter_villager": {
        "volume": 1.0,
        "pitch": [
          0.8,
          1.2
        ],
        "events": {
          "ambient": "mob.villager.idle",
          "hurt": "mob.villager.hit",
          "attack": "mob.sword.sweep",
          "shoot": "random.bow",
          "death": "mob.villager.death",
          "angry": "mob.villager.no",
          "death": "mob.villager.death",
          "admire": "mob.villager.yes",
          "ambient.in.raid": {
            "sound": "mob.villager.idle",
            "volume": 3.0,
            "pitch": [
              0.8,
              1.2
            ]
          },
          "celebrate": "mob.villager.yes"
        }
      },
      "legacy:archer_pillager": {
        "volume": 1.0,
        "pitch": [
          0.8,
          1.2
        ],
        "events": {
          "ambient": "mob.pillager.idle",
          "hurt": "mob.pillager.hurt",
          "shoot": "crossbow.shoot",
          "attack": "mob.sword.sweep",
          "death": "mob.pillager.death",
          "ambient.in.raid": {
            "sound": "mob.pillager.idle",
            "volume": 3.0,
            "pitch": [
              0.8,
              1.2
            ]
          },
          "celebrate": "mob.pillager.celebrate"
        }
      },
      "pillager": {
        "volume": 1.0,
        "pitch": [
          0.8,
          1.2
        ],
        "events": {
          "ambient": "mob.pillager.idle",
          "hurt": "mob.pillager.hurt",
          "shoot": "crossbow.shoot",
          "attack": "mob.sword.sweep",
          "death": "mob.pillager.death",
          "ambient.in.raid": {
            "sound": "mob.pillager.idle",
            "volume": 3.0,
            "pitch": [
              0.8,
              1.2
            ]
          },
          "celebrate": "mob.pillager.celebrate"
        }
      },
      "vindicator": {
        "volume": 1.0,
        "pitch": [
          0.8,
          1.2
        ],
        "events": {
          "ambient": "mob.vindicator.idle",
          "hurt": "mob.vindicator.hurt",
          "attack": "mob.sword.sweep",
          "shoot": "crossbow.shoot",
          "death": "mob.vindicator.death",
          "ambient.in.raid": {
            "sound": "mob.vindicator.idle",
            "volume": 3.0,
            "pitch": [
              0.8,
              1.2
            ]
          },
          "celebrate": "mob.vindicator.celebrate"
        }
      },
      "legacy:armored_vindicator_gold": {
        "volume": 1.0,
        "pitch": [
          0.8,
          0.8
        ],
        "events": {
          "ambient": "mob.vindicator.idle",
          "hurt": "mob.vindicator.hurt",
          "attack": "mob.sword.sweep",
          "shoot": "crossbow.shoot",
          "death": "mob.vindicator.death",
          "ambient.in.raid": {
            "sound": "mob.vindicator.idle",
            "volume": 3.0,
            "pitch": [
              0.8,
              0.8
            ]
          },
          "celebrate": "mob.vindicator.celebrate"
        }
      },
      "legacy:armored_vindicator_diamond": {
        "volume": 1.0,
        "pitch": [
          0.8,
          0.8
        ],
        "events": {
          "ambient": "mob.vindicator.idle",
          "hurt": "mob.vindicator.hurt",
          "attack": "mob.sword.sweep",
          "shoot": "crossbow.shoot",
          "death": "mob.vindicator.death",
          "ambient.in.raid": {
            "sound": "mob.vindicator.idle",
            "volume": 3.0,
            "pitch": [
              0.8,
              0.8
            ]
          },
          "celebrate": "mob.vindicator.celebrate"
        }
      },
      "legacy:armored_pillager_gold": {
        "volume": 1.0,
        "pitch": [
          0.8,
          1.2
        ],
        "events": {
          "ambient": "mob.pillager.idle",
          "hurt": "mob.pillager.hurt",
          "shoot": "crossbow.shoot",
          "attack": "mob.sword.sweep",
          "death": "mob.pillager.death",
          "ambient.in.raid": {
            "sound": "mob.pillager.idle",
            "volume": 3.0,
            "pitch": [
              0.8,
              1.2
            ]
          },
          "celebrate": "mob.pillager.celebrate"
        }
      },
      "legacy:armored_pillager_diamond": {
        "volume": 1.0,
        "pitch": [
          0.8,
          1.2
        ],
        "events": {
          "ambient": "mob.pillager.idle",
          "hurt": "mob.pillager.hurt",
          "shoot": "crossbow.shoot",
          "attack": "mob.sword.sweep",
          "death": "mob.pillager.death",
          "ambient.in.raid": {
            "sound": "mob.pillager.idle",
            "volume": 3.0,
            "pitch": [
              0.8,
              1.2
            ]
          },
          "celebrate": "mob.pillager.celebrate"
        }
      },
      "legacy:hunter_illager": {
        "volume": 1.0,
        "pitch": [
          0.8,
          1.2
        ],
        "events": {
          "ambient": "mob.pillager.idle",
          "hurt": "mob.pillager.hurt",
          "shoot": "crossbow.shoot",
          "attack": "mob.sword.sweep",
          "death": "mob.pillager.death",
          "ambient.in.raid": {
            "sound": "mob.pillager.idle",
            "volume": 3.0,
            "pitch": [
              0.8,
              1.2
            ]
          },
          "celebrate": "mob.pillager.celebrate"
        }
      },
      "legacy:healer_illager": {
        "volume": 1.0,
        "pitch": [
          0.8,
          1.2
        ],
        "events": {
          "ambient": "mob.evocation_illager.ambient",
          "death": "mob.evocation_illager.death",
          "hurt": "mob.evocation_illager.hurt",
          "cast.spell": "mob.evocation_illager.cast_spell",
          "prepare.attack": "mob.evocation_illager.prepare_attack",
          "prepare.summon": "mob.evocation_illager.prepare_summon",
          "prepare.wololo": "mob.evocation_illager.prepare_wololo",
          "ambient.in.raid": {
            "sound": "mob.evocation_illager.ambient",
            "volume": 3.0,
            "pitch": [
              0.8,
              1.2
            ]
          },
          "celebrate": "mob.evocation_illager.celebrate"
        }
      },
      "legacy:necromancer_illager": {
        "volume": 1.0,
        "pitch": [
          0.8,
          1.2
        ],
        "events": {
          "ambient": "mob.evocation_illager.ambient",
          "death": "mob.evocation_illager.death",
          "hurt": "mob.evocation_illager.hurt",
          "cast.spell": "mob.evocation_illager.cast_spell",
          "prepare.attack": "mob.evocation_illager.prepare_attack",
          "prepare.summon": "mob.evocation_illager.prepare_summon",
          "prepare.wololo": "mob.evocation_illager.celebrate",
          "ambient.in.raid": {
            "sound": "mob.evocation_illager.ambient",
            "volume": 3.0,
            "pitch": [
              0.8,
              1.2
            ]
          },
          "celebrate": "mob.evocation_illager.celebrate"
        }
      },
      "legacy:healer_villager": {
        "volume": 1.0,
        "pitch": [
          0.8,
          1.2
        ],
        "events": {
          "ambient": "mob.villager.idle",
          "death": "mob.villager.death",
          "hurt": "mob.villager.hit",
          "admire": "mob.villager.yes",
          "cast.spell": "mob.evocation_illager.cast_spell",
          "prepare.attack": "mob.evocation_illager.prepare_attack",
          "prepare.summon": "mob.evocation_illager.prepare_summon",
          "prepare.wololo": "mob.evocation_illager.prepare_wololo",
          "ambient.in.raid": {
            "sound": "mob.evocation_illager.ambient",
            "volume": 3.0,
            "pitch": [
              0.8,
              1.2
            ]
          },
          "celebrate": "mob.evocation_illager.celebrate"
        }
      },
      "legacy:wandering_illager": {
        "volume": 1.0,
        "pitch": [
          0.8,
          1.2
        ],
        "events": {
          "ambient": "mob.evocation_illager.ambient",
          "death": "mob.vindicator.death",
          "disappeared": "mob.wanderingtrader.disappeared",
          "drink": "mob.wanderingtrader.drink_potion",
          "haggle": "mob.evocation_illager.ambient",
          "haggle.yes": "mob.vindicator.celebrate",
          "haggle.no": "mob.evocation_illager.ambient",
          "hurt": "mob.vindicator.hurt",
          "reappeared": "mob.wanderingtrader.reappeared"
        }
      },
      "legacy:traveler_nitwit": {
        "volume": 1.0,
        "pitch": [
          0.8,
          1.2
        ],
        "events": {
          "ambient": "mob.villager.idle",
          "death": "mob.villager.death",
          "disappeared": "mob.wanderingtrader.disappeared",
          "drink": "mob.wanderingtrader.drink_potion",
          "haggle": "mob.villager.haggle",
          "haggle.yes": "mob.villager.yes",
          "haggle.no": "mob.villager.no",
          "hurt": "mob.villager.hit",
          "reappeared": "mob.wanderingtrader.reappeared"
        }
      },
      "legacy:pillager_squad_captain": {
        "volume": 1.0,
        "pitch": [
          0.8,
          1.2
        ],
        "events": {
          "ambient": "mob.pillager.idle",
          "hurt": "mob.pillager.hurt",
          "attack": "mob.sword.sweep",
          "shoot": "crossbow.shoot",
          "death": "mob.pillager.death",
          "ambient.in.raid": {
            "sound": "mob.pillager.idle",
            "volume": 3.0,
            "pitch": [
              0.8,
              1.2
            ]
          },
          "celebrate": "mob.pillager.celebrate"
        }
      },
      "legacy:vindicator_squad_captain": {
        "volume": 1.0,
        "pitch": [
          0.8,
          1.2
        ],
        "events": {
          "ambient": "mob.vindicator.idle",
          "hurt": "mob.vindicator.hurt",
          "attack": "mob.sword.sweep",
          "shoot": "crossbow.shoot",
          "death": "mob.vindicator.death",
          "ambient.in.raid": {
            "sound": "mob.vindicator.idle",
            "volume": 3.0,
            "pitch": [
              0.8,
              1.2
            ]
          },
          "celebrate": "mob.vindicator.celebrate"
        }
      },
      "legacy:evocation_illager": {
        "volume": 1.0,
        "pitch": [
          0.8,
          1.2
        ],
        "events": {
          "ambient": "mob.evocation_illager.ambient",
          "death": "mob.evocation_illager.death",
          "hurt": "mob.evocation_illager.hurt",
          "cast.spell": "mob.evocation_illager.cast_spell",
          "prepare.attack": "mob.evocation_illager.prepare_attack",
          "prepare.summon": "mob.evocation_illager.prepare_summon",
          "prepare.wololo": "mob.evocation_illager.prepare_wololo",
          "ambient.in.raid": {
            "sound": "mob.evocation_illager.ambient",
            "volume": 3.0,
            "pitch": [
              0.8,
              1.2
            ]
          },
          "celebrate": "mob.evocation_illager.celebrate"
        }
      },
      "legacy:evocation_villager": {
        "volume": 1.0,
        "pitch": [
          0.8,
          1.2
        ],
        "events": {
          "ambient": "mob.villager.idle",
          "death": "mob.villager.death",
          "hurt": "mob.villager.hit",
          "admire": "mob.villager.yes",
          "cast.spell": "mob.evocation_illager.cast_spell",
          "prepare.attack": "mob.evocation_illager.prepare_attack",
          "prepare.summon": "mob.evocation_illager.prepare_summon",
          "prepare.wololo": "mob.evocation_illager.prepare_wololo",
          "ambient.in.raid": {
            "sound": "mob.evocation_illager.ambient",
            "volume": 3.0,
            "pitch": [
              0.8,
              1.2
            ]
          },
          "celebrate": "mob.evocation_illager.celebrate"
        }
      },
      "legacy:smith_merchant_villager": {
        "volume": 1.0,
        "pitch": [
          0.8,
          1.2
        ],
        "events": {
          "ambient": "mob.villager.idle",
          "hurt": "mob.villager.hit",
          "attack": "mob.sword.sweep",
          "death": "mob.villager.death",
          "haggle": "mob.villager.haggle",
          "haggle.yes": "mob.villager.yes",
          "haggle.no": "mob.villager.no",
          "ambient.in.raid": {
            "sound": "mob.vindicator.idle",
            "volume": 3.0,
            "pitch": [
              0.8,
              1.2
            ]
          },
          "celebrate": "mob.villager.yes"
        }
      },
      "legacy:beekeeper_villager": {
        "volume": 1.0,
        "pitch": [
          0.8,
          1.2
        ],
        "events": {
          "ambient": "mob.villager.idle",
          "hurt": "mob.villager.hit",
          "attack": "mob.sword.sweep",
          "death": "mob.villager.death",
          "haggle": "mob.villager.haggle",
          "haggle.yes": "mob.villager.yes",
          "haggle.no": "mob.villager.no",
          "ambient.in.raid": {
            "sound": "mob.vindicator.idle",
            "volume": 3.0,
            "pitch": [
              0.8,
              1.2
            ]
          },
          "celebrate": "mob.villager.yes"
        }
      },
      "legacy:villager_vex": {
        "volume": 1.0,
        "pitch": [ 0.8, 1.2 ],
        "events": {
          "ambient": "mob.vex.ambient",
          "attack": "mob.sword.sweep",
          "death": "mob.vex.death",
          "hurt": "mob.vex.hurt",
          "charge": "mob.vex.charge"
        }
      },
      "legacy:iron_minion": {
        "volume": 1.0,
        "pitch": [
          0.8,
          1.2
        ],
        "events": {
          "ambient": "mob.irongolem.say",
          "hurt": "mob.irongolem.hit",
          "attack": "mob.sword.sweep",
          "death": "mob.irongolem.death",
          "ambient.in.raid": {
            "sound": "mob.irongolem.say",
            "volume": 3.0,
            "pitch": [
              0.8,
              1.2
            ]
          },
          "celebrate": "mob.irongolem.say"
        }
      },
      "legacy:iron_minion_upgraded": {
        "volume": 1.0,
        "pitch": [
          0.8,
          1.2
        ],
        "events": {
          "ambient": "mob.irongolem.say",
          "hurt": "mob.irongolem.hit",
          "attack": "mob.sword.sweep",
          "death": "mob.irongolem.death",
          "ambient.in.raid": {
            "sound": "mob.irongolem.say",
            "volume": 3.0,
            "pitch": [
              0.8,
              1.2
            ]
          },
          "celebrate": "mob.irongolem.say"
        }
      },
      "legacy:iron_minion_gold": {
        "volume": 1.0,
        "pitch": [
          0.8,
          1.2
        ],
        "events": {
          "ambient": "mob.irongolem.say",
          "hurt": "mob.irongolem.hit",
          "attack": "mob.sword.sweep",
          "death": "mob.irongolem.death",
          "ambient.in.raid": {
            "sound": "mob.irongolem.say",
            "volume": 3.0,
            "pitch": [
              0.8,
              1.2
            ]
          },
          "celebrate": "mob.irongolem.say"
        }
      },
      "legacy:iron_minion_diamond": {
        "volume": 1.0,
        "pitch": [
          0.8,
          1.2
        ],
        "events": {
          "ambient": "mob.irongolem.say",
          "hurt": "mob.irongolem.hit",
          "attack": "mob.sword.sweep",
          "death": "mob.irongolem.death",
          "ambient.in.raid": {
            "sound": "mob.irongolem.say",
            "volume": 3.0,
            "pitch": [
              0.8,
              1.2
            ]
          },
          "celebrate": "mob.irongolem.say"
        }
      },
      "legacy:illager": {
        "volume": 1.0,
        "pitch": [
          0.8,
          1.2
        ],
        "events": {
          "ambient": "mob.vindicator.idle",
          "hurt": "mob.vindicator.hurt",
          "death": "mob.vindicator.death",
          "death.to.zombie": "mob.vindicator.death",
          "haggle": "mob.vindicator.idle",
          "haggle.yes": "mob.vindicator.celebrate",
          "haggle.no": "mob.vindicator.idle"
        }
      },
      "legacy:executioner_illager": {
        "volume": 1.0,
        "pitch": [
          0.8,
          1.2
        ],
        "events": {
          "ambient": "mob.vindicator.idle",
          "hurt": "mob.vindicator.hurt",
          "attack": "mob.sword.sweep",
          "shoot": "crossbow.shoot",
          "death": "mob.vindicator.death",
          "ambient.in.raid": {
            "sound": "mob.vindicator.idle",
            "volume": 3.0,
            "pitch": [
              0.8,
              1.2
            ]
          },
          "celebrate": "mob.vindicator.celebrate"
        }
      },
      "legacy:basher_illager": {
        "volume": 1.0,
        "pitch": [
          0.8,
          1.2
        ],
        "events": {
          "ambient": "mob.vindicator.idle",
          "hurt": "mob.vindicator.hurt",
          "attack": "mob.sword.sweep",
          "shoot": "crossbow.shoot",
          "death": "mob.vindicator.death",
          "ambient.in.raid": {
            "sound": "mob.vindicator.idle",
            "volume": 3.0,
            "pitch": [
              0.8,
              1.2
            ]
          },
          "celebrate": "mob.vindicator.celebrate"
        }
      },
      "legacy:announcer_illager": {
        "volume": 1.0,
        "pitch": [
          0.8,
          1.2
        ],
        "events": {
          "ambient": "mob.pillager.idle",
          "hurt": "mob.pillager.hurt",
          "attack": "mob.sword.sweep",
          "shoot": "crossbow.shoot",
          "death": "mob.pillager.death",
          "cast.spell": {
            "sound": "illager.sound.horn",
            "volume": 3.0,
            "pitch": [
              1.0,
              1.0
            ]
          },
          "ambient.in.raid": {
            "sound": "mob.vindicator.idle",
            "volume": 3.0,
            "pitch": [
              0.8,
              1.2
            ]
          },
          "celebrate": "mob.vindicator.celebrate"
        }
      },
      "legacy:evocation_illager_boss": {
        "volume": 1.0,
        "pitch": [
          0.8,
          1.2
        ],
        "events": {
          "ambient": "mob.evocation_illager.ambient",
          "death": "mob.evocation_illager.death",
          "hurt": "mob.evocation_illager.hurt",
          "cast.spell": "mob.evocation_illager.cast_spell",
          "prepare.attack": "mob.evocation_illager.prepare_attack",
          "prepare.summon": "mob.evocation_illager.prepare_summon",
          "prepare.wololo": "mob.evocation_illager.prepare_wololo",
          "ambient.in.raid": {
            "sound": "mob.evocation_illager.ambient",
            "volume": 3.0,
            "pitch": [
              0.8,
              1.2
            ]
          },
          "celebrate": "mob.evocation_illager.celebrate"
        }
      },
      "legacy:evocation_illager_boss_transformed": {
        "volume": 1.0,
        "pitch": [
          0.8,
          1.2
        ],
        "events": {
          "ambient": "mob.evocation_illager.ambient",
          "death": "mob.evocation_illager.death",
          "hurt": "mob.evocation_illager.hurt",
          "cast.spell": "mob.evocation_illager.cast_spell",
          "prepare.attack": "mob.evocation_illager.prepare_attack",
          "prepare.summon": "mob.evocation_illager.prepare_summon",
          "prepare.wololo": "mob.evocation_illager.prepare_wololo",
          "ambient.in.raid": {
            "sound": "mob.evocation_illager.ambient",
            "volume": 3.0,
            "pitch": [
              0.8,
              1.2
            ]
          },
          "celebrate": "mob.evocation_illager.celebrate"
        }
      },
      "legacy:illusioner_illager": {
        "volume": 1.0,
        "pitch": [
          0.8,
          1.2
        ],
        "events": {
          "ambient": "mob.illusioner.ambient",
          "death": "mob.illusioner_clone.death",
          "hurt": "mob.illusioner.hurt",
          "shoot": "crossbow.shoot",
          "attack": "mob.sword.sweep",
          "cast.spell": "mob.illusioner.prepare_mirror",
          "prepare.attack": "mob.illusioner.prepare_mirror",
          "prepare.summon": "mob.illusioner.prepare_blindness",
          "prepare.wololo": "mob.evocation_illager.prepare_wololo",
          "ambient.in.raid": {
            "sound": "mob.illusioner.ambient",
            "volume": 3.0,
            "pitch": [
              0.8,
              1.2
            ]
          },
          "celebrate": "mob.illusioner.ambient"
        }
      },
      "legacy:illusioner_illager_clone": {
        "volume": 1.0,
        "pitch": [
          0.8,
          1.2
        ],
        "events": {
          "ambient": "mob.illusioner.ambient",
          "hurt": "mob.illusioner.hurt",
          "shoot": "crossbow.shoot",
          "attack": "mob.sword.sweep",
          "death": "mob.illusioner_clone.death",
          "ambient.in.raid": {
            "sound": "mob.illusioner.ambient",
            "volume": 3.0,
            "pitch": [
              0.8,
              1.2
            ]
          },
          "celebrate": "mob.illusioner.ambient"
        }
      },
      "legacy:trader_illager_llama": {
        "volume": 0.8,
        "pitch": [ 0.8, 1.2 ],
        "events": {
          "ambient": "mob.llama.idle",
          "death": "mob.llama.death",
          "hurt": "mob.llama.hurt",
          "mad": "mob.llama.angry",
          "shoot": "mob.llama.spit",
          "step": {
            "sound": "mob.llama.step",
            "volume": 0.15,
            "pitch": 1.0
          },
          "armor": {
            "sound": "mob.llama.swag",
            "volume": 0.5,
            "pitch": 1.0
          },
          "add.chest": {
            "sound": "mob.horse.armor",
            "volume": 1.0,
            "pitch": [ 0.8, 1.2 ]
          },
          "eat": {
            "sound": "mob.llama.eat",
            "volume": [ 0.5, 1.5 ],
            "pitch": [ 0.8, 1.2 ]
          }
        }
      },
      "legacy:wandering_trader": {
        "volume": 1.0,
        "pitch": [ 0.8, 1.2 ],
        "events": {
          "ambient": "mob.wanderingtrader.idle",
          "death": "mob.wanderingtrader.death",
          "disappeared": "mob.wanderingtrader.disappeared",
          "drink": "mob.wanderingtrader.drink_potion",
          "haggle": "mob.wanderingtrader.haggle",
          "haggle.yes": "mob.wanderingtrader.yes",
          "haggle.no": "mob.wanderingtrader.no",
          "hurt": "mob.wanderingtrader.hurt",
          "reappeared": "mob.wanderingtrader.reappeared"
        }
      },
      "legacy:knight_illager": {
        "volume": 1.0,
        "pitch": [
          0.8,
          1.2
        ],
        "events": {
          "ambient": "mob.vindicator.idle",
          "hurt": "mob.vindicator.hurt",
          "attack": "mob.vindicator.novelty",
          "shoot": "crossbow.shoot",
          "death": "mob.vindicator.death",
          "step": "mob.horse.land",
          "ambient.in.raid": {
            "sound": "mob.vindicator.idle",
            "volume": 3.0,
            "pitch": [
              0.8,
              1.2
            ]
          },
          "celebrate": "mob.vindicator.celebrate"
        }
      },
      "legacy:knight_villager": {
        "volume": 1.0,
        "pitch": [
          0.8,
          1.2
        ],
        "events": {
          "ambient": "mob.villager.idle",
          "hurt": "mob.villager.hit",
          "shoot": "crossbow.shoot",
          "attack": "mob.sword.sweep",
          "death": "mob.villager.death",
          "angry": "mob.villager.no",
          "admire": "mob.villager.yes",
          "step": "mob.horse.land",
          "ambient.in.raid": {
            "sound": "mob.villager.idle",
            "volume": 3.0,
            "pitch": [
              0.8,
              1.2
            ]
          },
          "celebrate": "mob.villager.yes"
        }
      },
      "legacy:knight_villager_iron": {
        "volume": 1.0,
        "pitch": [
          0.8,
          1.2
        ],
        "events": {
          "ambient": "mob.villager.idle",
          "hurt": "mob.villager.hit",
          "shoot": "crossbow.shoot",
          "attack": "mob.sword.sweep",
          "death": "mob.villager.death",
          "angry": "mob.villager.no",
          "admire": "mob.villager.yes",
          "step": "mob.horse.land",
          "ambient.in.raid": {
            "sound": "mob.villager.idle",
            "volume": 3.0,
            "pitch": [
              0.8,
              1.2
            ]
          },
          "celebrate": "mob.villager.yes"
        }
      },
      "legacy:knight_villager_gold": {
        "volume": 1.0,
        "pitch": [
          0.8,
          1.2
        ],
        "events": {
          "ambient": "mob.villager.idle",
          "hurt": "mob.villager.hit",
          "attack": "mob.sword.sweep",
          "shoot": "crossbow.shoot",
          "death": "mob.villager.death",
          "angry": "mob.villager.no",
          "admire": "mob.villager.yes",
          "step": "mob.horse.land",
          "ambient.in.raid": {
            "sound": "mob.villager.idle",
            "volume": 3.0,
            "pitch": [
              0.8,
              1.2
            ]
          },
          "celebrate": "mob.villager.yes"
        }
      },
      "legacy:knight_villager_diamond": {
        "volume": 1.0,
        "pitch": [
          0.8,
          1.2
        ],
        "events": {
          "ambient": "mob.villager.idle",
          "hurt": "mob.villager.hit",
          "attack": "mob.sword.sweep",
          "shoot": "crossbow.shoot",
          "death": "mob.villager.death",
          "angry": "mob.villager.no",
          "admire": "mob.villager.yes",
          "step": "mob.horse.land",
          "ambient.in.raid": {
            "sound": "mob.villager.idle",
            "volume": 3.0,
            "pitch": [
              0.8,
              1.2
            ]
          },
          "celebrate": "mob.villager.yes"
        }
      },
      "legacy:royal_guard_illager": {
        "volume": 1.0,
        "pitch": [
          0.8,
          1.2
        ],
        "events": {
          "ambient": "mob.vindicator.idle",
          "hurt": "mob.vindicator.hurt",
          "attack": "mob.royal_guard.attack",
          "shoot": "crossbow.shoot",
          "death": "mob.vindicator.death",
          "step": "mob.royal_guard.step",
          "ambient.in.raid": {
            "sound": "mob.vindicator.idle",
            "volume": 3.0,
            "pitch": [
              0.8,
              1.2
            ]
          },
          "celebrate": "mob.vindicator.celebrate"
        }
      }
    }
  }
}