{
	"pools": [
		{
			"rolls": {
				"min": 4,
				"max": 5
			},
			"entries": [
				{
					"type": "item",
					"name": "minecraft:iron_ingot",
					"weight": 100,
					"functions": [
						{
							"function": "set_count",
							"count": {
								"min": 3,
								"max": 6
							}
						}
					]
				},
				{
					"type": "item",
					"name": "minecraft:gold_ingot",
					"weight": 100,
					"functions": [
						{
							"function": "set_count",
							"count": {
								"min": 3,
								"max": 9
							}
						}
					]
				},
				{
					"type": "item",
					"name": "minecraft:iron_sword",
					"weight": 15,
					"functions": [
						{
							"function": "enchant_with_levels",
							"levels": {
								"min": 20,
								"max": 30
							}
						}
					]
				},
				{
					"type": "item",
					"name": "minecraft:diamond",
					"weight": 2,
					"functions": [
						{
							"function": "set_count",
							"count": {
								"min": 1,
								"max": 2
							}
						}
					]
				},
				{
					"type": "item",
					"name": "minecraft:diamond_sword",
					"weight": 1,
					"functions": [
						{
							"function": "enchant_with_levels",
							"levels": {
								"min": 20,
								"max": 30
							}
						}
					]
				},
				{
					"type": "item",
					"name": "minecraft:iron_pickaxe",
					"weight": 10,
					"functions": [
						{
							"function": "enchant_with_levels",
							"levels": {
								"min": 20,
								"max": 30
							}
						}
					]
				},
				{
					"type": "item",
					"name": "minecraft:diamond_pickaxe",
					"weight": 1,
					"functions": [
						{
							"function": "enchant_with_levels",
							"levels": {
								"min": 20,
								"max": 30
							}
						}
					]
				},
				{
					"type": "item",
					"name": "minecraft:iron_axe",
					"weight": 8,
					"functions": [
						{
							"function": "enchant_with_levels",
							"levels": {
								"min": 20,
								"max": 30
							}
						}
					]
				},
				{
					"type": "item",
					"name": "minecraft:book",
					"weight": 2,
					"functions": [
						{
							"function": "specific_enchants",
							"enchants": [
								{
									"id": "mending",
									"level": [
										1,
										1
									]
								}
							]
						}
					]
				},
				{
					"type": "item",
					"name": "minecraft:book",
					"weight": 5,
					"functions": [
						{
							"function": "enchant_with_levels",
							"levels": {
								"min": 30,
								"max": 30
							}
						}
					]
				},
				{
					"type": "item",
					"name": "minecraft:arrow",
					"weight": 80,
					"functions": [
						{
							"function": "set_count",
							"count": {
								"min": 10,
								"max": 20
							}
						}
					]
				},
				{
					"type": "item",
					"name": "minecraft:bow",
					"weight": 10,
					"functions": [
						{
							"function": "enchant_with_levels",
							"levels": {
								"min": 10,
								"max": 20
							}
						}
					]
				},
				{
					"type": "item",
					"name": "minecraft:crossbow",
					"weight": 20,
					"functions": [
						{
							"function": "enchant_with_levels",
							"levels": {
								"min": 10,
								"max": 20
							}
						}
					]
				},
				{
					"type": "item",
					"name": "minecraft:ender_pearl",
					"weight": 3,
					"functions": [
						{
							"function": "set_count",
							"count": {
								"min": 1,
								"max": 3
							}
						}
					]
				},
				{
					"type": "item",
					"name": "zd:steel",
					"weight": 98,
					"functions": [
						{
							"function": "set_count",
							"count": {
								"min": 1,
								"max": 3
							}
						}
					]
				},
				{
					"type": "item",
					"name": "minecraft:emerald",
					"weight": 60,
					"functions": [
						{
							"function": "set_count",
							"count": {
								"min": 1,
								"max": 5
							}
						}
					]
				},
				{
					"type": "item",
					"name": "zd:desert_spear",
					"weight": 1
				},
				{
					"type": "item",
					"name": "zd:pillager_pistol",
					"weight": 2,
					"functions": {}
				}
			]
		}
	]
}