{
	"pools": [
		{
			"rolls": {
				"min": 3,
				"max": 4
			},
			"entries": [
				{
					"type": "item",
					"weight": 10,
					"functions": [
						{
							"function": "set_count",
							"count": {
								"min": 1,
								"max": 3
							}
						}
					],
					"name": "minecraft:iron_ingot"
				},
				{
					"type": "item",
					"weight": 40,
					"name": "minecraft:bread",
					"functions": [
						{
							"function": "set_count",
							"count": {
								"min": 1,
								"max": 4
							}
						}
					]
				},
				{
					"type": "item",
					"name": "minecraft:iron_helmet",
					"weight": 1
				},
				{
					"type": "item",
					"name": "zd:steel",
					"weight": 5,
					"functions": [
						{
							"function": "set_count",
							"count": {
								"min": 1,
								"max": 3
							}
						}
					]
				},
				{
					"type": "item",
					"name": "minecraft:copper_ingot",
					"weight": 20,
					"functions": [
						{
							"function": "set_count",
							"count": {
								"min": 3,
								"max": 5
							}
						}
					]
				},
				{
					"type": "item",
					"name": "minecraft:iron_chestplate",
					"weight": 2
				},
				{
					"type": "item",
					"name": "minecraft:iron_leggings",
					"weight": 2
				},
				{
					"type": "item",
					"name": "minecraft:iron_boots",
					"weight": 2
				},
				{
					"type": "item",
					"name": "minecraft:emerald",
					"weight": 1
				},
				{
					"type": "item",
					"name": "minecraft:stick",
					"weight": 50,
					"functions": [
						{
							"function": "set_count",
							"count": {
								"min": 4,
								"max": 8
							}
						}
					]
				},
				{
					"type": "item",
					"name": "minecraft:string",
					"weight": 50,
					"functions": [
						{
							"function": "set_count",
							"count": {
								"min": 2,
								"max": 4
							}
						}
					]
				},
				{
					"type": "item",
					"name": "minecraft:feather",
					"weight": 50,
					"functions": [
						{
							"function": "set_count",
							"count": {
								"min": 1,
								"max": 5
							}
						}
					]
				},
				{
					"type": "item",
					"name": "minecraft:stone_axe",
					"weight": 2,
					"functions": [
						{
							"function": "enchant_with_levels",
							"levels": {
								"min": 10,
								"max": 20
							}
						}
					]
				},
				{
					"type": "item",
					"name": "minecraft:stone_pickaxe",
					"weight": 3,
					"functions": [
						{
							"function": "enchant_with_levels",
							"levels": {
								"min": 10,
								"max": 20
							}
						}
					]
				},
				{
					"type": "item",
					"name": "minecraft:iron_sword",
					"weight": 1,
					"functions": [
						{
							"function": "enchant_with_levels",
							"levels": {
								"min": 20,
								"max": 30
							}
						}
					]
				},
				{
					"type": "item",
					"name": "zd:hunter_spear",
					"weight": 1
				},
				{
					"type": "item",
					"name": "zd:musket_shell",
					"weight": 30,
					"functions": [
						{
							"function": "set_count",
							"count": {
								"min": 5,
								"max": 10
							}
						}
					]
				}
			]
		}
	]
}