{
	"format_version": "1.16.100",
	"minecraft:entity": {
		"description": {
			"identifier": "mv:press",
			"runtime_identifier": "minecraft:arrow",
			"is_spawnable": false,
			"is_summonable": true,
			"is_experimental": false
		},
		"component_groups": {
			"mv:despawn": {
				"minecraft:instant_despawn": {}
			}
		},
		"components": {
			"minecraft:timer": {
				"looping": false,
				"time": 1,
				"time_down_event": {
					"event": "mv:despawn"
				}
			},
                    "minecraft:type_family": {
                          "family": [ "button_press", "ignore" ]
                    },
			"minecraft:collision_box": {
				"width": 1,
				"height": 1
			},
			"minecraft:projectile": {
				"on_hit": {
					"impact_damage": {
						"damage": [0,0],
						"knockback": false,
						"semi_random_diff_damage": false,
						"destroy_on_hit": true
					},
                                 "remove_on_hit": { },
					"stick_in_ground": {
						"shake_time": 0.1
					},
					"arrow_effect": {}
				},
				"power": 1.6,
				"gravity": 0.05,
				"uncertainty_base": 16,
				"uncertainty_multiplier": 4,
				"anchor": 1,
				"should_bounce": true,
				"offset": [
					0,
					0.5,
					0
				]
			},
			"minecraft:physics": {},
			"minecraft:pushable": {
				"is_pushable": false,
				"is_pushable_by_piston": true
			},
			"minecraft:type_family": {
				"family": [
					"button_presser"
				]
			}
		},
		"events": {
			"mv:despawn": {
				"add": {
					"component_groups": [
						"mv:despawn"
					]
				}
			}
		}
	}
}