{
	"format_version": "1.17.0",
	"minecraft:entity": {
		"description": {
			"identifier": "mv:ice_knockback",
			"is_summonable": true,
			"is_spawnable": false,
			"is_experimental": false
		},
		"component_groups": {
			"mv:despawn": {
				"minecraft:instant_despawn": {}
			}
		},
		"components": {
			"minecraft:type_family": {
				"family": [
					"inanimate",
					"ignore"
				]
			},
			"minecraft:health": {
				"max": 20,
				"value": 20
			},
			"minecraft:damage_sensor": {
				"triggers": [
					{
						"cause": "all",
						"deals_damage": false
					}
				]
			},
			"minecraft:custom_hit_test": {
				"hitboxes": [
					{
						"pivot": [
							0,
							1000,
							0
						],
						"width": 0,
						"height": 0
					}
				]
			},
			"minecraft:behavior.knockback_roar": {
				"attack_time": 0.05,
				"cooldown_time": 0,
				"duration": 0.05,
				"knockback_damage": 0,
				"knockback_filters": {
					"test": "is_family",
					"subject": "other",
                                 "operator": "!=",
					"value": "illager"
				},
				"knockback_height_cap": 10,
				"knockback_horizontal_strength": 1.6,
				"knockback_range": 2.2,
				"knockback_vertical_strength": 1.1,
				"on_roar_end": {
					"event": "mv:despawn",
					"target": "self"
				}
			},
			"minecraft:tick_world": {},
			"minecraft:nameable": {
				"allow_name_tag_renaming": false
			},
			"minecraft:physics": {
				"has_collision": false,
				"has_gravity": false
			},
			"minecraft:pushable": {
				"is_pushable": false,
				"is_pushable_by_piston": false
			}
		},
		"events": {
			"mv:despawn": {
				"add": {
					"component_groups": [
						"mv:despawn"
					]
				}
			}
		}
	}
}