{
  "format_version": "1.19.0",
  "minecraft:entity": {
    "description": {
      "identifier": "mv:ice_chunk",
      "is_summonable": true,
      "is_spawnable": false,
      "is_experimental": false,
         "scripts":{
            "animate":[
               "ground_controller"
            ]
         },
         "animations":{
            "ground_controller":"controller.animation.ice_chunk"
         }
      },
      "component_groups": {
      "mv:no_gravity": {
        "minecraft:physics": {
          "has_gravity": false,
          "has_collision": true
        },
      "minecraft:timer": {
        "looping": false,
        "time": 0.8,
        "time_down_event": {
          "event": "mv:fall"
        }
      },
        "minecraft:is_shaking": {}
      },
      "mv:fall": {
        "minecraft:physics": {
          "has_gravity": true,
          "has_collision": true
        },
        "minecraft:variant":{
          "value": 1
         }
      },
      "mv:hit": {
        "minecraft:instant_despawn": {}
      }
    },
    "components": {
      "minecraft:type_family": {
        "family": [
          "inanimate"
        ]
      },
      "minecraft:health": {
        "max": 20,
        "value": 20
      },
      "minecraft:scale": {
        "value": 1.8
      },
      "minecraft:damage_sensor": {
        "triggers": [
          {
            "cause": "all",
            "deals_damage": false
          }
        ]
      },
      "minecraft:physics": {
        "has_collision": true,
        "has_gravity": false
      },
      "minecraft:knockback_resistance": {
        "value": 1.0
      },
      "minecraft:pushable": {
        "is_pushable": false,
        "is_pushable_by_piston": false
      },
      "minecraft:collision_box": {
        "width": 0.6,
        "height": 0.5
      }
    },
    "events": {
      "minecraft:entity_spawned": {
        "add": {
          "component_groups": [
            "mv:no_gravity"
          ]
        },
        "run_command": {
          "command": [
            "tp ~~4.5 ~"
          ]
        }
      },
      "mv:hit": {
        "run_command": {
          "command": [
            "particle mv:ice_explosion",
            "playsound random.glass @a[r=64] ~~~",
            "summon mv:ice_knockback ~~-1~",
            "effect @e[type=!item,family=!iceologer,family=!inanimate,type=!item,r=2] slowness 1 8 true",
            "damage @e[type=!item,type=!mv:iceologer,family=!inanimate,type=!item,r=2] 7 freezing"
          ]
        },
        "add": {
          "component_groups": [
            "mv:hit"
          ]
        }
      },
      "mv:fall": {
        "add": {
          "component_groups": [
            "mv:fall"
          ]
        },
        "remove": {
          "component_groups": [
            "mv:no_gravity"
          ]
        },
        "run_command": {
          "command": [
            "tag @s add ready"
          ]
        }
      }
    }
  }
}