{
  "format_version": "1.16.0",
  "minecraft:entity": {
    "description": {
      "identifier": "mobs:clone_illager",
      "is_spawnable": false,
      "is_summonable": true,
      "is_experimental": false,
		"scripts": {
			"animate": [
				"walk"
			]
		},
		"animations": {
			"walk": "controller.animation.clone.die"
		}
    },
    "components": {
      "minecraft:breathable": {
        "total_supply": 15,
        "suffocate_time": 0,
        "breathes_water": true
      },
      "minecraft:collision_box": {
        "width": 0.6,
        "height": 1.9
      },
      "minecraft:nameable": {},
		"minecraft:is_baby": {},
      "minecraft:health": {
        "value": 10,
        "max": 10
      },
       "minecraft:teleport": {
         "random_teleports": false,
         "max_random_teleport_time": 12,
         "random_teleport_cube": [ 8, 0, 8 ],
         "target_distance": 4,
         "target_teleport_chance": 0.03,
         "light_teleport_chance": 0.0
      },
      "minecraft:hurt_on_condition": {
        "damage_conditions": [
          {
            "filters": { "test": "in_lava", "subject": "self", "operator": "==", "value": true },
            "cause": "lava",
            "damage_per_tick": 4
          }
        ]
      },
	  	"minecraft:damage_sensor": {
		 	"triggers": [
		   	{
		   		"on_damage": {
					 	"filters": {
			    			"test": "is_family",
					  		"subject": "other",
							"value": "illusion_team"
				   	}
			  		},
				 	"deals_damage": false
		 		},
		   	{
		   		"on_damage": {
					 	"filters": {
			    			"test": "is_family",
					  		"subject": "other",
							"value": "firework"
				   	}
			  		},
				 	"deals_damage": true,
				 	"damage_multiplier": 0.7
		 		}
		  	]
   	},
      "minecraft:movement": {
        "value": 0.27
      },
		"minecraft:behavior.follow_parent": {
			"priority": 5,
			"speed_multiplier": 1.2,
        "within_radius": 48,
        "follow_distance": 5
		},
      "minecraft:navigation.walk": {
        "is_amphibious": true,
        "avoid_water": true
      },
      "minecraft:movement.basic": {
      },
      "minecraft:jump.static": {
      },
      "minecraft:can_climb": {
      },
		"minecraft:equipment": {
			"table": "loot_tables/entities/armor/bow.json"
		},
      "minecraft:shooter": {
        "def": "minecraft:arrow"
      },
      "minecraft:despawn": {
        "despawn_from_distance": {}
      },
		"minecraft:behavior.float": {
			"priority": 0
		},
      "minecraft:behavior.ranged_attack": {
        "priority": 2,
        "attack_interval_min": 1.2,
        "attack_interval_max": 2.2,
        "attack_radius": 10.0,
		  "speed_multiplier": 1.1
      },
      "minecraft:behavior.hurt_by_target": {
        "priority": 1,
        "entity_types": {
          "filters": {
            "test": "is_family",
            "subject": "other",
            "operator": "!=",
            "value": "illager"
          },
          "max_dist": 64
        }
      },
			"minecraft:behavior.nearest_attackable_target": {
				"priority": 2,
				"entity_types": [
					{
						"filters": {
							"any_of": [
								{
									"test": "is_family",
									"subject": "other",
									"value": "player"
								},
								{
									"test": "is_family",
									"subject": "other",
									"value": "snowgolem"
								},
								{
									"test": "is_family",
									"subject": "other",
									"value": "irongolem"
								},
								{
									"test": "is_family",
									"subject": "other",
									"value": "wandering_trader"
								}
							]
						},
						"max_dist": 20
					},
					{
						"filters": {
							"all_of": [
								{
									"test": "is_family",
									"subject": "other",
									"value": "villager"
								},
								{
									"test": "has_component",
									"subject": "other",
									"operator": "!=",
									"value": "minecraft:is_baby"
								}
							]
						},
						"max_dist": 20
					}
				],
				"must_see": true
			},
      "minecraft:behavior.random_stroll": {
        "priority": 6,
        "speed_multiplier": 1
      },
      "minecraft:behavior.look_at_player": {
        "priority": 7,
        "look_distance": 8
      },
      "minecraft:behavior.random_look_around": {
        "priority": 8
      },
      "minecraft:type_family": {
        "family": [ "illager", "clone_illager", "illusion_team", "illusioner", "monster" ]
      },
      "minecraft:physics": {
      },
		"minecraft:follow_range": {
			"value": 48
		},
      "minecraft:pushable": {
        "is_pushable": true,
        "is_pushable_by_piston": true
      }
    }
  }
}