{
  "format_version": "1.16.0",
  "minecraft:entity": {
    "description": {
      "identifier": "mobs:false_illager",
      "is_spawnable": false,
      "is_summonable": false,
      "is_experimental": false,
		"scripts": {
			"animate": [
				"walk"
			]
		},
		"animations": {
			"walk": "controller.animation.clone.die"
		}
    },
	"component_groups": {
		"mobs:clone_aggro": {
        "minecraft:angry": {
          "duration": -1,
          "broadcast_anger": true,
          "broadcast_anger_on_attack": true,
          "broadcast_anger_on_being_attacked": true,
          "broadcast_range": 12,
          "broadcast_targets": [
            "false_illager"
          ],
          "calm_event": {
            "event": "minecraft:stop_aggro",
            "target": "self"
          },
          "angry_sound": "angry",
          "sound_interval": {
             "range_min": 2.0,
             "range_max": 5.0
          }
        }
		},
      "mobs:calm": {
		   "minecraft:mark_variant": {
		 	  "value": 2
		   }
       },
      "mobs:attack_time1": {
         "minecraft:behavior.ranged_attack": {
           "priority": 2,
           "attack_interval_min": 1,
           "attack_interval_max": 1,
           "attack_radius": 14.0,
           "attack_radius_min": 3.0,
	   	  "speed_multiplier": 1.3
         },
    	   "minecraft:timer": {
           "time": 4,
   	  	  "looping": false,
	   	  "time_down_event": {
   		  "event": "mobs:cooldown1"
	        }
   	   },
		   "minecraft:mark_variant": {
		 	  "value": 1
		   }
       },
      "mobs:attack_time2": {
         "minecraft:behavior.ranged_attack": {
           "priority": 2,
           "attack_interval_min": 1,
           "attack_interval_max": 1,
           "attack_radius": 14.0,
           "attack_radius_min": 3.0,
	   	  "speed_multiplier": 1.3
         },
    	   "minecraft:timer": {
           "time": 5,
   	  	  "looping": false,
	   	  "time_down_event": {
   		  "event": "mobs:cooldow2"
	        }
   	   },
		   "minecraft:mark_variant": {
		 	  "value": 1
		   }
       },
      "mobs:attack_time3": {
         "minecraft:behavior.ranged_attack": {
           "priority": 2,
           "attack_interval_min": 1,
           "attack_interval_max": 1,
           "attack_radius": 14.0,
           "attack_radius_min": 3.0,
	   	  "speed_multiplier": 1.3
         },
    	   "minecraft:timer": {
           "time": 6,
   	  	  "looping": false,
	   	  "time_down_event": {
   		  "event": "mobs:cooldown3"
	        }
   	   },
		   "minecraft:mark_variant": {
		 	  "value": 1
		   }
       },
      "mobs:attack_time4": {
         "minecraft:behavior.ranged_attack": {
           "priority": 2,
           "attack_interval_min": 1,
           "attack_interval_max": 1,
           "attack_radius": 14.0,
           "attack_radius_min": 3.0,
	   	  "speed_multiplier": 1.3
         },
    	   "minecraft:timer": {
           "time": 7,
   	  	  "looping": false,
	   	  "time_down_event": {
   		  "event": "mobs:cooldown4"
	        }
   	   },
		   "minecraft:mark_variant": {
		 	  "value": 1
		   }
       },
      "mobs:time0": {
    	   "minecraft:timer": {
           "time": 0,
   	  	  "looping": false,
	   	  "time_down_event": {
   		  "event": "mobs:time_down"
	        }
   	   },
		   "minecraft:mark_variant": {
		 	  "value": 2
		   }
       },
      "mobs:time1": {
    	   "minecraft:timer": {
           "time": 3,
   	  	  "looping": false,
	   	  "time_down_event": {
   		  "event": "mobs:time_down"
	        }
   	   },
		   "minecraft:mark_variant": {
		 	  "value": 2
		   }
       },
      "mobs:time2": {
    	   "minecraft:timer": {
           "time": 4,
   	  	  "looping": false,
	   	  "time_down_event": {
   		  "event": "mobs:time_down"
	        }
   	   },
		   "minecraft:mark_variant": {
		 	  "value": 2
		   }
       },
      "mobs:time3": {
    	   "minecraft:timer": {
           "time": 5,
   	  	  "looping": false,
	   	  "time_down_event": {
   		  "event": "mobs:time_down"
	        }
   	   },
		   "minecraft:mark_variant": {
		 	  "value": 2
		   }
       },
      "mobs:time4": {
    	   "minecraft:timer": {
           "time": 6,
   	  	  "looping": false,
	   	  "time_down_event": {
   		  "event": "mobs:time_down"
	        }
   	   },
		   "minecraft:mark_variant": {
		 	  "value": 2
		   }
       }
	 },
    "components": {
      "minecraft:breathable": {
        "total_supply": 15,
        "suffocate_time": 0
      },
      "minecraft:collision_box": {
        "width": 0.6,
        "height": 1.9
      },
      "minecraft:nameable": {},
      "minecraft:health": {
        "value": 1,
        "max": 1
      },
      "minecraft:hurt_on_condition": {
        "damage_conditions": [
          {
            "filters": { "test": "in_lava", "subject": "self", "operator": "==", "value": true },
            "cause": "lava",
            "damage_per_tick": 4
          }
        ]
      },
	  	"minecraft:damage_sensor": {
		 	"triggers": [
		   	{
		   		"on_damage": {
					 	"filters": {
			    			"test": "is_family",
					  		"subject": "other",
							"value": "illusion_team"
				   	}
			  		},
				 	"deals_damage": false
		 		},
		   	{
		   		"on_damage": {
					 	"filters": {
			    			"test": "has_damage",
					  		"subject": "self",
							"value": "fall"
				   	}
			  		},
				 	"deals_damage": false
		 		}
		  	]
   	},
      "minecraft:teleport": {
        "random_teleports": true,
        "max_random_teleport_time": 8,
        "random_teleport_cube": [ 3, 0, 3 ],
        "target_distance": 8,
        "target_teleport_chance": 0.01,
        "light_teleport_chance": 0.0
      },
		"minecraft:is_baby": {
		},
      "minecraft:movement": {
        "value": 0.25
      },
		"minecraft:follow_range": {
			"value": 64
		},
      "minecraft:navigation.walk": {
        "is_amphibious": true,
        "avoid_water": true
      },
      "minecraft:movement.basic": {
      },
      "minecraft:jump.static": {
      },
      "minecraft:can_climb": {
      },
		"minecraft:equipment": {
			"table": "loot_tables/entities/armor/bow.json"
		},
	   "minecraft:on_target_acquired": {
			"event": "minecraft:become_aggro",
			"target": "self"
		},
		"minecraft:on_target_escape": {
			"event": "minecraft:stop_aggro",
			"target": "self"
		},
      "minecraft:shooter": {
        "def": "mobs:arrow"
      },
      "minecraft:despawn": {
        "despawn_from_distance": {}
      },
		"minecraft:behavior.float": {
			"priority": 0
		},
      "minecraft:behavior.hurt_by_target": {
        "priority": 1,
        "entity_types": {
          "filters": {
            "test": "is_family",
            "subject": "other",
            "operator": "!=",
            "value": "illager"
          },
          "max_dist": 64
        }
      },
			"minecraft:behavior.nearest_attackable_target": {
				"priority": 2,
				"entity_types": [
					{
						"filters": {
							"any_of": [
								{
									"test": "is_family",
									"subject": "other",
									"value": "player"
								},
								{
									"test": "is_family",
									"subject": "other",
									"value": "snowgolem"
								},
								{
									"test": "is_family",
									"subject": "other",
									"value": "irongolem"
								},
								{
									"test": "is_family",
									"subject": "other",
									"value": "wandering_trader"
								}
							]
						},
						"max_dist": 32
					},
					{
						"filters": {
							"all_of": [
								{
									"test": "is_family",
									"subject": "other",
									"value": "villager"
								},
								{
									"test": "has_component",
									"subject": "other",
									"operator": "!=",
									"value": "minecraft:is_baby"
								}
							]
						},
						"max_dist": 32
					}
				],
				"must_see": true
			},
      "minecraft:behavior.random_stroll": {
        "priority": 6,
        "speed_multiplier": 1
      },
      "minecraft:behavior.look_at_player": {
        "priority": 7,
        "look_distance": 8
      },
      "minecraft:behavior.random_look_around": {
        "priority": 8
      },
      "minecraft:type_family": {
        "family": [ "illager", "false_illager",  "illusioner", "illusion_team", "monster" ]
      },
      "minecraft:physics": {
      },
      "minecraft:pushable": {
        "is_pushable": true,
        "is_pushable_by_piston": true
      }
    },
	 "events": {
	    "mobs:time_down": {
 	   	 "randomize": [
		   	 {
		   		 "weight": 1,
	   			 "remove": {},
		   		 "add": {
		   			 "component_groups": [
				   		 "mobs:attack_time1"
			   		 ]
		   		 }
   			 },
	   		 {
		   		 "weight": 1,
			   	 "remove": {},
		   		 "add": {
			   		 "component_groups": [
				   		 "mobs:attack_time2"
			   		 ]
		   		 }
	   		 },
		   	 {
		   		 "weight": 1,
		   		 "remove": {},
		   	 	 "add": {
			   		 "component_groups": [
				   		 "mobs:attack_time3"
		   			 ]
	   			 }
	   		 },
	   		 {
		   		 "weight": 1,
			   	 "remove": {},
			    	 "add": {
				   	 "component_groups": [
				   		 "mobs:attack_time4"
					    ]
			   	 }
	   		 }
	   	 ]
   	 },
	    "minecraft:become_aggro": {
 	   	 "randomize": [
		   	 {
		   		 "weight": 1,
	   			 "remove": {},
		   		 "add": {
		   			 "component_groups": [
				   		 "mobs:time0",
	               	 "mobs:clone_aggro"
			   		 ]
		   		 }
   			 },
	   		 {
		   		 "weight": 1,
			   	 "remove": {},
		   		 "add": {
			   		 "component_groups": [
				   		 "mobs:time1",
	               	 "mobs:clone_aggro"
			   		 ]
		   		 }
	   		 },
		   	 {
		   		 "weight": 1,
		   		 "remove": {},
		   	 	 "add": {
			   		 "component_groups": [
				   		 "mobs:time2",
	               	 "mobs:clone_aggro"
		   			 ]
	   			 }
	   		 },
	   		 {
		   		 "weight": 1,
			   	 "remove": {},
			    	 "add": {
				   	 "component_groups": [
				   		 "mobs:time3",
	               	 "mobs:clone_aggro"
					    ]
			   	 }
	   		 },
	   		 {
		   		 "weight": 1,
			   	 "remove": {},
			    	 "add": {
				   	 "component_groups": [
				   		 "mobs:time4",
	               	 "mobs:clone_aggro"
					    ]
			   	 }
	   		 }
	   	 ]
   	 },
   	"minecraft:stop_aggro": {
	   	"remove": {
	   		"component_groups": [
	   			"mobs:attack_time1",
	   			"mobs:attack_time2",
	   			"mobs:attack_time3",
	   			"mobs:attack_time4",
	   			"mobs:time1",
	   			"mobs:time2",
	   			"mobs:time3",
	   			"mobs:time4",
              "mobs:time0",
	         	"mobs:clone_aggro"
	   		]
   		},
	   	"add": {
	   		"component_groups": [
	   			"mobs:calm"
	   		]
   		}
   	},
   	"mobs:cooldown1": {
	   	"remove": {
	   		"component_groups": [
	   			"mobs:attack_time1",
	   			"mobs:attack_time2",
	   			"mobs:attack_time3",
	   			"mobs:attack_time4"
	   		]
   		},
	   	"add": {
	   		"component_groups": [
	   			"mobs:time1"
	   		]
   		}
   	},
   	"mobs:cooldown2": {
	   	"remove": {
	   		"component_groups": [
	   			"mobs:attack_time1",
	   			"mobs:attack_time2",
	   			"mobs:attack_time3",
	   			"mobs:attack_time4"
	   		]
   		},
	   	"add": {
	   		"component_groups": [
	   			"mobs:time2"
	   		]
   		}
   	},
   	"mobs:cooldown3": {
	   	"remove": {
	   		"component_groups": [
	   			"mobs:attack_time1",
	   			"mobs:attack_time2",
	   			"mobs:attack_time3",
	   			"mobs:attack_time4"
	   		]
   		},
	   	"add": {
	   		"component_groups": [
	   			"mobs:time3"
	   		]
   		}
   	},
   	"mobs:cooldown4": {
	   	"remove": {
	   		"component_groups": [
	   			"mobs:attack_time1",
	   			"mobs:attack_time2",
	   			"mobs:attack_time3",
	   			"mobs:attack_time4"
	   		]
   		},
	   	"add": {
	   		"component_groups": [
	   			"mobs:time4"
	   		]
   		}
   	}
    }
  }
}