{
  "format_version": "1.16.0",
  "minecraft:entity": {
    "description": {
      "identifier": "mobs:lost_soul",
		"runtime_identifier": "minecraft:vex",
      "is_spawnable": true,
      "is_summonable": true,
      "is_experimental": false
    },
    "component_groups": {
      "mobs:die": {
        "minecraft:hurt_on_condition": {
           "damage_conditions": [
               {
                  "cause": "none",
                  "damage_per_tick": 999
              }
           ]
			}
		}
   },
    "components": {
      "minecraft:nameable": {
      },
      "minecraft:type_family": {
        "family": [ "monster", "illager", "lostsoul", "undead", "vex" ]
      },
      "minecraft:equipment": {
        "table": "loot_tables/entities/soul_gear.json"
      },
      "minecraft:health": {
        "value": 8,
        "max": 8
      },
      "minecraft:attack": {
        "damage": 4,
        "effect_name": "wither",
        "effect_duration": 8
      },
      "minecraft:collision_box": {
        "width": 0.4,
        "height": 0.8
      },
      "minecraft:movement": {
        "value": 1.0
      },
      "minecraft:navigation.walk": {
        "can_path_over_water": true
      },
      "minecraft:movement.basic": {

      },
      "minecraft:jump.static": {
      },
      "minecraft:can_climb": {
      },
      "minecraft:fire_immune": {
      },
	   "minecraft:timer": {
        "time": 180,
	  	  "looping": false,
		  "time_down_event": {
		  "event": "mobs:die_now"
	     }
	   },
		"minecraft:follow_range": {
			"value": 32
		},
      "minecraft:behavior.float": {
        "priority": 0
      },
      "minecraft:behavior.charge_attack": {
        "priority": 4,
        "speed_multiplier": 2.0
      },
      "minecraft:behavior.nearest_attackable_target": {
        "priority": 3,
        "entity_types": [
          {
            "filters": {
              "any_of" : [
                {"test" : "is_family", "subject" : "other", "value" :  "valhalla"},
                {"test" : "is_family", "subject" : "other", "value" :  "wandering_trader"},
                {"test" : "is_family", "subject" : "other", "value" :  "irongolem"}
              ]
            },
            "max_dist": 70
          },
          {
            "filters": {
              "all_of": [
                { "test": "is_family", "subject": "other", "value": "villager" },
                { "test": "is_family", "subject": "other", "operator": "!=", "value": "minecraft:is_baby" }
              ]
            },
            "max_dist": 70
          }
        ],
        "must_see": true
      },
      "minecraft:behavior.look_at_player": {
        "priority": 9,
        "look_distance": 6.0,
        "probability": 0.02
      },
      "minecraft:behavior.look_at_entity": {
        "priority": 9,
        "look_distance": 6.0,
        "probability": 0.02,
        "filters": { "test" :  "is_family", "subject" : "other", "value" :  "mob"}
      },
      "minecraft:behavior.find_mount": {
        "priority": 3,
        "within_radius": 16
      },
		"minecraft:behavior.hurt_by_target": {
			"priority": 1,
			"entity_types": [
				{
					"filters": {
						"all_of": [
							{
								"test": "is_family",
								"subject": "other",
								"operator": "!=",
								"value": "player_illager"
							},
							{
								"test": "is_family",
								"subject": "other",
								"operator": "!=",
								"value": "illager"
							},
							{
								"test": "is_family",
								"subject": "other",
								"operator": "!=",
								"value": "undead"
							}
						]
					}
				}
			]
		},
      "minecraft:physics": {
        "has_gravity": false,
        "has_collision": false
      }
    },
    "events": {
   	"mobs:die_now": {
			"add": {
				"component_groups": [
					"mobs:die"
          ]
        }
      }
    }
  }
}