{
	"format_version": "1.8.0",
	"animations": {
		"animation.announcer.horn": {
			"animation_length": 1,
			"bones": {
				"body": {
					"rotation": {
						"0.0": [0, 0, 0],
						"0.24": [7.5, 0, 0],
						"0.52": [2.5, 0, 0],
						"0.8": [-5, 0, 0],
						"1.0": [0, 0, 0]
					},
					"position": {
						"0.0": [0, 0, 0],
						"0.24": [0, 0, -2.7],
						"0.8": [0, 0, 1],
						"1.0": [0, 0, 0]
					}
				},
				"head": {
					"rotation": {
						"0.0": [0, 0, 0],
						"0.24": [17.5, 0, 0],
						"0.52": [10, 0, 0],
						"0.8": [-2.5, 0, 0],
						"1.0": [0, 0, 0]
					},
					"position": [0, 0, 0]
				},
				"eyebrows": {
					"rotation": [0, 0, 0],
					"position": {
						"0.0": [0, 0, 0],
						"0.24": [0, -1, 0],
						"0.52": [0, 0, 0]
					}
				},
				"rightleg": {
					"rotation": [0, 0, 0],
					"position": [0, 0, 0]
				},
				"leftleg": {
					"rotation": [0, 0, 0],
					"position": [0, 0, 0]
				},
				"rightArm": {
					"rotation": {
						"0.0": [0, 0, 0],
						"0.24": [-34.0724, -8.53726, -12.37961],
						"0.52": [-68.06393, -17.94973, -27.55814],
						"0.8": [-85.56393, -17.94973, -27.55814],
						"0.84": [-88.45115, -14.35978, -22.04651],
						"1.0": [0, 0, 0]
					},
					"position": {
						"0.0": [0, 0, 0],
						"1.0": [0, 0, 0]
					}
				},
				"leftArm": {
					"rotation": {
						"0.0": [0, 0, 0],
						"0.24": [-37.65933, 21.2842, 37.69778],
						"0.52": [-62.65933, 21.2842, 37.69778],
						"0.8": [-69.60299, 32.24478, 44.44751],
						"0.84": [-80.68239, 25.79583, 35.55801],
						"1.0": [0, 0, 0]
					},
					"position": {
						"0.0": [0, 0, 0],
						"1.0": [0, 0, 0]
					}
				}
			}
		}
	}
}