{
	"format_version": "1.8.0",
	"animations": {
		"animation.guard.riding.arms": {
			"loop": true,
			"bones": {
				"leftArm": {
					"rotation": [-36, 0, 0]
				},
				"rightArm": {
					"rotation": [-36, 0, 0]
				}
			}
		},
		"animation.guard.riding.legs": {
			"loop": true,
			"bones": {
				"leftleg": {
					"rotation": ["-72.0 - this", "-18.0 - this", "-this"]
				},
				"rightleg": {
					"rotation": ["-72.0 - this", "18.0 - this", "-this"]
				},
				"leg1": {
					"rotation": ["-72.0 - this", "-18.0 - this", "-this"]
				},
				"leg0": {
					"rotation": ["-72.0 - this", "18.0 - this", "-this"]
				},
				"body": {
					"position": [0, -9, 0]
				}
			}
		}
	}
}