{
	"format_version": "1.8.0",
	"animations": {
		"animation.illusionist.casting.v1.0": {
			"loop": true,
			"bones": {
				"leftarm": {
					"rotation": ["math.cos(query.life_time * 763.4) * 14.3239 - this", "-this", "-135.0 - this"],
					"position": ["5.0 - this", 0, "-this"]
				},
				"rightarm": {
					"rotation": ["math.cos(query.life_time * 763.4) * 14.3239 - this", "-this", "135.0 - this"],
					"position": ["-5.0 - this", 0, "-this"]
				},
				"rightItem": {
					"position": [-2, 0, 0],
					"scale": 0
				},
				"arms": {
					"scale": 0
				}
			}
		}
	}
}