{
	"format_version": "1.8.0",
	"animations": {
		"animation.knight.move": {
			"loop": true,
			"bones": {
				"Tail": {
					"rotation": ["(math.cos(query.modified_distance_moved * 20.17 + 180) * 80.21) * query.modified_move_speed * 0.5", 0, 0]
				},
				"LegBL": {
					"rotation": ["(math.cos(query.modified_distance_moved * 38.17) * 80.21) * query.modified_move_speed * 0.5", 0, 0]
				},
				"LegBR": {
					"rotation": ["(math.cos(query.modified_distance_moved * 38.17 + 180) * 80.21) * query.modified_move_speed * 0.5", 0, 0]
				},
				"LegFL": {
					"rotation": ["(math.cos(query.modified_distance_moved * 38.17 + 180) * 80.21) * query.modified_move_speed * 0.5", 0, 0]
				},
				"LegFR": {
					"rotation": ["(math.cos(query.modified_distance_moved * 38.17) * 80.21) * query.modified_move_speed * 0.5", 0, 0]
				},
				"Neck": {
					"rotation": ["(math.cos(query.modified_distance_moved * 10.17 + 180) * 80.21) * query.modified_move_speed * 0.5", 0, 0]
				}
			}
		}
	}
}