{
	"format_version": "1.8.0",
	"animations": {
		"animation.knight_v3.move": {
			"loop": true,
			"bones": {
				"leftarm": {
					"rotation": [-26.40319, 7.98133, 15.62489]
				},
				"rightarm": {
					"rotation": [0, 0, 12.5]
				},
				"Tail": {
					"rotation": ["variable.tcos0 * 0.7", 0, 0]
				},
				"LegBL": {
					"rotation": ["variable.tcos0 * 0.7", 0, 0]
				},
				"LegBR": {
					"rotation": ["-variable.tcos0 * 0.7", 0, 0]
				},
				"LegFL": {
					"rotation": ["-variable.tcos0 * 0.7", 0, 0]
				},
				"LegFR": {
					"rotation": ["variable.tcos0 * 0.7", 0, 0]
				},
				"Neck": {
					"rotation": ["variable.tcos0 * 0.1", 0, 0]
				}
			}
		}
	}
}