{
	"format_version": "1.8.0",
	"animations": {
		"animation.knight.base": {
			"loop": true,
			"bones": {
				"leftArm": {
					"rotation": [-5, 0, "((math.cos(query.life_time * 103.2) * 2.865) + 2.865) *-1.0"]
				},
				"rightArm": {
					"rotation": [-22.5, 0, "(math.cos(query.life_time * 103.2) * 2.865) + 2.865"]
				},
				"body": {
					"rotation": [0, 0, 0]
				},
				"head": {
					"rotation": [2.5, 0, 0]
				},
				"hat": {
					"rotation": [-2.5, 0, 0]
				}
			}
		},
		"animation.knight.celebrating": {
			"loop": true,
			"bones": {
				"leftArm": {
					"rotation": ["170+(math.cos(query.life_time * 800.0) * 2.865)", 192.5, -197.5]
				},
				"rightArm": {
					"rotation": ["22.5+(math.cos(query.life_time * 800.0) * 2.865)", 180, 153],
					"position": [0, 3, 0]
				},
				"Neck": {
					"rotation": ["170+(math.cos(query.life_time * 800.0) * 2.865)", 180, 178]
				},
				"shield": {
					"position": [0, -1, 0]
				}
			}
		},
		"animation.knight.shield.attack": {
			"loop": true,
			"bones": {
				"rightArm": {
					"rotation": ["7.5+ (variable.attack2 * 2.2 - variable.attack * 0.4) + variable.x_bob - this", "-60+variable.attack2 * 0.6 - 5.73 - this", "17.5+variable.z_bob - this"],
					"position": [0, 0, -2]
				}
			}
		},
		"animation.knight.spear.attack": {
			"loop": true,
			"bones": {
				"leftArm": {
					"rotation": ["67.5+(-108 + math.cos(query.life_time * 20.0 * 3.84) * 2.87)", 37.5, -50]
				},
				"rightArm": {
					"rotation": ["20+ (variable.attack2 * 2.2 - variable.attack * 0.4) + variable.x_bob - this", "-5+variable.attack2 * 0.6 - 5.73 - this", "35+variable.z_bob - this"]
				},
				"shield": {
					"rotation": [35, 22.5, 0],
					"position": [-9, 8, 8]
				}
			}
		},
		"animation.knight.attack": {
			"loop": true,
			"bones": {
				"leftArm": {
					"rotation": ["67.5+(-108 + math.cos(query.life_time * 20.0 * 3.84) * 2.87)", 37.5, -50]
				},
				"rightArm": {
					"rotation": ["-120+ (variable.attack2 * 2.2 - variable.attack * 0.4) + variable.x_bob - this", "10+variable.attack2 * 0.6 - 5.73 - this", "2.5+variable.z_bob - this"],
					"position": [0, 0, 0]
				},
				"shield": {
					"rotation": [35, 22.5, 0],
					"position": [-9, 8, 8]
				}
			}
		}
	}
}