{
	"format_version": "1.8.0",
	"animations": {
		"animation.smith.raise_arm": {
			"loop": true,
			"bones": {
				"arms": {
					"rotation": ["variable.raise_arms * -15.0", 0, 0],
					"position": [0, "-3.0 - this", "-1.0 - this"]
				},
				"leftArm": {
					"rotation": ["math.cos(query.life_time * 20.0 * 3.84) * 2.87", -9, "-1 * (math.cos(query.life_time * 20.0 * 5.16) * 2.87 + 2.87)"]
				},
				"rightArm": {
					"rotation": ["math.cos(query.life_time * 20.0 * 3.84) * 2.87", 9, "math.cos(query.life_time * 20.0 * 5.16) * 2.87 + 2.87"]
				},
				"rightItem": {
					"rotation": [-30.5, 0, 0],
					"position": [4, 0, 0]
				}
			}
		}
	}
}