{
	"format_version": "1.8.0",
	"animations": {
		"animation.vindicator.hand_attack": {
			"loop": true,
			"bones": {
				"leftArm": {
					"rotation": ["-100 + (variable.attack2 * 2.2 - variable.attack * 0.4) + variable.x_bob - this", "variable.attack2 * 0.6 - 5.73 - this", "variable.z_bob - this"]
				},
				"rightArm": {
					"rotation": ["-100 + (variable.attack2 * 2.2 - variable.attack * 0.4) + variable.x_bob - this", "variable.attack2 * 0.6 - 5.73 - this", "variable.z_bob - this"]
				}
			}
		}
	}
}