{
	"format_version": "1.20.30",
	"minecraft:item": {
		"description": {
			"identifier": "fv:iron_hammer",
			"menu_category": {
				"category": "equipment",
				"group": "itemGroup.name.pickaxe"
			}
		},
		"components": {
			"minecraft:can_destroy_in_creative": false,
			"minecraft:durability": {
				"max_durability": 300
			},
			"minecraft:damage": 5,
			"minecraft:digger": {
				"use_efficiency": true,
				"destroy_speeds": [
					{
						"block": {
							"tags": "query.any_tag('stone', 'metal', 'iron_pick_diggable')"
						},
						"speed": 5
					},
					{
						"block": "minecraft:ice",
						"speed": 5
					},
					{
						"block": "minecraft:sandstone",
						"speed": 5
					}
				]
			},
			"minecraft:enchantable": {
				"value": 14,
				"slot": "sword"
			},
			"minecraft:hand_equipped": true,
			"minecraft:icon": {
				"texture": "fv_hammer_iron"
			},
			"minecraft:max_stack_size": 1,
			"minecraft:repairable": {
				"repair_items": [
					{
						"items": [
							"minecraft:iron_ingot"
						],
						"repair_amount": "query.max_durability*0.25"
					},
					{
						"items": [
							"fv:iron_hammer"
						],
						"repair_amount": "context.other->query.remaining_durability+0.12*context.other->query.max_durability"
					}
				]
			},
			"minecraft:weapon": {
				"on_hurt_entity": {
					"event": "damaged",
					"target": "self"
				}
			},
			"tag:minecraft:is_sword": {},
			"tag:minecraft:is_tool": {}
		},
		"events": {
			"damaged": {
				"sequence": [
					{
						"damage": {
							"type": "none",
							"amount": 1,
							"target": "self"
						}
					},
					{
						"randomize": [
							{
								"weight": 90
							},
							{
								"weight": 10,
								"add_mob_effect": {
									"effect": "slowness",
									"amplifier": 5,
									"duration": 2,
									"target": "other"
								},
								"run_command": {
									"command": [
										"playsound random.anvil_land @a ~ ~ ~ 20"
									]
								}
							}
						]
					}
				]
			},
			"on_tool_used": {
				"damage": {
					"type": "none",
					"amount": 2,
					"target": "self"
				}
			}
		}
	}
}