{
  "entity_sounds": {
    "entities": {
    "serp:despawn": {
        "volume":0,"pitch":0,
        "events":{
    "ambient":"",
    "hurt":"",
    "death":""
        }
    },
    "plant:peashooter": {
        "volume":2,"pitch":0.75,
        "events":{
    "hurt":"mob.pvzplant.hurt",
    "spawn":"use.grass"
        }
    },
    "plant:sunflower": {
        "volume":2,"pitch":0.75,
        "events":{
    "hurt":"mob.pvzplant.hurt",
    "spawn":"use.grass"
        }
    },
    "plant:cherry_bomb": {
        "volume":2,"pitch":0.75,
        "events":{
    "hurt":"mob.pvzplant.hurt",
    "spawn":"use.grass"
        }
    },
    "plant:wallnut": {
        "volume":2,"pitch":0.75,
        "events":{
    "hurt":"mob.pvzplant.hurt",
    "spawn":"use.grass"
        }
    },
    "plant:potatomine": {
        "volume":2,"pitch":0.75,
        "events":{
    "hurt":"mob.pvzplant.hurt",
    "spawn":"use.grass"
        }
    },
    "plant:snow_pea": {
        "volume":2,"pitch":0.75,
        "events":{
    "hurt":"mob.pvzplant.hurt",
    "spawn":"use.grass"
        }
    },
    "plant:chomper": {
        "volume":2,"pitch":0.75,
        "events":{
    "hurt":"mob.pvzplant.hurt",
    "spawn":"use.grass"
        }
    },
    "plant:repeater": {
        "volume":2,"pitch":0.75,
        "events":{
    "hurt":"mob.pvzplant.hurt",
    "spawn":"use.grass"
        }
    },
    "plant:puff_shroom": {
        "volume":2,"pitch":0.75,
        "events":{
    "hurt":"mob.pvzplant.hurt",
    "spawn":"use.grass"
        }
    },
    "plant:fume_shroom": {
        "volume":2,"pitch":0.75,
        "events":{
    "hurt":"mob.pvzplant.hurt",
    "spawn":"use.grass"
        }
    },
    "plant:sun_shroom": {
        "volume":2,"pitch":0.75,
        "events":{
    "hurt":"mob.pvzplant.hurt",
    "spawn":"use.grass"
        }
    },
    "plant:scaredy_shroom": {
        "volume":2,"pitch":0.75,
        "events":{
    "hurt":"mob.pvzplant.hurt",
    "spawn":"use.grass"
        }
    },
    "plant:jalapeno": {
        "volume":2,"pitch":0.75,
        "events":{
    "hurt":"mob.pvzplant.hurt",
    "spawn":"use.grass"
        }
    },
    "plant:squash": {
        "volume":2,"pitch":0.75,
        "events":{
    "hurt":"mob.pvzplant.hurt",
    "spawn":"use.grass"
        }
    },
    "plant:torchwood": {
        "volume":2,"pitch":0.75,
        "events":{
    "hurt":"mob.pvzplant.hurt",
    "spawn":"use.grass"
        }
    },
    "plant:doom_shroom": {
        "volume":2,"pitch":0.75,
        "events":{
    "hurt":"mob.pvzplant.hurt",
    "spawn":"use.grass"
        }
    },
    "zombie:zombie_basic": {
        "volume":2,"pitch":1,
        "events": {
    "ambient": "mob.pvzzombie.idle",
    "hurt": "mob.pvzzombie.hurt",
    "death":{"sound": "mob.pvzzombie.idle","pitch": 0.75}
        }
    },
    "zombie:zombie_pole_vaulting": {
        "volume":2,"pitch":1,
        "events": {
    "ambient": "mob.pvzzombie.idle",
    "hurt": "mob.pvzzombie.hurt",
    "death":{"sound": "mob.pvzzombie.idle","pitch": 0.75}
        }
    },
    "zombie:zombie_newspaper": {
        "volume":2,"pitch":1,
        "events": {
    "ambient": "mob.pvzzombie.idle",
    "hurt": "mob.pvzzombie.hurt",
    "death":{"sound": "mob.pvzzombie.idle","pitch": 0.75}
        }
      },
    "zombie:zombie_all_star": {
        "volume":2,"pitch":1,
        "events": {
    "ambient": "mob.pvzzombie.idle",
    "hurt": "mob.pvzzombie.hurt",
    "death":{"sound": "mob.pvzzombie.idle","pitch": 0.75}
        }
      },
    "zombie:zombie_gargantuar": {
        "volume":2,"pitch":0.7,
        "events": {
    "ambient": "mob.pvzzombie.idle",
    "hurt": "mob.pvzzombie.hurt",
    "death":{"sound": "mob.pvzzombie.idle","pitch": 0.75}
        }
      },
    "zombie:zombie_imp": {
        "volume":2,"pitch":1.3,
        "events": {
    "ambient": "mob.pvzzombie.idle",
    "hurt": "mob.pvzzombie.hurt",
    "death":{"sound": "mob.pvzzombie.idle","pitch": 0.75}
        }
      }
      
      
      
      
    }
  }
}