{
  "format_version": "1.8.0",
  "render_controllers": {
    "controller.render.sunshine":{
"geometry":"Geometry.sunshine",
"materials":[{"*":"Material.sunshine"}],
"textures":["Texture.sunshine"],
"is_hurt_color":{"r":0,"g":0,"b":0,"a":0},
"light_color_multiplier":0.3,
"ignore_lighting":true
    },
    "controller.render.hypno_shroom_top":{
      "geometry":"Geometry.top",
      "materials":[{"*":"Material.top"}],
      "textures":["Texture.top"],
      "uv_anim":{
          "offset":["(query.is_alive) ? (Math.floor(query.life_time * 20.0) + query.frame_alpha) * 0.01 : 0.0","(query.is_alive) ? (Math.floor(query.life_time * 20.0) + query.frame_alpha) * 0.01 : 0.0"],"scale":[1,1]}
    },
    "controller.render.pvzplants":{
"arrays": {"textures":{
"Array.skins":["Texture.default1","Texture.default2","Texture.powered"]}},
"part_visibility":[{"potato_off":"query.variant == 0" },{"potato_on":"query.variant == 1"},{"antenna":"query.variant == 1"},{"dirt":"query.variant == 1"}],
"geometry":"Geometry.default",
"materials":[{"*":"Material.default"}],
"textures":["Array.skins[query.skin_id]"],
"is_hurt_color":{"r":-0.5,"g":-0.5,"b":-0.5,"a":-0.5}
    },
    "controller.render.pvzzombies": {
"part_visibility":[{"cone":"query.skin_id == 1"},{"bucket":"query.skin_id == 2"},{"right_arm":"query.skin_id != 3"},{"right_arm_flag":"query.skin_id == 3"},{"pole":"query.is_saddled"},{"newspaper":"query.is_saddled"}],
"geometry":"Geometry.default",
"materials":[{"*":"Material.default"}],
"textures":["Texture.default"],
"is_hurt_color":{"r":-0.5,"g":-0.5,"b":-0.5,"a":-0.5}
    },
    "controller.render.screen_door": {
"part_visibility":[{"door":"query.is_saddled"}],
"geometry":"Geometry.door",
"materials":[{"*":"Material.door"}],
"textures":["Texture.door"],
"is_hurt_color":{"r":-0.5,"g":-0.5,"b":-0.5,"a":-0.5}
    },
    "controller.render.pvzpea": {
"arrays": {"textures":{
"Array.skins":["Texture.off","Texture.ice","Texture.fire"]}},
"geometry":"Geometry.default",
"materials":[{"*":"Material.default"}],
"textures":["Array.skins[query.variant]"],
"on_fire_color": {"r":0.0,"g":0.0,"b":0.0,"a":0.0},"filter_lighting":true
    }
  }
}