{
   "format_version": "1.8.0",
   "animations": {
      "animation.granny.walk": {
         "loop": true,
         "animation_length": 1,
         "bones": {
            "arm": {
               "rotation": {
                  "0.0": {
                     "post": [
                        15,
                        0,
                        0
                     ],
                     "lerp_mode": "catmullrom"
                  },
                  "0.5": {
                     "post": [
                        -27.5,
                        0,
                        0
                     ],
                     "lerp_mode": "catmullrom"
                  },
                  "1.0": {
                     "post": [
                        15,
                        0,
                        0
                     ],
                     "lerp_mode": "catmullrom"
                  }
               }
            },
            "arm2": {
               "rotation": {
                  "0.0": {
                     "post": [
                        -12.5,
                        0,
                        0
                     ],
                     "lerp_mode": "catmullrom"
                  },
                  "0.5": {
                     "post": [
                        12.5,
                        0,
                        0
                     ],
                     "lerp_mode": "catmullrom"
                  },
                  "1.0": {
                     "post": [
                        -12.5,
                        0,
                        0
                     ],
                     "lerp_mode": "catmullrom"
                  }
               }
            }
         }
      },
      "animation.granny.idle": {
         "loop": true,
         "animation_length": 2,
         "bones": {
            "arm": {
               "rotation": {
                  "0.0": {
                     "post": [
                        0,
                        0,
                        5
                     ],
                     "lerp_mode": "catmullrom"
                  },
                  "1.0": {
                     "post": [
                        0,
                        0,
                        -2.5
                     ],
                     "lerp_mode": "catmullrom"
                  },
                  "2.0": {
                     "post": [
                        0,
                        0,
                        5
                     ],
                     "lerp_mode": "catmullrom"
                  }
               }
            },
            "arm2": {
               "rotation": {
                  "0.0": {
                     "post": [
                        0,
                        0,
                        -7.5
                     ],
                     "lerp_mode": "catmullrom"
                  },
                  "1.0": {
                     "post": [
                        0,
                        0,
                        2.5
                     ],
                     "lerp_mode": "catmullrom"
                  },
                  "2.0": {
                     "post": [
                        0,
                        0,
                        -7.5
                     ],
                     "lerp_mode": "catmullrom"
                  }
               }
            }
         }
      },
      "animation.granny.attack": {
         "animation_length": 2,
         "bones": {
            "head": {
               "rotation": {
                  "0.0": {
                     "post": [
                        0,
                        0,
                        0
                     ],
                     "lerp_mode": "catmullrom"
                  },
                  "0.25": {
                     "post": [
                        0,
                        0,
                        20
                     ],
                     "lerp_mode": "catmullrom"
                  },
                  "0.5": {
                     "post": [
                        0,
                        0,
                        -5
                     ],
                     "lerp_mode": "catmullrom"
                  },
                  "0.6667": {
                     "post": [
                        0,
                        0,
                        20
                     ],
                     "lerp_mode": "catmullrom"
                  },
                  "0.8333": {
                     "post": [
                        20,
                        0,
                        20
                     ],
                     "lerp_mode": "catmullrom"
                  },
                  "1.0": {
                     "post": [
                        -10,
                        0,
                        20
                     ],
                     "lerp_mode": "catmullrom"
                  }
               }
            },
            "arm": {
               "rotation": {
                  "0.0": {
                     "post": [
                        0,
                        0,
                        0
                     ],
                     "lerp_mode": "catmullrom"
                  },
                  "0.25": {
                     "post": [
                        145,
                        25,
                        255
                     ],
                     "lerp_mode": "catmullrom"
                  },
                  "0.5": {
                     "post": [
                        278.31013,
                        -19.71874,
                        415.04376
                     ],
                     "lerp_mode": "catmullrom"
                  }
               }
            }
         }
      }
   }
}