{
	"format_version": "1.8.0",
	"animations": {
		"animation.slendrina.idle": {
			"loop": true,
			"animation_length": 2,
			"bones": {
				"arm": {
					"rotation": {
						"0.0": {
							"post": [0, 0, 0],
							"lerp_mode": "catmullrom"
						},
						"1.0": {
							"post": [-7.5, 0, -2.5],
							"lerp_mode": "catmullrom"
						},
						"2.0": {
							"post": [0, 0, 0],
							"lerp_mode": "catmullrom"
						}
					}
				},
				"arm2": {
					"rotation": {
						"0.0": {
							"post": [0, 0, 0],
							"lerp_mode": "catmullrom"
						},
						"1.0": {
							"post": [-10, 0, 5],
							"lerp_mode": "catmullrom"
						},
						"2.0": {
							"post": [0, 0, 0],
							"lerp_mode": "catmullrom"
						}
					}
				},
				"head": {
					"rotation": {
						"0.0": {
							"post": [0, 0, 0],
							"lerp_mode": "catmullrom"
						},
						"0.5": {
							"post": [0, 0, -25],
							"lerp_mode": "catmullrom"
						},
						"1.0": {
							"post": [10, 0, 0],
							"lerp_mode": "catmullrom"
						},
						"1.5": {
							"post": [0, 0, 21.56],
							"lerp_mode": "catmullrom"
						},
						"2.0": {
							"post": [0, 0, 0],
							"lerp_mode": "catmullrom"
						}
					}
				}
			}
		},
		"animation.slendrina.walk": {
			"loop": true,
			"animation_length": 1,
			"bones": {
				"arm": {
					"relative_to": {
						"rotation": "entity"
					},
					"rotation": ["-10+math.cos(query.anim_time*350)*20", 0, 0]
				},
				"arm2": {
					"rotation": ["math.cos(query.anim_time*350)*-20", 0, 0]
				},
				"head": {
					"rotation": {
						"0.0": {
							"post": [0, 0, -22.5],
							"lerp_mode": "catmullrom"
						},
						"0.25": {
							"post": [10, 0, 0],
							"lerp_mode": "catmullrom"
						},
						"0.5": {
							"post": [0, 0, 17.5],
							"lerp_mode": "catmullrom"
						},
						"0.75": {
							"post": [6.79109, 0, 2.88411],
							"lerp_mode": "catmullrom"
						},
						"1.0": {
							"post": [0, 0, -22.5],
							"lerp_mode": "catmullrom"
						}
					}
				}
			}
		},
		"animation.slendrina.attack": {
			"animation_length": 1,
			"bones": {
				"arm": {
					"rotation": [-80, 0, 0]
				},
				"arm2": {
					"rotation": [-80, 0, 0]
				},
				"head": {
					"rotation": {
						"0.0": [0, 0, -25],
						"0.0417": [0, 0, 20],
						"0.0833": [0, 0, -18.64],
						"0.125": [0, 0, -25],
						"0.1667": [0, 0, 20],
						"0.2083": [0, 0, -18.64],
						"0.25": [0, 0, -25],
						"0.2917": [0, 0, 20],
						"0.3333": [0, 0, -18.64],
						"0.375": [0, 0, -25],
						"0.4167": [0, 0, 20],
						"0.4583": [0, 0, -18.64],
						"0.5": [0, 0, -25],
						"0.5417": [0, 0, 20],
						"0.5833": [0, 0, -18.64],
						"0.625": [0, 0, -25],
						"0.6667": [0, 0, 20],
						"0.7083": [0, 0, -18.64],
						"0.75": [0, 0, -25],
						"0.7917": [0, 0, 20],
						"0.8333": [0, 0, -18.64],
						"0.875": [0, 0, -25],
						"0.9167": [0, 0, 20],
						"0.9583": [0, 0, -18.64],
						"1.0": [0, 0, -25]
					}
				}
			}
		}
	}
}