{
   "format_version": "1.8.0",
   "animations": {
      "animation.zm_gun.first_person": {
         "loop": true,
         "override_previous_animation": true,
         "bones": {
            "head": {
               "position": [
                  0,
                  0,
                  0
               ]
            },
            "leftArm": {
               "rotation": [
                  88.10511,
                  -2.68497,
                  -0.20164
               ],
               "position": [
                  -3,
                  0,
                  -4
               ]
            },
            "rightArm": {
               "rotation": [
                  -57.86812,
                  39.9714,
                  -1.39058
               ],
               "position": [
                  4,
                  2,
                  12
               ]
            },
            "Pistol": {
               "rotation": [
                  3.2349,
                  -2.18963,
                  -2.27183
               ],
               "position": [
                  2.13495,
                  56,
                  7.53701
               ],
               "scale": [
                  0.2,
                  0.2,
                  0.2
               ]
            }
         }
      },
      "animation.zm_gun.third_person": {
         "loop": true,
         "animation_length": 7.625,
         "override_previous_animation": true,
         "bones": {
            "body": {
               "rotation": [
                  0,
                  0,
                  0
               ]
            },
            "head": {
               "rotation": [
                  0,
                  0,
                  0
               ]
            },
            "leftArm": {
               "rotation": [
                  -90,
                  42.5,
                  0
               ],
               "position": [
                  0,
                  0,
                  -1
               ]
            },
            "rightArm": {
               "rotation": [
                  -90,
                  -20,
                  0
               ]
            },
            "Pistol": {
               "rotation": {
                  "0.0": [
                     -179.78403,
                     2.44299,
                     -177.51885
                  ],
                  "7.625": [
                     -179.78408,
                     2.44299,
                     -177.52016
                  ]
               },
               "position": [
                  -2,
                  58,
                  -10
               ],
               "scale": [
                  0.2,
                  0.2,
                  0.2
               ]
            }
         }
      },
      "animation.gun.shoot": {
         "loop": true,
         "animation_length": 0.5,
         "bones": {
            "Pistol": {
               "rotation": {
                  "0.0": [
                     0,
                     0,
                     0
                  ],
                  "0.125": [
                     22.5,
                     0,
                     0
                  ],
                  "0.5": [
                     0,
                     0,
                     0
                  ]
               }
            }
         }
      }
   }
}