{
	"format_version":"1.10.0",
	"animation_controllers": {

		"controller.animation.remove_pack": {
			"initial_state": "is_loading_world",
			"states": {
				"world_loaded": {
					"on_entry": [
						"/structure load bedrock_block 0 0 0",
						"/tickingarea remove ljp.day_command_block",
						"/scoreboard players reset *",
						"/scoreboard objectives remove ljp.sb.test",
						"/setmaxplayers 8",
						"/say Java Debug Screen removal successful!"
					]
				},
				"is_loading_world": {
					"transitions": [
						{
							"world_loaded": "query.biome_has_all_tags('overworld') && (query.is_moving == 0 || query.is_moving == 1)"
						}
					]
				}
			}
		}
	}
}