{
  "format_version": "1.10.0",
  "geometry.mrspir_panda_head": {
    "texturewidth": 64,
    "textureheight": 64,
    "visible_bounds_width": 3,
    "visible_bounds_height": 3.5,
    "visible_bounds_offset": [
      0,
      1.25,
      0
    ],
    "bones": [
      {
        "name": "body",
        "pivot": [
          0,
          14,
          0
        ]
      },
      {
        "name": "head",
        "parent": "body",
        "pivot": [
          0,
          12.5,
          -17
        ],
        "cubes": [
          {
            "origin": [
              -6.5,
              12.5,
              -21
            ],
            "size": [
              13,
              10,
              9
            ],
            "uv": [
              0,
              6
            ]
          },
          {
            "origin": [
              -3.5,
              12.5,
              -23
            ],
            "size": [
              7,
              5,
              2
            ],
            "uv": [
              45,
              16
            ]
          },
          {
            "origin": [
              -8.5,
              20.5,
              -20
            ],
            "size": [
              5,
              4,
              1
            ],
            "uv": [
              52,
              25
            ]
          },
          {
            "origin": [
              3.5,
              20.5,
              -20
            ],
            "size": [
              5,
              4,
              1
            ],
            "uv": [
              52,
              25
            ]
          }
        ],
        "locators": {
          "lead": [
            0,
            14,
            -16
          ]
        }
      },
      {
        "name": "leg0",
        "parent": "body",
        "pivot": [
          -5.5,
          9,
          9
        ]
      },
      {
        "name": "leg1",
        "parent": "body",
        "pivot": [
          5.5,
          9,
          9
        ]
      },
      {
        "name": "leg2",
        "parent": "body",
        "pivot": [
          -5.5,
          9,
          -9
        ]
      },
      {
        "name": "leg3",
        "parent": "body",
        "pivot": [
          5.5,
          9,
          -9
        ]
      }
    ]
  }
}