{
  "format_version": "1.12.0",
  "minecraft:geometry": [
    {
      "description": {
        "identifier": "geometry.mrspir_sniffer_head",
        "texture_width": 192,
        "texture_height": 192,
        "visible_bounds_width": 4,
        "visible_bounds_height": 4,
        "visible_bounds_offset": [
          0,
          1,
          0
        ]
      },
      "bones": [
        {
          "name": "bone",
          "pivot": [
            0,
            19,
            0
          ]
        },
        {
          "name": "body",
          "parent": "bone",
          "pivot": [
            0,
            0,
            0
          ],
          "locators": {
            "lead": [
              0,
              13,
              -19
            ]
          }
        },
        {
          "name": "head",
          "parent": "body",
          "pivot": [
            0,
            13.5,
            -19.4
          ],
          "cubes": [
            {
              "origin": [
                -6.5,
                9,
                -19.9
              ],
              "size": [
                13,
                18,
                11
              ],
              "uv": [
                8,
                15
              ]
            },
            {
              "origin": [
                -6.5,
                12,
                -19.9
              ],
              "size": [
                13,
                0,
                11
              ],
              "uv": [
                8,
                4
              ]
            }
          ]
        },
        {
          "name": "left_ear",
          "parent": "head",
          "pivot": [
            6.4,
            21,
            -23.9
          ],
          "cubes": [
            {
              "origin": [
                6.4,
                8,
                -15.9
              ],
              "size": [
                1,
                19,
                7
              ],
              "uv": [
                2,
                0
              ]
            }
          ]
        },
        {
          "name": "right_ear",
          "parent": "head",
          "pivot": [
            -6.4,
            21,
            -23.9
          ],
          "cubes": [
            {
              "origin": [
                -7.4,
                8,
                -15.9
              ],
              "size": [
                1,
                19,
                7
              ],
              "uv": [
                48,
                0
              ]
            }
          ]
        },
        {
          "name": "nose",
          "parent": "head",
          "pivot": [
            0,
            18,
            -30.9
          ],
          "cubes": [
            {
              "origin": [
                -6.5,
                24,
                -28.9
              ],
              "size": [
                13,
                2,
                9
              ],
              "uv": [
                10,
                45
              ]
            }
          ]
        },
        {
          "name": "lower_beak",
          "parent": "head",
          "pivot": [
            0,
            11,
            -31.9
          ],
          "cubes": [
            {
              "origin": [
                -6.5,
                12,
                -28.9
              ],
              "size": [
                13,
                12,
                9
              ],
              "uv": [
                10,
                57
              ]
            }
          ]
        },
        {
          "name": "right_front_leg",
          "parent": "bone",
          "pivot": [
            -7.5,
            9,
            -15
          ]
        },
        {
          "name": "right_mid_leg",
          "parent": "bone",
          "pivot": [
            -7.5,
            9,
            0
          ]
        },
        {
          "name": "right_hind_leg",
          "parent": "bone",
          "pivot": [
            -7.5,
            9,
            15
          ]
        },
        {
          "name": "left_front_leg",
          "parent": "bone",
          "pivot": [
            7.5,
            9,
            -15
          ]
        },
        {
          "name": "left_mid_leg",
          "parent": "bone",
          "pivot": [
            7.5,
            9,
            0
          ]
        },
        {
          "name": "left_hind_leg",
          "parent": "bone",
          "pivot": [
            7.5,
            9,
            15
          ]
        }
      ]
    }
  ]
}