{
  "format_version": "1.10.0",
  "geometry.mrspir_husk_head": {
    "texturewidth": 64,
    "textureheight": 32,
    "visible_bounds_width": 2,
    "visible_bounds_height": 3,
    "visible_bounds_offset": [
      0,
      1.5,
      0
    ],
    "bones": [
      {
        "name": "body",
        "pivot": [
          0,
          24,
          0
        ]
      },
      {
        "name": "head",
        "pivot": [
          0,
          24,
          0
        ],
        "cubes": [
          {
            "origin": [
              -4,
              24,
              -4
            ],
            "size": [
              8,
              8,
              8
            ],
            "uv": [
              32,
              0
            ],
            "inflate": 1.5
          },
          {
            "origin": [
              -4,
              24,
              -4
            ],
            "size": [
              8,
              8,
              8
            ],
            "uv": [
              0,
              0
            ],
            "inflate": 1
          }
        ]
      },
      {
        "name": "rightArm",
        "pivot": [
          -5,
          22,
          0
        ]
      },
      {
        "name": "leftArm",
        "pivot": [
          5,
          22,
          0
        ]
      },
      {
        "name": "rightLeg",
        "pivot": [
          -1.9,
          12,
          0
        ]
      },
      {
        "name": "leftLeg",
        "pivot": [
          1.9,
          12,
          0
        ]
      }
    ]
  }
}