{
  "format_version": "1.10.0",
  "geometry.mrspir_ghast_head": {
    "texturewidth": 64,
    "textureheight": 32,
    "visible_bounds_width": 6,
    "visible_bounds_height": 9,
    "visible_bounds_offset": [
      0,
      4.5,
      0
    ],
    "bones": [
      {
        "name": "body",
        "pivot": [
          0,
          8,
          0
        ],
        "cubes": [
          {
            "origin": [
              -8,
              7,
              -8
            ],
            "size": [
              16,
              16,
              16
            ],
            "uv": [
              0,
              0
            ]
          }
        ]
      },
      {
        "name": "tentacles_0",
        "parent": "body",
        "pivot": [
          -3.8,
          1,
          -5
        ]
      },
      {
        "name": "tentacles_1",
        "parent": "body",
        "pivot": [
          1.3,
          1,
          -5
        ]
      },
      {
        "name": "tentacles_2",
        "parent": "body",
        "pivot": [
          6.3,
          1,
          -5
        ]
      },
      {
        "name": "tentacles_3",
        "parent": "body",
        "pivot": [
          -6.3,
          1,
          0
        ]
      },
      {
        "name": "tentacles_4",
        "parent": "body",
        "pivot": [
          -1.3,
          1,
          0
        ]
      },
      {
        "name": "tentacles_5",
        "parent": "body",
        "pivot": [
          3.8,
          1,
          0
        ]
      },
      {
        "name": "tentacles_6",
        "parent": "body",
        "pivot": [
          -3.8,
          1,
          5
        ]
      },
      {
        "name": "tentacles_7",
        "parent": "body",
        "pivot": [
          1.3,
          1,
          5
        ]
      },
      {
        "name": "tentacles_8",
        "parent": "body",
        "pivot": [
          6.3,
          1,
          5
        ]
      }
    ]
  }
}