{
  "format_version": "1.12.0",
  "minecraft:geometry": [
    {
      "description": {
        "identifier": "geometry.mrspir_warden_head",
        "texture_width": 128,
        "texture_height": 128,
        "visible_bounds_width": 4,
        "visible_bounds_height": 6,
        "visible_bounds_offset": [
          0,
          2,
          0
        ]
      },
      "bones": [
        {
          "name": "root",
          "pivot": [
            0,
            0,
            0
          ]
        },
        {
          "name": "body",
          "parent": "root",
          "pivot": [
            0,
            21,
            0
          ]
        },
        {
          "name": "right_ribcage",
          "parent": "body",
          "pivot": [
            -7,
            23,
            -4
          ]
        },
        {
          "name": "left_ribcage",
          "parent": "body",
          "pivot": [
            7,
            23,
            -4
          ]
        },
        {
          "name": "head",
          "parent": "body",
          "pivot": [
            0,
            34,
            0
          ],
          "cubes": [
            {
              "origin": [
                -8,
                34,
                -5
              ],
              "size": [
                16,
                16,
                10
              ],
              "uv": [
                0,
                32
              ]
            }
          ]
        },
        {
          "name": "right_tendril",
          "parent": "head",
          "pivot": [
            -8,
            46,
            0
          ],
          "cubes": [
            {
              "origin": [
                -24,
                38,
                0
              ],
              "size": [
                16,
                21,
                0
              ],
              "uv": [
                52,
                32
              ]
            }
          ]
        },
        {
          "name": "left_tendril",
          "parent": "head",
          "pivot": [
            8,
            46,
            0
          ],
          "cubes": [
            {
              "origin": [
                8,
                38,
                0
              ],
              "size": [
                16,
                21,
                0
              ],
              "uv": [
                58,
                0
              ]
            }
          ]
        },
        {
          "name": "right_arm",
          "parent": "body",
          "pivot": [
            -13,
            34,
            1
          ]
        },
        {
          "name": "left_arm",
          "parent": "body",
          "pivot": [
            13,
            34,
            1
          ]
        },
        {
          "name": "right_leg",
          "parent": "root",
          "pivot": [
            -5.9,
            13,
            0
          ]
        },
        {
          "name": "left_leg",
          "parent": "root",
          "pivot": [
            5.9,
            13,
            0
          ]
        }
      ]
    }
  ]
}