{
  "format_version": "1.10.0",
  "geometry.mrspir_villager_head": {
    "texturewidth": 64,
    "textureheight": 64,
    "visible_bounds_width": 2,
    "visible_bounds_height": 3,
    "visible_bounds_offset": [
      0,
      1.5,
      0
    ],
    "bones": [
      {
        "name": "body",
        "pivot": [
          0,
          0,
          0
        ]
      },
      {
        "name": "head",
        "parent": "body",
        "pivot": [
          0,
          24,
          0
        ],
        "cubes": [
          {
            "origin": [
              -4,
              24,
              -4
            ],
            "size": [
              8,
              10,
              8
            ],
            "uv": [
              0,
              0
            ]
          }
        ]
      },
      {
        "name": "nose",
        "parent": "head",
        "pivot": [
          0,
          26,
          0
        ],
        "cubes": [
          {
            "origin": [
              -1,
              23,
              -6
            ],
            "size": [
              2,
              4,
              2
            ],
            "uv": [
              24,
              0
            ]
          }
        ]
      },
      {
        "name": "arms",
        "parent": "body",
        "pivot": [
          0,
          22,
          0
        ]
      },
      {
        "name": "leg0",
        "parent": "body",
        "pivot": [
          -2,
          12,
          0
        ]
      },
      {
        "name": "leg1",
        "parent": "body",
        "pivot": [
          2,
          12,
          0
        ]
      }
    ]
  }
}