{
  "format_version": "1.10.0",
  "geometry.mrspir_ravager_head": {
    "texturewidth": 128,
    "textureheight": 128,
    "visible_bounds_width": 4,
    "visible_bounds_height": 4.5,
    "visible_bounds_offset": [
      0,
      1.75,
      0
    ],
    "bones": [
      {
        "name": "body",
        "pivot": [
          0,
          19,
          2
        ],
        "rotation": [
          90,
          0,
          0
        ]
      },
      {
        "name": "neck",
        "pivot": [
          0,
          20,
          -20
        ]
      },
      {
        "name": "head",
        "parent": "neck",
        "pivot": [
          0,
          28,
          -10
        ],
        "cubes": [
          {
            "origin": [
              -8,
              29,
              -19
            ],
            "size": [
              16,
              20,
              16
            ],
            "uv": [
              0,
              0
            ]
          },
          {
            "origin": [
              -2,
              27,
              -22
            ],
            "size": [
              4,
              8,
              4
            ],
            "uv": [
              0,
              0
            ]
          }
        ],
        "locators": {
          "stun": [
            0,
            32,
            -15
          ]
        }
      },
      {
        "name": "mouth",
        "parent": "head",
        "pivot": [
          0,
          15,
          -10
        ],
        "cubes": [
          {
            "origin": [
              -8,
              28,
              -19
            ],
            "size": [
              16,
              3,
              16
            ],
            "uv": [
              0,
              36
            ]
          }
        ]
      },
      {
        "name": "horns",
        "parent": "head",
        "pivot": [
          -5,
          27,
          -19
        ],
        "rotation": [
          60,
          0,
          0
        ],
        "cubes": [
          {
            "origin": [
              -9,
              31,
              -3
            ],
            "size": [
              2,
              14,
              4
            ],
            "uv": [
              74,
              55
            ]
          },
          {
            "origin": [
              7,
              31,
              -3
            ],
            "size": [
              2,
              14,
              4
            ],
            "uv": [
              74,
              55
            ]
          }
        ]
      },
      {
        "name": "leg0",
        "pivot": [
          -12,
          30,
          22
        ]
      },
      {
        "name": "leg1",
        "pivot": [
          4,
          30,
          22
        ]
      },
      {
        "name": "leg2",
        "pivot": [
          -4,
          26,
          -4
        ]
      },
      {
        "name": "leg3",
        "pivot": [
          -4,
          26,
          -4
        ]
      }
    ]
  }
}