{
  "format_version": "1.8.0",
  "geometry.panda": {
    "texturewidth": 64,
    "textureheight": 64,
    "bones": [
      {
        "name": "head",
        "parent": "body",
        "pivot": [
          0,
          12.5,
          -17
        ],
        "locators": {
          "lead": [
            0,
            14,
            -16
          ]
        },
        "cubes": [
          {
            "origin": [
              -6.5,
              7.5,
              -21
            ],
            "size": [
              13,
              10,
              9
            ],
            "uv": [
              0,
              6
            ]
          },
          {
            "origin": [
              -3.5,
              7.5,
              -23
            ],
            "size": [
              7,
              5,
              2
            ],
            "uv": [
              45,
              16
            ]
          },
          {
            "origin": [
              -8.5,
              16.5,
              -18
            ],
            "size": [
              5,
              4,
              1
            ],
            "uv": [
              52,
              25
            ]
          },
          {
            "origin": [
              3.5,
              16.5,
              -18
            ],
            "size": [
              5,
              4,
              1
            ],
            "uv": [
              52,
              25
            ]
          }
        ]
      },
      {
        "name": "body",
        "pivot": [
          0,
          14,
          0
        ],
        "bind_pose_rotation": [
          90,
          0,
          0
        ],
        "cubes": [
          {
            "origin": [
              -9.5,
              1,
              -6.5
            ],
            "size": [
              19,
              26,
              13
            ],
            "uv": [
              0,
              25
            ]
          }
        ]
      },
      {
        "name": "leg0",
        "parent": "body",
        "pivot": [
          -5.5,
          9,
          9
        ],
        "cubes": [
          {
            "origin": [
              -8.5,
              0,
              6
            ],
            "size": [
              6,
              9,
              6
            ],
            "uv": [
              40,
              0
            ]
          }
        ]
      },
      {
        "name": "leg1",
        "parent": "body",
        "pivot": [
          5.5,
          9,
          9
        ],
        "cubes": [
          {
            "origin": [
              2.5,
              0,
              6
            ],
            "size": [
              6,
              9,
              6
            ],
            "uv": [
              40,
              0
            ]
          }
        ]
      },
      {
        "name": "leg2",
        "parent": "body",
        "pivot": [
          -5.5,
          9,
          -9
        ],
        "cubes": [
          {
            "origin": [
              -8.5,
              0,
              -12
            ],
            "size": [
              6,
              9,
              6
            ],
            "uv": [
              40,
              0
            ]
          }
        ]
      },
      {
        "name": "leg3",
        "parent": "body",
        "pivot": [
          5.5,
          9,
          -9
        ],
        "cubes": [
          {
            "origin": [
              2.5,
              0,
              -12
            ],
            "size": [
              6,
              9,
              6
            ],
            "uv": [
              40,
              0
            ]
          }
        ]
      }
    ]
  }
}