{
  "format_version": "1.12.0",
  "minecraft:geometry": [
    {
      "description": {
        "identifier": "geometry.warden",
        "texture_width": 128,
        "texture_height": 128,
        "visible_bounds_width": 4,
        "visible_bounds_height": 5.5,
        "visible_bounds_offset": [
          0,
          2.25,
          0
        ]
      },
      "bones": [
        {
          "name": "root",
          "pivot": [
            0,
            0,
            0
          ]
        },
        {
          "name": "body",
          "parent": "root",
          "pivot": [
            0,
            21,
            0
          ],
          "cubes": [
            {
              "origin": [
                -9,
                13,
                -4
              ],
              "size": [
                18,
                21,
                11
              ],
              "uv": [
                0,
                0
              ]
            }
          ]
        },
        {
          "name": "right_ribcage",
          "parent": "body",
          "pivot": [
            -7,
            23,
            -4
          ],
          "cubes": [
            {
              "origin": [
                -9,
                13,
                -4.1
              ],
              "size": [
                9,
                21,
                0
              ],
              "uv": [
                90,
                11
              ]
            }
          ]
        },
        {
          "name": "left_ribcage",
          "parent": "body",
          "pivot": [
            7,
            23,
            -4
          ],
          "cubes": [
            {
              "origin": [
                0,
                13,
                -4.1
              ],
              "size": [
                9,
                21,
                0
              ],
              "uv": [
                90,
                11
              ],
              "mirror": true
            }
          ]
        },
        {
          "name": "head",
          "parent": "body",
          "pivot": [
            0,
            34,
            0
          ],
          "cubes": [
            {
              "origin": [
                -8,
                34,
                -5
              ],
              "size": [
                16,
                16,
                10
              ],
              "uv": [
                0,
                32
              ]
            }
          ]
        },
        {
          "name": "right_tendril",
          "parent": "head",
          "pivot": [
            -8,
            46,
            0
          ],
          "cubes": [
            {
              "origin": [
                -24,
                43,
                0
              ],
              "size": [
                16,
                16,
                0
              ],
              "uv": [
                52,
                32
              ]
            }
          ]
        },
        {
          "name": "left_tendril",
          "parent": "head",
          "pivot": [
            8,
            46,
            0
          ],
          "cubes": [
            {
              "origin": [
                8,
                43,
                0
              ],
              "size": [
                16,
                16,
                0
              ],
              "uv": [
                58,
                0
              ]
            }
          ]
        },
        {
          "name": "right_arm",
          "parent": "body",
          "pivot": [
            -13,
            34,
            1
          ],
          "cubes": [
            {
              "origin": [
                -17,
                6,
                -3
              ],
              "size": [
                8,
                28,
                8
              ],
              "uv": [
                44,
                50
              ]
            }
          ]
        },
        {
          "name": "left_arm",
          "parent": "body",
          "pivot": [
            13,
            34,
            1
          ],
          "cubes": [
            {
              "origin": [
                9,
                6,
                -3
              ],
              "size": [
                8,
                28,
                8
              ],
              "uv": [
                0,
                58
              ]
            }
          ]
        },
        {
          "name": "right_leg",
          "parent": "root",
          "pivot": [
            -5.9,
            13,
            0
          ],
          "cubes": [
            {
              "origin": [
                -9,
                0,
                -3
              ],
              "size": [
                6,
                13,
                6
              ],
              "uv": [
                76,
                48
              ]
            }
          ]
        },
        {
          "name": "left_leg",
          "parent": "root",
          "pivot": [
            5.9,
            13,
            0
          ],
          "cubes": [
            {
              "origin": [
                3,
                0,
                -3
              ],
              "size": [
                6,
                13,
                6
              ],
              "uv": [
                76,
                76
              ]
            }
          ]
        }
      ]
    }
  ]
}