{
	"format_version": "1.12.0",
	"minecraft:geometry": [
		{
			"description": {
				"identifier": "geometry.trepeater",
				"texture_width": 64,
				"texture_height": 32,
				"visible_bounds_width": 3,
				"visible_bounds_height": 2.5,
				"visible_bounds_offset": [0, 0.75, 0]
			},
			"bones": [
				{
					"name": "ground_leaf",
					"pivot": [0, 0, 0],
					"rotation": [0, -45, 0],
					"cubes": [
						{"origin": [-1.5, 0, -1.5], "size": [3, 1, 3], "uv": [52, 0]},
						{"origin": [-1.5, 1.6, -1], "size": [3, 3, 0], "pivot": [0.5, 0.35285, 0.26706], "rotation": [45, 0, 0], "uv": [58, 4]},
						{"origin": [-1.5, 5.95922, -8.5694], "size": [3, 0, 4], "pivot": [-0.5, 5.95922, 2.4306], "rotation": [30, 0, 0], "uv": [48, 4]},
						{"origin": [-1.25, 1, -0.45], "size": [3, 3, 0], "pivot": [0.5, 0.35285, 0.26706], "rotation": [0, -90, 45], "uv": [58, 4]},
						{"origin": [-3.47671, 5.92387, -11.48294], "size": [3, 0, 4], "pivot": [-2.47671, 5.92387, -0.48294], "rotation": [0, -90, 30], "uv": [48, 4]},
						{"origin": [-1.75, 1, -0.45], "size": [3, 3, 0], "pivot": [-0.5, 0.35285, 0.26706], "rotation": [0, 90, -45], "uv": [58, 4]},
						{"origin": [1.47742, 5.92458, -10.48294], "size": [3, 0, 4], "pivot": [2.47742, 5.92458, 0.51706], "rotation": [0, 90, -30], "uv": [48, 4]},
						{"origin": [-2.5, 1.25, -0.6], "size": [3, 3, 0], "pivot": [-0.5, 0.35285, 0.26706], "rotation": [-135, 0, 180], "uv": [58, 4]},
						{"origin": [-0.5, 5.99529, -13.42752], "size": [3, 0, 4], "pivot": [0.5, 5.99529, -2.42752], "rotation": [-150, 0, 180], "uv": [48, 4]}
					]
				},
				{
					"name": "stem",
					"pivot": [0, 0, 0],
					"cubes": [
						{"origin": [-1.5, 8.5, -1.5], "size": [3, 1, 3], "uv": [52, 8]},
						{"origin": [-0.5, 0.5, -0.5], "size": [1, 8.5, 1], "uv": [44, 0]},
						{"origin": [-0.5, 0.5, -0.5], "size": [1, 8.5, 1], "inflate": 0.1, "uv": [48, 0]}
					]
				},
				{
					"name": "head",
					"parent": "stem",
					"pivot": [0, 0, 0],
					"cubes": [
						{"origin": [-2.5, 9.5, -3], "size": [5, 6, 6], "uv": [0, 0]},
						{"origin": [-2.5, 9.5, -3], "size": [5, 6, 6], "inflate": 0.1, "uv": [0, 20]},
						{"origin": [-1.5, 11, -3.85], "size": [3, 3, 1], "inflate": -0.1, "uv": [0, 12]},
						{"origin": [-2, 10.5, -4.5], "size": [4, 4, 1], "inflate": -0.1, "uv": [8, 12]},
						{"origin": [-2.75, 13.5, -2.5], "size": [1, 1, 3], "uv": [0, 16]},
						{"origin": [1.75, 13.5, -2.5], "size": [1, 1, 3], "uv": [0, 16]},
						{"origin": [-2.5, 19, 1], "size": [3, 5, 0], "pivot": [0, 0, 0], "rotation": [0, 45, 0], "uv": [58, 27]},
						{"origin": [-0.5, 19, 1], "size": [3, 5, 0], "pivot": [0, 0, 0], "rotation": [0, -45, 0], "uv": [58, 27]}
					]
				},
				{
					"name": "leafs",
					"parent": "head",
					"pivot": [0, 10, -8],
					"cubes": [
						{"origin": [-0.5, 15.25, 4.5], "size": [3, 0, 4], "pivot": [8, 0, 4], "rotation": [18.29388, 16.66577, 5.41615], "uv": [18, 8], "mirror": true},
						{"origin": [-1.5, 15.25, 9.5], "size": [3, 0, 4], "pivot": [8, 0, 4], "rotation": [18.29388, -16.66577, -5.41615], "uv": [18, 8]},
						{"origin": [1, 12, -1.5], "size": [3, 0, 4], "pivot": [5, -4.5, -4], "rotation": [-18.2939, -16.66577, -5.41615], "uv": [18, 8]},
						{"origin": [-3.5, 10.5, -3.8], "size": [3, 0, 4], "pivot": [5, -4.5, -4], "rotation": [-18.2939, 16.66577, 5.41615], "uv": [18, 8], "mirror": true},
						{"origin": [-22.5, 17.25, 9.5], "size": [3, 0, 4], "pivot": [-12, 3, 4], "rotation": [16.79706, -18.17408, 84.5804], "uv": [18, 8]},
						{"origin": [-21.5, 17.25, 3], "size": [3, 0, 4], "pivot": [-12, 3, 4], "rotation": [17.30371, 22.61519, 96.79045], "uv": [18, 8], "mirror": true},
						{"origin": [-23.5, 17, -1], "size": [3, 0, 4], "pivot": [-13, 3, -7], "rotation": [-30.44065, -16.49932, 99.43003], "uv": [18, 8]},
						{"origin": [-22.75, 17, -7.5], "size": [3, 0, 4], "pivot": [-13, 3, -7], "rotation": [-31.22473, 20.43163, 78.00622], "uv": [18, 8], "mirror": true}
					]
				}
			]
		}
	]
}