{
	"format_version": "1.12.0",
	"minecraft:geometry": [
		{
			"description": {
				"identifier": "geometry.tsnowpea",
				"texture_width": 64,
				"texture_height": 32,
				"visible_bounds_width": 3,
				"visible_bounds_height": 2.5,
				"visible_bounds_offset": [0, 0.75, 0]
			},
			"bones": [
				{
					"name": "ground_leaf",
					"pivot": [0, 0, 0],
					"rotation": [0, -45, 0],
					"cubes": [
						{"origin": [-1.5, 0, -1.5], "size": [3, 1, 3], "uv": [52, 0]},
						{"origin": [-1.5, 1.6, -1], "size": [3, 3, 0], "pivot": [0.5, 0.35285, 0.26706], "rotation": [45, 0, 0], "uv": [58, 4]},
						{"origin": [-1.5, 5.95922, -8.5694], "size": [3, 0, 4], "pivot": [-0.5, 5.95922, 2.4306], "rotation": [30, 0, 0], "uv": [48, 4]},
						{"origin": [-1.25, 1, -0.45], "size": [3, 3, 0], "pivot": [0.5, 0.35285, 0.26706], "rotation": [0, -90, 45], "uv": [58, 4]},
						{"origin": [-3.47671, 5.92387, -11.48294], "size": [3, 0, 4], "pivot": [-2.47671, 5.92387, -0.48294], "rotation": [0, -90, 30], "uv": [48, 4]},
						{"origin": [-1.75, 1, -0.45], "size": [3, 3, 0], "pivot": [-0.5, 0.35285, 0.26706], "rotation": [0, 90, -45], "uv": [58, 4]},
						{"origin": [1.47742, 5.92458, -10.48294], "size": [3, 0, 4], "pivot": [2.47742, 5.92458, 0.51706], "rotation": [0, 90, -30], "uv": [48, 4]},
						{"origin": [-2.5, 1.25, -0.6], "size": [3, 3, 0], "pivot": [-0.5, 0.35285, 0.26706], "rotation": [-135, 0, 180], "uv": [58, 4]},
						{"origin": [-0.5, 5.99529, -13.42752], "size": [3, 0, 4], "pivot": [0.5, 5.99529, -2.42752], "rotation": [-150, 0, 180], "uv": [48, 4]}
					]
				},
				{
					"name": "stem",
					"pivot": [0, 0, 0],
					"cubes": [
						{"origin": [-1.5, 8.5, -1.5], "size": [3, 1, 3], "uv": [52, 8]},
						{"origin": [-0.5, 0.5, -0.5], "size": [1, 8.5, 1], "uv": [44, 0]},
						{"origin": [-0.5, 0.5, -0.5], "size": [1, 8.5, 1], "inflate": 0.1, "uv": [48, 0]}
					]
				},
				{
					"name": "head",
					"parent": "stem",
					"pivot": [0, 0, 0],
					"cubes": [
						{"origin": [-2.5, 9.5, -3], "size": [5, 6, 6], "uv": [0, 0]},
						{"origin": [-1.5, 11, -3.85], "size": [3, 3, 1], "inflate": -0.1, "uv": [0, 12]},
						{"origin": [-2, 10.5, -4.5], "size": [4, 4, 1], "inflate": -0.1, "uv": [8, 12]}
					]
				},
				{
					"name": "icycles",
					"parent": "head",
					"pivot": [0, 10, -7],
					"cubes": [
						{"origin": [-1.5, 12.3, 7], "size": [3, 3, 6], "inflate": -0.5, "pivot": [8, -0.2, 4.6], "rotation": [17.5, 0, 0], "uv": [0, 23]},
						{"origin": [-4.5, 12.05, 9.75], "size": [3, 3, 6], "inflate": -0.5, "pivot": [5, -0.2, 7.25], "rotation": [17.5, -27, 0], "uv": [0, 23]},
						{"origin": [-0.25, 12.05, 2.75], "size": [3, 3, 6], "inflate": -0.5, "pivot": [9.25, -0.2, 0.25], "rotation": [17.5, 27, 0], "uv": [0, 23]},
						{"origin": [-4.5, 9.25, 3.5], "size": [3, 3, 6], "inflate": -0.5, "pivot": [5, -5, 1], "rotation": [-7.4329, -24.79877, 11.03349], "uv": [0, 23]},
						{"origin": [-0.25, 12.05, -2.25], "size": [3, 3, 6], "inflate": -0.5, "pivot": [9.25, -2.2, -4.75], "rotation": [-7.4329, 24.79877, -11.03349], "uv": [0, 23]}
					]
				}
			]
		}
	]
}