{
	"format_version": "1.12.0",
	"minecraft:geometry": [
		{
			"description": {
				"identifier": "geometry.tsunflower",
				"texture_width": 64,
				"texture_height": 32,
				"visible_bounds_width": 2,
				"visible_bounds_height": 2.5,
				"visible_bounds_offset": [0, 0.75, 0]
			},
			"bones": [
				{
					"name": "ground_leaf",
					"pivot": [0, 0, 0],
					"rotation": [0, -45, 0],
					"cubes": [
						{"origin": [-1.5, 0, -1.5], "size": [3, 1, 3], "uv": [52, 0]},
						{"origin": [-1.5, 1.6, -1], "size": [3, 3, 0], "pivot": [0.5, 0.35285, 0.26706], "rotation": [45, 0, 0], "uv": [58, 4]},
						{"origin": [-1.5, 5.95922, -8.5694], "size": [3, 0, 4], "pivot": [-0.5, 5.95922, 2.4306], "rotation": [30, 0, 0], "uv": [48, 4]},
						{"origin": [-1.25, 1, -0.45], "size": [3, 3, 0], "pivot": [0.5, 0.35285, 0.26706], "rotation": [0, -90, 45], "uv": [58, 4]},
						{"origin": [-3.47671, 5.92387, -11.48294], "size": [3, 0, 4], "pivot": [-2.47671, 5.92387, -0.48294], "rotation": [0, -90, 30], "uv": [48, 4]},
						{"origin": [-1.75, 1, -0.45], "size": [3, 3, 0], "pivot": [-0.5, 0.35285, 0.26706], "rotation": [0, 90, -45], "uv": [58, 4]},
						{"origin": [1.47742, 5.92458, -10.48294], "size": [3, 0, 4], "pivot": [2.47742, 5.92458, 0.51706], "rotation": [0, 90, -30], "uv": [48, 4]},
						{"origin": [-2.5, 1.25, -0.6], "size": [3, 3, 0], "pivot": [-0.5, 0.35285, 0.26706], "rotation": [-135, 0, 180], "uv": [58, 4]},
						{"origin": [-0.5, 5.99529, -13.42752], "size": [3, 0, 4], "pivot": [0.5, 5.99529, -2.42752], "rotation": [-150, 0, 180], "uv": [48, 4]}
					]
				},
				{
					"name": "stem",
					"pivot": [0, 0, 0],
					"cubes": [
						{"origin": [-1.5, 12, -0.5], "size": [3, 3, 2], "inflate": 0.1, "uv": [12, 9]},
						{"origin": [-0.5, 0.5, -0.5], "size": [1, 6.5, 1], "uv": [48, 0]},
						{"origin": [-0.5, 9.8509, 0.76327], "size": [1, 3, 1], "uv": [44, 4]},
						{"origin": [-0.5, 5.21667, -4.5346], "size": [1, 3.5, 1], "inflate": -0.01, "pivot": [0, -4.03333, 1.9654], "rotation": [-22.5, 0, 0], "uv": [48, 7]},
						{"origin": [-0.5, 0.5, -0.5], "size": [1, 6.5, 1], "inflate": 0.1, "uv": [40, 0]},
						{"origin": [-0.5, 9.95, 0.8], "size": [1, 3, 1], "inflate": 0.1, "uv": [44, 0]},
						{"origin": [-0.5, 7.25, -2.5], "size": [1, 3.5, 1], "inflate": 0.11, "pivot": [0, 2, -2], "rotation": [-22.5, 0, 0], "uv": [44, 0]},
						{"origin": [-12.5, 21.15, 14.75], "size": [4, 0, 3], "pivot": [-4, 7, 13], "rotation": [75, 0, 90], "uv": [-3, 15], "mirror": true},
						{"origin": [-2, 24.25, 15.75], "size": [4, 0, 3], "pivot": [8, 9, 14], "rotation": [75, 0, 0], "uv": [-3, 15], "mirror": true},
						{"origin": [-4.5, 35.4, 15.75], "size": [4, 0, 3], "pivot": [5, 21, 13], "rotation": [75, 0, -90], "uv": [-3, 15], "mirror": true}
					]
				},
				{
					"name": "head",
					"parent": "stem",
					"pivot": [0, 0, -1],
					"cubes": [
						{"origin": [-2.5, 11, -1.5], "size": [5, 5, 1], "uv": [0, 9]},
						{"origin": [-4, 9.5, -2.3], "size": [8, 8, 1], "inflate": -0.2, "uv": [0, 0]}
					]
				},
				{
					"name": "leafs",
					"parent": "head",
					"pivot": [0, 10, -8],
					"cubes": [
						{"origin": [-4.25, 25.25, 14.8], "size": [3, 0, 6], "pivot": [7, 10, 12.05], "rotation": [75, 0, 0], "uv": [18, 0]},
						{"origin": [1.25, 25.25, 14.8], "size": [3, 0, 6], "pivot": [7, 10, 12.05], "rotation": [75, 0, 0], "uv": [18, 0], "mirror": true},
						{"origin": [-2.5, 25.9, 15.65], "size": [5, 0, 7], "pivot": [7, 10, 12.5], "rotation": [75, 0, 0], "uv": [23, 0], "mirror": true},
						{"origin": [-15.5, 31.65, 17.85], "size": [3, 0, 4], "pivot": [-7, 17, 12], "rotation": [85, 0, -180], "uv": [14, 0], "mirror": true},
						{"origin": [-13.5, 30.65, 18.35], "size": [3, 0, 4], "pivot": [-7, 17, 12], "rotation": [90, 0, -180], "uv": [14, 5], "mirror": true},
						{"origin": [-17.5, 30.65, 18.35], "size": [3, 0, 4], "pivot": [-7, 17, 12], "rotation": [90, 0, -180], "uv": [14, 5], "mirror": true},
						{"origin": [-12.75, 22.25, 14.2], "size": [3, 0, 4], "pivot": [-3, 7, 12.2], "rotation": [75, 0, 90], "uv": [14, 5], "mirror": true},
						{"origin": [-9, 22.25, 14.2], "size": [3, 0, 4], "pivot": [-3, 7, 12.2], "rotation": [75, 0, 90], "uv": [14, 5], "mirror": true},
						{"origin": [-11, 21, 18.5], "size": [3, 0, 4], "pivot": [-3, 7, 12], "rotation": [90, 0, 90], "uv": [14, 0], "mirror": true},
						{"origin": [-2, 31, 18.25], "size": [3, 0, 4], "pivot": [7, 17, 12], "rotation": [90, 0, -45], "uv": [14, 0]},
						{"origin": [-3.25, 36.5, 15.45], "size": [3, 0, 4], "pivot": [4, 21, 12.2], "rotation": [75, 0, -90], "uv": [14, 5], "mirror": true},
						{"origin": [-5, 35, 19.75], "size": [3, 0, 4], "pivot": [4, 21, 12], "rotation": [90, 0, -90], "uv": [14, 0], "mirror": true},
						{"origin": [-7, 36.5, 15.45], "size": [3, 0, 4], "pivot": [4, 21, 12.2], "rotation": [75, 0, -90], "uv": [14, 5], "mirror": true},
						{"origin": [-16.3, 35, 18.6], "size": [3, 0, 4], "pivot": [-6, 21, 12], "rotation": [90, 0, -145], "uv": [14, 0], "mirror": true},
						{"origin": [-5.6, 20, 18.25], "size": [3, 0, 4], "pivot": [4, 6, 12], "rotation": [90, 0, 45], "uv": [14, 0], "mirror": true},
						{"origin": [-15.5, 26, 18.7], "size": [3, 0, 4], "pivot": [-7, 12, 12], "rotation": [90, 0, 145], "uv": [14, 0], "mirror": true}
					]
				}
			]
		}
	]
}