{
	"format_version": "1.12.0",
	"minecraft:geometry": [
		{
			"description": {
				"identifier": "geometry.twallnut",
				"texture_width": 64,
				"texture_height": 64,
				"visible_bounds_width": 2,
				"visible_bounds_height": 2.5,
				"visible_bounds_offset": [0, 0.75, 0]
			},
			"bones": [
				{
					"name": "bone",
					"pivot": [0, 0, 0],
					"cubes": [
						{"origin": [-4, 0, -4], "size": [8, 2, 8], "uv": [32, 22]},
						{"origin": [-4, 13, -4], "size": [8, 2, 8], "uv": [0, 22]},
						{"origin": [-4, 0, -4], "size": [8, 2, 8], "inflate": 0.1, "uv": [32, 54]},
						{"origin": [-4, 13, -4], "size": [8, 2, 8], "inflate": 0.1, "uv": [0, 54]},
						{"origin": [-15, 4, -0.5], "size": [15, 2, 0], "pivot": [0, 0, 0], "rotation": [0, 0, 90], "uv": [30, 0]},
						{"origin": [-15, -6, -0.5], "size": [15, 2, 0], "pivot": [0, 0, 0], "rotation": [0, 0, 90], "uv": [30, 2]},
						{"origin": [-5, 15, -0.5], "size": [10, 1, 0], "uv": [30, 4]},
						{"origin": [-5, 2, -5], "size": [10, 11, 10], "uv": [0, 0]},
						{"origin": [-5, 2, -5], "size": [10, 11, 10], "inflate": 0.1, "uv": [0, 32]},
						{"origin": [-4.5, 7.5, -6.2], "size": [9, 4, 1], "inflate": 0.1, "uv": [44, 49]}
					]
				}
			]
		}
	]
}