{
	"format_version": "1.12.0",
	"minecraft:geometry": [
		{
			"description": {
				"identifier": "geometry.fireling",
				"texture_width": 32,
				"texture_height": 32,
				"visible_bounds_width": 2,
				"visible_bounds_height": 1,
				"visible_bounds_offset": [0, 0, 0]
			},
			"bones": [
				{
					"name": "bone",
					"pivot": [0, 2, 0],
					"cubes": [
						{"origin": [-3, 1.5, -3], "size": [6, 10, 6], "uv": [8, 0]}
					]
				},
				{
					"name": "bone2",
					"parent": "bone",
					"pivot": [0, 8, 0],
					"cubes": [
						{"origin": [-1, 6, -3], "size": [0, 8, 6], "pivot": [-1, 9, 0], "rotation": [0, 0, 30], "uv": [0, 10]},
						{"origin": [1, 6, -3], "size": [0, 8, 6], "pivot": [1, 9, 0], "rotation": [0, 0, -30], "uv": [0, 18], "mirror": true}
					]
				},
				{
					"name": "bone3",
					"parent": "bone",
					"pivot": [0, 8, 0],
					"cubes": [
						{"origin": [-3, 6, 1], "size": [6, 8, 0], "pivot": [0, 9, 1], "rotation": [30, 0, 0], "uv": [0, 16], "mirror": true},
						{"origin": [-3, 6, -1], "size": [6, 8, 0], "pivot": [0, 9, -1], "rotation": [-30, 0, 0], "uv": [0, 24], "mirror": true}
					]
				},
				{
					"name": "legl",
					"pivot": [2, 1, 0],
					"cubes": [
						{"origin": [1, 0, -1.5], "size": [2, 2, 3], "uv": [12, 27]}
					]
				},
				{
					"name": "legr",
					"pivot": [-2, 1, 0],
					"cubes": [
						{"origin": [-3, 0, -1.5], "size": [2, 2, 3], "uv": [22, 27]}
					]
				}
			]
		}
	]
}