{
	"format_version": "1.12.0",
	"minecraft:geometry": [
		{
			"description": {
				"identifier": "geometry.freighter",
				"texture_width": 128,
				"texture_height": 64,
				"visible_bounds_width": 3,
				"visible_bounds_height": 3,
				"visible_bounds_offset": [0, 0, 0]
			},
			"bones": [
				{
					"name": "body",
					"pivot": [0, 16, 0],
					"rotation": [-4, 0, 0],
					"cubes": [
						{"origin": [-4, 12, -3], "size": [8, 12, 6], "uv": [16, 20]},
						{"origin": [-4, 4, -3], "size": [8, 20, 6], "inflate": 0.5, "uv": [0, 38]}
					]
				},
				{
					"name": "leg1",
					"pivot": [2, 12, 0],
					"cubes": [
						{"origin": [0, 0, -2.5], "size": [4, 12, 4], "uv": [0, 22], "mirror": true}
					]
				},
				{
					"name": "leg0",
					"pivot": [-2, 12, 0],
					"cubes": [
						{"origin": [-4, 0, -2.5], "size": [4, 12, 4], "uv": [0, 22]}
					]
				},
				{
					"name": "arms",
					"pivot": [0, 22, 0],
					"rotation": [-45, 0, 0],
					"cubes": [
						{"origin": [-8, 12, -2], "size": [4, 12, 4], "uv": [44, 22]},
						{"origin": [4, 12, -2], "size": [4, 12, 4], "uv": [44, 22], "mirror": true}
					]
				},
				{
					"name": "chest",
					"parent": "arms",
					"pivot": [0, 21.50697, -5.63533],
					"rotation": [50, 0, 0]
				},
				{
					"name": "chest_up",
					"parent": "chest",
					"pivot": [0, 17.00349, -5.56766],
					"cubes": [
						{"origin": [-7, 15.50697, -15.63533], "size": [14, 5, 14], "inflate": -1, "uv": [69, 1]},
						{"origin": [-1, 14, -15], "size": [2, 4, 1], "uv": [69, 1]}
					]
				},
				{
					"name": "chest_down",
					"parent": "chest",
					"pivot": [3, -16.49303, -11.63533],
					"cubes": [
						{"origin": [-7, 7.50697, -15.63533], "size": [14, 10, 14], "inflate": -1, "uv": [69, 20]}
					]
				},
				{
					"name": "head",
					"pivot": [0, 24, 0],
					"cubes": [
						{"origin": [-4, 24, -4], "size": [8, 10, 8], "uv": [0, 0]}
					]
				},
				{
					"name": "helmet",
					"parent": "head",
					"pivot": [0, 24, 0],
					"cubes": [
						{"origin": [-4, 23, -4], "size": [8, 11, 8], "inflate": 0.5, "uv": [32, 0]}
					]
				},
				{
					"name": "nose",
					"parent": "head",
					"pivot": [0, 26, 0],
					"cubes": [
						{"origin": [-1, 23, -6], "size": [2, 4, 2], "uv": [24, 0]}
					]
				}
			]
		}
	]
}