{
	"format_version": "1.12.0",
	"minecraft:geometry": [
		{
			"description": {
				"identifier": "geometry.lilyfin",
				"texture_width": 64,
				"texture_height": 64,
				"visible_bounds_width": 3,
				"visible_bounds_height": 2,
				"visible_bounds_offset": [0, 0, 0]
			},
			"bones": [
				{
					"name": "body",
					"pivot": [0, 0, -3],
					"cubes": [
						{"origin": [-3, 0, -3], "size": [6, 5, 12], "uv": [0, 13]}
					]
				},
				{
					"name": "head",
					"parent": "body",
					"pivot": [0, 0, -3],
					"cubes": [
						{"origin": [-3, 0, -8], "size": [6, 5, 5], "uv": [0, 0]}
					]
				},
				{
					"name": "nose",
					"parent": "head",
					"pivot": [0, 1.5, -8]
				},
				{
					"name": "up",
					"parent": "nose",
					"pivot": [0, 2.5, -8],
					"cubes": [
						{"origin": [-2, 1.5, -12.08716], "size": [4, 2, 4], "inflate": 0.05, "uv": [32, 12]}
					]
				},
				{
					"name": "down",
					"parent": "nose",
					"pivot": [0, 0.5, -8],
					"cubes": [
						{"origin": [-2, 0, -11.91284], "size": [4, 2, 4], "uv": [32, 18]}
					]
				},
				{
					"name": "tail",
					"parent": "body",
					"pivot": [0, 2.5, 9],
					"rotation": [-5, 0, 0],
					"cubes": [
						{"origin": [-2, 1.17431, 7.94709], "size": [4, 3, 4], "uv": [4, 34]}
					]
				},
				{
					"name": "tail_fin",
					"parent": "tail",
					"pivot": [0, 1.97707, 12.02283],
					"rotation": [-8, 0, 0],
					"cubes": [
						{"origin": [-5, 2.17431, 10.79788], "size": [10, 1, 5], "uv": [21, 35]}
					]
				},
				{
					"name": "back_fin",
					"parent": "body",
					"pivot": [7, 13, -7],
					"cubes": [
						{"origin": [-6.5, 16.5, -7.5], "size": [13, 0, 14], "uv": [4, 49]}
					]
				},
				{
					"name": "stick_fin",
					"parent": "back_fin",
					"pivot": [0.5, 4, -1],
					"rotation": [-25, 0, 0],
					"cubes": [
						{"origin": [-0.5, 4.90631, -1.92262], "size": [1, 7, 1], "uv": [26, 14]},
						{"origin": [-0.5, 6.93969, 8.34202], "size": [1, 6, 1], "pivot": [1, -3, -2], "rotation": [45, 0, 0], "uv": [26, 14]}
					]
				},
				{
					"name": "left_fin",
					"parent": "body",
					"pivot": [2, 1, -3],
					"rotation": [0, -25, 20],
					"cubes": [
						{"origin": [1.69002, 1.5, -3.5], "size": [8, 1, 3], "uv": [41, 0]}
					]
				},
				{
					"name": "left_fin2",
					"parent": "body",
					"pivot": [2, 1, 5],
					"rotation": [0, -25, 20],
					"cubes": [
						{"origin": [1.69002, 1.5, 3.64454], "size": [6, 1, 3], "uv": [23, 0]}
					]
				},
				{
					"name": "right_fin",
					"parent": "body",
					"pivot": [-2, 1, -3],
					"rotation": [0, 25, -20],
					"cubes": [
						{"origin": [-9.69002, 1.5, -3.5], "size": [8, 1, 3], "uv": [41, 6]}
					]
				},
				{
					"name": "right_fin2",
					"parent": "body",
					"pivot": [-2, 1, 4],
					"rotation": [0, 25, -20],
					"cubes": [
						{"origin": [-7.69002, 1.5, 3.64454], "size": [6, 1, 3], "uv": [23, 6]}
					]
				}
			]
		}
	]
}