{
	"format_version": "1.12.0",
	"minecraft:geometry": [
		{
			"description": {
				"identifier": "geometry.sand_shark",
				"texture_width": 64,
				"texture_height": 64,
				"visible_bounds_width": 5,
				"visible_bounds_height": 2.5,
				"visible_bounds_offset": [0, 0, 0]
			},
			"bones": [
				{
					"name": "body",
					"pivot": [0, 0, -3],
					"cubes": [
						{"origin": [-4, -2, -5], "size": [8, 7, 14], "uv": [0, 0]}
					]
				},
				{
					"name": "head",
					"parent": "body",
					"pivot": [0, 0, -3]
				},
				{
					"name": "nose",
					"parent": "head",
					"pivot": [0, 1.4, -4.75],
					"cubes": [
						{"origin": [-3, -0.2, -16], "size": [6, 5, 5], "uv": [30, 30]},
						{"origin": [-4, 0, -11], "size": [8, 5, 6], "uv": [32, 0]}
					]
				},
				{
					"name": "bone",
					"parent": "head",
					"pivot": [0, -2, -4.65],
					"cubes": [
						{"origin": [-3, -2, -15.8], "size": [6, 2, 5], "uv": [39, 50]},
						{"origin": [-4, -2, -11], "size": [8, 2, 6], "uv": [36, 42]}
					]
				},
				{
					"name": "tail",
					"parent": "body",
					"pivot": [0, 1, 9.16667],
					"cubes": [
						{"origin": [-2, -1, 13], "size": [4, 5, 11], "uv": [0, 21]},
						{"origin": [-3, -1.5, 9], "size": [6, 6, 6], "uv": [0, 47]}
					]
				},
				{
					"name": "tail_fin",
					"parent": "tail",
					"pivot": [0, 4.49619, 24.91284],
					"rotation": [0, 10, 90],
					"cubes": [
						{"origin": [-2.68308, 3.99619, 22.29052], "size": [10, 1, 6], "uv": [19, 22]}
					]
				},
				{
					"name": "back_fin",
					"parent": "body",
					"pivot": [0, 7, 4],
					"rotation": [-30, 0, 0],
					"cubes": [
						{"origin": [-0.5, 0.51795, -2.9282], "size": [1, 7, 5], "uv": [0, 0]}
					]
				},
				{
					"name": "left_fin",
					"parent": "body",
					"pivot": [3, -1, -2],
					"rotation": [0, -25, 20],
					"cubes": [
						{"origin": [2.5, -1, -4.5], "size": [8, 1, 4], "uv": [0, 42]}
					]
				},
				{
					"name": "right_fin",
					"parent": "body",
					"pivot": [-3, 1, 1],
					"rotation": [0, 25, -20],
					"cubes": [
						{"origin": [-9.5, -0.87939, -4.5], "size": [8, 1, 4], "uv": [0, 37]}
					]
				}
			]
		}
	]
}