{
	"format_version": "1.12.0",
	"minecraft:geometry": [
		{
			"description": {
				"identifier": "geometry.snowing",
				"texture_width": 64,
				"texture_height": 32,
				"visible_bounds_width": 3,
				"visible_bounds_height": 2.5,
				"visible_bounds_offset": [0, 0.75, 0]
			},
			"bones": [
				{
					"name": "head",
					"pivot": [0, 0, 0],
					"cubes": [
						{"origin": [0.5, 9.6, -5.6], "size": [5, 2, 1], "uv": [52, 25], "mirror": true},
						{"origin": [-5.5, 9.6, -5.6], "size": [5, 2, 1], "uv": [52, 21]},
						{"origin": [-5, 5.5, -5], "size": [10, 7, 10], "uv": [0, 0]},
						{"origin": [-5, 2.6, -1], "size": [10, 3, 6], "uv": [24, 23]}
					]
				},
				{
					"name": "fang",
					"parent": "head",
					"pivot": [0.1, 4.5, 1],
					"cubes": [
						{"origin": [-4.7, 4.6, -5.2], "size": [1, 2, 1], "pivot": [0, 0, 0], "rotation": [2.5, 0, 0], "uv": [43, 11]},
						{"origin": [3.6, 4.6, -5.2], "size": [1, 2, 1], "pivot": [0, 0, 0], "rotation": [2.5, 0, 0], "uv": [48, 11], "mirror": true},
						{"origin": [-5, 2.6, -5], "size": [10, 3, 6], "uv": [32, 0]}
					]
				},
				{
					"name": "spikes",
					"pivot": [0, 0, 0]
				},
				{
					"name": "bone15",
					"parent": "spikes",
					"pivot": [0, 10.24315, -4.6913],
					"rotation": [-99, 0, 0]
				},
				{
					"name": "bone16",
					"parent": "bone15",
					"pivot": [0, 22.24315, -9.6913],
					"rotation": [37.5, 0, 0],
					"cubes": [
						{"origin": [-1, 15.24315, -12.6913], "size": [3, 10, 3], "uv": [0, 19], "mirror": true}
					]
				},
				{
					"name": "bone19",
					"parent": "bone15",
					"pivot": [-1.2, 19.04315, -9.6913],
					"rotation": [55.48148, 26.00294, 11.77738],
					"cubes": [
						{"origin": [-3.2, 13.04315, -12.6913], "size": [3, 9, 3], "uv": [12, 20]}
					]
				},
				{
					"name": "bone20",
					"parent": "bone15",
					"pivot": [1.2, 19.04315, -9.6913],
					"rotation": [55.48148, -26.00294, -11.77738],
					"cubes": [
						{"origin": [0.2, 13.04315, -12.6913], "size": [3, 9, 3], "uv": [12, 20], "mirror": true}
					]
				},
				{
					"name": "bone21",
					"parent": "spikes",
					"pivot": [0, 6.6, -5.7],
					"rotation": [-68, 0, 0]
				},
				{
					"name": "bone22",
					"parent": "bone21",
					"pivot": [0, 18.6, -10.7],
					"rotation": [37.5, 0, 0],
					"cubes": [
						{"origin": [-1, 12.6, -13.7], "size": [3, 10, 3], "uv": [0, 19], "mirror": true}
					]
				},
				{
					"name": "bone23",
					"parent": "bone21",
					"pivot": [2.8, 18.6, -10.7],
					"rotation": [29.71289, -28.37524, 16.1588],
					"cubes": [
						{"origin": [1.8, 12.6, -13.7], "size": [3, 9, 3], "uv": [12, 20], "mirror": true}
					]
				},
				{
					"name": "bone24",
					"parent": "bone21",
					"pivot": [-2.8, 18.6, -10.7],
					"rotation": [29.71289, 28.37524, -16.1588],
					"cubes": [
						{"origin": [-4.8, 12.6, -13.7], "size": [3, 9, 3], "uv": [12, 20]}
					]
				},
				{
					"name": "bone25",
					"parent": "bone21",
					"pivot": [-1.2, 15.4, -10.7],
					"rotation": [55.48148, 26.00294, 11.77738],
					"cubes": [
						{"origin": [-3.2, 9.4, -13.7], "size": [3, 9, 3], "uv": [12, 20]}
					]
				},
				{
					"name": "bone26",
					"parent": "bone21",
					"pivot": [1.2, 15.4, -10.7],
					"rotation": [55.48148, -26.00294, -11.77738],
					"cubes": [
						{"origin": [0.2, 9.4, -13.7], "size": [3, 9, 3], "uv": [12, 20], "mirror": true}
					]
				},
				{
					"name": "bone8",
					"parent": "spikes",
					"pivot": [0, 0.6, -4.2],
					"rotation": [-29, 0, 0]
				},
				{
					"name": "bone9",
					"parent": "bone8",
					"pivot": [0, 12.6, 0.8],
					"rotation": [-37.5, 0, 0],
					"cubes": [
						{"origin": [-1, 7.6, 0.8], "size": [3, 10, 3], "uv": [0, 19]}
					]
				},
				{
					"name": "bone10",
					"parent": "bone8",
					"pivot": [2.8, 12.6, 0.8],
					"rotation": [-29.71289, 28.37524, 16.1588],
					"cubes": [
						{"origin": [1.8, 6.6, 0.8], "size": [3, 10, 3], "uv": [0, 19]}
					]
				},
				{
					"name": "bone11",
					"parent": "bone8",
					"pivot": [-2.8, 12.6, 0.8],
					"rotation": [-29.71289, -28.37524, -16.1588],
					"cubes": [
						{"origin": [-4.8, 6.6, 0.8], "size": [3, 10, 3], "uv": [0, 19], "mirror": true}
					]
				},
				{
					"name": "bone7",
					"parent": "spikes",
					"pivot": [1.2, 8.8, 5],
					"rotation": [-55.48148, 26.00294, -11.77738],
					"cubes": [
						{"origin": [0, 5.70094, 3.50169], "size": [3, 9, 3], "inflate": -0.1, "pivot": [1.7, 14, 6.1], "rotation": [15, 0, 0], "uv": [12, 20]}
					]
				},
				{
					"name": "bone6",
					"parent": "spikes",
					"pivot": [-1.2, 8.8, 5],
					"rotation": [-55.48148, -26.00294, 11.77738],
					"cubes": [
						{"origin": [-3, 5.70094, 3.50169], "size": [3, 9, 3], "inflate": -0.1, "pivot": [-1.7, 14, 6.1], "rotation": [15, 0, 0], "uv": [12, 20], "mirror": true}
					]
				},
				{
					"name": "bone5",
					"parent": "spikes",
					"pivot": [-2.8, 12, 5],
					"rotation": [-29.71289, -28.37524, -16.1588],
					"cubes": [
						{"origin": [-5.8, 6, 4], "size": [3, 9, 3], "uv": [12, 20], "mirror": true}
					]
				},
				{
					"name": "bone4",
					"parent": "spikes",
					"pivot": [2.8, 12, 5],
					"rotation": [-29.71289, 28.37524, 16.1588],
					"cubes": [
						{"origin": [2.8, 6, 4], "size": [3, 9, 3], "uv": [12, 20]}
					]
				},
				{
					"name": "leftLeg",
					"pivot": [2.5, 2.5, 0],
					"cubes": [
						{"origin": [1, 0, -2], "size": [3, 3, 4], "uv": [50, 11]}
					]
				},
				{
					"name": "rightLeg",
					"pivot": [-2.5, 2.5, 0],
					"cubes": [
						{"origin": [-4, 0, -2], "size": [3, 3, 4], "uv": [38, 15]}
					]
				}
			]
		}
	]
}