{
	"format_version": "1.10.0",
	"geometry.soullager.geo": {
		"texturewidth": 64,
		"textureheight": 64,
		"visible_bounds_width": 4,
		"visible_bounds_height": 2,
		"visible_bounds_offset": [0, 0, 0],
		"bones": [
			{
				"name": "body",
				"pivot": [0, 24, 0],
				"cubes": [
					{"origin": [-4, 12, -2], "size": [8, 12, 4], "uv": [16, 16]}
				]
			},
			{
				"name": "head",
				"parent": "body",
				"pivot": [0, 24, 0],
				"cubes": [
					{"origin": [-4, 24, -4], "size": [8, 8, 8], "uv": [0, 0]},
					{"origin": [-1, 23.5, -6], "size": [2, 4, 2], "uv": [24, 0], "inflate": -0.2}
				]
			},
			{
				"name": "rightArm",
				"parent": "body",
				"pivot": [-5, 22, 0],
				"cubes": [
					{"origin": [-8, 12, -2], "size": [4, 12, 4], "uv": [40, 16]}
				]
			},
			{
				"name": "leftArm",
				"parent": "body",
				"pivot": [5, 22, 0],
				"mirror": true,
				"cubes": [
					{"origin": [4, 12, -2], "size": [4, 12, 4], "uv": [40, 16]}
				]
			},
			{
				"name": "leg0",
				"parent": "body",
				"pivot": [-1.9, 12, 0],
				"cubes": [
					{"origin": [-2.9, 3, -2], "size": [6, 10, 4], "uv": [32, 0]}
				]
			},
			{
				"name": "leftwing",
				"parent": "body",
				"pivot": [0, 24, 0],
				"mirror": true,
				"cubes": [
					{"origin": [0, 12, 0], "size": [20, 12, 1], "uv": [0, 32]}
				]
			},
			{
				"name": "rightwing",
				"parent": "body",
				"pivot": [0, 24, 0],
				"cubes": [
					{"origin": [-20, 12, 0], "size": [20, 12, 1], "uv": [0, 32]}
				]
			},
			{
				"name": "rightItem",
				"pivot": [-6, 13, 0]
			}
		]
	}
}