{
	"format_version": "1.12.0",
	"minecraft:geometry": [
		{
			"description": {
				"identifier": "geometry.fallen_knight",
				"texture_width": 84,
				"texture_height": 84,
				"visible_bounds_width": 3,
				"visible_bounds_height": 4,
				"visible_bounds_offset": [0, 1, 0]
			},
			"bones": [
				{
					"name": "all",
					"pivot": [0, 12, 0]
				},
				{
					"name": "villager_body",
					"parent": "all",
					"pivot": [0, 24, 0],
					"cubes": [
						{"origin": [-4, 12, -3], "size": [8, 12, 6], "uv": [0, 16]},
						{"origin": [-4, 6, -3], "size": [8, 18, 6], "inflate": 0.5, "uv": [48, 0]}
					]
				},
				{
					"name": "human_body",
					"parent": "all",
					"pivot": [0, 12, 0],
					"cubes": [
						{"origin": [-4, 12, -2], "size": [8, 12, 4], "inflate": 0.2, "uv": [24, 0]}
					]
				},
				{
					"name": "leftLeg",
					"parent": "human_body",
					"pivot": [2, 12, 0],
					"mirror": true,
					"cubes": [
						{"origin": [0, 0, -2], "size": [4, 12, 4], "uv": [68, 60]}
					]
				},
				{
					"name": "leftLeg2",
					"parent": "leftLeg",
					"pivot": [2, 12, 0],
					"mirror": true,
					"cubes": [
						{"origin": [1, 0, -1], "size": [2, 12, 2], "uv": [76, 14]}
					]
				},
				{
					"name": "rightLeg",
					"parent": "human_body",
					"pivot": [-2, 12, 0],
					"cubes": [
						{"origin": [-4, 0, -2], "size": [4, 12, 4], "uv": [68, 60]}
					]
				},
				{
					"name": "rightLeg2",
					"parent": "rightLeg",
					"pivot": [-2, 12, 0],
					"cubes": [
						{"origin": [-3, 0, -1], "size": [2, 12, 2], "uv": [76, 14]}
					]
				},
				{
					"name": "leftArm",
					"parent": "human_body",
					"pivot": [5, 22, 0],
					"mirror": true,
					"cubes": [
						{"origin": [4, 12, -2], "size": [4, 12, 4], "uv": [68, 44]}
					]
				},
				{
					"name": "leftArm2",
					"parent": "leftArm",
					"pivot": [5, 22, 0],
					"mirror": true,
					"cubes": [
						{"origin": [4, 11.9, -1], "size": [2, 12, 2], "uv": [76, 0]}
					]
				},
				{
					"name": "leftItem",
					"parent": "leftArm2",
					"pivot": [6, 15, 1]
				},
				{
					"name": "rightArm",
					"parent": "human_body",
					"pivot": [-5, 22, 0],
					"cubes": [
						{"origin": [-8, 12, -2], "size": [4, 12, 4], "uv": [68, 44]}
					]
				},
				{
					"name": "rightArm2",
					"parent": "rightArm",
					"pivot": [-5, 22, 0],
					"cubes": [
						{"origin": [-6, 11.9, -1], "size": [2, 12, 2], "uv": [76, 0]}
					]
				},
				{
					"name": "rightItem",
					"parent": "rightArm2",
					"pivot": [-6, 15, 1]
				},
				{
					"name": "skeleton_body",
					"parent": "all",
					"pivot": [0, 12, 0],
					"cubes": [
						{"origin": [-4, 12, -2], "size": [8, 12, 4], "uv": [0, 0]}
					]
				},
				{
					"name": "quiver2",
					"parent": "skeleton_body",
					"pivot": [0, 12, 0]
				},
				{
					"name": "quiver",
					"parent": "quiver2",
					"pivot": [1, 19, 3],
					"rotation": [0, 0, 40],
					"cubes": [
						{"origin": [-0.5, 13, 3], "size": [3, 11, 2], "uv": [74, 28]}
					]
				},
				{
					"name": "head",
					"pivot": [0, 24, 0]
				},
				{
					"name": "player_head",
					"parent": "head",
					"pivot": [0, 12, 0],
					"cubes": [
						{"origin": [-4, 24, -4], "size": [8, 8, 8], "uv": [0, 52]},
						{"origin": [-4, 24, -4], "size": [8, 8, 8], "inflate": 0.25, "uv": [32, 52]}
					]
				},
				{
					"name": "piglin_head",
					"parent": "head",
					"pivot": [0, 12, 0],
					"cubes": [
						{"origin": [2, 24, -5], "size": [1, 2, 1], "uv": [34, 16]},
						{"origin": [-3, 24, -5], "size": [1, 2, 1], "uv": [38, 16]},
						{"origin": [-2, 24, -5], "size": [4, 4, 1], "uv": [30, 70]},
						{"origin": [-5, 24, -4], "size": [10, 8, 8], "uv": [0, 68]},
						{"origin": [-5, 24, -4], "size": [10, 8, 8], "inflate": 0.25, "uv": [36, 68]}
					]
				},
				{
					"name": "RightEar",
					"parent": "piglin_head",
					"pivot": [-4.5, 30, 0],
					"rotation": [0, 0, 25],
					"cubes": [
						{"origin": [-5.5, 25, -2], "size": [1, 5, 4], "uv": [28, 16]}
					]
				},
				{
					"name": "LeftEar",
					"parent": "piglin_head",
					"pivot": [4.5, 30, 0],
					"rotation": [0, 0, -25],
					"cubes": [
						{"origin": [4.5, 25, -2], "size": [1, 5, 4], "uv": [38, 16]}
					]
				},
				{
					"name": "villager_head",
					"parent": "head",
					"pivot": [0, 24, 0],
					"cubes": [
						{"origin": [-4, 24, -4], "size": [8, 10, 8], "uv": [0, 34]},
						{"origin": [-4, 24, -4], "size": [8, 10, 8], "inflate": 0.25, "uv": [32, 34]},
						{"origin": [-1, 23, -6], "size": [2, 4, 2], "inflate": 0.25, "uv": [25, 53]}
					]
				}
			]
		}
	]
}