{
	"format_version": "1.12.0",
	"minecraft:geometry": [
		{
			"description": {
				"identifier": "geometry.hyena",
				"texture_width": 64,
				"texture_height": 32,
				"visible_bounds_width": 3,
				"visible_bounds_height": 3.25,
				"visible_bounds_offset": [0, 0.375, 0]
			},
			"bones": [
				{
					"name": "head",
					"pivot": [-1, 12.5, -9],
					"cubes": [
						{"origin": [-4, 9.5, -11], "size": [6, 6, 4], "inflate": -0.1, "uv": [0, 0]},
						{"origin": [-4.7, 14.6, -9], "size": [2, 2, 1], "pivot": [-4, 15.5, -8.5], "rotation": [0, 0, -35], "uv": [16, 14], "mirror": true},
						{"origin": [0.7, 14.6, -9], "size": [2, 2, 1], "pivot": [2, 15.5, -8.5], "rotation": [0, 0, 35], "uv": [16, 14]},
						{"origin": [-2.5, 9.599, -12.9], "size": [3, 3, 3], "uv": [1, 11]}
					],
					"locators": {
						"lead": [-1, 10, -6]
					}
				},
				{
					"name": "neck",
					"pivot": [-1, 11.83144, -6.52353],
					"rotation": [90, 0, 0],
					"cubes": [
						{"origin": [-3, 9.08124, -10.5], "size": [4, 5, 4], "pivot": [0, 4, -8], "rotation": [-15, 0, 0], "uv": [42, 23]},
						{"origin": [-1, 9.8, -6.42807], "size": [0, 4, 4], "pivot": [-1, 12.08164, -4.28913], "rotation": [175, 0, 0], "uv": [54, 0]}
					]
				},
				{
					"name": "body",
					"pivot": [0, 10, 2],
					"rotation": [90, 0, 0],
					"cubes": [
						{"origin": [-4, 3.2, -0.77], "size": [6, 9, 6], "inflate": 0.2, "pivot": [0, 11, 2], "rotation": [-10, 0, 0], "uv": [18, 14]}
					]
				},
				{
					"name": "fur",
					"pivot": [-1, 13.11589, 1.92647],
					"rotation": [87.5, 0, 0],
					"cubes": [
						{"origin": [-1, 6, -0.5], "size": [0, 14, 4], "pivot": [-1, 13.11589, 1.92647], "rotation": [175, 0, 0], "uv": [54, 5]}
					]
				},
				{
					"name": "upperBody",
					"pivot": [-1, 11, -5],
					"rotation": [90, 0, 0],
					"cubes": [
						{"origin": [-5, 5.5, -9], "size": [8, 6, 7], "inflate": -0.3, "pivot": [0, 3, -7], "rotation": [-1, 0, 0], "uv": [21, 0]}
					]
				},
				{
					"name": "leg0",
					"pivot": [-2.5, 8, 7],
					"cubes": [
						{"origin": [-4.5, 0, 6], "size": [2, 8, 2], "uv": [0, 18]}
					]
				},
				{
					"name": "leg1",
					"pivot": [0.5, 8, 7],
					"cubes": [
						{"origin": [0.5, 0, 6], "size": [2, 8, 2], "uv": [0, 18]}
					]
				},
				{
					"name": "leg2",
					"pivot": [-2.5, 8, -4],
					"cubes": [
						{"origin": [-4.5, 0, -5], "size": [2, 8, 2], "uv": [0, 18]}
					]
				},
				{
					"name": "leg3",
					"pivot": [0.5, 8, -4],
					"cubes": [
						{"origin": [0.5, 0, -5], "size": [2, 8, 2], "uv": [0, 18]}
					]
				},
				{
					"name": "tail",
					"pivot": [-1, 12, 8],
					"rotation": [30, 0, 0],
					"cubes": [
						{"origin": [-2, 5, 7], "size": [2, 6, 2], "uv": [9, 18]}
					]
				}
			]
		}
	]
}