{
	"format_version": "1.12.0",
	"minecraft:geometry": [
		{
			"description": {
				"identifier": "geometry.villager_drowned",
				"texture_width": 64,
				"texture_height": 64,
				"visible_bounds_width": 3,
				"visible_bounds_height": 4.25,
				"visible_bounds_offset": [0, 0.875, 0]
			},
			"bones": [
				{
					"name": "body",
					"pivot": [0, 24, 0],
					"cubes": [
						{"origin": [-4, 12, -3], "size": [8, 12, 6], "uv": [16, 18]}
					]
				},
				{
					"name": "jacket",
					"parent": "body",
					"pivot": [0, 24, -1],
					"cubes": [
						{"origin": [-4, 12, -3], "size": [8, 12, 6], "inflate": 0.5, "uv": [16, 36]}
					]
				},
				{
					"name": "head",
					"parent": "body",
					"pivot": [0, 25, 0],
					"cubes": [
						{"origin": [-1, 24, -6.5], "size": [2, 4, 2], "inflate": 0.2, "uv": [24, 0]},
						{"origin": [-4, 25, -4], "size": [8, 10, 8], "uv": [0, 0]}
					]
				},
				{
					"name": "hood",
					"parent": "head",
					"pivot": [0, 25, 0],
					"cubes": [
						{"origin": [-4, 25, -4], "size": [8, 10, 8], "inflate": 0.5, "uv": [32, 0]}
					]
				},
				{
					"name": "rightArm",
					"parent": "body",
					"pivot": [-5, 22, 0],
					"cubes": [
						{"origin": [-8, 12, -2], "size": [4, 12, 4], "uv": [44, 38]}
					]
				},
				{
					"name": "rightSleeve",
					"parent": "rightArm",
					"pivot": [-6, 22, 0],
					"cubes": [
						{"origin": [-8, 12, -2], "size": [4, 12, 4], "inflate": 0.5, "uv": [44, 20]}
					]
				},
				{
					"name": "rightItem",
					"parent": "rightArm",
					"pivot": [-6, 15, 1]
				},
				{
					"name": "leftArm",
					"parent": "body",
					"pivot": [5, 22, 0],
					"cubes": [
						{"origin": [4, 12, -2], "size": [4, 12, 4], "uv": [44, 38], "mirror": true}
					]
				},
				{
					"name": "leftSleeve",
					"parent": "leftArm",
					"pivot": [5, 22, 0],
					"cubes": [
						{"origin": [4, 12, -2], "size": [4, 12, 4], "inflate": 0.5, "uv": [44, 20], "mirror": true}
					]
				},
				{
					"name": "leftItem",
					"parent": "leftArm",
					"pivot": [6, 15, 1]
				},
				{
					"name": "rightLeg",
					"parent": "body",
					"pivot": [-1.9, 12, 0],
					"cubes": [
						{"origin": [-4.05, 0, -2], "size": [4, 12, 4], "uv": [0, 38]}
					]
				},
				{
					"name": "rightPants",
					"parent": "rightLeg",
					"pivot": [-1.9, 12, 0],
					"cubes": [
						{"origin": [-4.25, 0, -2], "size": [4, 12, 4], "inflate": 0.25, "uv": [0, 20]}
					]
				},
				{
					"name": "leftLeg",
					"parent": "body",
					"pivot": [1.9, 12, 0],
					"cubes": [
						{"origin": [0.05, 0, -2], "size": [4, 12, 4], "uv": [0, 38], "mirror": true}
					]
				},
				{
					"name": "leftPants",
					"parent": "leftLeg",
					"pivot": [1.9, 12, 0],
					"cubes": [
						{"origin": [0.25, 0, -2], "size": [4, 12, 4], "inflate": 0.25, "uv": [0, 20], "mirror": true}
					]
				},
				{
					"name": "waist",
					"parent": "body",
					"pivot": [0, 12, 0]
				}
			]
		}
	]
}