{
  "resource_pack_name": "DYLOTH",
  "texture_name": "atlas.terrain",
  "padding": 8,
  "num_mip_levels": 4,
  "texture_data": {
    "riswanda1": {
      "textures": [
        "textures/riswanda/riswanda1"
      ]
    },
    "riswanda2": {
      "textures": [
        "textures/riswanda/riswanda2"
      ]
    },
    "riswanda3": {
      "textures": [
        "textures/riswanda/riswanda3"
      ]
    },
    "riswanda4": {
      "textures": [
        "textures/riswanda/riswanda4"
      ]
    },
    "riswanda5": {
      "textures": [
        "textures/riswanda/riswanda5"
      ]
    },
    "riswanda6": {
      "textures": [
        "textures/riswanda/riswanda6"
      ]
    },
    "riswanda7": {
      "textures": [
        "textures/riswanda/riswanda7"
      ]
    },
    "riswanda8": {
      "textures": [
        "textures/riswanda/riswanda8"
      ]
    },
    "rantai": {
      "textures": [
        "textures/riswanda/rantai"
      ]
    }
  }
}