{
  "format_version": "1.10.0",
  "minecraft:client_entity": {
    "description": {
      "identifier": "pa:truk_20_subscribe",
      "textures": {
        "default": "textures/entity/pamobile/Addon_Truk_v2_satria"
      },
      "materials": {
        "default": "skeleton"
      },
      "geometry": {
        "default": "geometry.pa_truk_20_subscribe"
      },
      "render_controllers": [
        "controller.render.translucence"
      ],
      "spawn_egg": {
        "base_color": "#EA9A51",
        "overlay_color": "#FF0909"
      },
      "animations": {
        "walk": "animation.pa_truk_20_subscribe.new2",
        "idle": "animation.pa_truk_20_subscribe.idle"
      },
      "scripts": {
        "animate": [
          "root",
          {
            "walk": "query.is_moving"
          },
          {
            "idle": "!query.is_moving"
          }
        ]
      }
    }
  }
}