{
	"resource_pack_name": "faction war vanilla",
	"texture_name": "atlas.items",
	"texture_data": {
		"bamboo_turret": {
			"textures": "textures/items/bamboo_turret_golem"
		},
		"small_irongolem": {
			"textures": "textures/items/small_irongolem"
		},
		"melon_golem": {
			"textures": "textures/items/melon_golem"
		},
		"stonestride": {
			"textures": "textures/items/stonestride"
		},
		"fv_wooden_spear": {
			"textures": "textures/items/spear/spear_wood"
		},
		"fv_stone_spear": {
			"textures": "textures/items/spear/spear_stone"
		},
		"fv_copper_spear": {
			"textures": "textures/items/spear/spear_copper"
		},
		"fv_bronze_spear": {
			"textures": "textures/items/spear/spear_bronze"
		},
		"fv_steel_spear": {
			"textures": "textures/items/spear/spear_steel"
		},
		"fv_iron_spear": {
			"textures": "textures/items/spear/spear_iron"
		},
		"fv_diamond_spear": {
			"textures": "textures/items/spear/spear_diamond"
		},
		"fv_netherite_spear": {
			"textures": "textures/items/spear/spear_netherite"
		},
		"fv_battle_axe_golden": {
			"textures": "textures/items/battle_axe/gold"
		},
		"fv_battle_axe_copper": {
			"textures": "textures/items/battle_axe/copper"
		},
		"fv_battle_axe_bronze": {
			"textures": "textures/items/battle_axe/bronze"
		},
		"fv_battle_axe_iron": {
			"textures": "textures/items/battle_axe/iron"
		},
		"fv_battle_axe_steel": {
			"textures": "textures/items/battle_axe/steel"
		},
		"fv_battle_axe_tin": {
			"textures": "textures/items/battle_axe/tin"
		},
		"fv_battle_axe_diamond": {
			"textures": "textures/items/battle_axe/diamond"
		},
		"fv_battle_axe_netherite": {
			"textures": "textures/items/battle_axe/netherite"
		},
		"fv_golden_big_sword": {
			"textures": "textures/items/giant_sword/gold"
		},
		"fv_tin_big_sword": {
			"textures": "textures/items/giant_sword/tin"
		},
		"fv_iron_big_sword": {
			"textures": "textures/items/giant_sword/iron"
		},
		"fv_steel_big_sword": {
			"textures": "textures/items/giant_sword/steel"
		},
		"fv_diamond_big_sword": {
			"textures": "textures/items/giant_sword/diamond"
		},
		"fv_netherite_big_sword": {
			"textures": "textures/items/giant_sword/netherite"
		},
		"fv_steel_helmet": {
			"textures": "textures/items/steel_set/steel_helmet"
		},
		"fv_steel_chestplate": {
			"textures": "textures/items/steel_set/steel_chestplate"
		},
		"fv_steel_leggings": {
			"textures": "textures/items/steel_set/steel_leggings"
		},
		"fv_steel_boots": {
			"textures": "textures/items/steel_set/steel_boots"
		},
		"fv_steel_sword": {
			"textures": "textures/items/steel_set/steel_sword"
		},
		"fv_copper_armor_helmet": {
			"textures": "textures/items/copper_set/copper_armor_helmet"
		},
		"fv_copper_armor_chestplate": {
			"textures": "textures/items/copper_set/copper_armor_chestplate"
		},
		"fv_copper_armor_leggings": {
			"textures": "textures/items/copper_set/copper_armor_leggings"
		},
		"fv_copper_armor_boots": {
			"textures": "textures/items/copper_set/copper_armor_boots"
		},
		"fv_bronze_armor_helmet": {
			"textures": "textures/items/bronze_set/bronze_armor_helmet"
		},
		"fv_bronze_armor_chestplate": {
			"textures": "textures/items/bronze_set/bronze_armor_chestplate"
		},
		"fv_bronze_armor_leggings": {
			"textures": "textures/items/bronze_set/bronze_armor_leggings"
		},
		"fv_bronze_armor_boots": {
			"textures": "textures/items/bronze_set/bronze_armor_boots"
		},
		"fv_bronze_sword": {
			"textures": "textures/items/bronze_set/bronze_sword"
		},
		"fv_bronze_pickaxe": {
			"textures": "textures/items/bronze_set/bronze_pickaxe"
		},
		"fv_bronze_axe": {
			"textures": "textures/items/bronze_set/bronze_axe"
		},
		"fv_bronze_ingot": {
			"textures": "textures/items/bronze_set/bronze_ingot"
		},
		"fv_levelup_scroll": {
			"textures": "textures/items/levelup_scroll"
		},
		"fv_captain_scroll": {
			"textures": "textures/items/captain_scroll"
		},
		"fv_raw_tin": {
			"textures": "textures/items/tin_set/raw_tin"
		},
		"fv_tin_ingot": {
			"textures": "textures/items/tin_set/tin_ingot"
		},
		"fv_tin_helmet": {
			"textures": "textures/items/tin_set/tin_helmet"
		},
		"fv_tin_chestplate": {
			"textures": "textures/items/tin_set/tin_chestplate"
		},
		"fv_tin_leggings": {
			"textures": "textures/items/tin_set/tin_leggings"
		},
		"fv_tin_boots": {
			"textures": "textures/items/tin_set/tin_boots"
		},
		"fv_tin_nugget": {
			"textures": "textures/items/tin_set/tin_nugget"
		},
		"fv_tin_sword": {
			"textures": "textures/items/tin_set/tin_sword"
		},
		"fv_steel_ingot": {
			"textures": "textures/items/steel_ingot"
		},
		"fv_raw_bronze": {
			"textures": "textures/items/raw_bronze"
		},
		"fv_long_stick": {
			"textures": "textures/items/stickv2"
		},
		"fv_desert_sword": {
			"textures": "textures/items/boss_weapon/desert_steel_sword"
		},
		"fv_musket": {
			"textures": "textures/items/standby"
		},
		"fv_bullet": {
			"textures": "textures/items/bullet"
		},
		"ammo": {
			"textures": "textures/items/ammo"
		},
		"fv_iron_desert_sword": {
			"textures": "textures/items/desert_sword/iron"
		},
		"fv_diamond_desert_sword": {
			"textures": "textures/items/desert_sword/diamond"
		},
		"fv_netherite_desert_sword": {
			"textures": "textures/items/desert_sword/netherite"
		},
		"fv_desert_sword_v2": {
			"textures": "textures/items/boss_weapon/desert_steel_sword_v2"
		},
		"fv_desert_sword_v3": {
			"textures": "textures/items/boss_weapon/desert_steel_sword_v3"
		},
		"fv_flintlock": {
			"textures": "textures/items/musket/flintlock"
		},
		"fv_rifle": {
			"textures": "textures/items/musket/rifle"
		},
		"fv_pirate": {
			"textures": "textures/items/musket/pirate"
		},
		"fv_iron_saber": {
			"textures": "textures/items/saber/saber_iron"
		},
		"fv_diamond_saber": {
			"textures": "textures/items/saber/saber_diamond"
		},
		"fv_netherite_saber": {
			"textures": "textures/items/saber/saber_netherite"
		},
		"fv_steelblood_vampiric_cleaver": {
			"textures": "textures/items/boss_weapon/regeneration_axe"
		},
		"fv_steelblood_vampiric_cleaver_v2": {
			"textures": "textures/items/boss_weapon/regeneration_axe_v2"
		},
		"fv_steelblood_vampiric_cleaver_v3": {
			"textures": "textures/items/boss_weapon/regeneration_axe_v3"
		},
		"fv_hammer_iron": {
			"textures": "textures/items/hammer/iron"
		},
		"fv_hammer_steel": {
			"textures": "textures/items/hammer/steel"
		},
		"fv_hammer_diamond": {
			"textures": "textures/items/hammer/diamond"
		},
		"fv_hammer_netherite": {
			"textures": "textures/items/hammer/netherite"
		},
		"tnt_balista": {
			"textures": "textures/items/tnt_balista"
		},
		"fv_guard_medal": {
			"textures": "textures/items/guard_medal"
		},
		"fv_giant_gemheart_broadsword": {
			"textures": "textures/items/boss_weapon/giant_gemheart_broadsword"
		},
		"fv_giant_gemheart_broadsword_v2": {
			"textures": "textures/items/boss_weapon/giant_gemheart_broadsword_v2"
		},
		"fv_giant_gemheart_broadsword_v3": {
			"textures": "textures/items/boss_weapon/giant_gemheart_broadsword_v3"
		},
		"fv_special_template": {
			"textures": "textures/items/special_template"
		},
		"fv_book_of_cleric": {
			"textures": "textures/items/book_of_cleric"
		},
		"fv_iron_golem_guard": {
			"textures": "textures/items/small_irongolem"
		},
		"fv_thunderboom_balista": {
			"textures": "textures/items/tnt_balista"
		},
		"fv_special_upgrade_materials_gold": {
			"textures": "textures/items/level2"
		},
		"fv_special_upgrade_materials_emerald": {
			"textures": "textures/items/level3"
		},
		"fv_commander_totem": {
			"textures": "textures/items/commander_totem"
		},
		"fv_bamboo_watcher_golem": {
			"textures": "textures/items/bamboo_watcher_golem"
		}
	}
}