{
	"resource_pack_name": "serpvz",
	"texture_name": "atlas.items",
  "padding": 8,
  "num_mip_levels": 4,
  "texture_data": {
"sun":{"textures":"textures/items/pvz/sun"},
"lawn_mower":{"textures":"textures/items/pvz/lawn_mower"},
"phone":{"textures":"textures/items/pvz/phone"},
"zombie_basic":{"textures":"textures/items/pvz/zombie_basic"},
"zombie_conehead":{"textures":"textures/items/pvz/zombie_conehead"},
"zombie_buckethead":{"textures":"textures/items/pvz/zombie_buckethead"},
"zombie_pole_vaulting":{"textures":"textures/items/pvz/zombie_pole_vaulting"},
"screen_door_zombie":{"textures":"textures/items/pvz/screen_door_zombie"},
"newspaper_zombie":{"textures":"textures/items/pvz/newspaper_zombie"},
"zombie_all_star":{"textures":"textures/items/pvz/zombie_all_star"},
"zombie_gargantuar":{"textures":"textures/items/pvz/zombie_gargantuar"},

"sunflower":{"textures":"textures/items/pvz/sunflower_seed"},
"peashooter":{"textures":"textures/items/pvz/peashooter_seed"},
"cherry_bomb":{"textures":"textures/items/pvz/cherry_bomb_seed"},
"wallnut":{"textures":"textures/items/pvz/wallnut_seed"},
"potatomine":{"textures":"textures/items/pvz/potatomine_seed"},
"snow_pea":{"textures":"textures/items/pvz/snow_pea_seed"},
"repeater":{"textures":"textures/items/pvz/repeater_seed"},
"chomper":{"textures":"textures/items/pvz/chomper_seed"},
"jalapeno":{"textures":"textures/items/pvz/jalapeno_seed"},
"squash":{"textures":"textures/items/pvz/squash_seed"},
"torchwood":{"textures":"textures/items/pvz/torchwood_seed"},

"sun_shroom":{"textures":"textures/items/pvz/sun_shroom_seed"},
"puff_shroom":{"textures":"textures/items/pvz/puff_shroom_seed"},
"fume_shroom":{"textures":"textures/items/pvz/fume_shroom_seed"},
"scaredy_shroom":{"textures":"textures/items/pvz/scaredy_shroom_seed"},
"hypno_shroom":{"textures":"textures/items/pvz/hypno_shroom_seed"}
}
}