{
   "format_version": "1.10.0",
   "animation_controllers": {
      "controller.animation.grandpa.move": {
         "states": {
            "default": {
               "variables": {
                  "move_speeding": {
                     "input": "query.modified_move_speed",
                     "remap_curve": {
                        "0.0": 0,
                        "0.29": 1
                     }
                  }
               },
               "animations": [
                  {
                     "walk": "variable.move_speeding"
                  }
               ]
            }
         }
      },
      "controller.animation.grandpa.general": {
         "states": {
            "default": {
               "variables": {
                  "is_idling": {
                     "input": "query.modified_move_speed",
                     "remap_curve": {
                        "0.0": 1,
                        "0.1": 0
                     }
                  }
               },
               "animations": [
                  {
                     "idle": "variable.is_idling"
                  }
               ],
               "blend_transition": 0.2
            }
         }
      }
   }
}