{
	"format_version": "1.12.0",
	"minecraft:geometry": [
		{
			"description": {
				"identifier": "geometry.grandpa",
				"texture_width": 128,
				"texture_height": 128,
				"visible_bounds_width": 3,
				"visible_bounds_height": 3.5,
				"visible_bounds_offset": [0, 1.25, 0]
			},
			"bones": [
				{
					"name": "main",
					"pivot": [0, 0, 0]
				},
				{
					"name": "body",
					"parent": "main",
					"pivot": [0, 0, 0],
					"cubes": [
						{"origin": [-4.5, 15.6, -3.4], "size": [9, 13.4, 6.8], "uv": [0, 0]},
						{"origin": [-2.5, 28.6, -2.4], "size": [5, 1.4, 4.8], "uv": [50, 0]}
					]
				},
				{
					"name": "bone3",
					"parent": "body",
					"pivot": [-2, 15, 0],
					"cubes": [
						{"origin": [-4.5, 0.6, -2.4], "size": [4, 15.4, 4.8], "uv": [26, 36]}
					]
				},
				{
					"name": "bone4",
					"parent": "body",
					"pivot": [3, 16, 0],
					"cubes": [
						{"origin": [0.5, 0.6, -2.4], "size": [4, 15.4, 4.8], "uv": [34, 0]}
					]
				},
				{
					"name": "head",
					"parent": "main",
					"pivot": [0, 30, 0],
					"cubes": [
						{"origin": [-3, 30, -3.5], "size": [6, 7, 7], "uv": [0, 33]}
					]
				},
				{
					"name": "arm",
					"parent": "main",
					"pivot": [-5, 29, 0],
					"rotation": [-35, 0, 7.5],
					"cubes": [
						{"origin": [-8.5, 21, -1.7], "size": [3.8, 8, 4], "uv": [42, 47]}
					]
				},
				{
					"name": "bone",
					"parent": "arm",
					"pivot": [-7, 21, 1],
					"rotation": [-21.61099, -23.90452, -42.0194],
					"cubes": [
						{"origin": [-8.5, 10, -1.7], "size": [3.8, 11, 4], "uv": [46, 15]},
						{"origin": [-8, 3.6, -20.8], "size": [2, 5, 3], "pivot": [-7, 26.3, -16.1], "rotation": [61, 0, 0], "uv": [0, 19]}
					]
				},
				{
					"name": "bone5",
					"parent": "bone",
					"pivot": [-7, 13.5, -4],
					"rotation": [0, 0, 17.5],
					"cubes": [
						{"origin": [-9, 11.38846, -11.37106], "size": [4, 3, 11], "pivot": [-7, 13.5, -4], "rotation": [97.88677, 4.34954, -28.70003], "uv": [0, 19]},
						{"origin": [-9.1, 11.38846, -22.37106], "size": [2, 3, 11], "pivot": [-7, 13.5, -4], "rotation": [97.88677, 4.34954, -28.70003], "uv": [19, 22]},
						{"origin": [-6.9, 11.38846, -22.37106], "size": [2, 3, 11], "pivot": [-7, 13.5, -4], "rotation": [97.88677, 4.34954, -28.70003], "uv": [19, 8]}
					]
				},
				{
					"name": "arm2",
					"parent": "main",
					"pivot": [5, 29, 0],
					"rotation": [-25, 0, -7.5],
					"cubes": [
						{"origin": [4.7, 21, -1.7], "size": [3.8, 8, 4], "uv": [0, 47]}
					]
				},
				{
					"name": "bone2",
					"parent": "arm2",
					"pivot": [8, 21, 0],
					"rotation": [-18.74227, 12.67956, 32.89913],
					"cubes": [
						{"origin": [4.7, 10, -1.7], "size": [3.8, 11, 4], "uv": [42, 32]}
					]
				}
			]
		}
	]
}