{
	"format_version": "1.12.0",
	"minecraft:geometry": [
		{
			"description": {
				"identifier": "geometry.granny",
				"texture_width": 128,
				"texture_height": 128,
				"visible_bounds_width": 3,
				"visible_bounds_height": 3.5,
				"visible_bounds_offset": [0, 1.25, 0]
			},
			"bones": [
				{
					"name": "main",
					"pivot": [0, 0, 0]
				},
				{
					"name": "body",
					"parent": "main",
					"pivot": [0, 0, 0],
					"cubes": [
						{"origin": [-4.5, 15.6, -4.4], "size": [9, 13.4, 8.8], "uv": [36, 4]},
						{"origin": [-2.5, 28.6, -2.4], "size": [5, 1.4, 4.8], "uv": [38, 48]},
						{"origin": [-7, -0.4, -4.4], "size": [14, 4, 8.8], "uv": [0, 0]},
						{"origin": [-7.5, 1.6, -4.4], "size": [9, 14, 8.8], "pivot": [0, 0, 0], "rotation": [0, 0, 10], "uv": [26, 26]},
						{"origin": [-1.5, 1.6, -4.4], "size": [9, 14, 8.8], "pivot": [0, 0, 0], "rotation": [0, 0, -10], "uv": [0, 12]}
					]
				},
				{
					"name": "head",
					"parent": "main",
					"pivot": [0, 30, 0],
					"cubes": [
						{"origin": [-3, 30, -3.5], "size": [6, 6, 7], "uv": [50, 48]}
					]
				},
				{
					"name": "arm",
					"parent": "main",
					"pivot": [-5, 29, 0],
					"rotation": [0, 0, 7.5],
					"cubes": [
						{"origin": [-8.5, 10, -1.7], "size": [3.8, 11, 4], "uv": [0, 52]},
						{"origin": [-8.5, 21, -1.7], "size": [3.8, 8, 4], "uv": [60, 25]},
						{"origin": [-7.5, 11, -7.7], "size": [1.8, 2, 12], "uv": [24, 48]},
						{"origin": [-8, 10.6, -23.7], "size": [2.8, 2.8, 16], "uv": [0, 34]}
					]
				},
				{
					"name": "arm2",
					"parent": "main",
					"pivot": [5, 29, 0],
					"rotation": [0, 0, -7.5],
					"cubes": [
						{"origin": [4.7, 10, -1.7], "size": [3.8, 11, 4], "uv": [0, 34]},
						{"origin": [4.7, 21, -1.7], "size": [3.8, 8, 4], "uv": [14, 58]}
					]
				}
			]
		}
	]
}