{
	"format_version": "1.12.0",
	"minecraft:geometry": [
		{
			"description": {
				"identifier": "geometry.slendrina",
				"texture_width": 128,
				"texture_height": 128,
				"visible_bounds_width": 3,
				"visible_bounds_height": 4.5,
				"visible_bounds_offset": [0, 1.75, 0]
			},
			"bones": [
				{
					"name": "main",
					"pivot": [0, 0, 0]
				},
				{
					"name": "body",
					"parent": "main",
					"pivot": [0, 0, 0],
					"cubes": [
						{"origin": [-8, 0, -8], "size": [16, 10, 13], "uv": [29, 28]},
						{"origin": [-6, 10, -6], "size": [12, 32, 9], "uv": [0, 0]},
						{"origin": [-6, 9.38287, -3.76918], "size": [12, 11, 9], "pivot": [0, 9, 4], "rotation": [10, 0, 0], "uv": [42, 0]},
						{"origin": [-6, 9.88967, -5.94949], "size": [12, 10, 3], "pivot": [0, 20.17544, -5.47102], "rotation": [-8.5, 0, 0], "uv": [32, 51]},
						{"origin": [-9.56412, 8.56196, -6], "size": [3, 10.7, 9], "pivot": [-3.56412, -0.73804, 0], "rotation": [0, 0, 10], "uv": [0, 58]},
						{"origin": [6.56412, 8.56196, -6], "size": [3, 10.7, 9], "pivot": [3.56412, -0.73804, 0], "rotation": [0, 0, -10], "uv": [53, 55]}
					]
				},
				{
					"name": "arm",
					"parent": "main",
					"pivot": [-8, 43, -2],
					"cubes": [
						{"origin": [-10, 28, -4], "size": [4, 14, 4], "pivot": [-7, 42, -2], "rotation": [14.33501, 4.46375, 15.56161], "uv": [74, 20]},
						{"origin": [-12.67163, 16.48104, 0.00398], "size": [3.1, 14, 4], "pivot": [-9.57163, 30.48104, 2.00398], "rotation": [-9.07947, -4.20854, 7.83431], "uv": [77, 51]}
					]
				},
				{
					"name": "arm2",
					"parent": "main",
					"pivot": [8, 43, -2],
					"cubes": [
						{"origin": [6, 28, -4], "size": [4, 14, 4], "pivot": [7, 42, -2], "rotation": [14.33501, -4.46375, -15.56161], "uv": [73, 70]},
						{"origin": [9.57163, 16.48104, 0.00398], "size": [3.1, 14, 4], "pivot": [9.57163, 30.48104, 2.00398], "rotation": [-9.07947, 4.20854, -7.83431], "uv": [0, 77]}
					]
				},
				{
					"name": "head",
					"parent": "main",
					"pivot": [0, 41, 0],
					"cubes": [
						{"origin": [-3, 42, -6], "size": [6, 3, 8], "uv": [24, 64]},
						{"origin": [-4, 39, -6.1], "size": [8, 6, 0], "uv": [33, 0]},
						{"origin": [-4, 45, -6], "size": [8, 7, 8], "uv": [0, 43]},
						{"origin": [-4, 40.96221, 4.26911], "size": [8, 11, 0], "pivot": [0, -0.03779, 2.26911], "rotation": [2.5, 0, 0], "uv": [84, 0]},
						{"origin": [-6.27102, 41.87497, -6], "size": [0, 10, 8], "pivot": [-2.27102, -0.12503, 0], "rotation": [0, 0, 2.5], "uv": [24, 67]},
						{"origin": [6.27102, 41.87497, -6], "size": [0, 10, 8], "pivot": [2.27102, -0.12503, 0], "rotation": [0, 0, -2.5], "uv": [52, 66]}
					]
				}
			]
		}
	]
}