{
	"format_version": "1.12.0",
	"minecraft:geometry": [
		{
			"description": {
				"identifier": "geometry.spider_mom",
				"texture_width": 256,
				"texture_height": 256,
				"visible_bounds_width": 6,
				"visible_bounds_height": 4.5,
				"visible_bounds_offset": [0, 1.75, 0]
			},
			"bones": [
				{
					"name": "mian",
					"pivot": [0, 18, 0]
				},
				{
					"name": "head",
					"parent": "mian",
					"pivot": [0, 18, 0],
					"cubes": [
						{"origin": [-9, 18, -8], "size": [18, 13, 16], "uv": [0, 0]},
						{"origin": [-5, 11, -8.2], "size": [10, 13, 0], "uv": [94, 0]},
						{"origin": [1, 28, -9], "size": [13, 4, 14], "pivot": [0, 18, 0], "rotation": [0, 0, -70], "uv": [40, 59]},
						{"origin": [-14, 28, -9], "size": [13, 4, 14], "pivot": [0, 18, 0], "rotation": [0, 0, 70], "uv": [0, 54]},
						{"origin": [1, 27, -9], "size": [7, 4, 14], "pivot": [0, 18, 0], "rotation": [0, 0, -87.5], "uv": [80, 63]},
						{"origin": [-8, 27, -9], "size": [7, 4, 14], "pivot": [0, 18, 0], "rotation": [0, 0, 87.5], "uv": [48, 77]},
						{"origin": [-2, 25, 5], "size": [16, 7, 5], "pivot": [0, 18, 0], "rotation": [0, 0, -70], "uv": [90, 81]},
						{"origin": [-14, 25, 5], "size": [16, 7, 5], "pivot": [0, 18, 0], "rotation": [0, 0, 70], "uv": [52, 0]},
						{"origin": [-7, 31, -8], "size": [13, 4, 16], "uv": [52, 13]},
						{"origin": [-7, 31, -10], "size": [14, 6, 19], "uv": [0, 29]},
						{"origin": [-7, 18, 7], "size": [14, 13, 2], "uv": [88, 93]}
					]
				},
				{
					"name": "body",
					"parent": "mian",
					"pivot": [0, 18, 0],
					"cubes": [
						{"origin": [-8, 13, -8], "size": [16, 5, 16], "uv": [50, 38]}
					]
				},
				{
					"name": "arm",
					"parent": "body",
					"pivot": [-9, 15, -6],
					"cubes": [
						{"origin": [-4, -13, 10], "size": [3, 29, 3], "pivot": [0, 18, 0], "rotation": [-151.17643, 42.80378, -0.99742], "uv": [84, 108]},
						{"origin": [-3.50154, -20.73939, -29.3066], "size": [3, 45, 3], "pivot": [0.49846, 26.26061, 0.6934], "rotation": [-28.67643, 42.80378, -0.99742], "uv": [36, 77]}
					]
				},
				{
					"name": "arm2",
					"parent": "body",
					"pivot": [9, 15, -6],
					"cubes": [
						{"origin": [1, -13, 10], "size": [3, 29, 3], "pivot": [0, 18, 0], "rotation": [-151.17643, -42.80378, 0.99742], "uv": [72, 95]},
						{"origin": [0.50154, -20.73939, -29.3066], "size": [3, 45, 3], "pivot": [-0.49846, 26.26061, 0.6934], "rotation": [-28.67643, -42.80378, 0.99742], "uv": [24, 72]}
					]
				},
				{
					"name": "arm3",
					"parent": "body",
					"pivot": [9, 15, 6],
					"cubes": [
						{"origin": [1, -13, -13], "size": [3, 29, 3], "pivot": [0, 18, 0], "rotation": [151.17643, 42.80378, 0.99742], "uv": [60, 95]},
						{"origin": [0.50154, -20.73939, 26.3066], "size": [3, 45, 3], "pivot": [-0.49846, 26.26061, -0.6934], "rotation": [28.67643, 42.80378, 0.99742], "uv": [12, 72]}
					]
				},
				{
					"name": "arm4",
					"parent": "body",
					"pivot": [-9, 15, 6],
					"cubes": [
						{"origin": [-4, -13, -13], "size": [3, 29, 3], "pivot": [0, 18, 0], "rotation": [151.17643, -42.80378, -0.99742], "uv": [48, 95]},
						{"origin": [-3.50154, -20.73939, 26.3066], "size": [3, 45, 3], "pivot": [0.49846, 26.26061, -0.6934], "rotation": [28.67643, -42.80378, -0.99742], "uv": [0, 72]}
					]
				}
			]
		}
	]
}