{
  "format_version": "1.12.0",
  "minecraft:geometry": [
    {
      "description": {
        "identifier": "geometry.zm_gun",
        "texture_width": 256,
        "texture_height": 256,
        "visible_bounds_width": 22,
        "visible_bounds_height": 9,
        "visible_bounds_offset": [
          0,
          -0.5,
          0
        ]
      },
      "bones": [
        {
          "name": "root"
        },
        {
          "name": "waist",
          "parent": "root"
        },
        {
          "name": "body",
          "pivot": [
            0,
            24,
            0
          ],
          "cubes": [
            {
              "origin": [
                -4.0,
                12.0,
                -2.0
              ],
              "size": [
                8.0,
                12.0,
                4.0
              ],
              "uv": [
                80,
                78
              ],
              "inflate": 0
            },
            {
              "origin": [
                -4.0,
                12.0,
                -2.0
              ],
              "size": [
                8.0,
                12.0,
                4.0
              ],
              "uv": [
                32,
                78
              ],
              "inflate": 0.25
            }
          ],
          "parent": "waist"
        },
        {
          "name": "head",
          "pivot": [
            0,
            24,
            0
          ],
          "cubes": [
            {
              "origin": [
                -4.0,
                24.0,
                -4.0
              ],
              "size": [
                8.0,
                8.0,
                8.0
              ],
              "uv": [
                0,
                78
              ],
              "inflate": 0
            }
          ],
          "parent": "body"
        },
        {
          "name": "leftArm",
          "pivot": [
            5,
            22,
            0
          ],
          "cubes": [
            {
              "origin": [
                4.0,
                12.0,
                -2.0
              ],
              "size": [
                4.0,
                12.0,
                4.0
              ],
              "uv": [
                16,
                94
              ],
              "inflate": 0
            },
            {
              "origin": [
                4.0,
                12.0,
                -2.0
              ],
              "size": [
                4.0,
                12.0,
                4.0
              ],
              "uv": [
                0,
                94
              ],
              "inflate": 0.25
            }
          ],
          "parent": "body"
        },
        {
          "name": "rightArm",
          "pivot": [
            -5,
            22,
            0
          ],
          "cubes": [
            {
              "origin": [
                -8.0,
                12.0,
                -2.0
              ],
              "size": [
                4.0,
                12.0,
                4.0
              ],
              "uv": [
                88,
                45
              ],
              "inflate": 0.25
            },
            {
              "origin": [
                -8.0,
                12.0,
                -2.0
              ],
              "size": [
                4.0,
                12.0,
                4.0
              ],
              "uv": [
                88,
                29
              ],
              "inflate": 0
            }
          ],
          "parent": "body"
        },
        {
          "name": "Pistol",
          "pivot": [
            0,
            -36,
            0
          ],
          "cubes": [
            {
              "origin": [
                -6.0,
                -17.0,
                -16.0
              ],
              "size": [
                11.0,
                12.0,
                66.0
              ],
              "uv": [
                0,
                0
              ],
              "inflate": 0
            },
            {
              "origin": [
                -4.0,
                -15.0,
                50.0
              ],
              "size": [
                7.0,
                8.0,
                66.0
              ],
              "uv": [
                0,
                78
              ],
              "inflate": 0
            },
            {
              "origin": [
                -8.0,
                -19.0,
                116.0
              ],
              "size": [
                15.0,
                16.0,
                17.0
              ],
              "uv": [
                0,
                0
              ],
              "inflate": 0
            },
            {
              "origin": [
                -6.0,
                -34.0,
                -16.0
              ],
              "size": [
                11.0,
                17.0,
                13.0
              ],
              "uv": [
                0,
                33
              ],
              "inflate": 0
            },
            {
              "origin": [
                -3.0,
                -26.0,
                -3.0
              ],
              "size": [
                5.0,
                3.0,
                8.0
              ],
              "uv": [
                35,
                33
              ],
              "inflate": 0
            },
            {
              "origin": [
                -3.0,
                -23.0,
                4.0
              ],
              "size": [
                5.0,
                8.0,
                5.0
              ],
              "uv": [
                88,
                0
              ],
              "inflate": 0
            }
          ],
          "parent": "body"
        },
        {
          "name": "rightLeg",
          "pivot": [
            -1.9,
            12,
            0
          ],
          "cubes": [
            {
              "origin": [
                -4.0,
                0.0,
                -2.0
              ],
              "size": [
                4.0,
                12.0,
                4.0
              ],
              "uv": [
                88,
                13
              ],
              "inflate": 0
            },
            {
              "origin": [
                -4.0,
                0.0,
                -2.0
              ],
              "size": [
                4.0,
                12.0,
                4.0
              ],
              "uv": [
                48,
                44
              ],
              "inflate": 0.25
            }
          ],
          "parent": "waist"
        },
        {
          "name": "leftLeg",
          "pivot": [
            1.9,
            12,
            0
          ],
          "cubes": [
            {
              "origin": [
                0.0,
                0.0,
                -2.0
              ],
              "size": [
                4.0,
                12.0,
                4.0
              ],
              "uv": [
                47,
                0
              ],
              "inflate": 0
            },
            {
              "origin": [
                0.0,
                0.0,
                -2.0
              ],
              "size": [
                4.0,
                12.0,
                4.0
              ],
              "uv": [
                0,
                0
              ],
              "inflate": 0.25
            }
          ],
          "parent": "waist"
        }
      ]
    }
  ]
}