{
	"format_version": "1.12.0",
	"minecraft:geometry": [
		{
			"description": {
				"identifier": "geometry.egypt_gravestone",
				"texture_width": 64,
				"texture_height": 32,
				"visible_bounds_width": 2,
				"visible_bounds_height": 2.5,
				"visible_bounds_offset": [0, 0.75, 0]
			},
			"bones": [
				{
					"name": "base",
					"pivot": [0, 0, 0],
					"cubes": [
						{"origin": [-7, 0, -4.5], "size": [14, 3, 9], "uv": [0, 20]},
						{"origin": [-6, 3, -3], "size": [12, 13, 6], "uv": [0, 0]}
					]
				}
			]
		}
	]
}