{
	"format_version": "1.12.0",
	"minecraft:geometry": [
		{
			"description": {
				"identifier": "geometry.gargantuar_egypt",
				"texture_width": 128,
				"texture_height": 128,
				"visible_bounds_width": 4,
				"visible_bounds_height": 4.5,
				"visible_bounds_offset": [0, 1.75, 0]
			},
			"bones": [
				{
					"name": "body",
					"pivot": [0, 0, 0]
				},
				{
					"name": "head",
					"parent": "body",
					"pivot": [0, 26, 0],
					"cubes": [
						{"origin": [-5, 29, -11], "size": [10, 7, 10], "uv": [0, 0]},
						{"origin": [-4.5, 26, -8], "size": [9, 3, 6], "inflate": 0.01, "uv": [40, 0]},
						{"origin": [-4.5, 28.25, -10.5], "size": [9, 1, 3], "uv": [0, 17]}
					]
				},
				{
					"name": "crown",
					"parent": "head",
					"pivot": [0, 30, -6],
					"cubes": [
						{"origin": [-5, 33.75, -9], "size": [10, 4, 2], "inflate": 0.25, "pivot": [-0.25, 33, 4], "rotation": [-10, 0, 0], "uv": [47, 16]},
						{"origin": [3, 24.5, -9.25], "size": [4, 14, 2], "inflate": 0.24, "pivot": [0, 30, 0], "rotation": [0, -15, 0], "uv": [70, 0]},
						{"origin": [-7, 24.5, -9.25], "size": [4, 14, 2], "inflate": 0.24, "pivot": [0, 30, 0], "rotation": [0, 15, 0], "uv": [70, 0], "mirror": true}
					]
				},
				{
					"name": "jaw",
					"parent": "head",
					"pivot": [0, 26, 0],
					"cubes": [
						{"origin": [-4.5, 27.25, -10.5], "size": [9, 2, 5], "pivot": [0, 26, 0], "rotation": [12.5, 0, 0], "uv": [40, 9]},
						{"origin": [-4, 29, -10], "size": [8, 1, 3], "pivot": [0, 26, 0], "rotation": [12.5, 0, 0], "uv": [25, 17]}
					]
				},
				{
					"name": "chest",
					"parent": "body",
					"pivot": [0, 31, 0],
					"cubes": [
						{"origin": [-8, 15, -3], "size": [16, 16, 10], "inflate": 0.2, "uv": [0, 21]},
						{"origin": [-8, 22, -3], "size": [16, 3, 10], "inflate": 0.3, "uv": [52, 34]},
						{"origin": [-4.5, 22, 7], "size": [9, 3, 9], "inflate": 0.3, "uv": [52, 22]},
						{"origin": [-4.5, 20, 7], "size": [9, 12, 9], "uv": [60, 47]}
					]
				},
				{
					"name": "imp",
					"parent": "chest",
					"pivot": [0, 22, 0],
					"cubes": [
						{"origin": [-4, 37, 7], "size": [8, 6, 8], "uv": [0, 97]},
						{"origin": [-1.5, 43, 7.5], "size": [3, 3, 0], "pivot": [0, 43, 11], "rotation": [0, 45, 0], "uv": [0, 115]},
						{"origin": [-1.5, 43, 7.5], "size": [3, 3, 0], "pivot": [0, 43, 11], "rotation": [0, -45, 0], "uv": [0, 115], "mirror": true},
						{"origin": [-3.5, 36.5, 7.25], "size": [7, 1, 3], "uv": [0, 111]},
						{"origin": [-3.5, 35, 10], "size": [7, 2, 5], "inflate": 0.001, "uv": [32, 97]}
					]
				},
				{
					"name": "jaw_imp",
					"parent": "imp",
					"pivot": [0, 36, 12],
					"cubes": [
						{"origin": [-3.5, 35.13673, 8.5], "size": [7, 1, 4], "pivot": [0, 28.13673, 11.56283], "rotation": [10, 0, 0], "uv": [32, 104]},
						{"origin": [-3, 35.63673, 8.75], "size": [6, 1, 3], "pivot": [0, 28.13673, 11.56283], "rotation": [10, 0, 0], "uv": [21, 111]}
					]
				},
				{
					"name": "chest_imp",
					"parent": "imp",
					"pivot": [0, 35, 11],
					"cubes": [
						{"origin": [-4, 25, 9], "size": [8, 10, 4], "uv": [51, 114]}
					]
				},
				{
					"name": "rightArmImp",
					"parent": "imp",
					"pivot": [-6, 34, 11],
					"cubes": [
						{"origin": [-8, 25, 9], "size": [4, 10, 4], "uv": [35, 114]}
					]
				},
				{
					"name": "leftArmImp",
					"parent": "imp",
					"pivot": [6, 34, 11],
					"cubes": [
						{"origin": [4, 25, 9], "size": [4, 10, 4], "uv": [35, 114], "mirror": true}
					]
				},
				{
					"name": "rightArm",
					"parent": "body",
					"pivot": [-4.5, 31.5, 2],
					"cubes": [
						{"origin": [-15, 13.5, -1.5], "size": [7, 18, 7], "uv": [0, 47]},
						{"origin": [-15, 13.5, -1.5], "size": [7, 18, 7], "inflate": 0.2, "uv": [0, 72]}
					]
				},
				{
					"name": "rightItem",
					"parent": "rightArm",
					"pivot": [-11.5, 14.5, 1]
				},
				{
					"name": "leftArm",
					"parent": "body",
					"pivot": [4.5, 30, 2],
					"cubes": [
						{"origin": [8, 13.5, -1.5], "size": [7, 18, 7], "uv": [0, 47], "mirror": true},
						{"origin": [8, 13.5, -1.5], "size": [7, 18, 7], "inflate": 0.2, "uv": [0, 72], "mirror": true}
					]
				},
				{
					"name": "rightLeg",
					"parent": "body",
					"pivot": [-3.9, 15, 0],
					"cubes": [
						{"origin": [-7.9, 0, -2], "size": [8, 15, 8], "uv": [28, 47]},
						{"origin": [-7.9, 0, -8], "size": [8, 4, 6], "uv": [30, 70]}
					]
				},
				{
					"name": "leftLeg",
					"parent": "body",
					"pivot": [3.9, 15, 0],
					"mirror": true,
					"cubes": [
						{"origin": [-0.1, 0, -2], "size": [8, 15, 8], "uv": [28, 47]},
						{"origin": [-0.1, 0, -8], "size": [8, 4, 6], "uv": [30, 70]}
					]
				}
			]
		}
	]
}