{
	"format_version": "1.12.0",
	"minecraft:geometry": [
		{
			"description": {
				"identifier": "geometry.imp",
				"texture_width": 64,
				"texture_height": 64,
				"visible_bounds_width": 3,
				"visible_bounds_height": 3.5,
				"visible_bounds_offset": [0, 1.25, 0]
			},
			"bones": [
				{
					"name": "body",
					"pivot": [0, 0, 0]
				},
				{
					"name": "head",
					"parent": "body",
					"pivot": [0, 20, 0],
					"cubes": [
						{"origin": [-4, 22, -4], "size": [8, 6, 8], "uv": [0, 0]},
						{"origin": [-1.5, 28, -3.5], "size": [3, 3, 0], "pivot": [0, 28, 0], "rotation": [0, 45, 0], "uv": [0, 32]},
						{"origin": [-1.5, 28, -3.5], "size": [3, 3, 0], "pivot": [0, 28, 0], "rotation": [0, -45, 0], "uv": [0, 32], "mirror": true},
						{"origin": [-3.5, 21.5, -3.75], "size": [7, 1, 3], "uv": [0, 14]},
						{"origin": [-3.5, 20, -1], "size": [7, 2, 5], "inflate": 0.001, "uv": [32, 0]}
					]
				},
				{
					"name": "jaw",
					"parent": "head",
					"pivot": [0, 20, 0],
					"cubes": [
						{"origin": [-3.5, 20.13673, -2.5], "size": [7, 1, 4], "pivot": [0, 13.13673, 0.56283], "rotation": [10, 0, 0], "uv": [32, 7]},
						{"origin": [-3, 20.63673, -2.25], "size": [6, 1, 3], "pivot": [0, 13.13673, 0.56283], "rotation": [10, 0, 0], "uv": [20, 14]}
					]
				},
				{
					"name": "chest",
					"parent": "body",
					"pivot": [0, 0, 0],
					"cubes": [
						{"origin": [-4, 10, -2], "size": [8, 10, 4], "uv": [16, 18]}
					]
				},
				{
					"name": "paper_tail",
					"parent": "chest",
					"pivot": [0, 0, 0],
					"cubes": [
						{"origin": [-2, 9, 1.75], "size": [3, 0, 4], "pivot": [0, 10, 0], "rotation": [30, 0, 0], "uv": [2, 32]},
						{"origin": [-2, 16.71013, 5.51873], "size": [3, 0, 5], "pivot": [0, 17.71013, -3.23127], "rotation": [15, 0, 0], "uv": [13, 32]},
						{"origin": [-2, 4.25984, 1.22915], "size": [3, 0, 7], "pivot": [0, 10.25984, -0.52085], "rotation": [90, 0, 0], "uv": [5, 32]}
					]
				},
				{
					"name": "bust",
					"parent": "chest",
					"pivot": [0, 0, -13],
					"rotation": [-45, 0, 0]
				},
				{
					"name": "rightArm",
					"parent": "body",
					"pivot": [-5, 18, 0],
					"cubes": [
						{"origin": [-8, 10, -2], "size": [4, 10, 4], "uv": [40, 18]}
					]
				},
				{
					"name": "leftArm",
					"parent": "body",
					"pivot": [5, 18, 0],
					"cubes": [
						{"origin": [4, 10, -2], "size": [4, 10, 4], "uv": [40, 18], "mirror": true}
					]
				},
				{
					"name": "rightLeg",
					"parent": "body",
					"pivot": [-2, 12, 0],
					"cubes": [
						{"origin": [-3.9, 0, -2], "size": [4, 10, 4], "uv": [0, 18]}
					]
				},
				{
					"name": "leftLeg",
					"parent": "body",
					"pivot": [2, 12, 0],
					"cubes": [
						{"origin": [0.1, 0, -2], "size": [4, 10, 4], "uv": [0, 18], "mirror": true}
					]
				}
			]
		}
	]
}