{
	"format_version": "1.12.0",
	"minecraft:geometry": [
		{
			"description": {
				"identifier": "geometry.sphinkx_inator",
				"texture_width": 128,
				"texture_height": 64,
				"visible_bounds_width": 3,
				"visible_bounds_height": 3.5,
				"visible_bounds_offset": [0, 1.25, 0]
			},
			"bones": [
				{
					"name": "body",
					"pivot": [0, 11, -4]
				},
				{
					"name": "head",
					"parent": "body",
					"pivot": [-3.5, 11, -4],
					"cubes": [
						{"origin": [-7, 16, -2], "size": [14, 10, 4], "uv": [0, 0]},
						{"origin": [-5, 15, 2], "size": [10, 9, 4], "uv": [76, 51]},
						{"origin": [-3, 11, 6], "size": [6, 8, 4], "pivot": [0, 11, -4], "rotation": [15, 0, 0], "uv": [80, 39]},
						{"origin": [-7, 11, 2], "size": [14, 4, 6], "uv": [88, 25]}
					]
				},
				{
					"name": "mouth_back",
					"parent": "head",
					"pivot": [0, 11, -4],
					"cubes": [
						{"origin": [-7, 11, -7], "size": [14, 5, 9], "uv": [0, 14]}
					]
				},
				{
					"name": "mouth",
					"parent": "head",
					"pivot": [0, 11, -8],
					"cubes": [
						{"origin": [-6.5, 11, -8], "size": [13, 3, 1], "uv": [100, 2]},
						{"origin": [-6.5, 14, -8], "size": [3, 1, 1], "uv": [120, 0]},
						{"origin": [-1.5, 14, -8], "size": [3, 1, 1], "uv": [120, 0]},
						{"origin": [3.5, 14, -8], "size": [3, 1, 1], "uv": [120, 0]}
					]
				},
				{
					"name": "eye",
					"parent": "head",
					"pivot": [0, 11, -4],
					"cubes": [
						{"origin": [-4.5, 24, -6], "size": [9, 1, 4], "inflate": 0.25, "uv": [23, 41]},
						{"origin": [-4.5, 16, -6], "size": [9, 2, 4], "inflate": 0.5, "uv": [22, 58]}
					]
				},
				{
					"name": "center",
					"parent": "eye",
					"pivot": [0, 11, -4],
					"cubes": [
						{"origin": [-4.5, 16, -6], "size": [9, 8, 4], "uv": [23, 46]}
					]
				},
				{
					"name": "rocket",
					"parent": "center",
					"pivot": [0, 11, -4],
					"cubes": [
						{"origin": [-4, 18, -5], "size": [8, 6, 6], "uv": [69, 0]},
						{"origin": [-4, 18.5, -5.5], "size": [8, 5, 1], "inflate": -0.01, "uv": [74, 5]}
					]
				},
				{
					"name": "crown",
					"parent": "head",
					"pivot": [0, 11, -4],
					"cubes": [
						{"origin": [-2, 26, -2], "size": [4, 5, 4], "uv": [21, 31]},
						{"origin": [2, 26, 0], "size": [4, 4, 2], "uv": [0, 55], "mirror": true},
						{"origin": [-6, 26, 0], "size": [4, 4, 2], "uv": [0, 55]},
						{"origin": [-10, 26, -1], "size": [4, 5, 3], "uv": [0, 46]},
						{"origin": [6, 26, -1], "size": [4, 5, 3], "uv": [0, 46], "mirror": true},
						{"origin": [-11, 11, -1], "size": [4, 15, 3], "uv": [0, 28]},
						{"origin": [7, 11, -1], "size": [4, 15, 3], "uv": [0, 28], "mirror": true}
					]
				},
				{
					"name": "zomboss",
					"parent": "head",
					"pivot": [0, -6, 0],
					"cubes": [
						{"origin": [-1.5, 25.25, -1.75], "size": [3, 4, 3], "inflate": -0.25, "uv": [46, 9]},
						{"origin": [-2, 28.75, -2.25], "size": [4, 5, 4], "inflate": -0.25, "uv": [46, 0]}
					]
				},
				{
					"name": "base",
					"parent": "body",
					"pivot": [0, 0, -1],
					"cubes": [
						{"origin": [-2, 6, -2], "size": [4, 4, 4], "uv": [112, 45]},
						{"origin": [-4, 9.5, -4], "size": [8, 2, 8], "uv": [96, 15]}
					]
				},
				{
					"name": "rightfrontleg",
					"parent": "base",
					"pivot": [0, 1, -1],
					"rotation": [-7.5, 0, 0],
					"cubes": [
						{"origin": [-4, 2, 0], "size": [2, 4, 2], "pivot": [0, 1, -1], "rotation": [0, -45, 22.5], "uv": [112, 54]},
						{"origin": [-10, 0, 0], "size": [8, 2, 2], "pivot": [0, 1, -1], "rotation": [0, -45, 22.5], "uv": [104, 60]},
						{"origin": [-11, 0, 0], "size": [2, 2, 2], "inflate": 0.25, "pivot": [0, 1, -1], "rotation": [0, -45, 22.5], "uv": [120, 54]},
						{"origin": [-10.5, -4, 0.5], "size": [1, 4, 1], "inflate": 0.25, "pivot": [0, 1, -1], "rotation": [0, -45, 22.5], "uv": [124, 59]}
					]
				},
				{
					"name": "leftfrontleg",
					"parent": "base",
					"pivot": [1, 1, 0],
					"rotation": [-7.5, -90, 0],
					"cubes": [
						{"origin": [-3, 2, 1], "size": [2, 4, 2], "pivot": [1, 1, 0], "rotation": [0, -45, 22.5], "uv": [112, 54], "mirror": true},
						{"origin": [-9, 0, 1], "size": [8, 2, 2], "pivot": [1, 1, 0], "rotation": [0, -45, 22.5], "uv": [104, 60]},
						{"origin": [-10, 0, 1], "size": [2, 2, 2], "inflate": 0.25, "pivot": [1, 1, 0], "rotation": [0, -45, 22.5], "uv": [120, 54], "mirror": true},
						{"origin": [-9.5, -4, 1.5], "size": [1, 4, 1], "inflate": 0.25, "pivot": [1, 1, 0], "rotation": [0, -45, 22.5], "uv": [124, 59], "mirror": true}
					]
				},
				{
					"name": "rightbackleg",
					"parent": "base",
					"pivot": [-1, 1, 0],
					"rotation": [-7.5, 90, 0],
					"cubes": [
						{"origin": [-5, 2, 1], "size": [2, 4, 2], "pivot": [-1, 1, 0], "rotation": [0, -45, 22.5], "uv": [112, 54], "mirror": true},
						{"origin": [-11, 0, 1], "size": [8, 2, 2], "pivot": [-1, 1, 0], "rotation": [0, -45, 22.5], "uv": [104, 60]},
						{"origin": [-12, 0, 1], "size": [2, 2, 2], "inflate": 0.25, "pivot": [-1, 1, 0], "rotation": [0, -45, 22.5], "uv": [120, 54], "mirror": true},
						{"origin": [-11.5, -4, 1.5], "size": [1, 4, 1], "inflate": 0.25, "pivot": [-1, 1, 0], "rotation": [0, -45, 22.5], "uv": [124, 59], "mirror": true}
					]
				},
				{
					"name": "leftbackleg",
					"parent": "base",
					"pivot": [0, 1, 1],
					"rotation": [-7.5, 180, 0],
					"cubes": [
						{"origin": [-4, 2, 2], "size": [2, 4, 2], "pivot": [0, 1, 1], "rotation": [0, -45, 22.5], "uv": [112, 54]},
						{"origin": [-10, 0, 2], "size": [8, 2, 2], "pivot": [0, 1, 1], "rotation": [0, -45, 22.5], "uv": [104, 60]},
						{"origin": [-11, 0, 2], "size": [2, 2, 2], "inflate": 0.25, "pivot": [0, 1, 1], "rotation": [0, -45, 22.5], "uv": [120, 54]},
						{"origin": [-10.5, -4, 2.5], "size": [1, 4, 1], "inflate": 0.25, "pivot": [0, 1, 1], "rotation": [0, -45, 22.5], "uv": [124, 59]}
					]
				}
			]
		}
	]
}