{
  "format_version": "1.8.0",
  "minecraft:spawn_rules": {
    "description": {
      "identifier": "mv:penguin",
      "population_control": "animal"
    },
    "conditions": [
      {
        "minecraft:spawns_on_surface": {},
        "minecraft:brightness_filter": {
          "min": 7,
          "max": 15,
          "adjust_for_weather": false
        },
        "minecraft:weight": {
          "default": 18
        },
        "minecraft:herd": {
          "min_size":2,
          "max_size":4
        },
    
        "minecraft:biome_filter": {
		"all_of": [
			{"test": "has_biome_tag", "operator": "==", "value": "beach"},
			{"test": "has_biome_tag", "operator": "==", "value": "stone"}
           ]
	  }
      }
    ]
  }
}