{
  "format_version": "1.8.0",
  "minecraft:spawn_rules": {
    "description": {
      "identifier": "mv:rascal",
      "population_control": "animal"
    },
    "conditions": [
      {
        "minecraft:spawns_underground": {
        },
        "minecraft:brightness_filter": {
          "min": 0,
          "max": 0
        },

        "minecraft:weight": {
          "default": 1
        },
        "minecraft:density_limit": {
          "surface": 1
        },
        "minecraft:height_filter": {
          "min": -32,
          "max": 0
        },

        "minecraft:biome_filter": [
          { "test": "has_biome_tag", "operator":"==", "value": "overworld"},
          { "test": "has_biome_tag", "operator":"!=", "value": "deep_dark"}
        ]
      }
    ]
  }
}