{
	"format_version": "1.16.0",
	"minecraft:block": {
		"description": {
			"identifier": "pvz:cyan_egypt_slot_tr"
		},
		"components": {
			"minecraft:destroy_time": 3,
       "minecraft:loot": "loot_tables/blocks/cyan_egypt_slot.json",
       "minecraft:on_interact": {
       "condition": "query.get_equipped_item_name =='chisel'",
       "event": "pvz:change",
       "target": "self"
      }
   },
   "events": {
       "pvz:change": {
          "set_block_at_pos": {
             "block_type": "pvz:cyan_egypt_slot_tl",
             "block_offset": [ 0, 0, 0 ]
		       }
         }
      }
   }
}