{
  "format_version": "1.16.0",
	"minecraft:block": {
	  "description": {
		"identifier": "pvz:cyan_egypt_slot"
		},
		"components": {
		  "minecraft:destroy_time": 3,
		  "minecraft:loot": "cyan_loot_tables/blocks/egypt_slot.json",
		  "minecraft:creative_category": {
			"group": "itemGroup.name.slot",
			"category": "construction"
		  },
		  "minecraft:on_interact": {
			"condition": "query.get_equipped_item_name =='chisel'",
			"event": "pvz:change",
			"target": "self"
		}
	  },
	  "events": {
		"pvz:change": {
		  "set_block_at_pos": {
			"block_type": "pvz:cyan_egypt_slot_center",
			"block_offset": [ 0, 0, 0 ]
		}
	  }
	}
  }
}