{
  "num_mip_levels": 4,
  "padding": 8,
  "resource_pack_name": "vanilla",
  "texture_data": {
    "leaves" : {
       "textures" : [
        {
          "variations": [
            {
              "path": "textures/blocks/leaves/oak_green",
              "weight": 0
            },
            {
              "path": "textures/blocks/leaves/leaves_oak",
              "weight": 1
            }
          ]
        },
        {
          "variations": [
            {
              "path": "textures/blocks/leaves/spruce_green",
              "weight": 0
            },
            {
              "path": "textures/blocks/leaves/leaves_spruce",
              "weight": 1
            }
          ]
        },
        {
          "variations": [
            {
              "path": "textures/blocks/leaves/birch_green",
              "weight": 0
            },
            {
              "path": "textures/blocks/leaves/leaves_birch",
              "weight": 1
            }
          ]
        },
        {
          "variations": [
            {
              "path": "textures/blocks/leaves/jungle_green",
              "weight": 0
            },
            {
              "path": "textures/blocks/leaves/leaves_jungle",
              "weight": 1
            }
          ]
        },
        "textures/blocks/leaves_oak_opaque",
        "textures/blocks/leaves_spruce_opaque",
        "textures/blocks/leaves_birch_opaque",
        "textures/blocks/leaves_jungle_opaque"
      ]
    },
    "leaves2" : {
       "textures" : [
        {
          "variations": [
            {
              "path": "textures/blocks/leaves/acacia_green",
              "weight": 0
            },
            {
              "path": "textures/blocks/leaves/leaves_acacia",
              "weight": 1
            }
          ]
        },
        {
          "variations": [
            {
              "path": "textures/blocks/leaves/big_oak_green",
              "weight": 0
            },
            {
              "path": "textures/blocks/leaves/leaves_big_oak",
              "weight": 1
            }
          ]
        },
        "textures/blocks/leaves_acacia_opaque",
        "textures/blocks/leaves_big_oak_opaque"
      ]
    },
    "mangrove_leaves": {
      "textures": {
        "variations": [
          {
            "path": "textures/blocks/leaves/mangrove_green",
            "weight": 0
          },
          {
            "path": "textures/blocks/leaves/mangrove_leaves",
            "weight": 1
          }
        ]
      }
    }
  },
  "texture_name": "atlas.terrain"
}