{
  "format_version": "1.16.0",
  "minecraft:entity": {
    "description": {
      "identifier": "pvz:camel_mummy",
      "is_spawnable": true,
      "is_summonable": true,
      "is_experimental": false
    },

    "component_groups": {
	  "minecraft:back_texture": {
        "minecraft:variant": {
          "value": 0
         }
      },
      "minecraft:center_texture": {
        "minecraft:variant": {
          "value": 1
         }
      },
      "minecraft:leader_texture": {
        "minecraft:variant": {
          "value": 2
         }
      },
	  "minecraft:back_freeze_texture": {
        "minecraft:is_shaking": {
        },
        "minecraft:variant": {
          "value": 3
         }
      },
      "minecraft:center_freeze_texture": {
        "minecraft:is_shaking": {
        },
        "minecraft:variant": {
          "value": 4
         }
      },
      "minecraft:leader_freeze_texture": {
        "minecraft:is_shaking": {
        },
        "minecraft:variant": {
          "value": 5
         }
      },
	  "minecraft:back_ice_texture": {
        "minecraft:variant": {
          "value": 6
         }
      },
	  "minecraft:center_ice_texture": {
        "minecraft:variant": {
          "value": 7
         }
      },
	  "minecraft:leader_ice_texture": {
        "minecraft:variant": {
          "value": 8
         }
      },
      "minecraft:look_to_start_zombie_transformation": {
        "minecraft:environment_sensor": {
          "triggers": {
            "filters": {
              "test": "is_underwater", "subject": "self", "operator": "==", "value": true
            },
            "event": "minecraft:start_transforming"
          }
        }
      },
      "minecraft:start_zombie_transformation": {
        "minecraft:environment_sensor": {
          "triggers": {
            "filters": {
              "test": "is_underwater", "subject": "self", "operator": "==", "value": false
            },
            "event": "minecraft:stop_transforming"
          }
        },
        "minecraft:timer": {
          "looping": false,
          "time": 30,
          "time_down_event": {
            "event": "minecraft:convert_to_zombie"
          }
        }
      },

      "minecraft:convert_to_zombie": {
        "minecraft:transformation": {
          "into": "minecraft:zombie<minecraft:as_adult>",
          "transformation_sound": "convert_to_drowned",
          "drop_equipment": true,
          "delay": {
            "value": 15
          }
        },
        "minecraft:is_shaking": {
        }
      },

      "minecraft:convert_to_baby_zombie": {
        "minecraft:transformation": {
          "into": "minecraft:zombie<minecraft:as_baby>",
          "transformation_sound": "convert_to_drowned",
          "drop_equipment": true,
          "delay": {
            "value": 15
          }
        },
        "minecraft:is_shaking": {
        }
      },
	  "minecraft:death": {
		"minecraft:transformation": {
		  "into": "anim:mummy<minecraft:entity_spawned>",
		  "delay": 0
        }
      },
      "minecraft:camel_back": {
		"minecraft:damage_sensor": {
		  "triggers": [
			{
			"on_damage": {
			  "filters": {
				"any_of": [
				{
				"test": "has_damage",
				"subject": "self",
				"operator": "==",
				"value": "fatal"
				}
			  ]
			},
			"event": "minecraft:death_event"
			},
			"deals_damage": false
			}
		  ]
		},
		"minecraft:movement": {
          "value": 0.075
        },
		"minecraft:environment_sensor": {
        "triggers": [
		  {
          "filters": {
            "test": "is_underwater",
            "subject": "self",
            "operator": "==",
            "value": true
            },
            "event": "minecraft:start_transforming"
          },
		  {
          "filters": {
			"all_of": [
			{
            "test": "has_mob_effect",
            "subject": "self",
            "operator": "==",
            "value": "slowness"
			},
			{
            "test": "has_mob_effect",
            "subject": "self",
            "operator": "==",
            "value": "weakness"
			}
		  ]
        },
        "event": "pvz:ice_back"
		},
		{
          "filters": {
			"all_of": [
			{
            "test": "has_mob_effect",
            "subject": "self",
            "operator": "==",
            "value": "slowness"
			},
			{
            "test": "has_mob_effect",
            "subject": "self",
            "operator": "!=",
            "value": "weakness"
			}
		  ]
        },
        "event": "pvz:freeze_back"
		},
		{
          "filters": {
			"all_of": [
			{
            "test": "has_mob_effect",
            "subject": "self",
            "operator": "!=",
            "value": "slowness"
			},
			{
            "test": "has_mob_effect",
            "subject": "self",
            "operator": "!=",
            "value": "weakness"
			}
		  ]
        },
        "event": "pvz:normal_back"
		}
       ]
      },
	  "minecraft:leashable":{
		"soft_distance": 1.0,
		"hard_distance": 2.0,
		"max_distance": 3.0
	    },
        "minecraft:behavior.follow_target_captain": {
          "priority": 5,
          "speed_multiplier": 0.8,
          "within_radius": 64,
          "follow_distance": 5
        }
      },

      "minecraft:camel_center": {
		"minecraft:damage_sensor": {
		  "triggers": [
			{
			"on_damage": {
			  "filters": {
				"any_of": [
				{
				"test": "has_damage",
				"subject": "self",
				"operator": "==",
				"value": "fatal"
				}
			  ]
			},
			"event": "minecraft:death_event"
			},
			"deals_damage": true
			}
		  ]
		},
        "minecraft:movement": {
          "value": 0.1
        },
		"minecraft:spawn_entity": {
		  "entities":[
		    {
            "min_wait_time": 0,
            "max_wait_time": 0,
		    "num_to_spawn": 1,
		    "single_use": true,
		    "should_leash": true,
            "spawn_entity": "pvz:camel_mummy",
		    "spawn_event": "minecraft:back"
			}
		  ]
        },
		"minecraft:environment_sensor": {
        "triggers": [
		  {
          "filters": {
            "test": "is_underwater",
            "subject": "self",
            "operator": "==",
            "value": true
            },
            "event": "minecraft:start_transforming"
          },
		  {
          "filters": {
			"all_of": [
			{
            "test": "has_mob_effect",
            "subject": "self",
            "operator": "==",
            "value": "slowness"
			},
			{
            "test": "has_mob_effect",
            "subject": "self",
            "operator": "==",
            "value": "weakness"
			}
		  ]
        },
        "event": "pvz:ice_center"
		},
		{
          "filters": {
			"all_of": [
			{
            "test": "has_mob_effect",
            "subject": "self",
            "operator": "==",
            "value": "slowness"
			},
			{
            "test": "has_mob_effect",
            "subject": "self",
            "operator": "!=",
            "value": "weakness"
			}
		  ]
        },
        "event": "pvz:freeze_center"
		},
		{
          "filters": {
			"all_of": [
			{
            "test": "has_mob_effect",
            "subject": "self",
            "operator": "!=",
            "value": "slowness"
			},
			{
            "test": "has_mob_effect",
            "subject": "self",
            "operator": "!=",
            "value": "weakness"
			}
		  ]
        },
        "event": "pvz:normal_center"
		}
       ]
      },
	  "minecraft:leashable":{
		"soft_distance": 1.0,
		"hard_distance": 2.0,
		"max_distance": 3.0
	    },
        "minecraft:behavior.follow_target_captain": {
          "priority": 5,
          "speed_multiplier": 0.8,
          "within_radius": 64,
          "follow_distance": 5
        }
      },

      "minecraft:camel_leader": {
		"minecraft:damage_sensor": {
		  "triggers": [
			{
			"on_damage": {
			  "filters": {
				"any_of": [
				{
				"test": "has_damage",
				"subject": "self",
				"operator": "==",
				"value": "fatal"
				}
			  ]
			},
			"event": "minecraft:death_event"
			},
			"deals_damage": true
			}
		  ]
		},
		"minecraft:spawn_entity": {
		  "entities":[
		    {
            "min_wait_time": 0,
            "max_wait_time": 0,
		    "num_to_spawn": 1,
		    "single_use": true,
		    "should_leash": true,
            "spawn_entity": "pvz:camel_mummy",
		    "spawn_event": "minecraft:center"
			}
		  ]
        },
        "minecraft:movement": {
          "value": 0.23
        },
        "minecraft:is_illager_captain": {
	  },
	  "minecraft:environment_sensor": {
        "triggers": [
		  {
          "filters": {
            "test": "is_underwater",
            "subject": "self",
            "operator": "==",
            "value": true
            },
            "event": "minecraft:start_transforming"
          },
		  {
          "filters": {
			"all_of": [
			{
            "test": "has_mob_effect",
            "subject": "self",
            "operator": "==",
            "value": "slowness"
			},
			{
            "test": "has_mob_effect",
            "subject": "self",
            "operator": "==",
            "value": "weakness"
			}
		  ]
        },
        "event": "pvz:ice_leader"
		},
		{
          "filters": {
			"all_of": [
			{
            "test": "has_mob_effect",
            "subject": "self",
            "operator": "==",
            "value": "slowness"
			},
			{
            "test": "has_mob_effect",
            "subject": "self",
            "operator": "!=",
            "value": "weakness"
			}
		  ]
        },
        "event": "pvz:freeze_leader"
		},
		{
          "filters": {
			"all_of": [
			{
            "test": "has_mob_effect",
            "subject": "self",
            "operator": "!=",
            "value": "slowness"
			},
			{
            "test": "has_mob_effect",
            "subject": "self",
            "operator": "!=",
            "value": "weakness"
			}
		  ]
        },
        "event": "pvz:normal_leader"
		}
       ]
      }
	 }
    },

    "components": {
	  "minecraft:experience_reward": {
        "on_death": "query.last_hit_by_player ? 5 + (query.equipment_count * Math.Random(1,3)) : 0"
      },
      "minecraft:breathable": {
        "total_supply": 15,
        "suffocate_time": 0,
        "breathes_water": true
      },
      "minecraft:equip_item": {
      },
        "minecraft:rideable": {
          "seat_count": 1,
          "family_types": [
            "zombie"
          ],
          "seats": {
            "position": [ 0.0, 1.1, -0.35 ],
            "lock_rider_rotation": 0
          }
        },
        "minecraft:behavior.mount_pathing": {
          "priority": 2,
          "speed_multiplier": 1.25,
          "target_dist": 0.0,
          "track_target": true
        },
        "minecraft:scale": {
          "value": 1
        },
      "minecraft:collision_box": {
        "width": 0.6,
        "height": 1.9
      },
      "minecraft:nameable": {
      },

      // Zombie_husk Components
      "minecraft:type_family": {
        "family": [ "husk", "barrier", "zombie", "undead", "monster", "mob" ]
      },
      "minecraft:loot": {
        "table": "loot_tables/entities/zombie.json"
      },
      "minecraft:equipment": {
        "table": "loot_tables/pvz/zombie.json"
      },
     "minecraft:knockback_resistance": {
        "value": 0.65
      },
      "minecraft:health": {
        "value": 30,
        "max": 30
      },
      "minecraft:hurt_on_condition": {
        "damage_conditions": [
          {
            "filters": { "test": "in_lava", "subject": "self", "operator": "==", "value": true },
            "cause": "lava",
            "damage_per_tick": 4
          }
        ]
      },
      "minecraft:attack": {
        "damage": 3,
        "effect_name": "hunger",
        "effect_duration": 1
      },
      "minecraft:variant": {
        "value": 2
      },
      "minecraft:navigation.walk": {
        "is_amphibious": true,
        "can_pass_doors": true,
        "can_break_doors": true,
        "avoid_portals": false
      },
      "minecraft:annotation.break_door": {
      },
      "minecraft:movement.basic": {

      },
      "minecraft:jump.static": {
      },
      "minecraft:can_climb": {
      },
      "minecraft:shareables": {
        "items": [
          {
            "item": "minecraft:netherite_sword",
            "want_amount": 1,
            "surplus_amount": 1,
            "priority": 0
          },
          {
            "item": "minecraft:diamond_sword",
            "want_amount": 1,
            "surplus_amount": 1,
            "priority": 1
          },
          {
            "item": "minecraft:iron_sword",
            "want_amount": 1,
            "surplus_amount": 1,
            "priority": 2
          },
          {
            "item": "minecraft:golden_sword",
            "want_amount": 1,
            "surplus_amount": 1,
            "priority": 3
          },
          {
            "item": "minecraft:stone_sword",
            "want_amount": 1,
            "surplus_amount": 1,
            "priority": 4
          },
          {
            "item": "minecraft:wooden_sword",
            "want_amount": 1,
            "surplus_amount": 1,
            "priority": 5
          },
          {
            "item": "minecraft:netherite_helmet",
            "want_amount": 1,
            "surplus_amount": 1,
            "priority": 0
          },
          {
            "item": "minecraft:diamond_helmet",
            "want_amount": 1,
            "surplus_amount": 1,
            "priority": 1
          },
          {
            "item": "minecraft:chainmail_helmet",
            "want_amount": 1,
            "surplus_amount": 1,
            "priority": 2
          },
          {
            "item": "minecraft:iron_helmet",
            "want_amount": 1,
            "surplus_amount": 1,
            "priority": 3
          },
          {
            "item": "minecraft:golden_helmet",
            "want_amount": 1,
            "surplus_amount": 1,
            "priority": 4
          },
          {
            "item": "minecraft:leather_helmet",
            "want_amount": 1,
            "surplus_amount": 1,
            "priority": 5
          },
          {
            "item": "minecraft:turtle_helmet",
            "want_amount": 1,
            "surplus_amount": 1,
            "priority": 6
          },
          {
            "item": "minecraft:skull:0",
            "want_amount": 1,
            "surplus_amount": 1,
            "priority": 7
          },
          {
            "item": "minecraft:skull:1",
            "want_amount": 1,
            "surplus_amount": 1,
            "priority": 7
          },
          {
            "item": "minecraft:carved_pumpkin",
            "want_amount": 1,
            "surplus_amount": 1,
            "priority": 7
          },
          {
            "item": "minecraft:netherite_chestplate",
            "want_amount": 1,
            "surplus_amount": 1,
            "priority": 0
          },
          {
            "item": "minecraft:diamond_chestplate",
            "want_amount": 1,
            "surplus_amount": 1,
            "priority": 1
          },
          {
            "item": "minecraft:chainmail_chestplate",
            "want_amount": 1,
            "surplus_amount": 1,
            "priority": 2
          },
          {
            "item": "minecraft:iron_chestplate",
            "want_amount": 1,
            "surplus_amount": 1,
            "priority": 3
          },
          {
            "item": "minecraft:golden_chestplate",
            "want_amount": 1,
            "surplus_amount": 1,
            "priority": 4
          },
          {
            "item": "minecraft:leather_chestplate",
            "want_amount": 1,
            "surplus_amount": 1,
            "priority": 5
          },
          {
            "item": "minecraft:netherite_leggings",
            "want_amount": 1,
            "surplus_amount": 1,
            "priority": 0
          },
          {
            "item": "minecraft:diamond_leggings",
            "want_amount": 1,
            "surplus_amount": 1,
            "priority": 1
          },
          {
            "item": "minecraft:chainmail_leggings",
            "want_amount": 1,
            "surplus_amount": 1,
            "priority": 2
          },
          {
            "item": "minecraft:iron_leggings",
            "want_amount": 1,
            "surplus_amount": 1,
            "priority": 3
          },
          {
            "item": "minecraft:golden_leggings",
            "want_amount": 1,
            "surplus_amount": 1,
            "priority": 4
          },
          {
            "item": "minecraft:leather_leggings",
            "want_amount": 1,
            "surplus_amount": 1,
            "priority": 5
          },
          {
            "item": "minecraft:netherite_boots",
            "want_amount": 1,
            "surplus_amount": 1,
            "priority": 0
          },
          {
            "item": "minecraft:diamond_boots",
            "want_amount": 1,
            "surplus_amount": 1,
            "priority": 1
          },
          {
            "item": "minecraft:chainmail_boots",
            "want_amount": 1,
            "surplus_amount": 1,
            "priority": 2
          },
          {
            "item": "minecraft:iron_boots",
            "want_amount": 1,
            "surplus_amount": 1,
            "priority": 3
          },
          {
            "item": "minecraft:golden_boots",
            "want_amount": 1,
            "surplus_amount": 1,
            "priority": 4
          },
          {
            "item": "minecraft:leather_boots",
            "want_amount": 1,
            "surplus_amount": 1,
            "priority": 5
          }
        ]
      },
      "minecraft:despawn": {
        "despawn_from_distance": {}
      },
      // Zombie_husk Behaviors
      "minecraft:behavior.equip_item": {
        "priority": 2
      },
      "minecraft:behavior.melee_attack": {
        "priority": 3
      },
      "minecraft:behavior.stomp_turtle_egg": {
        "priority": 4,
        "speed_multiplier": 1,
        "search_range": 10,
        "search_height": 2,
        "goal_radius": 1.14,
        "interval": 20
      },
      "minecraft:behavior.move_towards_restriction": {
        "priority": 5,
        "speed_multiplier": 1
      },
      "minecraft:behavior.pickup_items": {
        "priority": 6,
        "max_dist": 3,
        "goal_radius": 2,
        "speed_multiplier": 1.0,
        "pickup_based_on_chance": true,
        "can_pickup_any_item": true
      },
      "minecraft:behavior.random_stroll": {
        "priority": 7,
        "speed_multiplier": 1
      },
      "minecraft:behavior.look_at_player": {
        "priority": 8,
        "look_distance": 6,
        "probability": 0.02
      },
      "minecraft:behavior.random_look_around": {
        "priority": 9
      },
      "minecraft:behavior.nearest_attackable_target": {
        "priority": 2,
        "must_see": true,
        "reselect_targets": true,
        "within_radius": 25.0,
        "entity_types": [
          {
            "filters": {
              "any_of": [
                { "test": "is_family", "subject": "other", "value": "player" },
                { "test": "is_family", "subject": "other", "value": "snowgolem" },
                { "test": "is_family", "subject": "other", "value": "irongolem" }
              ]
            },
            "max_dist": 35
          },
          {
            "filters": {
              "any_of": [
                { "test": "is_family", "subject": "other", "value": "villager" },
                { "test": "is_family", "subject": "other", "value": "wandering_trader" }
              ]
            },
            "max_dist": 35,
            "must_see": false
          },
          {
            "filters": {
              "all_of": [
                { "test": "is_family", "subject": "other", "value": "baby_turtle" },
                { "test": "in_water", "subject": "other", "operator": "!=", "value": true }
              ]
            },
            "max_dist": 35
          }
        ]
      },
      "minecraft:physics": {
      },
      "minecraft:pushable": {
        "is_pushable": true,
        "is_pushable_by_piston": true
      }
    },

    "events": {
      "minecraft:entity_spawned": {
 		"add": {
		  "component_groups": [
			"minecraft:camel_leader",
			"minecraft:leader_texture"
			]
		  }
		},
		"minecraft:center": {
 		"add": {
		  "component_groups": [
			"minecraft:camel_center",
			"minecraft:center_texture"
			]
		  }
		},
		"minecraft:back": {
 			"add": {
				"component_groups": [
					"minecraft:camel_back",
					"minecraft:back_texture"
				]
			}
		},
		"minecraft:death_event": {
			"add": {
				"component_groups": [
					"minecraft:death"
				]
			}
		},
     "pvz:normal_back": {
        "add": {
          "component_groups": [
            "minecraft:back_texture"
          ]
        },
       "remove": {
         "component_groups": [
           "minecraft:back_freeze_texture",
           "minecraft:back_ice_texture"
            ]
         }
      },
      "pvz:freeze_back": {
        "add": {
          "component_groups": [ 
            "minecraft:back_freeze_texture"
          ]
       },
       "remove": {
         "component_groups": [
           "minecraft:back_texture",
           "minecraft:back_ice_texture"
            ]
         }
      },
      "pvz:ice_back": {
        "add": {
          "component_groups": [ 
            "minecraft:back_ice_texture"
          ]
       },
       "remove": {
         "component_groups": [
           "minecraft:back_freeze_texture",
           "minecraft:back_texture"
  		  ]
		}
	  },
	  "pvz:normal_center": {
        "add": {
          "component_groups": [
            "minecraft:center_texture"
          ]
        },
       "remove": {
         "component_groups": [
           "minecraft:center_freeze_texture",
           "minecraft:center_ice_texture"
            ]
         }
      },
      "pvz:freeze_center": {
        "add": {
          "component_groups": [ 
            "minecraft:center_freeze_texture"
          ]
       },
       "remove": {
         "component_groups": [
           "minecraft:center_texture",
           "minecraft:center_ice_texture"
            ]
         }
      },
      "pvz:ice_center": {
        "add": {
          "component_groups": [ 
            "minecraft:center_ice_texture"
          ]
       },
       "remove": {
         "component_groups": [
           "minecraft:center_freeze_texture",
           "minecraft:center_texture"
  		  ]
		}
	  },
	  "pvz:normal_leader": {
        "add": {
          "component_groups": [
            "minecraft:leader_texture"
          ]
        },
       "remove": {
         "component_groups": [
           "minecraft:leader_freeze_texture",
           "minecraft:leader_ice_texture"
            ]
         }
      },
      "pvz:freeze_leader": {
        "add": {
          "component_groups": [ 
            "minecraft:leader_freeze_texture"
          ]
       },
       "remove": {
         "component_groups": [
           "minecraft:leader_texture",
           "minecraft:leader_ice_texture"
            ]
         }
      },
      "pvz:ice_leader": {
        "add": {
          "component_groups": [ 
            "minecraft:leader_ice_texture"
          ]
       },
       "remove": {
         "component_groups": [
           "minecraft:leader_freeze_texture",
           "minecraft:leader_texture"
  		  ]
		}
	  }
    }
  }
}