{
  "format_version": "1.16.0",
  "minecraft:entity": {
    "description": {
      "identifier": "pvz:cleopatra",
      "is_spawnable": true,
      "is_summonable": true,
      "is_experimental": false
    },

    "component_groups": {
	  "minecraft:normal_texture": {
        "minecraft:variant": {
          "value": 0
         }
      },
      "minecraft:freeze_texture": {
        "minecraft:is_shaking": {
        },
        "minecraft:variant": {
          "value": 1
         }
      },
      "minecraft:look_to_start_zombie_transformation": {
        "minecraft:environment_sensor": {
          "triggers": {
            "filters": {
              "test": "is_underwater", "subject": "self", "operator": "==", "value": true
            },
            "event": "minecraft:start_transforming"
          }
        }
      },
      "minecraft:start_zombie_transformation": {
        "minecraft:environment_sensor": {
          "triggers": {
            "filters": {
              "test": "is_underwater", "subject": "self", "operator": "==", "value": false
            },
            "event": "minecraft:stop_transforming"
          }
        },
        "minecraft:timer": {
          "looping": false,
          "time": 30,
          "time_down_event": {
            "event": "minecraft:convert_to_zombie"
          }
        }
      },

      "minecraft:convert_to_zombie": {
        "minecraft:transformation": {
          "into": "minecraft:zombie<minecraft:as_adult>",
          "transformation_sound": "convert_to_drowned",
          "drop_equipment": true,
          "delay": {
            "value": 15
          }
        },
        "minecraft:is_shaking": {
        }
      },

      "minecraft:zombie_husk_adult": {
        "minecraft:experience_reward": {
          "on_death": "query.last_hit_by_player ? 5 + (query.equipment_count * Math.Random(1,3)) : 0"
        },
        "minecraft:movement": {
          "value": 0.23
        },
        "minecraft:rideable": {
          "seat_count": 1,
          "family_types": [
            "zombie"
          ],
          "seats": {
            "position": [ 0.0, 1.1, -0.35 ],
            "lock_rider_rotation": 0
          }
        },
        "minecraft:behavior.mount_pathing": {
          "priority": 2,
          "speed_multiplier": 1.25,
          "target_dist": 0.0,
          "track_target": true
        },
        "minecraft:scale": {
          "value": 1
        }
      },

      "minecraft:zombie_husk_jockey": {
        "minecraft:behavior.find_mount": {
          "priority": 1,
          "within_radius": 16
        }
      }
    },

    "components": {
      "minecraft:breathable": {
        "total_supply": 15,
        "suffocate_time": 0,
        "breathes_water": true
      },
     "minecraft:knockback_resistance": {
        "value": 0.5
      },
       "minecraft:boss": {
       "name": "BossCleopatra",
       "should_darken_sky": false,
       "hud_range": 50
      },
      "minecraft:behavior.summon_entity": {
        "priority": 2,
        "summon_choices": [
          {
            "min_activation_range": 0.0,
            "max_activation_range": 8.0,
            "weight": 13,
            "cooldown_time": 7.5,
            "cast_duration": 3.75,
            "particle_color": "#FF00FFFF",
            "start_sound_event": "cast.spell",
            "sequence": [
              {
                "shape": "circle",
                "target": "self",
                "base_delay": 1.41,
                "delay_per_summon": 0.05,
                "num_entities_spawned": 1,
                "entity_type": "pvz:camel_mummy",
                "size": 0.5,
                "entity_lifespan": 90.1
              },
              {
                "shape": "circle",
                "target": "self",
                "base_delay": 1.41,
                "delay_per_summon": 0.05,
                "num_entities_spawned": 1,
                "entity_type": "pvz:camel_mummy",
                "size": 0.5,
                "entity_lifespan": 90.1
              },
              {
                "shape": "circle",
                "target": "self",
                "base_delay": 1.41,
                "delay_per_summon": 0.05,
                "num_entities_spawned": 1,
                "entity_type": "pvz:camel_mummy",
                "size": 0.5,
                "entity_lifespan": 90.1
              }
            ]
          },
          {
            "min_activation_range": 0.0,
            "max_activation_range": 15.0,
            "weight": 20,
            "cooldown_time": 7.0,
            "cast_duration": 6.0,
            "particle_color": "#FF00FFFF",
            "start_sound_event": "cast.spell",
            "sequence": [
              {
                "shape": "circle",
                "target": "self",
                "base_delay": 5.0,
                "delay_per_summon": 0.05,
                "num_entities_spawned": 2,
                "entity_type": "pvz:brick_mummy",
                "size": 0.1,
                "entity_lifespan": 90.1
              },
              {
                "shape": "circle",
                "target": "self",
                "base_delay": 1.0,
                "delay_per_summon": 0.75,
                "num_entities_spawned": 1,
                "entity_type": "pvz:mummy_slave",
                "size": 0.5,
                "entity_lifespan": 60.1
              }
            ]
          },
          {
            "min_activation_range": 8.0,
            "max_activation_range": 12.0,
            "weight": 15,
            "cooldown_time": 9.0,
            "cast_duration": 4.5,
            "particle_color": "#FF00FFFF",
            "start_sound_event": "cast.spell",
            "sequence": [
              {
                "shape": "circle",
                "target": "self",
                "base_delay": 5.0,
                "delay_per_summon": 0.75,
                "num_entities_spawned": 2,
                "entity_type": "pvz:sarcophagus_mummy",
                "size": 0.5,
                "entity_lifespan": 50.1
              }
            ]
          },
          {
            "min_activation_range": 0.0,
            "max_activation_range": 8.0,
            "cooldown_time": 5.0,
            "weight": 65,
            "cast_duration": 8.5,
            "particle_color": "#FF00FFFF",
            "start_sound_event": "cast.spell",
            "sequence": [
              {
                "shape": "circle",
                "target": "self",
                "base_delay": 5.0,
                "delay_per_summon": 0.0,
                "num_entities_spawned": 3,
                "entity_type": "pvz:cone_mummy",
                "size": 1.5,
                "entity_lifespan": 40.1
              },
              {
                "shape": "circle",
                "target": "self",
                "base_delay": 4.0,
                "delay_per_summon": 0.0,
                "num_entities_spawned": 2,
                "entity_type": "pvz:bucket_mummy",
                "size": 1.5,
                "entity_lifespan": 20.1
              }
            ]
          },
          {
            "min_activation_range": 0.0,
            "max_activation_range": 16.0,
            "weight": 90,
            "cooldown_time": 1.5,
            "cast_duration": 4.5,
            "particle_color": "#FF00FFFF",
            "start_sound_event": "cast.spell",
            "sequence": [
              {
                "shape": "circle",
                "target": "self",
                "base_delay": 2.5,
                "delay_per_summon": 0.05,
                "num_entities_spawned": 3,
                "entity_type": "pvz:mummy",
                "size": 0.5,
                "entity_lifespan": 20.1
              },
              {
                "shape": "circle",
                "target": "self",
                "base_delay": 2.5,
                "delay_per_summon": 0.0,
                "num_entities_spawned": 3,
                "entity_type": "minecraft:husk",
                "size": 1.5,
                "entity_lifespan": 20.1
              }
            ]
          },
          {
            "weight": 14,
            "min_activation_range": 10.0,
            "max_activation_range": 20.0,
            "cooldown_time": 4.25,
            "cast_duration": 13.5,
            "particle_color": "#FFFFFFFF",
            "sequence": [
              {
                "shape": "circle",
                "target": "self",
                "base_delay": 2.5,
                "delay_per_summon": 0.05,
                "num_entities_spawned": 1,
                "entity_type": "pvz:mummy",
                "size": 0.5,
                "entity_lifespan": 20.1
              },
              {
                "shape": "circle",
                "target": "self",
                "base_delay": 14.0,
                "num_entities_spawned": 12,
                "entity_type": "spawn:sandstorm",
                "summon_cap": 8,
                "summon_cap_radius": 16.0,
                "size": 1.0,
                "entity_lifespan": 30.1,
                "sound_event": "prepare.summon"
              }
            ]
          }
        ]
      },
      "minecraft:equip_item": {
      },
      "minecraft:collision_box": {
        "width": 0.6,
        "height": 1.9
      },
      "minecraft:nameable": {
      },

      // Zombie_husk Components
      "minecraft:type_family": {
        "family": [ "husk", "cleopatra", "undead", "monster", "mob" ]
      },
      "minecraft:loot": {
        "table": "loot_tables/entities/zombie.json"
      },
      "minecraft:equipment": {
        "table": "loot_tables/pvz/zombie.json"
      },

      "minecraft:health": {
        "value": 300,
        "max": 300
      },
      "minecraft:hurt_on_condition": {
        "damage_conditions": [
          {
            "filters": { "test": "in_lava", "subject": "self", "operator": "==", "value": true },
            "cause": "lava",
            "damage_per_tick": 4
          }
        ]
      },
      "minecraft:attack": {
        "damage": 3,
        "effect_name": "hunger",
        "effect_duration": 1
      },
      "minecraft:variant": {
        "value": 2
      },
      "minecraft:navigation.walk": {
        "is_amphibious": true,
        "can_pass_doors": true,
        "can_break_doors": true,
        "avoid_portals": false
      },
      "minecraft:annotation.break_door": {
      },
      "minecraft:movement.basic": {

      },
      "minecraft:jump.static": {
      },
      "minecraft:can_climb": {
      },
      "minecraft:shareables": {
        "items": [
          {
            "item": "minecraft:netherite_sword",
            "want_amount": 1,
            "surplus_amount": 1,
            "priority": 0
          },
          {
            "item": "minecraft:diamond_sword",
            "want_amount": 1,
            "surplus_amount": 1,
            "priority": 1
          },
          {
            "item": "minecraft:iron_sword",
            "want_amount": 1,
            "surplus_amount": 1,
            "priority": 2
          },
          {
            "item": "minecraft:golden_sword",
            "want_amount": 1,
            "surplus_amount": 1,
            "priority": 3
          },
          {
            "item": "minecraft:stone_sword",
            "want_amount": 1,
            "surplus_amount": 1,
            "priority": 4
          },
          {
            "item": "minecraft:wooden_sword",
            "want_amount": 1,
            "surplus_amount": 1,
            "priority": 5
          },
          {
            "item": "minecraft:netherite_helmet",
            "want_amount": 1,
            "surplus_amount": 1,
            "priority": 0
          },
          {
            "item": "minecraft:diamond_helmet",
            "want_amount": 1,
            "surplus_amount": 1,
            "priority": 1
          },
          {
            "item": "minecraft:chainmail_helmet",
            "want_amount": 1,
            "surplus_amount": 1,
            "priority": 2
          },
          {
            "item": "minecraft:iron_helmet",
            "want_amount": 1,
            "surplus_amount": 1,
            "priority": 3
          },
          {
            "item": "minecraft:golden_helmet",
            "want_amount": 1,
            "surplus_amount": 1,
            "priority": 4
          },
          {
            "item": "minecraft:leather_helmet",
            "want_amount": 1,
            "surplus_amount": 1,
            "priority": 5
          },
          {
            "item": "minecraft:turtle_helmet",
            "want_amount": 1,
            "surplus_amount": 1,
            "priority": 6
          },
          {
            "item": "minecraft:skull:0",
            "want_amount": 1,
            "surplus_amount": 1,
            "priority": 7
          },
          {
            "item": "minecraft:skull:1",
            "want_amount": 1,
            "surplus_amount": 1,
            "priority": 7
          },
          {
            "item": "minecraft:carved_pumpkin",
            "want_amount": 1,
            "surplus_amount": 1,
            "priority": 7
          },
          {
            "item": "minecraft:netherite_chestplate",
            "want_amount": 1,
            "surplus_amount": 1,
            "priority": 0
          },
          {
            "item": "minecraft:diamond_chestplate",
            "want_amount": 1,
            "surplus_amount": 1,
            "priority": 1
          },
          {
            "item": "minecraft:chainmail_chestplate",
            "want_amount": 1,
            "surplus_amount": 1,
            "priority": 2
          },
          {
            "item": "minecraft:iron_chestplate",
            "want_amount": 1,
            "surplus_amount": 1,
            "priority": 3
          },
          {
            "item": "minecraft:golden_chestplate",
            "want_amount": 1,
            "surplus_amount": 1,
            "priority": 4
          },
          {
            "item": "minecraft:leather_chestplate",
            "want_amount": 1,
            "surplus_amount": 1,
            "priority": 5
          },
          {
            "item": "minecraft:netherite_leggings",
            "want_amount": 1,
            "surplus_amount": 1,
            "priority": 0
          },
          {
            "item": "minecraft:diamond_leggings",
            "want_amount": 1,
            "surplus_amount": 1,
            "priority": 1
          },
          {
            "item": "minecraft:chainmail_leggings",
            "want_amount": 1,
            "surplus_amount": 1,
            "priority": 2
          },
          {
            "item": "minecraft:iron_leggings",
            "want_amount": 1,
            "surplus_amount": 1,
            "priority": 3
          },
          {
            "item": "minecraft:golden_leggings",
            "want_amount": 1,
            "surplus_amount": 1,
            "priority": 4
          },
          {
            "item": "minecraft:leather_leggings",
            "want_amount": 1,
            "surplus_amount": 1,
            "priority": 5
          },
          {
            "item": "minecraft:netherite_boots",
            "want_amount": 1,
            "surplus_amount": 1,
            "priority": 0
          },
          {
            "item": "minecraft:diamond_boots",
            "want_amount": 1,
            "surplus_amount": 1,
            "priority": 1
          },
          {
            "item": "minecraft:chainmail_boots",
            "want_amount": 1,
            "surplus_amount": 1,
            "priority": 2
          },
          {
            "item": "minecraft:iron_boots",
            "want_amount": 1,
            "surplus_amount": 1,
            "priority": 3
          },
          {
            "item": "minecraft:golden_boots",
            "want_amount": 1,
            "surplus_amount": 1,
            "priority": 4
          },
          {
            "item": "minecraft:leather_boots",
            "want_amount": 1,
            "surplus_amount": 1,
            "priority": 5
          }
        ]
      },
      "minecraft:environment_sensor": {
        "triggers": [
		  {
          "filters": {
            "test": "is_underwater",
            "subject": "self",
            "operator": "==",
            "value": true
            },
            "event": "minecraft:start_transforming"
          },
		  {
          "filters": {
			"all_of": [
			{
            "test": "has_mob_effect",
            "subject": "self",
            "operator": "==",
            "value": "slowness"
			},
			{
            "test": "has_mob_effect",
            "subject": "self",
            "operator": "!=",
            "value": "weakness"
			}
		  ]
        },
        "event": "pvz:freeze"
		},
		{
          "filters": {
			"all_of": [
			{
            "test": "has_mob_effect",
            "subject": "self",
            "operator": "!=",
            "value": "slowness"
			},
			{
            "test": "has_mob_effect",
            "subject": "self",
            "operator": "!=",
            "value": "weakness"
			}
		  ]
        },
        "event": "pvz:normal"
		}
       ]
      },
      "minecraft:despawn": {
        "despawn_from_distance": {}
      },
      // Zombie_husk Behaviors
      "minecraft:behavior.equip_item": {
        "priority": 2
      },
      "minecraft:behavior.melee_attack": {
        "priority": 3
      },
      "minecraft:behavior.stomp_turtle_egg": {
        "priority": 4,
        "speed_multiplier": 1,
        "search_range": 10,
        "search_height": 2,
        "goal_radius": 1.14,
        "interval": 20
      },
      "minecraft:behavior.move_towards_restriction": {
        "priority": 5,
        "speed_multiplier": 1
      },
      "minecraft:behavior.pickup_items": {
        "priority": 6,
        "max_dist": 3,
        "goal_radius": 2,
        "speed_multiplier": 1.0,
        "pickup_based_on_chance": true,
        "can_pickup_any_item": true
      },
      "minecraft:behavior.random_stroll": {
        "priority": 7,
        "speed_multiplier": 1
      },
      "minecraft:behavior.look_at_player": {
        "priority": 8,
        "look_distance": 6,
        "probability": 0.02
      },
      "minecraft:behavior.random_look_around": {
        "priority": 9
      },
      "minecraft:behavior.nearest_attackable_target": {
        "priority": 2,
        "must_see": true,
        "reselect_targets": true,
        "within_radius": 25.0,
        "entity_types": [
          {
            "filters": {
              "any_of": [
                { "test": "is_family", "subject": "other", "value": "player" },
                { "test": "is_family", "subject": "other", "value": "snowgolem" },
                { "test": "is_family", "subject": "other", "value": "irongolem" }
              ]
            },
            "max_dist": 35
          },
          {
            "filters": {
              "any_of": [
                { "test": "is_family", "subject": "other", "value": "villager" },
                { "test": "is_family", "subject": "other", "value": "wandering_trader" }
              ]
            },
            "max_dist": 35,
            "must_see": false
          },
          {
            "filters": {
              "all_of": [
                { "test": "is_family", "subject": "other", "value": "baby_turtle" },
                { "test": "in_water", "subject": "other", "operator": "!=", "value": true }
              ]
            },
            "max_dist": 35
          }
        ]
      },
      "minecraft:physics": {
      },
      "minecraft:pushable": {
        "is_pushable": true,
        "is_pushable_by_piston": true
      }
    },

    "events": {
      "minecraft:entity_spawned": {
       "add": {
         "component_groups": [
           "minecraft:zombie_husk_adult",
           "minecraft:zombie_husk_jockey"
          ]
        }
      },
      "pvz:normal": {
        "add": {
          "component_groups": [
            "minecraft:normal_texture"
          ]
        },
       "remove": {
         "component_groups": [
           "minecraft:freeze_texture"
            ]
         }
      },
      "pvz:freeze": {
        "add": {
          "component_groups": [ 
            "minecraft:freeze_texture"
          ]
       },
       "remove": {
         "component_groups": [
           "minecraft:normal_texture"
  		  ]
		}
	  }
    }
  }
}