{
  "format_version": "1.16.0",
  "minecraft:entity": {
    "description": {
      "identifier": "pvz:egypt_gargantuar",
      "is_spawnable": true,
      "is_summonable": true,
      "is_experimental": false
    },

    "component_groups": {
	  "minecraft:normal_texture": {
        "minecraft:variant": {
          "value": 0
         }
      },
      "minecraft:freeze_texture": {
        "minecraft:is_shaking": {
        },
        "minecraft:variant": {
          "value": 1
         }
      },
      "minecraft:ice_texture": {
        "minecraft:variant": {
          "value": 2
         }
      },
	  "minecraft:solo_texture": {
        "minecraft:variant": {
          "value": 3
         }
      },
      "minecraft:freeze_solo": {
        "minecraft:is_shaking": {
        },
        "minecraft:variant": {
          "value": 4
         }
      },
      "minecraft:ice_solo": {
        "minecraft:variant": {
          "value": 5
         }
      },
	  "minecraft:act_two": {
		"minecraft:environment_sensor": {
          "triggers": [
			{
			"filters": {
              "test": "is_underwater",
              "subject": "self",
              "operator": "==",
              "value": true
              },
              "event": "minecraft:start_transforming"
			  },
			{
			"filters": {
			  "all_of": [
				{
				"test": "has_mob_effect",
				"subject": "self",
				"operator": "==",
				"value": "slowness"
				},
				{
				"test": "has_mob_effect",
				"subject": "self",
				"operator": "==",
				"value": "weakness"
				}
			  ]
			},
			"event": "pvz:ice_solo"
			},
			{
			"filters": {
			  "all_of": [
				{
				"test": "has_mob_effect",
				"subject": "self",
				"operator": "==",
				"value": "slowness"
				},
				{
				"test": "has_mob_effect",
				"subject": "self",
				"operator": "!=",
				"value": "weakness"
				}
			  ]
			},
			"event": "pvz:freeze_solo"
			},
			{
			"filters": {
			  "all_of": [
				{
				"test": "has_mob_effect",
				"subject": "self",
				"operator": "!=",
				"value": "slowness"
				},
				{
				"test": "has_mob_effect",
				"subject": "self",
				"operator": "!=",
				"value": "weakness"
				}
			  ]
			},
			"event": "pvz:normal_solo"
			}
		  ]
		},
		"minecraft:type_family": {
		  "family": [ "solo", "husk", "gargantuar", "zombie", "undead", "monster", "mob" ]
		},
		"minecraft:health": {
          "value": 100,
          "max": 100
		},
		"minecraft:movement": {
          "value": 0.19
        },
		"minecraft:spawn_entity": {
          "entities": [
            {
              "min_wait_time": 0,
              "max_wait_time": 0,
              "spawn_entity": "shoot:imp",
              "single_use": true,
              "num_to_spawn": 1,
              "should_leash": false
            }
          ]
        }
	  },
	  "minecraft:waiting": {
		"minecraft:environment_sensor": {
          "triggers": [
			{
			"filters": {
              "test": "is_underwater",
              "subject": "self",
              "operator": "==",
              "value": true
              },
              "event": "minecraft:start_transforming"
			  },
			{
			"filters": {
			  "all_of": [
				{
				"test": "has_mob_effect",
				"subject": "self",
				"operator": "==",
				"value": "slowness"
				},
				{
				"test": "has_mob_effect",
				"subject": "self",
				"operator": "==",
				"value": "weakness"
				}
			  ]
			},
			"event": "pvz:ice"
			},
			{
			"filters": {
			  "all_of": [
				{
				"test": "has_mob_effect",
				"subject": "self",
				"operator": "==",
				"value": "slowness"
				},
				{
				"test": "has_mob_effect",
				"subject": "self",
				"operator": "!=",
				"value": "weakness"
				}
			  ]
			},
			"event": "pvz:freeze"
			},
			{
			"filters": {
			  "all_of": [
				{
				"test": "has_mob_effect",
				"subject": "self",
				"operator": "!=",
				"value": "slowness"
				},
				{
				"test": "has_mob_effect",
				"subject": "self",
				"operator": "!=",
				"value": "weakness"
				}
			  ]
			},
			"event": "pvz:normal"
			}
		  ]
		},
		"minecraft:type_family": {
		  "family": [ "husk", "gargantuar", "zombie", "undead", "monster", "mob" ]
		},
		"minecraft:movement": {
          "value": 0
        },
		"minecraft:health": {
          "value": 100,
          "max": 100
		},
		"minecraft:timer": {
		  "looping": true,
		  "time": 0.1,
		  "time_down_event": {
			"event": "pvz:imp_waited",
			"target": "self"
		  }
	    }
	  },
	  "minecraft:imp_load": {
		"minecraft:environment_sensor": {
          "triggers": [
			{
			"filters": {
              "test": "is_underwater",
              "subject": "self",
              "operator": "==",
              "value": true
              },
              "event": "minecraft:start_transforming"
			  },
			{
			"filters": {
			  "all_of": [
				{
				"test": "has_mob_effect",
				"subject": "self",
				"operator": "==",
				"value": "slowness"
				},
				{
				"test": "has_mob_effect",
				"subject": "self",
				"operator": "==",
				"value": "weakness"
				}
			  ]
			},
			"event": "pvz:ice"
			},
			{
			"filters": {
			  "all_of": [
				{
				"test": "has_mob_effect",
				"subject": "self",
				"operator": "==",
				"value": "slowness"
				},
				{
				"test": "has_mob_effect",
				"subject": "self",
				"operator": "!=",
				"value": "weakness"
				}
			  ]
			},
			"event": "pvz:freeze"
			},
			{
			"filters": {
			  "all_of": [
				{
				"test": "has_mob_effect",
				"subject": "self",
				"operator": "!=",
				"value": "slowness"
				},
				{
				"test": "has_mob_effect",
				"subject": "self",
				"operator": "!=",
				"value": "weakness"
				}
			  ]
			},
			"event": "pvz:normal"
			}
		  ]
		},
		"minecraft:type_family": {
		  "family": [ "husk", "gargantuar", "zombie", "undead", "monster", "mob" ]
		},
		"minecraft:movement": {
          "value": 0
        },
		"minecraft:health": {
          "value": 100,
          "max": 100
		},
		"minecraft:timer": {
		  "looping": false,
		  "time": 1,
		  "time_down_event": {
			"event": "pvz:secondary_fight",
			"target": "self"
		  }
	    }
	  },
	  "minecraft:attack": {
		"minecraft:movement": {
          "value": 0
        },
		"minecraft:timer": {
		  "looping": false,
		  "time": 1.12,
		  "time_down_event": {
			"event": "pvz:cooldown",
			"target": "self"
		  }
	    }
	  },
	  "minecraft:cooldown": {
		"minecraft:movement": {
          "value": 0
        },
		"minecraft:timer": {
		  "looping": false,
		  "time": 0.88,
		  "time_down_event": {
			"event": "pvz:moving",
			"target": "self"
		  }
	    }
	  },
	  "minecraft:move": {
		"minecraft:movement": {
          "value": 0.18
        }
	  },
      "minecraft:zombie_husk_adult": {
		"minecraft:environment_sensor": {
          "triggers": [
			{
			"filters": {
              "test": "is_underwater",
              "subject": "self",
              "operator": "==",
              "value": true
              },
              "event": "minecraft:start_transforming"
			  },
			{
			"filters": {
			  "all_of": [
				{
				"test": "has_mob_effect",
				"subject": "self",
				"operator": "==",
				"value": "slowness"
				},
				{
				"test": "has_mob_effect",
				"subject": "self",
				"operator": "==",
				"value": "weakness"
				}
			  ]
			},
			"event": "pvz:ice"
			},
			{
			"filters": {
			  "all_of": [
				{
				"test": "has_mob_effect",
				"subject": "self",
				"operator": "==",
				"value": "slowness"
				},
				{
				"test": "has_mob_effect",
				"subject": "self",
				"operator": "!=",
				"value": "weakness"
				}
			  ]
			},
			"event": "pvz:freeze"
			},
			{
			"filters": {
			  "all_of": [
				{
				"test": "has_mob_effect",
				"subject": "self",
				"operator": "!=",
				"value": "slowness"
				},
				{
				"test": "has_mob_effect",
				"subject": "self",
				"operator": "!=",
				"value": "weakness"
				}
			  ]
			},
			"event": "pvz:normal"
			}
		  ]
		},
		"minecraft:type_family": {
		  "family": [ "husk", "zombie", "undead", "monster", "mob" ]
		},
		"minecraft:health": {
          "value": 100,
          "max": 100
		},
		"minecraft:damage_sensor": {
		"triggers": [
		{
		"on_damage": {
		  "filters": {
			"with_damage_fatal": true
			},
			  "event": "pvz:imp_attack"
			},
			"deals_damage": false
			}
		  ]
		}
      },

      "minecraft:zombie_husk_jockey": {
        "minecraft:behavior.find_mount": {
          "priority": 1,
          "within_radius": 16
        }
      }
    },

    "components": {
	  "minecraft:experience_reward": {
		"on_death": "query.last_hit_by_player ? 5 + (query.equipment_count * Math.Random(1,3)) : 0"
	  },
	  "minecraft:scale": {
		"value": 1.5
      },
      "minecraft:breathable": {
        "total_supply": 15,
        "suffocate_time": 0,
        "breathes_water": true
      },
      "minecraft:equip_item": {
      },
      "minecraft:collision_box": {
        "width": 0.6,
        "height": 1.9
      },
      "minecraft:nameable": {
      },

      // Zombie_husk Components
      "minecraft:loot": {
        "table": "loot_tables/entities/zombie.json"
      },
      "minecraft:equipment": {
        "table": "loot_tables/pvz/zombie.json"
      },
      "minecraft:knockback_resistance": {
        "value": 2.5
      },
      "minecraft:hurt_on_condition": {
        "damage_conditions": [
          {
            "filters": { "test": "in_lava", "subject": "self", "operator": "==", "value": true },
            "cause": "lava",
            "damage_per_tick": 4
          }
        ]
      },
      "minecraft:attack": {
        "damage": 0,
        "effect_name": "hunger",
        "effect_duration": 1
      },
      "minecraft:navigation.walk": {
        "is_amphibious": true,
        "can_pass_doors": true,
        "can_break_doors": true,
        "avoid_portals": false
      },
      "minecraft:annotation.break_door": {
      },
      "minecraft:movement.basic": {
      },
      "minecraft:jump.static": {
      },
      "minecraft:can_climb": {
      },
      "minecraft:shareables": {
        "items": [
          {
            "item": "minecraft:netherite_sword",
            "want_amount": 1,
            "surplus_amount": 1,
            "priority": 0
          },
          {
            "item": "minecraft:diamond_sword",
            "want_amount": 1,
            "surplus_amount": 1,
            "priority": 1
          },
          {
            "item": "minecraft:iron_sword",
            "want_amount": 1,
            "surplus_amount": 1,
            "priority": 2
          },
          {
            "item": "minecraft:golden_sword",
            "want_amount": 1,
            "surplus_amount": 1,
            "priority": 3
          },
          {
            "item": "minecraft:stone_sword",
            "want_amount": 1,
            "surplus_amount": 1,
            "priority": 4
          },
          {
            "item": "minecraft:wooden_sword",
            "want_amount": 1,
            "surplus_amount": 1,
            "priority": 5
          },
          {
            "item": "minecraft:netherite_helmet",
            "want_amount": 1,
            "surplus_amount": 1,
            "priority": 0
          },
          {
            "item": "minecraft:diamond_helmet",
            "want_amount": 1,
            "surplus_amount": 1,
            "priority": 1
          },
          {
            "item": "minecraft:chainmail_helmet",
            "want_amount": 1,
            "surplus_amount": 1,
            "priority": 2
          },
          {
            "item": "minecraft:iron_helmet",
            "want_amount": 1,
            "surplus_amount": 1,
            "priority": 3
          },
          {
            "item": "minecraft:golden_helmet",
            "want_amount": 1,
            "surplus_amount": 1,
            "priority": 4
          },
          {
            "item": "minecraft:leather_helmet",
            "want_amount": 1,
            "surplus_amount": 1,
            "priority": 5
          },
          {
            "item": "minecraft:turtle_helmet",
            "want_amount": 1,
            "surplus_amount": 1,
            "priority": 6
          },
          {
            "item": "minecraft:skull:0",
            "want_amount": 1,
            "surplus_amount": 1,
            "priority": 7
          },
          {
            "item": "minecraft:skull:1",
            "want_amount": 1,
            "surplus_amount": 1,
            "priority": 7
          },
          {
            "item": "minecraft:carved_pumpkin",
            "want_amount": 1,
            "surplus_amount": 1,
            "priority": 7
          },
          {
            "item": "minecraft:netherite_chestplate",
            "want_amount": 1,
            "surplus_amount": 1,
            "priority": 0
          },
          {
            "item": "minecraft:diamond_chestplate",
            "want_amount": 1,
            "surplus_amount": 1,
            "priority": 1
          },
          {
            "item": "minecraft:chainmail_chestplate",
            "want_amount": 1,
            "surplus_amount": 1,
            "priority": 2
          },
          {
            "item": "minecraft:iron_chestplate",
            "want_amount": 1,
            "surplus_amount": 1,
            "priority": 3
          },
          {
            "item": "minecraft:golden_chestplate",
            "want_amount": 1,
            "surplus_amount": 1,
            "priority": 4
          },
          {
            "item": "minecraft:leather_chestplate",
            "want_amount": 1,
            "surplus_amount": 1,
            "priority": 5
          },
          {
            "item": "minecraft:netherite_leggings",
            "want_amount": 1,
            "surplus_amount": 1,
            "priority": 0
          },
          {
            "item": "minecraft:diamond_leggings",
            "want_amount": 1,
            "surplus_amount": 1,
            "priority": 1
          },
          {
            "item": "minecraft:chainmail_leggings",
            "want_amount": 1,
            "surplus_amount": 1,
            "priority": 2
          },
          {
            "item": "minecraft:iron_leggings",
            "want_amount": 1,
            "surplus_amount": 1,
            "priority": 3
          },
          {
            "item": "minecraft:golden_leggings",
            "want_amount": 1,
            "surplus_amount": 1,
            "priority": 4
          },
          {
            "item": "minecraft:leather_leggings",
            "want_amount": 1,
            "surplus_amount": 1,
            "priority": 5
          },
          {
            "item": "minecraft:netherite_boots",
            "want_amount": 1,
            "surplus_amount": 1,
            "priority": 0
          },
          {
            "item": "minecraft:diamond_boots",
            "want_amount": 1,
            "surplus_amount": 1,
            "priority": 1
          },
          {
            "item": "minecraft:chainmail_boots",
            "want_amount": 1,
            "surplus_amount": 1,
            "priority": 2
          },
          {
            "item": "minecraft:iron_boots",
            "want_amount": 1,
            "surplus_amount": 1,
            "priority": 3
          },
          {
            "item": "minecraft:golden_boots",
            "want_amount": 1,
            "surplus_amount": 1,
            "priority": 4
          },
          {
            "item": "minecraft:leather_boots",
            "want_amount": 1,
            "surplus_amount": 1,
            "priority": 5
          }
        ]
      },
      "minecraft:despawn": {
        "despawn_from_distance": {}
      },
      // Zombie_husk Behaviors
      "minecraft:behavior.equip_item": {
        "priority": 2
      },
      "minecraft:behavior.melee_attack": {
		"cooldown_time": 2.5,
        "priority": 3,
		"on_attack": {
		  "event": "pvz:attack",
		  "target": "self"
		}
      },
      "minecraft:behavior.stomp_turtle_egg": {
        "priority": 4,
        "speed_multiplier": 1,
        "search_range": 10,
        "search_height": 2,
        "goal_radius": 1.14,
        "interval": 20
      },
      "minecraft:behavior.move_towards_restriction": {
        "priority": 5,
        "speed_multiplier": 1
      },
      "minecraft:behavior.pickup_items": {
        "priority": 6,
        "max_dist": 3,
        "goal_radius": 2,
        "speed_multiplier": 1.0,
        "pickup_based_on_chance": true,
        "can_pickup_any_item": true
      },
      "minecraft:behavior.random_stroll": {
        "priority": 7,
        "speed_multiplier": 1
      },
      "minecraft:behavior.look_at_player": {
        "priority": 8,
        "look_distance": 6,
        "probability": 0.02
      },
      "minecraft:behavior.random_look_around": {
        "priority": 9
      },
      "minecraft:behavior.nearest_attackable_target": {
        "priority": 2,
        "must_see": true,
        "reselect_targets": true,
        "within_radius": 25.0,
        "entity_types": [
          {
            "filters": {
              "any_of": [
                { "test": "is_family", "subject": "other", "value": "player" },
                { "test": "is_family", "subject": "other", "value": "snowgolem" },
                { "test": "is_family", "subject": "other", "value": "irongolem" }
              ]
            },
            "max_dist": 35
          },
          {
            "filters": {
              "any_of": [
                { "test": "is_family", "subject": "other", "value": "villager" },
                { "test": "is_family", "subject": "other", "value": "wandering_trader" }
              ]
            },
            "max_dist": 35,
            "must_see": false
          },
          {
            "filters": {
              "all_of": [
                { "test": "is_family", "subject": "other", "value": "squid" },
                { "test": "in_water", "subject": "other", "operator": "!=", "value": true }
              ]
            },
            "max_dist": 35
          }
        ]
      },
      "minecraft:physics": {
      },
      "minecraft:pushable": {
        "is_pushable": true,
        "is_pushable_by_piston": true
      }
    },

    "events": {
      "minecraft:entity_spawned": {
       "add": {
         "component_groups": [
           "minecraft:zombie_husk_adult",
		   "minecraft:move",
		   "minecraft:normal_texture"
          ]
        }
	  },
      "pvz:normal": {
		"run_command": {
		  "command": [
		  "tag @s remove ice"
		  ]
		},
        "add": {
          "component_groups": [
            "minecraft:normal_texture"
          ]
        },
       "remove": {
         "component_groups": [
           "minecraft:freeze_texture",
           "minecraft:ice_texture"
            ]
         }
      },
      "pvz:freeze": {
		"run_command": {
		  "command": [
		  "tag @s remove ice"
		  ]
		},
        "add": {
          "component_groups": [ 
            "minecraft:freeze_texture"
          ]
       },
       "remove": {
         "component_groups": [
           "minecraft:normal_texture",
           "minecraft:ice_texture"
            ]
         }
      },
      "pvz:ice": {
		"run_command": {
		  "command": [
		  "tag @s add ice"
		  ]
		},
        "add": {
          "component_groups": [ 
            "minecraft:ice_texture"
          ]
       },
       "remove": {
         "component_groups": [
           "minecraft:freeze_texture",
           "minecraft:normal_texture"
  		  ]
		}
	  },
	  "pvz:normal_solo": {
		"run_command": {
		  "command": [
		  "tag @s remove ice"
		  ]
		},
        "add": {
          "component_groups": [
            "minecraft:solo_texture"
          ]
        },
       "remove": {
         "component_groups": [
           "minecraft:freeze_solo",
           "minecraft:ice_solo"
            ]
         }
      },
      "pvz:freeze_solo": {
		"run_command": {
		  "command": [
		  "tag @s remove ice"
		  ]
		},
        "add": {
          "component_groups": [ 
            "minecraft:freeze_solo"
          ]
       },
       "remove": {
         "component_groups": [
           "minecraft:solo_texture",
           "minecraft:ice_solo"
            ]
         }
      },
      "pvz:ice_solo": {
		"run_command": {
		  "command": [
		  "tag @s add ice"
		  ]
		},
        "add": {
          "component_groups": [ 
            "minecraft:ice_solo"
          ]
       },
       "remove": {
         "component_groups": [
           "minecraft:freeze_solo",
           "minecraft:solo_texture"
  		  ]
		}
	  },
	  "pvz:attack": {
		"add": {
          "component_groups": [ 
            "minecraft:attack"
          ]
		},
		"run_command": {
		"command": [ 
		  "playanimation @s[tag=!ice] animation.gargantuar.smash",
		  "tag @s add smash"
		  ]
		}
	  },
	  "pvz:cooldown": {
		"run_command": {
		"command": [ 
		  "damage @e[c=3, rm=0, r=2.25, tag=!smash, family=!undead] 80 entity_attack entity @s[tag=!ice]",
		  "tag @s remove smash"
		  ]
		},
        "add": {
          "component_groups": [ 
            "minecraft:cooldown"
          ]
       },
       "remove": {
         "component_groups": [
           "minecraft:attack"
  		  ]
		}
	  },
	  "pvz:moving": {
        "add": {
          "component_groups": [ 
            "minecraft:move"
          ]
       },
       "remove": {
         "component_groups": [
           "minecraft:cooldown"
  		  ]
		}
	  },
	  "pvz:imp_attack": {
		"sequence": [
		  {
		  "filters": { "test": "has_tag", "subject": "self", "operator": "!=", "value": "ice" },
			"run_command": {
			  "command": [
				"playanimation @s animation.gargantuar_egypt.thrown",
				"effect @s instant_health 1 255 true"
			  ]
			},
			"remove": {
			  "component_groups": [
				"minecraft:zombie_husk_adult"
			  ]
			},
			"add": {
			  "component_groups": [
				"minecraft:imp_load"
			  ]
			}
		  },
		  {
		  "filters": { "test": "has_tag", "subject": "self", "operator": "==", "value": "ice" },
			"run_command": {
			  "command": [
				"effect @s instant_health 1 255 true"
			  ]
			},
			"remove": {
			  "component_groups": [
				"minecraft:zombie_husk_adult"
			  ]
			},
			"add": {
			  "component_groups": [
				"minecraft:waiting"
			  ]
			}
		  }
		]
	  },
	  "pvz:imp_waited": {
		"sequence": [
		  {
			"filters": { "test": "has_tag", "subject": "self", "operator": "!=", "value": "ice" },
			  "run_command": {
			  "command": [
				"playanimation @s animation.gargantuar_egypt.thrown"
			  ]
			},
			"remove": {
			  "component_groups": [
				"minecraft:waiting"
			  ]
			},
			"add": {
			  "component_groups": [
				"minecraft:imp_load"
			  ]
			}
		  }
		]
	  },
	  "pvz:secondary_fight": {
	  "remove": {
		"component_groups": [
		  "minecraft:imp_load"
		]
	  },
	  "add": {
		"component_groups": [
		  "minecraft:act_two",
		  "minecraft:solo_texture"
		  ]
		}
	  }
    }
  }
}