{
  "format_version": "1.8.0",
  "minecraft:entity": {
    "description": {
      "identifier": "spawn:sandstorm",
      "is_spawnable": false,
      "is_summonable": true,
      "is_experimental": false,
	    "scripts": {
	      "animate": [ 
          "husk",
          "mummy",
          "cone",
          "bucket",
          "pyramid"
         ]
	    },
	    "animations": {
	      "husk": "controller.animation.sandstorm_husk",
	      "mummy": "controller.animation.sandstorm_mummy",
	      "cone": "controller.animation.sandstorm_cone",
	      "bucket": "controller.animation.sandstorm_bucket",
	      "pyramid": "controller.animation.sandstorm_pyramid"
      }
    },
    "component_groups": {
      "minecraft:zombie_husk": {
        "minecraft:variant": {
          "value": 0
        }
      },
      "minecraft:zombie_mummy": {
        "minecraft:variant": {
          "value": 1
        }
      },
      "minecraft:cone_mummy": {
        "minecraft:variant": {
          "value": 2
        }
      },
      "minecraft:bucket_mummy": {
        "minecraft:variant": {
          "value": 3
        }
      },
      "minecraft:pyramid_mummy": {
        "minecraft:variant": {
          "value": 4
        }
      }
    },

	"components": {
	  "minecraft:type_family": {
	    "family": [ "despawn" ]
	  },
	  "minecraft:knockback_resistance": {
		  "value": 70
 	  },
	  "minecraft:despawn": {
	    "filters": {
		  "all_of": [
		    { "test": "is_family", "subject": "self", "value": "despawn" }
		  ]
		 }
	  },
	  "minecraft:health": {
	    "value": 1
	  },
	  "minecraft:physics": {
     }
 	 },

    "events": {
      "minecraft:entity_spawned": {
        "randomize": [
          {
            "weight": 550,
            "remove": {
            },
            "add": {
              "component_groups": [
                "minecraft:zombie_husk"
              ]
            }
          },
          {
            "weight": 475,
            "remove": {
            },
            "add": {
              "component_groups": [
                "minecraft:zombie_mummy"
              ]
            }
          },
          {
            "weight": 350,
            "remove": {
            },
            "add": {
              "component_groups": [
                "minecraft:cone_mummy"
              ]
            }
          },
          {
            "weight": 150,
            "remove": {
            },
            "add": {
              "component_groups": [
                "minecraft:bucket_mummy"
              ]
            }
          },
          {
            "weight": 75,
            "remove": {
            },
            "add": {
              "component_groups": [
                "minecraft:pyramid_mummy"
                ]
              }
            }
          ]
        }
      }
    }
  }
}