{
  "pools": [
    {
      "rolls": 1,
      "entries": [
        {
          "type": "item",
          "name": "minecraft:map",
          "functions": [
            {
              "function": "exploration_map",
              "destination": "buriedtreasure"
            }
          ]
        }
      ]
    },
    {
      "rolls": 3,
      "entries": [
        {
          "type": "item",
          "name": "minecraft:compass",
          "weight": 1
        },
        {
          "type": "item",
          "name": "minecraft:map",
          "weight": 1
        },
        {
          "type": "item",
          "name": "minecraft:clock",
          "weight": 1
        },
        {
          "type": "item",
          "name": "legacy:iron_hawkbrand",
          "weight": 1
        },
        {
          "type": "item",
          "name": "minecraft:golden_hawkbrand",
          "weight": 1
        },
        {
          "type": "item",
          "name": "minecraft:paper",
          "weight": 20,
          "functions": [
            {
              "function": "set_count",
              "count": {
                "min": 1,
                "max": 10
              }
            }
          ]
        },
        {
          "type": "item",
          "name": "minecraft:feather",
          "weight": 10,
          "functions": [
            {
              "function": "set_count",
              "count": {
                "min": 1,
                "max": 5
              }
            }
          ]
        },
        {
          "type": "item",
          "name": "minecraft:book",
          "weight": 5,
          "functions": [
            {
              "function": "set_count",
              "count": {
                "min": 1,
                "max": 5
              }
            }
          ]
        }
      ]
    }
  ]
}