{
	"format_version": "1.8.0",
	"minecraft:spawn_rules": {
		"description": {
			"identifier": "va:pillager_v2",
			"population_control": "monster"
		},
		"conditions": [
			{
				"minecraft:spawns_on_surface": {},
				"minecraft:player_in_village_filter": {
					"distance": 55,
					"village_border_tolerance": 35
				},
				"minecraft:brightness_filter": {
					"min": 0,
					"max": 10,
					"adjust_for_weather": true
				},
				"minecraft:density_limit": {
					"surface": 15
				},
				"minecraft:difficulty_filter": {
					"min": "easy",
					"max": "hard"
				},
				"minecraft:weight": {
					"default": 90
				},
				"minecraft:herd": {
					"min_size": 2,
					"max_size": 4
				},
				"minecraft:biome_filter": {
					"all_of": [
						{
							"test": "has_biome_tag",
							"operator": "==",
							"value": "monster"
						}
					]
				}
			}
		]
	}
}