{
	"format_version": "1.10.0",
	"minecraft:client_entity": {
		"description": {
			"identifier": "fv:evoker_taiga",
			"materials": {
				"default": "evoker"
			},
			"textures": {
				"default": "textures/entity/evoker/evoker_taiga",
				"cape": "textures/entity/vindicator/taiga_cape",
				"armor": "textures/entity/vindicator/wolf_armor",
				"banner": "textures/entity/captain_banner/Illager"
			},
			"geometry": {
				"default": "geometry.evoker_hat",
				"cape": "geometry.cape_illager",
				"armor": "geometry.vindicator_fox_armor",
				"banner": "geometry.captain_banner"
			},
			"scripts": {
				"scale": "0.9375",
				"animate": [
					"controller_general",
					"controller_move",
					"cape",
					"banner"
				]
			},
			"animations": {
				"general": "animation.evoker.general",
				"casting": "animation.evoker.casting",
				"look_at_target": "animation.common.look_at_target",
				"move": "animation.evoker.move",
				"riding.legs": "animation.humanoid.riding.legs",
				"celebrating": "animation.humanoid.celebrating",
				"controller_general": "controller.animation.evoker.general",
				"controller_move": "controller.animation.villager.move",
				"controller_riding": "controller.animation.humanoid.riding_legs_only",
				"cape": "animation.cape_illager.moving",
				"banner": "animation.captain_banner.default"
			},
			"particle_effects": {
				"spell": "minecraft:evoker_spell"
			},
			"render_controllers": [
				"controller.render.evoker",
				"controller.render.cape.illager",
				"controller.render.evoker.armor",
				"controller.render.banner.illager"
			],
			"spawn_egg": {
				"texture": "spawn_egg",
				"texture_index": 40
			}
		}
	}
}