{
	"format_version": "1.10.0",
	"minecraft:client_entity": {
		"description": {
			"identifier": "fv:vindicator_desert_captain",
			"materials": {
				"default": "vindicator"
			},
			"textures": {
				"default": "textures/entity/vindicator/vindicator_desert",
				"camel": "textures/entity/camel/camel",
				"banner": "textures/entity/captain_banner/Illager"
			},
			"geometry": {
				"default": "geometry.repillager",
				"camel": "geometry.camel_riding",
				"banner": "geometry.captain_banner"
			},
			"spawn_egg": {
				"texture": "spawn_egg",
				"texture_index": 39
			},
			"scripts": {
				"scale": "0.9375",
				"pre_animation": [
					"variable.tcos0 = (Math.cos(query.modified_distance_moved * 38.17) * query.modified_move_speed / variable.gliding_speed_value) * 57.3;",
					"variable.attack = Math.sin((1.0 - (1.0 - variable.attack_time) * (1.0 - variable.attack_time)) * 180.0) * 57.3;",
					"variable.attack2 = Math.sin(variable.attack_time * 180.0) * 57.3;",
					"variable.z_bob = Math.cos(query.life_time * 103.13244) * 2.865 + 2.865;",
					"variable.x_bob = Math.sin(query.life_time * 76.776372) * 2.865;",
					"variable.moving = query.modified_move_speed > 0.05 || query.vertical_speed > 0.05;"
				],
				"animate": [
					"pillager_root_controller",
					"banner",
					"riding"
				]
			},
			"animations": {
				"humanoid_base_pose": "animation.humanoid.base_pose",
				"look_at_target_default": "animation.humanoid.look_at_target.default",
				"look_at_target_gliding": "animation.humanoid.look_at_target.gliding",
				"look_at_target_swimming": "animation.humanoid.look_at_target.swimming",
				"move": "animation.camel_riding.walking",
				"holding": "animation.humanoid.holding",
				"attack.rotations": "animation.humanoid.attack.rotations",
				"bob": "animation.humanoid.bob",
				"controller_humanoid_base_pose": "controller.animation.humanoid.base_pose",
				"controller_look_at_target": "controller.animation.humanoid.look_at_target",
				"controller_move": "controller.animation.camel.illager.move",
				"controller_attack": "controller.animation.humanoid.attack",
				"controller_bob": "controller.animation.humanoid.bob",
				"controller_pillager_attack": "controller.animation.illager.delay.attack",
				"pillager_root_controller": "controller.animation.pillager.root",
				"melee_attack": "animation.soldier_horse.attack_normal",
				"idle": "animation.camel_riding.idle",
				"banner": "animation.captain_banner.default",
				"riding": "animation.camel_riding.riding"
			},
			"render_controllers": [
				"controller.render.pillager",
				"controller.render.camel.illager",
				"controller.render.banner.illager"
			],
			"enable_attachables": true,
			"hide_armor": true
		}
	}
}