{
  "format_version": "1.16.100",
  "minecraft:item": {
    "description": {
      "identifier": "serp:zombie_buckethead",
      "category": "Nature"
    },
    "components": {
      "minecraft:display_name":{"value":"entity.zombie:zombie_buckethead.name"},
	  "minecraft:creative_category":{"parent":"itemGroup.name.spawn_eggs"},
    "minecraft:render_offsets": {
        "main_hand": {
"first_person":{"scale":[0.002,0.002,0.002]},
"third_person":{"scale":[0.005,0.005,0.005]}}},
      "minecraft:max_stack_size": 1,
      "minecraft:entity_placer":{
    "entity" : "zombie:zombie_basic<serp:bucket>"
      },
	"minecraft:icon":{"texture": "zombie_buckethead"}
    }
  }
}