{
  "format_version": "1.10.0",
  "minecraft:client_entity": {
    "description": {
      "identifier": "plant:cherry_bomb",
      "materials": { "default": "entity_emissive_alpha" },
      "textures": {
    "default1": "textures/entity/plants/cherry_bomb",
    "default2": "textures/entity/plants/cherry_bomb",
    "powered": "textures/entity/plants/cherry_bomb_powered"
      },
      "geometry": {
    "default": "geometry.serpcherrybomb"
      },
      "animations": {
    "using": "animation.cherrybomb.exploding"
      },
      "scripts": {
        "scale": "1",
        "animate": [
        "using"
        ]
      },
      "render_controllers": [ {"controller.render.pvzplants":"query.is_on_screen"} ]
    }
  }
}