{
  "format_version": "1.10.0",
  "minecraft:client_entity": {
    "description": {
      "identifier": "plant:chomper",
      "materials": { "default": "entity_emissive_alpha", "aura": "charged_creeper" },
      "textures": {
    "default1": "textures/entity/plants/chomper",
    "default2": "textures/entity/plants/chomper",
    "powered": "textures/entity/plants/chomper_powered"
      },
      "geometry": {
    "default": "geometry.serpchomper"
      },
      "animations": {
    "idle": "animation.chomper.quiet",
    "punch": "animation.empty",
    "jump": "animation.empty",
    "shoot": "animation.empty",
    "hide": "animation.empty",
    "using": "animation.chomper.using",
    "main_controller": "controller.animation.plants_day",
    "look_at_target": "animation.common.look_at_target"
      },
      "sound_effects": {
        "chomp": "mob.chomper.chomp",
        "munch": "mob.chomper.munch"
      },
      "scripts": {
        "scale": "1.2",
        "animate": [
        "look_at_target",
        "main_controller"
        ]
      },
      "render_controllers": [ {"controller.render.pvzplants":"query.is_on_screen"} ]
    }
  }
}