{
  "format_version": "1.10.0",
  "minecraft:client_entity": {
    "description": {
      "identifier": "plant:potatomine",
      "materials": { "default": "entity_emissive_alpha", "aura": "charged_creeper" },
      "textures": {
    "default1": "textures/entity/plants/potatomine",
    "default2": "textures/entity/plants/potatomine",
    "powered": "textures/entity/plants/potatomine_powered"
      },
      "geometry": {
    "default": "geometry.serppotatomine"
      },
      "animations": {
    "open": "animation.serpmob.open",
    "close": "animation.serpmob.close",
    "angry": "animation.serpmob.angry",
    "hidden": "animation.potatomine.hidden",
    "idle": "animation.potatomine.quiet",
    "punch": "animation.empty",
    "jump": "animation.empty",
    "shoot": "animation.empty",
    "hide": "animation.empty",
    "using": "animation.potatomine.using",
    "eyes_controller": "controller.animation.plants_eyes",
    "main_controller": "controller.animation.plants_day"
      },
      "scripts": {
        "scale": "1",
        "animate": [
        "idle",
        "eyes_controller",
        {"hidden":"query.variant == 0"},
        {"using":"query.variant == 1"}
        ]
      },
      "render_controllers": [ {"controller.render.pvzplants":"query.is_on_screen"} ]
    }
  }
}