{
  "format_version": "1.10.0",
  "minecraft:client_entity": {
    "description": {
      "identifier": "plant:sun_shroom",
      "materials": { "default": "entity_emissive_alpha", "aura": "charged_creeper" },
      "textures": {
    "default1": "textures/entity/plants/sun_shroom",
    "default2": "textures/entity/plants/sun_shroom_sun",
    "powered": "textures/entity/plants/sun_shroom_powered"
      },
      "geometry": {
    "default": "geometry.serpsun_shroom"
      },
      "animations": {
    "open": "animation.serpmob.open",
    "close": "animation.serpmob.close",
    "angry": "animation.serpmob.angry",
    "idle": "animation.sun_shroom.quiet",
    "punch": "animation.empty",
    "jump": "animation.empty",
    "shoot": "animation.empty",
    "hide": "animation.empty",
    "using": "animation.sun_shroom.using",
    "sleeping": "animation.sun_shroom.sleeping",
    "eyes_controller": "controller.animation.plants_eyes",
    "main_controller": "controller.animation.plants_night"
      },
      "sound_effects": {
        "shoot": "mob.sun_shroom.shoot"
      },
      "particle_effects": {
        "zzz": "serp:zzz"
      },
      "scripts": {
        "scale": "1",
        "animate": [
        "main_controller",
        "eyes_controller"
        ]
      },
      "render_controllers": [ {"controller.render.pvzplants":"query.is_on_screen"} ]
    }
  }
}