{
  "format_version": "1.10.0",
  "minecraft:client_entity": {
    "description": {
      "identifier": "plant:wallnut",
      "materials": { "default": "entity_emissive_alpha" },
      "textures": {
    "default1": "textures/entity/plants/wallnut",
    "default2": "textures/entity/plants/wallnut",
    "powered": "textures/entity/plants/wallnut_powered"
      },
      "geometry": {
    "default": "geometry.serpwallnut"
      },
      "animations": {
    "open": "animation.serpmob.open",
    "close": "animation.serpmob.close",
    "angry": "animation.serpmob.angry",
    "idle": "animation.wallnut.quiet",
    "punch": "animation.empty",
    "jump": "animation.empty",
    "hide": "animation.empty",
    "using": "animation.empty",
    "shoot": "animation.wallnut.using",
    "eyes_controller": "controller.animation.plants_eyes",
    "main_controller": "controller.animation.plants_day"
      },
      "scripts": {
        "scale": "1.4",
        "animate": [
        "main_controller",
        "eyes_controller",
        {"angry":"query.hurt_time > 0.0"}
        ]
      },
      "render_controllers": [ {"controller.render.pvzplants":"query.is_on_screen"} ]
    }
  }
}