{
  "format_version": "1.8.0",
  "minecraft:entity": {
    "description": {
      "identifier": "potato:texplosion",
      "is_spawnable": false,
      "is_summonable": true,
      "is_experimental": false
    },
		"component_groups": {
		 "minecraft:timing": {
	     "minecraft:type_family": {
	       "family": [ "clock" ]
	     },
			 "minecraft:timer": {
				"looping": false,
				"time": 0.5,
				"time_down_event": {
					"event": "minecraft:death_event",
					"target": "self"
				}
			}
		},
		"minecraft:despawn": {
	     "minecraft:type_family": {
	       "family": [ "despawn" ]
	     }
		}
	},
	"components": {
    "minecraft:area_attack" : {
     "damage_range": 5,
     "damage_per_tick": 100,
     "cause": "contact",
     "entity_filter": {
       "any_of": [
          { "test": "is_family", "subject": "other", "value": "undead" },
          { "test": "is_family", "subject": "other", "value": "husk" },
          { "test": "is_family", "subject": "other", "value": "monster" }
          ]
        }
      },
        "minecraft:collision_box": {
          "width": 0.1,
          "height": 0.1
        },
	  "minecraft:knockback_resistance": {
		  "value": 70
 	  },
	  "minecraft:despawn": {
	    "filters": {
		  "all_of": [
		    { "test": "is_family", "subject": "self", "value": "despawn" }
		  ]
		 }
	  },
	  "minecraft:health": {
	    "value": 1
	  },
	  "minecraft:physics": {
		}
	},
	"events": {
	 "minecraft:death_event": {
			"add": {
				"component_groups": [
					"minecraft:despawn"
				]
			}
		},
		"minecraft:entity_spawned": {
			"add": {
				"component_groups": [
					"minecraft:timing"
		     ]
		   }
      }
    }
  }
}