{
  "format_version": "1.16.0",
  "minecraft:entity": {
    "description": {
      "identifier": "taco:potatomine",
      "runtime_identifier": "minecraft:creeper",
      "is_spawnable": false,
      "is_summonable": true,
      "is_experimental": false,
      "scripts": {
        "animate": [
          "explode"
        ]
      },
      "animations":{
        "explode":"controller.animation.texplode"
      }
    },
    "component_groups": {
      "minecraft:snowman_sheared": {
			"minecraft:transformation": {
				"into": "anim:no",
				"delay": 0
		   }
      },
        "minecraft:exploding": {
          "minecraft:explode": {
            "fuseLength": 0.5,
            "fuseLit": true,
            "power": 0,
            "causesFire": false,
            "destroyAffectedByGriefing": true
          }
        },
        "minecraft:explode_event": {
          "minecraft:is_baby": {
          }
        }
      },

      "components": {
        "minecraft:type_family": {
          "family": [ "mob", "plant", "mine", "snowgolem" ]
        },
        "minecraft:breathable": {
          "totalSupply": 15,
          "suffocateTime": 0
        },
        "minecraft:nameable": {
        },
        "minecraft:behavior.find_mount": {
          "priority": 1,
          "within_radius": 2
        },
        "minecraft:collision_box": {
          "width": 0.2,
          "height": 0.3
        },
		   "minecraft:scale": {
			  "value": 1.15
		   },
        "minecraft:movement": {
          "value": 0
        },
      "minecraft:knockback_resistance": {
        "value": 100
      },
        "minecraft:navigation.walk": {
        "can_path_over_water": true
        },
        "minecraft:movement.basic": {

        },
        "minecraft:jump.static": {
        },
        "minecraft:can_climb": {
        },
        "minecraft:loot": {
          "table": "loot_tables/entities/empty.json"
        },

        "minecraft:health": {
          "value": 20,
          "max": 20
        },
        "minecraft:attack": {
          "damage": 0
        },

        "minecraft:target_nearby_sensor": {
          "inside_range": 0.5,
          "outside_range": 2.0,
          "on_inside_range": {
            "event": "minecraft:start_exploding",
            "target": "self"
          },
          "on_outside_range": {
            "event": "minecraft:stop_exploding",
            "target": "self"
          }
        },
        "minecraft:behavior.float": {
          "priority": 0
        },
        "minecraft:damage_sensor": [
          {
            "on_damage": {
              "filters": {
                "test": "is_family",
                "subject": "other",
                "value": "plant"
              }
            },
            "deals_damage": false
          }
        ],
        "minecraft:behavior.swell": {
          "start_distance": 2.5,
          "stop_distance": 6.0,
          "priority": 2
        },
        "minecraft:behavior.random_stroll": {
          "priority": 5,
          "speed_multiplier": 1
        },        "minecraft:behavior.nearest_attackable_target": {
          "priority": 1,
          "must_see": true,
          "reselect_targets": true,
          "entity_types": [
            {
              "filters": {
                "test": "is_family",
                "subject": "other",
                "value": "monster"
              },
              "max_dist": 16
            }
          ],
          "must_see": true,
          "must_see_forget_duration": 0.0
        },
      "minecraft:interact": {
        "interactions": [
          {
            "cooldown": 2.5,
            "use_item": false,
            "hurt_item": 1,
            "play_sounds": "shear",
            "interact_text": "action.interact.dig",
            "on_interact": {
              "filters": {
                "all_of": [
                  { "test": "has_equipment", "subject": "other", "domain": "hand", "value": "pvz:garden_shovel"},
                  { "test": "is_family", "subject": "other", "value": "player"},
                  { "test": "has_component", "operator": "!=", "value": "minecraft:is_sheared"}
                ]
              },
              "event": "minecraft:on_sheared",
              "target": "self"
            }
          }
        ]
      },
        "minecraft:behavior.hurt_by_target": {
          "priority": 2
        },
        "minecraft:physics": {
        },
        "minecraft:pushable": {
          "is_pushable": false,
          "is_pushable_by_piston": true
        },
        "minecraft:on_target_escape": {
          "event": "minecraft:stop_exploding",
          "target": "self"
        }
      },

      "events": {
      "minecraft:entity_spawned": {
        "add": {
          "component_groups": [
            "minecraft:readying"
          ]
        }
      },
       "minecraft:on_sheared": {
		 "run_command": {
		  "command": [
			"give @p pvz:potatomine_seed"
		  ]
		},
         "remove": {
         },
         "add": {
           "component_groups": [
             "minecraft:snowman_sheared"
           ]
         }
       },
        "minecraft:start_exploding": {
          "sequence": [
            {
              "filters": {
                "test": "has_component",
                "operator": "!=",
                "value": "minecraft:is_charged"
              },
              "add": {
                "component_groups": [
                  "minecraft:explode_event",
                  "minecraft:exploding"
                ]
              }
            },
            {
              "filters": {
                "test": "has_component",
                "value": "minecraft:is_charged"
              },
              "add": {
                "component_groups": [
                  "minecraft:explode_event",
                  "minecraft:charged_exploding"
                ]
              }
            }
          ]
        },
        "minecraft:stop_exploding": {
          "remove": {
            "component_groups": [
              "minecraft:exploding"
            ]
          }
        },
        "minecraft:become_charged": {
          "remove": {
            "component_groups": [
              "minecraft:exploding"
            ]
          },
          "add": {
            "component_groups": [
              "minecraft:charged_creeper"
            ]
          }
        }
      }
    }
  }
