{
	"format_version": "1.8.0",
	"minecraft:spawn_rules": {
		"description": {
			"identifier": "fv:pillager_savanna",
			"population_control": "monster"
		},
		"conditions": [
			{
				"minecraft:spawns_on_surface": {},
				"minecraft:brightness_filter": {
					"min": 0,
					"max": 15,
					"adjust_for_weather": false
				},
				"minecraft:weight": {
					"default": 20
				},
				"minecraft:herd": {
					"min_size": 1,
					"max_size": 2
				},
				"minecraft:biome_filter": {
					"test": "has_biome_tag",
					"operator": "==",
					"value": "savanna"
				},
				"minecraft:delay_filter": {
					"identifier": "fv:pillager_savanna",
					"min": 10,
					"max": 20,
					"spawn_chance": 20
				}
			}
		]
	}
}