{
  "format_version": "1.8.0",
  "minecraft:client_entity": {
    "description": {
      "identifier": "shoot:fire_orb",
      "materials": {
		"default": "spider",
        "invisible": "spider_invisible"
	  },
      "textures": {
		"default": "textures/entity/proyectiles/fire_orb"
      },
      "geometry": {
        "default": "geometry.pea"
      },
	  "animations": {
        "move": "animation.fire_orb.lifetime"
      },
      "animation_controllers": [
        { "move": "controller.animation.mover.move" }
      ],
      "render_controllers": [ "controller.render.spider" ]
    }
  }
}