{
  "format_version": "1.10.0",
  "minecraft:client_entity": {
    "description": {
      "identifier": "shoot:note_blue",
      "materials": {
        "default": "entity_emissive_alpha"
      },
      "textures": {
        "default": "textures/entity/projectiles/air"
      },
      "geometry": {
        "default": "geometry.fireball"
      },
      "animations": {
        "face_player": "animation.actor.billboard",
        "particle": "animation.note"
      },
      "particle_effects": {
        "note": "pvz:note_blue"
      },
      "scripts": {
        "scale": "0.5",
        "animate": [
          "face_player",
          "particle"
        ]
      },
      "render_controllers": [ "controller.render.fireball" ]
    }
  }
}
