{
  "format_version": "1.8.0",
  "minecraft:client_entity": {
    "description": {
      "identifier": "shoot:note",
      "materials": { 
		"default": "spider",
		"invisible": "spider_invisible"
	  },
      "textures": {
        "purple": "textures/entity/proyectiles/note_purple",
		"blue": "textures/entity/proyectiles/note_blue",
		"green": "textures/entity/proyectiles/note_green",
		"red": "textures/entity/proyectiles/note_red"
      },
      "geometry": {
        "default": "geometry.note"
      },
      

      
      "render_controllers": [ "controller.render.note" ]
    }
  }
}