{
  "format_version": "1.8.0",
  "minecraft:client_entity": {
    "description": {
      "identifier": "shoot:root",
      "materials": { "default": "iron_golem" },
      "textures": {
        "default": "textures/entity/blockbuster"
      },
      "geometry": {
        "default": "geometry.root"
      },
      "animations": {
        "move": "animation.root.move"
      },
      "animation_controllers": [
        { "particles": "controller.animation.mover.move" }
      ],
      "render_controllers": [ "controller.render.iron_golem" ]
    }
  }
}