{
  "format_version": "1.8.0",
  "minecraft:client_entity": {
    "description": {
      "identifier": "shoot:snowpea",
      "materials": { "default": "iron_golem" },
      "textures": {
        "default": "textures/entity/proyectiles/snowpea"
      },
      "geometry": {
        "default": "geometry.pea"
      },
      "animations": {
        "move": "animation.particle.move"
      },
      "particle_effects": {
        "particle": "pvz:snowflake"
      },
      "animation_controllers": [
        { "particles": "controller.animation.particle.move" }
      ],
      "render_controllers": [ "controller.render.iron_golem" ]
    }
  }
}