{
  "format_version": "1.8.0",
  "minecraft:client_entity": {
    "description": {
      "identifier": "shoot:gloom_spore",
      "materials": { "default": "slime_outer" },
      "textures": {
        "default": "textures/entity/proyectiles/spore"
      },
      "geometry": {
        "default": "geometry.gloomspore"
      },
	  "animations": {
        "move": "animation.gloomspore.lifetime"
      },
      "animation_controllers": [
        { "move": "controller.animation.mover.move" }
      ],
      "render_controllers": [ "controller.render.iron_golem" ]
    }
  }
}