{
	"format_version": "1.16.100",
	"minecraft:block": {
		"description": {
			"identifier": "stc:gloom"
		},
		"components": {
			"minecraft:geometry": "geometry.egypt_gravestone",
			"minecraft:material_instances": {
				"*": {
					"texture": "egypt_gravestone",
					"render_method": "alpha_test"
           }
        },
       "minecraft:random_ticking": {
           "on_tick": {
               "event": "block:detect",
               "target": "self"
              }
           }
        },
        "events": {
            "block:detect": {
				    "run_command": {
					    "command": [
							"setblock ~ ~ ~ air",
						    "structure load mystructure:shroom_rift ~-23 ~-1 ~-25"
					     ]
				   }
			  }
	    }
   }
}