{
	"format_version": "1.16.100",
	"minecraft:block": {
		"description": {
			"identifier": "music:ub_egypt"
		},
		"components": {
			"minecraft:geometry": "geometry.egypt_gravestone",
			"minecraft:material_instances": {
				"*": {
					"texture": "egypt_gravestone",
					"render_method": "alpha_test"
           }
        },
       "minecraft:ticking": {
           "looping": false,
           "range": [ 0, 0 ],
           "on_tick": {
               "event": "block:detect",
               "target": "self"
              }
           }
        },
        "events": {
            "block:detect": {
				    "run_command": {
					    "command": [
						    "playsound sound.ultimate_egypt @a[r=45] ~ ~ ~ 2500 1 2500",
						    "setblock ~ ~ ~ air"
					     ]
				   }
			  }
	    }
   }
}