{
  "dyloth:riswanda1": {
    "textures": "riswanda1",
    "sound": "normal"
  },
  "dyloth:riswanda2": {
    "textures": "riswanda2",
    "sound": "normal"
  },
  "dyloth:riswanda3": {
    "textures": "riswanda3",
    "sound": "normal"
  },
  "dyloth:riswanda4": {
    "textures": "riswanda4",
    "sound": "normal"
  },
  "dyloth:riswanda5": {
    "textures": "riswanda5",
    "sound": "normal"
  },
  "dyloth:riswanda6": {
    "textures": "riswanda6",
    "sound": "normal"
  },
  "dyloth:riswanda7": {
    "textures": "riswanda7",
    "sound": "normal"
  },
  "dyloth:riswanda8": {
    "textures": "riswanda8",
    "sound": "normal"
  },
  "dyloth:rantai": {
    "textures": "rantai",
    "sound": "normal"
  },
  "format_version": [
    1,
    1,
    0
  ]
}