{"format_version":"1.8.0","animations":{"animation.yg_abstracted.general":{"loop":true,"animation_length":2,"bones":{"Body":{"rotation":{"0.0":{"post":[0,0,0],"lerp_mode":"catmullrom"},"1.0":{"post":[-2.5,0,0],"lerp_mode":"catmullrom"},"1.5":{"post":[-2.5,0,0],"lerp_mode":"catmullrom"},"2.0":{"post":[0,0,0],"lerp_mode":"catmullrom"}}},"Body2":{"rotation":{"0.0":{"post":[0,0,0],"lerp_mode":"catmullrom"},"1.0":{"post":[7.5,0,0],"lerp_mode":"catmullrom"},"1.5":{"post":[2.5,0,0],"lerp_mode":"catmullrom"},"2.0":{"post":[0,0,0],"lerp_mode":"catmullrom"}}},"Head":{"rotation":{"0.0":{"post":[0,0,-5],"lerp_mode":"catmullrom"},"1.0":{"post":[9.96271,-0.86717,4.92442],"lerp_mode":"catmullrom"},"2.0":{"post":[0,0,-5],"lerp_mode":"catmullrom"}}},"bone":{"rotation":{"0.0":{"post":[0,0,0],"lerp_mode":"catmullrom"},"1.0":{"post":[-7.5,0,0],"lerp_mode":"catmullrom"},"2.0":{"post":[0,0,0],"lerp_mode":"catmullrom"}}},"bone2":{"rotation":{"0.0":{"post":[0,0,0],"lerp_mode":"catmullrom"},"1.0":{"post":[-17.5,0,0],"lerp_mode":"catmullrom"},"2.0":{"post":[0,0,0],"lerp_mode":"catmullrom"}}},"bone3":{"rotation":{"0.0":{"post":[0,0,0],"lerp_mode":"catmullrom"},"1.0":{"post":[-17.5,0,0],"lerp_mode":"catmullrom"},"2.0":{"post":[0,0,0],"lerp_mode":"catmullrom"}}},"Leg":{"rotation":{"0.0":{"post":[0,0,2.5],"lerp_mode":"catmullrom"},"1.0":{"post":[-4.99527,0.21782,4.9905],"lerp_mode":"catmullrom"},"1.5":{"post":[4.69016,0.12252,3.90091],"lerp_mode":"catmullrom"},"2.0":{"post":[0,0,2.5],"lerp_mode":"catmullrom"}}},"Leg2":{"rotation":{"0.0":{"post":[0,0,-2.5],"lerp_mode":"catmullrom"},"1.0":{"post":[-4.99527,-0.21782,-4.9905],"lerp_mode":"catmullrom"},"1.5":{"post":[5.00473,-0.21782,-4.9905],"lerp_mode":"catmullrom"},"2.0":{"post":[0,0,-2.5],"lerp_mode":"catmullrom"}}},"Leg3":{"rotation":{"0.0":{"post":[0,0,-2.5],"lerp_mode":"catmullrom"},"1.0":{"post":[0,0,-5],"lerp_mode":"catmullrom"},"2.0":{"post":[0,0,-2.5],"lerp_mode":"catmullrom"}}},"Leg4":{"rotation":{"0.0":{"post":[0,0,2.5],"lerp_mode":"catmullrom"},"1.0":{"post":[0,0,5],"lerp_mode":"catmullrom"},"2.0":{"post":[0,0,2.5],"lerp_mode":"catmullrom"}}}},"particle_effects":{"0.0":{"effect":"abstraction","locator":"abstraction"}}},"animation.yg_abstracted.looking":{"loop":true,"animation_length":0.5,"bones":{"Head":{"rotation":{"0.0":{"post":["query.target_x_rotation-this","query.target_y_rotation-this",0],"lerp_mode":"catmullrom"}}},"Ow":{"rotation":{"0.0":[0,0,-12.5],"0.125":{"pre":[0,0,-12.5],"post":[-10,0,-15]},"0.25":{"pre":[-10,0,-15],"post":[13.64973,-6.27967,9.24769]},"0.375":{"pre":[13.64973,-6.27967,9.24769],"post":[14.87739,-1.93597,-7.75279]},"0.5":{"pre":[14.87739,-1.93597,-7.75279],"post":[0,0,-12.5]}},"scale":{"0.0":[1,1,1],"0.125":{"pre":[1,1,1],"post":[1,1.7,1]},"0.25":{"pre":[1,1.7,1],"post":[1.5,1.7,1.6]},"0.375":{"pre":[1.5,1.7,1.6],"post":[1,2.1,1]},"0.5":{"pre":[1,2.1,1],"post":[1,1,1]}}},"Ow2":{"rotation":{"0.0":[0,0,-12.5],"0.125":{"pre":[0,0,-12.5],"post":[-10,0,-15]},"0.25":{"pre":[-10,0,-15],"post":[13.64973,-6.27967,9.24769]},"0.375":{"pre":[13.64973,-6.27967,9.24769],"post":[12.73415,-7.99365,16.60659]},"0.5":{"pre":[12.73415,-7.99365,16.60659],"post":[0,0,-12.5]}},"scale":{"0.0":[1,1,1],"0.125":{"pre":[1,1,1],"post":[1,1.7,1]},"0.25":{"pre":[1,1.7,1],"post":[1.5,1.7,1.6]},"0.375":{"pre":[1.5,1.7,1.6],"post":[1,2.1,1]},"0.5":{"pre":[1,2.1,1],"post":[1,1,1]}}},"Ow3":{"rotation":{"0.0":[0,0,-12.5],"0.125":{"pre":[0,0,-12.5],"post":[-10,0,-15]},"0.25":{"pre":[-10,0,-15],"post":[13.64973,-6.27967,9.24769]},"0.375":{"pre":[13.64973,-6.27967,9.24769],"post":[13.36965,-6.86379,11.69458]},"0.5":{"pre":[13.36965,-6.86379,11.69458],"post":[0,0,-12.5]}},"scale":{"0.0":[1,1,1],"0.125":{"pre":[1,1,1],"post":[1,1.7,1]},"0.25":{"pre":[1,1.7,1],"post":[1.5,1.7,1.6]},"0.375":{"pre":[1.5,1.7,1.6],"post":[1,2.1,1]},"0.5":{"pre":[1,2.1,1],"post":[1,1,1]}}},"Ow7":{"rotation":{"0.0":[0,0,-12.5],"0.125":{"pre":[0,0,-12.5],"post":[-10,0,-15]},"0.25":{"pre":[-10,0,-15],"post":[13.64973,-6.27967,9.24769]},"0.375":{"pre":[13.64973,-6.27967,9.24769],"post":[14.87739,-1.93597,-7.75279]},"0.5":{"pre":[14.87739,-1.93597,-7.75279],"post":[0,0,-12.5]}},"scale":{"0.0":[1,1,1],"0.125":{"pre":[1,1,1],"post":[1,1.7,1]},"0.25":{"pre":[1,1.7,1],"post":[1.5,1.7,1.6]},"0.375":{"pre":[1.5,1.7,1.6],"post":[1,2.1,1]},"0.5":{"pre":[1,2.1,1],"post":[1,1,1]}}},"Ow4":{"rotation":{"0.0":[0,0,-12.5],"0.125":{"pre":[0,0,-12.5],"post":[-10,0,-15]},"0.25":{"pre":[-10,0,-15],"post":[13.64973,-6.27967,9.24769]},"0.375":{"pre":[13.64973,-6.27967,9.24769],"post":[14.87739,-1.93597,-7.75279]},"0.5":{"pre":[14.87739,-1.93597,-7.75279],"post":[0,0,-12.5]}},"scale":{"0.0":[1,1,1],"0.125":{"pre":[1,1,1],"post":[1,1.7,1]},"0.25":{"pre":[1,1.7,1],"post":[1.5,1.7,1.6]},"0.375":{"pre":[1.5,1.7,1.6],"post":[1,2.1,1]},"0.5":{"pre":[1,2.1,1],"post":[1,1,1]}}},"Ow5":{"rotation":{"0.0":[0,0,-12.5],"0.125":{"pre":[0,0,-12.5],"post":[-10,0,-15]},"0.25":{"pre":[-10,0,-15],"post":[13.64973,-6.27967,9.24769]},"0.375":{"pre":[13.64973,-6.27967,9.24769],"post":[14.87739,-1.93597,-7.75279]},"0.5":{"pre":[14.87739,-1.93597,-7.75279],"post":[0,0,-12.5]}},"scale":{"0.0":[1,1,1],"0.125":{"pre":[1,1,1],"post":[1,1.7,1]},"0.25":{"pre":[1,1.7,1],"post":[1.5,1.7,1.6]},"0.375":{"pre":[1.5,1.7,1.6],"post":[1,2.1,1]},"0.5":{"pre":[1,2.1,1],"post":[1,1,1]}}},"Ow6":{"rotation":{"0.0":[0,0,-12.5],"0.125":{"pre":[0,0,-12.5],"post":[-10,0,-15]},"0.25":{"pre":[-10,0,-15],"post":[13.64973,-6.27967,9.24769]},"0.375":{"pre":[13.64973,-6.27967,9.24769],"post":[14.87739,-1.93597,-7.75279]},"0.5":{"pre":[14.87739,-1.93597,-7.75279],"post":[0,0,-12.5]}},"scale":{"0.0":[1,1,1],"0.125":{"pre":[1,1,1],"post":[1,1.7,1]},"0.25":{"pre":[1,1.7,1],"post":[1.5,1.7,1.6]},"0.375":{"pre":[1.5,1.7,1.6],"post":[1,2.1,1]},"0.5":{"pre":[1,2.1,1],"post":[1,1,1]}}},"Ow15":{"rotation":{"0.0":[0,0,-12.5],"0.125":{"pre":[0,0,-12.5],"post":[-10,0,-15]},"0.25":{"pre":[-10,0,-15],"post":[13.64973,-6.27967,9.24769]},"0.375":{"pre":[13.64973,-6.27967,9.24769],"post":[31.56721,21.45431,6.90811]},"0.5":{"pre":[31.56721,21.45431,6.90811],"post":[0,0,-12.5]}},"scale":{"0.0":[1,1,1],"0.125":{"pre":[1,1,1],"post":[1,1.7,1]},"0.25":{"pre":[1,1.7,1],"post":[1.5,1.7,1.6]},"0.375":{"pre":[1.5,1.7,1.6],"post":[1,2.1,1]},"0.5":{"pre":[1,2.1,1],"post":[1,1,1]}}},"Ow8":{"rotation":{"0.0":[0,0,-12.5],"0.125":{"pre":[0,0,-12.5],"post":[-10,0,-15]},"0.25":{"pre":[-10,0,-15],"post":[13.64973,-6.27967,9.24769]},"0.375":{"pre":[13.64973,-6.27967,9.24769],"post":[14.87739,-1.93597,-7.75279]},"0.5":{"pre":[14.87739,-1.93597,-7.75279],"post":[0,0,-12.5]}},"scale":{"0.0":[1,1,1],"0.125":{"pre":[1,1,1],"post":[1,1.7,1]},"0.25":{"pre":[1,1.7,1],"post":[1.5,1.7,1.6]},"0.375":{"pre":[1.5,1.7,1.6],"post":[1,2.1,1]},"0.5":{"pre":[1,2.1,1],"post":[1,1,1]}}},"Ow9":{"rotation":{"0.0":[0,0,-12.5],"0.125":{"pre":[0,0,-12.5],"post":[-10,0,-15]},"0.25":{"pre":[-10,0,-15],"post":[13.64973,-6.27967,9.24769]},"0.375":{"pre":[13.64973,-6.27967,9.24769],"post":[14.87739,-1.93597,-7.75279]},"0.5":{"pre":[14.87739,-1.93597,-7.75279],"post":[0,0,-12.5]}},"scale":{"0.0":[1,1,1],"0.125":{"pre":[1,1,1],"post":[1,1.7,1]},"0.25":{"pre":[1,1.7,1],"post":[1.5,1.7,1.6]},"0.375":{"pre":[1.5,1.7,1.6],"post":[1,2.1,1]},"0.5":{"pre":[1,2.1,1],"post":[1,1,1]}}},"Ow10":{"rotation":{"0.0":[0,0,-12.5],"0.125":{"pre":[0,0,-12.5],"post":[-10,0,-15]},"0.25":{"pre":[-10,0,-15],"post":[13.64973,-6.27967,9.24769]},"0.375":{"pre":[13.64973,-6.27967,9.24769],"post":[14.87739,-1.93597,-7.75279]},"0.5":{"pre":[14.87739,-1.93597,-7.75279],"post":[0,0,-12.5]}},"scale":{"0.0":[1,1,1],"0.125":{"pre":[1,1,1],"post":[1,1.7,1]},"0.25":{"pre":[1,1.7,1],"post":[1.5,1.7,1.6]},"0.375":{"pre":[1.5,1.7,1.6],"post":[1,2.1,1]},"0.5":{"pre":[1,2.1,1],"post":[1,1,1]}}},"Ow11":{"rotation":{"0.0":[0,0,-12.5],"0.125":{"pre":[0,0,-12.5],"post":[-10,0,-15]},"0.25":{"pre":[-10,0,-15],"post":[13.64973,-6.27967,9.24769]},"0.375":{"pre":[13.64973,-6.27967,9.24769],"post":[-17.62261,-1.93597,-7.75279]},"0.5":{"pre":[-17.62261,-1.93597,-7.75279],"post":[0,0,-12.5]}},"scale":{"0.0":[1,1,1],"0.125":{"pre":[1,1,1],"post":[1,1.7,1]},"0.25":{"pre":[1,1.7,1],"post":[1.5,1.7,1.6]},"0.375":{"pre":[1.5,1.7,1.6],"post":[1,2.1,1]},"0.5":{"pre":[1,2.1,1],"post":[1,1,1]}}},"Ow12":{"rotation":{"0.0":[0,0,-12.5],"0.125":{"pre":[0,0,-12.5],"post":[-10,0,-15]},"0.25":{"pre":[-10,0,-15],"post":[13.64973,-6.27967,9.24769]},"0.375":{"pre":[13.64973,-6.27967,9.24769],"post":[14.87739,-1.93597,-7.75279]},"0.5":{"pre":[14.87739,-1.93597,-7.75279],"post":[0,0,-12.5]}},"scale":{"0.0":[1,1,1],"0.125":{"pre":[1,1,1],"post":[1,1.7,1]},"0.25":{"pre":[1,1.7,1],"post":[1.5,1.7,1.6]},"0.375":{"pre":[1.5,1.7,1.6],"post":[1,2.1,1]},"0.5":{"pre":[1,2.1,1],"post":[1,1,1]}}},"Ow13":{"rotation":{"0.0":[0,0,-12.5],"0.125":{"pre":[0,0,-12.5],"post":[-10,0,-15]},"0.25":{"pre":[-10,0,-15],"post":[13.64973,-6.27967,9.24769]},"0.375":{"pre":[13.64973,-6.27967,9.24769],"post":[14.87739,-1.93597,-7.75279]},"0.5":{"pre":[14.87739,-1.93597,-7.75279],"post":[0,0,-12.5]}},"scale":{"0.0":[1,1,1],"0.125":{"pre":[1,1,1],"post":[1,1.7,1]},"0.25":{"pre":[1,1.7,1],"post":[1.5,1.7,1.6]},"0.375":{"pre":[1.5,1.7,1.6],"post":[1,2.1,1]},"0.5":{"pre":[1,2.1,1],"post":[1,1,1]}}},"Ow14":{"rotation":{"0.0":[0,0,-12.5],"0.125":{"pre":[0,0,-12.5],"post":[-10,0,-15]},"0.25":{"pre":[-10,0,-15],"post":[13.64973,-6.27967,9.24769]},"0.375":{"pre":[13.64973,-6.27967,9.24769],"post":[-20.12261,-1.93597,-7.75279]},"0.5":{"pre":[-20.12261,-1.93597,-7.75279],"post":[0,0,-12.5]}},"scale":{"0.0":[1,1,1],"0.125":{"pre":[1,1,1],"post":[1,1.7,1]},"0.25":{"pre":[1,1.7,1],"post":[1.5,1.7,1.6]},"0.375":{"pre":[1.5,1.7,1.6],"post":[1,2.1,1]},"0.5":{"pre":[1,2.1,1],"post":[1,1,1]}}},"Ow22":{"rotation":{"0.0":[0,0,-12.5],"0.125":{"pre":[0,0,-12.5],"post":[-10,0,-15]},"0.25":{"pre":[-10,0,-15],"post":[13.64973,-6.27967,9.24769]},"0.375":{"pre":[13.64973,-6.27967,9.24769],"post":[14.87739,-1.93597,-7.75279]},"0.5":{"pre":[14.87739,-1.93597,-7.75279],"post":[0,0,-12.5]}},"scale":{"0.0":[1,1,1],"0.125":{"pre":[1,1,1],"post":[1,1.7,1]},"0.25":{"pre":[1,1.7,1],"post":[1.5,1.7,1.6]},"0.375":{"pre":[1.5,1.7,1.6],"post":[1,2.1,1]},"0.5":{"pre":[1,2.1,1],"post":[1,1,1]}}},"Ow16":{"rotation":{"0.0":[37.61588,11.23138,-30.73003],"0.125":{"pre":[37.61588,11.23138,-30.73003],"post":[-10,0,-15]},"0.25":{"pre":[-10,0,-15],"post":[13.64973,-6.27967,9.24769]},"0.375":{"pre":[13.64973,-6.27967,9.24769],"post":[14.87739,-1.93597,-7.75279]},"0.5":{"pre":[14.87739,-1.93597,-7.75279],"post":[0,0,-12.5]}},"scale":{"0.0":[1,1,1],"0.125":{"pre":[1,1,1],"post":[1,1.7,1]},"0.25":{"pre":[1,1.7,1],"post":[1.5,1.7,1.6]},"0.375":{"pre":[1.5,1.7,1.6],"post":[1,2.1,1]},"0.5":{"pre":[1,2.1,1],"post":[1,1,1]}}},"Ow17":{"rotation":[-11.17023,1.97568,22.79588]},"Ow18":{"rotation":{"0.0":[-9.8491,1.51958,7.50533],"0.125":{"pre":[-9.8491,1.51958,7.50533],"post":[-10,0,-15]},"0.25":{"pre":[-10,0,-15],"post":[13.64973,-6.27967,9.24769]},"0.375":{"pre":[13.64973,-6.27967,9.24769],"post":[14.87739,-1.93597,-7.75279]},"0.5":{"pre":[14.87739,-1.93597,-7.75279],"post":[0,0,-12.5]}},"scale":{"0.0":[1,1,1],"0.125":{"pre":[1,1,1],"post":[1,1.7,1]},"0.25":{"pre":[1,1.7,1],"post":[1.5,1.7,1.6]},"0.375":{"pre":[1.5,1.7,1.6],"post":[1,2.1,1]},"0.5":{"pre":[1,2.1,1],"post":[1,1,1]}}},"Ow19":{"rotation":{"0.0":[0,0,-12.5],"0.125":{"pre":[0,0,-12.5],"post":[-10,0,-15]},"0.25":{"pre":[-10,0,-15],"post":[13.64973,-6.27967,9.24769]},"0.375":{"pre":[13.64973,-6.27967,9.24769],"post":[14.87739,-1.93597,-7.75279]},"0.5":{"pre":[14.87739,-1.93597,-7.75279],"post":[0,0,-12.5]}},"scale":{"0.0":[1,1,1],"0.125":{"pre":[1,1,1],"post":[1,1.7,1]},"0.25":{"pre":[1,1.7,1],"post":[1.5,1.7,1.6]},"0.375":{"pre":[1.5,1.7,1.6],"post":[1,2.1,1]},"0.5":{"pre":[1,2.1,1],"post":[1,1,1]}}},"Ow20":{"rotation":{"0.0":[0,0,-12.5],"0.125":{"pre":[0,0,-12.5],"post":[-10,0,-15]},"0.25":{"pre":[-10,0,-15],"post":[13.64973,-6.27967,9.24769]},"0.375":{"pre":[13.64973,-6.27967,9.24769],"post":[14.87739,-1.93597,-7.75279]},"0.5":{"pre":[14.87739,-1.93597,-7.75279],"post":[0,0,-12.5]}},"scale":{"0.0":[1,1,1],"0.125":{"pre":[1,1,1],"post":[1,1.7,1]},"0.25":{"pre":[1,1.7,1],"post":[1.5,1.7,1.6]},"0.375":{"pre":[1.5,1.7,1.6],"post":[1,2.1,1]},"0.5":{"pre":[1,2.1,1],"post":[1,1,1]}}},"Ow21":{"rotation":{"0.0":[0,0,-12.5],"0.125":{"pre":[0,0,-12.5],"post":[-10,0,-15]},"0.25":{"pre":[-10,0,-15],"post":[13.64973,-6.27967,9.24769]},"0.375":{"pre":[13.64973,-6.27967,9.24769],"post":[13.13637,-4.4824,4.60884]},"0.5":{"pre":[13.13637,-4.4824,4.60884],"post":[0,0,-12.5]}},"scale":{"0.0":[1,1,1],"0.125":{"pre":[1,1,1],"post":[1,1.7,1]},"0.25":{"pre":[1,1.7,1],"post":[1.5,1.7,1.6]},"0.375":{"pre":[1.5,1.7,1.6],"post":[1,2.1,1]},"0.5":{"pre":[1,2.1,1],"post":[1,1,1]}}},"Ow25":{"rotation":{"0.0":[0,0,-12.5],"0.125":{"pre":[0,0,-12.5],"post":[-10,0,-15]},"0.25":{"pre":[-10,0,-15],"post":[13.64973,-6.27967,9.24769]},"0.375":{"pre":[13.64973,-6.27967,9.24769],"post":[14.87739,-1.93597,-7.75279]},"0.5":{"pre":[14.87739,-1.93597,-7.75279],"post":[0,0,-12.5]}},"scale":{"0.0":[1,1,1],"0.125":{"pre":[1,1,1],"post":[1,1.7,1]},"0.25":{"pre":[1,1.7,1],"post":[1.5,1.7,1.6]},"0.375":{"pre":[1.5,1.7,1.6],"post":[1,2.1,1]},"0.5":{"pre":[1,2.1,1],"post":[1,1,1]}}},"Ow23":{"rotation":{"0.0":[0,0,-12.5],"0.125":{"pre":[0,0,-12.5],"post":[-10,0,-15]},"0.25":{"pre":[-10,0,-15],"post":[13.64973,-6.27967,9.24769]},"0.375":{"pre":[13.64973,-6.27967,9.24769],"post":[14.87739,-1.93597,-7.75279]},"0.5":{"pre":[14.87739,-1.93597,-7.75279],"post":[0,0,-12.5]}},"scale":{"0.0":[1,1,1],"0.125":{"pre":[1,1,1],"post":[1,1.7,1]},"0.25":{"pre":[1,1.7,1],"post":[1.5,1.7,1.6]},"0.375":{"pre":[1.5,1.7,1.6],"post":[1,2.1,1]},"0.5":{"pre":[1,2.1,1],"post":[1,1,1]}}},"Ow24":{"rotation":{"0.0":[0,0,-12.5],"0.125":{"pre":[0,0,-12.5],"post":[-10,0,-15]},"0.25":{"pre":[-10,0,-15],"post":[13.64973,-6.27967,9.24769]},"0.375":{"pre":[13.64973,-6.27967,9.24769],"post":[14.87739,-1.93597,-7.75279]},"0.5":{"pre":[14.87739,-1.93597,-7.75279],"post":[0,0,-12.5]}},"scale":{"0.0":[1,1,1],"0.125":{"pre":[1,1,1],"post":[1,1.7,1]},"0.25":{"pre":[1,1.7,1],"post":[1.5,1.7,1.6]},"0.375":{"pre":[1.5,1.7,1.6],"post":[1,2.1,1]},"0.5":{"pre":[1,2.1,1],"post":[1,1,1]}}},"Ow26":{"rotation":{"0.0":[0,0,-12.5],"0.125":{"pre":[0,0,-12.5],"post":[-10,0,-15]},"0.25":{"pre":[-10,0,-15],"post":[13.64973,-6.27967,9.24769]},"0.375":{"pre":[13.64973,-6.27967,9.24769],"post":[14.87739,-1.93597,-7.75279]},"0.5":{"pre":[14.87739,-1.93597,-7.75279],"post":[0,0,-12.5]}},"scale":{"0.0":[1,1,1],"0.125":{"pre":[1,1,1],"post":[1,1.7,1]},"0.25":{"pre":[1,1.7,1],"post":[1.5,1.7,1.6]},"0.375":{"pre":[1.5,1.7,1.6],"post":[1,2.1,1]},"0.5":{"pre":[1,2.1,1],"post":[1,1,1]}}},"Ow27":{"rotation":{"0.0":[0,0,-12.5],"0.125":{"pre":[0,0,-12.5],"post":[-10,0,-15]},"0.25":{"pre":[-10,0,-15],"post":[13.64973,-6.27967,9.24769]},"0.375":{"pre":[13.64973,-6.27967,9.24769],"post":[14.87739,-1.93597,-7.75279]},"0.5":{"pre":[14.87739,-1.93597,-7.75279],"post":[0,0,-12.5]}},"scale":{"0.0":[1,1,1],"0.125":{"pre":[1,1,1],"post":[1,1.7,1]},"0.25":{"pre":[1,1.7,1],"post":[1.5,1.7,1.6]},"0.375":{"pre":[1.5,1.7,1.6],"post":[1,2.1,1]},"0.5":{"pre":[1,2.1,1],"post":[1,1,1]}}},"Ow28":{"rotation":{"0.0":[0,0,-12.5],"0.125":{"pre":[0,0,-12.5],"post":[-10,0,-15]},"0.25":{"pre":[-10,0,-15],"post":[13.64973,-6.27967,9.24769]},"0.375":{"pre":[13.64973,-6.27967,9.24769],"post":[14.87739,-1.93597,-7.75279]},"0.5":{"pre":[14.87739,-1.93597,-7.75279],"post":[0,0,-12.5]}},"scale":{"0.0":[1,1,1],"0.125":{"pre":[1,1,1],"post":[1,1.7,1]},"0.25":{"pre":[1,1.7,1],"post":[1.5,1.7,1.6]},"0.375":{"pre":[1.5,1.7,1.6],"post":[1,2.1,1]},"0.5":{"pre":[1,2.1,1],"post":[1,1,1]}}},"Ow29":{"rotation":{"0.0":[0,0,-12.5],"0.125":{"pre":[0,0,-12.5],"post":[-10,0,-15]},"0.25":{"pre":[-10,0,-15],"post":[13.64973,-6.27967,9.24769]},"0.375":{"pre":[13.64973,-6.27967,9.24769],"post":[14.87739,-1.93597,-7.75279]},"0.5":{"pre":[14.87739,-1.93597,-7.75279],"post":[0,0,-12.5]}},"scale":{"0.0":[1,1,1],"0.125":{"pre":[1,1,1],"post":[1,1.7,1]},"0.25":{"pre":[1,1.7,1],"post":[1.5,1.7,1.6]},"0.375":{"pre":[1.5,1.7,1.6],"post":[1,2.1,1]},"0.5":{"pre":[1,2.1,1],"post":[1,1,1]}}},"Ow30":{"rotation":{"0.0":[0,0,-12.5],"0.125":{"pre":[0,0,-12.5],"post":[-10,0,-15]},"0.25":{"pre":[-10,0,-15],"post":[13.64973,-6.27967,9.24769]},"0.375":{"pre":[13.64973,-6.27967,9.24769],"post":[14.87739,-1.93597,-7.75279]},"0.5":{"pre":[14.87739,-1.93597,-7.75279],"post":[0,0,-12.5]}},"scale":{"0.0":[1,1,1],"0.125":{"pre":[1,1,1],"post":[1,1.7,1]},"0.25":{"pre":[1,1.7,1],"post":[1.5,1.7,1.6]},"0.375":{"pre":[1.5,1.7,1.6],"post":[1,2.1,1]},"0.5":{"pre":[1,2.1,1],"post":[1,1,1]}}},"Ow31":{"rotation":{"0.0":[0,0,-12.5],"0.125":{"pre":[0,0,-12.5],"post":[-10,0,-15]},"0.25":{"pre":[-10,0,-15],"post":[13.64973,-6.27967,9.24769]},"0.375":{"pre":[13.64973,-6.27967,9.24769],"post":[14.87739,-1.93597,-7.75279]},"0.5":{"pre":[14.87739,-1.93597,-7.75279],"post":[0,0,-12.5]}},"scale":{"0.0":[1,1,1],"0.125":{"pre":[1,1,1],"post":[1,1.7,1]},"0.25":{"pre":[1,1.7,1],"post":[1.5,1.7,1.6]},"0.375":{"pre":[1.5,1.7,1.6],"post":[1,2.1,1]},"0.5":{"pre":[1,2.1,1],"post":[1,1,1]}}},"Ow32":{"rotation":{"0.0":[0,0,-12.5],"0.125":{"pre":[0,0,-12.5],"post":[-10,0,-15]},"0.25":{"pre":[-10,0,-15],"post":[13.64973,-6.27967,9.24769]},"0.375":{"pre":[13.64973,-6.27967,9.24769],"post":[-27.62261,-1.93597,-7.75279]},"0.5":{"pre":[-27.62261,-1.93597,-7.75279],"post":[0,0,-12.5]}},"scale":{"0.0":[1,1,1],"0.125":{"pre":[1,1,1],"post":[1,1.7,1]},"0.25":{"pre":[1,1.7,1],"post":[1.5,1.7,1.6]},"0.375":{"pre":[1.5,1.7,1.6],"post":[1,2.1,1]},"0.5":{"pre":[1,2.1,1],"post":[1,1,1]}}},"Ow33":{"rotation":{"0.0":[0,0,-12.5],"0.125":{"pre":[0,0,-12.5],"post":[-10,0,-15]},"0.25":{"pre":[-10,0,-15],"post":[13.64973,-6.27967,9.24769]},"0.375":{"pre":[13.64973,-6.27967,9.24769],"post":[14.87739,-1.93597,-7.75279]},"0.5":{"pre":[14.87739,-1.93597,-7.75279],"post":[0,0,-12.5]}},"scale":{"0.0":[1,1,1],"0.125":{"pre":[1,1,1],"post":[1,1.7,1]},"0.25":{"pre":[1,1.7,1],"post":[1.5,1.7,1.6]},"0.375":{"pre":[1.5,1.7,1.6],"post":[1,2.1,1]},"0.5":{"pre":[1,2.1,1],"post":[1,1,1]}}},"Ow34":{"rotation":{"0.0":[0,0,-12.5],"0.125":{"pre":[0,0,-12.5],"post":[-10,0,-15]},"0.25":{"pre":[-10,0,-15],"post":[13.64973,-6.27967,9.24769]},"0.375":{"pre":[13.64973,-6.27967,9.24769],"post":[-25.12261,-1.93597,-7.75279]},"0.5":{"pre":[-25.12261,-1.93597,-7.75279],"post":[0,0,-12.5]}},"scale":{"0.0":[1,1,1],"0.125":{"pre":[1,1,1],"post":[1,1.7,1]},"0.25":{"pre":[1,1.7,1],"post":[1.5,1.7,1.6]},"0.375":{"pre":[1.5,1.7,1.6],"post":[1,2.1,1]},"0.5":{"pre":[1,2.1,1],"post":[1,1,1]}}},"Ow35":{"rotation":{"0.0":[0,0,-12.5],"0.125":{"pre":[0,0,-12.5],"post":[-10,0,-15]},"0.25":{"pre":[-10,0,-15],"post":[13.64973,-6.27967,9.24769]},"0.375":{"pre":[13.64973,-6.27967,9.24769],"post":[14.87739,-1.93597,-7.75279]},"0.5":{"pre":[14.87739,-1.93597,-7.75279],"post":[0,0,-12.5]}},"scale":{"0.0":[1,1,1],"0.125":{"pre":[1,1,1],"post":[1,1.7,1]},"0.25":{"pre":[1,1.7,1],"post":[1.5,1.7,1.6]},"0.375":{"pre":[1.5,1.7,1.6],"post":[1,2.1,1]},"0.5":{"pre":[1,2.1,1],"post":[1,1,1]}}},"Ow36":{"rotation":{"0.0":[0,0,-12.5],"0.125":{"pre":[0,0,-12.5],"post":[-10,0,-15]},"0.25":{"pre":[-10,0,-15],"post":[13.64973,-6.27967,9.24769]},"0.375":{"pre":[13.64973,-6.27967,9.24769],"post":[14.87739,-1.93597,-7.75279]},"0.5":{"pre":[14.87739,-1.93597,-7.75279],"post":[0,0,-12.5]}},"scale":{"0.0":[1,1,1],"0.125":{"pre":[1,1,1],"post":[1,1.7,1]},"0.25":{"pre":[1,1.7,1],"post":[1.5,1.7,1.6]},"0.375":{"pre":[1.5,1.7,1.6],"post":[1,2.1,1]},"0.5":{"pre":[1,2.1,1],"post":[1,1,1]}}},"Ow37":{"rotation":{"0.0":[0,0,-12.5],"0.125":{"pre":[0,0,-12.5],"post":[-10,0,-15]},"0.25":{"pre":[-10,0,-15],"post":[13.64973,-6.27967,9.24769]},"0.375":{"pre":[13.64973,-6.27967,9.24769],"post":[14.87739,-1.93597,-7.75279]},"0.5":{"pre":[14.87739,-1.93597,-7.75279],"post":[0,0,-12.5]}},"scale":{"0.0":[1,1,1],"0.125":{"pre":[1,1,1],"post":[1,1.7,1]},"0.25":{"pre":[1,1.7,1],"post":[1.5,1.7,1.6]},"0.375":{"pre":[1.5,1.7,1.6],"post":[1,2.1,1]},"0.5":{"pre":[1,2.1,1],"post":[1,1,1]}}},"Ow38":{"rotation":{"0.0":[0,0,-12.5],"0.125":{"pre":[0,0,-12.5],"post":[-10,0,-15]},"0.25":{"pre":[-10,0,-15],"post":[13.64973,-6.27967,9.24769]},"0.375":{"pre":[13.64973,-6.27967,9.24769],"post":[14.87739,-1.93597,-7.75279]},"0.5":{"pre":[14.87739,-1.93597,-7.75279],"post":[0,0,-12.5]}},"scale":{"0.0":[1,1,1],"0.125":{"pre":[1,1,1],"post":[1,1.7,1]},"0.25":{"pre":[1,1.7,1],"post":[1.5,1.7,1.6]},"0.375":{"pre":[1.5,1.7,1.6],"post":[1,2.1,1]},"0.5":{"pre":[1,2.1,1],"post":[1,1,1]}}},"Ow39":{"rotation":{"0.0":[0,0,-12.5],"0.125":{"pre":[0,0,-12.5],"post":[-10,0,-15]},"0.25":{"pre":[-10,0,-15],"post":[13.64973,-6.27967,9.24769]},"0.375":{"pre":[13.64973,-6.27967,9.24769],"post":[14.87739,-1.93597,-7.75279]},"0.5":{"pre":[14.87739,-1.93597,-7.75279],"post":[0,0,-12.5]}},"scale":{"0.0":[1,1,1],"0.125":{"pre":[1,1,1],"post":[1,1.7,1]},"0.25":{"pre":[1,1.7,1],"post":[1.5,1.7,1.6]},"0.375":{"pre":[1.5,1.7,1.6],"post":[1,2.1,1]},"0.5":{"pre":[1,2.1,1],"post":[1,1,1]}}},"Ow40":{"rotation":{"0.0":[0,0,-12.5],"0.125":{"pre":[0,0,-12.5],"post":[-10,0,-15]},"0.25":{"pre":[-10,0,-15],"post":[13.64973,-6.27967,9.24769]},"0.375":{"pre":[13.64973,-6.27967,9.24769],"post":[14.87739,-1.93597,-7.75279]},"0.5":{"pre":[14.87739,-1.93597,-7.75279],"post":[0,0,-12.5]}},"scale":{"0.0":[1,1,1],"0.125":{"pre":[1,1,1],"post":[1,1.7,1]},"0.25":{"pre":[1,1.7,1],"post":[1.5,1.7,1.6]},"0.375":{"pre":[1.5,1.7,1.6],"post":[1,2.1,1]},"0.5":{"pre":[1,2.1,1],"post":[1,1,1]}}},"Ow41":{"rotation":{"0.0":[0,0,-12.5],"0.125":{"pre":[0,0,-12.5],"post":[-10,0,-15]},"0.25":{"pre":[-10,0,-15],"post":[13.64973,-6.27967,9.24769]},"0.375":{"pre":[13.64973,-6.27967,9.24769],"post":[14.87739,-1.93597,-7.75279]},"0.5":{"pre":[14.87739,-1.93597,-7.75279],"post":[0,0,-12.5]}},"scale":{"0.0":[1,1,1],"0.125":{"pre":[1,1,1],"post":[1,1.7,1]},"0.25":{"pre":[1,1.7,1],"post":[1.5,1.7,1.6]},"0.375":{"pre":[1.5,1.7,1.6],"post":[1,2.1,1]},"0.5":{"pre":[1,2.1,1],"post":[1,1,1]}}},"Ow43":{"rotation":{"0.0":[0,0,-12.5],"0.125":{"pre":[0,0,-12.5],"post":[-10,0,-15]},"0.25":{"pre":[-10,0,-15],"post":[13.64973,-6.27967,9.24769]},"0.375":{"pre":[13.64973,-6.27967,9.24769],"post":[14.87739,-1.93597,-7.75279]},"0.5":{"pre":[14.87739,-1.93597,-7.75279],"post":[0,0,-12.5]}},"scale":{"0.0":[1,1,1],"0.125":{"pre":[1,1,1],"post":[1,1.7,1]},"0.25":{"pre":[1,1.7,1],"post":[1.5,1.7,1.6]},"0.375":{"pre":[1.5,1.7,1.6],"post":[1,2.1,1]},"0.5":{"pre":[1,2.1,1],"post":[1,1,1]}}},"Ow42":{"rotation":{"0.0":[-10.03062,-19.53211,2.54197],"0.125":{"pre":[-10.03062,-19.53211,2.54197],"post":[-10,0,-15]},"0.25":{"pre":[-10,0,-15],"post":[13.64973,-6.27967,9.24769]},"0.375":{"pre":[13.64973,-6.27967,9.24769],"post":[16.6039,32.59698,-13.79213]},"0.5":{"pre":[16.6039,32.59698,-13.79213],"post":[0,0,-12.5]}},"scale":{"0.0":[1,1,1],"0.125":{"pre":[1,1,1],"post":[1,1.7,1]},"0.25":{"pre":[1,1.7,1],"post":[1.5,1.7,1.6]},"0.375":{"pre":[1.5,1.7,1.6],"post":[1,2.1,1]},"0.5":{"pre":[1,2.1,1],"post":[1,1,1]}}}}},"animation.yg_abstracted.move":{"loop":true,"animation_length":1,"anim_time_update":"query.modified_distance_moved * 0.1","bones":{"Root":{"position":{"0.0":{"post":[0,-2,0],"lerp_mode":"catmullrom"},"0.25":{"post":[0,1,0],"lerp_mode":"catmullrom"},"0.5":{"post":[0,-2,0],"lerp_mode":"catmullrom"},"0.75":{"post":[0,1,0],"lerp_mode":"catmullrom"},"1.0":{"post":[0,-2,0],"lerp_mode":"catmullrom"}}},"Body2":{"rotation":{"0.0":{"post":[0,-7.5,0],"lerp_mode":"catmullrom"},"0.5":{"post":[0,7.5,0],"lerp_mode":"catmullrom"},"1.0":{"post":[0,-7.5,0],"lerp_mode":"catmullrom"}}},"Head":{"rotation":{"0.0":{"post":[0,0,5],"lerp_mode":"catmullrom"},"0.5":{"post":[0,0,-7.5],"lerp_mode":"catmullrom"},"1.0":{"post":[0,0,5],"lerp_mode":"catmullrom"}}},"bone":{"rotation":{"0.0":{"post":[0,0,-15],"lerp_mode":"catmullrom"},"0.5":{"post":[0,0,15],"lerp_mode":"catmullrom"},"1.0":{"post":[0,0,-15],"lerp_mode":"catmullrom"}}},"bone2":{"rotation":{"0.0":{"post":[0,0,17.5],"lerp_mode":"catmullrom"},"0.5":{"post":[0,0,-20],"lerp_mode":"catmullrom"},"1.0":{"post":[0,0,17.5],"lerp_mode":"catmullrom"}}},"bone3":{"rotation":{"0.0":{"post":[0,0,-20],"lerp_mode":"catmullrom"},"0.5":{"post":[0,0,17.5],"lerp_mode":"catmullrom"},"1.0":{"post":[0,0,-20],"lerp_mode":"catmullrom"}}},"Leg":{"rotation":{"0.0":{"post":[-17.5,0,0],"lerp_mode":"catmullrom"},"0.5":{"post":[27.5,0,0],"lerp_mode":"catmullrom"},"1.0":{"post":[-17.5,0,0],"lerp_mode":"catmullrom"}},"position":{"0.0":{"post":[0,0,-1],"lerp_mode":"catmullrom"},"0.25":{"post":[0,0,0],"lerp_mode":"catmullrom"},"0.5":{"post":[0,0,1],"lerp_mode":"catmullrom"},"0.75":{"post":[0,2,0],"lerp_mode":"catmullrom"},"1.0":{"post":[0,0,-1],"lerp_mode":"catmullrom"}}},"Leg2":{"rotation":{"0.0":{"post":[27.5,0,0],"lerp_mode":"catmullrom"},"0.5":{"post":[-17.5,0,0],"lerp_mode":"catmullrom"},"1.0":{"post":[27.5,0,0],"lerp_mode":"catmullrom"}},"position":{"0.0":{"post":[0,0,1],"lerp_mode":"catmullrom"},"0.25":{"post":[0,2,0],"lerp_mode":"catmullrom"},"0.5":{"post":[0,0,-1],"lerp_mode":"catmullrom"},"0.75":{"post":[0,0,0],"lerp_mode":"catmullrom"},"1.0":{"post":[0,0,1],"lerp_mode":"catmullrom"}}},"Leg3":{"rotation":{"0.0":{"post":[-17.5,0,0],"lerp_mode":"catmullrom"},"0.5":{"post":[27.5,0,0],"lerp_mode":"catmullrom"},"1.0":{"post":[-17.5,0,0],"lerp_mode":"catmullrom"}},"position":{"0.0":{"post":[0,0,-1],"lerp_mode":"catmullrom"},"0.25":{"post":[0,0,0],"lerp_mode":"catmullrom"},"0.5":{"post":[0,0,1],"lerp_mode":"catmullrom"},"0.75":{"post":[0,2,0],"lerp_mode":"catmullrom"},"1.0":{"post":[0,0,-1],"lerp_mode":"catmullrom"}}},"Leg4":{"rotation":{"0.0":{"post":[27.5,0,0],"lerp_mode":"catmullrom"},"0.5":{"post":[-17.5,0,0],"lerp_mode":"catmullrom"},"1.0":{"post":[27.5,0,0],"lerp_mode":"catmullrom"}},"position":{"0.0":{"post":[0,0,1],"lerp_mode":"catmullrom"},"0.25":{"post":[0,2,0],"lerp_mode":"catmullrom"},"0.5":{"post":[0,0,-1],"lerp_mode":"catmullrom"},"0.75":{"post":[0,0,0],"lerp_mode":"catmullrom"},"1.0":{"post":[0,0,1],"lerp_mode":"catmullrom"}}}}},"animation.yg_abstracted.attack":{"animation_length":1,"bones":{"Body":{"rotation":{"0.0":{"post":[0,0,0],"lerp_mode":"catmullrom"},"0.1667":{"post":[-32.5,0,0],"lerp_mode":"catmullrom"},"0.3333":{"post":[11.5,0,0],"lerp_mode":"catmullrom"},"0.6667":{"post":[16.5,0,0],"lerp_mode":"catmullrom"},"1.0":{"post":[0,0,0],"lerp_mode":"catmullrom"}}},"Body2":{"rotation":{"0.0":{"post":[0,0,0],"lerp_mode":"catmullrom"},"0.1667":{"post":[-32.5,0,0],"lerp_mode":"catmullrom"},"0.3333":{"post":[16.5,0,0],"lerp_mode":"catmullrom"},"0.6667":{"post":[6.5,0,0],"lerp_mode":"catmullrom"},"1.0":{"post":[0,0,0],"lerp_mode":"catmullrom"}}},"Head":{"rotation":{"0.0":{"post":[0,0,0],"lerp_mode":"catmullrom"},"0.1667":{"post":[-22.5,0,0],"lerp_mode":"catmullrom"},"0.3333":{"post":[57,0,0],"lerp_mode":"catmullrom"},"0.6667":{"post":[69.5,0,0],"lerp_mode":"catmullrom"},"1.0":{"post":[0,0,0],"lerp_mode":"catmullrom"}}},"bone":{"rotation":{"0.0":{"post":[0,0,0],"lerp_mode":"catmullrom"},"0.1667":{"post":[-25,0,0],"lerp_mode":"catmullrom"},"0.3333":{"post":[27.5,0,0],"lerp_mode":"catmullrom"},"0.6667":{"post":[12.5,0,0],"lerp_mode":"catmullrom"},"1.0":{"post":[0,0,0],"lerp_mode":"catmullrom"}}},"bone2":{"rotation":{"0.0":{"post":[0,0,0],"lerp_mode":"catmullrom"},"0.1667":{"post":[-25,0,0],"lerp_mode":"catmullrom"},"0.3333":{"post":[22.5,0,0],"lerp_mode":"catmullrom"},"0.6667":{"post":[7.5,0,0],"lerp_mode":"catmullrom"},"1.0":{"post":[0,0,0],"lerp_mode":"catmullrom"}}},"bone3":{"rotation":{"0.0":{"post":[0,0,0],"lerp_mode":"catmullrom"},"0.1667":{"post":[-32.5,0,0],"lerp_mode":"catmullrom"},"0.3333":{"post":[14,0,0],"lerp_mode":"catmullrom"},"0.6667":{"post":[4,0,0],"lerp_mode":"catmullrom"},"1.0":{"post":[0,0,0],"lerp_mode":"catmullrom"}}},"Leg":{"rotation":{"0.0":{"post":[0,0,0],"lerp_mode":"catmullrom"},"0.1667":{"post":[0,0,32.5],"lerp_mode":"catmullrom"},"0.3333":{"post":[-65.21493,12.31064,1.21493],"lerp_mode":"catmullrom"},"0.6667":{"post":[-65.21493,12.31064,1.21493],"lerp_mode":"catmullrom"},"1.0":{"post":[0,0,0],"lerp_mode":"catmullrom"}}},"Leg2":{"rotation":{"0.0":{"post":[0,0,0],"lerp_mode":"catmullrom"},"0.1667":{"post":[0,0,-30],"lerp_mode":"catmullrom"},"0.3333":{"post":[-70.74344,-11.86554,6.48005],"lerp_mode":"catmullrom"},"0.6667":{"post":[-70.74344,-11.86554,6.48005],"lerp_mode":"catmullrom"},"1.0":{"post":[0,0,0],"lerp_mode":"catmullrom"}}}}},"animation.yg_abstracted.abstraction":{"loop":true,"animation_length":1,"bones":{"Body":{"rotation":{"0.0":[0,0,0],"0.1667":{"pre":[0,0,0],"post":[12.5,0,0]},"0.375":{"pre":[12.5,0,0],"post":[-20,0,0]},"0.5":{"pre":[-20,0,0],"post":[-19.37006,5.07855,14.13272]},"0.6667":{"pre":[-19.37006,5.07855,14.13272],"post":[-3.12246,4.42144,-0.90491]},"0.8333":{"pre":[-3.12246,4.42144,-0.90491],"post":[11.87754,4.42144,-0.90491]},"1.0":{"pre":[11.87754,4.42144,-0.90491],"post":[0,0,0]}}},"Body2":{"rotation":{"0.0":{"post":[0,0,0],"lerp_mode":"catmullrom"},"0.25":[-32.5,0,0],"0.5":{"post":[25,0,0],"lerp_mode":"catmullrom"},"0.75":[21.46872,13.12479,-30.00135],"1.0":{"post":[0,0,0],"lerp_mode":"catmullrom"}}},"Head":{"rotation":{"0.0":[0,0,0],"0.125":{"pre":[0,0,0],"post":[0.34302,-1.91847,9.80298]},"0.3333":{"post":[1.12184,-1.59371,-15.20688],"lerp_mode":"catmullrom"},"0.5":[0.75025,-1.79873,-2.70305],"0.75":{"post":[0.75,-1.8,-2.7],"lerp_mode":"catmullrom"},"0.9167":[0.08892,-1.94792,17.31027],"1.0":{"pre":[0.08892,-1.94792,17.31027],"post":[0,0,0]}},"position":{"0.0":[0,0,0],"0.125":{"post":[0,4,0],"lerp_mode":"catmullrom"},"0.3333":[0,-5,0],"0.5":{"pre":[0,-5,0],"post":[0,0,0]},"0.75":{"pre":[0,0,0],"post":[-4,0,0]},"0.9167":{"post":[-4,0,0],"lerp_mode":"catmullrom"},"1.0":[0,0,0]},"scale":{"0.0":[1,1,1],"0.125":{"pre":[1,1,1],"post":[2,1,1]},"0.3333":{"pre":[2,1,1],"post":[0.9,0.8,1]},"0.5":{"pre":[0.9,0.8,1],"post":[2,1.5,1.3]},"0.75":{"pre":[2,1.5,1.3],"post":[1,1,1]},"1.0":{"pre":[1,1,1],"post":[1,1,1]}}},"Rightarm":{"rotation":{"0.0":[0,0,7.5],"0.25":{"pre":[0,0,7.5],"post":[22.5,0,7.5]},"0.5":{"pre":[22.5,0,7.5],"post":[0,0,17.5]},"0.75":{"pre":[0,0,17.5],"post":[-90,0,60]},"1.0":{"pre":[-90,0,60],"post":[0,0,35]}}},"bone":{"rotation":{"0.0":[-22.5,0,0],"1.0":{"pre":[-22.5,0,0],"post":[-72.5,0,0]}}},"Rightleg":{"rotation":{"0.0":[-30,0,0],"0.25":{"pre":[-30,0,0],"post":[-2.5,0,0]},"0.5":{"post":[-2.38443,-0.75155,-17.48436],"lerp_mode":"catmullrom"},"0.75":[-2.4905,0.21782,4.99527],"1.0":{"pre":[-2.4905,0.21782,4.99527],"post":[-30,0,0]}}},"bone2":{"rotation":{"0.0":[50,0,0],"0.25":{"pre":[50,0,0],"post":[20,0,0]},"0.5":{"pre":[20,0,0],"post":[2.5,0,0]},"1.0":{"pre":[2.5,0,0],"post":[50,0,0]}}},"Leftarm":{"rotation":{"0.0":[0,0,-20],"0.25":{"pre":[0,0,-20],"post":[20,0,-12.5]},"0.5":{"pre":[20,0,-12.5],"post":[-30.00135,13.12479,-28.53128]},"0.75":{"pre":[-30.00135,13.12479,-28.53128],"post":[-59.25045,22.32924,-9.856]},"1.0":{"pre":[-59.25045,22.32924,-9.856],"post":[75,0,-50]}}},"Leftleg":{"rotation":{"0.0":[0,0,-15],"0.25":{"pre":[0,0,-15],"post":[-27.50103,-22.54949,-9.93722]},"0.5":{"pre":[-27.50103,-22.54949,-9.93722],"post":[-44.29694,-26.51727,47.31854]},"0.75":{"post":[-16.66581,-48.04729,3.83205],"lerp_mode":"catmullrom"},"1.0":[0,0,-15]}},"bone4":{"rotation":{"0.0":[15,0,0],"0.25":{"post":[55,0,0],"lerp_mode":"catmullrom"},"0.5":[30,0,0],"1.0":{"pre":[30,0,0],"post":[15,0,0]}}}},"particle_effects":{"0.0":{"effect":"abstraction","locator":"abstraction"}}}}}