{
  "format_version": "1.8.0",
  "animations": {
    "animation.yg_bubble.general": {
      "loop": true,
      "animation_length": 2,
      "bones": {
        "Body": {
          "rotation": {
            "0.0": {
              "post": [
                4.99527,
                0.21782,
                5.0095
              ],
              "lerp_mode": "catmullrom"
            },
            "0.5": {
              "post": [
                7.77524,
                0.6524,
                0.49893
              ],
              "lerp_mode": "catmullrom"
            },
            "1.0": {
              "post": [
                2.28509,
                0.82043,
                -2.98353
              ],
              "lerp_mode": "catmullrom"
            },
            "1.5": {
              "post": [
                -0.04256,
                0.65182,
                0.02822
              ],
              "lerp_mode": "catmullrom"
            },
            "2.0": {
              "post": [
                4.99527,
                0.21782,
                5.0095
              ],
              "lerp_mode": "catmullrom"
            }
          },
          "position": {
            "0.0": {
              "post": [
                0,
                0,
                0
              ],
              "lerp_mode": "catmullrom"
            },
            "1.0": {
              "post": [
                0,
                2,
                0
              ],
              "lerp_mode": "catmullrom"
            },
            "1.5": {
              "post": [
                0,
                1,
                0
              ],
              "lerp_mode": "catmullrom"
            },
            "2.0": {
              "post": [
                0,
                0,
                0
              ],
              "lerp_mode": "catmullrom"
            }
          }
        }
      }
    }
  }
}