{"format_version":"1.8.0","animations":{"animation.yg_jax.general":{"loop":true,"animation_length":2,"bones":{"Head":{"rotation":{"0.0":{"post":[2.5,0,0],"lerp_mode":"catmullrom"},"1.0":{"post":[-2.5,0,0],"lerp_mode":"catmullrom"},"2.0":{"post":[2.5,0,0],"lerp_mode":"catmullrom"}}},"Body2":{"rotation":{"0.0":{"post":[0,0,0],"lerp_mode":"catmullrom"},"1.0":{"post":[2.5,0,0],"lerp_mode":"catmullrom"},"1.5":{"post":[2.5,0,0],"lerp_mode":"catmullrom"},"2.0":{"post":[0,0,0],"lerp_mode":"catmullrom"}},"position":{"0.0":{"post":[0,0,0],"lerp_mode":"catmullrom"},"1.0":{"post":[0,-1,0],"lerp_mode":"catmullrom"},"2.0":{"post":[0,0,0],"lerp_mode":"catmullrom"}}},"Rightarm":{"rotation":{"0.0":{"post":[5,0,2.5],"lerp_mode":"catmullrom"},"1.0":{"post":[-2.49762,0.10901,7.49762],"lerp_mode":"catmullrom"},"2.0":{"post":[5,0,2.5],"lerp_mode":"catmullrom"}}},"bone2":{"rotation":{"0.0":{"post":[-10,0,0],"lerp_mode":"catmullrom"},"1.0":{"post":[-22.5,0,0],"lerp_mode":"catmullrom"},"1.9583":{"post":[-10,0,0],"lerp_mode":"catmullrom"}}},"Leftarm":{"rotation":{"0.0":{"post":[5,0,-2.5],"lerp_mode":"catmullrom"},"1.0":{"post":[-2.41591,-0.9864,-10.056],"lerp_mode":"catmullrom"},"2.0":{"post":[5,0,-2.5],"lerp_mode":"catmullrom"}}},"bone3":{"rotation":{"0.0":{"post":[-10,0,0],"lerp_mode":"catmullrom"},"1.0":{"post":[-22.5,0,0],"lerp_mode":"catmullrom"},"1.9583":{"post":[-10,0,0],"lerp_mode":"catmullrom"}}}}},"animation.yg_jax.looking":{"loop":true,"bones":{"Head":{"rotation":{"0.0":{"post":["query.target_x_rotation-this","query.target_y_rotation-this",0],"lerp_mode":"catmullrom"}}}}},"animation.yg_jax.move":{"loop":true,"animation_length":1,"anim_time_update":"query.modified_distance_moved * 0.1","bones":{"Body":{"rotation":{"0.0":{"post":[0,2.5,0],"lerp_mode":"catmullrom"},"0.5":{"post":[0,-5,0],"lerp_mode":"catmullrom"},"1.0":{"post":[0,2.5,0],"lerp_mode":"catmullrom"}}},"Body2":{"rotation":{"0.0":{"post":[0,0,0],"lerp_mode":"catmullrom"},"0.5":{"post":[2.5,0,0],"lerp_mode":"catmullrom"},"1.0":{"post":[0,0,0],"lerp_mode":"catmullrom"}}},"Rightarm":{"rotation":{"0.0":{"post":[15.18306,-1.08514,7.41475],"lerp_mode":"catmullrom"},"0.5":{"post":[-12.39638,1.61888,7.32417],"lerp_mode":"catmullrom"},"1.0":{"post":[15.18306,-1.08514,7.41475],"lerp_mode":"catmullrom"}}},"Rightleg":{"rotation":{"0.0":{"post":[-27.5,0,0],"lerp_mode":"catmullrom"},"0.5":{"post":[15,0,0],"lerp_mode":"catmullrom"},"1.0":{"post":[-27.5,0,0],"lerp_mode":"catmullrom"}},"position":{"0.0":{"post":[0,0,-1],"lerp_mode":"catmullrom"},"0.25":{"post":[0,0,0],"lerp_mode":"catmullrom"},"0.5":{"post":[0,0,1],"lerp_mode":"catmullrom"},"0.75":{"post":[0,2,0],"lerp_mode":"catmullrom"},"1.0":{"post":[0,0,-1],"lerp_mode":"catmullrom"}}},"bone":{"rotation":{"0.0":{"post":[37.5,0,0],"lerp_mode":"catmullrom"},"0.5":{"post":[20,0,0],"lerp_mode":"catmullrom"},"0.75":{"post":[6.25,0,0],"lerp_mode":"catmullrom"},"1.0":{"post":[37.5,0,0],"lerp_mode":"catmullrom"}}},"Root":{"position":{"0.0":{"post":[0,-2,0],"lerp_mode":"catmullrom"},"0.25":{"post":[0,0,0],"lerp_mode":"catmullrom"},"0.5":{"post":[0,-2,0],"lerp_mode":"catmullrom"},"0.75":{"post":[0,0,0],"lerp_mode":"catmullrom"},"1.0":{"post":[0,-2,0],"lerp_mode":"catmullrom"}}},"bone2":{"rotation":{"0.0":{"post":[-10,0,0],"lerp_mode":"catmullrom"},"0.25":{"post":[-10,0,0],"lerp_mode":"catmullrom"},"0.5":{"post":[-17.5,0,0],"lerp_mode":"catmullrom"},"1.0":{"post":[-10,0,0],"lerp_mode":"catmullrom"}}},"Leftarm":{"rotation":{"0.0":{"post":[-12.39638,-1.61888,-7.32417],"lerp_mode":"catmullrom"},"0.5":{"post":[17.40328,1.82629,-7.24929],"lerp_mode":"catmullrom"},"1.0":{"post":[-12.39638,-1.61888,-7.32417],"lerp_mode":"catmullrom"}}},"bone3":{"rotation":{"0.0":{"post":[-17.5,0,0],"lerp_mode":"catmullrom"},"0.5":{"post":[-10,0,0],"lerp_mode":"catmullrom"},"0.75":{"post":[-17.5,0,0],"lerp_mode":"catmullrom"},"1.0":{"post":[-17.5,0,0],"lerp_mode":"catmullrom"}}},"Leftleg":{"rotation":{"0.0":{"post":[15,0,0],"lerp_mode":"catmullrom"},"0.5":{"post":[-27.5,0,0],"lerp_mode":"catmullrom"},"1.0":{"post":[15,0,0],"lerp_mode":"catmullrom"}},"position":{"0.0":{"post":[0,0,1],"lerp_mode":"catmullrom"},"0.25":{"post":[0,2,0],"lerp_mode":"catmullrom"},"0.5":{"post":[0,0,-1],"lerp_mode":"catmullrom"},"0.75":{"post":[0,0,0],"lerp_mode":"catmullrom"},"1.0":{"post":[0,0,1],"lerp_mode":"catmullrom"}}},"bone4":{"rotation":{"0.0":{"post":[20,0,0],"lerp_mode":"catmullrom"},"0.25":{"post":[6.25,0,0],"lerp_mode":"catmullrom"},"0.5":{"post":[37.5,0,0],"lerp_mode":"catmullrom"},"1.0":{"post":[20,0,0],"lerp_mode":"catmullrom"}}}}},"animation.yg_jax.attack":{"animation_length":1,"bones":{"Head":{"rotation":{"0.0":{"post":[0,0,0],"lerp_mode":"catmullrom"},"0.1667":{"post":[15.34721,-12.06754,-3.28396],"lerp_mode":"catmullrom"},"0.3333":{"post":[-9.65279,12.06754,3.28396],"lerp_mode":"catmullrom"},"0.6667":{"post":[-26.67887,17.99028,14.68652],"lerp_mode":"catmullrom"},"1.0":{"post":[0,0,0],"lerp_mode":"catmullrom"}}},"Body":{"rotation":{"0.0":{"post":[0,0,0],"lerp_mode":"catmullrom"},"0.1667":{"post":[-12.92638,14.63639,-3.31914],"lerp_mode":"catmullrom"},"0.3333":{"post":[22.07362,-14.63639,3.31914],"lerp_mode":"catmullrom"},"0.6667":{"post":[22.07,-14.64,3.32],"lerp_mode":"catmullrom"},"1.0":{"post":[0,0,0],"lerp_mode":"catmullrom"}}},"Body2":{"rotation":{"0.0":{"post":[0,0,0],"lerp_mode":"catmullrom"},"0.1667":{"post":[5,0,0],"lerp_mode":"catmullrom"},"0.3333":{"post":[25.53051,-11.31255,-5.35254],"lerp_mode":"catmullrom"},"0.6667":{"post":[27.50658,-16.90398,-16.85027],"lerp_mode":"catmullrom"},"1.0":{"post":[0,0,0],"lerp_mode":"catmullrom"}}},"Rightarm":{"rotation":{"0.0":{"post":[0,0,0],"lerp_mode":"catmullrom"},"0.1667":{"post":[-87.21385,46.57374,-3.00264],"lerp_mode":"catmullrom"},"0.3333":{"post":[-64.96851,-25.25199,-11.26653],"lerp_mode":"catmullrom"},"0.6667":{"post":[-84.97,-25.25,-11.27],"lerp_mode":"catmullrom"},"1.0":{"post":[0,0,0],"lerp_mode":"catmullrom"}}},"bone2":{"rotation":{"0.0":{"post":[0,0,0],"lerp_mode":"catmullrom"},"0.1667":{"post":[-67.5,0,0],"lerp_mode":"catmullrom"},"0.3333":{"post":[0,0,-60],"lerp_mode":"catmullrom"},"0.6667":{"post":[-22.5,0,-60],"lerp_mode":"catmullrom"},"1.0":{"post":[0,0,0],"lerp_mode":"catmullrom"}}},"Leftarm":{"rotation":{"0.0":{"post":[0,0,0],"lerp_mode":"catmullrom"},"0.1667":{"post":[0,0,-20],"lerp_mode":"catmullrom"},"0.3333":{"post":[22.48072,0.95645,-22.30991],"lerp_mode":"catmullrom"},"0.6667":{"post":[6.10735,3.43553,-8.22748],"lerp_mode":"catmullrom"},"1.0":{"post":[0,0,0],"lerp_mode":"catmullrom"}}},"bone3":{"rotation":{"0.0":{"post":[0,0,0],"lerp_mode":"catmullrom"},"0.1667":{"post":[-20,0,0],"lerp_mode":"catmullrom"},"0.3333":{"post":[-50,0,0],"lerp_mode":"catmullrom"},"0.6667":{"post":[-62.5,0,0],"lerp_mode":"catmullrom"},"1.0":{"post":[0,0,0],"lerp_mode":"catmullrom"}}}}},"animation.yg_jax.hurt":{"animation_length":0.5,"bones":{"Head":{"rotation":{"0.0":{"post":[0,0,0],"lerp_mode":"catmullrom"},"0.1667":{"post":[0,0,20],"lerp_mode":"catmullrom"},"0.3333":{"post":[0,0,-10],"lerp_mode":"catmullrom"},"0.5":{"post":[0,0,0],"lerp_mode":"catmullrom"}}},"Body":{"rotation":{"0.0":{"post":[0,0,0],"lerp_mode":"catmullrom"},"0.1667":{"post":[-22.5,0,15],"lerp_mode":"catmullrom"},"0.3333":{"post":[-10,0,5],"lerp_mode":"catmullrom"},"0.5":{"post":[0,0,0],"lerp_mode":"catmullrom"}}},"Body2":{"rotation":{"0.0":{"post":[0,0,0],"lerp_mode":"catmullrom"},"0.1667":{"post":[2.5,0,0],"lerp_mode":"catmullrom"},"0.3333":{"post":[-5,0,0],"lerp_mode":"catmullrom"},"0.5":{"post":[0,0,0],"lerp_mode":"catmullrom"}}},"Rightarm":{"rotation":{"0.0":{"post":[0,0,0],"lerp_mode":"catmullrom"},"0.1667":{"post":[0,0,40],"lerp_mode":"catmullrom"},"0.3333":{"post":[0,0,57.5],"lerp_mode":"catmullrom"},"0.5":{"post":[0,0,0],"lerp_mode":"catmullrom"}}},"Rightleg":{"rotation":{"0.0":{"post":[0,0,0],"lerp_mode":"catmullrom"},"0.1667":{"post":[-63.13645,5.5108,10.62829],"lerp_mode":"catmullrom"},"0.3333":{"post":[-33.13645,5.5108,10.62829],"lerp_mode":"catmullrom"},"0.5":{"post":[0,0,0],"lerp_mode":"catmullrom"}}},"bone":{"rotation":{"0.0":{"post":[0,0,0],"lerp_mode":"catmullrom"},"0.1667":{"post":[50,0,0],"lerp_mode":"catmullrom"},"0.3333":{"post":[27.5,0,0],"lerp_mode":"catmullrom"},"0.5":{"post":[0,0,0],"lerp_mode":"catmullrom"}}},"bone2":{"rotation":{"0.0":{"post":[0,0,0],"lerp_mode":"catmullrom"},"0.1667":{"post":[-60,0,0],"lerp_mode":"catmullrom"},"0.3333":{"post":[-42.5,0,0],"lerp_mode":"catmullrom"},"0.5":{"post":[0,0,0],"lerp_mode":"catmullrom"}}},"Leftarm":{"rotation":{"0.0":{"post":[0,0,0],"lerp_mode":"catmullrom"},"0.1667":{"post":[0,0,-57.5],"lerp_mode":"catmullrom"},"0.3333":{"post":[0,0,-65],"lerp_mode":"catmullrom"},"0.5":{"post":[0,0,0],"lerp_mode":"catmullrom"}}},"bone3":{"rotation":{"0.0":{"post":[0,0,0],"lerp_mode":"catmullrom"},"0.1667":{"post":[-52.5,0,0],"lerp_mode":"catmullrom"},"0.3333":{"post":[-35,0,0],"lerp_mode":"catmullrom"},"0.5":{"post":[0,0,0],"lerp_mode":"catmullrom"}}},"Leftleg":{"rotation":{"0.0":{"post":[0,0,0],"lerp_mode":"catmullrom"},"0.1667":{"post":[0,0,-5],"lerp_mode":"catmullrom"},"0.3333":{"post":[-7.20373,-1.59202,-2.68078],"lerp_mode":"catmullrom"},"0.5":{"post":[0,0,0],"lerp_mode":"catmullrom"}}},"bone4":{"rotation":{"0.0":{"post":[0,0,0],"lerp_mode":"catmullrom"},"0.1667":{"post":[7.18983,2.11685,-0.18164],"lerp_mode":"catmullrom"},"0.3333":{"post":[7.19,2.12,-0.18],"lerp_mode":"catmullrom"},"0.5":{"post":[0,0,0],"lerp_mode":"catmullrom"}}}}}}}