{"format_version":"1.8.0","animations":{"animation.yg_pomni.general":{"loop":true,"animation_length":2,"bones":{"Body2":{"rotation":{"0.0":{"post":[0,0,0],"lerp_mode":"catmullrom"},"1.0":{"post":[5,0,0],"lerp_mode":"catmullrom"},"1.5":{"post":[5,0,0],"lerp_mode":"catmullrom"},"2.0":{"post":[0,0,0],"lerp_mode":"catmullrom"}},"position":{"0.0":{"post":[0,0,0],"lerp_mode":"catmullrom"},"1.0":{"post":[0,-1,0],"lerp_mode":"catmullrom"},"2.0":{"post":[0,0,0],"lerp_mode":"catmullrom"}}},"Head":{"rotation":{"0.0":{"post":[5,0,0],"lerp_mode":"catmullrom"},"1.0":{"post":[-2.5,0,0],"lerp_mode":"catmullrom"},"2.0":{"post":[5,0,0],"lerp_mode":"catmullrom"}}},"Rightarm":{"rotation":{"0.0":{"post":[0,0,5],"lerp_mode":"catmullrom"},"1.0":{"post":[0,0,7.5],"lerp_mode":"catmullrom"},"1.5":{"post":[0,0,8.90625],"lerp_mode":"catmullrom"},"2.0":{"post":[0,0,5],"lerp_mode":"catmullrom"}},"position":{"0.0":{"post":[0,0,0],"lerp_mode":"catmullrom"},"1.0":{"post":[-0.5,0,0],"lerp_mode":"catmullrom"},"2.0":{"post":[0,0,0],"lerp_mode":"catmullrom"}}},"bone":{"rotation":{"0.0":{"post":[-12.5,0,0],"lerp_mode":"catmullrom"},"1.0":{"post":[-27.5,0,0],"lerp_mode":"catmullrom"},"1.5":{"post":[-27.5,0,0],"lerp_mode":"catmullrom"},"2.0":{"post":[-12.5,0,0],"lerp_mode":"catmullrom"}}},"Leftarm":{"rotation":{"0.0":{"post":[0,0,-5],"lerp_mode":"catmullrom"},"1.0":{"post":[0,0,-7.5],"lerp_mode":"catmullrom"},"1.5":{"post":[0,0,-8.90625],"lerp_mode":"catmullrom"},"2.0":{"post":[0,0,-5],"lerp_mode":"catmullrom"}},"position":{"0.0":{"post":[0,0,0],"lerp_mode":"catmullrom"},"1.0":{"post":[0.5,0,0],"lerp_mode":"catmullrom"},"2.0":{"post":[0,0,0],"lerp_mode":"catmullrom"}}},"bone3":{"rotation":{"0.0":{"post":[-12.5,0,0],"lerp_mode":"catmullrom"},"1.0":{"post":[-27.5,0,0],"lerp_mode":"catmullrom"},"1.5":{"post":[-27.5,0,0],"lerp_mode":"catmullrom"},"2.0":{"post":[-12.5,0,0],"lerp_mode":"catmullrom"}}}}},"animation.yg_pomni.looking":{"loop":true,"bones":{"Head":{"rotation":{"0.0":{"post":["query.target_x_rotation-this","query.target_y_rotation-this",0],"lerp_mode":"catmullrom"}}}}},"animation.yg_pomni.move":{"loop":true,"animation_length":1,"anim_time_update":"query.modified_distance_moved * 0.1","bones":{"Body":{"rotation":{"0.0":{"post":[0,12.5,0],"lerp_mode":"catmullrom"},"0.5":{"post":[0,-2.5,0],"lerp_mode":"catmullrom"},"1.0":{"post":[0,12.5,0],"lerp_mode":"catmullrom"}},"position":{"0.0":{"post":[0,0,0],"lerp_mode":"catmullrom"},"0.5":{"post":[0,1,0],"lerp_mode":"catmullrom"},"1.0":{"post":[0,0,0],"lerp_mode":"catmullrom"}}},"Body2":{"rotation":{"0.0":{"post":[2.5,0,0],"lerp_mode":"catmullrom"},"0.5":{"post":[7.5,0,0],"lerp_mode":"catmullrom"},"1.0":{"post":[2.5,0,0],"lerp_mode":"catmullrom"}},"position":{"0.0":{"post":[0,0,0],"lerp_mode":"catmullrom"},"0.5":{"post":[0,-0.5,0],"lerp_mode":"catmullrom"},"1.0":{"post":[0,0,0],"lerp_mode":"catmullrom"}}},"Head":{"rotation":{"0.0":{"post":[0,0,7.5],"lerp_mode":"catmullrom"},"0.5":{"post":[0,0,-7.5],"lerp_mode":"catmullrom"},"1.0":{"post":[0,0,7.5],"lerp_mode":"catmullrom"}}},"Rightarm":{"rotation":{"0.0":{"post":[44.31282,-8.80348,8.90928],"lerp_mode":"catmullrom"},"0.5":{"post":[-40.25057,14.98328,16.98216],"lerp_mode":"catmullrom"},"1.0":{"post":[44.31282,-8.80348,8.90928],"lerp_mode":"catmullrom"}}},"bone":{"rotation":{"0.0":{"post":[-17.5,0,0],"lerp_mode":"catmullrom"},"0.5":{"post":[-45,0,0],"lerp_mode":"catmullrom"},"0.75":{"post":[-45,0,0],"lerp_mode":"catmullrom"},"1.0":{"post":[-17.5,0,0],"lerp_mode":"catmullrom"}}},"Rightleg":{"rotation":{"0.0":{"post":[-32.5,0,0],"lerp_mode":"catmullrom"},"0.5":{"post":[22.5,0,0],"lerp_mode":"catmullrom"},"1.0":{"post":[-32.5,0,0],"lerp_mode":"catmullrom"}},"position":{"0.0":{"post":[0,0,-1],"lerp_mode":"catmullrom"},"0.25":{"post":[0,0,0],"lerp_mode":"catmullrom"},"0.5":{"post":[0,0,1],"lerp_mode":"catmullrom"},"0.75":{"post":[0,1,0],"lerp_mode":"catmullrom"},"1.0":{"post":[0,0,-1],"lerp_mode":"catmullrom"}}},"bone2":{"rotation":{"0.0":{"post":[37.5,0,0],"lerp_mode":"catmullrom"},"0.5":{"post":[40,0,0],"lerp_mode":"catmullrom"},"0.75":{"post":[6.25,0,0],"lerp_mode":"catmullrom"},"1.0":{"post":[37.5,0,0],"lerp_mode":"catmullrom"}}},"Leftarm":{"rotation":{"0.0":{"post":[-41.81615,-8.40819,-9.28293],"lerp_mode":"catmullrom"},"0.5":{"post":[42.73421,15.69986,-16.32495],"lerp_mode":"catmullrom"},"1.0":{"post":[-41.81615,-8.40819,-9.28293],"lerp_mode":"catmullrom"}}},"bone3":{"rotation":{"0.0":{"post":[-45,0,0],"lerp_mode":"catmullrom"},"0.25":{"post":[-17.5,0,0],"lerp_mode":"catmullrom"},"0.4583":{"post":[-17.5,0,0],"lerp_mode":"catmullrom"},"1.0":{"post":[-45,0,0],"lerp_mode":"catmullrom"}}},"Leftleg":{"rotation":{"0.0":{"post":[22.5,0,0],"lerp_mode":"catmullrom"},"0.5":{"post":[-32.5,0,0],"lerp_mode":"catmullrom"},"1.0":{"post":[22.5,0,0],"lerp_mode":"catmullrom"}},"position":{"0.0":{"post":[0,0,1],"lerp_mode":"catmullrom"},"0.25":{"post":[0,1,0],"lerp_mode":"catmullrom"},"0.5":{"post":[0,0,-1],"lerp_mode":"catmullrom"},"0.75":{"post":[0,0,0],"lerp_mode":"catmullrom"},"1.0":{"post":[0,0,1],"lerp_mode":"catmullrom"}}},"bone4":{"rotation":{"0.0":{"post":[40,0,0],"lerp_mode":"catmullrom"},"0.25":{"post":[6.25,0,0],"lerp_mode":"catmullrom"},"0.5":{"post":[37.5,0,0],"lerp_mode":"catmullrom"},"1.0":{"post":[40,0,0],"lerp_mode":"catmullrom"}}},"Root":{"position":{"0.0":{"post":[0,-1,0],"lerp_mode":"catmullrom"},"0.25":{"post":[0,0,0],"lerp_mode":"catmullrom"},"0.5":{"post":[0,-1,0],"lerp_mode":"catmullrom"},"0.75":{"post":[0,0,0],"lerp_mode":"catmullrom"},"1.0":{"post":[0,-1,0],"lerp_mode":"catmullrom"}}}}},"animation.yg_pomni.attack":{"animation_length":1,"bones":{"Body":{"rotation":{"0.0":{"post":[0,0,0],"lerp_mode":"catmullrom"},"0.1667":{"post":[-7.5,0,0],"lerp_mode":"catmullrom"},"0.3333":{"post":[5.40961,-22.40972,-2.06754],"lerp_mode":"catmullrom"},"0.6667":{"post":[5.41,-22.41,-2.07],"lerp_mode":"catmullrom"},"1.0":{"post":[0,0,0],"lerp_mode":"catmullrom"}}},"Body2":{"rotation":{"0.0":{"post":[0,0,0],"lerp_mode":"catmullrom"},"0.1667":{"post":[-13.4936,21.93857,-5.123],"lerp_mode":"catmullrom"},"0.3333":{"post":[10.03742,-4.92385,-0.87038],"lerp_mode":"catmullrom"},"0.6667":{"post":[10.47732,-17.22181,-3.13402],"lerp_mode":"catmullrom"},"1.0":{"post":[0,0,0],"lerp_mode":"catmullrom"}}},"Head":{"rotation":{"0.0":{"post":[0,0,0],"lerp_mode":"catmullrom"},"0.1667":{"post":[12.5,0,0],"lerp_mode":"catmullrom"},"0.3333":{"post":[-12.5,20,0],"lerp_mode":"catmullrom"},"0.6667":{"post":[0,0,0],"lerp_mode":"catmullrom"},"1.0":{"post":[0,0,0],"lerp_mode":"catmullrom"}}},"Rightarm":{"rotation":{"0.0":{"post":[0,0,0],"lerp_mode":"catmullrom"},"0.1667":{"post":[0,0,67.5],"lerp_mode":"catmullrom"},"0.3333":{"post":[-34.3569,-7.13136,-10.29284],"lerp_mode":"catmullrom"},"0.6667":{"post":[-34.54753,-1.26107,8.85072],"lerp_mode":"catmullrom"},"1.0":{"post":[0,0,0],"lerp_mode":"catmullrom"}}},"bone":{"rotation":{"0.0":{"post":[0,0,0],"lerp_mode":"catmullrom"},"0.1667":{"post":[-62.5,0,0],"lerp_mode":"catmullrom"},"0.3333":{"post":[-43.97491,-37.15276,-32.04446],"lerp_mode":"catmullrom"},"0.6667":{"post":[-73.97,-37.15,-32.04],"lerp_mode":"catmullrom"},"1.0":{"post":[0,0,0],"lerp_mode":"catmullrom"}}},"Leftarm":{"rotation":{"0.0":{"post":[0,0,0],"lerp_mode":"catmullrom"},"0.1667":{"post":[0,0,-35],"lerp_mode":"catmullrom"},"0.3333":{"post":[15,0,-35],"lerp_mode":"catmullrom"},"0.6667":{"post":[14.51082,-3.84097,-20.48918],"lerp_mode":"catmullrom"},"1.0":{"post":[0,0,0],"lerp_mode":"catmullrom"}}},"bone3":{"rotation":{"0.0":{"post":[0,0,0],"lerp_mode":"catmullrom"},"0.1667":{"post":[-32.5,0,0],"lerp_mode":"catmullrom"},"0.3333":{"post":[-40,0,0],"lerp_mode":"catmullrom"},"0.6667":{"post":[-57.22046,-0.9211,8.80814],"lerp_mode":"catmullrom"},"1.0":{"post":[0,0,0],"lerp_mode":"catmullrom"}}}}},"animation.yg_pomni.hurt":{"animation_length":0.5,"bones":{"Body":{"rotation":{"0.0":{"post":[0,0,0],"lerp_mode":"catmullrom"},"0.1667":{"post":[-17.5,0,0],"lerp_mode":"catmullrom"},"0.3333":{"post":[-32.5,0,0],"lerp_mode":"catmullrom"},"0.5":{"post":[0,0,0],"lerp_mode":"catmullrom"}}},"Body2":{"rotation":{"0.0":{"post":[0,0,0],"lerp_mode":"catmullrom"},"0.1667":{"post":[12.5,0,0],"lerp_mode":"catmullrom"},"0.3333":{"post":[7.5,0,0],"lerp_mode":"catmullrom"},"0.5":{"post":[0,0,0],"lerp_mode":"catmullrom"}}},"Head":{"rotation":{"0.0":{"post":[0,0,0],"lerp_mode":"catmullrom"},"0.1667":{"post":[10,0,0],"lerp_mode":"catmullrom"},"0.3333":{"post":[-22.5,0,0],"lerp_mode":"catmullrom"},"0.5":{"post":[0,0,0],"lerp_mode":"catmullrom"}}},"Rightarm":{"rotation":{"0.0":{"post":[0,0,0],"lerp_mode":"catmullrom"},"0.1667":{"post":[0,0,32.5],"lerp_mode":"catmullrom"},"0.3333":{"post":[-20,0,32.5],"lerp_mode":"catmullrom"},"0.5":{"post":[0,0,0],"lerp_mode":"catmullrom"}}},"bone":{"rotation":{"0.0":{"post":[0,0,0],"lerp_mode":"catmullrom"},"0.1667":{"post":[-45,0,0],"lerp_mode":"catmullrom"},"0.3333":{"post":[-70,0,0],"lerp_mode":"catmullrom"},"0.5":{"post":[0,0,0],"lerp_mode":"catmullrom"}}},"Rightleg":{"rotation":{"0.0":{"post":[0,0,0],"lerp_mode":"catmullrom"},"0.1667":{"post":[-5,0,0],"lerp_mode":"catmullrom"},"0.3333":{"post":[-22.45744,0.65182,7.47178],"lerp_mode":"catmullrom"},"0.5":{"post":[0,0,0],"lerp_mode":"catmullrom"}}},"bone2":{"rotation":{"0.0":{"post":[0,0,0],"lerp_mode":"catmullrom"},"0.1667":{"post":[15,0,0],"lerp_mode":"catmullrom"},"0.3333":{"post":[40,0,0],"lerp_mode":"catmullrom"},"0.5":{"post":[0,0,0],"lerp_mode":"catmullrom"}}},"Leftarm":{"rotation":{"0.0":{"post":[0,0,0],"lerp_mode":"catmullrom"},"0.1667":{"post":[0,0,-27.5],"lerp_mode":"catmullrom"},"0.3333":{"post":[10,0,-27.5],"lerp_mode":"catmullrom"},"0.5":{"post":[0,0,0],"lerp_mode":"catmullrom"}}},"bone3":{"rotation":{"0.0":{"post":[0,0,0],"lerp_mode":"catmullrom"},"0.1667":{"post":[-42.5,0,0],"lerp_mode":"catmullrom"},"0.3333":{"post":[-70,0,0],"lerp_mode":"catmullrom"},"0.5":{"post":[0,0,0],"lerp_mode":"catmullrom"}}},"Leftleg":{"rotation":{"0.0":{"post":[0,0,0],"lerp_mode":"catmullrom"},"0.1667":{"post":[-77.5,0,0],"lerp_mode":"catmullrom"},"0.3333":{"post":[-76.91381,-17.07228,-3.90399],"lerp_mode":"catmullrom"},"0.5":{"post":[0,0,0],"lerp_mode":"catmullrom"}}},"bone4":{"rotation":{"0.0":{"post":[0,0,0],"lerp_mode":"catmullrom"},"0.1667":{"post":[85,0,0],"lerp_mode":"catmullrom"},"0.3333":{"post":[52.5,0,0],"lerp_mode":"catmullrom"},"0.5":{"post":[0,0,0],"lerp_mode":"catmullrom"}}}}}}}