{"format_version":"1.8.0","animations":{"animation.yg_zooble.general":{"loop":true,"animation_length":2,"bones":{"Head":{"rotation":{"0.0":{"post":[0,0,2.5],"lerp_mode":"catmullrom"},"1.0":{"post":[-5,0,-2.5],"lerp_mode":"catmullrom"},"2.0":{"post":[0,0,2.5],"lerp_mode":"catmullrom"}}},"Body2":{"rotation":{"0.0":{"post":[0,0,0],"lerp_mode":"catmullrom"},"1.0":{"post":[2.5,0,0],"lerp_mode":"catmullrom"},"1.5":{"post":[2.5,0,0],"lerp_mode":"catmullrom"},"2.0":{"post":[0,0,0],"lerp_mode":"catmullrom"}}},"Rightarm":{"rotation":{"0.0":{"post":[0,0,5],"lerp_mode":"catmullrom"},"1.0":{"post":[-2.49762,0.10901,7.49762],"lerp_mode":"catmullrom"},"1.5":{"post":[-2.49762,0.10901,7.49762],"lerp_mode":"catmullrom"},"2.0":{"post":[0,0,5],"lerp_mode":"catmullrom"}}},"bone2":{"rotation":{"0.0":{"post":[-12.5,0,0],"lerp_mode":"catmullrom"},"1.0":{"post":[-17.5,0,0],"lerp_mode":"catmullrom"},"2.0":{"post":[-12.5,0,0],"lerp_mode":"catmullrom"}}},"Leftarm":{"rotation":{"0.0":{"post":[0,0,-5],"lerp_mode":"catmullrom"},"1.0":{"post":[-2.49762,-0.10901,-7.49762],"lerp_mode":"catmullrom"},"1.5":{"post":[-2.49762,-0.10901,-7.49762],"lerp_mode":"catmullrom"},"2.0":{"post":[0,0,-5],"lerp_mode":"catmullrom"}}},"bone3":{"rotation":{"0.0":{"post":[-12.5,0,0],"lerp_mode":"catmullrom"},"1.0":{"post":[-17.5,0,0],"lerp_mode":"catmullrom"},"2.0":{"post":[-12.5,0,0],"lerp_mode":"catmullrom"}}}}},"animation.yg_zooble.looking":{"loop":true,"bones":{"Head":{"rotation":{"0.0":{"post":["query.target_x_rotation-this","query.target_y_rotation-this",0],"lerp_mode":"catmullrom"}}}}},"animation.yg_zooble.move":{"loop":true,"animation_length":1,"anim_time_update":"query.modified_distance_moved * 0.1","bones":{"Head":{"rotation":{"0.0":{"post":[0,0,7.5],"lerp_mode":"catmullrom"},"0.5":{"post":[0,0,-10],"lerp_mode":"catmullrom"},"1.0":{"post":[0,0,7.5],"lerp_mode":"catmullrom"}}},"Body":{"rotation":{"0.0":{"post":[0,-7.5,0],"lerp_mode":"catmullrom"},"0.5":{"post":[0,5,0],"lerp_mode":"catmullrom"},"1.0":{"post":[0,-7.5,0],"lerp_mode":"catmullrom"}}},"Rightarm":{"rotation":{"0.0":{"post":[20,0,12.5],"lerp_mode":"catmullrom"},"0.5":{"post":[19.98247,-0.85481,14.84941],"lerp_mode":"catmullrom"},"1.0":{"post":[20,0,12.5],"lerp_mode":"catmullrom"}}},"bone2":{"rotation":{"0.0":{"post":[-57.40093,-4.21541,-22.69136],"lerp_mode":"catmullrom"},"0.5":{"post":[-57.10125,-8.42145,-25.41207],"lerp_mode":"catmullrom"},"1.0":{"post":[-57.40093,-4.21541,-22.69136],"lerp_mode":"catmullrom"}}},"Leftarm":{"rotation":{"0.0":{"post":[-7.5,0,-5],"lerp_mode":"catmullrom"},"0.5":{"post":[26.97082,11.52888,-5.10246],"lerp_mode":"catmullrom"},"1.0":{"post":[-7.5,0,-5],"lerp_mode":"catmullrom"}}},"bone3":{"rotation":{"0.0":{"post":[-20,0,0],"lerp_mode":"catmullrom"},"0.5":{"post":[-10,0,0],"lerp_mode":"catmullrom"},"1.0":{"post":[-20,0,0],"lerp_mode":"catmullrom"}}},"Rightleg":{"rotation":{"0.0":{"post":[-27.5,0,0],"lerp_mode":"catmullrom"},"0.5":{"post":[15,0,0],"lerp_mode":"catmullrom"},"0.75":{"post":[-12.59328,5.16041,21.93021],"lerp_mode":"catmullrom"},"1.0":{"post":[-27.5,0,0],"lerp_mode":"catmullrom"}},"position":{"0.0":{"post":[0,0,-1],"lerp_mode":"catmullrom"},"0.25":{"post":[0,0,0],"lerp_mode":"catmullrom"},"0.5":{"post":[0,0,1],"lerp_mode":"catmullrom"},"0.75":{"post":[0,1,0],"lerp_mode":"catmullrom"},"1.0":{"post":[0,0,-1],"lerp_mode":"catmullrom"}}},"bone4":{"rotation":{"0.0":{"post":[40,0,0],"lerp_mode":"catmullrom"},"0.5":{"post":[40,0,0],"lerp_mode":"catmullrom"},"0.75":{"post":[2.04831,1.43364,-34.97437],"lerp_mode":"catmullrom"},"1.0":{"post":[40,0,0],"lerp_mode":"catmullrom"}}},"Leftleg":{"rotation":{"0.0":{"post":[15,0,0],"lerp_mode":"catmullrom"},"0.25":{"post":[-18.90625,0,0],"lerp_mode":"catmullrom"},"0.5":{"post":[-27.5,0,0],"lerp_mode":"catmullrom"},"1.0":{"post":[15,0,0],"lerp_mode":"catmullrom"}},"position":{"0.0":{"post":[0,0,1],"lerp_mode":"catmullrom"},"0.25":{"post":[0,1,0],"lerp_mode":"catmullrom"},"0.5":{"post":[0,0,-1],"lerp_mode":"catmullrom"},"0.75":{"post":[0,0,0],"lerp_mode":"catmullrom"},"1.0":{"post":[0,0,1],"lerp_mode":"catmullrom"}}},"bone5":{"rotation":{"0.0":{"post":[40,0,0],"lerp_mode":"catmullrom"},"0.25":{"post":[5,0,0],"lerp_mode":"catmullrom"},"0.5":{"post":[40,0,0],"lerp_mode":"catmullrom"},"1.0":{"post":[40,0,0],"lerp_mode":"catmullrom"}}},"Root":{"position":{"0.0":{"post":[0,-1,0],"lerp_mode":"catmullrom"},"0.25":{"post":[0,0,0],"lerp_mode":"catmullrom"},"0.5":{"post":[0,-1,0],"lerp_mode":"catmullrom"},"0.75":{"post":[0,0,0],"lerp_mode":"catmullrom"},"1.0":{"post":[0,-1,0],"lerp_mode":"catmullrom"}}}}},"animation.yg_zooble.attack":{"animation_length":1,"bones":{"Head":{"rotation":{"0.0":{"post":[0,0,0],"lerp_mode":"catmullrom"},"0.1667":{"post":[0,25,0],"lerp_mode":"catmullrom"},"0.3333":{"post":[0,-10,0],"lerp_mode":"catmullrom"},"0.6667":{"post":[-7.5,-20,0],"lerp_mode":"catmullrom"},"1.0":{"post":[0,0,0],"lerp_mode":"catmullrom"}}},"Body":{"rotation":{"0.0":{"post":[0,0,0],"lerp_mode":"catmullrom"},"0.1667":{"post":[0,-32.5,0],"lerp_mode":"catmullrom"},"0.3333":{"post":[5,17.5,0],"lerp_mode":"catmullrom"},"0.6667":{"post":[5.26099,24.97006,0.71903],"lerp_mode":"catmullrom"},"1.0":{"post":[0,0,0],"lerp_mode":"catmullrom"}}},"Body2":{"rotation":{"0.0":{"post":[0,0,0],"lerp_mode":"catmullrom"},"0.1667":{"post":[0,-17.5,0],"lerp_mode":"catmullrom"},"0.3333":{"post":[5,15,0],"lerp_mode":"catmullrom"},"0.6667":{"post":[5.22705,22.47025,0.70537],"lerp_mode":"catmullrom"},"1.0":{"post":[0,0,0],"lerp_mode":"catmullrom"}}},"Rightarm":{"rotation":{"0.0":{"post":[0,0,0],"lerp_mode":"catmullrom"},"0.1667":{"post":[0,0,12.5],"lerp_mode":"catmullrom"},"0.3333":{"post":[15,0,20],"lerp_mode":"catmullrom"},"0.6667":{"post":[14.87739,-1.93597,27.24721],"lerp_mode":"catmullrom"},"1.0":{"post":[0,0,0],"lerp_mode":"catmullrom"}}},"bone2":{"rotation":{"0.0":{"post":[0,0,0],"lerp_mode":"catmullrom"},"0.1667":{"post":[-40,0,0],"lerp_mode":"catmullrom"},"0.3333":{"post":[-55,0,0],"lerp_mode":"catmullrom"},"0.6667":{"post":[-54.3516,-10.21235,-7.24677],"lerp_mode":"catmullrom"},"1.0":{"post":[0,0,0],"lerp_mode":"catmullrom"}}},"Leftarm":{"rotation":{"0.0":{"post":[0,0,0],"lerp_mode":"catmullrom"},"0.1667":{"post":[7.15656,2.24944,-34.85932],"lerp_mode":"catmullrom"},"0.3333":{"post":[-45.37228,-1.30923,-38.37225],"lerp_mode":"catmullrom"},"0.6667":{"post":[-44.48039,-10.15453,-47.25819],"lerp_mode":"catmullrom"},"1.0":{"post":[0,0,0],"lerp_mode":"catmullrom"}}},"bone3":{"rotation":{"0.0":{"post":[0,0,0],"lerp_mode":"catmullrom"},"0.1667":{"post":[-55,0,0],"lerp_mode":"catmullrom"},"0.3333":{"post":[-87.33978,19.98015,0.90956],"lerp_mode":"catmullrom"},"0.6667":{"post":[-82.92355,18.91434,14.1211],"lerp_mode":"catmullrom"},"1.0":{"post":[0,0,0],"lerp_mode":"catmullrom"}}}}},"animation.yg_zooble.hurt":{"animation_length":0.5,"bones":{"Body":{"rotation":{"0.0":{"post":[0,0,0],"lerp_mode":"catmullrom"},"0.1667":{"post":[-17.5,0,0],"lerp_mode":"catmullrom"},"0.3333":{"post":[-32.5,0,0],"lerp_mode":"catmullrom"},"0.5":{"post":[0,0,0],"lerp_mode":"catmullrom"}}},"Body2":{"rotation":{"0.0":{"post":[0,0,0],"lerp_mode":"catmullrom"},"0.1667":{"post":[12.5,0,0],"lerp_mode":"catmullrom"},"0.3333":{"post":[7.5,0,0],"lerp_mode":"catmullrom"},"0.5":{"post":[0,0,0],"lerp_mode":"catmullrom"}}},"Head":{"rotation":{"0.0":{"post":[0,0,0],"lerp_mode":"catmullrom"},"0.1667":{"post":[10,0,0],"lerp_mode":"catmullrom"},"0.3333":{"post":[-22.5,0,0],"lerp_mode":"catmullrom"},"0.5":{"post":[0,0,0],"lerp_mode":"catmullrom"}}},"Rightarm":{"rotation":{"0.0":{"post":[0,0,0],"lerp_mode":"catmullrom"},"0.1667":{"post":[0,0,32.5],"lerp_mode":"catmullrom"},"0.3333":{"post":[-20,0,32.5],"lerp_mode":"catmullrom"},"0.5":{"post":[0,0,0],"lerp_mode":"catmullrom"}}},"bone":{"rotation":{"0.0":{"post":[0,0,0],"lerp_mode":"catmullrom"},"0.1667":{"post":[-45,0,0],"lerp_mode":"catmullrom"},"0.3333":{"post":[-70,0,0],"lerp_mode":"catmullrom"},"0.5":{"post":[0,0,0],"lerp_mode":"catmullrom"}}},"Rightleg":{"rotation":{"0.0":{"post":[0,0,0],"lerp_mode":"catmullrom"},"0.1667":{"post":[-5,0,0],"lerp_mode":"catmullrom"},"0.3333":{"post":[-22.45744,0.65182,7.47178],"lerp_mode":"catmullrom"},"0.5":{"post":[0,0,0],"lerp_mode":"catmullrom"}}},"bone2":{"rotation":{"0.0":{"post":[0,0,0],"lerp_mode":"catmullrom"},"0.1667":{"post":[15,0,0],"lerp_mode":"catmullrom"},"0.3333":{"post":[40,0,0],"lerp_mode":"catmullrom"},"0.5":{"post":[0,0,0],"lerp_mode":"catmullrom"}}},"Leftarm":{"rotation":{"0.0":{"post":[0,0,0],"lerp_mode":"catmullrom"},"0.1667":{"post":[0,0,-27.5],"lerp_mode":"catmullrom"},"0.3333":{"post":[10,0,-27.5],"lerp_mode":"catmullrom"},"0.5":{"post":[0,0,0],"lerp_mode":"catmullrom"}}},"bone3":{"rotation":{"0.0":{"post":[0,0,0],"lerp_mode":"catmullrom"},"0.1667":{"post":[-42.5,0,0],"lerp_mode":"catmullrom"},"0.3333":{"post":[-70,0,0],"lerp_mode":"catmullrom"},"0.5":{"post":[0,0,0],"lerp_mode":"catmullrom"}}},"Leftleg":{"rotation":{"0.0":{"post":[0,0,0],"lerp_mode":"catmullrom"},"0.1667":{"post":[-77.5,0,0],"lerp_mode":"catmullrom"},"0.3333":{"post":[-76.91381,-17.07228,-3.90399],"lerp_mode":"catmullrom"},"0.5":{"post":[0,0,0],"lerp_mode":"catmullrom"}}},"bone4":{"rotation":{"0.0":{"post":[0,0,0],"lerp_mode":"catmullrom"},"0.1667":{"post":[85,0,0],"lerp_mode":"catmullrom"},"0.3333":{"post":[52.5,0,0],"lerp_mode":"catmullrom"},"0.5":{"post":[0,0,0],"lerp_mode":"catmullrom"}}}}}}}