{
	"format_version": "1.10.0",
	"animation_controllers": {
		"controller.animation.iron_villager.defender": {
			"initial_state": "default",
			"states": {
				"default": {
					"on_entry": [
						"/effect @s regeneration 99 2 true"
					],
					"on_exit": [
						"/effect @s clear"
					],
					"transitions": [
						{
							"attack": "query.is_angry"
						}
					]
				},
				"attack": {
					"on_entry": [
						"/effect @s resistance 99 2 true"
					],
					"on_exit": [
						"/effect @s clear"
					],
					"transitions": [
						{
							"default": "!query.is_angry"
						}
					]
				}
			}
		}
	}
}