{
    "pools": [
        {
            "rolls": {
                "min": 1,
                "max": 4
            },
            "entries": [
                {
                    "type": "item",
                    "name": "fv:copper_armor_helmet",
                    "weight": 40,
                    "functions": [
                        {
                            "function": "enchant_with_levels",
                            "levels": {
                                "min": 1,
                                "max": 30
                            }
                        }
                    ]
                },
                {
                    "type": "item",
                    "name": "fv:copper_armor_chestplate",
                    "weight": 30,
                    "functions": [
                        {
                            "function": "enchant_with_levels",
                            "levels": {
                                "min": 1,
                                "max": 30
                            }
                        }
                    ]
                },
                {
                    "type": "item",
                    "name": "fv:copper_armor_leggings",
                    "weight": 20,
                    "functions": [
                        {
                            "function": "enchant_with_levels",
                            "levels": {
                                "min": 1,
                                "max": 30
                            }
                        }
                    ]
                },
                {
                    "type": "item",
                    "name": "fv:copper_armor_boots",
                    "weight": 10,
                    "functions": [
                        {
                            "function": "enchant_with_levels",
                            "levels": {
                                "min": 1,
                                "max": 30
                            }
                        }
                    ]
                }
            ]
        }
    ]
}