{
  "pools": [
    {
      "rolls": 1,
      "entries": [
        {
          "type": "loot_table",
          "name": "loot_tables/lootbox/armor_tin.json",
          "weight": 70
        },
        {
          "type": "loot_table",
          "name": "loot_tables/lootbox/armor_iron.json",
          "weight": 20
        },
        {
          "type": "loot_table",
          "name": "loot_tables/lootbox/armor_steel.json",
          "weight": 10
        }
      ]
    },
    {
      "rolls": 1,
      "entries": [
        {
          "type": "item",
          "weight": 7,
          "functions": [
            {
              "function": "set_count",
              "count": {
                "min": 3,
                "max": 5
              }
            }
          ],
          "name": "minecraft:bread"
        },
        {
          "type": "item",
          "weight": 5,
          "functions": [
            {
              "function": "set_count",
              "count": {
                "min": 2,
                "max": 5
              }
            }
          ],
          "name": "minecraft:cooked_chicken"
        },
        {
          "type": "item",
          "weight": 5,
          "functions": [
            {
              "function": "set_count",
              "count": {
                "min": 3,
                "max": 5
              }
            }
          ],
          "name": "minecraft:cooked_porkchop"
        }
      ]
    },
    {
      "rolls": 1,
      "entries": [
        {
          "type": "item",
          "name": "arrow",
          "weight": 90,
          "functions": [
            {
              "function": "set_count",
              "count": {
                "min": 2,
                "max": 3
              }
            }
          ]
        },
        {
          "type": "item",
          "name": "fv:bullet",
          "weight": 10,
          "functions": [
            {
              "function": "set_count",
              "count": {
                "min": 5,
                "max": 8
              }
            }
          ]
        }
      ]
    },
    {
      "rolls": 1,
      "entries": [
        {
          "type": "item",
          "weight": 70,
          "name": "fv:tin_ingot",
          "functions": [
            {
              "function": "set_count",
              "count": {
                "min": 1,
                "max": 6
              }
            }
          ]
        },
        {
          "type": "item",
          "weight": 10,
          "functions": [
            {
              "function": "set_count",
              "count": {
                "min": 1,
                "max": 6
              }
            }
          ],
          "name": "minecraft:gold_ingot"
        },
        {
          "type": "item",
          "weight": 2,
          "functions": [
            {
              "function": "set_count",
              "count": {
                "min": 2,
                "max": 7
              }
            }
          ],
          "name": "minecraft:diamond"
        },
        {
          "type": "item",
          "weight": 5,
          "functions": [
            {
              "function": "set_count",
              "count": {
                "min": 1,
                "max": 3
              }
            }
          ],
          "name": "fv:steel_ingot"
        },
        {
          "type": "item",
          "weight": 10,
          "functions": [
            {
              "function": "set_count",
              "count": {
                "min": 1,
                "max": 3
              }
            }
          ],
          "name": "minecraft:iron_ingot"
        },
        {
          "type": "item",
          "weight": 3,
          "functions": [
            {
              "function": "enchant_with_levels",
              "levels": {
                "min": 10,
                "max": 30
              },
              "treasure": true
            }
          ],
          "name": "minecraft:book"
        }
      ]
    },
    {
      "rolls": 1,
      "entries": [
        {
          "type": "empty",
          "weight": 93
        },
        {
          "type": "item",
          "name": "fv:levelup_scroll",
          "weight": 5
        },
        {
          "type": "item",
          "name": "fv:captain_scroll",
          "weight": 2
        }
      ]
    },
    {
      "rolls": 1,
      "entries": [
        {
          "type": "item",
          "name": "fv:iron_big_sword",
          "weight": 5,
          "functions": [
            {
              "function": "enchant_with_levels",
              "levels": {
                "min": 10,
                "max": 20
              }
            }
          ]
        },
        {
          "type": "item",
          "name": "fv:iron_saber",
          "weight": 10,
          "functions": [
            {
              "function": "enchant_with_levels",
              "levels": {
                "min": 10,
                "max": 20
              }
            }
          ]
        },
        {
          "type": "item",
          "name": "fv:iron_desert_sword",
          "weight": 10,
          "functions": [
            {
              "function": "enchant_with_levels",
              "levels": {
                "min": 10,
                "max": 20
              }
            }
          ]
        },
        {
          "type": "item",
          "name": "fv:iron_hammer",
          "weight": 15,
          "functions": [
            {
              "function": "enchant_with_levels",
              "levels": {
                "min": 10,
                "max": 20
              }
            }
          ]
        },
        {
          "type": "item",
          "name": "fv:battle_axe_iron",
          "weight": 20,
          "functions": [
            {
              "function": "enchant_with_levels",
              "levels": {
                "min": 10,
                "max": 20
              }
            }
          ]
        },
        {
          "type": "item",
          "name": "fv:tin_sword",
          "weight": 40,
          "functions": [
            {
              "function": "enchant_with_levels",
              "levels": {
                "min": 10,
                "max": 20
              }
            }
          ]
        }
      ]
    }
  ]
}