{
  "pools": [
    {
      "rolls": 1,
      "entries": [
        {
          "type": "loot_table",
          "name": "loot_tables/lootbox/armor_copper.json",
          "weight": 70
        },
        {
          "type": "loot_table",
          "name": "loot_tables/lootbox/armor_bronze.json",
          "weight": 20
        },
        {
          "type": "loot_table",
          "name": "loot_tables/lootbox/armor_tin.json",
          "weight": 10
        }
      ]
    },
    {
      "rolls": 1,
      "entries": [
        {
          "type": "item",
          "weight": 7,
          "functions": [
            {
              "function": "set_count",
              "count": {
                "min": 3,
                "max": 5
              }
            }
          ],
          "name": "minecraft:bread"
        },
        {
          "type": "item",
          "weight": 5,
          "functions": [
            {
              "function": "set_count",
              "count": {
                "min": 2,
                "max": 5
              }
            }
          ],
          "name": "minecraft:cooked_chicken"
        },
        {
          "type": "item",
          "weight": 5,
          "functions": [
            {
              "function": "set_count",
              "count": {
                "min": 3,
                "max": 5
              }
            }
          ],
          "name": "minecraft:cooked_porkchop"
        }
      ]
    },
    {
      "rolls": 1,
      "entries": [
        {
          "type": "item",
          "name": "fv:bronze_ingot",
          "weight": 80,
          "functions": [
            {
              "function": "set_count",
              "count": {
                "min": 2,
                "max": 3
              }
            }
          ]
        },
        {
          "type": "item",
          "name": "fv:tin_ingot",
          "weight": 18,
          "functions": [
            {
              "function": "set_count",
              "count": {
                "min": 2,
                "max": 3
              }
            }
          ]
        },
        {
          "type": "item",
          "name": "fv:steel_ingot",
          "weight": 2,
          "functions": [
            {
              "function": "set_count",
              "count": {
                "min": 2,
                "max": 3
              }
            }
          ]
        }
      ]
    },
    {
      "rolls": 1,
      "entries": [
        {
          "type": "item",
          "weight": 7,
          "name": "minecraft:experience_bottle"
        },
        {
          "type": "item",
          "weight": 4,
          "functions": [
            {
              "function": "set_count",
              "count": {
                "min": 1,
                "max": 6
              }
            }
          ],
          "name": "minecraft:string"
        },
        {
          "type": "item",
          "weight": 4,
          "functions": [
            {
              "function": "set_count",
              "count": {
                "min": 2,
                "max": 7
              }
            }
          ],
          "name": "minecraft:arrow"
        },
        {
          "type": "item",
          "weight": 3,
          "functions": [
            {
              "function": "set_count",
              "count": {
                "min": 1,
                "max": 3
              }
            }
          ],
          "name": "fv:bullet"
        },
        {
          "type": "item",
          "weight": 3,
          "functions": [
            {
              "function": "set_count",
              "count": {
                "min": 1,
                "max": 3
              }
            }
          ],
          "name": "leather"
        },
        {
          "type": "item",
          "weight": 1,
          "functions": [
            {
              "function": "minecraft:enchant_randomly"
            }
          ],
          "name": "minecraft:book"
        }
      ]
    },
    {
      "rolls": 1,
      "entries": [
        {
          "type": "empty",
          "weight": 95
        },
        {
          "type": "item",
          "name": "fv:levelup_scroll",
          "weight": 4
        },
        {
          "type": "item",
          "name": "fv:captain_scroll",
          "weight": 1
        }
      ]
    },
    {
      "rolls": 1,
      "entries": [
        {
          "type": "item",
          "name": "mustket:crossbow",
          "weight": 2
        },
        {
          "type": "item",
          "name": "pirate:crossbow",
          "weight": 1
        },
        {
          "type": "item",
          "name": "fv:bronze_sword",
          "weight": 60
        },
        {
          "type": "item",
          "name": "fv:tin_sword",
          "weight": 20
        },
        {
          "type": "item",
          "name": "fv:battle_axe_bronze",
          "weight": 10
        },
        {
          "type": "item",
          "name": "fv:battle_axe_tin",
          "weight": 7
        }
      ]
    }
  ]
}