{
	"file_path": "C:\\Users\\TJ\\AppData\\Local\\Packages\\Microsoft.MinecraftUWP_8wekyb3d8bbwe\\LocalState\\games\\com.mojang\\development_resource_packs\\Mobs RP\\render_controllers\\villagers\\hyena.render_controllers.json",
	"file_type": "render_controller",
	"format_version": 1,
	"file_uuid": "ff99b8ad_f3b5_4ec7_81bd_669094ef0ef9",
	"file_version": 2,
	"cache_content": {
		"children": [
			{
				"data": "1.8.0",
				"key": "format_version"
			},
			{
				"open": {
					"format_version": "1.8.0",
					"render_controllers": {
						"controller.render.valhalla.hyena": {
							"geometry": "Geometry.default",
							"materials": [
								{
									"*": "Material.default"
								}
							],
							"textures": [
								"Array.armor[query.mark_variant]"
							],
							"arrays": {
								"textures": {
									"Array.armor": [
										"Texture.base",
										"Texture.chain",
										"Texture.iron",
										"Texture.diamond",
										"Texture.netherite"
									]
								}
							}
						}
					}
				},
				"key": "render_controllers",
				"children": [
					{
						"open": {
							"controller.render.valhalla.hyena": {
								"geometry": "Geometry.default",
								"materials": [
									{
										"*": "Material.default"
									}
								],
								"textures": [
									"Array.armor[query.mark_variant]"
								],
								"arrays": {
									"textures": {
										"Array.armor": [
											"Texture.base",
											"Texture.chain",
											"Texture.iron",
											"Texture.diamond",
											"Texture.netherite"
										]
									}
								}
							}
						},
						"key": "controller.render.valhalla.hyena",
						"is_minified": true,
						"children": {
							"geometry": "Geometry.default",
							"materials": [
								{
									"*": "Material.default"
								}
							],
							"textures": [
								"Array.armor[query.mark_variant]"
							],
							"arrays": {
								"textures": {
									"Array.armor": [
										"Texture.base",
										"Texture.chain",
										"Texture.iron",
										"Texture.diamond",
										"Texture.netherite"
									]
								}
							}
						}
					}
				]
			}
		]
	}
}