{
	"file_path": "C:\\Users\\TJ\\AppData\\Local\\Packages\\Microsoft.MinecraftUWP_8wekyb3d8bbwe\\LocalState\\games\\com.mojang\\development_resource_packs\\Mobs RP/render_controllers/iron_golem.render_controllers.json",
	"file_type": "render_controller",
	"format_version": 1,
	"file_uuid": "71c13597_31c1_4607_ac70_6453828d70c9",
	"file_version": 2,
	"cache_content": {
		"children": [
			{
				"data": "1.8.0",
				"key": "format_version"
			},
			{
				"open": {
					"format_version": "1.8.0",
					"render_controllers": {
						"controller.render.iron_golem": {
							"geometry": "Geometry.default",
							"materials": [
								{
									"*": "Material.default"
								}
							],
							"textures": [
								"Array.biomes[query.mark_variant]"
							],
							"arrays": {
								"textures": {
									"Array.biomes": [
										"Texture.desert",
										"Texture.jungle",
										"Texture.plains",
										"Texture.savanna",
										"Texture.snow",
										"Texture.swamp",
										"Texture.taiga"
									]
								}
							}
						}
					}
				},
				"key": "render_controllers",
				"children": [
					{
						"open": {
							"controller.render.iron_golem": {
								"geometry": "Geometry.default",
								"materials": [
									{
										"*": "Material.default"
									}
								],
								"textures": [
									"Array.biomes[query.mark_variant]"
								],
								"arrays": {
									"textures": {
										"Array.biomes": [
											"Texture.desert",
											"Texture.jungle",
											"Texture.plains",
											"Texture.savanna",
											"Texture.snow",
											"Texture.swamp",
											"Texture.taiga"
										]
									}
								}
							}
						},
						"key": "controller.render.iron_golem",
						"children": [
							{
								"open": {
									"geometry": "Geometry.default",
									"materials": [
										{
											"*": "Material.default"
										}
									],
									"textures": [
										"Array.biomes[query.mark_variant]"
									],
									"arrays": {
										"textures": {
											"Array.biomes": [
												"Texture.desert",
												"Texture.jungle",
												"Texture.plains",
												"Texture.savanna",
												"Texture.snow",
												"Texture.swamp",
												"Texture.taiga"
											]
										}
									}
								},
								"data": "Geometry.default",
								"key": "geometry"
							},
							{
								"open": {
									"geometry": "Geometry.default",
									"materials": [
										{
											"*": "Material.default"
										}
									],
									"textures": [
										"Array.biomes[query.mark_variant]"
									],
									"arrays": {
										"textures": {
											"Array.biomes": [
												"Texture.desert",
												"Texture.jungle",
												"Texture.plains",
												"Texture.savanna",
												"Texture.snow",
												"Texture.swamp",
												"Texture.taiga"
											]
										}
									}
								},
								"key": "materials",
								"children": [
									{
										"open": [
											{
												"*": "Material.default"
											}
										],
										"is_minified": true,
										"children": {
											"*": "Material.default"
										}
									}
								]
							},
							{
								"open": {
									"geometry": "Geometry.default",
									"materials": [
										{
											"*": "Material.default"
										}
									],
									"textures": [
										"Array.biomes[query.mark_variant]"
									],
									"arrays": {
										"textures": {
											"Array.biomes": [
												"Texture.desert",
												"Texture.jungle",
												"Texture.plains",
												"Texture.savanna",
												"Texture.snow",
												"Texture.swamp",
												"Texture.taiga"
											]
										}
									}
								},
								"key": "textures",
								"is_minified": true,
								"children": [
									"Array.biomes[query.mark_variant]"
								]
							},
							{
								"open": {
									"geometry": "Geometry.default",
									"materials": [
										{
											"*": "Material.default"
										}
									],
									"textures": [
										"Array.biomes[query.mark_variant]"
									],
									"arrays": {
										"textures": {
											"Array.biomes": [
												"Texture.desert",
												"Texture.jungle",
												"Texture.plains",
												"Texture.savanna",
												"Texture.snow",
												"Texture.swamp",
												"Texture.taiga"
											]
										}
									}
								},
								"key": "arrays",
								"children": [
									{
										"open": {
											"textures": {
												"Array.biomes": [
													"Texture.desert",
													"Texture.jungle",
													"Texture.plains",
													"Texture.savanna",
													"Texture.snow",
													"Texture.swamp",
													"Texture.taiga"
												]
											}
										},
										"key": "textures",
										"children": [
											{
												"open": {
													"Array.biomes": [
														"Texture.desert",
														"Texture.jungle",
														"Texture.plains",
														"Texture.savanna",
														"Texture.snow",
														"Texture.swamp",
														"Texture.taiga"
													]
												},
												"key": "Array.biomes",
												"is_minified": true,
												"children": [
													"Texture.desert",
													"Texture.jungle",
													"Texture.plains",
													"Texture.savanna",
													"Texture.snow",
													"Texture.swamp",
													"Texture.taiga"
												]
											}
										]
									}
								]
							}
						]
					}
				]
			}
		]
	}
}