{
	"file_path": "C:\\Users\\TJ\\AppData\\Local\\Packages\\Microsoft.MinecraftUWP_8wekyb3d8bbwe\\LocalState\\games\\com.mojang\\development_resource_packs\\Mobs RP\\render_controllers\\mage.render_controllers.json",
	"file_type": "render_controller",
	"format_version": 1,
	"file_uuid": "2ace3656_efe1_4a2d_93d2_6a463b4fd756",
	"file_version": 1,
	"cache_content": {
		"children": [
			{
				"data": "1.8.0",
				"key": "format_version"
			},
			{
				"open": {
					"format_version": "1.8.0",
					"render_controllers": {
						"controller.render.valhalla.mage": {
							"geometry": "Geometry.default",
							"materials": [
								{
									"*": "Material.default"
								}
							],
							"part_visibility": [
								{
									"*": true
								},
								{
									"arms": "!(query.is_casting || query.is_celebrating)"
								},
								{
									"leftarm": "query.is_casting || query.is_celebrating"
								},
								{
									"rightarm": "query.is_casting || query.is_celebrating"
								}
							],
							"textures": [
								"Texture.default"
							]
						}
					}
				},
				"key": "render_controllers",
				"children": [
					{
						"open": {
							"controller.render.valhalla.mage": {
								"geometry": "Geometry.default",
								"materials": [
									{
										"*": "Material.default"
									}
								],
								"part_visibility": [
									{
										"*": true
									},
									{
										"arms": "!(query.is_casting || query.is_celebrating)"
									},
									{
										"leftarm": "query.is_casting || query.is_celebrating"
									},
									{
										"rightarm": "query.is_casting || query.is_celebrating"
									}
								],
								"textures": [
									"Texture.default"
								]
							}
						},
						"key": "controller.render.valhalla.mage",
						"children": [
							{
								"data": "Geometry.default",
								"key": "geometry"
							},
							{
								"open": {
									"geometry": "Geometry.default",
									"materials": [
										{
											"*": "Material.default"
										}
									],
									"part_visibility": [
										{
											"*": true
										},
										{
											"arms": "!(query.is_casting || query.is_celebrating)"
										},
										{
											"leftarm": "query.is_casting || query.is_celebrating"
										},
										{
											"rightarm": "query.is_casting || query.is_celebrating"
										}
									],
									"textures": [
										"Texture.default"
									]
								},
								"key": "materials",
								"children": [
									{
										"open": [
											{
												"*": "Material.default"
											}
										],
										"is_minified": true,
										"children": {
											"*": "Material.default"
										}
									}
								]
							},
							{
								"open": {
									"geometry": "Geometry.default",
									"materials": [
										{
											"*": "Material.default"
										}
									],
									"part_visibility": [
										{
											"*": true
										},
										{
											"arms": "!(query.is_casting || query.is_celebrating)"
										},
										{
											"leftarm": "query.is_casting || query.is_celebrating"
										},
										{
											"rightarm": "query.is_casting || query.is_celebrating"
										}
									],
									"textures": [
										"Texture.default"
									]
								},
								"key": "part_visibility",
								"is_minified": true,
								"children": [
									{
										"*": true
									},
									{
										"arms": "!(query.is_casting || query.is_celebrating)"
									},
									{
										"leftarm": "query.is_casting || query.is_celebrating"
									},
									{
										"rightarm": "query.is_casting || query.is_celebrating"
									}
								]
							},
							{
								"open": {
									"geometry": "Geometry.default",
									"materials": [
										{
											"*": "Material.default"
										}
									],
									"part_visibility": [
										{
											"*": true
										},
										{
											"arms": "!(query.is_casting || query.is_celebrating)"
										},
										{
											"leftarm": "query.is_casting || query.is_celebrating"
										},
										{
											"rightarm": "query.is_casting || query.is_celebrating"
										}
									],
									"textures": [
										"Texture.default"
									]
								},
								"key": "textures",
								"is_minified": true,
								"children": [
									"Texture.default"
								]
							}
						]
					}
				]
			}
		]
	}
}