{
    "format_version": "1.16.0",
    "minecraft:block": {
        "description": {
            "identifier": "egypt:soff",
            "properties": {
                "old:rotate": [ 1, 2, 3, 4, 5, 6 ]
            }
        },
        "components": {
            "minecraft:material_instances": {
                "*": {
                    "texture": "skull_lit_off",
                    "render_method": "alpha_test"
                }
            },
            "minecraft:loot": "loot_tables/blocks/soff.json",
            "minecraft:geometry": "geometry.skull",
            "minecraft:destroy_time": 4.0,
            "minecraft:on_player_placing": {
                "event": "old:rotate"
            },
		      "minecraft:collision_box":{
		      "origin":[-4.0, 0.0, -4.0],
		      "size":[8, 8, 8]
		      },
		      "minecraft:selection_box":{
		      "origin":[-4.0, 0.0, -4.0],
		      "size":[8, 8, 8]
		      },
            "minecraft:map_color": "#38435a",
            "minecraft:block_light_absorption": 1.0
        },
        "events": {
            "old:rotate": {
                "set_block_property": {
                    "old:rotate": "(query.cardinal_player_facing)"
                }
            }
        },
        "permutations": [
            {
                "condition": "query.block_property('old:rotate') == 2",
                "components": {
                    "minecraft:block_light_absorption": 1.0
                }
            },
            {
                "condition": "query.block_property('old:rotate') == 3",
                "components": {
                    "minecraft:rotation": [ 0, 180, 0 ]
                }
            },
            {
                "condition": "query.block_property('old:rotate') == 4",
                "components": {
                    "minecraft:rotation": [ 0, 90, 0 ]
                }
            },
            {
                "condition": "query.block_property('old:rotate') == 5",
                "components": {
                    "minecraft:rotation": [ 0, 270, 0 ]
                }
            }
        ]
    }
}