{
	"format_version": "1.16.0",
	"minecraft:block": {
		"description": {
			"identifier": "egypt:son"
		},
		"components": {
			"minecraft:destroy_time": 999,
       "minecraft:loot": "loot_tables/blocks/empty.json",
       "minecraft:light_emission": 4,
		  "minecraft:entity_collision":{
		  "origin":[-4.0, 0.0, -4.0],
		  "size":[8, 8, 8]
		  },
		  "minecraft:pick_collision":{
		  "origin":[-4.0, 0.0, -4.0],
		  "size":[8, 8, 8]
		  },
			"minecraft:geometry": "geometry.skull",
			"minecraft:material_instances": {
				"*": {
					"texture": "skull_on",
					"render_method": "alpha_test"
           }
        },
       "minecraft:ticking": {
           "looping": true,
           "range": [ 2, 2 ],
           "on_tick": {
               "event": "pvz:skull",
               "target": "self"
              }
           }
        },
        "events": {
            "pvz:skull": {
				    "run_command": {
					    "command": [
						      "playsound mob.wither.break_block @a[r=45]",
						      "playsound beacon.power @a[r=45]",
							  "setblock ~ ~ ~-24 music:ub_egypt",
						      "title @a[r=45] title §4PLANT",
                              "summon pvz:mummy",
							  "summon pvz:mummy",
							  "summon pvz:mummy",
							  "summon pvz:mummy",
							  "summon pvz:mummy",
							  "summon pvz:cone_mummy",
							  "summon pvz:cone_mummy",
							  "summon pvz:cone_mummy",
							  "tp @e[r=3] ~ ~-2 ~-10",
						      "setblock ~ ~ ~ egypt:swavest"
					     ]
				   }
			  }
	    }
   }
}