{
	"format_version": "1.16.0",
	"minecraft:block": {
		"description": {
			"identifier": "egypt:stime"
		},
		"components": {
			"minecraft:destroy_time": 4,
       "minecraft:loot": "loot_tables/blocks/soff.json",
       "minecraft:light_emission": 4,
		  "minecraft:entity_collision":{
		  "origin":[-4.0, 0.0, -4.0],
		  "size":[8, 8, 8]
		  },
		  "minecraft:pick_collision":{
		  "origin":[-4.0, 0.0, -4.0],
		  "size":[8, 8, 8]
		  },
			"minecraft:geometry": "geometry.skull",
			"minecraft:material_instances": {
				"*": {
					"texture": "skull_on",
					"render_method": "alpha_test"
           }
        },
       "minecraft:ticking": {
           "looping": true,
           "range": [ 90, 90 ],
           "on_tick": {
               "event": "pvz:skull",
               "target": "self"
              }
           }
        },
        "events": {
            "pvz:skull": {
				    "run_command": {
					    "command": [
						      "playsound random.levelup @a[r=45]",
						      "structure load mystructure:treasure ~-6 ~-2 ~-3"
					     ]
				   }
			  }
	    }
   }
}