{
	"format_version": "1.16.0",
	"minecraft:block": {
		"description": {
			"identifier": "egypt:swavebs"
		},
		"components": {
			"minecraft:destroy_time": 4,
       "minecraft:loot": "loot_tables/blocks/soff.json",
       "minecraft:light_emission": 4,
		  "minecraft:entity_collision":{
		  "origin":[-4.0, 0.0, -4.0],
		  "size":[8, 8, 8]
		  },
		  "minecraft:pick_collision":{
		  "origin":[-4.0, 0.0, -4.0],
		  "size":[8, 8, 8]
		  },
			"minecraft:geometry": "geometry.skull",
			"minecraft:material_instances": {
				"*": {
					"texture": "skull_on",
					"render_method": "alpha_test"
           }
        },
       "minecraft:ticking": {
           "looping": true,
           "range": [ 35, 35 ],
           "on_tick": {
               "event": "pvz:skull",
               "target": "self"
              }
           }
        },
        "events": {
            "pvz:skull": {
				    "run_command": {
					    "command": [
						      "summon pvz:cleopatra",
							  "summon pvz:imp",
							  "summon pvz:imp",
							  "summon pvz:imp",
							  "summon pvz:imp",
							  "summon pvz:imp",
							  "summon pvz:mummy_slave",
							  "tp @e[r=3] ~ ~-2 ~-10",
						      "setblock ~ ~ ~ egypt:stime"
					     ]
				   }
			  }
	    }
   }
}