{
  "format_version": "1.8.0",
  "minecraft:client_entity": {
    "description": {
      "identifier": "mobs:alchemist",
      "materials": {
        "default": "villager_v2"
      },
      "textures": {
        "default": "textures/entity/valhalla/alchemist/alchemist"
      },
      "geometry": {
        "default": "geometry.witcher"
      },
      "scripts": {
        "scale": "0.9375"
      },
      "animations": {
			"base": "animation.alchemist.base",
        "look_at_target": "animation.common.look_at_target",
        "move": "animation.villager.move",
        "general": "animation.witch.general"
      },
      "animation_controllers": [
        { "general": "controller.animation.witch.general" },
        { "base": "controller.animation.alchemist.general" },
        { "move": "controller.animation.villager.move" }
      ],
      "render_controllers": [ "controller.render.witch.v1.0" ],
      "spawn_egg": {
        "texture": "spawn_egg",
        "texture_index": 17
      }
    }
  }
}