{
  "format_version": "1.8.0",
  "minecraft:client_entity": {
    "description": {
      "identifier": "mobs:bee_keper",
      "materials": {
        "default": "villager_v2",
        "masked": "villager_v2_masked"
      },
      "textures": {
        "base": "textures/entity/villagers/Beekeeper",
        "level_stone": "textures/entity/villager2/levels/level_stone",
        "level_iron": "textures/entity/villager2/levels/level_iron",
        "level_gold": "textures/entity/villager2/levels/level_gold",
        "level_emerald": "textures/entity/villager2/levels/level_emerald",
        "level_diamond": "textures/entity/villager2/levels/level_diamond"
      },
      "geometry": {
        "default": "geometry.villager_v2"
      },
      "scripts": {
        "scale": "0.9375",
        "pre_animation": [
          "variable.num_professions = 15;",
          "variable.num_tiers = 3;",
          "variable.profession_index = (query.variant < variable.num_professions ? query.variant : 0);",
          "variable.level_index = query.trade_tier;"
        ]
      },
      "animations": {
        "general": "animation.villager.general",
        "look_at_target": "animation.common.look_at_target",
        "move": "animation.villager.move",
        "raise_arms": "animation.villager.raise_arms",
        "baby_transform": "animation.villager.baby_transform",
        "get_in_bed": "animation.villager.get_in_bed"
      },
      "animation_controllers": [
        { "general": "controller.animation.villager_v2.general" },
        { "move": "controller.animation.villager_v2.move" },
        { "raise_arms": "controller.animation.villager_v2.raise_arms" },
        { "baby": "controller.animation.villager_v2.baby" }
      ],
      "render_controllers": [
        "controller.render.villager_v2_base",
        "controller.render.villager_v2_masked",
        "controller.render.villager_v2_level"
      ],
      "spawn_egg": {
        "texture": "spawn_egg",
        "texture_index": 14
      }
    }
  }
}