{
  "format_version": "1.8.0",
  "minecraft:client_entity": {
    "description": {
      "identifier": "valhalla:fireling",
      "materials": {
        "default": "spider"
      },
      "textures": {
        "normal": "textures/entity/valhalla/mage/fireling",
        "soul": "textures/entity/valhalla/mage/soul_fireling"
      },
      "geometry": {
        "default": "geometry.fireling"
      },
      "spawn_egg": {
        "texture": "spawn_egg",
        "texture_index": 6
      },
      "scripts": {
        "pre_animation": [
          "variable.wobble = Math.sin(query.swell_amount * 5730) * query.swell_amount * 0.01 + 1.0;",
          "variable.swelling_scale1 = (Math.pow(Math.clamp(query.swell_amount, 0.0, 1.0), 4.0) * 0.4 + 1.0) * variable.wobble;",
          "variable.swelling_scale2 = (Math.pow(Math.clamp(query.swell_amount, 0.0, 1.0), 4.0) * 0.1 + 1.0) / variable.wobble;",
          "variable.leg_rot = Math.cos(query.modified_distance_moved * 38.17326) * 80.22 * query.modified_move_speed;",
          "variable.flash = Math.mod(Math.Round(query.swell_amount * 10.0), 2.0);"
        ],
        "scale": "1.2"
      },
      "animations": {
        "move": "animation.ficre.walk",
        "living": "animation.ficre.living"
      },
      "animation_controllers": [
        { "living": "controller.animation.fireling.living" },
        { "move": "controller.animation.fireling.move" }
      ],
      "render_controllers": [ "controller.render.fireling" ]
    }
  }
}