{
  "format_version": "1.8.0",
  "minecraft:client_entity": {
    "description": {
      "identifier": "mobs:lilyfin",
      "materials": { "default": "spider" },
      "textures": {
        "default": "textures/entity/valhalla/mage/lilyfin"
      },
      "geometry": {
        "default": "geometry.lilyfin"
      },
      "animations": {
        "swing": "animation.lilyfin.swim",
        "walk": "animation.lilyfin.walk"
      },
      "animation_controllers": [
        { "swing": "controller.animation.lilyfin" },
        { "walk": "controller.animation.basic_walk" }
      ],
      "render_controllers": [ "controller.render.lilyfin" ],
      "spawn_egg": {
        "texture": "spawn_egg",
        "texture_index": 31
      }
    }
  }
}