{
  "format_version": "1.8.0",
  "minecraft:client_entity": {
    "description": {
      "identifier": "valhalla:sand_shark",
      "materials": { "default": "dolphin" },
      "textures": {
        "default": "textures/entity/valhalla/mage/shark"
      },
      "geometry": {
        "default": "geometry.sand_shark"
      },
      "animations": {
        "move": "animation.sand_shark.swim",
        "attack": "animation.sand_shark.bite"
      },
      "animation_controllers": [
        { "general": "controller.animation.shark.general" },
        { "attack": "controller.animation.basic_attack" }
      ],
      "render_controllers": [ "controller.render.shark" ],
      "spawn_egg": {
        "texture": "spawn_egg",
        "texture_index": 49
      }
    }
  }
}