{
  "format_version": "1.8.0",
  "minecraft:client_entity": {
    "description": {
      "identifier": "mobs:snowing",
      "materials": {
        "default": "spider"
      },
      "textures": {
        "default": "textures/entity/valhalla/mage/snowing"
      },
      "geometry": {
        "default": "geometry.snowing"
      },
      "animations": {
        "walk": "animation.snowing.walk",
        "attack": "animation.snowing.bite"
      },
      "animation_controllers": [
        { "walk": "controller.animation.basic_walk" },
        { "attack": "controller.animation.basic_attack" }
      ],
      "spawn_egg": {
  			"base_color": "#1778D2",
			"overlay_color": "#1778D2"
      },
      "render_controllers": [ "controller.render.lilyfin" ]
    }
  }
}