{
  "format_version": "1.20.10",
  "minecraft:recipe_shaped": {
    "description": {
    "identifier": "mv:copper_encased_pumpkin"
    },

    
    "tags": [ "crafting_table" ],
    "pattern": [
      "EEE",
      "EPE",
      "EEE"
    ],
    "key": {
      "E": {
          "item": "minecraft:copper_ingot"
      },
      "P": {
          "item": "minecraft:carved_pumpkin"
      }
    },
	"unlock": [
      {
        "item": "minecraft:carved_pumpkin"
      }
    ],
    "result": {
      "item": "mv:copper_encased_pumpkin",
      "count": 1
    }
  }
}
