{
  "format_version": "1.8.0",
  "minecraft:client_entity": {
    "description": {
      "identifier": "pvz:birth_sunflower",
      "materials": { "default": "iron_golem" },
      "textures": {
        "default": "textures/entity/birth_sunflower",
		"food": "textures/entity/food/birth_sunflower",
		"costume": "textures/entity/costumes/lod/birth_sunflower",
        "costume_food": "textures/entity/costumes/lod/food/birth_sunflower"
      },
      "geometry": {
        "default": "geometry.birth_sunflower"
      },
      "animations": {
        "move": "animation.sunflower.move",
		"food": "animation.sunflower.food"
      },
      "animation_controllers": [
        { "move": "controller.animation.sunflower.move" }
      ],
      "render_controllers": [ 
		"controller.render.birth_sunflower",
		"controller.render.birth_sunflower_costume"
	  ],
      "spawn_egg": {
        "texture": "pvz_seeds",
        "texture_index": 3
      }
    }
  }
}