{
	"format_version": "1.12.0",
	"minecraft:geometry": [
		{
			"description": {
				"identifier": "geometry.cardboard_nut",
				"texture_width": 64,
				"texture_height": 32,
				"visible_bounds_width": 2,
				"visible_bounds_height": 2.5,
				"visible_bounds_offset": [0, 0.75, 0]
			},
			"bones": [
				{
					"name": "card",
					"pivot": [0, 0, 0],
					"cubes": [
						{"origin": [-8, 0, -1], "size": [16, 20, 1], "pivot": [0, 0, 0], "rotation": [-15, 0, 0], "uv": [0, 0]},
						{"origin": [-2, 0, 4], "size": [3, 10, 1], "pivot": [0, 0, 4], "rotation": [12.5, 0, 0], "uv": [0, 21]}
					]
				}
			]
		}
	]
}