{
  "format_version": "1.8.0",
  "minecraft:client_entity": {
    "description": {
      "identifier": "pvz:marigold",
      "materials": { "default": "iron_golem" },
      "textures": {
        "default": "textures/entity/marigold",
        "food": "textures/entity/food/marigold"
      },
      "geometry": {
        "default": "geometry.marigold"
      },
      "animations": {
        "move": "animation.sunflower.move",
		"food": "animation.sunflower.food"
      },
      "animation_controllers": [
        { "move": "controller.animation.sunflower.move" }
      ],
      "render_controllers": [ "controller.render.sunflower" ],
      "spawn_egg": {
        "texture": "pvz_seeds",
        "texture_index": 3
      }
    }
  }
}