{
"format_version": "1.10.0",
	"minecraft:client_entity": {
		"description": {
			"identifier": "pvz:megagatling",
			"materials": {
				"default": "iron_golem"
			},
			"textures": {
			  "default": "textures/entity/megagatling",
			  "food": "textures/entity/food/megagatling",
			  "old": "textures/entity/costumes/megagatling",
			  "food_old": "textures/entity/costumes/food/megagatling",
			  "costume": "textures/entity/costumes/bdayz/megagatling",
			  "food_costume": "textures/entity/costumes/bdayz/food/megagatling"
			},
			"geometry": {
				"default": "geometry.megagatling"
			},
			"animations": {
				"move": "animation.peashooter.move",
				"attacking": "animation.megagatling.attack",
				"fooding": "animation.pmegagatling.attack",
				"shooting": "animation.pmegagatling.big_shoot",
				"general": "controller.animation.peashooter.general",
				"attack": "controller.animation.peashooter.attack",
				"food": "controller.animation.peashooter.food",
			  "shoot": "controller.animation.peashooter.bshoot"
			},
			"scripts": {
				"animate": [
					"general",
					"attack",
					"food"
				],
				"pre_animation": [
					"variable.attack = Math.sin(variable.attack_time * 30.0);"
				]
			},
			"render_controllers": [
				"controller.render.peashooter",
				"controller.render.peashooter_old",
				"controller.render.peashooter_costume"
			],
			"spawn_egg": {
				"texture": "pvz_seeds",
				"texture_index": 7
			}
		}
	}
}