{
  "format_version": "1.10.0",
	"minecraft:client_entity": {
	  "description": {
		"identifier": "pvz:repeater",
		  "materials": {
			"default": "iron_golem"
			},
			"textures": {
			  "default": "textures/entity/repeater",
			  "food": "textures/entity/food/repeater",
			  "shoot": "textures/entity/food/repeater_shoot",
			  "hat": "textures/entity/costumes/bdayz/repeater",
			  "food_hat": "textures/entity/costumes/bdayz/food/repeater",
			  "shoot_hat": "textures/entity/costumes/bdayz/food/repeater_shoot"
			},
			"geometry": {
			  "default": "geometry.repeater"
			},
			"animations": {
			  "move": "animation.peashooter.move",
			  "attacking": "animation.peashooter.attack",
			  "fooding": "animation.ppeashooter.attack",
			  "shooting": "animation.ppeashooter.big_shoot",
			  "general": "controller.animation.peashooter.general",
			  "attack": "controller.animation.peashooter.attack",
			  "food": "controller.animation.peashooter.food",
			  "shoot": "controller.animation.peashooter.bshoot"
			},
			"scripts": {
			  "animate": [
				"general",
				"attack",
				"food",
				"shoot"
			  ],
			  "pre_animation": [
				"variable.attack = Math.sin(variable.attack_time * 30.0);"
			  ]
			},
			"render_controllers": [
			  "controller.render.repeater",
			  "controller.render.repeater_costume"
			],
			"spawn_egg": {
			  "texture": "pvz_seeds",
			  "texture_index": 7
			}
		}
	}
}