{
"format_version": "1.10.0",
	"minecraft:client_entity": {
		"description": {
			"identifier": "pvz:snowpea",
			"materials": {
				"default": "iron_golem"
			},
			"textures": {
			  "default": "textures/entity/snowpea",
			  "food": "textures/entity/food/snowpea",
			  "costume": "textures/entity/costumes/bdayz/snowpea",
			  "food_costume": "textures/entity/costumes/bdayz/food/snowpea"
			},
			"geometry": {
				"default": "geometry.snowpea"
			},
			"animations": {
				"move": "animation.peashooter.move",
				"attacking": "animation.peashooter.attack",
				"fooding": "animation.ppeashooter.attack",
				"general": "controller.animation.peashooter.general",
				"attack": "controller.animation.peashooter.attack",
				"food": "controller.animation.peashooter.food"
			},
			"scripts": {
				"animate": [
					"general",
					"attack",
					"food"
				],
				"pre_animation": [
					"variable.attack = Math.sin(variable.attack_time * 30.0);"
				]
			},
			"render_controllers": [
				"controller.render.peashooter",
				"controller.render.peashooter_costume"
			],
			"spawn_egg": {
				"texture": "pvz_seeds",
				"texture_index": 7
			}
		}
	}
}