{
  "format_version": "1.8.0",
  "minecraft:client_entity": {
    "description": {
      "identifier": "pvz:sprout",
      "materials": { "default": "iron_golem" },
      "textures": {
        "default": "textures/blocks/sprout"
      },
      "geometry": {
        "default": "geometry.flower"
      },
      "animations": {
        "move": "animation.flower.move"
      },
      "animation_controllers": [
        { "move": "controller.animation.mover.move" }
      ],
      "render_controllers": [ "controller.render.iron_golem" ],
      "spawn_egg": {
        "texture": "pvz_seeds",
        "texture_index": 11
      }
    }
  }
}