{
  "format_version": "1.8.0",
  "minecraft:client_entity": {
    "description": {
      "identifier": "pvz:sunflower",
      "materials": { "default": "iron_golem" },
      "textures": {
        "default": "textures/entity/sunflower",
        "food": "textures/entity/food/sunflower",
		"major": "textures/entity/costumes/sunflower",
        "major_food": "textures/entity/costumes/food/sunflower"
      },
      "geometry": {
        "default": "geometry.sunflower"
      },
      "animations": {
        "move": "animation.sunflower.move",
		"food": "animation.sunflower.food"
      },
      "animation_controllers": [
        { "move": "controller.animation.sunflower.move" }
      ],
      "render_controllers": [
		"controller.render.sunflower",
		"controller.render.sunflower_costume" 
	  ],
      "spawn_egg": {
        "texture": "pvz_seeds",
        "texture_index": 3
      }
    }
  }
}