{
  "format_version": "1.10.0",
  "minecraft:client_entity": {
    "description": {
      "identifier": "pvz:wallnut",
      "materials": { "default": "iron_golem" },
      "textures": {
        "default": "textures/entity/wallnut/entire_wallnut",
        "low_cracked": "textures/entity/wallnut/low_damage_wallnut",
        "medium_cracked": "textures/entity/wallnut/medium_damage_wallnut",
        "highly_cracked": "textures/entity/wallnut/highly_damage_wallnut",
        "late": "textures/entity/costumes/wallnut/entire_wallnut",
        "low_late": "textures/entity/costumes/wallnut/low_damage_wallnut",
        "medium_late": "textures/entity/costumes/wallnut/medium_damage_wallnut",
        "highly_late": "textures/entity/costumes/wallnut/highly_damage_wallnut"
      },
      "geometry": {
        "default": "geometry.wallnut"
      },
      "animations": {
        "move": "animation.wallnut.move"
      },
		 "scripts":{
			 "pre_animation":[
				 "variable.health_status = (Math.round((query.health / query.max_health) * ( 3.0 )));"
          ]
       },
      "render_controllers": [ 
	     "controller.render.wallnut",
		 "controller.render.wallnut_costume"
	  ],
      "spawn_egg": {
        "texture": "pvz_seeds",
        "texture_index": 4
      }
    }
  }
}