{
	"format_version": "1.10.0",
	"particle_effect": {
		"description": {
			"identifier": "mv:frost_particle",
			"basic_render_parameters": {
				"material": "particles_alpha",
				"texture": "textures/particles/snowflake"
			}
		},
		"components": {
			"minecraft:emitter_rate_instant": {
				"num_particles": "math.random(6,12)"
			},
			"minecraft:emitter_lifetime_once": {
				"active_time": 1
			},
			"minecraft:emitter_shape_box": {
				"offset": [0, -1, 0],
				"half_dimensions": [0.4, 0.6, 0.4],
				"direction": "outwards"
			},
			"minecraft:particle_lifetime_expression": {
				"max_lifetime": "math.random(0.75,1.85)"
			},
			"minecraft:particle_initial_spin": {
				"rotation_rate": "math.random(-30,30)"
			},
			"minecraft:particle_initial_speed": 0.6,
			"minecraft:particle_motion_dynamic": {
				"linear_drag_coefficient": 1
			},
			"minecraft:particle_appearance_billboard": {
				"size": [0.2, 0.2],
				"facing_camera_mode": "rotate_xyz",
				"uv": {
					"texture_width": 16,
					"texture_height": 16,
					"uv": [0, 0],
					"uv_size": [16, 16]
				}
			},
			"minecraft:particle_motion_collision": {
				"coefficient_of_restitution": 0.6,
				"collision_radius": 0.1
			},
			"minecraft:particle_appearance_lighting": {},
			"minecraft:particle_appearance_tinting": {
				"color": {
					"interpolant": "v.particle_age / v.particle_lifetime",
					"gradient": {
						"0.0": "#FF0AD7FF",
						"0.35": "#ffffffff",
						"0.5": "#FFB1F3FF",
						"1.0": "#008DB5D8"
					}
				}
			}
		}
	}
}