{
	"format_version": "1.10.0",
	"particle_effect": {
		"description": {
			"identifier": "mv:hide",
			"basic_render_parameters": {
				"material": "particles_alpha",
				"texture": "textures/particle/particles"
			}
		},
		"components": {
			"minecraft:emitter_initialization": {
				"creation_expression": "v.c = math.random(0.3,0.6);"
			},
			"minecraft:emitter_rate_steady": {
				"spawn_rate": 15,
				"max_particles": 100
			},
			"minecraft:emitter_lifetime_once": {
				"active_time": 0.5
			},
			"minecraft:emitter_shape_box": {
				"offset": [0, 0.5, 0],
				"half_dimensions": [0.01, 0.01, 0.01],
				"surface_only": true,
				"direction": "outwards"
			},
			"minecraft:particle_lifetime_expression": {
				"max_lifetime": 1
			},
			"minecraft:particle_initial_speed": 1,
			"minecraft:particle_motion_dynamic": {
				"linear_drag_coefficient": 1
			},
			"minecraft:particle_appearance_billboard": {
				"size": [0.3, 0.3],
				"facing_camera_mode": "rotate_xyz",
				"uv": {
					"texture_width": 16,
					"texture_height": 16,
					"flipbook": {
						"base_UV": [7, 0],
						"size_UV": [1, 1],
						"step_UV": [-1, 0],
						"frames_per_second": 7,
						"max_frame": 9
					}
				}
			},
			"minecraft:particle_appearance_tinting": {
				"color": ["v.c", "v.c", "v.c", 1]
			}
		}
	}
}