{
	"format_version": "1.10.0",
	"particle_effect": {
		"description": {
			"identifier": "mv:ice_explosion",
			"basic_render_parameters": {
				"material": "particles_add",
				"texture": "textures/particles/snowflake"
			}
		},
		"components": {
			"minecraft:emitter_rate_instant": {
				"num_particles": "math.random(150,300)"
			},
			"minecraft:emitter_lifetime_once": {
				"active_time": 1
			},
			"minecraft:emitter_shape_box": {
				"offset": [0, 1, 0],
				"half_dimensions": [0.2, 0.1, 0.2],
				"surface_only": true,
				"direction": "outwards"
			},
			"minecraft:particle_lifetime_expression": {
				"max_lifetime": "1 + math.random(0.2,0.6)"
			},
			"minecraft:particle_initial_spin": {
				"rotation_rate": "math.random(-99,99)"
			},
			"minecraft:particle_initial_speed": 2.7,
			"minecraft:particle_motion_dynamic": {
				"linear_acceleration": [0, "1 - v.particle_age * 6", 0],
				"linear_drag_coefficient": 0.5
			},
			"minecraft:particle_appearance_billboard": {
				"size": [0.25, 0.25],
				"facing_camera_mode": "rotate_xyz",
				"uv": {
					"texture_width": 16,
					"texture_height": 16,
					"uv": [0, 0],
					"uv_size": [16, 16]
				}
			},
			"minecraft:particle_appearance_tinting": {
				"color": {
					"interpolant": "v.particle_age / v.particle_lifetime",
					"gradient": {
						"0.0": "#FF0AD7FF",
						"0.45": "#ffffffff",
						"0.75": "#FFB1F3FF",
						"1.0": "#008DB5D8"
					}
				}
			}
		}
	}
}