{
	"format_version": "1.10.0",
	"particle_effect": {
		"description": {
			"identifier": "mv:snow",
			"basic_render_parameters": {
				"material": "particles_alpha",
				"texture": "textures/particle/particles"
			}
		},
		"components": {
			"minecraft:emitter_rate_steady": {
				"spawn_rate": 25,
				"max_particles": 100
			},
			"minecraft:emitter_lifetime_once": {
				"active_time": 0.8
			},
			"minecraft:emitter_shape_sphere": {
				"radius": 0.4,
				"surface_only": true,
				"direction": "outwards"
			},
			"minecraft:particle_lifetime_expression": {
				"max_lifetime": 1
			},
			"minecraft:particle_initial_spin": {
				"rotation": "math.random(-50,50)",
				"rotation_rate": "math.random(-10,10) "
			},
			"minecraft:particle_initial_speed": 0.3,
			"minecraft:particle_motion_dynamic": {
				"linear_acceleration": [0, "-4 + v.particle_age * 8", 0]
			},
			"minecraft:particle_appearance_billboard": {
				"size": [0.1, 0.1],
				"facing_camera_mode": "rotate_xyz",
				"uv": {
					"texture_width": 16,
					"texture_height": 16,
					"flipbook": {
						"base_UV": [2, 0],
						"size_UV": [1, 1],
						"step_UV": [1, 0],
						"frames_per_second": 8,
						"max_frame": 6
					}
				}
			},
			"minecraft:particle_motion_collision": {
				"collision_drag": 3,
				"collision_radius": 0.1
			},
			"minecraft:particle_appearance_lighting": {},
			"minecraft:particle_appearance_tinting": {
				"color": {
					"interpolant": "v.particle_age / v.particle_lifetime",
					"gradient": {
						"0.0": "#ffffffff",
						"1.0": "#FFC6FBFF"
					}
				}
			}
		}
	}
}