{
	"format_version": "1.10.0",
	"particle_effect": {
		"description": {
			"identifier": "mv:wax_on",
			"basic_render_parameters": {
				"material": "particles_alpha",
				"texture": "textures/particles/wax"
			}
		},
		"components": {
			"minecraft:emitter_rate_instant": {
				"num_particles": 10
			},
			"minecraft:emitter_lifetime_once": {
				"active_time": 2
			},
			"minecraft:emitter_shape_box": {
				"offset": [0, 0.5, 0],
				"half_dimensions": [0.5, 0.5, 0.5],
				"direction": "outwards"
			},
			"minecraft:particle_lifetime_expression": {
				"max_lifetime": "math.random(0.6,1.2)+0.15"
			},
			"minecraft:particle_initial_speed": "math.random(0.05,0.2)",
			"minecraft:particle_motion_dynamic": {
				"linear_acceleration": [0, 0.25, 0]
			},
			"minecraft:particle_appearance_billboard": {
				"size": [0.2, 0.2],
				"facing_camera_mode": "rotate_xyz",
				"uv": {
					"texture_width": 13,
					"texture_height": 13,
					"uv": [0, 0],
					"uv_size": [13, 13]
				}
			},
			"minecraft:particle_appearance_lighting": {},
			"minecraft:particle_appearance_tinting": {
				"color": [1, 0.60392, 0, 1]
			}
		}
	}
}