{
  "format_version": "1.8.0",
  "minecraft:entity": {
    "description": {
      "identifier": "taco:boomerang_back",
      "is_spawnable": false,
      "is_summonable": true,
      "is_experimental": false,
      "runtime_identifier": "minecraft:snowball",
	    "scripts": {
	      "animate": [ "walk", "particle" ]
	    },
	    "animations": {
	      "walk": "controller.animation.tboomerang_track",
		  "particle": "controller.animation.power"
      }
    },
	 "component_groups": {
	   "minecraft:return": {
	    "minecraft:transformation": {
		  "into": "anim:no"
	     }
	   }
	 },
    "components": {
      "minecraft:type_family": {
        "family": [
          "plant"
        ]
      },
      "minecraft:entity_sensor": {
        "sensor_range": 0.5,
        "minimum_count": 1,
        "event_filters": {
          "all_of": [ { "test": "is_family", "subject": "other", "value": "tbloomerang" } ]
        },
        "event": "minecraft:event_returned"
      },
      "minecraft:collision_box": {
        "width": 0.3,
        "height": 0.3
      },
	  "minecraft:damage_sensor": [
	    {
		  "cause": "all",
		  "deals_damage": false
		}
	  ],
      "minecraft:knockback_resistance": {
        "value": 1.0
      },
      "minecraft:health": {
        "value": 1000
	  },
      "minecraft:fall_damage": {
        "value": 0.0
      },
      "minecraft:behavior.float": {
        "priority": 0
      },
	  "minecraft:physics": {
       "has_collision": false,
		  "has_gravity": false
	   },
		 "minecraft:scale": {
			 "value": 1.1
		 },
       "minecraft:area_attack" : {
         "damage_range": 1.0,
         "damage_per_tick": 8,
         "cause": "contact",
         "entity_filter": {
           "any_of": [
             { "test": "is_family", "subject": "other", "value": "undead" },
             { "test": "is_family", "subject": "other", "value": "monster" }
        ] 
      }
    }
  },
	"events": {
	  "minecraft:event_returned": {
	    "add": { 
		  "component_groups": [ "minecraft:return" ]
        }
      }
    }
  }
}