{
	"format_version": "1.10.0",
	"minecraft:client_entity": {
		"description": {
			"identifier": "zd:asset",
			"materials": {
				"default": "entity_alphatest"
			},
			"textures": {
				"base": "textures/entity/asset/asset_plains",
				"samac": "textures/entity/asset/asset_desert",
				"savana": "textures/entity/asset/asset_savanna",
				"damlay": "textures/entity/asset/asset_swamp",
				"rung": "textures/entity/asset/asset_jungle",
				"lanh": "textures/entity/asset/asset_taiga",
				"tuyet": "textures/entity/asset/asset_snow"
			},
			"geometry": {
				"default": "geometry.asset"
			},
			"animations": {
				"default": "animation.asset.default",
				"attack": "animation.asset.load",
				"walk": "animation.asset.walk",
				"target": "animation.asset.target",
				"run": "animation.asset.run",
				"look_at_target_default": "animation.humanoid.look_at_target.default",
				"controller": "controller.animation.asset.controller",
				"target_controller": "controller.animation.asset.target"
			},
			"scripts": {
				"pre_animation": [
					"variable.tcos0 = (Math.cos(query.modified_distance_moved * 38.17) * query.modified_move_speed / variable.gliding_speed_value) * 57.3;"
				],
				"animate": [
					"controller",
					"walk",
					"run",
					"look_at_target_default",
					"target_controller"
				]
			},
			"render_controllers": [
				"controller.render.asset"
			],
			"spawn_egg": {
				"base_color": "#DADADA",
				"overlay_color": "#653F08"
			}
		}
	}
}