{
	"format_version": "1.10.0",
	"minecraft:client_entity": {
		"description": {
			"identifier": "zd:cannon",
			"materials": {
				"default": "entity_alphatest"
			},
			"textures": {
				"default": "textures/entity/cannonblock"
			},
			"geometry": {
				"default": "geometry.cannon"
			},
			"animations": {
				"look_at_target": "animation.cannonblock.look_at_target"
			},
			"scripts": {
				"animate": [
					"look_at_target"
				]
			},
			"render_controllers": [
				"controller.render.cannon"
			]
		}
	}
}