{
	"format_version": "1.10.0",
	"minecraft:client_entity": {
		"description": {
			"identifier": "zd:cannon_shell",
			"materials": {
				"default": "entity"
			},
			"textures": {
				"default": "textures/entity/cannon_shell"
			},
			"geometry": {
				"default": "geometry.cannon_shell"
			},
			"animations": {
				"default": "animation.arrow.move"
			},
			"scripts": {
				"animate": [
					"default"
				],
				"pre_animation": [
					"variable.shake = query.shake_time - query.frame_alpha;",
					"variable.shake_power = variable.shake > 0.0 ? -Math.sin(variable.shake * 200.0) * variable.shake : 0.0;"
				]
			},
			"render_controllers": [
				"controller.render.ice"
			]
		}
	}
}