{
	"format_version": "1.10.0",
	"minecraft:client_entity": {
		"description": {
			"identifier": "zd:catapult",
			"materials": {
				"default": "entity_alphatest"
			},
			"textures": {
				"default": "textures/entity/catapult"
			},
			"geometry": {
				"default": "geometry.catapult"
			},
			"animations": {
				"default": "animation.catapult.default",
				"charged": "animation.catapult.charged",
				"move": "animation.catapult.move",
				"attack": "controller.animation.catapult.attack"
			},
			"scripts": {
				"animate": [
					"move",
					"attack"
				]
			},
			"render_controllers": [
				"controller.render.catapult"
			]
		}
	}
}