{
	"format_version": "1.8.0",
	"minecraft:client_entity": {
		"description": {
			"identifier": "zd:dark_evoker",
			"materials": {
				"default": "evoker"
			},
			"textures": {
				"default": "textures/entity/illusioner"
			},
			"geometry": {
				"default": "geometry.evoker_legend"
			},
			"scripts": {
				"scale": 0.9375
			},
			"animations": {
				"general": "animation.evoker.general.v1.0",
				"casting": "animation.evoker.casting.v1.0",
				"look_at_target": "animation.humanoid.look_at_target.default.v1.0",
				"move": "animation.villager.move"
			},
			"animation_controllers": [
				{
					"general": "controller.animation.evoker.general.v1.0"
				},
				{
					"move": "controller.animation.villager.move"
				}
			],
			"particle_effects": {
				"spell": "minecraft:evoker_spell"
			},
			"render_controllers": [
				"controller.render.evoker_legend"
			],
			"spawn_egg": {
				"base_color": "#001426",
				"overlay_color": "#090E12"
			}
		}
	}
}