{
	"format_version": "1.10.0",
	"minecraft:client_entity": {
		"description": {
			"identifier": "zd:flag_red",
			"materials": {
				"default": "entity_alphatest"
			},
			"textures": {
				"default": "textures/entity/flag_red"
			},
			"geometry": {
				"default": "geometry.flag"
			},
			"animations": {
				"move": "animation.arrow.move",
				"stand": "animation.flag.stand"
			},
			"scripts": {
				"pre_animation": [
					"variable.shake = query.shake_time - query.frame_alpha;",
					"variable.shake_power = variable.shake > 0.0 ? -Math.sin(variable.shake * 200.0) * variable.shake : 0.0;"
				],
				"animate": [
					"move",
					{
						"stand": "query.is_on_ground"
					}
				]
			},
			"render_controllers": [
				"controller.render.ice"
			]
		}
	}
}