{
	"format_version": "1.10.0",
	"minecraft:client_entity": {
		"description": {
			"identifier": "zd:healing_villager",
			"materials": {
				"default": "entity_alphatest"
			},
			"textures": {
				"default": "textures/entity/healing_villager"
			},
			"geometry": {
				"default": "geometry.healing_villager"
			},
			"animations": {
				"start": "animation.healing_villager.default",
				"startandend": "controller.animation.healing.startandend"
			},
			"scripts": {
				"animate": [
					"startandend"
				]
			},
			"render_controllers": [
				"controller.render.healing_villager"
			],
			"spawn_egg": {
				"texture": "healing_villager"
			}
		}
	}
}