{
	"format_version": "1.10.0",
	"minecraft:client_entity": {
		"description": {
			"identifier": "zd:heavy_crossbow",
			"materials": {
				"default": "entity"
			},
			"textures": {
				"default": "textures/entity/heavy_crossbow"
			},
			"geometry": {
				"default": "geometry.heavy_crossbow"
			},
			"animations": {
				"shooting": "animation.heavy_crossbow.load",
				"look_at_target": "animation.humanoid.look_at_target.default",
				"attack": "controller.animation.crossbow_stand.attack"
			},
			"scripts": {
				"animate": [
					"attack"
				]
			},
			"render_controllers": [
				"controller.render.crossbow_stand"
			]
		}
	}
}