{
	"format_version": "1.10.0",
	"minecraft:client_entity": {
		"description": {
			"identifier": "zd:horse_villager",
			"materials": {
				"default": "entity_alphatest"
			},
			"textures": {
				"base": "textures/entity/horse2/horse_knight",
				"knight": "textures/entity/horse2/horse_knight_update"
			},
			"geometry": {
				"default": "geometry.horse_villager"
			},
			"scripts": {
				"pre_animation": [
					"variable.tcos0 = (Math.cos(query.modified_distance_moved * 38.17) * query.modified_move_speed / variable.gliding_speed_value) * 57.3;",
					"variable.horse.head_x_rot = query.target_x_rotation + (query.modified_move_speed > 0.2 ? ((math.cos(query.modified_distance_moved * 11.46) + 1.0) * query.modified_move_speed * 11.46) : 0.0);",
					"variable.tcos1 = (Math.cos(query.modified_distance_moved * 38.17) * query.modified_move_speed / variable.gliding_speed_value) * 20;",
					"variable.tcos3 = (Math.cos(query.modified_distance_moved * 38.17) * query.modified_move_speed / variable.gliding_speed_value) * 10;"
				],
				"animate": [
					"controller",
					"look_at_target_controller"
				]
			},
			"animations": {
				"walk": "animation.horse_villager.walk",
				"controller": "controller.animation.horse.villager",
				"attack1": "animation.horse_villager.attack",
				"idle": "animation.horse_villager.idle",
				"look_at_target_default": "animation.humanoid.look_at_target.default",
				"look_at_target_swimming": "animation.humanoid.look_at_target.swimming",
				"look_at_target_gliding": "animation.humanoid.look_at_target.gliding",
				"look_at_target_controller": "controller.animation.humanoid.look_at_target",
				"run": "animation.horse_villager.run",
				"attack2": "animation.horse_villager.attack2",
				"sit": "animation.horse_villager.sit"
			},
			"render_controllers": [
				"controller.render.horse_villager"
			],
			"spawn_egg": {
				"base_color": "#B3B3B3",
				"overlay_color": "#1778D2"
			}
		}
	}
}