{
	"format_version": "1.10.0",
	"minecraft:client_entity": {
		"description": {
			"identifier": "zd:horse_car",
			"textures": {
				"default": "textures/entity/horse_car"
			},
			"geometry": {
				"default": "geometry.horse_car"
			},
			"materials": {
				"default": "entity_alphatest"
			},
			"scripts": {
				"pre_animation": [
					"variable.tcos0 = (Math.cos(query.modified_distance_moved * 38.17) * query.modified_move_speed / variable.gliding_speed_value) * 57.3;",
					"variable.horse.head_x_rot = query.target_x_rotation + (query.modified_move_speed > 0.2 ? ((math.cos(query.modified_distance_moved * 11.46) + 1.0) * query.modified_move_speed * 11.46) : 0.0);",
					"variable.tcos1 = (Math.cos(query.modified_distance_moved * 38.17) * query.modified_move_speed / variable.gliding_speed_value) * 20;",
					"variable.tcos3 = (Math.cos(query.modified_distance_moved * 38.17) * query.modified_move_speed / variable.gliding_speed_value) * 10;"
				],
				"animate": [
					"tail",
					"walk_controller"
				]
			},
			"animations": {
				"walk": "animation.horse_car.run",
				"tail": "animation.horse.tail",
				"run": "animation.horse_car.walk",
				"open": "animation.horse_car.open",
				"walk_controller": "controller.animation.walk",
				"move": "animation.horse_car.move",
				"eat": "animation.horse_car.eat",
				"default": "animation.horse_car.default"
			},
			"spawn_egg": {
				"base_color": "#D2BF17",
				"overlay_color": "#61543D"
			},
			"render_controllers": [
				"controller.render.horse_car"
			]
		}
	}
}