{
	"format_version": "1.8.0",
	"minecraft:client_entity": {
		"description": {
			"identifier": "zd:ice_illager",
			"materials": {
				"default": "evoker"
			},
			"textures": {
				"default": "textures/entity/wandering_trader_illager"
			},
			"geometry": {
				"default": "geometry.evoker_legend"
			},
			"scripts": {
				"scale": 0.9375
			},
			"animations": {
				"general": "animation.evoker.general.v1.0",
				"casting": "animation.evoker.casting.v1.0",
				"look_at_target": "animation.humanoid.look_at_target.default.v1.0",
				"move": "animation.villager.move",
				"shootice": "animation.evoker_legend.shootice"
			},
			"animation_controllers": [
				{
					"general": "controller.animation.evoker.general.v1.0"
				},
				{
					"move": "controller.animation.villager.move"
				},
				{
					"shoot": "controller.animation.ice_illager.shoot"
				}
			],
			"particle_effects": {
				"spell": "minecraft:evoker_spell"
			},
			"render_controllers": [
				"controller.render.evokerlegend"
			],
			"spawn_egg": {
				"base_color": "#1774D2",
				"overlay_color": "#153553"
			}
		}
	}
}