{
	"format_version": "1.10.0",
	"minecraft:client_entity": {
		"description": {
			"identifier": "zd:ice_shell",
			"materials": {
				"default": "entity_alphatest"
			},
			"textures": {
				"default": "textures/entity/ice"
			},
			"geometry": {
				"default": "geometry.ice_shell"
			},
			"animations": {
				"default": "animation.ice_shell.default",
				"controller": "controller.animation.ice_shell.controller"
			},
			"scripts": {
				"animate": [
					"controller"
				]
			},
			"render_controllers": [
				"controller.render.ice"
			]
		}
	}
}