{
	"format_version": "1.10.0",
	"minecraft:client_entity": {
		"description": {
			"identifier": "zd:illager_battleship",
			"materials": {
				"default": "entity_alphatest"
			},
			"textures": {
				"default": "textures/entity/illager_battleship"
			},
			"geometry": {
				"default": "geometry.illager_battleship"
			},
			"animations": {
				"default": "animation.viking_boat.default",
				"move": "animation.viking_boat.move",
				"stand": "animation.viking_boat.stand",
				"look_at_target": "animation.illager_battleship.look"
			},
			"scripts": {
				"animate": [
					{
						"move": "query.modified_move_speed"
					},
					{
						"stand": "query.is_tamed"
					},
					"look_at_target"
				]
			},
			"render_controllers": [
				"controller.render.cannon"
			],
			"spawn_egg": {
				"texture": "battleship",
				"texture_index": 0
			}
		}
	}
}