{
	"format_version": "1.10.0",
	"minecraft:client_entity": {
		"description": {
			"identifier": "zd:iron_villager",
			"materials": {
				"default": "piglin_brute"
			},
			"textures": {
				"default": "textures/entity/iron_villager"
			},
			"geometry": {
				"default": "geometry.iron_villager"
			},
			"scripts": {
				"pre_animation": [
					"variable.tcos0 = (Math.cos(query.modified_distance_moved * 38.17) * query.modified_move_speed / variable.gliding_speed_value) * 57.3;",
					"variable.attack = Math.sin((1.0 - (1.0 - variable.attack_time) * (1.0 - variable.attack_time)) * 180.0) * -37.3;",
					"variable.attack2 = Math.sin(variable.attack_time * 180.0) * -37.3;",
					"variable.z_bob = Math.cos(query.life_time * 103.13244) * 2.865 + 2.865;",
					"variable.x_bob = Math.sin(query.life_time * 76.776372) * 2.865;"
				],
				"animate": [
					{
						"humanoid_big_head": "query.is_baby"
					},
					"move",
					"bob",
					"look_at_target_controller",
					"riding_controller",
					"attack_controller"
				]
			},
			"animations": {
				"move": "animation.piglin.move",
				"bob": "animation.humanoid.bob",
				"humanoid_big_head": "animation.humanoid.big_head",
				"look_at_target_controller": "controller.animation.humanoid.look_at_target",
				"look_at_target_default": "animation.humanoid.look_at_target.default",
				"look_at_target_gliding": "animation.humanoid.look_at_target.gliding",
				"look_at_target_swimming": "animation.humanoid.look_at_target.swimming",
				"melee_attack": "animation.iron_villager.attack",
				"riding_controller": "controller.animation.humanoid.riding",
				"riding.arms": "animation.humanoid.riding.arms",
				"riding.legs": "animation.humanoid.riding.legs",
				"attack_controller": "controller.animation.iron_villager.attack",
				"start": "animation.iron_villager.start"
			},
			"render_controllers": [
				"controller.render.iron_villager"
			],
			"enable_attachables": true,
			"spawn_egg": {
				"base_color": "#0FEB38",
				"overlay_color": "#EBEBEB"
			}
		}
	}
}