{
	"format_version": "1.10.0",
	"minecraft:client_entity": {
		"description": {
			"identifier": "zd:muiten",
			"materials": {
				"default": "entity"
			},
			"textures": {
				"default": "textures/entity/asset/asset_plains"
			},
			"geometry": {
				"default": "geometry.muiten"
			},
			"animations": {
				"move": "animation.muiten.default"
			},
			"scripts": {
				"pre_animation": [
					"variable.shake = query.shake_time - query.frame_alpha;",
					"variable.shake_power = variable.shake > 0.0 ? -Math.sin(variable.shake * 200.0) * variable.shake : 0.0;"
				],
				"animate": [
					"move"
				]
			},
			"render_controllers": [
				"controller.render.ice"
			]
		}
	}
}