{
	"format_version": "1.10.0",
	"minecraft:client_entity": {
		"description": {
			"identifier": "zd:pillager_pistol",
			"materials": {
				"default": "pillager"
			},
			"textures": {
				"default": "textures/entity/pillager_pistol"
			},
			"geometry": {
				"default": "geometry.pillager_pistol"
			},
			"spawn_egg": {
				"base_color": "#262626",
				"overlay_color": "#594A1C"
			},
			"scripts": {
				"pre_animation": [
					"variable.tcos0 = (Math.cos(query.modified_distance_moved * 38.17) * query.modified_move_speed / variable.gliding_speed_value) * 57.3;",
					"variable.attack = Math.sin((1.0 - (1.0 - variable.attack_time) * (1.0 - variable.attack_time)) * 180.0) * 57.3;",
					"variable.attack2 = Math.sin(variable.attack_time * 180.0) * 57.3;",
					"variable.z_bob = Math.cos(query.life_time * 103.13244) * 2.865 + 2.865;",
					"variable.x_bob = Math.sin(query.life_time * 76.776372) * 2.865;"
				],
				"animate": [
					{
						"humanoid_big_head": "query.is_baby"
					},
					"bob",
					"look_at_target_controller",
					"riding_controller",
					"move",
					"rider_controller",
					"pistol_controller"
				]
			},
			"animations": {
				"bob": "animation.humanoid.bob",
				"humanoid_big_head": "animation.humanoid.big_head",
				"look_at_target_controller": "controller.animation.humanoid.look_at_target",
				"look_at_target_default": "animation.humanoid.look_at_target.default",
				"look_at_target_gliding": "animation.humanoid.look_at_target.gliding",
				"look_at_target_swimming": "animation.humanoid.look_at_target.swimming",
				"melee_attack": "animation.piglin.sword.attack",
				"hand_attack": "animation.piglin.hand.attack",
				"riding_controller": "controller.animation.humanoid.riding",
				"riding.arms": "animation.humanoid.riding.arms",
				"riding.legs": "animation.humanoid.riding.legs",
				"move": "animation.piglin.move",
				"rider": "animation.villagersoldier.ride",
				"rider_controller": "controller.animation.rider",
				"pistol": "animation.villager_pistol.attack",
				"pistol_controller": "controller.animation.pistol",
				"bow_and_arrow": "animation.humanoid.bow_and_arrow.v1.0"
			},
			"render_controllers": [
				"controller.render.pillager"
			],
			"enable_attachables": true,
			"hide_armor": true
		}
	}
}