{
	"format_version": "1.10.0",
	"minecraft:client_entity": {
		"description": {
			"identifier": "zd:pillager_small_cannon",
			"materials": {
				"default": "entity_alphatest"
			},
			"textures": {
				"default": "textures/entity/rocket_pillager"
			},
			"geometry": {
				"default": "geometry.rocket_pillager"
			},
			"animations": {
				"default": "animation.villagercannon.default",
				"controller": "controller.animation.villagercannon",
				"attack": "animation.rocket_pillager.load",
				"look_at_target_default": "animation.humanoid.look_at_target.default",
				"walk": "animation.villagercannon.move",
				"notarget": "animation.villagercannon.notarget"
			},
			"scripts": {
				"pre_animation": [
					"variable.tcos0 = (Math.cos(query.modified_distance_moved * 38.17) * query.modified_move_speed / variable.gliding_speed_value) * 57.3;"
				],
				"animate": [
					"controller",
					{
						"notarget": "!query.has_target"
					}
				]
			},
			"render_controllers": [
				"controller.render.pillager_small_cannon"
			],
			"spawn_egg": {
				"base_color": "#28D217",
				"overlay_color": "#2A2E32"
			}
		}
	}
}