{
	"format_version": "1.10.0",
	"minecraft:client_entity": {
		"description": {
			"identifier": "zd:shell",
			"materials": {
				"default": "entity"
			},
			"textures": {
				"default": "textures/entity/shell"
			},
			"geometry": {
				"default": "geometry.shell"
			},
			"animations": {
				"default": "animation.arrow.move"
			},
			"scripts": {
				"animate": [
					"default"
				],
				"pre_animation": [
					"variable.shake = query.shake_time - query.frame_alpha;",
					"variable.shake_power = variable.shake > 0.0 ? -Math.sin(variable.shake * 200.0) * variable.shake : 0.0;"
				]
			},
			"render_controllers": [
				"controller.render.rocket"
			],
			"particle_effects": {
				"move": "minecraft:campfire_smoke_particle"
			}
		}
	}
}