{
	"format_version": "1.10.0",
	"minecraft:client_entity": {
		"description": {
			"identifier": "zd:tru",
			"materials": {
				"default": "fang"
			},
			"textures": {
				"default": "textures/entity/tru"
			},
			"geometry": {
				"default": "geometry.tru"
			},
			"animations": {
				"spawn": "animation.tru.spawn",
				"end": "animation.tru.end",
				"attack_controller": "controller.animation.attack"
			},
			"scripts": {
				"animate": [
					"attack_controller"
				]
			},
			"render_controllers": [
				"controller.render.tru"
			]
		}
	}
}