{
	"format_version": "1.10.0",
	"minecraft:client_entity": {
		"description": {
			"identifier": "zd:viking_boat",
			"materials": {
				"default": "entity_alphatest"
			},
			"textures": {
				"default": "textures/entity/viking_boat"
			},
			"geometry": {
				"default": "geometry.viking_boat"
			},
			"animations": {
				"default": "animation.viking_boat.default",
				"move": "animation.viking_boat.move",
				"stand": "animation.viking_boat.stand"
			},
			"scripts": {
				"animate": [
					{
						"move": "query.modified_move_speed"
					},
					{
						"stand": "query.is_tamed"
					}
				]
			},
			"render_controllers": [
				"controller.render.cannon"
			]
		}
	}
}