{
	"format_version": "1.10.0",
	"minecraft:client_entity": {
		"description": {
			"identifier": "zd:villagercannon",
			"materials": {
				"default": "entity_alphatest"
			},
			"textures": {
				"base": "textures/entity/villagercannon/cannon_plains",
				"samac": "textures/entity/villagercannon/cannon_desert",
				"savana": "textures/entity/villagercannon/cannon_savana",
				"damlay": "textures/entity/villagercannon/cannon_swamp",
				"rung": "textures/entity/villagercannon/cannon_jungle",
				"lanh": "textures/entity/villagercannon/cannon_taiga",
				"tuyet": "textures/entity/villagercannon/cannon_snown"
			},
			"geometry": {
				"default": "geometry.villagercannon"
			},
			"animations": {
				"look_at_target_default": "animation.humanoid.look_at_target.default",
				"default": "animation.villagercannon.default",
				"attack": "animation.villagercannon.load",
				"walk": "animation.villagercannon.move",
				"controller": "controller.animation.villagercannon",
				"notarget": "animation.villagercannon.notarget",
				"sung": "animation.villagercannon.sung"
			},
			"scripts": {
				"pre_animation": [
					"variable.tcos0 = (Math.cos(query.modified_distance_moved * 38.17) * query.modified_move_speed / variable.gliding_speed_value) * 57.3;"
				],
				"animate": [
					"controller",
					{
						"notarget": "!query.has_target"
					}
				]
			},
			"render_controllers": [
				"controller.render.asset"
			],
			"spawn_egg": {
				"base_color": "#555555",
				"overlay_color": "#653F08"
			}
		}
	}
}