{
	"format_version": "1.8.0",
	"minecraft:client_entity": {
		"description": {
			"identifier": "zd:villager_magic",
			"materials": {
				"default": "evoker"
			},
			"textures": {
				"base": "textures/entity/villager_magic/villager_magic_plains",
				"samac": "textures/entity/villager_magic/villager_magic_desert",
				"savana": "textures/entity/villager_magic/villager_magic_savana",
				"damlay": "textures/entity/villager_magic/villager_magic_swamp",
				"rung": "textures/entity/villager_magic/villager_magic_jungles",
				"lanh": "textures/entity/villager_magic/villager_magic_taiga",
				"tuyet": "textures/entity/villager_magic/villager_magic_snow"
			},
			"geometry": {
				"default": "geometry.villager_magic"
			},
			"scripts": {
				"scale": 0.8
			},
			"animations": {
				"general": "animation.evoker.general.v1.0",
				"casting": "animation.evoker.casting.v1.0",
				"look_at_target": "animation.humanoid.look_at_target.default.v1.0",
				"move": "animation.villager.move",
				"rider": "animation.villagersoldier.ride"
			},
			"animation_controllers": [
				{
					"general": "controller.animation.evoker.general.v1.0"
				},
				{
					"move": "controller.animation.villager.move"
				},
				{
					"rider_controller": "controller.animation.rider"
				}
			],
			"particle_effects": {
				"spell": "minecraft:evoker_spell"
			},
			"render_controllers": [
				"controller.render.villager_magic"
			],
			"spawn_egg": {
				"base_color": "#AA09DB",
				"overlay_color": "#E5EBAD"
			}
		}
	}
}