{
	"format_version": "1.10.0",
	"minecraft:client_entity": {
		"description": {
			"identifier": "zd:villager_knight",
			"materials": {
				"default": "piglin_brute"
			},
			"textures": {
				"default": "textures/entity/villager_knight"
			},
			"geometry": {
				"default": "geometry.villager_knight"
			},
			"spawn_egg": {
				"base_color": "#CFA187",
				"overlay_color": "#DA1F07"
			},
			"scripts": {
				"pre_animation": [
					"variable.tcos0 = (Math.cos(query.modified_distance_moved * 38.17) * query.modified_move_speed / variable.gliding_speed_value) * 57.3;",
					"variable.z_bob = Math.cos(query.life_time * 103.13244) * 2.865 + 2.865;",
					"variable.x_bob = Math.sin(query.life_time * 76.776372) * 2.865;"
				],
				"animate": [
					{
						"humanoid_big_head": "query.is_baby"
					},
					"move",
					"bob",
					"look_at_target_controller",
					"riding_controller",
					"attack_controller",
					"sit_controller",
					"rider_controller",
					{
						"sheild": "query.is_stunned"
					}
				]
			},
			"animations": {
				"move": "animation.piglin.move",
				"bob": "animation.humanoid.bob",
				"humanoid_big_head": "animation.humanoid.big_head",
				"look_at_target_controller": "controller.animation.humanoid.look_at_target",
				"look_at_target_default": "animation.humanoid.look_at_target.default",
				"look_at_target_gliding": "animation.humanoid.look_at_target.gliding",
				"look_at_target_swimming": "animation.humanoid.look_at_target.swimming",
				"riding_controller": "controller.animation.humanoid.riding",
				"riding.arms": "animation.humanoid.riding.arms",
				"riding.legs": "animation.humanoid.riding.legs",
				"attack": "animation.villager_knight.attack",
				"attack2": "animation.villager_knight.attack3",
				"attack_controller": "controller.animation.villager_knight.attack",
				"sit": "animation.villager.sit",
				"sit_controller": "controller.animation.villager.sit",
				"rider_controller": "controller.animation.rider",
				"rider": "animation.villagersoldier.ride",
				"sheild": "animation.villager.sheild"
			},
			"render_controllers": [
				"controller.render.villager_knight"
			],
			"enable_attachables": true
		}
	}
}