{
	"format_version": "1.10.0",
	"minecraft:client_entity": {
		"description": {
			"identifier": "zd:villager_hunter",
			"materials": {
				"default": "piglin"
			},
			"textures": {
				"base": "textures/entity/villager_hunter/hunter_plains",
				"samac": "textures/entity/villager_hunter/hunter_desert",
				"savana": "textures/entity/villager_hunter/hunter_savanna",
				"damlay": "textures/entity/villager_hunter/hunter_swamp",
				"rung": "textures/entity/villager_hunter/hunter_jungle",
				"lanh": "textures/entity/villager_hunter/hunter_taiga",
				"tuyet": "textures/entity/villager_hunter/hunter_snow"
			},
			"geometry": {
				"default": "geometry.villager_bow"
			},
			"spawn_egg": {
				"base_color": "#F7EDBD",
				"overlay_color": "#747170"
			},
			"scripts": {
				"pre_animation": [
					"variable.tcos0 = (Math.cos(query.modified_distance_moved * 38.17) * query.modified_move_speed / variable.gliding_speed_value) * 57.3;",
					"variable.attack = Math.sin((1.0 - (1.0 - variable.attack_time) * (1.0 - variable.attack_time)) * 180.0) * 57.3;",
					"variable.attack2 = Math.sin(variable.attack_time * 180.0) * 57.3;",
					"variable.z_bob = Math.cos(query.life_time * 103.13244) * 2.865 + 2.865;",
					"variable.x_bob = Math.sin(query.life_time * 76.776372) * 2.865;"
				],
				"animate": [
					{
						"humanoid_big_head": "query.is_baby"
					},
					"move",
					"bob",
					"look_at_target_controller",
					"riding_controller",
					"villager_attack_controller",
					"rider_controller"
				]
			},
			"animations": {
				"move": "animation.piglin.move",
				"bob": "animation.humanoid.bob",
				"humanoid_big_head": "animation.humanoid.big_head",
				"look_at_target_controller": "controller.animation.humanoid.look_at_target",
				"look_at_target_default": "animation.humanoid.look_at_target.default",
				"look_at_target_gliding": "animation.humanoid.look_at_target.gliding",
				"look_at_target_swimming": "animation.humanoid.look_at_target.swimming",
				"riding_controller": "controller.animation.humanoid.riding",
				"riding.arms": "animation.humanoid.riding.arms",
				"riding.legs": "animation.humanoid.riding.legs",
				"rider_controller": "controller.animation.rider",
				"rider": "animation.villagersoldier.ride",
				"hand_attack": "animation.pillager_desert.attack",
				"villager_attack_controller": "controller.animation.hunter.attack",
				"admire": "animation.villager_hunter.admire"
			},
			"render_controllers": [
				"controller.render.villagersoldier"
			],
			"enable_attachables": true
		}
	}
}