{
	"format_version": "1.10.0",
	"minecraft:client_entity": {
		"description": {
			"identifier": "zd:villagersoldier",
			"materials": {
				"default": "entity_alphatest"
			},
			"textures": {
				"base": "textures/entity/villagersoldier/guard_0",
				"samac": "textures/entity/villagersoldier/guard_1",
				"savana": "textures/entity/villagersoldier/guard_2",
				"damlay": "textures/entity/villagersoldier/guard_3",
				"rung": "textures/entity/villagersoldier/guard_4",
				"lanh": "textures/entity/villagersoldier/guard_5",
				"tuyet": "textures/entity/villagersoldier/guard_6"
			},
			"geometry": {
				"default": "geometry.villagersoldier"
			},
			"spawn_egg": {
				"base_color": "#817E7C",
				"overlay_color": "#46250B"
			},
			"scripts": {
				"pre_animation": [
					"variable.tcos0 = (Math.cos(query.modified_distance_moved * 38.17) * query.modified_move_speed / variable.gliding_speed_value) * 57.3;",
					"variable.attack = Math.sin((1.0 - (1.0 - variable.attack_time) * (1.0 - variable.attack_time)) * 180.0) * 57.3;",
					"variable.attack2 = Math.sin(variable.attack_time * 180.0) * 57.3;",
					"variable.z_bob = Math.cos(query.life_time * 103.13244) * 2.865 + 2.865;",
					"variable.x_bob = Math.sin(query.life_time * 76.776372) * 2.865;"
				],
				"animate": [
					{
						"humanoid_big_head": "query.is_baby"
					},
					"move",
					"bob",
					"look_at_target_controller",
					"riding_controller",
					"villager_attack_controller",
					"sit_controller",
					"rider_controller",
					"shield"
				]
			},
			"animations": {
				"move": "animation.piglin.move",
				"bob": "animation.humanoid.bob",
				"humanoid_big_head": "animation.humanoid.big_head",
				"look_at_target_controller": "controller.animation.humanoid.look_at_target",
				"look_at_target_default": "animation.humanoid.look_at_target.default",
				"look_at_target_gliding": "animation.humanoid.look_at_target.gliding",
				"look_at_target_swimming": "animation.humanoid.look_at_target.swimming",
				"crossbow_charge": "animation.piglin.crossbow.charge",
				"crossbow_hold": "animation.piglin.crossbow.hold",
				"melee_attack": "animation.player.attack.rotations",
				"hand_attack": "animation.piglin.hand.attack",
				"riding_controller": "controller.animation.humanoid.riding",
				"riding.arms": "animation.humanoid.riding.arms",
				"riding.legs": "animation.humanoid.riding.legs",
				"villager_attack_controller": "controller.animation.villagersoldier.attack",
				"sit": "animation.villager.sit",
				"sit_controller": "controller.animation.villager.sit",
				"rider": "animation.villagersoldier.ride",
				"rider_controller": "controller.animation.rider",
				"sheild": "animation.villager.sheild",
				"shield": "controller.animation.shield"
			},
			"render_controllers": [
				"controller.render.villagersoldier"
			],
			"enable_attachables": true
		}
	}
}