{
	"format_version": "1.10.0",
	"minecraft:client_entity": {
		"description": {
			"identifier": "zd:villager_navy",
			"materials": {
				"default": "pillager"
			},
			"textures": {
				"default": "textures/entity/villager_navy"
			},
			"geometry": {
				"default": "geometry.villager_bow"
			},
			"spawn_egg": {
				"base_color": "#044785",
				"overlay_color": "#93BEE6"
			},
			"scripts": {
				"pre_animation": [
					"variable.tcos0 = (Math.cos(query.modified_distance_moved * 38.17) * query.modified_move_speed / variable.gliding_speed_value) * 57.3;"
				],
				"animate": [
					"controller_bob",
					"controller_attack",
					"controller_riding",
					"controller_move",
					"controller_look_at_target",
					"controller_humanoid_base_pose",
					"attack_controller",
					{
						"rider": "query.is_riding"
					}
				]
			},
			"animations": {
				"humanoid_base_pose": "animation.humanoid.base_pose",
				"look_at_target_default": "animation.humanoid.look_at_target.default",
				"look_at_target_gliding": "animation.humanoid.look_at_target.gliding",
				"look_at_target_swimming": "animation.humanoid.look_at_target.swimming",
				"move": "animation.humanoid.move",
				"riding.arms": "animation.humanoid.riding.arms",
				"riding.legs": "animation.humanoid.riding.legs",
				"holding": "animation.humanoid.holding",
				"attack.rotations": "animation.humanoid.attack.rotations",
				"bob": "animation.humanoid.bob",
				"celebrating": "animation.humanoid.celebrating",
				"controller_humanoid_base_pose": "controller.animation.humanoid.base_pose",
				"controller_look_at_target": "controller.animation.humanoid.look_at_target",
				"controller_move": "controller.animation.humanoid.move",
				"controller_riding": "controller.animation.humanoid.riding",
				"controller_attack": "controller.animation.humanoid.attack",
				"controller_bob": "controller.animation.humanoid.bob",
				"attack": "animation.illager_pirate.attack",
				"bow_and_arrow": "animation.humanoid.bow_and_arrow.v1.0",
				"reload": "animation.illager_pirate.reload",
				"swimming": "animation.illager_pirate.swim",
				"attack_controller": "controller.animation.pillagersailor.attack",
				"default": "animation.villager_soldier_musket.default",
				"rider": "animation.pillager.rider"
			},
			"render_controllers": [
				"controller.render.pillager"
			],
			"enable_attachables": true
		}
	}
}