{
	"format_version": "1.10.0",
	"minecraft:client_entity": {
		"description": {
			"identifier": "zd:villager_soldier_musket",
			"materials": {
				"default": "piglin_brute"
			},
			"textures": {
				"base": "textures/entity/villager_soldier_bow/villager_bow_plains",
				"samac": "textures/entity/villager_soldier_bow/villager_bow_desert",
				"savana": "textures/entity/villager_soldier_bow/villager_bow_savanna",
				"damlay": "textures/entity/villager_soldier_bow/villager_bow_swamp",
				"rung": "textures/entity/villager_soldier_bow/villager_bow_jungle",
				"lanh": "textures/entity/villager_soldier_bow/villager_bow_taiga",
				"tuyet": "textures/entity/villager_soldier_bow/villager_bow_snow"
			},
			"geometry": {
				"default": "geometry.villager_bow"
			},
			"spawn_egg": {
				"base_color": "#EBB495",
				"overlay_color": "#FEF900"
			},
			"scripts": {
				"pre_animation": [
					"variable.tcos0 = (Math.cos(query.modified_distance_moved * 38.17) * query.modified_move_speed / variable.gliding_speed_value) * 57.3;",
					"variable.attack = Math.sin((1.0 - (1.0 - variable.attack_time) * (1.0 - variable.attack_time)) * 180.0) * 57.3;",
					"variable.attack2 = Math.sin(variable.attack_time * 180.0) * 57.3;",
					"variable.z_bob = Math.cos(query.life_time * 103.13244) * 2.865 + 2.865;",
					"variable.x_bob = Math.sin(query.life_time * 76.776372) * 2.865;"
				],
				"animate": [
					{
						"humanoid_big_head": "query.is_baby"
					},
					"bob",
					"look_at_target_controller",
					"riding_controller",
					"move",
					"sit_controller",
					"rider_controller",
					"pistol_controller"
				]
			},
			"animations": {
				"bob": "animation.humanoid.bob",
				"humanoid_big_head": "animation.humanoid.big_head",
				"look_at_target_controller": "controller.animation.humanoid.look_at_target",
				"look_at_target_default": "animation.humanoid.look_at_target.default",
				"look_at_target_gliding": "animation.humanoid.look_at_target.gliding",
				"look_at_target_swimming": "animation.humanoid.look_at_target.swimming",
				"melee_attack": "animation.piglin.sword.attack",
				"hand_attack": "animation.piglin.hand.attack",
				"riding_controller": "controller.animation.humanoid.riding",
				"riding.arms": "animation.humanoid.riding.arms",
				"riding.legs": "animation.humanoid.riding.legs",
				"bow_and_arrow": "animation.humanoid.bow_and_arrow.v1.0",
				"move": "animation.piglin.move",
				"sit": "animation.villager.sit",
				"sit_controller": "controller.animation.villager.sit",
				"rider": "animation.villagersoldier.ride",
				"rider_controller": "controller.animation.rider",
				"crossbow_hold": "animation.villager_bow.charge",
				"pistol": "animation.villager_soldier_musket.attack",
				"pistol_controller": "controller.animation.pistol",
				"default": "animation.villager_soldier_musket.default"
			},
			"render_controllers": [
				"controller.render.villagersoldier"
			],
			"enable_attachables": true
		}
	}
}