{
	"format_version": "1.8.0",
	"minecraft:client_entity": {
		"description": {
			"identifier": "zd:wandering_soldier",
			"materials": {
				"default": "evoker"
			},
			"textures": {
				"default": "textures/entity/wandering_soldier"
			},
			"geometry": {
				"default": "geometry.villager_magic"
			},
			"scripts": {
				"scale": 0.8
			},
			"animations": {
				"general": "animation.evoker.general.v1.0",
				"casting": "animation.evoker.casting.v1.0",
				"look_at_target": "animation.humanoid.look_at_target.default.v1.0",
				"move": "animation.villager.move",
				"rider": "animation.villagersoldier.ride"
			},
			"animation_controllers": [
				{
					"general": "controller.animation.evoker.general.v1.0"
				},
				{
					"move": "controller.animation.villager.move"
				},
				{
					"rider_controller": "controller.animation.rider"
				}
			],
			"particle_effects": {
				"spell": "minecraft:evoker_spell"
			},
			"render_controllers": [
				"controller.render.evoker"
			],
			"spawn_egg": {
				"base_color": "#b3b3b3",
				"overlay_color": "#E5EBAD"
			}
		}
	}
}