{
	"format_version": "1.12.0",
	"minecraft:geometry": [
		{
			"description": {
				"identifier": "geometry.copper_golem",
				"texture_width": 64,
				"texture_height": 64,
				"visible_bounds_width": 2,
				"visible_bounds_height": 2.5,
				"visible_bounds_offset": [0, 0.75, 0]
			},
			"bones": [
				{
					"name": "body",
					"pivot": [0, 5.5, 0],
					"cubes": [
						{"origin": [-3, 3.5, -1.5], "size": [6, 4, 3], "inflate": 0.1, "uv": [0, 11]}
					]
				},
				{
					"name": "rightleg",
					"parent": "body",
					"pivot": [-1.6, 3, 0],
					"cubes": [
						{"origin": [-3.1, 0, -1.5], "size": [3, 4, 3], "inflate": -0.01, "uv": [16, 16]}
					]
				},
				{
					"name": "leftleg",
					"parent": "body",
					"pivot": [1.6, 3, 0],
					"cubes": [
						{"origin": [0.1, 0, -1.5], "size": [3, 4, 3], "inflate": -0.01, "uv": [16, 16]}
					]
				},
				{
					"name": "rightarm",
					"parent": "body",
					"pivot": [-4, 7, 0],
					"cubes": [
						{"origin": [-5, 0.5, -1], "size": [2, 7, 2], "uv": [13, 24], "mirror": true}
					]
				},
				{
					"name": "leftarm",
					"parent": "body",
					"pivot": [4, 7, 0],
					"cubes": [
						{"origin": [3, 0.5, -1], "size": [2, 7, 2], "uv": [13, 24]}
					]
				},
				{
					"name": "head",
					"parent": "body",
					"pivot": [0, 7.5, 0],
					"cubes": [
						{"origin": [-4, 7.5, -2.5], "size": [8, 5, 5], "uv": [0, 0]},
						{"origin": [-1, 12, -1], "size": [2, 3, 2], "inflate": -0.2, "uv": [27, 0]},
						{"origin": [-1.5, 14, -1.5], "size": [3, 3, 3], "inflate": -0.2, "uv": [24, 8]},
						{"origin": [-1, 7, -4], "size": [2, 3, 2], "uv": [0, 27]}
					]
				}
			]
		}
	]
}