{
	"format_version": "1.12.0",
	"minecraft:geometry": [
		{
			"description": {
				"identifier": "geometry.crab",
				"texture_width": 42,
				"texture_height": 32,
				"visible_bounds_width": 3,
				"visible_bounds_height": 1.5,
				"visible_bounds_offset": [0, 0.25, 0]
			},
			"bones": [
				{
					"name": "crab",
					"pivot": [0, 4, 0],
					"cubes": [
						{"origin": [-5, 2, -3], "size": [10, 4, 6], "uv": [5, 0]},
						{"origin": [-3.5, 5, -3], "size": [2, 2, 2], "inflate": 0.01, "uv": [0, 10]},
						{"origin": [1.5, 5, -3], "size": [2, 2, 2], "inflate": 0.01, "uv": [0, 10], "mirror": true},
						{"origin": [-1.5, 4, -3], "size": [3, 2, 1], "inflate": 0.2, "pivot": [0, 5, -2], "rotation": [-12.5, 0, 0], "uv": [33, 1]}
					]
				},
				{
					"name": "left_legs",
					"parent": "crab",
					"pivot": [0, 0, 0]
				},
				{
					"name": "left0",
					"parent": "left_legs",
					"pivot": [5, 2, -2],
					"rotation": [0, 0, -45],
					"cubes": [
						{"origin": [5, 2, -2.5], "size": [2, 0, 1], "uv": [0, 0]}
					]
				},
				{
					"name": "left01",
					"parent": "left0",
					"pivot": [7, 2, -1.5],
					"rotation": [0, 0, 110],
					"cubes": [
						{"origin": [7, 2, -2.5], "size": [4, 0, 1], "uv": [0, 1]}
					]
				},
				{
					"name": "left1",
					"parent": "left_legs",
					"pivot": [5, 2, 0],
					"rotation": [0, 0, -45],
					"cubes": [
						{"origin": [5, 2, -0.5], "size": [2, 0, 1], "uv": [0, 0]}
					]
				},
				{
					"name": "left11",
					"parent": "left1",
					"pivot": [7, 2, 0.5],
					"rotation": [0, 0, 110],
					"cubes": [
						{"origin": [7, 2, -0.5], "size": [4, 0, 1], "uv": [0, 1]}
					]
				},
				{
					"name": "left2",
					"parent": "left_legs",
					"pivot": [5, 2, 2],
					"rotation": [0, 0, -45],
					"cubes": [
						{"origin": [5, 2, 1.5], "size": [2, 0, 1], "uv": [0, 0]}
					]
				},
				{
					"name": "left21",
					"parent": "left2",
					"pivot": [7, 2, 2.5],
					"rotation": [0, 0, 110],
					"cubes": [
						{"origin": [7, 2, 1.5], "size": [4, 0, 1], "uv": [0, 1]}
					]
				},
				{
					"name": "right_legs",
					"parent": "crab",
					"pivot": [0, 0, 0]
				},
				{
					"name": "right0",
					"parent": "right_legs",
					"pivot": [-5, 2, -2],
					"rotation": [0, 180, 45],
					"cubes": [
						{"origin": [-5, 2, -2.5], "size": [2, 0, 1], "uv": [0, 0]}
					]
				},
				{
					"name": "right01",
					"parent": "right0",
					"pivot": [-3, 2, -1.5],
					"rotation": [0, 0, 110],
					"cubes": [
						{"origin": [-3, 2, -2.5], "size": [4, 0, 1], "uv": [0, 1]}
					]
				},
				{
					"name": "right1",
					"parent": "right_legs",
					"pivot": [-5, 2, 0],
					"rotation": [0, 180, 45],
					"cubes": [
						{"origin": [-5, 2, -0.5], "size": [2, 0, 1], "uv": [0, 0]}
					]
				},
				{
					"name": "right11",
					"parent": "right1",
					"pivot": [-3, 2, 0.5],
					"rotation": [0, 0, 110],
					"cubes": [
						{"origin": [-3, 2, -0.5], "size": [4, 0, 1], "uv": [0, 1]}
					]
				},
				{
					"name": "right2",
					"parent": "right_legs",
					"pivot": [-5, 2, 2],
					"rotation": [0, 180, 45],
					"cubes": [
						{"origin": [-5, 2, 1.5], "size": [2, 0, 1], "uv": [0, 0]}
					]
				},
				{
					"name": "right21",
					"parent": "right2",
					"pivot": [-3, 2, 1.5],
					"rotation": [0, 0, 110],
					"cubes": [
						{"origin": [-3, 2, 1.5], "size": [4, 0, 1], "uv": [0, 1]}
					]
				},
				{
					"name": "bigclaw",
					"parent": "crab",
					"pivot": [5, 5, -2.5],
					"cubes": [
						{"origin": [5, 2, -11], "size": [4, 2, 8], "uv": [16, 14]}
					]
				},
				{
					"name": "top",
					"parent": "bigclaw",
					"pivot": [7, 3, -2.5],
					"cubes": [
						{"origin": [5, 3, -11], "size": [4, 4, 8], "inflate": 0.25, "uv": [0, 10]}
					]
				},
				{
					"name": "rightclaw",
					"parent": "crab",
					"pivot": [-5, 4, -2.5],
					"cubes": [
						{"origin": [-7, 2, -7.5], "size": [2, 3, 5], "uv": [0, 22]}
					]
				}
			]
		}
	]
}