{
	"format_version": "1.12.0",
	"minecraft:geometry": [
		{
			"description": {
				"identifier": "geometry.glare",
				"texture_width": 64,
				"texture_height": 32,
				"visible_bounds_width": 2,
				"visible_bounds_height": 2.5,
				"visible_bounds_offset": [0, 0.75, 0]
			},
			"bones": [
				{
					"name": "body",
					"pivot": [0, 1, 0],
					"cubes": [
						{"origin": [-4.5, 0, -4.5], "size": [9, 8, 9], "inflate": 0.3, "uv": [0, 0]}
					]
				},
				{
					"name": "face",
					"parent": "body",
					"pivot": [0, 4, 0],
					"cubes": [
						{"origin": [-4, 1, -4], "size": [8, 6, 8], "inflate": -0.06, "uv": [0, 18]}
					],
					"locators": {
						"lead": [0, 4, 0]
					}
				},
				{
					"name": "segment_1",
					"parent": "body",
					"pivot": [0, 1, 0],
					"cubes": [
						{"origin": [-4, -5, -3], "size": [8, 7, 6], "uv": [31, 12]}
					]
				}
			]
		}
	]
}