{
	"format_version": "1.12.0",
	"minecraft:geometry": [
		{
			"description": {
				"identifier": "geometry.ice_chunk",
				"texture_width": 64,
				"texture_height": 64,
				"visible_bounds_width": 2,
				"visible_bounds_height": 2.5,
				"visible_bounds_offset": [0, 0.75, 0]
			},
			"bones": [
				{
					"name": "ice_chunk",
					"pivot": [0, -4, 0],
					"cubes": [
						{
							"origin": [0, -8, -8],
							"size": [8, 12, 12],
							"uv": {
								"north": {"uv": [0, 0], "uv_size": [16, 24]},
								"east": {"uv": [0, 0], "uv_size": [24, 24]},
								"south": {"uv": [0, 0], "uv_size": [16, 24]},
								"west": {"uv": [0, 0], "uv_size": [24, 24]},
								"up": {"uv": [32, 56], "uv_size": [-16, -24]},
								"down": {"uv": [16, 32], "uv_size": [-16, -24]}
							}
						},
						{
							"origin": [0, -8, 4],
							"size": [8, 8, 4],
							"uv": {
								"north": {"uv": [16, 1], "uv_size": [16, 16]},
								"east": {"uv": [16, 2], "uv_size": [8, 16]},
								"south": {"uv": [16, 1], "uv_size": [16, 16]},
								"west": {"uv": [16, 1], "uv_size": [8, 16]},
								"up": {"uv": [16, 40], "uv_size": [-16, -8]},
								"down": {"uv": [16, 32], "uv_size": [-16, -8]}
							}
						},
						{
							"origin": [-8, -4, -8],
							"size": [8, 8, 8],
							"uv": {
								"north": {"uv": [16, 0], "uv_size": [16, 16]},
								"east": {"uv": [16, 0], "uv_size": [16, 16]},
								"south": {"uv": [16, 0], "uv_size": [16, 16]},
								"west": {"uv": [16, 0], "uv_size": [16, 16]},
								"up": {"uv": [32, 64], "uv_size": [-16, -16]},
								"down": {"uv": [0, 32], "uv_size": [16, -16]}
							}
						},
						{
							"origin": [-8, -4, 0],
							"size": [8, 4, 8],
							"uv": {
								"north": {"uv": [0, 0], "uv_size": [16, 8]},
								"east": {"uv": [16, 0], "uv_size": [16, 8]},
								"south": {"uv": [0, 0], "uv_size": [16, 8]},
								"west": {"uv": [0, 0], "uv_size": [16, 8]},
								"up": {"uv": [16, 64], "uv_size": [-16, -16]},
								"down": {"uv": [16, 32], "uv_size": [16, -16]}
							}
						}
					]
				}
			]
		}
	]
}