{
	"format_version": "1.12.0",
	"minecraft:geometry": [
		{
			"description": {
				"identifier": "geometry.moobloom",
				"texture_width": 64,
				"texture_height": 64,
				"visible_bounds_width": 3,
				"visible_bounds_height": 3,
				"visible_bounds_offset": [0, 1.5, 0]
			},
			"bones": [
				{
					"name": "body",
					"pivot": [0, 19, 2],
					"cubes": [
						{"origin": [-6, 11, -5], "size": [12, 18, 10], "pivot": [0, 19, 2], "rotation": [90, 0, 0], "uv": [18, 4]},
						{"origin": [-2, 11, -6], "size": [4, 6, 1], "pivot": [0, 19, 2], "rotation": [90, 0, 0], "uv": [52, 0]}
					]
				},
				{
					"name": "mushroom1",
					"parent": "body",
					"pivot": [2.5, 22, 6.5],
					"cubes": [
						{"origin": [-1.5, 22, 6.5], "size": [8, 9, 0], "uv": [0, 33]},
						{"origin": [-1.5, 22, 6.5], "size": [8, 9, 0], "pivot": [2.5, 22, 6.5], "rotation": [0, 90, 0], "uv": [0, 33]}
					]
				},
				{
					"name": "mushroom2",
					"parent": "body",
					"pivot": [-3, 22, 0],
					"rotation": [0, 45, 0],
					"cubes": [
						{"origin": [-7, 22, 0], "size": [8, 9, 0], "uv": [0, 33]},
						{"origin": [-7, 22, 0], "size": [8, 9, 0], "pivot": [-3, 22, 0], "rotation": [0, 90, 0], "uv": [0, 33]}
					]
				},
				{
					"name": "mushroom4",
					"parent": "body",
					"pivot": [2, 22, -5],
					"rotation": [0, 45, 0],
					"cubes": [
						{"origin": [-2, 22, -5], "size": [8, 9, 0], "uv": [0, 33]},
						{"origin": [-2, 22, -5], "size": [8, 9, 0], "pivot": [2, 22, -5], "rotation": [0, 90, 0], "uv": [0, 33]}
					]
				},
				{
					"name": "leg0",
					"parent": "body",
					"pivot": [-4, 12, 7],
					"cubes": [
						{"origin": [-6, 0, 5], "size": [4, 12, 4], "uv": [0, 16]}
					]
				},
				{
					"name": "leg1",
					"parent": "body",
					"pivot": [4, 12, 7],
					"mirror": true,
					"cubes": [
						{"origin": [2, 0, 5], "size": [4, 12, 4], "uv": [0, 16]}
					]
				},
				{
					"name": "leg2",
					"parent": "body",
					"pivot": [-4, 12, -6],
					"cubes": [
						{"origin": [-6, 0, -7], "size": [4, 12, 4], "uv": [0, 16]}
					]
				},
				{
					"name": "leg3",
					"parent": "body",
					"pivot": [4, 12, -6],
					"mirror": true,
					"cubes": [
						{"origin": [2, 0, -7], "size": [4, 12, 4], "uv": [0, 16]}
					]
				},
				{
					"name": "head",
					"pivot": [0, 20, -8],
					"cubes": [
						{"origin": [-4, 16, -14], "size": [8, 8, 6], "uv": [0, 0]},
						{"origin": [-5, 22, -12], "size": [1, 3, 1], "uv": [22, 0]},
						{"origin": [4, 22, -12], "size": [1, 3, 1], "uv": [22, 0]}
					],
					"locators": {
						"lead": [0, 20, -8]
					}
				},
				{
					"name": "mushroom3",
					"parent": "head",
					"pivot": [0, 24, -11.25],
					"rotation": [0, -40, 0],
					"cubes": [
						{"origin": [-4, 24, -11.25], "size": [8, 9, 0], "uv": [0, 33]},
						{"origin": [-4, 24, -11.25], "size": [8, 9, 1], "pivot": [0, 24, -11.25], "rotation": [0, 90, 0], "uv": [-1, 32]}
					]
				}
			]
		}
	]
}