{
	"format_version": "1.12.0",
	"minecraft:geometry": [
		{
			"description": {
				"identifier": "geometry.penguin",
				"texture_width": 44,
				"texture_height": 44,
				"visible_bounds_width": 2,
				"visible_bounds_height": 2.5,
				"visible_bounds_offset": [0, 0.75, 0]
			},
			"bones": [
				{
					"name": "penguin",
					"pivot": [0, 9, 0],
					"cubes": [
						{"origin": [-4.5, 1, -3], "size": [9, 12, 6], "uv": [0, 0]}
					],
					"locators": {
						"lead": [0, 12, 0]
					}
				},
				{
					"name": "head",
					"parent": "penguin",
					"pivot": [0, 15, 0],
					"cubes": [
						{"origin": [-3.5, 13, -4], "size": [7, 5, 8], "uv": [0, 18]},
						{"origin": [-3.5, 13, -4], "size": [7, 5, 8], "inflate": 0.3, "uv": [0, 31]},
						{"origin": [-1, 14, -6.5], "size": [2, 2, 3], "inflate": 0.2, "uv": [24, 0]}
					]
				},
				{
					"name": "leftleg",
					"parent": "penguin",
					"pivot": [2.5, 0.5, -1.5],
					"cubes": [
						{"origin": [1, 0, -5], "size": [3, 1, 5], "uv": [22, 18], "mirror": true}
					]
				},
				{
					"name": "rightleg",
					"parent": "penguin",
					"pivot": [-3.5, 0.5, -1.5],
					"cubes": [
						{"origin": [-4, 0, -5], "size": [3, 1, 5], "uv": [22, 18]}
					]
				},
				{
					"name": "left_wing",
					"parent": "penguin",
					"pivot": [4.5, 12, 0],
					"cubes": [
						{"origin": [4.5, 1, -2.5], "size": [1, 12, 5], "uv": [30, 0]}
					]
				},
				{
					"name": "right_wing",
					"parent": "penguin",
					"pivot": [-4.5, 12, 0],
					"cubes": [
						{"origin": [-5.5, 1, -2.5], "size": [1, 12, 5], "uv": [30, 0], "mirror": true}
					]
				}
			]
		}
	]
}