{
	"format_version": "1.12.0",
	"minecraft:geometry": [
		{
			"description": {
				"identifier": "geometry.rascal",
				"texture_width": 64,
				"texture_height": 64,
				"visible_bounds_width": 2,
				"visible_bounds_height": 2.5,
				"visible_bounds_offset": [0, 0.75, 0]
			},
			"bones": [
				{
					"name": "body",
					"pivot": [0, 0, 0],
					"cubes": [
						{"origin": [-5, 4, -4], "size": [10, 11, 8], "uv": [0, 0]},
						{"origin": [-5, 13.75, -4], "size": [2, 2, 8], "inflate": -0.01, "uv": [18, 31], "mirror": true},
						{"origin": [3, 13.75, -4], "size": [2, 2, 8], "inflate": -0.01, "uv": [18, 31]},
						{"origin": [-3, 5, 4], "size": [6, 9, 3], "uv": [0, 31]}
					]
				},
				{
					"name": "head",
					"parent": "body",
					"pivot": [0, 0, 0],
					"cubes": [
						{"origin": [-4, 6, -8], "size": [8, 8, 4], "uv": [24, 19]}
					]
				},
				{
					"name": "hat",
					"parent": "head",
					"pivot": [0, 0, 0],
					"cubes": [
						{"origin": [-4, 6, -8], "size": [8, 8, 4], "inflate": 0.25, "uv": [0, 19]}
					]
				},
				{
					"name": "rightarm",
					"parent": "body",
					"pivot": [-6.5, 11, 0],
					"cubes": [
						{"origin": [-8, 4, -2], "size": [3, 8, 4], "uv": [14, 41]}
					]
				},
				{
					"name": "leftarm",
					"parent": "body",
					"pivot": [6.5, 11, 0],
					"cubes": [
						{"origin": [5, 4, -2], "size": [3, 8, 4], "uv": [14, 41], "mirror": true}
					]
				},
				{
					"name": "leftleg",
					"parent": "body",
					"pivot": [2, 4, 0],
					"cubes": [
						{"origin": [0, 0, -2], "size": [4, 5, 4], "uv": [28, 43], "mirror": true}
					]
				},
				{
					"name": "rightleg",
					"parent": "body",
					"pivot": [-2, 4, 0],
					"cubes": [
						{"origin": [-4, 0, -2], "size": [4, 5, 4], "uv": [28, 43]}
					]
				}
			]
		}
	]
}