{
	"format_version": "1.12.0",
	"minecraft:geometry": [
		{
			"description": {
				"identifier": "geometry.tuff_golem",
				"texture_width": 64,
				"texture_height": 64,
				"visible_bounds_width": 2,
				"visible_bounds_height": 2.5,
				"visible_bounds_offset": [0, 0.75, 0]
			},
			"bones": [
				{
					"name": "body",
					"pivot": [0, 2, 0],
					"cubes": [
						{"origin": [-5, 4, -5], "size": [10, 12, 10], "uv": [0, 0]},
						{"origin": [-1, 8, -7], "size": [2, 3, 2], "uv": [0, 0]},
						{"origin": [-5, 1, -5], "size": [10, 7, 10], "inflate": 0.075, "uv": [0, 22]}
					]
				},
				{
					"name": "right_arm",
					"parent": "body",
					"pivot": [-6.5, 10, 0],
					"cubes": [
						{"origin": [-8, 1, -2], "size": [3, 10, 4], "uv": [36, 18]}
					],
					"locators": {
						"rightitem": [0, 0, 0]
					}
				},
				{
					"name": "rightItem",
					"parent": "right_arm",
					"pivot": [-3, 3, 3]
				},
				{
					"name": "left_arm",
					"parent": "body",
					"pivot": [6, 10, 0],
					"cubes": [
						{"origin": [5, 1, -2], "size": [3, 10, 4], "uv": [36, 18], "mirror": true}
					]
				},
				{
					"name": "rightLeg",
					"parent": "body",
					"pivot": [-3, 4, 0],
					"cubes": [
						{"origin": [-5, 0, -2], "size": [4, 4, 4], "uv": [30, 0]}
					]
				},
				{
					"name": "leftLeg",
					"parent": "body",
					"pivot": [3, 4, 0],
					"cubes": [
						{"origin": [1, 0, -2], "size": [4, 4, 4], "uv": [30, 0], "mirror": true}
					]
				}
			]
		}
	]
}