{
  "format_version": "1.12.0",
  "minecraft:geometry": [
    {
      "description": {
        "identifier": "geometry.telur_zotra",
        "texture_width": 128,
        "texture_height": 128,
        "visible_bounds_width": 6,
        "visible_bounds_height": 6,
        "visible_bounds_offset": [
          0,
          2,
          0
        ]
      },
      "bones": [
        {
          "name": "All",
          "pivot": [
            0,
            29,
            0
          ]
        },
        {
          "name": "Body",
          "parent": "All",
          "pivot": [
            0,
            25,
            0
          ],
          "cubes": [
            {
              "origin": [
                -2,
                35,
                -2.5
              ],
              "size": [
                1,
                2,
                1
              ],
              "pivot": [
                -2,
                37,
                -2
              ],
              "rotation": [
                0,
                0,
                -77.5
              ],
              "uv": [
                77,
                77
              ]
            },
            {
              "origin": [
                -2.85467,
                33.67302,
                -2.5
              ],
              "size": [
                2,
                1,
                1
              ],
              "pivot": [
                -3,
                34,
                -2
              ],
              "rotation": [
                0,
                0,
                -82.5
              ],
              "uv": [
                76,
                36
              ]
            },
            {
              "origin": [
                -2.83756,
                35.41197,
                -2.5
              ],
              "size": [
                2,
                1,
                1
              ],
              "pivot": [
                -3,
                36,
                -2
              ],
              "rotation": [
                0,
                0,
                -52.5
              ],
              "uv": [
                76,
                29
              ]
            },
            {
              "origin": [
                -0.43288,
                33.95259,
                -2.5
              ],
              "size": [
                1,
                3,
                1
              ],
              "pivot": [
                0,
                37,
                -2
              ],
              "rotation": [
                0,
                0,
                -22.5
              ],
              "uv": [
                28,
                26
              ]
            },
            {
              "origin": [
                -0.20871,
                31.10691,
                -2.5
              ],
              "size": [
                2,
                3,
                1
              ],
              "pivot": [
                1.5,
                34,
                -2
              ],
              "rotation": [
                0.45884,
                -0.30086,
                67.49716
              ],
              "uv": [
                76,
                50
              ]
            },
            {
              "origin": [
                -2.98438,
                30.26113,
                -2.47592
              ],
              "size": [
                2,
                3,
                1
              ],
              "pivot": [
                -1,
                33,
                -2
              ],
              "rotation": [
                0.1117,
                -0.53719,
                112.49784
              ],
              "uv": [
                19,
                76
              ]
            },
            {
              "origin": [
                -3,
                21,
                -2
              ],
              "size": [
                6,
                5,
                4
              ],
              "pivot": [
                3,
                26,
                -2
              ],
              "rotation": [
                45.11828,
                -4.0314,
                9.67038
              ],
              "uv": [
                28,
                15
              ]
            },
            {
              "origin": [
                0,
                36,
                -2
              ],
              "size": [
                3,
                1,
                4
              ],
              "pivot": [
                3,
                37,
                0
              ],
              "rotation": [
                0,
                0,
                37.5
              ],
              "uv": [
                62,
                47
              ]
            },
            {
              "origin": [
                -3,
                34,
                -2
              ],
              "size": [
                4,
                3,
                4
              ],
              "pivot": [
                -3,
                37,
                0
              ],
              "rotation": [
                0,
                0,
                -37.5
              ],
              "uv": [
                22,
                39
              ]
            },
            {
              "origin": [
                -3,
                26,
                -2
              ],
              "size": [
                6,
                11,
                4
              ],
              "uv": [
                8,
                0
              ]
            }
          ]
        },
        {
          "name": "Glicht",
          "parent": "Body",
          "pivot": [
            0,
            32,
            -2
          ],
          "cubes": [
            {
              "origin": [
                -3,
                26,
                -2.5
              ],
              "size": [
                6,
                11,
                0
              ],
              "uv": [
                0,
                82
              ]
            }
          ]
        },
        {
          "name": "Sayap",
          "parent": "Body",
          "pivot": [
            -3,
            36,
            0
          ],
          "rotation": [
            0,
            0,
            7.5
          ],
          "cubes": [
            {
              "origin": [
                -11,
                36.5,
                -0.5
              ],
              "size": [
                8,
                1,
                1
              ],
              "pivot": [
                -3,
                36,
                0
              ],
              "rotation": [
                0,
                0,
                22.5
              ],
              "uv": [
                58,
                8
              ]
            },
            {
              "origin": [
                -8.00211,
                35.98327,
                -0.5
              ],
              "size": [
                5,
                2,
                1
              ],
              "pivot": [
                -4,
                38,
                0
              ],
              "rotation": [
                0,
                0,
                -12.5
              ],
              "uv": [
                64,
                42
              ]
            },
            {
              "origin": [
                -6.00211,
                35.98327,
                -0.5
              ],
              "size": [
                3,
                1,
                1
              ],
              "pivot": [
                -1,
                38,
                0
              ],
              "rotation": [
                0,
                0,
                -12.5
              ],
              "uv": [
                74,
                34
              ]
            },
            {
              "origin": [
                -12.00211,
                37.98327,
                -0.5
              ],
              "size": [
                4,
                2,
                1
              ],
              "pivot": [
                -8,
                39,
                0
              ],
              "rotation": [
                0,
                0,
                -12.5
              ],
              "uv": [
                24,
                50
              ]
            },
            {
              "origin": [
                -16.00211,
                38.98327,
                -0.5
              ],
              "size": [
                6,
                1,
                1
              ],
              "pivot": [
                -10,
                40,
                0
              ],
              "rotation": [
                0,
                0,
                -12.5
              ],
              "uv": [
                64,
                20
              ]
            },
            {
              "origin": [
                -10.00211,
                36.98327,
                -0.5
              ],
              "size": [
                5,
                2,
                1
              ],
              "pivot": [
                -6,
                38,
                0
              ],
              "rotation": [
                0,
                0,
                -12.5
              ],
              "uv": [
                64,
                52
              ]
            }
          ]
        },
        {
          "name": "Glicht3",
          "parent": "Sayap",
          "pivot": [
            -6,
            38,
            0
          ],
          "cubes": [
            {
              "origin": [
                -12.00211,
                34.98327,
                -0.6
              ],
              "size": [
                9,
                6,
                0
              ],
              "pivot": [
                -6,
                38,
                0
              ],
              "rotation": [
                0,
                0,
                -12.5
              ],
              "uv": [
                0,
                93
              ]
            }
          ]
        },
        {
          "name": "Leher",
          "parent": "Body",
          "pivot": [
            0,
            39,
            -1
          ],
          "cubes": [
            {
              "origin": [
                -0.5,
                39,
                -1
              ],
              "size": [
                1,
                2,
                1
              ],
              "pivot": [
                0,
                39,
                -1
              ],
              "rotation": [
                -10.62758,
                -19.6835,
                3.61644
              ],
              "uv": [
                62,
                77
              ]
            },
            {
              "origin": [
                -0.71804,
                40.85674,
                -0.59906
              ],
              "size": [
                1,
                2,
                1
              ],
              "pivot": [
                0,
                41,
                0
              ],
              "rotation": [
                20.41686,
                -31.99951,
                1.23439
              ],
              "uv": [
                34,
                70
              ]
            }
          ]
        },
        {
          "name": "Head",
          "parent": "Leher",
          "pivot": [
            3,
            45,
            0
          ],
          "rotation": [
            0.05216,
            0.32332,
            4.98942
          ],
          "cubes": [
            {
              "origin": [
                5,
                42,
                -2
              ],
              "size": [
                3,
                11,
                4
              ],
              "pivot": [
                7,
                42,
                0
              ],
              "rotation": [
                0,
                0,
                -12.5
              ],
              "uv": [
                28,
                0
              ]
            },
            {
              "origin": [
                -1,
                44,
                -2
              ],
              "size": [
                3,
                7,
                4
              ],
              "pivot": [
                7,
                42,
                0
              ],
              "rotation": [
                0,
                0,
                -12.5
              ],
              "uv": [
                8,
                37
              ]
            },
            {
              "origin": [
                -4,
                44,
                -2
              ],
              "size": [
                3,
                6,
                4
              ],
              "pivot": [
                7,
                42,
                0
              ],
              "rotation": [
                0,
                0,
                -12.5
              ],
              "uv": [
                38,
                35
              ]
            },
            {
              "origin": [
                -7,
                45,
                -2
              ],
              "size": [
                3,
                4,
                4
              ],
              "pivot": [
                7,
                42,
                0
              ],
              "rotation": [
                0,
                0,
                -12.5
              ],
              "uv": [
                44,
                10
              ]
            },
            {
              "origin": [
                -11,
                46,
                -2
              ],
              "size": [
                4,
                2,
                4
              ],
              "pivot": [
                7,
                42,
                0
              ],
              "rotation": [
                0,
                0,
                -12.5
              ],
              "uv": [
                42,
                4
              ]
            },
            {
              "origin": [
                2,
                43,
                -2
              ],
              "size": [
                3,
                9,
                4
              ],
              "pivot": [
                7,
                42,
                0
              ],
              "rotation": [
                0,
                0,
                -12.5
              ],
              "uv": [
                28,
                26
              ]
            },
            {
              "origin": [
                2,
                44,
                -2.8
              ],
              "size": [
                4,
                2,
                0
              ],
              "pivot": [
                7,
                42,
                0
              ],
              "rotation": [
                0,
                0,
                -12.5
              ],
              "uv": [
                18,
                39
              ]
            },
            {
              "origin": [
                2,
                38,
                -2
              ],
              "size": [
                1,
                18,
                4
              ],
              "pivot": [
                2,
                42,
                0
              ],
              "rotation": [
                0,
                0,
                -90
              ],
              "uv": [
                8,
                15
              ]
            },
            {
              "origin": [
                -4.15476,
                33.81262,
                -2
              ],
              "size": [
                1,
                18,
                4
              ],
              "pivot": [
                0,
                46,
                0
              ],
              "rotation": [
                0,
                0,
                60
              ],
              "uv": [
                18,
                15
              ]
            },
            {
              "origin": [
                -1.00002,
                49.99981,
                -0.9943
              ],
              "size": [
                1,
                8,
                1
              ],
              "pivot": [
                1,
                53,
                0
              ],
              "rotation": [
                0,
                0,
                -5
              ],
              "uv": [
                62,
                68
              ]
            },
            {
              "origin": [
                -1.52466,
                57.44948,
                -0.9943
              ],
              "size": [
                1,
                5,
                1
              ],
              "pivot": [
                -2,
                57,
                0
              ],
              "rotation": [
                0,
                0,
                35
              ],
              "uv": [
                15,
                76
              ]
            },
            {
              "origin": [
                -2.53471,
                55.79983,
                -0.9943
              ],
              "size": [
                1,
                5,
                1
              ],
              "pivot": [
                -2.08317,
                57.90924,
                -0.00528
              ],
              "rotation": [
                0,
                0,
                -47.5
              ],
              "uv": [
                28,
                75
              ]
            }
          ]
        },
        {
          "name": "Sensor",
          "parent": "Head",
          "pivot": [
            0,
            46,
            0
          ],
          "rotation": [
            0,
            0,
            -17.5
          ],
          "cubes": [
            {
              "origin": [
                -6,
                43,
                0
              ],
              "size": [
                12,
                6,
                0
              ],
              "uv": [
                0,
                82
              ]
            }
          ]
        },
        {
          "name": "Alis",
          "parent": "Head",
          "pivot": [
            4.00381,
            46.91303,
            -2.0057
          ],
          "rotation": [
            0,
            0,
            -5
          ],
          "cubes": [
            {
              "origin": [
                2.0114,
                47.08716,
                -3
              ],
              "size": [
                3,
                2,
                0
              ],
              "uv": [
                80,
                2
              ]
            }
          ]
        },
        {
          "name": "Alis2",
          "parent": "Alis",
          "pivot": [
            2.01177,
            49.08716,
            -1.99917
          ],
          "cubes": [
            {
              "origin": [
                -0.9886,
                47.08716,
                -3
              ],
              "size": [
                3,
                2,
                0
              ],
              "uv": [
                80,
                2
              ]
            }
          ]
        },
        {
          "name": "Alis3",
          "parent": "Head",
          "pivot": [
            -7.95053,
            45.86943,
            -2.07411
          ],
          "rotation": [
            0,
            0,
            -5
          ],
          "cubes": [
            {
              "origin": [
                -8.94296,
                46.04337,
                -3.06271
              ],
              "size": [
                3,
                2,
                0
              ],
              "uv": [
                80,
                2
              ]
            }
          ]
        },
        {
          "name": "Alis4",
          "parent": "Alis3",
          "pivot": [
            -5.94263,
            48.0428,
            -2.04477
          ],
          "cubes": [
            {
              "origin": [
                -5.94305,
                46.04224,
                -3.0285
              ],
              "size": [
                3,
                2,
                0
              ],
              "uv": [
                80,
                2
              ]
            }
          ]
        },
        {
          "name": "Mata2",
          "parent": "Head",
          "pivot": [
            -6,
            44,
            -3
          ],
          "rotation": [
            17.5,
            0,
            -5
          ],
          "cubes": [
            {
              "origin": [
                -9.08716,
                43.00381,
                -4
              ],
              "size": [
                6,
                2,
                2
              ],
              "pivot": [
                -6.08716,
                44.00381,
                -3
              ],
              "rotation": [
                0,
                0,
                -57.5
              ],
              "uv": [
                52,
                63
              ]
            },
            {
              "origin": [
                -9.08716,
                43.00381,
                -4
              ],
              "size": [
                6,
                2,
                2
              ],
              "pivot": [
                -6.08716,
                44.00381,
                -3
              ],
              "rotation": [
                0,
                0,
                -27.5
              ],
              "uv": [
                60,
                0
              ]
            },
            {
              "origin": [
                -9.08716,
                43.00381,
                -4
              ],
              "size": [
                6,
                2,
                2
              ],
              "pivot": [
                -6.08716,
                44.00381,
                -3
              ],
              "rotation": [
                0,
                0,
                -132.5
              ],
              "uv": [
                62,
                30
              ]
            },
            {
              "origin": [
                -9.08716,
                43.00381,
                -4
              ],
              "size": [
                6,
                2,
                2
              ],
              "pivot": [
                -6.08716,
                44.00381,
                -3
              ],
              "rotation": [
                0,
                0,
                -160
              ],
              "uv": [
                22,
                61
              ]
            },
            {
              "origin": [
                -9.08716,
                43.00381,
                -4
              ],
              "size": [
                6,
                2,
                2
              ],
              "pivot": [
                -6.08716,
                44.00381,
                -3
              ],
              "rotation": [
                0,
                0,
                -95
              ],
              "uv": [
                0,
                63
              ]
            },
            {
              "origin": [
                -9.08716,
                43.00381,
                -4
              ],
              "size": [
                6,
                2,
                2
              ],
              "uv": [
                36,
                63
              ]
            },
            {
              "origin": [
                -9.08709,
                42.99541,
                -4.00232
              ],
              "size": [
                6,
                2,
                2
              ],
              "pivot": [
                -6.08709,
                43.99541,
                -3.00232
              ],
              "rotation": [
                37.5,
                0,
                -5
              ],
              "uv": [
                22,
                57
              ]
            },
            {
              "origin": [
                -9.08709,
                42.99541,
                -4.00232
              ],
              "size": [
                6,
                2,
                2
              ],
              "pivot": [
                -6.08709,
                43.99541,
                -3.00232
              ],
              "rotation": [
                0,
                37.5,
                -95
              ],
              "uv": [
                58,
                14
              ]
            },
            {
              "origin": [
                -9.08709,
                42.99541,
                -4.00232
              ],
              "size": [
                6,
                2,
                2
              ],
              "pivot": [
                -6.08709,
                43.99541,
                -3.00232
              ],
              "rotation": [
                -35.7935,
                12.0174,
                -168.8936
              ],
              "uv": [
                58,
                26
              ]
            },
            {
              "origin": [
                -9.08709,
                42.99541,
                -4.00232
              ],
              "size": [
                6,
                2,
                2
              ],
              "pivot": [
                -6.08709,
                43.99541,
                -3.00232
              ],
              "rotation": [
                -25.0382,
                28.8791,
                -139.0446
              ],
              "uv": [
                8,
                59
              ]
            },
            {
              "origin": [
                -9.08709,
                42.99541,
                -4.00232
              ],
              "size": [
                6,
                2,
                2
              ],
              "pivot": [
                -6.08709,
                43.99541,
                -3.00232
              ],
              "rotation": [
                34.2403,
                16.3256,
                -27.4403
              ],
              "uv": [
                36,
                59
              ]
            },
            {
              "origin": [
                -9.08709,
                42.99541,
                -4.00232
              ],
              "size": [
                6,
                2,
                2
              ],
              "pivot": [
                -6.08709,
                43.99541,
                -3.00232
              ],
              "rotation": [
                26.2538,
                27.7969,
                -48.3948
              ],
              "uv": [
                52,
                59
              ]
            },
            {
              "origin": [
                -9.08691,
                42.99339,
                -4.00368
              ],
              "size": [
                6,
                2,
                2
              ],
              "pivot": [
                -6.08691,
                43.99339,
                -3.00368
              ],
              "rotation": [
                75,
                0,
                -5
              ],
              "uv": [
                54,
                4
              ]
            },
            {
              "origin": [
                -9.08691,
                42.99339,
                -4.00368
              ],
              "size": [
                6,
                2,
                2
              ],
              "pivot": [
                -6.08691,
                43.99339,
                -3.00368
              ],
              "rotation": [
                0,
                75,
                -95
              ],
              "uv": [
                54,
                10
              ]
            },
            {
              "origin": [
                -9.08691,
                42.99339,
                -4.00368
              ],
              "size": [
                6,
                2,
                2
              ],
              "pivot": [
                -6.08691,
                43.99339,
                -3.00368
              ],
              "rotation": [
                -74.0847,
                19.291,
                -179.6185
              ],
              "uv": [
                54,
                22
              ]
            },
            {
              "origin": [
                -9.08691,
                42.99339,
                -4.00368
              ],
              "size": [
                6,
                2,
                2
              ],
              "pivot": [
                -6.08691,
                43.99339,
                -3.00368
              ],
              "rotation": [
                -66.2431,
                50.0246,
                -166.3608
              ],
              "uv": [
                8,
                55
              ]
            },
            {
              "origin": [
                -9.08691,
                42.99339,
                -4.00368
              ],
              "size": [
                6,
                2,
                2
              ],
              "pivot": [
                -6.08691,
                43.99339,
                -3.00368
              ],
              "rotation": [
                73.1914,
                26.4883,
                -12.6734
              ],
              "uv": [
                36,
                55
              ]
            },
            {
              "origin": [
                -9.08691,
                42.99339,
                -4.00368
              ],
              "size": [
                6,
                2,
                2
              ],
              "pivot": [
                -6.08691,
                43.99339,
                -3.00368
              ],
              "rotation": [
                67.3709,
                47.7265,
                -22.1423
              ],
              "uv": [
                52,
                55
              ]
            },
            {
              "origin": [
                -9.0867,
                42.99095,
                -4.00352
              ],
              "size": [
                6,
                2,
                2
              ],
              "pivot": [
                -6.0867,
                43.99095,
                -3.00352
              ],
              "rotation": [
                112.5,
                0,
                -5
              ],
              "uv": [
                8,
                50
              ]
            },
            {
              "origin": [
                -9.0867,
                42.99095,
                -4.00352
              ],
              "size": [
                6,
                2,
                2
              ],
              "pivot": [
                -6.0867,
                43.99095,
                -3.00352
              ],
              "rotation": [
                -180,
                67.5,
                85
              ],
              "uv": [
                50,
                43
              ]
            },
            {
              "origin": [
                -9.0867,
                42.99095,
                -4.00352
              ],
              "size": [
                6,
                2,
                2
              ],
              "pivot": [
                -6.0867,
                43.99095,
                -3.00352
              ],
              "rotation": [
                -113.7877,
                18.4203,
                167.0706
              ],
              "uv": [
                50,
                47
              ]
            },
            {
              "origin": [
                -9.0867,
                42.99095,
                -4.00352
              ],
              "size": [
                6,
                2,
                2
              ],
              "pivot": [
                -6.0867,
                43.99095,
                -3.00352
              ],
              "rotation": [
                -124.2322,
                47.1354,
                148.4935
              ],
              "uv": [
                48,
                51
              ]
            },
            {
              "origin": [
                -9.0867,
                42.99095,
                -4.00352
              ],
              "size": [
                6,
                2,
                2
              ],
              "pivot": [
                -6.0867,
                43.99095,
                -3.00352
              ],
              "rotation": [
                115.0315,
                25.252,
                6.2665
              ],
              "uv": [
                52,
                36
              ]
            },
            {
              "origin": [
                -9.0867,
                42.99095,
                -4.00352
              ],
              "size": [
                6,
                2,
                2
              ],
              "pivot": [
                -6.0867,
                43.99095,
                -3.00352
              ],
              "rotation": [
                122.7978,
                45.0507,
                19.516
              ],
              "uv": [
                22,
                53
              ]
            },
            {
              "origin": [
                -9.08654,
                42.98912,
                -4.0019
              ],
              "size": [
                6,
                2,
                2
              ],
              "pivot": [
                -6.08654,
                43.98912,
                -3.0019
              ],
              "rotation": [
                150,
                0,
                -5
              ],
              "uv": [
                42,
                28
              ]
            },
            {
              "origin": [
                -9.08654,
                42.98912,
                -4.0019
              ],
              "size": [
                6,
                2,
                2
              ],
              "pivot": [
                -6.08654,
                43.98912,
                -3.0019
              ],
              "rotation": [
                180,
                30,
                85
              ],
              "uv": [
                36,
                45
              ]
            },
            {
              "origin": [
                -9.08654,
                42.98912,
                -4.0019
              ],
              "size": [
                6,
                2,
                2
              ],
              "pivot": [
                -6.08654,
                43.98912,
                -3.0019
              ],
              "rotation": [
                -151.5188,
                9.8466,
                157.5048
              ],
              "uv": [
                20,
                46
              ]
            },
            {
              "origin": [
                -9.08654,
                42.98912,
                -4.0019
              ],
              "size": [
                6,
                2,
                2
              ],
              "pivot": [
                -6.08654,
                43.98912,
                -3.0019
              ],
              "rotation": [
                -160.635,
                23.3706,
                126.542
              ],
              "uv": [
                48,
                18
              ]
            },
            {
              "origin": [
                -9.08654,
                42.98912,
                -4.0019
              ],
              "size": [
                6,
                2,
                2
              ],
              "pivot": [
                -6.08654,
                43.98912,
                -3.0019
              ],
              "rotation": [
                152.8823,
                13.3486,
                19.267
              ],
              "uv": [
                48,
                32
              ]
            },
            {
              "origin": [
                -9.08654,
                42.98912,
                -4.0019
              ],
              "size": [
                6,
                2,
                2
              ],
              "pivot": [
                -6.08654,
                43.98912,
                -3.0019
              ],
              "rotation": [
                159.6394,
                22.521,
                40.9047
              ],
              "uv": [
                34,
                49
              ]
            }
          ]
        },
        {
          "name": "Mata",
          "parent": "Head",
          "pivot": [
            3,
            46,
            -2.5
          ],
          "rotation": [
            0,
            0,
            -5
          ],
          "cubes": [
            {
              "origin": [
                2,
                44,
                -3
              ],
              "size": [
                2,
                4,
                2
              ],
              "uv": [
                46,
                67
              ]
            },
            {
              "origin": [
                2,
                44,
                -3
              ],
              "size": [
                2,
                4,
                2
              ],
              "pivot": [
                3,
                46,
                -2
              ],
              "rotation": [
                0,
                0,
                57.5
              ],
              "uv": [
                38,
                67
              ]
            },
            {
              "origin": [
                2,
                44,
                -3
              ],
              "size": [
                2,
                4,
                2
              ],
              "pivot": [
                3,
                46,
                -2
              ],
              "rotation": [
                0,
                0,
                122.5
              ],
              "uv": [
                4,
                67
              ]
            },
            {
              "origin": [
                1.97821,
                44.24905,
                -3.06699
              ],
              "size": [
                2,
                4,
                1
              ],
              "pivot": [
                2.97821,
                46.24905,
                -2.06699
              ],
              "rotation": [
                -17.2344,
                -24.9417,
                121.3391
              ],
              "uv": [
                46,
                73
              ]
            },
            {
              "origin": [
                1.97821,
                44.24905,
                -3.06699
              ],
              "size": [
                2,
                4,
                1
              ],
              "pivot": [
                2.97821,
                46.24905,
                -2.06699
              ],
              "rotation": [
                17.2344,
                -24.9417,
                48.6609
              ],
              "uv": [
                52,
                73
              ]
            },
            {
              "origin": [
                1.97821,
                44.24905,
                -3.06699
              ],
              "size": [
                2,
                4,
                1
              ],
              "pivot": [
                2.97821,
                46.24905,
                -2.06699
              ],
              "rotation": [
                30,
                0,
                -5
              ],
              "uv": [
                66,
                73
              ]
            },
            {
              "origin": [
                1.96226,
                44.43136,
                -3.25
              ],
              "size": [
                2,
                4,
                1
              ],
              "pivot": [
                2.96226,
                46.43136,
                -2.25
              ],
              "rotation": [
                -42.9422,
                -46.9198,
                136.8737
              ],
              "uv": [
                4,
                73
              ]
            },
            {
              "origin": [
                1.96226,
                44.43136,
                -3.25
              ],
              "size": [
                2,
                4,
                1
              ],
              "pivot": [
                2.96226,
                46.43136,
                -2.25
              ],
              "rotation": [
                42.9422,
                -46.9198,
                33.1263
              ],
              "uv": [
                34,
                73
              ]
            },
            {
              "origin": [
                1.96226,
                44.43136,
                -3.25
              ],
              "size": [
                2,
                4,
                1
              ],
              "pivot": [
                2.96226,
                46.43136,
                -2.25
              ],
              "rotation": [
                60,
                0,
                -5
              ],
              "uv": [
                40,
                73
              ]
            },
            {
              "origin": [
                1.95642,
                44.4981,
                -3.5
              ],
              "size": [
                2,
                4,
                1
              ],
              "pivot": [
                2.95642,
                46.4981,
                -2.5
              ],
              "rotation": [
                -90,
                -57.5,
                175
              ],
              "uv": [
                72,
                22
              ]
            },
            {
              "origin": [
                1.95642,
                44.4981,
                -3.5
              ],
              "size": [
                2,
                4,
                1
              ],
              "pivot": [
                2.95642,
                46.4981,
                -2.5
              ],
              "rotation": [
                90,
                -57.5,
                -5
              ],
              "uv": [
                72,
                45
              ]
            },
            {
              "origin": [
                1.95642,
                44.4981,
                -3.5
              ],
              "size": [
                2,
                4,
                1
              ],
              "pivot": [
                2.95642,
                46.4981,
                -2.5
              ],
              "rotation": [
                90,
                0,
                -5
              ],
              "uv": [
                72,
                68
              ]
            },
            {
              "origin": [
                1.96226,
                44.43136,
                -3.75
              ],
              "size": [
                2,
                4,
                1
              ],
              "pivot": [
                2.96226,
                46.43136,
                -2.75
              ],
              "rotation": [
                -137.0578,
                -46.9198,
                -146.8737
              ],
              "uv": [
                70,
                61
              ]
            },
            {
              "origin": [
                1.96226,
                44.43136,
                -3.75
              ],
              "size": [
                2,
                4,
                1
              ],
              "pivot": [
                2.96226,
                46.43136,
                -2.75
              ],
              "rotation": [
                137.0578,
                -46.9198,
                -43.1263
              ],
              "uv": [
                16,
                71
              ]
            },
            {
              "origin": [
                1.96226,
                44.43136,
                -3.75
              ],
              "size": [
                2,
                4,
                1
              ],
              "pivot": [
                2.96226,
                46.43136,
                -2.75
              ],
              "rotation": [
                120,
                0,
                -5
              ],
              "uv": [
                72,
                10
              ]
            },
            {
              "origin": [
                1.97821,
                44.24905,
                -3.93301
              ],
              "size": [
                2,
                4,
                1
              ],
              "pivot": [
                2.97821,
                46.24905,
                -2.93301
              ],
              "rotation": [
                -162.7656,
                -24.9417,
                -131.3391
              ],
              "uv": [
                68,
                34
              ]
            },
            {
              "origin": [
                1.97821,
                44.24905,
                -3.93301
              ],
              "size": [
                2,
                4,
                1
              ],
              "pivot": [
                2.97821,
                46.24905,
                -2.93301
              ],
              "rotation": [
                162.7656,
                -24.9417,
                -58.6609
              ],
              "uv": [
                66,
                68
              ]
            },
            {
              "origin": [
                1.97821,
                44.24905,
                -3.93301
              ],
              "size": [
                2,
                4,
                1
              ],
              "pivot": [
                2.97821,
                46.24905,
                -2.93301
              ],
              "rotation": [
                150,
                0,
                -5
              ],
              "uv": [
                28,
                70
              ]
            }
          ]
        },
        {
          "name": "bone4",
          "parent": "Head",
          "pivot": [
            -7.44393,
            46.24004,
            -0.0538
          ],
          "rotation": [
            0,
            0,
            -20
          ],
          "cubes": [
            {
              "origin": [
                -8.44359,
                45.23966,
                -1.04157
              ],
              "size": [
                1,
                3,
                1
              ],
              "pivot": [
                -7.44393,
                46.24004,
                -0.0538
              ],
              "rotation": [
                0,
                0,
                -5
              ],
              "uv": [
                8,
                15
              ]
            },
            {
              "origin": [
                -13.98333,
                50.91843,
                -1.04032
              ],
              "size": [
                10,
                1,
                1
              ],
              "pivot": [
                -5.61407,
                51.14549,
                -0.05867
              ],
              "rotation": [
                0,
                0,
                -5
              ],
              "uv": [
                38,
                2
              ]
            },
            {
              "origin": [
                -13.98333,
                50.91843,
                -1.04032
              ],
              "size": [
                1,
                10,
                1
              ],
              "pivot": [
                -13.61407,
                51.14549,
                -0.05867
              ],
              "rotation": [
                0,
                0,
                65
              ],
              "uv": [
                0,
                67
              ]
            },
            {
              "origin": [
                -13.16166,
                54.07119,
                -1.04032
              ],
              "size": [
                8,
                1,
                1
              ],
              "pivot": [
                -4.61407,
                55.14549,
                -0.05867
              ],
              "rotation": [
                0,
                0,
                5
              ],
              "uv": [
                62,
                18
              ]
            },
            {
              "origin": [
                -13.1921,
                54.76843,
                -1.04032
              ],
              "size": [
                1,
                4,
                1
              ],
              "pivot": [
                -12.61407,
                55.14549,
                -0.05867
              ],
              "rotation": [
                -4.3602,
                -4.60728,
                47.22157
              ],
              "uv": [
                9,
                77
              ]
            },
            {
              "origin": [
                -8.61356,
                48.14493,
                -1.04032
              ],
              "size": [
                1,
                6,
                1
              ],
              "pivot": [
                -8.61407,
                48.14549,
                -0.05867
              ],
              "rotation": [
                0,
                0,
                47.5
              ],
              "uv": [
                58,
                73
              ]
            }
          ]
        },
        {
          "name": "Glicht2",
          "parent": "Head",
          "pivot": [
            0,
            47,
            2
          ],
          "cubes": [
            {
              "origin": [
                -6,
                42,
                2.5
              ],
              "size": [
                12,
                10,
                0
              ],
              "uv": [
                0,
                99
              ]
            }
          ]
        },
        {
          "name": "Armkiri",
          "parent": "Body",
          "pivot": [
            -2,
            33,
            0
          ],
          "cubes": [
            {
              "origin": [
                -12,
                33,
                -0.5
              ],
              "size": [
                10,
                1,
                1
              ],
              "uv": [
                38,
                0
              ]
            }
          ]
        },
        {
          "name": "bone",
          "parent": "Armkiri",
          "pivot": [
            -12,
            34,
            0
          ],
          "cubes": [
            {
              "origin": [
                -15,
                33,
                -0.5
              ],
              "size": [
                3,
                1,
                1
              ],
              "uv": [
                74,
                27
              ]
            }
          ]
        },
        {
          "name": "bone2",
          "parent": "bone",
          "pivot": [
            -15,
            34,
            0
          ],
          "cubes": [
            {
              "origin": [
                -18,
                33,
                -0.5
              ],
              "size": [
                3,
                1,
                1
              ],
              "uv": [
                74,
                15
              ]
            }
          ]
        },
        {
          "name": "Tangan",
          "parent": "bone2",
          "pivot": [
            -18,
            34,
            0
          ],
          "cubes": [
            {
              "origin": [
                -26,
                33,
                -0.5
              ],
              "size": [
                8,
                1,
                1
              ],
              "uv": [
                52,
                40
              ]
            }
          ]
        },
        {
          "name": "Pergelangan",
          "parent": "Tangan",
          "pivot": [
            -26,
            33.5,
            0
          ],
          "cubes": [
            {
              "origin": [
                -27,
                32.5,
                -1.5
              ],
              "size": [
                1,
                2,
                3
              ],
              "uv": [
                66,
                56
              ]
            },
            {
              "origin": [
                -28,
                32,
                -1.5
              ],
              "size": [
                1,
                3,
                3
              ],
              "uv": [
                54,
                67
              ]
            }
          ]
        },
        {
          "name": "Jari",
          "parent": "Pergelangan",
          "pivot": [
            -28,
            35,
            1
          ],
          "cubes": [
            {
              "origin": [
                -30,
                34,
                0.5
              ],
              "size": [
                2,
                1,
                1
              ],
              "uv": [
                75,
                7
              ]
            }
          ]
        },
        {
          "name": "Jaru",
          "parent": "Jari",
          "pivot": [
            -30,
            35,
            1
          ],
          "cubes": [
            {
              "origin": [
                -32,
                34,
                0.5
              ],
              "size": [
                2,
                1,
                1
              ],
              "uv": [
                34,
                67
              ]
            }
          ]
        },
        {
          "name": "Jari2",
          "parent": "Pergelangan",
          "pivot": [
            -28,
            35,
            0
          ],
          "cubes": [
            {
              "origin": [
                -30,
                34,
                -0.5
              ],
              "size": [
                2,
                1,
                1
              ],
              "uv": [
                66,
                45
              ]
            }
          ]
        },
        {
          "name": "Jaru2",
          "parent": "Jari2",
          "pivot": [
            -30,
            35,
            0
          ],
          "cubes": [
            {
              "origin": [
                -32,
                34,
                -0.5
              ],
              "size": [
                2,
                1,
                1
              ],
              "uv": [
                58,
                30
              ]
            }
          ]
        },
        {
          "name": "Jari3",
          "parent": "Pergelangan",
          "pivot": [
            -28,
            35,
            -1
          ],
          "cubes": [
            {
              "origin": [
                -30,
                34,
                -1.5
              ],
              "size": [
                2,
                1,
                1
              ],
              "uv": [
                48,
                36
              ]
            }
          ]
        },
        {
          "name": "Jaru3",
          "parent": "Jari3",
          "pivot": [
            -30,
            35,
            -1
          ],
          "cubes": [
            {
              "origin": [
                -32,
                34,
                -1.5
              ],
              "size": [
                2,
                1,
                1
              ],
              "uv": [
                38,
                28
              ]
            }
          ]
        },
        {
          "name": "Jari4",
          "parent": "Pergelangan",
          "pivot": [
            -28,
            34,
            -1
          ],
          "cubes": [
            {
              "origin": [
                -30,
                33,
                -1.5
              ],
              "size": [
                2,
                1,
                1
              ],
              "uv": [
                6,
                0
              ]
            }
          ]
        },
        {
          "name": "Jaru4",
          "parent": "Jari4",
          "pivot": [
            -30,
            34,
            -1
          ],
          "cubes": [
            {
              "origin": [
                -31,
                33,
                -1.5
              ],
              "size": [
                1,
                1,
                1
              ],
              "uv": [
                8,
                2
              ]
            }
          ]
        },
        {
          "name": "Armkanan",
          "parent": "Body",
          "pivot": [
            3,
            34,
            -1
          ],
          "cubes": [
            {
              "origin": [
                3,
                27,
                1
              ],
              "size": [
                3,
                1,
                1
              ],
              "pivot": [
                3,
                34,
                -1
              ],
              "rotation": [
                1.5741,
                -17.43127,
                -62.74133
              ],
              "uv": [
                36,
                53
              ]
            },
            {
              "origin": [
                3,
                30,
                1
              ],
              "size": [
                3,
                1,
                1
              ],
              "pivot": [
                3,
                34,
                -1
              ],
              "rotation": [
                1.5741,
                -17.43127,
                -62.74133
              ],
              "uv": [
                8,
                48
              ]
            },
            {
              "origin": [
                4.97417,
                32.23484,
                -0.93047
              ],
              "size": [
                3,
                1,
                1
              ],
              "pivot": [
                5,
                33,
                -1
              ],
              "rotation": [
                -5.41615,
                -16.66577,
                -39.20612
              ],
              "uv": [
                48,
                22
              ]
            },
            {
              "origin": [
                7.95831,
                30.69425,
                -0.95299
              ],
              "size": [
                3,
                1,
                1
              ],
              "pivot": [
                8,
                31,
                -1
              ],
              "rotation": [
                -15.62489,
                -7.98133,
                6.09681
              ],
              "uv": [
                42,
                32
              ]
            },
            {
              "origin": [
                2.28674,
                33.68203,
                -0.83843
              ],
              "size": [
                3,
                1,
                1
              ],
              "pivot": [
                3,
                34,
                -1
              ],
              "rotation": [
                -4.6653,
                -16.88547,
                -41.80716
              ],
              "uv": [
                74,
                0
              ]
            },
            {
              "origin": [
                5.48664,
                31.66346,
                -0.88367
              ],
              "size": [
                1,
                1,
                2
              ],
              "pivot": [
                6,
                32,
                2
              ],
              "rotation": [
                -13.4259,
                -17.43127,
                -62.74133
              ],
              "uv": [
                75,
                54
              ]
            },
            {
              "origin": [
                5.48664,
                28.66346,
                0.11633
              ],
              "size": [
                1,
                1,
                2
              ],
              "pivot": [
                6,
                32,
                2
              ],
              "rotation": [
                -13.4259,
                -17.43127,
                -62.74133
              ],
              "uv": [
                70,
                5
              ]
            },
            {
              "origin": [
                3.26765,
                35.00696,
                0.76136
              ],
              "size": [
                1,
                1,
                4
              ],
              "pivot": [
                4,
                36,
                1
              ],
              "rotation": [
                -60.9259,
                -17.43127,
                -62.74133
              ],
              "uv": [
                28,
                65
              ]
            },
            {
              "origin": [
                3.26765,
                33.00696,
                3.76136
              ],
              "size": [
                1,
                1,
                4
              ],
              "pivot": [
                4,
                36,
                1
              ],
              "rotation": [
                -60.9259,
                -17.43127,
                -62.74133
              ],
              "uv": [
                64,
                63
              ]
            }
          ]
        },
        {
          "name": "Tangan2",
          "parent": "Armkanan",
          "pivot": [
            11,
            31,
            0
          ],
          "cubes": [
            {
              "origin": [
                10,
                30,
                -1
              ],
              "size": [
                2,
                2,
                2
              ],
              "uv": [
                14,
                15
              ]
            },
            {
              "origin": [
                10.5,
                21,
                -0.5
              ],
              "size": [
                1,
                9,
                1
              ],
              "uv": [
                12,
                67
              ]
            }
          ]
        },
        {
          "name": "bone3",
          "parent": "Tangan2",
          "pivot": [
            11,
            21,
            0
          ],
          "cubes": [
            {
              "origin": [
                10,
                20,
                -1
              ],
              "size": [
                2,
                1,
                2
              ],
              "uv": [
                24,
                15
              ]
            }
          ]
        },
        {
          "name": "Capitan",
          "parent": "bone3",
          "pivot": [
            10,
            20,
            0
          ],
          "rotation": [
            0,
            0,
            7.5
          ],
          "cubes": [
            {
              "origin": [
                10,
                17,
                -1
              ],
              "size": [
                1,
                3,
                2
              ],
              "uv": [
                72,
                73
              ]
            },
            {
              "origin": [
                10,
                15,
                -1
              ],
              "size": [
                1,
                2,
                2
              ],
              "pivot": [
                10,
                17,
                0
              ],
              "rotation": [
                0,
                0,
                -12.5
              ],
              "uv": [
                71,
                55
              ]
            }
          ]
        },
        {
          "name": "Capitan2",
          "parent": "bone3",
          "pivot": [
            12,
            20,
            0
          ],
          "rotation": [
            0,
            0,
            -7.5
          ],
          "cubes": [
            {
              "origin": [
                11,
                17,
                -1
              ],
              "size": [
                1,
                3,
                2
              ],
              "uv": [
                72,
                37
              ]
            },
            {
              "origin": [
                11,
                15,
                -1
              ],
              "size": [
                1,
                2,
                2
              ],
              "pivot": [
                12,
                17,
                0
              ],
              "rotation": [
                0,
                0,
                12.5
              ],
              "uv": [
                42,
                10
              ]
            }
          ]
        },
        {
          "name": "Body4",
          "parent": "All",
          "pivot": [
            -2,
            29,
            0
          ]
        },
        {
          "name": "Legkanan",
          "parent": "All",
          "pivot": [
            3,
            27,
            0
          ],
          "cubes": [
            {
              "origin": [
                3,
                26,
                -1
              ],
              "size": [
                4,
                1,
                1
              ],
              "pivot": [
                3,
                27,
                0
              ],
              "rotation": [
                0,
                0,
                57.5
              ],
              "uv": [
                18,
                37
              ]
            },
            {
              "origin": [
                5.39523,
                22.92512,
                -1
              ],
              "size": [
                10,
                1,
                1
              ],
              "pivot": [
                5,
                24,
                0
              ],
              "rotation": [
                0,
                0,
                92.5
              ],
              "uv": [
                38,
                26
              ]
            }
          ]
        },
        {
          "name": "Kaki2",
          "parent": "Legkanan",
          "pivot": [
            4,
            13,
            0
          ],
          "cubes": [
            {
              "origin": [
                3.36208,
                12.44435,
                -1
              ],
              "size": [
                12,
                1,
                1
              ],
              "pivot": [
                4,
                13,
                0
              ],
              "rotation": [
                0,
                0,
                92.5
              ],
              "uv": [
                28,
                24
              ]
            },
            {
              "origin": [
                27.39523,
                22.92512,
                -1.5
              ],
              "size": [
                2,
                6,
                2
              ],
              "pivot": [
                5,
                24,
                0
              ],
              "rotation": [
                0,
                0,
                92.5
              ],
              "uv": [
                16,
                63
              ]
            },
            {
              "origin": [
                26.39523,
                25.92512,
                -1.5
              ],
              "size": [
                1,
                3,
                2
              ],
              "pivot": [
                5,
                24,
                0
              ],
              "rotation": [
                0,
                0,
                92.5
              ],
              "uv": [
                74,
                2
              ]
            }
          ]
        },
        {
          "name": "Legkiri",
          "parent": "All",
          "pivot": [
            -3,
            26,
            -1
          ],
          "cubes": [
            {
              "origin": [
                -4,
                24,
                -1
              ],
              "size": [
                1,
                3,
                1
              ],
              "pivot": [
                -4,
                26,
                -2
              ],
              "rotation": [
                0,
                0,
                50
              ],
              "uv": [
                28,
                65
              ]
            },
            {
              "origin": [
                -3.76604,
                23.64279,
                -1
              ],
              "size": [
                2,
                1,
                1
              ],
              "pivot": [
                -4,
                25,
                -1
              ],
              "rotation": [
                0,
                0,
                65
              ],
              "uv": [
                77,
                9
              ]
            },
            {
              "origin": [
                -2,
                22,
                -1
              ],
              "size": [
                1,
                2,
                1
              ],
              "pivot": [
                -4,
                26,
                -2
              ],
              "rotation": [
                0,
                0,
                50
              ],
              "uv": [
                4,
                78
              ]
            },
            {
              "origin": [
                -4.06418,
                20.57115,
                -1
              ],
              "size": [
                2,
                1,
                1
              ],
              "pivot": [
                -4,
                22,
                -2
              ],
              "rotation": [
                -2.63794,
                -1.05875,
                67.29378
              ],
              "uv": [
                76,
                73
              ]
            },
            {
              "origin": [
                0,
                20,
                -1
              ],
              "size": [
                1,
                2,
                1
              ],
              "pivot": [
                -4,
                26,
                -2
              ],
              "rotation": [
                0,
                0,
                50
              ],
              "uv": [
                0,
                78
              ]
            },
            {
              "origin": [
                -4.36231,
                17.49951,
                -1
              ],
              "size": [
                2,
                1,
                1
              ],
              "pivot": [
                -4,
                19,
                -2
              ],
              "rotation": [
                0,
                0,
                67.5
              ],
              "uv": [
                76,
                64
              ]
            }
          ]
        },
        {
          "name": "Kaki",
          "parent": "Legkiri",
          "pivot": [
            -5,
            18,
            -1
          ],
          "cubes": [
            {
              "origin": [
                -6,
                16.5,
                -1.5
              ],
              "size": [
                2,
                2,
                2
              ],
              "uv": [
                24,
                0
              ]
            },
            {
              "origin": [
                -5.5,
                5.5,
                -1
              ],
              "size": [
                1,
                11,
                1
              ],
              "pivot": [
                -5,
                16.5,
                -0.5
              ],
              "rotation": [
                0,
                0,
                -15
              ],
              "uv": [
                24,
                65
              ]
            },
            {
              "origin": [
                -2.80959,
                0.93572,
                -1
              ],
              "size": [
                1,
                5,
                1
              ],
              "pivot": [
                -2,
                6.5,
                -0.5
              ],
              "rotation": [
                0,
                0,
                2.5
              ],
              "uv": [
                76,
                58
              ]
            },
            {
              "origin": [
                -5.51549,
                0.76534,
                -1
              ],
              "size": [
                3,
                1,
                1
              ],
              "pivot": [
                -2,
                1.5,
                -0.5
              ],
              "rotation": [
                0,
                0,
                -15
              ],
              "uv": [
                74,
                66
              ]
            },
            {
              "origin": [
                -6.39297,
                -0.30401,
                -1
              ],
              "size": [
                1,
                3,
                1
              ],
              "pivot": [
                -6,
                0.5,
                -0.5
              ],
              "rotation": [
                0,
                0,
                -25
              ],
              "uv": [
                42,
                4
              ]
            },
            {
              "origin": [
                -7.3319,
                2.46076,
                -1
              ],
              "size": [
                1,
                3,
                1
              ],
              "pivot": [
                -7,
                2.5,
                -0.5
              ],
              "rotation": [
                0,
                0,
                17.5
              ],
              "uv": [
                34,
                39
              ]
            },
            {
              "origin": [
                -6.3835,
                5.2989,
                -1
              ],
              "size": [
                1,
                3,
                1
              ],
              "pivot": [
                -6,
                5.5,
                -0.5
              ],
              "rotation": [
                0,
                0,
                107.5
              ],
              "uv": [
                8,
                37
              ]
            },
            {
              "origin": [
                -5.3835,
                7.2989,
                -1
              ],
              "size": [
                2,
                1,
                1
              ],
              "pivot": [
                -6,
                5.5,
                -0.5
              ],
              "rotation": [
                0,
                0,
                107.5
              ],
              "uv": [
                76,
                42
              ]
            }
          ]
        }
      ]
    }
  ]
}