{
  "format_version": "1.12.0",
  "minecraft:geometry": [
    {
      "description": {
        "identifier": "geometry.telur_kintra",
        "texture_width": 128,
        "texture_height": 128,
        "visible_bounds_width": 6,
        "visible_bounds_height": 5,
        "visible_bounds_offset": [
          0,
          1.5,
          0
        ]
      },
      "bones": [
        {
          "name": "All",
          "pivot": [
            0,
            21,
            0
          ]
        },
        {
          "name": "Body3",
          "parent": "All",
          "pivot": [
            0,
            2,
            3
          ],
          "cubes": [
            {
              "origin": [
                -3,
                11,
                -4
              ],
              "size": [
                7,
                3,
                7
              ],
              "uv": [
                44,
                0
              ]
            },
            {
              "origin": [
                0,
                0,
                -5
              ],
              "size": [
                6,
                3,
                9
              ],
              "uv": [
                0,
                36
              ]
            },
            {
              "origin": [
                -2,
                0,
                3
              ],
              "size": [
                2,
                3,
                1
              ],
              "uv": [
                40,
                20
              ]
            },
            {
              "origin": [
                -5,
                0,
                -5
              ],
              "size": [
                3,
                3,
                9
              ],
              "uv": [
                41,
                52
              ]
            },
            {
              "origin": [
                -1,
                0,
                -4
              ],
              "size": [
                5,
                12,
                7
              ],
              "pivot": [
                4,
                12.5,
                0
              ],
              "rotation": [
                0,
                0,
                -5
              ],
              "uv": [
                21,
                26
              ]
            },
            {
              "origin": [
                -3,
                0,
                -4
              ],
              "size": [
                4,
                12,
                7
              ],
              "pivot": [
                -3,
                12.5,
                0
              ],
              "rotation": [
                0,
                0,
                5
              ],
              "uv": [
                46,
                13
              ]
            },
            {
              "origin": [
                -1,
                0,
                -5
              ],
              "size": [
                2,
                12,
                7
              ],
              "pivot": [
                -3,
                12.5,
                0
              ],
              "rotation": [
                0,
                0,
                5
              ],
              "uv": [
                23,
                45
              ]
            },
            {
              "origin": [
                -1,
                11,
                -5
              ],
              "size": [
                2,
                3,
                1
              ],
              "uv": [
                45,
                0
              ]
            }
          ]
        },
        {
          "name": "Body2",
          "parent": "Body3",
          "pivot": [
            0,
            14,
            -3
          ],
          "cubes": [
            {
              "origin": [
                -3,
                14,
                -4
              ],
              "size": [
                7,
                9,
                7
              ],
              "uv": [
                0,
                17
              ]
            },
            {
              "origin": [
                -3,
                14,
                -5
              ],
              "size": [
                7,
                9,
                1
              ],
              "pivot": [
                2,
                23,
                -5
              ],
              "rotation": [
                5,
                0,
                0
              ],
              "uv": [
                61,
                10
              ]
            },
            {
              "origin": [
                -1,
                14,
                -6
              ],
              "size": [
                2,
                9,
                1
              ],
              "pivot": [
                2,
                23,
                -5
              ],
              "rotation": [
                5,
                0,
                0
              ],
              "uv": [
                0,
                33
              ]
            },
            {
              "origin": [
                -3,
                14,
                3
              ],
              "size": [
                7,
                9,
                1
              ],
              "pivot": [
                2,
                23,
                4
              ],
              "rotation": [
                -7.5,
                0,
                0
              ],
              "uv": [
                38,
                64
              ]
            }
          ]
        },
        {
          "name": "Glicht3",
          "parent": "Body2",
          "pivot": [
            4,
            19,
            0
          ],
          "cubes": [
            {
              "origin": [
                4.5,
                14,
                -4
              ],
              "size": [
                0,
                9,
                7
              ],
              "uv": [
                0,
                88
              ]
            }
          ]
        },
        {
          "name": "Armkanan",
          "parent": "Body2",
          "pivot": [
            9,
            25,
            0
          ],
          "cubes": [
            {
              "origin": [
                7.5,
                24,
                -1
              ],
              "size": [
                3,
                1,
                2
              ],
              "uv": [
                6,
                33
              ]
            },
            {
              "origin": [
                7,
                22,
                -2
              ],
              "size": [
                4,
                2,
                4
              ],
              "uv": [
                28,
                20
              ]
            }
          ]
        },
        {
          "name": "Jari2",
          "parent": "Armkanan",
          "pivot": [
            8,
            22,
            -2
          ],
          "cubes": [
            {
              "origin": [
                8,
                20,
                -2
              ],
              "size": [
                1,
                2,
                1
              ],
              "uv": [
                4,
                64
              ]
            }
          ]
        },
        {
          "name": "Jaru2",
          "parent": "Jari2",
          "pivot": [
            8,
            20,
            -2
          ],
          "cubes": [
            {
              "origin": [
                8,
                18,
                -2
              ],
              "size": [
                1,
                2,
                1
              ],
              "uv": [
                0,
                64
              ]
            }
          ]
        },
        {
          "name": "Jari3",
          "parent": "Armkanan",
          "pivot": [
            9,
            22,
            -2
          ],
          "cubes": [
            {
              "origin": [
                9,
                20,
                -2
              ],
              "size": [
                1,
                2,
                1
              ],
              "uv": [
                12,
                61
              ]
            }
          ]
        },
        {
          "name": "Jaru3",
          "parent": "Jari3",
          "pivot": [
            9,
            20,
            -2
          ],
          "cubes": [
            {
              "origin": [
                9,
                18,
                -2
              ],
              "size": [
                1,
                2,
                1
              ],
              "uv": [
                4,
                61
              ]
            }
          ]
        },
        {
          "name": "Jari4",
          "parent": "Armkanan",
          "pivot": [
            10,
            22,
            -2
          ],
          "cubes": [
            {
              "origin": [
                10,
                20,
                -2
              ],
              "size": [
                1,
                2,
                1
              ],
              "uv": [
                0,
                61
              ]
            }
          ]
        },
        {
          "name": "Jaru4",
          "parent": "Jari4",
          "pivot": [
            10,
            20,
            -2
          ],
          "cubes": [
            {
              "origin": [
                10,
                18,
                -2
              ],
              "size": [
                1,
                2,
                1
              ],
              "uv": [
                60,
                58
              ]
            }
          ]
        },
        {
          "name": "Jari5",
          "parent": "Armkanan",
          "pivot": [
            7,
            22,
            0
          ],
          "cubes": [
            {
              "origin": [
                7,
                20,
                -1
              ],
              "size": [
                1,
                2,
                1
              ],
              "uv": [
                56,
                58
              ]
            }
          ]
        },
        {
          "name": "Jaru5",
          "parent": "Jari5",
          "pivot": [
            7,
            20,
            0
          ],
          "cubes": [
            {
              "origin": [
                7,
                19,
                -1
              ],
              "size": [
                1,
                1,
                1
              ],
              "uv": [
                42,
                26
              ]
            }
          ]
        },
        {
          "name": "Jari",
          "parent": "Armkanan",
          "pivot": [
            7,
            22,
            -2
          ],
          "cubes": [
            {
              "origin": [
                7,
                20,
                -2
              ],
              "size": [
                1,
                2,
                1
              ],
              "uv": [
                54,
                64
              ]
            }
          ]
        },
        {
          "name": "Jaru",
          "parent": "Jari",
          "pivot": [
            7,
            20,
            -2
          ],
          "cubes": [
            {
              "origin": [
                7,
                18,
                -2
              ],
              "size": [
                1,
                2,
                1
              ],
              "uv": [
                31,
                64
              ]
            }
          ]
        },
        {
          "name": "Armkiri",
          "parent": "Body2",
          "pivot": [
            -8,
            25,
            0
          ],
          "cubes": [
            {
              "origin": [
                -9.5,
                24,
                -1
              ],
              "size": [
                3,
                1,
                2
              ],
              "uv": [
                21,
                20
              ]
            },
            {
              "origin": [
                -10,
                22,
                -2
              ],
              "size": [
                4,
                2,
                4
              ],
              "uv": [
                21,
                0
              ]
            }
          ]
        },
        {
          "name": "Jari6",
          "parent": "Armkiri",
          "pivot": [
            -9,
            22,
            -2
          ],
          "cubes": [
            {
              "origin": [
                -9,
                20,
                -2
              ],
              "size": [
                1,
                2,
                1
              ],
              "uv": [
                45,
                57
              ]
            }
          ]
        },
        {
          "name": "Jaru6",
          "parent": "Jari6",
          "pivot": [
            -9,
            20,
            -2
          ],
          "cubes": [
            {
              "origin": [
                -9,
                18,
                -2
              ],
              "size": [
                1,
                2,
                1
              ],
              "uv": [
                41,
                57
              ]
            }
          ]
        },
        {
          "name": "Jari7",
          "parent": "Armkiri",
          "pivot": [
            -8,
            22,
            -2
          ],
          "cubes": [
            {
              "origin": [
                -8,
                20,
                -2
              ],
              "size": [
                1,
                2,
                1
              ],
              "uv": [
                56,
                38
              ]
            }
          ]
        },
        {
          "name": "Jaru7",
          "parent": "Jari7",
          "pivot": [
            -8,
            20,
            -2
          ],
          "cubes": [
            {
              "origin": [
                -8,
                18,
                -2
              ],
              "size": [
                1,
                2,
                1
              ],
              "uv": [
                53,
                36
              ]
            }
          ]
        },
        {
          "name": "Jari8",
          "parent": "Armkiri",
          "pivot": [
            -7,
            22,
            -2
          ],
          "cubes": [
            {
              "origin": [
                -7,
                20,
                -2
              ],
              "size": [
                1,
                2,
                1
              ],
              "uv": [
                46,
                52
              ]
            }
          ]
        },
        {
          "name": "Jaru8",
          "parent": "Jari8",
          "pivot": [
            -7,
            20,
            -2
          ],
          "cubes": [
            {
              "origin": [
                -7,
                18,
                -2
              ],
              "size": [
                1,
                2,
                1
              ],
              "uv": [
                5,
                42
              ]
            }
          ]
        },
        {
          "name": "Jari9",
          "parent": "Armkiri",
          "pivot": [
            -6,
            22,
            0
          ],
          "cubes": [
            {
              "origin": [
                -7,
                20,
                -1
              ],
              "size": [
                1,
                2,
                1
              ],
              "uv": [
                38,
                29
              ]
            }
          ]
        },
        {
          "name": "Jaru9",
          "parent": "Jari9",
          "pivot": [
            -7,
            20,
            0
          ],
          "cubes": [
            {
              "origin": [
                -7,
                19,
                -1
              ],
              "size": [
                1,
                1,
                1
              ],
              "uv": [
                33,
                2
              ]
            }
          ]
        },
        {
          "name": "Jari10",
          "parent": "Armkiri",
          "pivot": [
            -10,
            22,
            -2
          ],
          "cubes": [
            {
              "origin": [
                -10,
                20,
                -2
              ],
              "size": [
                1,
                2,
                1
              ],
              "uv": [
                38,
                26
              ]
            }
          ]
        },
        {
          "name": "Jaru10",
          "parent": "Jari10",
          "pivot": [
            -10,
            20,
            -2
          ],
          "cubes": [
            {
              "origin": [
                -10,
                18,
                -2
              ],
              "size": [
                1,
                2,
                1
              ],
              "uv": [
                16,
                33
              ]
            }
          ]
        },
        {
          "name": "Body",
          "parent": "Body2",
          "pivot": [
            0,
            23,
            4
          ],
          "cubes": [
            {
              "origin": [
                -3,
                23,
                -5
              ],
              "size": [
                7,
                3,
                9
              ],
              "uv": [
                21,
                8
              ]
            },
            {
              "origin": [
                -3,
                32,
                -1
              ],
              "size": [
                7,
                3,
                5
              ],
              "uv": [
                60,
                59
              ]
            },
            {
              "origin": [
                -4.1,
                25.2,
                -5
              ],
              "size": [
                4,
                7,
                9
              ],
              "pivot": [
                -4,
                32,
                0
              ],
              "rotation": [
                0,
                0,
                -7.5
              ],
              "uv": [
                36,
                36
              ]
            },
            {
              "origin": [
                -1,
                24.3,
                -5
              ],
              "size": [
                6,
                8,
                9
              ],
              "pivot": [
                5,
                32.3,
                0
              ],
              "rotation": [
                0,
                0,
                7.5
              ],
              "uv": [
                0,
                0
              ]
            },
            {
              "origin": [
                1,
                32,
                -5
              ],
              "size": [
                3,
                3,
                9
              ],
              "pivot": [
                4,
                35,
                0
              ],
              "rotation": [
                0,
                0,
                -22.5
              ],
              "uv": [
                53,
                32
              ]
            },
            {
              "origin": [
                -3,
                32,
                -5
              ],
              "size": [
                2,
                3,
                9
              ],
              "pivot": [
                -3,
                35,
                0
              ],
              "rotation": [
                0,
                0,
                22.5
              ],
              "uv": [
                56,
                44
              ]
            },
            {
              "origin": [
                -3,
                35,
                2
              ],
              "size": [
                2,
                4,
                2
              ],
              "pivot": [
                -3,
                35,
                0
              ],
              "rotation": [
                0,
                0,
                22.5
              ],
              "uv": [
                44,
                10
              ]
            },
            {
              "origin": [
                -1,
                23,
                -6
              ],
              "size": [
                2,
                8,
                1
              ],
              "uv": [
                0,
                0
              ]
            },
            {
              "origin": [
                -1,
                31,
                -6
              ],
              "size": [
                2,
                6,
                1
              ],
              "pivot": [
                1,
                31,
                -6
              ],
              "rotation": [
                0,
                0,
                -30
              ],
              "uv": [
                0,
                17
              ]
            },
            {
              "origin": [
                -3.66987,
                35.07514,
                -5.90527
              ],
              "size": [
                2,
                4,
                9
              ],
              "pivot": [
                -4,
                35,
                -6
              ],
              "rotation": [
                -45,
                0,
                -30
              ],
              "uv": [
                0,
                48
              ]
            },
            {
              "origin": [
                -4.11481,
                34.52773,
                -0.00765
              ],
              "size": [
                2,
                4,
                6
              ],
              "pivot": [
                -5,
                36,
                0
              ],
              "rotation": [
                -74.09459,
                24.60708,
                -23.3344
              ],
              "uv": [
                54,
                67
              ]
            },
            {
              "origin": [
                -5.30385,
                37.76315,
                -2.83592
              ],
              "size": [
                2,
                4,
                3
              ],
              "pivot": [
                -5,
                38,
                -3
              ],
              "rotation": [
                -56.68901,
                16.87378,
                -9.57173
              ],
              "uv": [
                13,
                48
              ]
            },
            {
              "origin": [
                -4.7513,
                40.20023,
                0.18259
              ],
              "size": [
                2,
                4,
                3
              ],
              "pivot": [
                -5,
                40,
                0
              ],
              "rotation": [
                -42.9143,
                44.14466,
                16.46652
              ],
              "uv": [
                35,
                74
              ]
            },
            {
              "origin": [
                -2.29963,
                33.64882,
                -2.45056
              ],
              "size": [
                2,
                4,
                8
              ],
              "pivot": [
                -2,
                35,
                2
              ],
              "rotation": [
                -77.5047,
                55.76658,
                0.36216
              ],
              "uv": [
                0,
                61
              ]
            },
            {
              "origin": [
                -2.01601,
                42.10007,
                1.83818
              ],
              "size": [
                2,
                4,
                4
              ],
              "pivot": [
                -2,
                42,
                2
              ],
              "rotation": [
                8.20105,
                54.64762,
                84.28369
              ],
              "uv": [
                12,
                61
              ]
            },
            {
              "origin": [
                0.71514,
                36.98841,
                3.65864
              ],
              "size": [
                2,
                4,
                7
              ],
              "pivot": [
                1,
                39,
                4
              ],
              "rotation": [
                136.03061,
                83.17247,
                -146.18612
              ],
              "uv": [
                20,
                64
              ]
            },
            {
              "origin": [
                -1,
                31,
                -6
              ],
              "size": [
                2,
                7,
                1
              ],
              "pivot": [
                -1,
                31,
                -5
              ],
              "rotation": [
                0,
                0,
                40
              ],
              "uv": [
                0,
                48
              ]
            },
            {
              "origin": [
                2.97488,
                35.0791,
                -6
              ],
              "size": [
                2,
                4,
                5
              ],
              "pivot": [
                5,
                35,
                -6
              ],
              "rotation": [
                -43.29409,
                -5.11477,
                24.04768
              ],
              "uv": [
                68,
                20
              ]
            },
            {
              "origin": [
                4.01548,
                37.72054,
                -3.03679
              ],
              "size": [
                2,
                4,
                3
              ],
              "pivot": [
                6,
                38,
                -3
              ],
              "rotation": [
                -50.41573,
                -23.23218,
                2.59474
              ],
              "uv": [
                45,
                74
              ]
            },
            {
              "origin": [
                4.01548,
                37.72054,
                -0.03679
              ],
              "size": [
                2,
                4,
                3
              ],
              "pivot": [
                6,
                38,
                -3
              ],
              "rotation": [
                -50.41573,
                -23.23218,
                2.59474
              ],
              "uv": [
                12,
                73
              ]
            },
            {
              "origin": [
                2.83328,
                40.02046,
                -0.56237
              ],
              "size": [
                2,
                4,
                4
              ],
              "pivot": [
                5,
                40,
                0
              ],
              "rotation": [
                -35.39758,
                -44.08373,
                -23.7353
              ],
              "uv": [
                72,
                0
              ]
            }
          ]
        },
        {
          "name": "Glicht2",
          "parent": "Body",
          "pivot": [
            0,
            32,
            4
          ],
          "cubes": [
            {
              "origin": [
                -4,
                26,
                4.1
              ],
              "size": [
                9,
                11,
                0
              ],
              "uv": [
                92,
                0
              ]
            }
          ]
        },
        {
          "name": "Leher",
          "parent": "Body",
          "pivot": [
            1,
            33,
            -3
          ],
          "cubes": [
            {
              "origin": [
                -1.5,
                35,
                -4.5
              ],
              "size": [
                4,
                1,
                4
              ],
              "uv": [
                33,
                2
              ]
            },
            {
              "origin": [
                -1.2,
                36,
                -4.2
              ],
              "size": [
                2,
                1,
                4
              ],
              "uv": [
                0,
                73
              ]
            },
            {
              "origin": [
                0.2,
                36,
                -4.2
              ],
              "size": [
                2,
                1,
                4
              ],
              "uv": [
                38,
                28
              ]
            },
            {
              "origin": [
                -1,
                33,
                -4
              ],
              "size": [
                3,
                6,
                3
              ],
              "uv": [
                69,
                44
              ]
            }
          ]
        },
        {
          "name": "Head",
          "parent": "Leher",
          "pivot": [
            0.5,
            38,
            -2.5
          ],
          "cubes": [
            {
              "origin": [
                -1,
                38,
                -4
              ],
              "size": [
                3,
                7,
                3
              ],
              "pivot": [
                -1,
                38,
                -2
              ],
              "rotation": [
                0,
                0,
                -15
              ],
              "uv": [
                68,
                29
              ]
            },
            {
              "origin": [
                -1,
                38,
                -4
              ],
              "size": [
                3,
                7,
                3
              ],
              "pivot": [
                2,
                38,
                -2
              ],
              "rotation": [
                0,
                0,
                15
              ],
              "uv": [
                70,
                67
              ]
            },
            {
              "origin": [
                -2,
                43,
                -4
              ],
              "size": [
                1,
                2,
                3
              ],
              "pivot": [
                2,
                38,
                -2
              ],
              "rotation": [
                0,
                0,
                15
              ],
              "uv": [
                41,
                52
              ]
            },
            {
              "origin": [
                -0.5,
                45,
                -3.5
              ],
              "size": [
                2,
                1,
                2
              ],
              "uv": [
                53,
                33
              ]
            },
            {
              "origin": [
                0,
                46,
                -3
              ],
              "size": [
                1,
                3,
                1
              ],
              "uv": [
                21,
                0
              ]
            },
            {
              "origin": [
                -1,
                47,
                -3
              ],
              "size": [
                1,
                1,
                1
              ],
              "uv": [
                45,
                4
              ]
            },
            {
              "origin": [
                1,
                47,
                -3
              ],
              "size": [
                1,
                1,
                1
              ],
              "uv": [
                0,
                43
              ]
            }
          ]
        },
        {
          "name": "Mata",
          "parent": "Head",
          "pivot": [
            -2,
            43.5,
            -5
          ],
          "rotation": [
            7.5,
            0,
            0
          ],
          "cubes": [
            {
              "origin": [
                -4,
                43,
                -6
              ],
              "size": [
                4,
                1,
                1
              ],
              "uv": [
                82,
                75
              ]
            },
            {
              "origin": [
                -4,
                43,
                -6
              ],
              "size": [
                4,
                1,
                1
              ],
              "pivot": [
                -2,
                43.5,
                -5
              ],
              "rotation": [
                0,
                0,
                -30
              ],
              "uv": [
                82,
                73
              ]
            },
            {
              "origin": [
                -4,
                43,
                -6
              ],
              "size": [
                4,
                1,
                1
              ],
              "pivot": [
                -2,
                43.5,
                -5
              ],
              "rotation": [
                0,
                0,
                -60
              ],
              "uv": [
                82,
                71
              ]
            },
            {
              "origin": [
                -4,
                43,
                -6
              ],
              "size": [
                4,
                1,
                1
              ],
              "pivot": [
                -2,
                43.5,
                -5
              ],
              "rotation": [
                0,
                0,
                -90
              ],
              "uv": [
                82,
                69
              ]
            },
            {
              "origin": [
                -4,
                43,
                -6
              ],
              "size": [
                4,
                1,
                1
              ],
              "pivot": [
                -2,
                43.5,
                -5
              ],
              "rotation": [
                0,
                0,
                -120
              ],
              "uv": [
                82,
                26
              ]
            },
            {
              "origin": [
                -4,
                43,
                -6
              ],
              "size": [
                4,
                1,
                1
              ],
              "pivot": [
                -2,
                43.5,
                -5
              ],
              "rotation": [
                0,
                0,
                -147.5
              ],
              "uv": [
                82,
                24
              ]
            },
            {
              "origin": [
                -4,
                43.25,
                -6.06699
              ],
              "size": [
                4,
                1,
                1
              ],
              "pivot": [
                -2,
                43.75,
                -5.06699
              ],
              "rotation": [
                -25.9629,
                15.5839,
                -151.1136
              ],
              "uv": [
                19,
                83
              ]
            },
            {
              "origin": [
                -4,
                43.25,
                -6.06699
              ],
              "size": [
                4,
                1,
                1
              ],
              "pivot": [
                -2,
                43.75,
                -5.06699
              ],
              "rotation": [
                -16.1021,
                25.6589,
                -123.6901
              ],
              "uv": [
                29,
                83
              ]
            },
            {
              "origin": [
                -4,
                43.25,
                -6.06699
              ],
              "size": [
                4,
                1,
                1
              ],
              "pivot": [
                -2,
                43.75,
                -5.06699
              ],
              "rotation": [
                0,
                30,
                -90
              ],
              "uv": [
                39,
                83
              ]
            },
            {
              "origin": [
                -4,
                43.25,
                -6.06699
              ],
              "size": [
                4,
                1,
                1
              ],
              "pivot": [
                -2,
                43.75,
                -5.06699
              ],
              "rotation": [
                16.1021,
                25.6589,
                -56.3099
              ],
              "uv": [
                49,
                83
              ]
            },
            {
              "origin": [
                -4,
                43.25,
                -6.06699
              ],
              "size": [
                4,
                1,
                1
              ],
              "pivot": [
                -2,
                43.75,
                -5.06699
              ],
              "rotation": [
                26.5651,
                14.4775,
                -26.5651
              ],
              "uv": [
                83,
                55
              ]
            },
            {
              "origin": [
                -4,
                43.45096,
                -5.31699
              ],
              "size": [
                4,
                1,
                1
              ],
              "pivot": [
                -3,
                42.45096,
                -4.31699
              ],
              "rotation": [
                30,
                0,
                0
              ],
              "uv": [
                59,
                83
              ]
            },
            {
              "origin": [
                -4,
                43.4217,
                -6.23135
              ],
              "size": [
                4,
                1,
                1
              ],
              "pivot": [
                -2,
                43.9217,
                -5.23135
              ],
              "rotation": [
                -52.9338,
                26.9462,
                -161.104
              ],
              "uv": [
                59,
                81
              ]
            },
            {
              "origin": [
                -4,
                43.4217,
                -6.23135
              ],
              "size": [
                4,
                1,
                1
              ],
              "pivot": [
                -2,
                43.9217,
                -5.23135
              ],
              "rotation": [
                -38.1263,
                46.9198,
                -137.0578
              ],
              "uv": [
                69,
                81
              ]
            },
            {
              "origin": [
                -4,
                43.4217,
                -6.23135
              ],
              "size": [
                4,
                1,
                1
              ],
              "pivot": [
                -2,
                43.9217,
                -5.23135
              ],
              "rotation": [
                0,
                57.5,
                -90
              ],
              "uv": [
                79,
                81
              ]
            },
            {
              "origin": [
                -4,
                43.4217,
                -6.23135
              ],
              "size": [
                4,
                1,
                1
              ],
              "pivot": [
                -2,
                43.9217,
                -5.23135
              ],
              "rotation": [
                38.1263,
                46.9198,
                -42.9422
              ],
              "uv": [
                0,
                82
              ]
            },
            {
              "origin": [
                -4,
                43.4217,
                -6.23135
              ],
              "size": [
                4,
                1,
                1
              ],
              "pivot": [
                -2,
                43.9217,
                -5.23135
              ],
              "rotation": [
                53.6609,
                24.9417,
                -17.2344
              ],
              "uv": [
                82,
                8
              ]
            },
            {
              "origin": [
                -4,
                44.11575,
                -4.96626
              ],
              "size": [
                4,
                1,
                1
              ],
              "pivot": [
                -3,
                43.11575,
                -3.96626
              ],
              "rotation": [
                57.5,
                0,
                0
              ],
              "uv": [
                10,
                82
              ]
            },
            {
              "origin": [
                -4,
                43.4981,
                -6.45642
              ],
              "size": [
                4,
                1,
                1
              ],
              "pivot": [
                -2,
                43.9981,
                -5.45642
              ],
              "rotation": [
                -84.0776,
                32.3612,
                -176.822
              ],
              "uv": [
                29,
                81
              ]
            },
            {
              "origin": [
                -4,
                43.4981,
                -6.45642
              ],
              "size": [
                4,
                1,
                1
              ],
              "pivot": [
                -2,
                43.9981,
                -5.45642
              ],
              "rotation": [
                -80.075,
                59.6245,
                -171.4156
              ],
              "uv": [
                39,
                81
              ]
            },
            {
              "origin": [
                -4,
                43.4981,
                -6.45642
              ],
              "size": [
                4,
                1,
                1
              ],
              "pivot": [
                -2,
                43.9981,
                -5.45642
              ],
              "rotation": [
                0,
                85,
                -90
              ],
              "uv": [
                81,
                46
              ]
            },
            {
              "origin": [
                -4,
                43.4981,
                -6.45642
              ],
              "size": [
                4,
                1,
                1
              ],
              "pivot": [
                -2,
                43.9981,
                -5.45642
              ],
              "rotation": [
                80.075,
                59.6245,
                -8.5844
              ],
              "uv": [
                81,
                48
              ]
            },
            {
              "origin": [
                -4,
                43.4981,
                -6.45642
              ],
              "size": [
                4,
                1,
                1
              ],
              "pivot": [
                -2,
                43.9981,
                -5.45642
              ],
              "rotation": [
                84.2314,
                29.8742,
                -2.8807
              ],
              "uv": [
                49,
                81
              ]
            },
            {
              "origin": [
                -4,
                44.86736,
                -4.96213
              ],
              "size": [
                4,
                1,
                1
              ],
              "pivot": [
                -3,
                43.86736,
                -3.96213
              ],
              "rotation": [
                85,
                0,
                0
              ],
              "uv": [
                81,
                50
              ]
            },
            {
              "origin": [
                -4,
                43.46194,
                -6.69134
              ],
              "size": [
                4,
                1,
                1
              ],
              "pivot": [
                -2,
                43.96194,
                -5.69134
              ],
              "rotation": [
                -116.157,
                29.7621,
                166.2988
              ],
              "uv": [
                80,
                2
              ]
            },
            {
              "origin": [
                -4,
                43.46194,
                -6.69134
              ],
              "size": [
                4,
                1,
                1
              ],
              "pivot": [
                -2,
                43.96194,
                -5.69134
              ],
              "rotation": [
                -129.6393,
                53.14,
                146.4625
              ],
              "uv": [
                10,
                80
              ]
            },
            {
              "origin": [
                -4,
                43.46194,
                -6.69134
              ],
              "size": [
                4,
                1,
                1
              ],
              "pivot": [
                -2,
                43.96194,
                -5.69134
              ],
              "rotation": [
                180,
                67.5,
                90
              ],
              "uv": [
                80,
                31
              ]
            },
            {
              "origin": [
                -4,
                43.46194,
                -6.69134
              ],
              "size": [
                4,
                1,
                1
              ],
              "pivot": [
                -2,
                43.96194,
                -5.69134
              ],
              "rotation": [
                129.6393,
                53.14,
                33.5375
              ],
              "uv": [
                80,
                33
              ]
            },
            {
              "origin": [
                -4,
                43.46194,
                -6.69134
              ],
              "size": [
                4,
                1,
                1
              ],
              "pivot": [
                -2,
                43.96194,
                -5.69134
              ],
              "rotation": [
                115.5614,
                27.5123,
                12.4589
              ],
              "uv": [
                80,
                35
              ]
            },
            {
              "origin": [
                -4,
                45.53596,
                -5.30552
              ],
              "size": [
                4,
                1,
                1
              ],
              "pivot": [
                -3,
                44.53596,
                -4.30552
              ],
              "rotation": [
                112.5,
                0,
                0
              ],
              "uv": [
                19,
                81
              ]
            },
            {
              "origin": [
                -4,
                43.30438,
                -6.89668
              ],
              "size": [
                4,
                1,
                1
              ],
              "pivot": [
                -2,
                43.80438,
                -5.89668
              ],
              "rotation": [
                -147.0908,
                19.0921,
                153.187
              ],
              "uv": [
                79,
                62
              ]
            },
            {
              "origin": [
                -4,
                43.30438,
                -6.89668
              ],
              "size": [
                4,
                1,
                1
              ],
              "pivot": [
                -2,
                43.80438,
                -5.89668
              ],
              "rotation": [
                -159.01,
                31.8167,
                126.0447
              ],
              "uv": [
                65,
                79
              ]
            },
            {
              "origin": [
                -4,
                43.30438,
                -6.89668
              ],
              "size": [
                4,
                1,
                1
              ],
              "pivot": [
                -2,
                43.80438,
                -5.89668
              ],
              "rotation": [
                180,
                37.5,
                90
              ],
              "uv": [
                79,
                67
              ]
            },
            {
              "origin": [
                -4,
                43.30438,
                -6.89668
              ],
              "size": [
                4,
                1,
                1
              ],
              "pivot": [
                -2,
                43.80438,
                -5.89668
              ],
              "rotation": [
                159.01,
                31.8167,
                53.9553
              ],
              "uv": [
                75,
                79
              ]
            },
            {
              "origin": [
                -4,
                43.30438,
                -6.89668
              ],
              "size": [
                4,
                1,
                1
              ],
              "pivot": [
                -2,
                43.80438,
                -5.89668
              ],
              "rotation": [
                146.395,
                17.7209,
                24.6098
              ],
              "uv": [
                0,
                80
              ]
            },
            {
              "origin": [
                -4,
                45.99441,
                -5.98353
              ],
              "size": [
                4,
                1,
                1
              ],
              "pivot": [
                -3,
                44.99441,
                -4.98353
              ],
              "rotation": [
                142.5,
                0,
                0
              ],
              "uv": [
                80,
                0
              ]
            }
          ]
        },
        {
          "name": "Mata2",
          "parent": "Head",
          "pivot": [
            3,
            40.5,
            -4
          ],
          "rotation": [
            7.5,
            0,
            0
          ],
          "cubes": [
            {
              "origin": [
                1,
                40,
                -5
              ],
              "size": [
                4,
                1,
                1
              ],
              "uv": [
                79,
                60
              ]
            },
            {
              "origin": [
                1,
                40,
                -5
              ],
              "size": [
                4,
                1,
                1
              ],
              "pivot": [
                3,
                40.5,
                -4
              ],
              "rotation": [
                0,
                0,
                -30
              ],
              "uv": [
                79,
                58
              ]
            },
            {
              "origin": [
                1,
                40,
                -5
              ],
              "size": [
                4,
                1,
                1
              ],
              "pivot": [
                3,
                40.5,
                -4
              ],
              "rotation": [
                0,
                0,
                -60
              ],
              "uv": [
                55,
                79
              ]
            },
            {
              "origin": [
                1,
                40,
                -5
              ],
              "size": [
                4,
                1,
                1
              ],
              "pivot": [
                3,
                40.5,
                -4
              ],
              "rotation": [
                0,
                0,
                -90
              ],
              "uv": [
                79,
                38
              ]
            },
            {
              "origin": [
                1,
                40,
                -5
              ],
              "size": [
                4,
                1,
                1
              ],
              "pivot": [
                3,
                40.5,
                -4
              ],
              "rotation": [
                0,
                0,
                -120
              ],
              "uv": [
                21,
                79
              ]
            },
            {
              "origin": [
                1,
                40,
                -5
              ],
              "size": [
                4,
                1,
                1
              ],
              "pivot": [
                3,
                40.5,
                -4
              ],
              "rotation": [
                0,
                0,
                -147.5
              ],
              "uv": [
                78,
                53
              ]
            },
            {
              "origin": [
                1,
                40.25,
                -5.06699
              ],
              "size": [
                4,
                1,
                1
              ],
              "pivot": [
                3,
                40.75,
                -4.06699
              ],
              "rotation": [
                -25.9629,
                15.5839,
                -151.1136
              ],
              "uv": [
                78,
                44
              ]
            },
            {
              "origin": [
                1,
                40.25,
                -5.06699
              ],
              "size": [
                4,
                1,
                1
              ],
              "pivot": [
                3,
                40.75,
                -4.06699
              ],
              "rotation": [
                -16.1021,
                25.6589,
                -123.6901
              ],
              "uv": [
                0,
                78
              ]
            },
            {
              "origin": [
                1,
                40.25,
                -5.06699
              ],
              "size": [
                4,
                1,
                1
              ],
              "pivot": [
                3,
                40.75,
                -4.06699
              ],
              "rotation": [
                0,
                30,
                -90
              ],
              "uv": [
                75,
                77
              ]
            },
            {
              "origin": [
                1,
                40.25,
                -5.06699
              ],
              "size": [
                4,
                1,
                1
              ],
              "pivot": [
                3,
                40.75,
                -4.06699
              ],
              "rotation": [
                16.1021,
                25.6589,
                -56.3099
              ],
              "uv": [
                65,
                77
              ]
            },
            {
              "origin": [
                1,
                40.25,
                -5.06699
              ],
              "size": [
                4,
                1,
                1
              ],
              "pivot": [
                3,
                40.75,
                -4.06699
              ],
              "rotation": [
                26.5651,
                14.4775,
                -26.5651
              ],
              "uv": [
                55,
                77
              ]
            },
            {
              "origin": [
                1,
                40.45096,
                -4.31699
              ],
              "size": [
                4,
                1,
                1
              ],
              "pivot": [
                2,
                39.45096,
                -3.31699
              ],
              "rotation": [
                30,
                0,
                0
              ],
              "uv": [
                77,
                42
              ]
            },
            {
              "origin": [
                1,
                40.4217,
                -5.23135
              ],
              "size": [
                4,
                1,
                1
              ],
              "pivot": [
                3,
                40.9217,
                -4.23135
              ],
              "rotation": [
                -52.9338,
                26.9462,
                -161.104
              ],
              "uv": [
                77,
                40
              ]
            },
            {
              "origin": [
                1,
                40.4217,
                -5.23135
              ],
              "size": [
                4,
                1,
                1
              ],
              "pivot": [
                3,
                40.9217,
                -4.23135
              ],
              "rotation": [
                -38.1263,
                46.9198,
                -137.0578
              ],
              "uv": [
                77,
                29
              ]
            },
            {
              "origin": [
                1,
                40.4217,
                -5.23135
              ],
              "size": [
                4,
                1,
                1
              ],
              "pivot": [
                3,
                40.9217,
                -4.23135
              ],
              "rotation": [
                0,
                57.5,
                -90
              ],
              "uv": [
                77,
                22
              ]
            },
            {
              "origin": [
                1,
                40.4217,
                -5.23135
              ],
              "size": [
                4,
                1,
                1
              ],
              "pivot": [
                3,
                40.9217,
                -4.23135
              ],
              "rotation": [
                38.1263,
                46.9198,
                -42.9422
              ],
              "uv": [
                22,
                77
              ]
            },
            {
              "origin": [
                1,
                40.4217,
                -5.23135
              ],
              "size": [
                4,
                1,
                1
              ],
              "pivot": [
                3,
                40.9217,
                -4.23135
              ],
              "rotation": [
                53.6609,
                24.9417,
                -17.2344
              ],
              "uv": [
                77,
                20
              ]
            },
            {
              "origin": [
                1,
                41.11575,
                -3.96626
              ],
              "size": [
                4,
                1,
                1
              ],
              "pivot": [
                2,
                40.11575,
                -2.96626
              ],
              "rotation": [
                57.5,
                0,
                0
              ],
              "uv": [
                77,
                18
              ]
            },
            {
              "origin": [
                1,
                40.4981,
                -5.45642
              ],
              "size": [
                4,
                1,
                1
              ],
              "pivot": [
                3,
                40.9981,
                -4.45642
              ],
              "rotation": [
                -84.0776,
                32.3612,
                -176.822
              ],
              "uv": [
                77,
                16
              ]
            },
            {
              "origin": [
                1,
                40.4981,
                -5.45642
              ],
              "size": [
                4,
                1,
                1
              ],
              "pivot": [
                3,
                40.9981,
                -4.45642
              ],
              "rotation": [
                -80.075,
                59.6245,
                -171.4156
              ],
              "uv": [
                77,
                14
              ]
            },
            {
              "origin": [
                1,
                40.4981,
                -5.45642
              ],
              "size": [
                4,
                1,
                1
              ],
              "pivot": [
                3,
                40.9981,
                -4.45642
              ],
              "rotation": [
                0,
                85,
                -90
              ],
              "uv": [
                77,
                12
              ]
            },
            {
              "origin": [
                1,
                40.4981,
                -5.45642
              ],
              "size": [
                4,
                1,
                1
              ],
              "pivot": [
                3,
                40.9981,
                -4.45642
              ],
              "rotation": [
                80.075,
                59.6245,
                -8.5844
              ],
              "uv": [
                77,
                10
              ]
            },
            {
              "origin": [
                1,
                40.4981,
                -5.45642
              ],
              "size": [
                4,
                1,
                1
              ],
              "pivot": [
                3,
                40.9981,
                -4.45642
              ],
              "rotation": [
                84.2314,
                29.8742,
                -2.8807
              ],
              "uv": [
                22,
                75
              ]
            },
            {
              "origin": [
                1,
                41.86736,
                -3.96213
              ],
              "size": [
                4,
                1,
                1
              ],
              "pivot": [
                2,
                40.86736,
                -2.96213
              ],
              "rotation": [
                85,
                0,
                0
              ],
              "uv": [
                74,
                56
              ]
            },
            {
              "origin": [
                1,
                40.46194,
                -5.69134
              ],
              "size": [
                4,
                1,
                1
              ],
              "pivot": [
                3,
                40.96194,
                -4.69134
              ],
              "rotation": [
                -116.157,
                29.7621,
                166.2988
              ],
              "uv": [
                72,
                8
              ]
            },
            {
              "origin": [
                1,
                40.46194,
                -5.69134
              ],
              "size": [
                4,
                1,
                1
              ],
              "pivot": [
                3,
                40.96194,
                -4.69134
              ],
              "rotation": [
                -129.6393,
                53.14,
                146.4625
              ],
              "uv": [
                68,
                39
              ]
            },
            {
              "origin": [
                1,
                40.46194,
                -5.69134
              ],
              "size": [
                4,
                1,
                1
              ],
              "pivot": [
                3,
                40.96194,
                -4.69134
              ],
              "rotation": [
                180,
                67.5,
                90
              ],
              "uv": [
                65,
                57
              ]
            },
            {
              "origin": [
                1,
                40.46194,
                -5.69134
              ],
              "size": [
                4,
                1,
                1
              ],
              "pivot": [
                3,
                40.96194,
                -4.69134
              ],
              "rotation": [
                129.6393,
                53.14,
                33.5375
              ],
              "uv": [
                65,
                2
              ]
            },
            {
              "origin": [
                1,
                40.46194,
                -5.69134
              ],
              "size": [
                4,
                1,
                1
              ],
              "pivot": [
                3,
                40.96194,
                -4.69134
              ],
              "rotation": [
                115.5614,
                27.5123,
                12.4589
              ],
              "uv": [
                65,
                0
              ]
            },
            {
              "origin": [
                1,
                42.53596,
                -4.30552
              ],
              "size": [
                4,
                1,
                1
              ],
              "pivot": [
                2,
                41.53596,
                -3.30552
              ],
              "rotation": [
                112.5,
                0,
                0
              ],
              "uv": [
                56,
                56
              ]
            },
            {
              "origin": [
                1,
                40.30438,
                -5.89668
              ],
              "size": [
                4,
                1,
                1
              ],
              "pivot": [
                3,
                40.80438,
                -4.89668
              ],
              "rotation": [
                -147.0908,
                19.0921,
                153.187
              ],
              "uv": [
                13,
                55
              ]
            },
            {
              "origin": [
                1,
                40.30438,
                -5.89668
              ],
              "size": [
                4,
                1,
                1
              ],
              "pivot": [
                3,
                40.80438,
                -4.89668
              ],
              "rotation": [
                -159.01,
                31.8167,
                126.0447
              ],
              "uv": [
                50,
                10
              ]
            },
            {
              "origin": [
                1,
                40.30438,
                -5.89668
              ],
              "size": [
                4,
                1,
                1
              ],
              "pivot": [
                3,
                40.80438,
                -4.89668
              ],
              "rotation": [
                180,
                37.5,
                90
              ],
              "uv": [
                20,
                48
              ]
            },
            {
              "origin": [
                1,
                40.30438,
                -5.89668
              ],
              "size": [
                4,
                1,
                1
              ],
              "pivot": [
                3,
                40.80438,
                -4.89668
              ],
              "rotation": [
                159.01,
                31.8167,
                53.9553
              ],
              "uv": [
                45,
                33
              ]
            },
            {
              "origin": [
                1,
                40.30438,
                -5.89668
              ],
              "size": [
                4,
                1,
                1
              ],
              "pivot": [
                3,
                40.80438,
                -4.89668
              ],
              "rotation": [
                146.395,
                17.7209,
                24.6098
              ],
              "uv": [
                33,
                0
              ]
            },
            {
              "origin": [
                1,
                42.99441,
                -4.98353
              ],
              "size": [
                4,
                1,
                1
              ],
              "pivot": [
                2,
                41.99441,
                -3.98353
              ],
              "rotation": [
                142.5,
                0,
                0
              ],
              "uv": [
                21,
                6
              ]
            }
          ]
        },
        {
          "name": "Glicht",
          "parent": "Body3",
          "pivot": [
            0,
            8,
            3
          ],
          "cubes": [
            {
              "origin": [
                -3,
                3,
                3
              ],
              "size": [
                7,
                11,
                0
              ],
              "uv": [
                0,
                84
              ]
            }
          ]
        }
      ]
    }
  ]
}