{
  "format_version": "1.12.0",
  "minecraft:geometry": [
    {
      "description": {
        "identifier": "geometry.telur_jatra",
        "texture_width": 64,
        "texture_height": 64,
        "visible_bounds_width": 6,
        "visible_bounds_height": 6,
        "visible_bounds_offset": [
          0,
          2,
          0
        ]
      },
      "bones": [
        {
          "name": "All",
          "pivot": [
            0,
            29,
            0
          ]
        },
        {
          "name": "Body",
          "parent": "All",
          "pivot": [
            0,
            35,
            0
          ],
          "cubes": [
            {
              "origin": [
                -2.5,
                29,
                -2
              ],
              "size": [
                5,
                8,
                4
              ],
              "uv": [
                0,
                9
              ]
            }
          ]
        },
        {
          "name": "bone3",
          "parent": "Body",
          "pivot": [
            0,
            33,
            -2
          ],
          "cubes": [
            {
              "origin": [
                -2.5,
                29,
                -2.3
              ],
              "size": [
                5,
                8,
                0
              ],
              "uv": [
                0,
                56
              ]
            }
          ]
        },
        {
          "name": "Shoulder",
          "parent": "Body",
          "pivot": [
            0,
            37,
            2
          ],
          "cubes": [
            {
              "origin": [
                -2.5,
                37,
                -2
              ],
              "size": [
                5,
                7,
                4
              ],
              "uv": [
                14,
                17
              ]
            },
            {
              "origin": [
                -4.5,
                42,
                -1
              ],
              "size": [
                2,
                2,
                2
              ],
              "uv": [
                16,
                0
              ]
            },
            {
              "origin": [
                2.5,
                42,
                -1
              ],
              "size": [
                2,
                2,
                2
              ],
              "uv": [
                16,
                0
              ]
            }
          ]
        },
        {
          "name": "Leher",
          "parent": "Shoulder",
          "pivot": [
            0,
            44,
            0
          ],
          "cubes": [
            {
              "origin": [
                -0.5,
                44,
                -0.5
              ],
              "size": [
                1,
                3,
                1
              ],
              "uv": [
                0,
                9
              ]
            }
          ]
        },
        {
          "name": "Head",
          "parent": "Leher",
          "pivot": [
            0,
            46,
            1
          ],
          "cubes": [
            {
              "origin": [
                -2,
                46,
                -2
              ],
              "size": [
                4,
                5,
                4
              ],
              "uv": [
                0,
                24
              ]
            },
            {
              "origin": [
                -3.7,
                47,
                -2
              ],
              "size": [
                1,
                3,
                4
              ],
              "uv": [
                0,
                24
              ]
            },
            {
              "origin": [
                2.6,
                47,
                -2
              ],
              "size": [
                1,
                3,
                4
              ],
              "uv": [
                0,
                24
              ]
            },
            {
              "origin": [
                0,
                49,
                -2
              ],
              "size": [
                2,
                2,
                4
              ],
              "pivot": [
                2,
                51,
                1
              ],
              "rotation": [
                0,
                0,
                -55
              ],
              "uv": [
                40,
                27
              ]
            },
            {
              "origin": [
                0,
                46,
                -2
              ],
              "size": [
                2,
                2,
                4
              ],
              "pivot": [
                2,
                46,
                1
              ],
              "rotation": [
                0,
                0,
                55
              ],
              "uv": [
                40,
                20
              ]
            },
            {
              "origin": [
                -2,
                49,
                -2
              ],
              "size": [
                2,
                2,
                4
              ],
              "pivot": [
                -2,
                51,
                1
              ],
              "rotation": [
                0,
                0,
                55
              ],
              "uv": [
                40,
                41
              ]
            },
            {
              "origin": [
                -2,
                46,
                -2
              ],
              "size": [
                2,
                2,
                4
              ],
              "pivot": [
                -2,
                46,
                1
              ],
              "rotation": [
                0,
                0,
                -55
              ],
              "uv": [
                40,
                34
              ]
            }
          ]
        },
        {
          "name": "bone2",
          "parent": "Head",
          "pivot": [
            0,
            48,
            -2
          ],
          "cubes": [
            {
              "origin": [
                -4,
                46,
                -2.5
              ],
              "size": [
                8,
                5,
                0
              ],
              "uv": [
                32,
                59
              ]
            }
          ]
        },
        {
          "name": "Alis",
          "parent": "Head",
          "pivot": [
            3,
            49,
            -2
          ],
          "cubes": [
            {
              "origin": [
                -0.04362,
                49.00095,
                -2.3
              ],
              "size": [
                3,
                2,
                0
              ],
              "uv": [
                0,
                50
              ]
            }
          ]
        },
        {
          "name": "Alis2",
          "parent": "Head",
          "pivot": [
            -3,
            49,
            -2
          ],
          "cubes": [
            {
              "origin": [
                -3.04362,
                49.00095,
                -2.3
              ],
              "size": [
                3,
                2,
                0
              ],
              "pivot": [
                -1.5,
                50.00095,
                -2.3
              ],
              "rotation": [
                0,
                180,
                0
              ],
              "uv": [
                0,
                50
              ]
            }
          ]
        },
        {
          "name": "Mata",
          "parent": "Head",
          "pivot": [
            1,
            49,
            -2
          ],
          "cubes": [
            {
              "origin": [
                0,
                48,
                -2.1
              ],
              "size": [
                3,
                2,
                0
              ],
              "uv": [
                44,
                2
              ]
            },
            {
              "origin": [
                0,
                48,
                -2.16
              ],
              "size": [
                3,
                2,
                0
              ],
              "uv": [
                42,
                0
              ]
            }
          ]
        },
        {
          "name": "Kelopak",
          "parent": "Mata",
          "pivot": [
            1.5,
            48,
            -2
          ],
          "cubes": [
            {
              "origin": [
                0,
                48,
                -2.2
              ],
              "size": [
                3,
                3,
                0
              ],
              "uv": [
                54,
                3
              ]
            }
          ]
        },
        {
          "name": "Pupil",
          "parent": "Mata",
          "pivot": [
            1.5,
            49,
            -2
          ],
          "cubes": [
            {
              "origin": [
                0,
                48,
                -2.13
              ],
              "size": [
                3,
                3,
                0
              ],
              "uv": [
                54,
                0
              ]
            }
          ]
        },
        {
          "name": "Mulut",
          "parent": "Head",
          "pivot": [
            0,
            47,
            -2
          ],
          "cubes": [
            {
              "origin": [
                -3,
                46,
                -2.1
              ],
              "size": [
                6,
                2,
                0
              ],
              "uv": [
                0,
                21
              ]
            }
          ]
        },
        {
          "name": "Mata2",
          "parent": "Head",
          "pivot": [
            -1,
            49,
            -2
          ],
          "cubes": [
            {
              "origin": [
                -3,
                48,
                -2.1
              ],
              "size": [
                3,
                2,
                0
              ],
              "uv": [
                44,
                2
              ]
            },
            {
              "origin": [
                -3,
                48,
                -2.16
              ],
              "size": [
                3,
                2,
                0
              ],
              "uv": [
                42,
                0
              ]
            }
          ]
        },
        {
          "name": "Kelopak2",
          "parent": "Mata2",
          "pivot": [
            -1.5,
            48,
            -2
          ],
          "cubes": [
            {
              "origin": [
                -3,
                48,
                -2.2
              ],
              "size": [
                3,
                3,
                0
              ],
              "uv": [
                54,
                3
              ]
            }
          ]
        },
        {
          "name": "Pupil2",
          "parent": "Mata2",
          "pivot": [
            -1.5,
            49,
            -2
          ],
          "cubes": [
            {
              "origin": [
                -3,
                48,
                -2.13
              ],
              "size": [
                3,
                3,
                0
              ],
              "uv": [
                54,
                0
              ]
            }
          ]
        },
        {
          "name": "Telinga2",
          "parent": "Head",
          "pivot": [
            -1,
            51,
            1
          ],
          "rotation": [
            0,
            0,
            -5
          ],
          "cubes": [
            {
              "origin": [
                -2,
                51,
                0
              ],
              "size": [
                1,
                5,
                0
              ],
              "pivot": [
                -1,
                51,
                1
              ],
              "rotation": [
                0,
                0,
                -2.5
              ],
              "uv": [
                22,
                43
              ]
            },
            {
              "origin": [
                -2,
                51,
                0
              ],
              "size": [
                1,
                5,
                0
              ],
              "pivot": [
                -2,
                51,
                1
              ],
              "rotation": [
                0,
                0,
                2.5
              ],
              "uv": [
                18,
                43
              ]
            }
          ]
        },
        {
          "name": "Telinga4",
          "parent": "Telinga2",
          "pivot": [
            -2,
            56,
            0
          ],
          "cubes": [
            {
              "origin": [
                -2,
                56,
                0
              ],
              "size": [
                1,
                4,
                0
              ],
              "pivot": [
                -1,
                51,
                1
              ],
              "rotation": [
                0,
                0,
                -2.5
              ],
              "uv": [
                22,
                43
              ]
            },
            {
              "origin": [
                -2,
                56,
                0
              ],
              "size": [
                1,
                4,
                0
              ],
              "pivot": [
                -2,
                51,
                1
              ],
              "rotation": [
                0,
                0,
                2.5
              ],
              "uv": [
                18,
                43
              ]
            }
          ]
        },
        {
          "name": "Telinga",
          "parent": "Head",
          "pivot": [
            1,
            51,
            1
          ],
          "rotation": [
            0,
            0,
            5
          ],
          "cubes": [
            {
              "origin": [
                1,
                51,
                0
              ],
              "size": [
                1,
                5,
                0
              ],
              "pivot": [
                2,
                51,
                1
              ],
              "rotation": [
                0,
                0,
                -2.5
              ],
              "uv": [
                20,
                43
              ]
            },
            {
              "origin": [
                1,
                51,
                0
              ],
              "size": [
                1,
                5,
                0
              ],
              "pivot": [
                1,
                51,
                1
              ],
              "rotation": [
                0,
                0,
                2.5
              ],
              "uv": [
                16,
                43
              ]
            }
          ]
        },
        {
          "name": "Telinga3",
          "parent": "Telinga",
          "pivot": [
            2,
            56,
            0
          ],
          "cubes": [
            {
              "origin": [
                1,
                56,
                0
              ],
              "size": [
                1,
                4,
                0
              ],
              "pivot": [
                2,
                51,
                1
              ],
              "rotation": [
                0,
                0,
                -2.5
              ],
              "uv": [
                20,
                43
              ]
            },
            {
              "origin": [
                1,
                56,
                0
              ],
              "size": [
                1,
                4,
                0
              ],
              "pivot": [
                1,
                51,
                1
              ],
              "rotation": [
                0,
                0,
                2.5
              ],
              "uv": [
                16,
                43
              ]
            }
          ]
        },
        {
          "name": "Armkanan2",
          "parent": "Shoulder",
          "pivot": [
            -3.5,
            43,
            0
          ],
          "cubes": [
            {
              "origin": [
                -11.5,
                42,
                -1
              ],
              "size": [
                9,
                2,
                2
              ],
              "uv": [
                14,
                9
              ]
            },
            {
              "origin": [
                -11.5,
                42,
                1.5
              ],
              "size": [
                9,
                2,
                0
              ],
              "uv": [
                32,
                57
              ]
            }
          ]
        },
        {
          "name": "Armkanan3",
          "parent": "Armkanan2",
          "pivot": [
            -11.5,
            43,
            -1
          ],
          "cubes": [
            {
              "origin": [
                -20.5,
                43,
                -0.5
              ],
              "size": [
                10,
                1,
                1
              ],
              "pivot": [
                -11.5,
                44,
                -1
              ],
              "rotation": [
                0,
                0,
                -2.5
              ],
              "uv": [
                18,
                13
              ]
            },
            {
              "origin": [
                -20.5,
                42,
                -0.5
              ],
              "size": [
                10,
                1,
                1
              ],
              "pivot": [
                -11.5,
                42,
                -1
              ],
              "rotation": [
                0,
                0,
                2.5
              ],
              "uv": [
                16,
                4
              ]
            }
          ]
        },
        {
          "name": "Pergelangan2",
          "parent": "Armkanan3",
          "pivot": [
            -20.5,
            43,
            0
          ],
          "cubes": [
            {
              "origin": [
                -23.5,
                41,
                -2
              ],
              "size": [
                2,
                4,
                4
              ],
              "uv": [
                40,
                4
              ]
            },
            {
              "origin": [
                -21.5,
                41.5,
                -1
              ],
              "size": [
                1,
                3,
                2
              ],
              "uv": [
                0,
                0
              ]
            }
          ]
        },
        {
          "name": "Jari6",
          "parent": "Pergelangan2",
          "pivot": [
            -23.5,
            45,
            -1
          ],
          "cubes": [
            {
              "origin": [
                -25.5,
                44,
                -2
              ],
              "size": [
                2,
                1,
                1
              ],
              "uv": [
                6,
                48
              ]
            }
          ]
        },
        {
          "name": "Jari7",
          "parent": "Jari6",
          "pivot": [
            -25.5,
            45,
            -1
          ],
          "cubes": [
            {
              "origin": [
                -27.5,
                44,
                -2
              ],
              "size": [
                2,
                1,
                1
              ],
              "uv": [
                48,
                4
              ]
            }
          ]
        },
        {
          "name": "Jari14",
          "parent": "Pergelangan2",
          "pivot": [
            -23.5,
            44,
            -1
          ],
          "cubes": [
            {
              "origin": [
                -25.5,
                43,
                -2
              ],
              "size": [
                2,
                1,
                1
              ],
              "uv": [
                24,
                45
              ]
            }
          ]
        },
        {
          "name": "Jari15",
          "parent": "Jari14",
          "pivot": [
            -25.5,
            44,
            -1
          ],
          "cubes": [
            {
              "origin": [
                -26.5,
                43,
                -2
              ],
              "size": [
                1,
                1,
                1
              ],
              "uv": [
                0,
                23
              ]
            }
          ]
        },
        {
          "name": "Jari8",
          "parent": "Pergelangan2",
          "pivot": [
            -23.5,
            45,
            0
          ],
          "cubes": [
            {
              "origin": [
                -25.5,
                44,
                -1
              ],
              "size": [
                2,
                1,
                1
              ],
              "uv": [
                48,
                0
              ]
            }
          ]
        },
        {
          "name": "Jari9",
          "parent": "Jari8",
          "pivot": [
            -25.5,
            45,
            0
          ],
          "cubes": [
            {
              "origin": [
                -27.5,
                44,
                -1
              ],
              "size": [
                2,
                1,
                1
              ],
              "uv": [
                0,
                48
              ]
            }
          ]
        },
        {
          "name": "Jari10",
          "parent": "Pergelangan2",
          "pivot": [
            -23.5,
            45,
            1
          ],
          "cubes": [
            {
              "origin": [
                -25.5,
                44,
                0
              ],
              "size": [
                2,
                1,
                1
              ],
              "uv": [
                30,
                47
              ]
            }
          ]
        },
        {
          "name": "Jari11",
          "parent": "Jari10",
          "pivot": [
            -25.5,
            45,
            1
          ],
          "cubes": [
            {
              "origin": [
                -27.5,
                44,
                0
              ],
              "size": [
                2,
                1,
                1
              ],
              "uv": [
                24,
                47
              ]
            }
          ]
        },
        {
          "name": "Jari12",
          "parent": "Pergelangan2",
          "pivot": [
            -23.5,
            45,
            2
          ],
          "cubes": [
            {
              "origin": [
                -25.5,
                44,
                1
              ],
              "size": [
                2,
                1,
                1
              ],
              "uv": [
                6,
                46
              ]
            }
          ]
        },
        {
          "name": "Jari13",
          "parent": "Jari12",
          "pivot": [
            -25.5,
            45,
            2
          ],
          "cubes": [
            {
              "origin": [
                -27.5,
                44,
                1
              ],
              "size": [
                2,
                1,
                1
              ],
              "uv": [
                0,
                46
              ]
            }
          ]
        },
        {
          "name": "Armkanan",
          "parent": "Shoulder",
          "pivot": [
            3.5,
            43,
            0
          ],
          "cubes": [
            {
              "origin": [
                2.5,
                42,
                -1
              ],
              "size": [
                9,
                2,
                2
              ],
              "uv": [
                16,
                0
              ]
            }
          ]
        },
        {
          "name": "bone",
          "parent": "Armkanan",
          "pivot": [
            11.5,
            43,
            0
          ],
          "cubes": [
            {
              "origin": [
                10.5,
                43,
                -0.5
              ],
              "size": [
                10,
                1,
                1
              ],
              "pivot": [
                11.5,
                44,
                0
              ],
              "rotation": [
                0,
                0,
                2.5
              ],
              "uv": [
                22,
                6
              ]
            },
            {
              "origin": [
                10.5,
                42,
                -0.5
              ],
              "size": [
                10,
                1,
                1
              ],
              "pivot": [
                11.5,
                42,
                1
              ],
              "rotation": [
                0,
                0,
                -2.5
              ],
              "uv": [
                18,
                15
              ]
            }
          ]
        },
        {
          "name": "Pergelangan",
          "parent": "bone",
          "pivot": [
            20.5,
            43,
            0
          ],
          "cubes": [
            {
              "origin": [
                20.5,
                41.5,
                -1
              ],
              "size": [
                1,
                3,
                2
              ],
              "uv": [
                38,
                0
              ]
            },
            {
              "origin": [
                21.5,
                41,
                -2
              ],
              "size": [
                2,
                4,
                4
              ],
              "uv": [
                40,
                12
              ]
            }
          ]
        },
        {
          "name": "Jari",
          "parent": "Pergelangan",
          "pivot": [
            23.5,
            45,
            -1
          ],
          "cubes": [
            {
              "origin": [
                23.5,
                44,
                -2
              ],
              "size": [
                2,
                1,
                1
              ],
              "uv": [
                35,
                48
              ]
            }
          ]
        },
        {
          "name": "Jaru",
          "parent": "Jari",
          "pivot": [
            25.5,
            45,
            -1
          ],
          "cubes": [
            {
              "origin": [
                25.5,
                44,
                -2
              ],
              "size": [
                2,
                1,
                1
              ],
              "uv": [
                48,
                34
              ]
            }
          ]
        },
        {
          "name": "Jari2",
          "parent": "Pergelangan",
          "pivot": [
            23.5,
            45,
            0
          ],
          "cubes": [
            {
              "origin": [
                23.5,
                44,
                -1
              ],
              "size": [
                2,
                1,
                1
              ],
              "uv": [
                48,
                29
              ]
            }
          ]
        },
        {
          "name": "Jaru2",
          "parent": "Jari2",
          "pivot": [
            25.5,
            45,
            0
          ],
          "cubes": [
            {
              "origin": [
                25.5,
                44,
                -1
              ],
              "size": [
                2,
                1,
                1
              ],
              "uv": [
                48,
                27
              ]
            }
          ]
        },
        {
          "name": "Jari3",
          "parent": "Pergelangan",
          "pivot": [
            23.5,
            45,
            1
          ],
          "cubes": [
            {
              "origin": [
                23.5,
                44,
                0
              ],
              "size": [
                2,
                1,
                1
              ],
              "uv": [
                48,
                22
              ]
            }
          ]
        },
        {
          "name": "Jaru3",
          "parent": "Jari3",
          "pivot": [
            25.5,
            45,
            1
          ],
          "cubes": [
            {
              "origin": [
                25.5,
                44,
                0
              ],
              "size": [
                2,
                1,
                1
              ],
              "uv": [
                48,
                20
              ]
            }
          ]
        },
        {
          "name": "Jari4",
          "parent": "Pergelangan",
          "pivot": [
            23.5,
            45,
            2
          ],
          "cubes": [
            {
              "origin": [
                23.5,
                44,
                1
              ],
              "size": [
                2,
                1,
                1
              ],
              "uv": [
                48,
                14
              ]
            }
          ]
        },
        {
          "name": "Jaru4",
          "parent": "Jari4",
          "pivot": [
            25.5,
            45,
            2
          ],
          "cubes": [
            {
              "origin": [
                25.5,
                44,
                1
              ],
              "size": [
                2,
                1,
                1
              ],
              "uv": [
                48,
                12
              ]
            }
          ]
        },
        {
          "name": "Jari5",
          "parent": "Pergelangan",
          "pivot": [
            23.5,
            44,
            -1
          ],
          "cubes": [
            {
              "origin": [
                23.5,
                43,
                -2
              ],
              "size": [
                2,
                1,
                1
              ],
              "uv": [
                48,
                6
              ]
            }
          ]
        },
        {
          "name": "Jaru5",
          "parent": "Jari5",
          "pivot": [
            25.5,
            44,
            -1
          ],
          "cubes": [
            {
              "origin": [
                25.5,
                43,
                -2
              ],
              "size": [
                1,
                1,
                1
              ],
              "uv": [
                0,
                25
              ]
            }
          ]
        },
        {
          "name": "Kakikiri",
          "parent": "Body",
          "pivot": [
            -1,
            27,
            0
          ],
          "cubes": [
            {
              "origin": [
                -2.5,
                16,
                -1
              ],
              "size": [
                2,
                13,
                2
              ],
              "uv": [
                24,
                49
              ]
            }
          ]
        },
        {
          "name": "Kakikiri2",
          "parent": "Kakikiri",
          "pivot": [
            -1,
            16,
            -1
          ],
          "cubes": [
            {
              "origin": [
                -2.5,
                3,
                -1
              ],
              "size": [
                2,
                13,
                2
              ],
              "pivot": [
                -2.5,
                16,
                0
              ],
              "rotation": [
                0,
                0,
                2.5
              ],
              "uv": [
                32,
                32
              ]
            },
            {
              "origin": [
                -2.5,
                3,
                -1
              ],
              "size": [
                2,
                13,
                2
              ],
              "pivot": [
                -0.5,
                16,
                0
              ],
              "rotation": [
                0,
                0,
                -2.5
              ],
              "uv": [
                32,
                17
              ]
            }
          ]
        },
        {
          "name": "Langan2",
          "parent": "Kakikiri2",
          "pivot": [
            -1.5,
            2,
            0
          ],
          "cubes": [
            {
              "origin": [
                -4,
                0,
                -5
              ],
              "size": [
                5,
                3,
                6
              ],
              "uv": [
                0,
                0
              ]
            }
          ]
        },
        {
          "name": "Kakikanan",
          "parent": "Body",
          "pivot": [
            1,
            27,
            0
          ],
          "cubes": [
            {
              "origin": [
                0.5,
                16,
                -1
              ],
              "size": [
                2,
                13,
                2
              ],
              "uv": [
                24,
                49
              ]
            }
          ]
        },
        {
          "name": "Kakikanan2",
          "parent": "Kakikanan",
          "pivot": [
            2,
            16,
            -1
          ],
          "cubes": [
            {
              "origin": [
                0.5,
                3,
                -1
              ],
              "size": [
                2,
                13,
                2
              ],
              "pivot": [
                2.5,
                16,
                0
              ],
              "rotation": [
                0,
                0,
                -2.5
              ],
              "uv": [
                24,
                28
              ]
            },
            {
              "origin": [
                0.5,
                3,
                -1
              ],
              "size": [
                2,
                13,
                2
              ],
              "pivot": [
                0.5,
                16,
                0
              ],
              "rotation": [
                0,
                0,
                2.5
              ],
              "uv": [
                16,
                28
              ]
            }
          ]
        },
        {
          "name": "Langan",
          "parent": "Kakikanan2",
          "pivot": [
            1.5,
            2,
            0
          ],
          "cubes": [
            {
              "origin": [
                -1,
                0,
                -5
              ],
              "size": [
                5,
                3,
                6
              ],
              "uv": [
                0,
                0
              ]
            }
          ]
        }
      ]
    }
  ]
}