{
  "format_version": "1.12.0",
  "minecraft:geometry": [
    {
      "description": {
        "identifier": "geometry.telur_kaude",
        "texture_width": 512,
        "texture_height": 512,
        "visible_bounds_width": 15,
        "visible_bounds_height": 9,
        "visible_bounds_offset": [
          0,
          3.5,
          0
        ]
      },
      "bones": [
        {
          "name": "All",
          "pivot": [
            0,
            39,
            0
          ]
        },
        {
          "name": "Body",
          "parent": "All",
          "pivot": [
            61,
            57,
            -3
          ],
          "cubes": [
            {
              "origin": [
                21,
                46,
                -16
              ],
              "size": [
                41,
                25,
                25
              ],
              "uv": [
                151,
                109
              ]
            },
            {
              "origin": [
                26,
                46,
                -16
              ],
              "size": [
                36,
                25,
                9
              ],
              "pivot": [
                62,
                57,
                -16
              ],
              "rotation": [
                0,
                -15,
                0
              ],
              "uv": [
                92,
                204
              ]
            },
            {
              "origin": [
                26,
                46,
                1
              ],
              "size": [
                36,
                25,
                8
              ],
              "pivot": [
                62,
                57,
                9
              ],
              "rotation": [
                0,
                12.5,
                0
              ],
              "uv": [
                182,
                204
              ]
            }
          ]
        },
        {
          "name": "Mata",
          "parent": "Body",
          "pivot": [
            38,
            57,
            18
          ]
        },
        {
          "name": "Mata2",
          "parent": "Body",
          "pivot": [
            38,
            57,
            23
          ]
        },
        {
          "name": "Mata3",
          "parent": "Body",
          "pivot": [
            38,
            57,
            -26
          ]
        },
        {
          "name": "Mata4",
          "parent": "Body",
          "pivot": [
            38,
            57,
            -35
          ]
        },
        {
          "name": "Glicht2",
          "parent": "Body",
          "pivot": [
            48,
            61,
            7
          ],
          "cubes": [
            {
              "origin": [
                42,
                55,
                1
              ],
              "size": [
                12,
                12,
                12
              ],
              "pivot": [
                48,
                61,
                7
              ],
              "rotation": [
                45,
                -45,
                0
              ],
              "uv": [
                363,
                62
              ]
            }
          ]
        },
        {
          "name": "Glicht3",
          "parent": "Body",
          "pivot": [
            32,
            61,
            -14
          ],
          "cubes": [
            {
              "origin": [
                26,
                55,
                -20
              ],
              "size": [
                12,
                12,
                12
              ],
              "pivot": [
                32,
                61,
                -14
              ],
              "rotation": [
                45,
                -82.5,
                2.5
              ],
              "uv": [
                86,
                362
              ]
            }
          ]
        },
        {
          "name": "Body3",
          "parent": "Body",
          "pivot": [
            24,
            57,
            -5
          ],
          "cubes": [
            {
              "origin": [
                -18,
                46,
                -26
              ],
              "size": [
                45,
                25,
                43
              ],
              "uv": [
                0,
                66
              ]
            },
            {
              "origin": [
                -34,
                46,
                -25
              ],
              "size": [
                61,
                25,
                41
              ],
              "pivot": [
                27,
                46,
                0
              ],
              "rotation": [
                0,
                0,
                -12.5
              ],
              "uv": [
                0,
                0
              ]
            }
          ]
        },
        {
          "name": "Mata5",
          "parent": "Body3",
          "pivot": [
            5,
            58,
            -36
          ],
          "cubes": [
            {
              "origin": [
                -18,
                46,
                -35.2
              ],
              "size": [
                45,
                25,
                0
              ],
              "uv": [
                215,
                77
              ]
            }
          ]
        },
        {
          "name": "Mata6",
          "parent": "Body3",
          "pivot": [
            5,
            58,
            -27
          ],
          "cubes": [
            {
              "origin": [
                -18,
                46,
                -26.1
              ],
              "size": [
                45,
                25,
                0
              ],
              "uv": [
                245,
                0
              ]
            }
          ]
        },
        {
          "name": "Mata7",
          "parent": "Body3",
          "pivot": [
            5,
            58,
            17
          ],
          "cubes": [
            {
              "origin": [
                -18,
                46,
                17.1
              ],
              "size": [
                45,
                25,
                0
              ],
              "uv": [
                258,
                159
              ]
            }
          ]
        },
        {
          "name": "Mata8",
          "parent": "Body3",
          "pivot": [
            5,
            58,
            22
          ],
          "cubes": [
            {
              "origin": [
                -18,
                46,
                17.2
              ],
              "size": [
                45,
                25,
                0
              ],
              "uv": [
                258,
                102
              ]
            }
          ]
        },
        {
          "name": "Glicht5",
          "parent": "Body3",
          "pivot": [
            -6,
            57,
            5
          ],
          "cubes": [
            {
              "origin": [
                -12,
                51,
                -2
              ],
              "size": [
                12,
                12,
                12
              ],
              "pivot": [
                -6,
                57,
                5
              ],
              "rotation": [
                11.65642,
                -45.57288,
                -62.19683
              ],
              "uv": [
                198,
                360
              ]
            }
          ]
        },
        {
          "name": "Glicht6",
          "parent": "Body3",
          "pivot": [
            6,
            57,
            -15
          ],
          "cubes": [
            {
              "origin": [
                0,
                51,
                -22
              ],
              "size": [
                12,
                12,
                12
              ],
              "pivot": [
                6,
                57,
                -15
              ],
              "rotation": [
                11.65642,
                -45.57288,
                -62.19683
              ],
              "uv": [
                359,
                0
              ]
            }
          ]
        },
        {
          "name": "Glicht7",
          "parent": "Body3",
          "pivot": [
            20,
            57,
            7
          ],
          "cubes": [
            {
              "origin": [
                14,
                51,
                0
              ],
              "size": [
                12,
                12,
                12
              ],
              "pivot": [
                20,
                57,
                7
              ],
              "rotation": [
                11.65642,
                -45.57288,
                -62.19683
              ],
              "uv": [
                317,
                358
              ]
            }
          ]
        },
        {
          "name": "Body2",
          "parent": "Body3",
          "pivot": [
            -9,
            57,
            -3
          ],
          "cubes": [
            {
              "origin": [
                -49,
                46,
                -23
              ],
              "size": [
                41,
                25,
                37
              ],
              "uv": [
                0,
                134
              ]
            },
            {
              "origin": [
                12,
                71.15,
                -23
              ],
              "size": [
                41,
                0,
                37
              ],
              "uv": [
                126,
                0
              ]
            }
          ]
        },
        {
          "name": "Mata10",
          "parent": "Body2",
          "pivot": [
            33,
            71,
            -4
          ],
          "cubes": [
            {
              "origin": [
                12,
                71.3,
                -23
              ],
              "size": [
                41,
                0,
                37
              ],
              "uv": [
                96,
                66
              ]
            }
          ]
        },
        {
          "name": "Leg5",
          "parent": "Body2",
          "pivot": [
            -37,
            46,
            -14
          ],
          "cubes": [
            {
              "origin": [
                -44,
                15,
                -24
              ],
              "size": [
                13,
                37,
                19
              ],
              "uv": [
                64,
                238
              ]
            },
            {
              "origin": [
                -44,
                15,
                -24
              ],
              "size": [
                13,
                37,
                19
              ],
              "pivot": [
                -44,
                15,
                -23
              ],
              "rotation": [
                0,
                0,
                -17.5
              ],
              "uv": [
                227,
                237
              ]
            },
            {
              "origin": [
                -44,
                25,
                -24
              ],
              "size": [
                13,
                26,
                19
              ],
              "pivot": [
                -32,
                26,
                -16
              ],
              "rotation": [
                0,
                0,
                17.5
              ],
              "uv": [
                277,
                25
              ]
            }
          ]
        },
        {
          "name": "Leg6",
          "parent": "Leg5",
          "pivot": [
            -44,
            15,
            -23
          ],
          "cubes": [
            {
              "origin": [
                -43,
                -16,
                -23
              ],
              "size": [
                12,
                35,
                17
              ],
              "uv": [
                274,
                276
              ]
            }
          ]
        },
        {
          "name": "Glicht17",
          "parent": "Leg6",
          "pivot": [
            -37,
            1,
            -14
          ],
          "rotation": [
            0,
            0,
            -65
          ],
          "cubes": [
            {
              "origin": [
                -33.59078,
                -17.31734,
                -22.1318
              ],
              "size": [
                12,
                12,
                13
              ],
              "pivot": [
                -6.18554,
                14.36902,
                -14
              ],
              "rotation": [
                -39.15678,
                38.5887,
                11.36799
              ],
              "uv": [
                332,
                288
              ]
            }
          ]
        },
        {
          "name": "Glicht14",
          "parent": "Leg5",
          "pivot": [
            -37,
            35,
            -14
          ],
          "rotation": [
            0,
            0,
            -65
          ],
          "cubes": [
            {
              "origin": [
                -43,
                30,
                -21
              ],
              "size": [
                12,
                12,
                13
              ],
              "pivot": [
                -37,
                34,
                -14
              ],
              "rotation": [
                -39.15678,
                38.5887,
                11.36799
              ],
              "uv": [
                343,
                114
              ]
            }
          ]
        },
        {
          "name": "Leg7",
          "parent": "Body2",
          "pivot": [
            -37,
            46,
            4
          ],
          "cubes": [
            {
              "origin": [
                -44,
                15,
                -6
              ],
              "size": [
                13,
                37,
                19
              ],
              "uv": [
                0,
                238
              ]
            },
            {
              "origin": [
                -44,
                15,
                -6
              ],
              "size": [
                13,
                37,
                19
              ],
              "pivot": [
                -44,
                15,
                -5
              ],
              "rotation": [
                0,
                0,
                -17.5
              ],
              "uv": [
                163,
                237
              ]
            },
            {
              "origin": [
                -44,
                24,
                -6
              ],
              "size": [
                13,
                26,
                19
              ],
              "pivot": [
                -32,
                26,
                2
              ],
              "rotation": [
                0,
                0,
                17.5
              ],
              "uv": [
                109,
                275
              ]
            }
          ]
        },
        {
          "name": "Leg8",
          "parent": "Leg7",
          "pivot": [
            -44,
            15,
            12
          ],
          "cubes": [
            {
              "origin": [
                -43,
                -16,
                -5
              ],
              "size": [
                12,
                35,
                17
              ],
              "uv": [
                272,
                204
              ]
            }
          ]
        },
        {
          "name": "Glicht16",
          "parent": "Leg8",
          "pivot": [
            -37,
            0,
            4
          ],
          "rotation": [
            0,
            0,
            -65
          ],
          "cubes": [
            {
              "origin": [
                -44.24837,
                -11.14581,
                -11.95524
              ],
              "size": [
                12,
                12,
                13
              ],
              "pivot": [
                -5.27923,
                13.79164,
                -14
              ],
              "rotation": [
                -39.15678,
                38.5887,
                11.36799
              ],
              "uv": [
                0,
                334
              ]
            }
          ]
        },
        {
          "name": "Glicht15",
          "parent": "Leg7",
          "pivot": [
            -37,
            35,
            4
          ],
          "rotation": [
            0,
            0,
            -65
          ],
          "cubes": [
            {
              "origin": [
                -43,
                30,
                -3
              ],
              "size": [
                12,
                12,
                13
              ],
              "pivot": [
                -37,
                34,
                4
              ],
              "rotation": [
                -39.15678,
                38.5887,
                11.36799
              ],
              "uv": [
                341,
                37
              ]
            }
          ]
        },
        {
          "name": "Head",
          "parent": "Body2",
          "pivot": [
            -41,
            57,
            -3
          ],
          "cubes": [
            {
              "origin": [
                -72,
                46,
                -3
              ],
              "size": [
                23,
                25,
                7
              ],
              "pivot": [
                -92,
                57,
                5
              ],
              "rotation": [
                0,
                -5,
                0
              ],
              "uv": [
                283,
                127
              ]
            },
            {
              "origin": [
                -72,
                46,
                -15
              ],
              "size": [
                23,
                25,
                6
              ],
              "pivot": [
                -92,
                57,
                -15
              ],
              "rotation": [
                0,
                2.5,
                0
              ],
              "uv": [
                305,
                70
              ]
            },
            {
              "origin": [
                -75,
                46,
                -15
              ],
              "size": [
                31,
                25,
                20
              ],
              "uv": [
                156,
                159
              ]
            },
            {
              "origin": [
                -75,
                45.9,
                -15
              ],
              "size": [
                31,
                0,
                20
              ],
              "uv": [
                195,
                57
              ]
            }
          ]
        },
        {
          "name": "Head2",
          "parent": "Head",
          "pivot": [
            -76,
            57,
            -3
          ],
          "cubes": [
            {
              "origin": [
                -106,
                49,
                -15
              ],
              "size": [
                11,
                20,
                20
              ],
              "uv": [
                0,
                294
              ]
            },
            {
              "origin": [
                -95,
                48,
                -15
              ],
              "size": [
                26,
                22,
                20
              ],
              "pivot": [
                -95,
                69,
                5
              ],
              "rotation": [
                0,
                -2.5,
                0
              ],
              "uv": [
                0,
                196
              ]
            },
            {
              "origin": [
                -94.55238,
                47.9,
                -14.48609
              ],
              "size": [
                26,
                0,
                20
              ],
              "pivot": [
                -83,
                48,
                -5
              ],
              "rotation": [
                0,
                -2.5,
                0
              ],
              "uv": [
                238,
                184
              ]
            },
            {
              "origin": [
                -95,
                48,
                -15
              ],
              "size": [
                26,
                22,
                2
              ],
              "pivot": [
                -95,
                69,
                -15
              ],
              "rotation": [
                0,
                2.5,
                0
              ],
              "uv": [
                313,
                184
              ]
            }
          ]
        },
        {
          "name": "Glicht13",
          "parent": "Head2",
          "pivot": [
            -43,
            57,
            5
          ],
          "cubes": [
            {
              "origin": [
                -75,
                96,
                16
              ],
              "size": [
                12,
                12,
                12
              ],
              "pivot": [
                -43,
                57,
                5
              ],
              "rotation": [
                11.65642,
                -45.57288,
                -62.19683
              ],
              "uv": [
                162,
                344
              ]
            }
          ]
        },
        {
          "name": "Glicht12",
          "parent": "Head2",
          "pivot": [
            -87,
            57,
            5
          ],
          "cubes": [
            {
              "origin": [
                -93,
                51,
                -2
              ],
              "size": [
                12,
                12,
                12
              ],
              "pivot": [
                -87,
                57,
                5
              ],
              "rotation": [
                63.18913,
                -57.21863,
                -105.91617
              ],
              "uv": [
                281,
                346
              ]
            }
          ]
        },
        {
          "name": "Mata11",
          "parent": "Head2",
          "pivot": [
            -82,
            47,
            -5
          ],
          "cubes": [
            {
              "origin": [
                -94.55143,
                47.5,
                -14.44247
              ],
              "size": [
                26,
                0,
                20
              ],
              "pivot": [
                -82,
                47,
                -27
              ],
              "rotation": [
                0,
                -2.5,
                0
              ],
              "uv": [
                328,
                164
              ]
            }
          ]
        },
        {
          "name": "Mata9",
          "parent": "Head",
          "pivot": [
            -64,
            46,
            -5
          ],
          "cubes": [
            {
              "origin": [
                -75,
                45.7,
                -15
              ],
              "size": [
                31,
                0,
                20
              ],
              "uv": [
                184,
                37
              ]
            }
          ]
        },
        {
          "name": "Glicht11",
          "parent": "Head",
          "pivot": [
            -43,
            57,
            5
          ],
          "cubes": [
            {
              "origin": [
                -68,
                82,
                1
              ],
              "size": [
                12,
                12,
                12
              ],
              "pivot": [
                -43,
                57,
                5
              ],
              "rotation": [
                11.65642,
                -45.57288,
                -62.19683
              ],
              "uv": [
                348,
                139
              ]
            }
          ]
        },
        {
          "name": "Glicht10",
          "parent": "Head",
          "pivot": [
            -67,
            57,
            5
          ],
          "cubes": [
            {
              "origin": [
                -73,
                51,
                -2
              ],
              "size": [
                12,
                12,
                12
              ],
              "pivot": [
                -67,
                57,
                5
              ],
              "rotation": [
                11.65642,
                -45.57288,
                -29.69683
              ],
              "uv": [
                351,
                89
              ]
            }
          ]
        },
        {
          "name": "Glicht8",
          "parent": "Body2",
          "pivot": [
            -27,
            64,
            -13
          ],
          "cubes": [
            {
              "origin": [
                -33,
                58,
                -20
              ],
              "size": [
                12,
                12,
                12
              ],
              "pivot": [
                -27,
                64,
                -13
              ],
              "rotation": [
                11.65642,
                -45.57288,
                -62.19683
              ],
              "uv": [
                38,
                357
              ]
            }
          ]
        },
        {
          "name": "Glicht9",
          "parent": "Body2",
          "pivot": [
            -43,
            57,
            5
          ],
          "cubes": [
            {
              "origin": [
                -49,
                51,
                -2
              ],
              "size": [
                12,
                12,
                12
              ],
              "pivot": [
                -43,
                57,
                5
              ],
              "rotation": [
                11.65642,
                -45.57288,
                -62.19683
              ],
              "uv": [
                355,
                346
              ]
            }
          ]
        },
        {
          "name": "Leg",
          "parent": "Body",
          "pivot": [
            50,
            46,
            6
          ],
          "cubes": [
            {
              "origin": [
                43,
                15,
                -4
              ],
              "size": [
                13,
                37,
                14
              ],
              "uv": [
                173,
                293
              ]
            },
            {
              "origin": [
                43,
                15,
                -4
              ],
              "size": [
                13,
                32,
                14
              ],
              "pivot": [
                55,
                26,
                4
              ],
              "rotation": [
                0,
                0,
                17.5
              ],
              "uv": [
                227,
                314
              ]
            }
          ]
        },
        {
          "name": "Leg2",
          "parent": "Leg",
          "pivot": [
            43,
            26,
            6
          ],
          "cubes": [
            {
              "origin": [
                44,
                -4,
                -3
              ],
              "size": [
                12,
                30,
                12
              ],
              "uv": [
                114,
                320
              ]
            }
          ]
        },
        {
          "name": "Glicht18",
          "parent": "Leg2",
          "pivot": [
            50,
            4,
            2
          ],
          "rotation": [
            0,
            0,
            -65
          ],
          "cubes": [
            {
              "origin": [
                44,
                -1,
                -5
              ],
              "size": [
                12,
                12,
                13
              ],
              "pivot": [
                50,
                3,
                2
              ],
              "rotation": [
                -39.15678,
                38.5887,
                11.36799
              ],
              "uv": [
                330,
                208
              ]
            }
          ]
        },
        {
          "name": "Glicht",
          "parent": "Leg",
          "pivot": [
            50,
            35,
            6
          ],
          "rotation": [
            0,
            0,
            -65
          ],
          "cubes": [
            {
              "origin": [
                44,
                31,
                -1
              ],
              "size": [
                12,
                11,
                8
              ],
              "pivot": [
                50,
                34,
                6
              ],
              "rotation": [
                -39.15678,
                38.5887,
                -21.13201
              ],
              "uv": [
                0,
                0
              ]
            }
          ]
        },
        {
          "name": "Leg3",
          "parent": "Body",
          "pivot": [
            50,
            46,
            -14
          ],
          "cubes": [
            {
              "origin": [
                43,
                15,
                -18
              ],
              "size": [
                13,
                37,
                13
              ],
              "uv": [
                62,
                307
              ]
            },
            {
              "origin": [
                43,
                15,
                -18
              ],
              "size": [
                13,
                32,
                13
              ],
              "pivot": [
                55,
                26,
                -16
              ],
              "rotation": [
                0,
                0,
                17.5
              ],
              "uv": [
                317,
                243
              ]
            }
          ]
        },
        {
          "name": "Leg4",
          "parent": "Leg3",
          "pivot": [
            43,
            26,
            -14
          ],
          "cubes": [
            {
              "origin": [
                44,
                -4,
                -17
              ],
              "size": [
                12,
                30,
                11
              ],
              "uv": [
                321,
                317
              ]
            }
          ]
        },
        {
          "name": "Glicht19",
          "parent": "Leg4",
          "pivot": [
            51,
            5,
            -12
          ],
          "rotation": [
            0,
            0,
            -65
          ],
          "cubes": [
            {
              "origin": [
                44.99433,
                -1.2705,
                -19.62112
              ],
              "size": [
                12,
                12,
                13
              ],
              "pivot": [
                51,
                4,
                -12
              ],
              "rotation": [
                -39.15678,
                38.5887,
                11.36799
              ],
              "uv": [
                322,
                12
              ]
            }
          ]
        },
        {
          "name": "Glicht4",
          "parent": "Leg3",
          "pivot": [
            50,
            35,
            -14
          ],
          "rotation": [
            0,
            0,
            -65
          ],
          "cubes": [
            {
              "origin": [
                44,
                30,
                -15
              ],
              "size": [
                12,
                12,
                7
              ],
              "pivot": [
                50,
                34,
                -14
              ],
              "rotation": [
                -39.15678,
                38.5887,
                11.36799
              ],
              "uv": [
                0,
                19
              ]
            }
          ]
        },
        {
          "name": "Hole",
          "pivot": [
            0,
            0,
            0
          ],
          "cubes": [
            {
              "origin": [
                -24,
                0,
                -24
              ],
              "size": [
                48,
                0,
                48
              ],
              "uv": [
                -48,
                386
              ]
            }
          ]
        }
      ]
    }
  ]
}