{
  "format_version": "1.12.0",
  "minecraft:geometry": [
    {
      "description": {
        "identifier": "geometry.telur_tepung",
        "texture_width": 64,
        "texture_height": 64,
        "visible_bounds_width": 6,
        "visible_bounds_height": 6,
        "visible_bounds_offset": [
          0,
          2,
          0
        ]
      },
      "bones": [
        {
          "name": "Pecah",
          "pivot": [
            -0.5,
            41,
            -2
          ]
        },
        {
          "name": "Head2",
          "parent": "Pecah",
          "pivot": [
            0,
            41,
            -1
          ],
          "cubes": [
            {
              "origin": [
                -1,
                35,
                -1.8
              ],
              "size": [
                2,
                1,
                1
              ],
              "uv": [
                51,
                32
              ]
            },
            {
              "origin": [
                0.27302,
                38.00746,
                -1.8
              ],
              "size": [
                2,
                4,
                1
              ],
              "pivot": [
                -5,
                38,
                -1
              ],
              "rotation": [
                0,
                0,
                -10
              ],
              "uv": [
                46,
                50
              ]
            },
            {
              "origin": [
                0.22082,
                43.1753,
                -1.8
              ],
              "size": [
                1,
                4,
                1
              ],
              "pivot": [
                0,
                47,
                -1
              ],
              "rotation": [
                0,
                0,
                -10
              ],
              "uv": [
                24,
                52
              ]
            },
            {
              "origin": [
                -3,
                35,
                -1.8
              ],
              "size": [
                4,
                5,
                1
              ],
              "pivot": [
                1,
                35,
                -1
              ],
              "rotation": [
                0,
                0,
                50
              ],
              "uv": [
                46,
                44
              ]
            },
            {
              "origin": [
                0.72698,
                38.00746,
                -1.8
              ],
              "size": [
                4,
                5,
                1
              ],
              "pivot": [
                5,
                38,
                -1
              ],
              "rotation": [
                0,
                0,
                10
              ],
              "uv": [
                46,
                38
              ]
            },
            {
              "origin": [
                0.60566,
                43.12787,
                -1.8
              ],
              "size": [
                5,
                4,
                1
              ],
              "pivot": [
                1,
                43,
                -1
              ],
              "rotation": [
                0,
                0,
                2.5
              ],
              "uv": [
                44,
                20
              ]
            },
            {
              "origin": [
                0,
                37,
                -2
              ],
              "size": [
                4,
                10,
                0
              ],
              "uv": [
                38,
                38
              ]
            }
          ]
        },
        {
          "name": "Head3",
          "parent": "Pecah",
          "pivot": [
            0,
            41,
            -1
          ],
          "cubes": [
            {
              "origin": [
                -1,
                35,
                -1.8
              ],
              "size": [
                3,
                5,
                1
              ],
              "pivot": [
                -1,
                35,
                -1
              ],
              "rotation": [
                0,
                0,
                -50
              ],
              "uv": [
                0,
                47
              ]
            },
            {
              "origin": [
                -4.72698,
                38.00746,
                -1.8
              ],
              "size": [
                6,
                5,
                1
              ],
              "pivot": [
                -5,
                38,
                -1
              ],
              "rotation": [
                0,
                0,
                -10
              ],
              "uv": [
                30,
                22
              ]
            },
            {
              "origin": [
                -5.61042,
                42.90977,
                -1.8
              ],
              "size": [
                6,
                4,
                1
              ],
              "pivot": [
                -6,
                43,
                -1
              ],
              "rotation": [
                0,
                0,
                -2.5
              ],
              "uv": [
                16,
                35
              ]
            },
            {
              "origin": [
                -3,
                37,
                -1.8
              ],
              "size": [
                2,
                1,
                1
              ],
              "pivot": [
                1,
                35,
                -1
              ],
              "rotation": [
                0,
                0,
                35
              ],
              "uv": [
                51,
                27
              ]
            },
            {
              "origin": [
                -1.27302,
                38.00746,
                -1.8
              ],
              "size": [
                1,
                5,
                1
              ],
              "pivot": [
                5,
                38,
                -1
              ],
              "rotation": [
                0,
                0,
                10
              ],
              "uv": [
                20,
                52
              ]
            },
            {
              "origin": [
                -1.21987,
                43.13168,
                -1.8
              ],
              "size": [
                2,
                4,
                1
              ],
              "pivot": [
                1,
                47,
                -1
              ],
              "rotation": [
                0,
                0,
                -10
              ],
              "uv": [
                40,
                48
              ]
            },
            {
              "origin": [
                -4,
                37,
                -2
              ],
              "size": [
                5,
                10,
                0
              ],
              "uv": [
                24,
                12
              ]
            }
          ]
        }
      ]
    }
  ]
}