{
  "format_version": "1.12.0",
  "minecraft:geometry": [
    {
      "description": {
        "identifier": "geometry.telur_pomtra",
        "texture_width": 128,
        "texture_height": 128,
        "visible_bounds_width": 5,
        "visible_bounds_height": 3.5,
        "visible_bounds_offset": [
          0,
          1.25,
          0
        ]
      },
      "bones": [
        {
          "name": "All",
          "pivot": [
            0,
            2,
            0
          ]
        },
        {
          "name": "Body",
          "parent": "All",
          "pivot": [
            0,
            15,
            0
          ],
          "cubes": [
            {
              "origin": [
                -3,
                14,
                -2
              ],
              "size": [
                6,
                3,
                4
              ],
              "uv": [
                31,
                48
              ]
            },
            {
              "origin": [
                2.3,
                16.5,
                -2.5
              ],
              "size": [
                1,
                1,
                5
              ],
              "uv": [
                10,
                122
              ]
            },
            {
              "origin": [
                -3.3,
                16.5,
                -2.5
              ],
              "size": [
                1,
                1,
                5
              ],
              "uv": [
                10,
                122
              ]
            },
            {
              "origin": [
                -3,
                14,
                -2
              ],
              "size": [
                6,
                4,
                4
              ],
              "uv": [
                31,
                48
              ]
            },
            {
              "origin": [
                -3.5,
                12.75736,
                -2.8
              ],
              "size": [
                1,
                4,
                1
              ],
              "pivot": [
                -3,
                17,
                -3
              ],
              "rotation": [
                7.5,
                0,
                -45
              ],
              "uv": [
                3,
                123
              ]
            },
            {
              "origin": [
                -3.5,
                12.75736,
                1.8
              ],
              "size": [
                1,
                4,
                1
              ],
              "pivot": [
                -3,
                17,
                2
              ],
              "rotation": [
                -7.5,
                0,
                -45
              ],
              "uv": [
                3,
                123
              ]
            },
            {
              "origin": [
                2.5,
                12.75736,
                -2.8
              ],
              "size": [
                1,
                4,
                1
              ],
              "pivot": [
                3,
                17,
                -3
              ],
              "rotation": [
                7.5,
                0,
                45
              ],
              "uv": [
                3,
                123
              ]
            },
            {
              "origin": [
                2.5,
                12.75736,
                1.8
              ],
              "size": [
                1,
                4,
                1
              ],
              "pivot": [
                3,
                17,
                2
              ],
              "rotation": [
                -7.5,
                0,
                45
              ],
              "uv": [
                3,
                123
              ]
            },
            {
              "origin": [
                -2,
                17,
                -2
              ],
              "size": [
                4,
                4,
                4
              ],
              "uv": [
                14,
                51
              ]
            },
            {
              "origin": [
                -1,
                18,
                -3
              ],
              "size": [
                2,
                2,
                4
              ],
              "uv": [
                12,
                59
              ]
            },
            {
              "origin": [
                -1,
                21,
                -3
              ],
              "size": [
                2,
                2,
                4
              ],
              "uv": [
                57,
                44
              ]
            },
            {
              "origin": [
                -1,
                16,
                -2
              ],
              "size": [
                4,
                1,
                4
              ],
              "pivot": [
                3,
                17,
                0
              ],
              "rotation": [
                0,
                0,
                85
              ],
              "uv": [
                47,
                51
              ]
            },
            {
              "origin": [
                -3,
                16,
                -2
              ],
              "size": [
                4,
                1,
                4
              ],
              "pivot": [
                -3,
                17,
                0
              ],
              "rotation": [
                0,
                0,
                -85
              ],
              "uv": [
                0,
                55
              ]
            }
          ]
        },
        {
          "name": "Glicht2",
          "parent": "Body",
          "pivot": [
            0,
            19,
            -3
          ],
          "cubes": [
            {
              "origin": [
                -3,
                16,
                -2.3
              ],
              "size": [
                6,
                6,
                0
              ],
              "uv": [
                0,
                108
              ]
            }
          ]
        },
        {
          "name": "Glicht3",
          "parent": "Body",
          "pivot": [
            0,
            21,
            2
          ],
          "cubes": [
            {
              "origin": [
                -3,
                18,
                2.3
              ],
              "size": [
                6,
                6,
                0
              ],
              "uv": [
                0,
                108
              ]
            }
          ]
        },
        {
          "name": "Shoulder",
          "parent": "Body",
          "pivot": [
            -0.5,
            21,
            2
          ],
          "cubes": [
            {
              "origin": [
                -2,
                21,
                -2
              ],
              "size": [
                4,
                3,
                4
              ],
              "uv": [
                51,
                15
              ]
            },
            {
              "origin": [
                -3,
                24,
                -2
              ],
              "size": [
                6,
                2,
                4
              ],
              "uv": [
                51,
                9
              ]
            },
            {
              "origin": [
                -3,
                24,
                -2
              ],
              "size": [
                4,
                1,
                4
              ],
              "pivot": [
                -3,
                24,
                0
              ],
              "rotation": [
                0,
                0,
                85
              ],
              "uv": [
                26,
                55
              ]
            },
            {
              "origin": [
                -1,
                24,
                -2
              ],
              "size": [
                4,
                1,
                4
              ],
              "pivot": [
                3,
                24,
                0
              ],
              "rotation": [
                0,
                0,
                -85
              ],
              "uv": [
                52,
                36
              ]
            }
          ]
        },
        {
          "name": "Armkiri",
          "parent": "Shoulder",
          "pivot": [
            -4,
            25.5,
            0
          ],
          "rotation": [
            0,
            0,
            -80
          ],
          "cubes": [
            {
              "origin": [
                -6,
                23,
                -1
              ],
              "size": [
                2,
                5,
                2
              ],
              "uv": [
                83,
                56
              ]
            },
            {
              "origin": [
                -6,
                23,
                -1
              ],
              "size": [
                2,
                5,
                2
              ],
              "pivot": [
                -5,
                25.5,
                0
              ],
              "rotation": [
                0,
                0,
                -45
              ],
              "uv": [
                83,
                44
              ]
            },
            {
              "origin": [
                -6,
                23,
                -1
              ],
              "size": [
                2,
                5,
                2
              ],
              "pivot": [
                -5,
                25.5,
                0
              ],
              "rotation": [
                0,
                0,
                -90
              ],
              "uv": [
                40,
                83
              ]
            },
            {
              "origin": [
                -5.5,
                28,
                -0.5
              ],
              "size": [
                1,
                3,
                1
              ],
              "pivot": [
                -5,
                25.5,
                0
              ],
              "rotation": [
                0,
                0,
                -90
              ],
              "uv": [
                0,
                40
              ]
            },
            {
              "origin": [
                -6,
                23,
                -1
              ],
              "size": [
                2,
                5,
                2
              ],
              "pivot": [
                -5,
                25.5,
                0
              ],
              "rotation": [
                0,
                0,
                -135
              ],
              "uv": [
                80,
                82
              ]
            },
            {
              "origin": [
                -6,
                23,
                -1
              ],
              "size": [
                2,
                5,
                2
              ],
              "pivot": [
                -5,
                25.5,
                0
              ],
              "rotation": [
                -32.941,
                28.5362,
                -143.5995
              ],
              "uv": [
                32,
                81
              ]
            },
            {
              "origin": [
                -6,
                23,
                -1
              ],
              "size": [
                2,
                5,
                2
              ],
              "pivot": [
                -5,
                25.5,
                0
              ],
              "rotation": [
                0,
                42.5,
                -90
              ],
              "uv": [
                54,
                81
              ]
            },
            {
              "origin": [
                -7,
                27,
                -1
              ],
              "size": [
                2,
                1,
                2
              ],
              "pivot": [
                -6,
                25.5,
                0
              ],
              "rotation": [
                0,
                42.5,
                -90
              ],
              "uv": [
                8,
                60
              ]
            },
            {
              "origin": [
                -6,
                23,
                -1
              ],
              "size": [
                2,
                5,
                2
              ],
              "pivot": [
                -5,
                25.5,
                0
              ],
              "rotation": [
                32.941,
                28.5362,
                -36.4005
              ],
              "uv": [
                82,
                12
              ]
            },
            {
              "origin": [
                -6,
                23,
                -1
              ],
              "size": [
                2,
                5,
                2
              ],
              "pivot": [
                -5,
                25.5,
                0
              ],
              "rotation": [
                42.5,
                0,
                0
              ],
              "uv": [
                82,
                75
              ]
            },
            {
              "origin": [
                -6,
                23,
                -1
              ],
              "size": [
                2,
                5,
                2
              ],
              "pivot": [
                -5,
                25.5,
                0
              ],
              "rotation": [
                -86.4667,
                44.9455,
                -177.5024
              ],
              "uv": [
                8,
                79
              ]
            },
            {
              "origin": [
                -6,
                23,
                -1
              ],
              "size": [
                2,
                5,
                2
              ],
              "pivot": [
                -5,
                25.5,
                0
              ],
              "rotation": [
                0,
                87.5,
                -90
              ],
              "uv": [
                16,
                79
              ]
            },
            {
              "origin": [
                -6,
                23,
                -1
              ],
              "size": [
                2,
                5,
                2
              ],
              "pivot": [
                -5,
                25.5,
                0
              ],
              "rotation": [
                86.4667,
                44.9455,
                -2.4976
              ],
              "uv": [
                79,
                32
              ]
            },
            {
              "origin": [
                -6,
                23,
                -1
              ],
              "size": [
                2,
                5,
                2
              ],
              "pivot": [
                -5,
                25.5,
                0
              ],
              "rotation": [
                87.5,
                0,
                0
              ],
              "uv": [
                79,
                63
              ]
            },
            {
              "origin": [
                -6,
                23,
                -1
              ],
              "size": [
                2,
                5,
                2
              ],
              "pivot": [
                -5,
                25.5,
                0
              ],
              "rotation": [
                -144.7356,
                30,
                144.7356
              ],
              "uv": [
                66,
                79
              ]
            },
            {
              "origin": [
                -6,
                23,
                -1
              ],
              "size": [
                2,
                5,
                2
              ],
              "pivot": [
                -5,
                25.5,
                0
              ],
              "rotation": [
                180,
                45,
                90
              ],
              "uv": [
                80,
                5
              ]
            },
            {
              "origin": [
                -6,
                23,
                -1
              ],
              "size": [
                2,
                5,
                2
              ],
              "pivot": [
                -5,
                25.5,
                0
              ],
              "rotation": [
                144.7356,
                30,
                35.2644
              ],
              "uv": [
                81,
                22
              ]
            },
            {
              "origin": [
                -6,
                23,
                -1
              ],
              "size": [
                2,
                5,
                2
              ],
              "pivot": [
                -5,
                25.5,
                0
              ],
              "rotation": [
                135,
                0,
                0
              ],
              "uv": [
                24,
                81
              ]
            }
          ]
        },
        {
          "name": "Tangan",
          "parent": "Armkiri",
          "pivot": [
            -10.5,
            26,
            0
          ],
          "rotation": [
            136.78082,
            -62.00911,
            -133.21918
          ],
          "cubes": [
            {
              "origin": [
                -11.5,
                26,
                -0.5
              ],
              "size": [
                1,
                3,
                1
              ],
              "pivot": [
                -10.5,
                26,
                0
              ],
              "rotation": [
                0,
                0,
                -90
              ],
              "uv": [
                20,
                0
              ]
            }
          ]
        },
        {
          "name": "pergelangan2",
          "parent": "Tangan",
          "pivot": [
            -13.5,
            25.5,
            0
          ],
          "cubes": [
            {
              "origin": [
                -14.5,
                24.5,
                -1
              ],
              "size": [
                1,
                2,
                2
              ],
              "uv": [
                64,
                36
              ]
            },
            {
              "origin": [
                -15.5,
                24,
                -1.5
              ],
              "size": [
                1,
                3,
                3
              ],
              "uv": [
                0,
                84
              ]
            }
          ]
        },
        {
          "name": "Jari5",
          "parent": "pergelangan2",
          "pivot": [
            -15.5,
            27,
            0
          ],
          "cubes": [
            {
              "origin": [
                -17.5,
                26,
                -0.5
              ],
              "size": [
                2,
                1,
                1
              ],
              "uv": [
                26,
                50
              ]
            }
          ]
        },
        {
          "name": "Jaru5",
          "parent": "Jari5",
          "pivot": [
            -17.5,
            27,
            0
          ],
          "cubes": [
            {
              "origin": [
                -18.5,
                26,
                -0.5
              ],
              "size": [
                1,
                1,
                1
              ],
              "uv": [
                6,
                60
              ]
            }
          ]
        },
        {
          "name": "Jari7",
          "parent": "pergelangan2",
          "pivot": [
            -15.5,
            27,
            1
          ],
          "cubes": [
            {
              "origin": [
                -17.5,
                26,
                0.5
              ],
              "size": [
                2,
                1,
                1
              ],
              "uv": [
                26,
                41
              ]
            }
          ]
        },
        {
          "name": "Jaru7",
          "parent": "Jari7",
          "pivot": [
            -17.5,
            27,
            1
          ],
          "cubes": [
            {
              "origin": [
                -18.5,
                26,
                0.5
              ],
              "size": [
                1,
                1,
                1
              ],
              "uv": [
                56,
                44
              ]
            }
          ]
        },
        {
          "name": "Jari6",
          "parent": "pergelangan2",
          "pivot": [
            -15.5,
            27,
            -1
          ],
          "cubes": [
            {
              "origin": [
                -17.5,
                26,
                -1.5
              ],
              "size": [
                2,
                1,
                1
              ],
              "uv": [
                32,
                41
              ]
            }
          ]
        },
        {
          "name": "Jaru6",
          "parent": "Jari6",
          "pivot": [
            -17.5,
            27,
            -1
          ],
          "cubes": [
            {
              "origin": [
                -18.5,
                26,
                -1.5
              ],
              "size": [
                1,
                1,
                1
              ],
              "uv": [
                52,
                56
              ]
            }
          ]
        },
        {
          "name": "Jari8",
          "parent": "pergelangan2",
          "pivot": [
            -15.5,
            26,
            -1.5
          ],
          "cubes": [
            {
              "origin": [
                -16.5,
                25,
                -1.5
              ],
              "size": [
                1,
                1,
                1
              ],
              "uv": [
                53,
                48
              ]
            }
          ]
        },
        {
          "name": "Jaru8",
          "parent": "Jari8",
          "pivot": [
            -16.5,
            26,
            -1
          ],
          "cubes": [
            {
              "origin": [
                -17.5,
                25,
                -1.5
              ],
              "size": [
                1,
                1,
                1
              ],
              "uv": [
                19,
                34
              ]
            }
          ]
        },
        {
          "name": "Armkanan",
          "parent": "Shoulder",
          "pivot": [
            4,
            25.5,
            0
          ],
          "rotation": [
            0,
            0,
            80
          ],
          "cubes": [
            {
              "origin": [
                4,
                23,
                -1
              ],
              "size": [
                2,
                5,
                2
              ],
              "uv": [
                74,
                77
              ]
            },
            {
              "origin": [
                4,
                23,
                -1
              ],
              "size": [
                2,
                5,
                2
              ],
              "pivot": [
                5,
                25.5,
                0
              ],
              "rotation": [
                0,
                0,
                -45
              ],
              "uv": [
                77,
                51
              ]
            },
            {
              "origin": [
                4,
                23,
                -1
              ],
              "size": [
                2,
                5,
                2
              ],
              "pivot": [
                5,
                25.5,
                0
              ],
              "rotation": [
                0,
                0,
                -90
              ],
              "uv": [
                77,
                39
              ]
            },
            {
              "origin": [
                5,
                23,
                -1
              ],
              "size": [
                2,
                1,
                2
              ],
              "pivot": [
                6,
                25.5,
                0
              ],
              "rotation": [
                0,
                0,
                -90
              ],
              "uv": [
                56,
                41
              ]
            },
            {
              "origin": [
                4.5,
                20,
                -0.5
              ],
              "size": [
                1,
                3,
                1
              ],
              "pivot": [
                5,
                25.5,
                0
              ],
              "rotation": [
                0,
                0,
                -90
              ],
              "uv": [
                51,
                15
              ]
            },
            {
              "origin": [
                4,
                23,
                -1
              ],
              "size": [
                2,
                5,
                2
              ],
              "pivot": [
                5,
                25.5,
                0
              ],
              "rotation": [
                0,
                0,
                -135
              ],
              "uv": [
                0,
                77
              ]
            },
            {
              "origin": [
                4,
                23,
                -1
              ],
              "size": [
                2,
                5,
                2
              ],
              "pivot": [
                5,
                25.5,
                0
              ],
              "rotation": [
                -32.941,
                28.5362,
                -143.5995
              ],
              "uv": [
                76,
                70
              ]
            },
            {
              "origin": [
                4,
                23,
                -1
              ],
              "size": [
                2,
                5,
                2
              ],
              "pivot": [
                5,
                25.5,
                0
              ],
              "rotation": [
                0,
                42.5,
                -90
              ],
              "uv": [
                48,
                76
              ]
            },
            {
              "origin": [
                4,
                23,
                -1
              ],
              "size": [
                2,
                5,
                2
              ],
              "pivot": [
                5,
                25.5,
                0
              ],
              "rotation": [
                32.941,
                28.5362,
                -36.4005
              ],
              "uv": [
                40,
                76
              ]
            },
            {
              "origin": [
                4,
                23,
                -1
              ],
              "size": [
                2,
                5,
                2
              ],
              "pivot": [
                5,
                25.5,
                0
              ],
              "rotation": [
                42.5,
                0,
                0
              ],
              "uv": [
                75,
                17
              ]
            },
            {
              "origin": [
                4,
                23,
                -1
              ],
              "size": [
                2,
                5,
                2
              ],
              "pivot": [
                5,
                25.5,
                0
              ],
              "rotation": [
                -86.4667,
                44.9455,
                -177.5024
              ],
              "uv": [
                60,
                74
              ]
            },
            {
              "origin": [
                4,
                23,
                -1
              ],
              "size": [
                2,
                5,
                2
              ],
              "pivot": [
                5,
                25.5,
                0
              ],
              "rotation": [
                0,
                87.5,
                -90
              ],
              "uv": [
                32,
                74
              ]
            },
            {
              "origin": [
                4,
                23,
                -1
              ],
              "size": [
                2,
                5,
                2
              ],
              "pivot": [
                5,
                25.5,
                0
              ],
              "rotation": [
                86.4667,
                44.9455,
                -2.4976
              ],
              "uv": [
                24,
                74
              ]
            },
            {
              "origin": [
                4,
                23,
                -1
              ],
              "size": [
                2,
                5,
                2
              ],
              "pivot": [
                5,
                25.5,
                0
              ],
              "rotation": [
                87.5,
                0,
                0
              ],
              "uv": [
                74,
                10
              ]
            },
            {
              "origin": [
                4,
                23,
                -1
              ],
              "size": [
                2,
                5,
                2
              ],
              "pivot": [
                5,
                25.5,
                0
              ],
              "rotation": [
                -144.7356,
                30,
                144.7356
              ],
              "uv": [
                74,
                0
              ]
            },
            {
              "origin": [
                4,
                23,
                -1
              ],
              "size": [
                2,
                5,
                2
              ],
              "pivot": [
                5,
                25.5,
                0
              ],
              "rotation": [
                180,
                45,
                90
              ],
              "uv": [
                73,
                58
              ]
            },
            {
              "origin": [
                4,
                23,
                -1
              ],
              "size": [
                2,
                5,
                2
              ],
              "pivot": [
                5,
                25.5,
                0
              ],
              "rotation": [
                144.7356,
                30,
                35.2644
              ],
              "uv": [
                73,
                27
              ]
            },
            {
              "origin": [
                4,
                23,
                -1
              ],
              "size": [
                2,
                5,
                2
              ],
              "pivot": [
                5,
                25.5,
                0
              ],
              "rotation": [
                135,
                0,
                0
              ],
              "uv": [
                68,
                72
              ]
            }
          ]
        },
        {
          "name": "Tangan2",
          "parent": "Armkanan",
          "pivot": [
            10.5,
            26,
            0
          ],
          "rotation": [
            136.78082,
            62.00911,
            133.21918
          ],
          "cubes": [
            {
              "origin": [
                9.5,
                23,
                -0.5
              ],
              "size": [
                1,
                3,
                1
              ],
              "pivot": [
                10.5,
                26,
                0
              ],
              "rotation": [
                0,
                0,
                -90
              ],
              "uv": [
                36,
                22
              ]
            }
          ]
        },
        {
          "name": "pergelangan",
          "parent": "Tangan2",
          "pivot": [
            13.5,
            25.5,
            0
          ],
          "cubes": [
            {
              "origin": [
                13.5,
                24.5,
                -1
              ],
              "size": [
                1,
                2,
                2
              ],
              "uv": [
                48,
                83
              ]
            },
            {
              "origin": [
                14.5,
                24,
                -1.5
              ],
              "size": [
                1,
                3,
                3
              ],
              "uv": [
                84,
                67
              ]
            }
          ]
        },
        {
          "name": "Jari",
          "parent": "pergelangan",
          "pivot": [
            15.5,
            27,
            -1
          ],
          "cubes": [
            {
              "origin": [
                15.5,
                26,
                -1.5
              ],
              "size": [
                2,
                1,
                1
              ],
              "uv": [
                63,
                15
              ]
            }
          ]
        },
        {
          "name": "Jaru",
          "parent": "Jari",
          "pivot": [
            17.5,
            27,
            -1
          ],
          "cubes": [
            {
              "origin": [
                17.5,
                26,
                -1.5
              ],
              "size": [
                1,
                1,
                1
              ],
              "uv": [
                46,
                62
              ]
            }
          ]
        },
        {
          "name": "Jari4",
          "parent": "pergelangan",
          "pivot": [
            15.5,
            26,
            -1.5
          ],
          "cubes": [
            {
              "origin": [
                15.5,
                25,
                -1.5
              ],
              "size": [
                1,
                1,
                1
              ],
              "uv": [
                38,
                60
              ]
            }
          ]
        },
        {
          "name": "Jaru4",
          "parent": "Jari4",
          "pivot": [
            16.5,
            26,
            -1
          ],
          "cubes": [
            {
              "origin": [
                16.5,
                25,
                -1.5
              ],
              "size": [
                1,
                1,
                1
              ],
              "uv": [
                30,
                60
              ]
            }
          ]
        },
        {
          "name": "Jari2",
          "parent": "pergelangan",
          "pivot": [
            15.5,
            27,
            0
          ],
          "cubes": [
            {
              "origin": [
                15.5,
                26,
                -0.5
              ],
              "size": [
                2,
                1,
                1
              ],
              "uv": [
                57,
                0
              ]
            }
          ]
        },
        {
          "name": "Jaru2",
          "parent": "Jari2",
          "pivot": [
            17.5,
            27,
            0
          ],
          "cubes": [
            {
              "origin": [
                17.5,
                26,
                -0.5
              ],
              "size": [
                1,
                1,
                1
              ],
              "uv": [
                62,
                41
              ]
            }
          ]
        },
        {
          "name": "Jari3",
          "parent": "pergelangan",
          "pivot": [
            15.5,
            27,
            1
          ],
          "cubes": [
            {
              "origin": [
                15.5,
                26,
                0.5
              ],
              "size": [
                2,
                1,
                1
              ],
              "uv": [
                51,
                0
              ]
            }
          ]
        },
        {
          "name": "Jaru3",
          "parent": "Jari3",
          "pivot": [
            17.5,
            27,
            1
          ],
          "cubes": [
            {
              "origin": [
                17.5,
                26,
                0.5
              ],
              "size": [
                1,
                1,
                1
              ],
              "uv": [
                62,
                27
              ]
            }
          ]
        },
        {
          "name": "Head",
          "parent": "Shoulder",
          "pivot": [
            1.5,
            28,
            1
          ],
          "cubes": [
            {
              "origin": [
                -4,
                28,
                -2.5
              ],
              "size": [
                8,
                2,
                5
              ],
              "pivot": [
                0,
                29,
                0
              ],
              "rotation": [
                0,
                0,
                10
              ],
              "uv": [
                47,
                29
              ]
            },
            {
              "origin": [
                -4,
                28,
                -2.5
              ],
              "size": [
                7,
                2,
                5
              ],
              "pivot": [
                0,
                29,
                0
              ],
              "rotation": [
                0,
                0,
                -50
              ],
              "uv": [
                20,
                0
              ]
            },
            {
              "origin": [
                -3,
                28,
                -2.5
              ],
              "size": [
                7,
                2,
                5
              ],
              "pivot": [
                0,
                29,
                0
              ],
              "rotation": [
                0,
                0,
                100
              ],
              "uv": [
                36,
                22
              ]
            },
            {
              "origin": [
                -3,
                28,
                -2.5
              ],
              "size": [
                7,
                2,
                5
              ],
              "pivot": [
                0,
                29,
                0
              ],
              "rotation": [
                0,
                0,
                70
              ],
              "uv": [
                41,
                2
              ]
            },
            {
              "origin": [
                -3,
                28,
                -2.5
              ],
              "size": [
                7,
                2,
                5
              ],
              "pivot": [
                0,
                29,
                0
              ],
              "rotation": [
                0.037,
                -0.0175,
                39.9997
              ],
              "uv": [
                35,
                41
              ]
            },
            {
              "origin": [
                -4.3,
                30.47513,
                -3.00022
              ],
              "size": [
                1,
                2,
                1
              ],
              "pivot": [
                -4,
                30,
                -3
              ],
              "rotation": [
                0.037,
                -0.0175,
                44.9997
              ],
              "uv": [
                0,
                67
              ]
            },
            {
              "origin": [
                -2.30001,
                31.64671,
                -3.00205
              ],
              "size": [
                1,
                2,
                1
              ],
              "pivot": [
                -2,
                32,
                -3
              ],
              "rotation": [
                0.037,
                -0.0175,
                74.9997
              ],
              "uv": [
                0,
                67
              ]
            },
            {
              "origin": [
                -3.89514,
                28.40012,
                -3.00134
              ],
              "size": [
                1,
                2,
                1
              ],
              "pivot": [
                -3,
                30,
                -3
              ],
              "rotation": [
                20.037,
                -0.0175,
                7.4997
              ],
              "uv": [
                35,
                43
              ]
            },
            {
              "origin": [
                -0.5,
                30,
                -2.6
              ],
              "size": [
                1,
                2,
                0
              ],
              "pivot": [
                0.5,
                32,
                -1
              ],
              "rotation": [
                -2.5,
                0,
                20
              ],
              "uv": [
                6,
                0
              ]
            },
            {
              "origin": [
                0,
                30.43288,
                -2.64741
              ],
              "size": [
                1,
                2,
                0
              ],
              "pivot": [
                0.5,
                32,
                -2
              ],
              "rotation": [
                -20,
                0,
                -10
              ],
              "uv": [
                0,
                0
              ]
            },
            {
              "origin": [
                4,
                26,
                -1
              ],
              "size": [
                1,
                1,
                4
              ],
              "pivot": [
                4.5,
                26,
                -1
              ],
              "rotation": [
                0,
                -7.5,
                0
              ],
              "uv": [
                118,
                0
              ]
            },
            {
              "origin": [
                -5,
                26,
                -1
              ],
              "size": [
                1,
                1,
                4
              ],
              "pivot": [
                -4.5,
                26,
                -1
              ],
              "rotation": [
                0,
                7.5,
                0
              ],
              "uv": [
                118,
                0
              ]
            },
            {
              "origin": [
                -3,
                27.5,
                -2.6
              ],
              "size": [
                3,
                3,
                0
              ],
              "uv": [
                88,
                6
              ]
            },
            {
              "origin": [
                0,
                27.5,
                -2.6
              ],
              "size": [
                3,
                3,
                0
              ],
              "uv": [
                38,
                55
              ]
            },
            {
              "origin": [
                2.5,
                28,
                -2
              ],
              "size": [
                2,
                1,
                3
              ],
              "pivot": [
                4.5,
                29,
                -2
              ],
              "rotation": [
                -57.5,
                30,
                0
              ],
              "uv": [
                119,
                -1
              ]
            },
            {
              "origin": [
                -4.5,
                28,
                -2
              ],
              "size": [
                2,
                1,
                3
              ],
              "pivot": [
                -4.5,
                29,
                -2
              ],
              "rotation": [
                -57.5,
                -30,
                0
              ],
              "uv": [
                119,
                -1
              ]
            },
            {
              "origin": [
                -2.5,
                25,
                1
              ],
              "size": [
                5,
                1,
                2
              ],
              "uv": [
                114,
                0
              ]
            },
            {
              "origin": [
                -4.5,
                26,
                -2
              ],
              "size": [
                9,
                7,
                5
              ],
              "uv": [
                23,
                9
              ]
            },
            {
              "origin": [
                -4,
                28,
                -2.5
              ],
              "size": [
                7,
                2,
                5
              ],
              "pivot": [
                0,
                29,
                0
              ],
              "rotation": [
                0,
                0,
                -20
              ],
              "uv": [
                26,
                34
              ]
            },
            {
              "origin": [
                2.89514,
                27.40013,
                -3
              ],
              "size": [
                1,
                3,
                1
              ],
              "pivot": [
                3,
                30,
                -3
              ],
              "rotation": [
                17.5,
                0,
                -7.5
              ],
              "uv": [
                41,
                2
              ]
            },
            {
              "origin": [
                1.3,
                32.64673,
                -3
              ],
              "size": [
                1,
                2,
                1
              ],
              "pivot": [
                2,
                32,
                0
              ],
              "rotation": [
                0,
                0,
                -80
              ],
              "uv": [
                26,
                52
              ]
            },
            {
              "origin": [
                1.3,
                31.64673,
                -3
              ],
              "size": [
                1,
                2,
                1
              ],
              "pivot": [
                2,
                32,
                0
              ],
              "rotation": [
                0,
                0,
                -80
              ],
              "uv": [
                26,
                52
              ]
            },
            {
              "origin": [
                3.3,
                30.47515,
                -3
              ],
              "size": [
                1,
                2,
                1
              ],
              "pivot": [
                4,
                30,
                0
              ],
              "rotation": [
                0,
                0,
                -45
              ],
              "uv": [
                26,
                52
              ]
            }
          ]
        },
        {
          "name": "Glicht",
          "parent": "Head",
          "pivot": [
            0,
            29,
            -1
          ],
          "cubes": [
            {
              "origin": [
                -3,
                25,
                -2.7
              ],
              "size": [
                6,
                6,
                0
              ],
              "uv": [
                0,
                114
              ]
            }
          ]
        },
        {
          "name": "Alis",
          "parent": "Head",
          "pivot": [
            3,
            29,
            -2
          ],
          "cubes": [
            {
              "origin": [
                0,
                29,
                -2.6
              ],
              "size": [
                3,
                3,
                0
              ],
              "uv": [
                92,
                14
              ]
            }
          ]
        },
        {
          "name": "Alis2",
          "parent": "Head",
          "pivot": [
            -3,
            29,
            -2
          ],
          "cubes": [
            {
              "origin": [
                -3,
                29,
                2.6
              ],
              "size": [
                3,
                3,
                0
              ],
              "pivot": [
                -1.5,
                29,
                0
              ],
              "rotation": [
                0,
                180,
                0
              ],
              "uv": [
                92,
                14
              ]
            }
          ]
        },
        {
          "name": "Rambut4",
          "parent": "Head",
          "pivot": [
            -3,
            30,
            -3
          ],
          "cubes": [
            {
              "origin": [
                -2.89514,
                24.40012,
                -4.00134
              ],
              "size": [
                0,
                6,
                2
              ],
              "pivot": [
                -3,
                30,
                -3
              ],
              "rotation": [
                0.24711,
                -66.00755,
                3.29424
              ],
              "uv": [
                90,
                -2
              ]
            }
          ]
        },
        {
          "name": "Rambut3",
          "parent": "Head",
          "pivot": [
            3,
            30,
            -3
          ],
          "cubes": [
            {
              "origin": [
                2.89514,
                24.40013,
                -4
              ],
              "size": [
                0,
                6,
                2
              ],
              "pivot": [
                3,
                30,
                -3
              ],
              "rotation": [
                -4.29837,
                66.06853,
                -7.08622
              ],
              "uv": [
                94,
                -2
              ]
            }
          ]
        },
        {
          "name": "Gandul",
          "parent": "Head",
          "pivot": [
            1.5,
            31,
            -1
          ],
          "cubes": [
            {
              "origin": [
                -1.5,
                28,
                -1
              ],
              "size": [
                6,
                6,
                8
              ],
              "pivot": [
                1.5,
                31,
                -1
              ],
              "rotation": [
                20.56145,
                27.51235,
                12.45891
              ],
              "uv": [
                0,
                14
              ]
            }
          ]
        },
        {
          "name": "bone2",
          "parent": "Gandul",
          "pivot": [
            5.5,
            34,
            5
          ],
          "rotation": [
            0,
            0,
            20
          ],
          "cubes": [
            {
              "origin": [
                3.45088,
                30.38536,
                3.66407
              ],
              "size": [
                4,
                4,
                8
              ],
              "pivot": [
                5.5,
                34,
                5
              ],
              "rotation": [
                17.0531,
                51.25659,
                32.38622
              ],
              "uv": [
                0,
                28
              ]
            },
            {
              "origin": [
                10.5,
                28,
                8
              ],
              "size": [
                2,
                2,
                2
              ],
              "uv": [
                7,
                40
              ]
            }
          ]
        },
        {
          "name": "Gandul2",
          "parent": "Head",
          "pivot": [
            -1.5,
            31,
            -1
          ],
          "cubes": [
            {
              "origin": [
                -4.5,
                28,
                -1
              ],
              "size": [
                6,
                6,
                8
              ],
              "pivot": [
                -1.5,
                31,
                -1
              ],
              "rotation": [
                20.56145,
                -27.51235,
                -12.45891
              ],
              "uv": [
                0,
                0
              ]
            }
          ]
        },
        {
          "name": "bone4",
          "parent": "Gandul2",
          "pivot": [
            -5.5,
            34,
            5
          ],
          "rotation": [
            0,
            0,
            -20
          ],
          "cubes": [
            {
              "origin": [
                -7.40965,
                30.33814,
                3.7089
              ],
              "size": [
                4,
                4,
                8
              ],
              "pivot": [
                -5.5,
                34,
                5
              ],
              "rotation": [
                3.82132,
                -47.4432,
                -26.3039
              ],
              "uv": [
                20,
                22
              ]
            },
            {
              "origin": [
                -11.5,
                28,
                8
              ],
              "size": [
                2,
                2,
                2
              ],
              "uv": [
                44,
                29
              ]
            }
          ]
        },
        {
          "name": "Mulut",
          "parent": "Head",
          "pivot": [
            0,
            26.5,
            -2.5
          ],
          "cubes": [
            {
              "origin": [
                -1,
                25.5,
                -2.56
              ],
              "size": [
                2,
                2,
                0
              ],
              "uv": [
                90,
                9
              ]
            }
          ]
        },
        {
          "name": "Mulut2",
          "parent": "Head",
          "pivot": [
            0,
            26.5,
            -1.5
          ],
          "cubes": [
            {
              "origin": [
                -1,
                25.5,
                -1.56
              ],
              "size": [
                2,
                2,
                0
              ],
              "uv": [
                90,
                11
              ]
            }
          ]
        },
        {
          "name": "Merem2",
          "parent": "Head",
          "pivot": [
            -1.5,
            27.7,
            -4.5
          ],
          "cubes": [
            {
              "origin": [
                -3,
                27.5,
                -2.58
              ],
              "size": [
                3,
                4,
                0
              ],
              "uv": [
                0,
                98
              ]
            }
          ]
        },
        {
          "name": "pupil2",
          "parent": "Head",
          "pivot": [
            -1.5,
            29,
            -2.5
          ],
          "cubes": [
            {
              "origin": [
                -2.8,
                26.5,
                -2.56
              ],
              "size": [
                3,
                4,
                0
              ],
              "uv": [
                0,
                90
              ]
            }
          ]
        },
        {
          "name": "Pupil",
          "parent": "Head",
          "pivot": [
            1.5,
            29,
            -2.5
          ],
          "cubes": [
            {
              "origin": [
                0,
                26.5,
                -2.58
              ],
              "size": [
                3,
                4,
                0
              ],
              "uv": [
                0,
                90
              ]
            }
          ]
        },
        {
          "name": "Merem",
          "parent": "Head",
          "pivot": [
            1.5,
            27.7,
            -2.5
          ],
          "cubes": [
            {
              "origin": [
                0,
                27.5,
                -2.59
              ],
              "size": [
                3,
                4,
                0
              ],
              "uv": [
                0,
                94
              ]
            }
          ]
        },
        {
          "name": "Legkanan",
          "parent": "All",
          "pivot": [
            2,
            14.5,
            0
          ],
          "rotation": [
            -7.5,
            12.5,
            0
          ],
          "cubes": [
            {
              "origin": [
                1,
                12,
                -1
              ],
              "size": [
                2,
                5,
                2
              ],
              "uv": [
                16,
                72
              ]
            },
            {
              "origin": [
                1,
                11,
                -1
              ],
              "size": [
                2,
                1,
                2
              ],
              "uv": [
                47,
                48
              ]
            },
            {
              "origin": [
                1,
                12,
                -1
              ],
              "size": [
                2,
                5,
                2
              ],
              "pivot": [
                2,
                14.5,
                0
              ],
              "rotation": [
                0,
                0,
                -45
              ],
              "uv": [
                8,
                72
              ]
            },
            {
              "origin": [
                1,
                12,
                -1
              ],
              "size": [
                2,
                5,
                2
              ],
              "pivot": [
                2,
                14.5,
                0
              ],
              "rotation": [
                0,
                0,
                -90
              ],
              "uv": [
                71,
                46
              ]
            },
            {
              "origin": [
                -4.5,
                14,
                -0.5
              ],
              "size": [
                4,
                1,
                1
              ],
              "pivot": [
                2,
                14.5,
                0
              ],
              "rotation": [
                0,
                0,
                -90
              ],
              "uv": [
                41,
                0
              ]
            },
            {
              "origin": [
                1,
                12,
                -1
              ],
              "size": [
                2,
                5,
                2
              ],
              "pivot": [
                2,
                14.5,
                0
              ],
              "rotation": [
                0,
                0,
                -135
              ],
              "uv": [
                71,
                34
              ]
            },
            {
              "origin": [
                1,
                12,
                -1
              ],
              "size": [
                2,
                5,
                2
              ],
              "pivot": [
                2,
                14.5,
                0
              ],
              "rotation": [
                -32.941,
                28.5362,
                -143.5995
              ],
              "uv": [
                70,
                65
              ]
            },
            {
              "origin": [
                1,
                12,
                -1
              ],
              "size": [
                2,
                5,
                2
              ],
              "pivot": [
                2,
                14.5,
                0
              ],
              "rotation": [
                32.941,
                28.5362,
                -36.4005
              ],
              "uv": [
                0,
                70
              ]
            },
            {
              "origin": [
                1,
                12,
                -1
              ],
              "size": [
                2,
                5,
                2
              ],
              "pivot": [
                2,
                14.5,
                0
              ],
              "rotation": [
                42.5,
                0,
                0
              ],
              "uv": [
                54,
                69
              ]
            },
            {
              "origin": [
                1,
                12,
                -1
              ],
              "size": [
                2,
                5,
                2
              ],
              "pivot": [
                2,
                14.5,
                0
              ],
              "rotation": [
                -86.4667,
                44.9455,
                -177.5024
              ],
              "uv": [
                46,
                69
              ]
            },
            {
              "origin": [
                1,
                12,
                -1
              ],
              "size": [
                2,
                5,
                2
              ],
              "pivot": [
                2,
                14.5,
                0
              ],
              "rotation": [
                0,
                87.5,
                -90
              ],
              "uv": [
                38,
                69
              ]
            },
            {
              "origin": [
                1,
                12,
                -1
              ],
              "size": [
                2,
                5,
                2
              ],
              "pivot": [
                2,
                14.5,
                0
              ],
              "rotation": [
                86.4667,
                44.9455,
                -2.4976
              ],
              "uv": [
                68,
                5
              ]
            },
            {
              "origin": [
                1,
                12,
                -1
              ],
              "size": [
                2,
                5,
                2
              ],
              "pivot": [
                2,
                14.5,
                0
              ],
              "rotation": [
                87.5,
                0,
                0
              ],
              "uv": [
                62,
                67
              ]
            },
            {
              "origin": [
                1,
                12,
                -1
              ],
              "size": [
                2,
                5,
                2
              ],
              "pivot": [
                2,
                14.5,
                0
              ],
              "rotation": [
                -144.7356,
                30,
                144.7356
              ],
              "uv": [
                67,
                53
              ]
            },
            {
              "origin": [
                1,
                12,
                -1
              ],
              "size": [
                2,
                5,
                2
              ],
              "pivot": [
                2,
                14.5,
                0
              ],
              "rotation": [
                180,
                45,
                90
              ],
              "uv": [
                30,
                67
              ]
            },
            {
              "origin": [
                1,
                12,
                -1
              ],
              "size": [
                2,
                5,
                2
              ],
              "pivot": [
                2,
                14.5,
                0
              ],
              "rotation": [
                144.7356,
                30,
                35.2644
              ],
              "uv": [
                67,
                22
              ]
            },
            {
              "origin": [
                1,
                12,
                -1
              ],
              "size": [
                2,
                5,
                2
              ],
              "pivot": [
                2,
                14.5,
                0
              ],
              "rotation": [
                135,
                0,
                0
              ],
              "uv": [
                22,
                67
              ]
            }
          ]
        },
        {
          "name": "Kering",
          "parent": "Legkanan",
          "pivot": [
            2,
            8,
            -0.5
          ],
          "rotation": [
            19.9299,
            1.70818,
            -4.69986
          ],
          "cubes": [
            {
              "origin": [
                -3,
                8.5,
                -0.5
              ],
              "size": [
                4,
                1,
                1
              ],
              "pivot": [
                2,
                9,
                -0.5
              ],
              "rotation": [
                0,
                0,
                -90
              ],
              "uv": [
                16,
                28
              ]
            }
          ]
        },
        {
          "name": "Kaki",
          "parent": "Kering",
          "pivot": [
            2,
            4,
            0
          ],
          "rotation": [
            -12.45392,
            1.08089,
            4.88206
          ],
          "cubes": [
            {
              "origin": [
                0,
                3,
                -1
              ],
              "size": [
                2,
                2,
                2
              ],
              "pivot": [
                2,
                4,
                0
              ],
              "rotation": [
                0,
                0,
                -90
              ],
              "uv": [
                82,
                0
              ]
            },
            {
              "origin": [
                0,
                1,
                -2
              ],
              "size": [
                2,
                2,
                3
              ],
              "pivot": [
                2,
                2,
                0
              ],
              "rotation": [
                0,
                0,
                -90
              ],
              "uv": [
                59,
                50
              ]
            }
          ]
        },
        {
          "name": "Legkiri",
          "parent": "All",
          "pivot": [
            -2,
            14.5,
            0
          ],
          "rotation": [
            -7.5,
            -12.5,
            0
          ],
          "cubes": [
            {
              "origin": [
                -3,
                12,
                -1
              ],
              "size": [
                2,
                5,
                2
              ],
              "uv": [
                67,
                15
              ]
            },
            {
              "origin": [
                -3,
                11,
                -1
              ],
              "size": [
                2,
                1,
                2
              ],
              "uv": [
                47,
                36
              ]
            },
            {
              "origin": [
                -3,
                12,
                -1
              ],
              "size": [
                2,
                5,
                2
              ],
              "pivot": [
                -2,
                14.5,
                0
              ],
              "rotation": [
                0,
                0,
                -45
              ],
              "uv": [
                65,
                41
              ]
            },
            {
              "origin": [
                -3,
                12,
                -1
              ],
              "size": [
                2,
                5,
                2
              ],
              "pivot": [
                -2,
                14.5,
                0
              ],
              "rotation": [
                0,
                0,
                -90
              ],
              "uv": [
                14,
                65
              ]
            },
            {
              "origin": [
                -8.5,
                14,
                -0.5
              ],
              "size": [
                4,
                1,
                1
              ],
              "pivot": [
                -2,
                14.5,
                0
              ],
              "rotation": [
                0,
                0,
                -90
              ],
              "uv": [
                13,
                40
              ]
            },
            {
              "origin": [
                -3,
                12,
                -1
              ],
              "size": [
                2,
                5,
                2
              ],
              "pivot": [
                -2,
                14.5,
                0
              ],
              "rotation": [
                0,
                0,
                -135
              ],
              "uv": [
                6,
                65
              ]
            },
            {
              "origin": [
                -3,
                12,
                -1
              ],
              "size": [
                2,
                5,
                2
              ],
              "pivot": [
                -2,
                14.5,
                0
              ],
              "rotation": [
                -32.941,
                28.5362,
                -143.5995
              ],
              "uv": [
                64,
                60
              ]
            },
            {
              "origin": [
                -3,
                12,
                -1
              ],
              "size": [
                2,
                5,
                2
              ],
              "pivot": [
                -2,
                14.5,
                0
              ],
              "rotation": [
                32.941,
                28.5362,
                -36.4005
              ],
              "uv": [
                56,
                62
              ]
            },
            {
              "origin": [
                -3,
                12,
                -1
              ],
              "size": [
                2,
                5,
                2
              ],
              "pivot": [
                -2,
                14.5,
                0
              ],
              "rotation": [
                42.5,
                0,
                0
              ],
              "uv": [
                48,
                62
              ]
            },
            {
              "origin": [
                -3,
                12,
                -1
              ],
              "size": [
                2,
                5,
                2
              ],
              "pivot": [
                -2,
                14.5,
                0
              ],
              "rotation": [
                -86.4667,
                44.9455,
                -177.5024
              ],
              "uv": [
                40,
                62
              ]
            },
            {
              "origin": [
                -3,
                12,
                -1
              ],
              "size": [
                2,
                5,
                2
              ],
              "pivot": [
                -2,
                14.5,
                0
              ],
              "rotation": [
                0,
                87.5,
                -90
              ],
              "uv": [
                62,
                0
              ]
            },
            {
              "origin": [
                -3,
                12,
                -1
              ],
              "size": [
                2,
                5,
                2
              ],
              "pivot": [
                -2,
                14.5,
                0
              ],
              "rotation": [
                86.4667,
                44.9455,
                -2.4976
              ],
              "uv": [
                32,
                60
              ]
            },
            {
              "origin": [
                -3,
                12,
                -1
              ],
              "size": [
                2,
                5,
                2
              ],
              "pivot": [
                -2,
                14.5,
                0
              ],
              "rotation": [
                87.5,
                0,
                0
              ],
              "uv": [
                24,
                60
              ]
            },
            {
              "origin": [
                -3,
                12,
                -1
              ],
              "size": [
                2,
                5,
                2
              ],
              "pivot": [
                -2,
                14.5,
                0
              ],
              "rotation": [
                -144.7356,
                30,
                144.7356
              ],
              "uv": [
                0,
                60
              ]
            },
            {
              "origin": [
                -3,
                12,
                -1
              ],
              "size": [
                2,
                5,
                2
              ],
              "pivot": [
                -2,
                14.5,
                0
              ],
              "rotation": [
                180,
                45,
                90
              ],
              "uv": [
                0,
                28
              ]
            },
            {
              "origin": [
                -3,
                12,
                -1
              ],
              "size": [
                2,
                5,
                2
              ],
              "pivot": [
                -2,
                14.5,
                0
              ],
              "rotation": [
                144.7356,
                30,
                35.2644
              ],
              "uv": [
                0,
                14
              ]
            },
            {
              "origin": [
                -3,
                12,
                -1
              ],
              "size": [
                2,
                5,
                2
              ],
              "pivot": [
                -2,
                14.5,
                0
              ],
              "rotation": [
                135,
                0,
                0
              ],
              "uv": [
                0,
                0
              ]
            }
          ]
        },
        {
          "name": "Kering2",
          "parent": "Legkiri",
          "pivot": [
            -2,
            8,
            -0.5
          ],
          "rotation": [
            19.9299,
            -1.70818,
            4.69986
          ],
          "cubes": [
            {
              "origin": [
                -7,
                8.5,
                -0.5
              ],
              "size": [
                4,
                1,
                1
              ],
              "pivot": [
                -2,
                9,
                -0.5
              ],
              "rotation": [
                0,
                0,
                -90
              ],
              "uv": [
                28,
                7
              ]
            }
          ]
        },
        {
          "name": "Kaki2",
          "parent": "Kering2",
          "pivot": [
            -2,
            4,
            0
          ],
          "rotation": [
            -12.5,
            0,
            -7.5
          ],
          "cubes": [
            {
              "origin": [
                -4,
                3,
                -1
              ],
              "size": [
                2,
                2,
                2
              ],
              "pivot": [
                -2,
                4,
                0
              ],
              "rotation": [
                0,
                0,
                -90
              ],
              "uv": [
                46,
                9
              ]
            },
            {
              "origin": [
                -4,
                1,
                -2
              ],
              "size": [
                2,
                2,
                3
              ],
              "pivot": [
                -2,
                2,
                0
              ],
              "rotation": [
                0,
                0,
                -90
              ],
              "uv": [
                57,
                22
              ]
            }
          ]
        }
      ]
    }
  ]
}