{
  "format_version": "1.12.0",
  "minecraft:geometry": [
    {
      "description": {
        "identifier": "geometry.telur_kaufmo",
        "texture_width": 512,
        "texture_height": 512,
        "visible_bounds_width": 15,
        "visible_bounds_height": 14,
        "visible_bounds_offset": [
          0,
          1,
          0
        ]
      },
      "bones": [
        {
          "name": "All",
          "pivot": [
            0,
            39,
            0
          ]
        },
        {
          "name": "Body",
          "parent": "All",
          "pivot": [
            0,
            57,
            57
          ],
          "rotation": [
            0,
            -90,
            0
          ],
          "cubes": [
            {
              "origin": [
                -40,
                46,
                44
              ],
              "size": [
                41,
                25,
                25
              ],
              "uv": [
                151,
                109
              ]
            },
            {
              "origin": [
                -35,
                46,
                44
              ],
              "size": [
                36,
                25,
                9
              ],
              "pivot": [
                1,
                57,
                44
              ],
              "rotation": [
                0,
                -15,
                0
              ],
              "uv": [
                92,
                204
              ]
            },
            {
              "origin": [
                -35,
                46,
                61
              ],
              "size": [
                36,
                25,
                8
              ],
              "pivot": [
                1,
                57,
                69
              ],
              "rotation": [
                0,
                12.5,
                0
              ],
              "uv": [
                182,
                204
              ]
            }
          ]
        },
        {
          "name": "Mata",
          "parent": "Body",
          "pivot": [
            -23,
            57,
            78
          ]
        },
        {
          "name": "Mata2",
          "parent": "Body",
          "pivot": [
            -23,
            57,
            83
          ]
        },
        {
          "name": "Mata3",
          "parent": "Body",
          "pivot": [
            -23,
            57,
            34
          ]
        },
        {
          "name": "Mata4",
          "parent": "Body",
          "pivot": [
            -23,
            57,
            25
          ]
        },
        {
          "name": "Glicht2",
          "parent": "Body",
          "pivot": [
            -13,
            61,
            67
          ],
          "cubes": [
            {
              "origin": [
                -19,
                55,
                61
              ],
              "size": [
                12,
                12,
                12
              ],
              "pivot": [
                -13,
                61,
                67
              ],
              "rotation": [
                45,
                -45,
                0
              ],
              "uv": [
                363,
                62
              ]
            }
          ]
        },
        {
          "name": "Glicht3",
          "parent": "Body",
          "pivot": [
            -29,
            61,
            46
          ],
          "cubes": [
            {
              "origin": [
                -35,
                55,
                40
              ],
              "size": [
                12,
                12,
                12
              ],
              "pivot": [
                -29,
                61,
                46
              ],
              "rotation": [
                45,
                -82.5,
                2.5
              ],
              "uv": [
                86,
                362
              ]
            }
          ]
        },
        {
          "name": "Body3",
          "parent": "Body",
          "pivot": [
            -37,
            57,
            55
          ],
          "cubes": [
            {
              "origin": [
                -79,
                46,
                34
              ],
              "size": [
                45,
                25,
                43
              ],
              "uv": [
                0,
                66
              ]
            },
            {
              "origin": [
                -95,
                46,
                35
              ],
              "size": [
                61,
                25,
                41
              ],
              "pivot": [
                -34,
                46,
                60
              ],
              "rotation": [
                0,
                0,
                -12.5
              ],
              "uv": [
                0,
                0
              ]
            }
          ]
        },
        {
          "name": "Mata5",
          "parent": "Body3",
          "pivot": [
            -56,
            58,
            24
          ],
          "cubes": [
            {
              "origin": [
                -79,
                46,
                24.8
              ],
              "size": [
                45,
                25,
                0
              ],
              "uv": [
                215,
                77
              ]
            }
          ]
        },
        {
          "name": "Mata6",
          "parent": "Body3",
          "pivot": [
            -56,
            58,
            33
          ],
          "cubes": [
            {
              "origin": [
                -79,
                46,
                33.9
              ],
              "size": [
                45,
                25,
                0
              ],
              "uv": [
                245,
                0
              ]
            }
          ]
        },
        {
          "name": "Mata7",
          "parent": "Body3",
          "pivot": [
            -56,
            58,
            77
          ],
          "cubes": [
            {
              "origin": [
                -79,
                46,
                77.1
              ],
              "size": [
                45,
                25,
                0
              ],
              "uv": [
                258,
                159
              ]
            }
          ]
        },
        {
          "name": "Mata8",
          "parent": "Body3",
          "pivot": [
            -56,
            58,
            82
          ],
          "cubes": [
            {
              "origin": [
                -79,
                46,
                77.2
              ],
              "size": [
                45,
                25,
                0
              ],
              "uv": [
                258,
                102
              ]
            }
          ]
        },
        {
          "name": "Glicht5",
          "parent": "Body3",
          "pivot": [
            -67,
            57,
            65
          ],
          "cubes": [
            {
              "origin": [
                -73,
                51,
                58
              ],
              "size": [
                12,
                12,
                12
              ],
              "pivot": [
                -67,
                57,
                65
              ],
              "rotation": [
                11.65642,
                -45.57288,
                -62.19683
              ],
              "uv": [
                198,
                360
              ]
            }
          ]
        },
        {
          "name": "Glicht6",
          "parent": "Body3",
          "pivot": [
            -55,
            57,
            45
          ],
          "cubes": [
            {
              "origin": [
                -61,
                51,
                38
              ],
              "size": [
                12,
                12,
                12
              ],
              "pivot": [
                -55,
                57,
                45
              ],
              "rotation": [
                11.65642,
                -45.57288,
                -62.19683
              ],
              "uv": [
                359,
                0
              ]
            }
          ]
        },
        {
          "name": "Glicht7",
          "parent": "Body3",
          "pivot": [
            -41,
            57,
            67
          ],
          "cubes": [
            {
              "origin": [
                -47,
                51,
                60
              ],
              "size": [
                12,
                12,
                12
              ],
              "pivot": [
                -41,
                57,
                67
              ],
              "rotation": [
                11.65642,
                -45.57288,
                -62.19683
              ],
              "uv": [
                317,
                358
              ]
            }
          ]
        },
        {
          "name": "Body2",
          "parent": "Body3",
          "pivot": [
            -70,
            57,
            57
          ],
          "cubes": [
            {
              "origin": [
                -110,
                46,
                37
              ],
              "size": [
                41,
                25,
                37
              ],
              "uv": [
                0,
                134
              ]
            },
            {
              "origin": [
                -49,
                71.15,
                37
              ],
              "size": [
                41,
                0,
                37
              ],
              "uv": [
                126,
                0
              ]
            }
          ]
        },
        {
          "name": "Mata10",
          "parent": "Body2",
          "pivot": [
            -28,
            71,
            56
          ],
          "cubes": [
            {
              "origin": [
                -49,
                71.3,
                37
              ],
              "size": [
                41,
                0,
                37
              ],
              "uv": [
                96,
                66
              ]
            }
          ]
        },
        {
          "name": "Leg5",
          "parent": "Body2",
          "pivot": [
            -98,
            46,
            46
          ],
          "cubes": [
            {
              "origin": [
                -105,
                15,
                36
              ],
              "size": [
                13,
                37,
                19
              ],
              "uv": [
                64,
                238
              ]
            },
            {
              "origin": [
                -105,
                15,
                36
              ],
              "size": [
                13,
                37,
                19
              ],
              "pivot": [
                -105,
                15,
                37
              ],
              "rotation": [
                0,
                0,
                -17.5
              ],
              "uv": [
                227,
                237
              ]
            },
            {
              "origin": [
                -105,
                25,
                36
              ],
              "size": [
                13,
                26,
                19
              ],
              "pivot": [
                -93,
                26,
                44
              ],
              "rotation": [
                0,
                0,
                17.5
              ],
              "uv": [
                277,
                25
              ]
            }
          ]
        },
        {
          "name": "Leg6",
          "parent": "Leg5",
          "pivot": [
            -105,
            15,
            37
          ],
          "cubes": [
            {
              "origin": [
                -104,
                -16,
                37
              ],
              "size": [
                12,
                35,
                17
              ],
              "uv": [
                274,
                276
              ]
            }
          ]
        },
        {
          "name": "Glicht17",
          "parent": "Leg6",
          "pivot": [
            -98,
            1,
            46
          ],
          "rotation": [
            0,
            0,
            -65
          ],
          "cubes": [
            {
              "origin": [
                -94.59078,
                -17.31734,
                37.8682
              ],
              "size": [
                12,
                12,
                13
              ],
              "pivot": [
                -67.18554,
                14.36902,
                46
              ],
              "rotation": [
                -39.15678,
                38.5887,
                11.36799
              ],
              "uv": [
                332,
                288
              ]
            }
          ]
        },
        {
          "name": "Glicht14",
          "parent": "Leg5",
          "pivot": [
            -98,
            35,
            46
          ],
          "rotation": [
            0,
            0,
            -65
          ],
          "cubes": [
            {
              "origin": [
                -104,
                30,
                39
              ],
              "size": [
                12,
                12,
                13
              ],
              "pivot": [
                -98,
                34,
                46
              ],
              "rotation": [
                -39.15678,
                38.5887,
                11.36799
              ],
              "uv": [
                343,
                114
              ]
            }
          ]
        },
        {
          "name": "Leg7",
          "parent": "Body2",
          "pivot": [
            -98,
            46,
            64
          ],
          "cubes": [
            {
              "origin": [
                -105,
                15,
                54
              ],
              "size": [
                13,
                37,
                19
              ],
              "uv": [
                0,
                238
              ]
            },
            {
              "origin": [
                -105,
                15,
                54
              ],
              "size": [
                13,
                37,
                19
              ],
              "pivot": [
                -105,
                15,
                55
              ],
              "rotation": [
                0,
                0,
                -17.5
              ],
              "uv": [
                163,
                237
              ]
            },
            {
              "origin": [
                -105,
                24,
                54
              ],
              "size": [
                13,
                26,
                19
              ],
              "pivot": [
                -93,
                26,
                62
              ],
              "rotation": [
                0,
                0,
                17.5
              ],
              "uv": [
                109,
                275
              ]
            }
          ]
        },
        {
          "name": "Leg8",
          "parent": "Leg7",
          "pivot": [
            -105,
            15,
            72
          ],
          "cubes": [
            {
              "origin": [
                -104,
                -16,
                55
              ],
              "size": [
                12,
                35,
                17
              ],
              "uv": [
                272,
                204
              ]
            }
          ]
        },
        {
          "name": "Glicht16",
          "parent": "Leg8",
          "pivot": [
            -98,
            0,
            64
          ],
          "rotation": [
            0,
            0,
            -65
          ],
          "cubes": [
            {
              "origin": [
                -105.24837,
                -11.14581,
                48.04476
              ],
              "size": [
                12,
                12,
                13
              ],
              "pivot": [
                -66.27923,
                13.79164,
                46
              ],
              "rotation": [
                -39.15678,
                38.5887,
                11.36799
              ],
              "uv": [
                0,
                334
              ]
            }
          ]
        },
        {
          "name": "Glicht15",
          "parent": "Leg7",
          "pivot": [
            -98,
            35,
            64
          ],
          "rotation": [
            0,
            0,
            -65
          ],
          "cubes": [
            {
              "origin": [
                -104,
                30,
                57
              ],
              "size": [
                12,
                12,
                13
              ],
              "pivot": [
                -98,
                34,
                64
              ],
              "rotation": [
                -39.15678,
                38.5887,
                11.36799
              ],
              "uv": [
                341,
                37
              ]
            }
          ]
        },
        {
          "name": "Head",
          "parent": "Body2",
          "pivot": [
            -102,
            57,
            57
          ],
          "cubes": [
            {
              "origin": [
                -133,
                46,
                57
              ],
              "size": [
                23,
                25,
                7
              ],
              "pivot": [
                -153,
                57,
                65
              ],
              "rotation": [
                0,
                -5,
                0
              ],
              "uv": [
                283,
                127
              ]
            },
            {
              "origin": [
                -133,
                46,
                45
              ],
              "size": [
                23,
                25,
                6
              ],
              "pivot": [
                -153,
                57,
                45
              ],
              "rotation": [
                0,
                2.5,
                0
              ],
              "uv": [
                305,
                70
              ]
            },
            {
              "origin": [
                -136,
                46,
                45
              ],
              "size": [
                31,
                25,
                20
              ],
              "uv": [
                156,
                159
              ]
            },
            {
              "origin": [
                -136,
                45.9,
                45
              ],
              "size": [
                31,
                0,
                20
              ],
              "uv": [
                195,
                57
              ]
            }
          ]
        },
        {
          "name": "Head2",
          "parent": "Head",
          "pivot": [
            -137,
            57,
            57
          ],
          "cubes": [
            {
              "origin": [
                -167,
                49,
                45
              ],
              "size": [
                11,
                20,
                20
              ],
              "uv": [
                0,
                294
              ]
            },
            {
              "origin": [
                -156,
                48,
                45
              ],
              "size": [
                26,
                22,
                20
              ],
              "pivot": [
                -156,
                69,
                65
              ],
              "rotation": [
                0,
                -2.5,
                0
              ],
              "uv": [
                0,
                196
              ]
            },
            {
              "origin": [
                -155.55238,
                47.9,
                45.51391
              ],
              "size": [
                26,
                0,
                20
              ],
              "pivot": [
                -144,
                48,
                55
              ],
              "rotation": [
                0,
                -2.5,
                0
              ],
              "uv": [
                238,
                184
              ]
            },
            {
              "origin": [
                -156,
                48,
                45
              ],
              "size": [
                26,
                22,
                2
              ],
              "pivot": [
                -156,
                69,
                45
              ],
              "rotation": [
                0,
                2.5,
                0
              ],
              "uv": [
                313,
                184
              ]
            }
          ]
        },
        {
          "name": "Glicht13",
          "parent": "Head2",
          "pivot": [
            -104,
            57,
            65
          ],
          "cubes": [
            {
              "origin": [
                -136,
                96,
                76
              ],
              "size": [
                12,
                12,
                12
              ],
              "pivot": [
                -104,
                57,
                65
              ],
              "rotation": [
                11.65642,
                -45.57288,
                -62.19683
              ],
              "uv": [
                162,
                344
              ]
            }
          ]
        },
        {
          "name": "Glicht12",
          "parent": "Head2",
          "pivot": [
            -148,
            57,
            65
          ],
          "cubes": [
            {
              "origin": [
                -154,
                51,
                58
              ],
              "size": [
                12,
                12,
                12
              ],
              "pivot": [
                -148,
                57,
                65
              ],
              "rotation": [
                63.18913,
                -57.21863,
                -105.91617
              ],
              "uv": [
                281,
                346
              ]
            }
          ]
        },
        {
          "name": "Mata11",
          "parent": "Head2",
          "pivot": [
            -143,
            47,
            55
          ],
          "cubes": [
            {
              "origin": [
                -155.55143,
                47.5,
                45.55753
              ],
              "size": [
                26,
                0,
                20
              ],
              "pivot": [
                -143,
                47,
                33
              ],
              "rotation": [
                0,
                -2.5,
                0
              ],
              "uv": [
                328,
                164
              ]
            }
          ]
        },
        {
          "name": "Mata9",
          "parent": "Head",
          "pivot": [
            -125,
            46,
            55
          ],
          "cubes": [
            {
              "origin": [
                -136,
                45.7,
                45
              ],
              "size": [
                31,
                0,
                20
              ],
              "uv": [
                184,
                37
              ]
            }
          ]
        },
        {
          "name": "Glicht11",
          "parent": "Head",
          "pivot": [
            -104,
            57,
            65
          ],
          "cubes": [
            {
              "origin": [
                -129,
                82,
                61
              ],
              "size": [
                12,
                12,
                12
              ],
              "pivot": [
                -104,
                57,
                65
              ],
              "rotation": [
                11.65642,
                -45.57288,
                -62.19683
              ],
              "uv": [
                348,
                139
              ]
            }
          ]
        },
        {
          "name": "Glicht10",
          "parent": "Head",
          "pivot": [
            -128,
            57,
            65
          ],
          "cubes": [
            {
              "origin": [
                -134,
                51,
                58
              ],
              "size": [
                12,
                12,
                12
              ],
              "pivot": [
                -128,
                57,
                65
              ],
              "rotation": [
                11.65642,
                -45.57288,
                -29.69683
              ],
              "uv": [
                351,
                89
              ]
            }
          ]
        },
        {
          "name": "Glicht8",
          "parent": "Body2",
          "pivot": [
            -88,
            64,
            47
          ],
          "cubes": [
            {
              "origin": [
                -94,
                58,
                40
              ],
              "size": [
                12,
                12,
                12
              ],
              "pivot": [
                -88,
                64,
                47
              ],
              "rotation": [
                11.65642,
                -45.57288,
                -62.19683
              ],
              "uv": [
                38,
                357
              ]
            }
          ]
        },
        {
          "name": "Glicht9",
          "parent": "Body2",
          "pivot": [
            -104,
            57,
            65
          ],
          "cubes": [
            {
              "origin": [
                -110,
                51,
                58
              ],
              "size": [
                12,
                12,
                12
              ],
              "pivot": [
                -104,
                57,
                65
              ],
              "rotation": [
                11.65642,
                -45.57288,
                -62.19683
              ],
              "uv": [
                355,
                346
              ]
            }
          ]
        },
        {
          "name": "Leg",
          "parent": "Body",
          "pivot": [
            -11,
            46,
            66
          ],
          "cubes": [
            {
              "origin": [
                -18,
                15,
                56
              ],
              "size": [
                13,
                37,
                14
              ],
              "uv": [
                173,
                293
              ]
            },
            {
              "origin": [
                -18,
                15,
                56
              ],
              "size": [
                13,
                32,
                14
              ],
              "pivot": [
                -6,
                26,
                64
              ],
              "rotation": [
                0,
                0,
                17.5
              ],
              "uv": [
                227,
                314
              ]
            }
          ]
        },
        {
          "name": "Leg2",
          "parent": "Leg",
          "pivot": [
            -18,
            26,
            66
          ],
          "cubes": [
            {
              "origin": [
                -17,
                -4,
                57
              ],
              "size": [
                12,
                30,
                12
              ],
              "uv": [
                114,
                320
              ]
            }
          ]
        },
        {
          "name": "Glicht18",
          "parent": "Leg2",
          "pivot": [
            -11,
            4,
            62
          ],
          "rotation": [
            0,
            0,
            -65
          ],
          "cubes": [
            {
              "origin": [
                -17,
                -1,
                55
              ],
              "size": [
                12,
                12,
                13
              ],
              "pivot": [
                -11,
                3,
                62
              ],
              "rotation": [
                -39.15678,
                38.5887,
                11.36799
              ],
              "uv": [
                330,
                208
              ]
            }
          ]
        },
        {
          "name": "Glicht",
          "parent": "Leg",
          "pivot": [
            -11,
            35,
            66
          ],
          "rotation": [
            0,
            0,
            -65
          ],
          "cubes": [
            {
              "origin": [
                -17,
                31,
                59
              ],
              "size": [
                12,
                11,
                8
              ],
              "pivot": [
                -11,
                34,
                66
              ],
              "rotation": [
                -39.15678,
                38.5887,
                -21.13201
              ],
              "uv": [
                0,
                0
              ]
            }
          ]
        },
        {
          "name": "Leg3",
          "parent": "Body",
          "pivot": [
            -11,
            46,
            46
          ],
          "cubes": [
            {
              "origin": [
                -18,
                15,
                42
              ],
              "size": [
                13,
                37,
                13
              ],
              "uv": [
                62,
                307
              ]
            },
            {
              "origin": [
                -18,
                15,
                42
              ],
              "size": [
                13,
                32,
                13
              ],
              "pivot": [
                -6,
                26,
                44
              ],
              "rotation": [
                0,
                0,
                17.5
              ],
              "uv": [
                317,
                243
              ]
            }
          ]
        },
        {
          "name": "Leg4",
          "parent": "Leg3",
          "pivot": [
            -18,
            26,
            46
          ],
          "cubes": [
            {
              "origin": [
                -17,
                -4,
                43
              ],
              "size": [
                12,
                30,
                11
              ],
              "uv": [
                321,
                317
              ]
            }
          ]
        },
        {
          "name": "Glicht19",
          "parent": "Leg4",
          "pivot": [
            -10,
            5,
            48
          ],
          "rotation": [
            0,
            0,
            -65
          ],
          "cubes": [
            {
              "origin": [
                -16.00567,
                -1.2705,
                40.37888
              ],
              "size": [
                12,
                12,
                13
              ],
              "pivot": [
                -10,
                4,
                48
              ],
              "rotation": [
                -39.15678,
                38.5887,
                11.36799
              ],
              "uv": [
                322,
                12
              ]
            }
          ]
        },
        {
          "name": "Glicht4",
          "parent": "Leg3",
          "pivot": [
            -11,
            35,
            46
          ],
          "rotation": [
            0,
            0,
            -65
          ],
          "cubes": [
            {
              "origin": [
                -17,
                30,
                45
              ],
              "size": [
                12,
                12,
                7
              ],
              "pivot": [
                -11,
                34,
                46
              ],
              "rotation": [
                -39.15678,
                38.5887,
                11.36799
              ],
              "uv": [
                0,
                19
              ]
            }
          ]
        },
        {
          "name": "Hole",
          "pivot": [
            0,
            0,
            0
          ],
          "cubes": [
            {
              "origin": [
                -24,
                0,
                -24
              ],
              "size": [
                48,
                0,
                48
              ],
              "uv": [
                -48,
                386
              ]
            }
          ]
        }
      ]
    }
  ]
}