{
	"format_version": "1.12.0",
	"minecraft:geometry": [
		{
			"description": {
				"identifier": "geometry.caine",
				"texture_width": 128,
				"texture_height": 128,
				"visible_bounds_width": 6,
				"visible_bounds_height": 5,
				"visible_bounds_offset": [0, 1.5, 0]
			},
			"bones": [
				{
					"name": "All",
					"pivot": [0, 17, 0]
				},
				{
					"name": "Body",
					"parent": "All",
					"pivot": [0, 11.88438, -0.23606],
					"cubes": [
						{"origin": [-2.5, 15.88438, -2.23606], "size": [5, 2, 1], "pivot": [0, 17.88438, -2.23606], "rotation": [32.5, 0, 0], "uv": [16, 45]},
						{"origin": [-2.5, 8.88438, -1.23606], "size": [5, 9, 3], "uv": [0, 0]}
					]
				},
				{
					"name": "Shoulder",
					"parent": "Body",
					"pivot": [0, 17.88438, -0.23606],
					"cubes": [
						{"origin": [3, 20.88438, -2.33606], "size": [3, 4, 0], "pivot": [4.5, 22.88438, -2.33606], "rotation": [0, 180, 0], "uv": [16, 27]},
						{"origin": [-6, 20.88438, -2.33606], "size": [3, 4, 0], "uv": [16, 27]},
						{"origin": [-6, 20.88438, 1.86394], "size": [3, 4, 0], "uv": [0, 20]},
						{"origin": [3, 20.88438, 1.86394], "size": [3, 4, 0], "uv": [22, 20]},
						{"origin": [-3, 17.88438, -2.33606], "size": [6, 7, 0], "uv": [0, 55]},
						{"origin": [-3, 17.88438, -2.23606], "size": [6, 3, 4], "uv": [0, 27]},
						{"origin": [-6, 20.88438, -2.23606], "size": [5, 4, 4], "uv": [34, 33]},
						{"origin": [-6, 20.88438, -2.23606], "size": [5, 4, 4], "pivot": [-6, 20.88438, -0.23606], "rotation": [0, 0, 37.5], "uv": [20, 29]},
						{"origin": [1, 20.88438, -2.23606], "size": [5, 4, 4], "uv": [18, 37]},
						{"origin": [1, 20.88438, -2.23606], "size": [5, 4, 4], "pivot": [6, 20.88438, -0.23606], "rotation": [0, 0, -35], "uv": [0, 34]},
						{"origin": [-3, 17.88438, 1.86394], "size": [6, 7, 0], "uv": [36, 54]},
						{"origin": [-1, 20.88438, -2.23606], "size": [2, 3, 4], "uv": [48, 56]}
					]
				},
				{
					"name": "Armkiri",
					"parent": "Shoulder",
					"pivot": [-6, 24.88438, -0.23606],
					"cubes": [
						{"origin": [-13, 22.88438, -1.23606], "size": [7, 2, 2], "uv": [50, 52]},
						{"origin": [-13, 22.88438, -1.23606], "size": [8, 2, 2], "pivot": [-13, 22.88438, -0.23606], "rotation": [0, 0, 10], "uv": [14, 48]}
					]
				},
				{
					"name": "Arm",
					"parent": "Armkiri",
					"pivot": [-13, 24.88438, 0.76394],
					"cubes": [
						{"origin": [-20, 22.88438, -1.23606], "size": [7, 2, 2], "uv": [52, 35]}
					]
				},
				{
					"name": "Pergelangan",
					"parent": "Arm",
					"pivot": [-20, 23.88438, 0.76394],
					"cubes": [
						{"origin": [-21, 22.8, -1.73606], "size": [1, 2, 3], "uv": [60, 26]}
					]
				},
				{
					"name": "Jari2",
					"parent": "Pergelangan",
					"pivot": [-21, 25.38438, -0.23606],
					"cubes": [
						{"origin": [-23, 24.38438, -0.73606], "size": [2, 1, 1], "uv": [69, 0]}
					]
				},
				{
					"name": "Jari14",
					"parent": "Jari2",
					"pivot": [-23, 25.38438, -0.23606],
					"cubes": [
						{"origin": [-25, 24.38438, -0.73606], "size": [2, 1, 1], "uv": [69, 0]}
					]
				},
				{
					"name": "Jari",
					"parent": "Pergelangan",
					"pivot": [-21, 25.38438, 0.76394],
					"cubes": [
						{"origin": [-23, 24.38438, 0.26394], "size": [2, 1, 1], "uv": [69, 55]}
					]
				},
				{
					"name": "Jari13",
					"parent": "Jari",
					"pivot": [-23, 25.38438, 0.76394],
					"cubes": [
						{"origin": [-25, 24.38438, 0.26394], "size": [2, 1, 1], "uv": [69, 55]}
					]
				},
				{
					"name": "Jari4",
					"parent": "Pergelangan",
					"pivot": [-21, 23.88438, -1.73606],
					"cubes": [
						{"origin": [-23, 23.38438, -1.73606], "size": [2, 1, 1], "uv": [54, 45]}
					]
				},
				{
					"name": "Jari16",
					"parent": "Jari4",
					"pivot": [-23, 23.88438, -1.73606],
					"cubes": [
						{"origin": [-24, 23.38438, -1.73606], "size": [1, 1, 1], "uv": [54, 45]}
					]
				},
				{
					"name": "Jari3",
					"parent": "Pergelangan",
					"pivot": [-21, 25.38438, -1.23606],
					"cubes": [
						{"origin": [-23, 24.38438, -1.73606], "size": [2, 1, 1], "uv": [56, 20]}
					]
				},
				{
					"name": "Jari15",
					"parent": "Jari3",
					"pivot": [-23, 25.38438, -1.23606],
					"cubes": [
						{"origin": [-25, 24.38438, -1.73606], "size": [2, 1, 1], "uv": [56, 20]}
					]
				},
				{
					"name": "bone",
					"parent": "Pergelangan",
					"pivot": [-21.5, 23.38438, 4.76394],
					"cubes": [
						{"origin": [-22, 22.88438, -5.23606], "size": [1, 1, 19], "uv": [0, 0]},
						{"origin": [-22.5, 22.38438, -7.23606], "size": [2, 2, 2], "uv": [11, 12]}
					]
				},
				{
					"name": "Armkanan",
					"parent": "Shoulder",
					"pivot": [6, 24.88438, -0.23606],
					"cubes": [
						{"origin": [6, 22.88438, -1.23606], "size": [7, 2, 2], "uv": [18, 54]},
						{"origin": [5, 22.88438, -1.23606], "size": [8, 2, 2], "pivot": [13, 22.88438, -0.23606], "rotation": [0, 0, -10], "uv": [46, 47]}
					]
				},
				{
					"name": "Arm2",
					"parent": "Armkanan",
					"pivot": [13, 24.88438, -0.23606],
					"cubes": [
						{"origin": [13, 22.88438, -1.23606], "size": [7, 2, 2], "uv": [52, 12]}
					]
				},
				{
					"name": "Pergelangan2",
					"parent": "Arm2",
					"pivot": [20, 23.88438, 0.76394],
					"cubes": [
						{"origin": [20, 23, -1.73606], "size": [1, 2, 3], "uv": [60, 20]},
						{"origin": [21, 22.38438, -1.73606], "size": [1, 3, 3], "uv": [60, 20]}
					]
				},
				{
					"name": "Jari6",
					"parent": "Pergelangan2",
					"pivot": [22, 25.38438, -1.23606],
					"cubes": [
						{"origin": [22, 24.38438, -1.73606], "size": [2, 1, 1], "uv": [52, 26]}
					]
				},
				{
					"name": "Jari12",
					"parent": "Jari6",
					"pivot": [24, 25.38438, -1.23606],
					"cubes": [
						{"origin": [24, 24.38438, -1.73606], "size": [2, 1, 1], "uv": [52, 26]}
					]
				},
				{
					"name": "Jari9",
					"parent": "Pergelangan2",
					"pivot": [22, 23.88438, -1.73606],
					"cubes": [
						{"origin": [22, 23.38438, -1.73606], "size": [2, 1, 1], "uv": [52, 16]}
					]
				},
				{
					"name": "Jari11",
					"parent": "Jari9",
					"pivot": [24, 23.88438, -1.73606],
					"cubes": [
						{"origin": [24, 23.38438, -1.73606], "size": [1, 1, 1], "uv": [52, 16]}
					]
				},
				{
					"name": "Jari7",
					"parent": "Pergelangan2",
					"pivot": [22, 25.38438, -0.23606],
					"cubes": [
						{"origin": [22, 24.38438, -0.73606], "size": [2, 1, 1], "uv": [24, 52]}
					]
				},
				{
					"name": "Jari10",
					"parent": "Jari7",
					"pivot": [24, 25.38438, -0.23606],
					"cubes": [
						{"origin": [24, 24.38438, -0.73606], "size": [2, 1, 1], "uv": [24, 52]}
					]
				},
				{
					"name": "Jari8",
					"parent": "Pergelangan2",
					"pivot": [22, 25.38438, 0.76394],
					"cubes": [
						{"origin": [22, 24.38438, 0.26394], "size": [2, 1, 1], "uv": [18, 52]}
					]
				},
				{
					"name": "Jari5",
					"parent": "Jari8",
					"pivot": [24, 25.38438, 0.76394],
					"cubes": [
						{"origin": [24, 24.38438, 0.26394], "size": [2, 1, 1], "uv": [18, 52]}
					]
				},
				{
					"name": "Head",
					"parent": "Shoulder",
					"pivot": [0, 27.88438, -0.23606]
				},
				{
					"name": "Gusi",
					"parent": "Head",
					"pivot": [0, 28.88438, 2.76394],
					"rotation": [7.5, 0, 0]
				},
				{
					"name": "Gigi6",
					"parent": "Gusi",
					"pivot": [-3.5, 26.90149, -6.49711],
					"cubes": [
						{"origin": [-5.66436, 26.90149, -6.51583], "size": [2, 2, 1], "pivot": [-3.5, 26.90149, -6.49711], "rotation": [0, 45, 0], "uv": [63, 44]},
						{"origin": [-5.66436, 28.90149, -6.51583], "size": [2, 1, 1], "pivot": [-3.5, 26.90149, -6.49711], "rotation": [0, 45, 0], "uv": [43, 12]}
					]
				},
				{
					"name": "Gigi8",
					"parent": "Gusi",
					"pivot": [5.5, 26.90149, -5.49711],
					"cubes": [
						{"origin": [5.54304, 26.90149, -4.80873], "size": [2, 2, 1], "pivot": [5.5, 26.90149, -5.49711], "rotation": [0, -65, 0], "uv": [63, 44]},
						{"origin": [5.54304, 26.90149, -3.80873], "size": [2, 0, 1], "pivot": [5.5, 26.90149, -5.49711], "rotation": [0, -65, 0], "uv": [14, 16]},
						{"origin": [5.54304, 28.90149, -4.80873], "size": [2, 1, 1], "pivot": [5.5, 26.90149, -5.49711], "rotation": [0, -65, 0], "uv": [22, 24]}
					]
				},
				{
					"name": "Gigi10",
					"parent": "Gusi",
					"pivot": [6.5, 26.90149, -3.49711],
					"rotation": [0, -22.5, 0],
					"cubes": [
						{"origin": [6.54304, 26.90149, -2.80873], "size": [8, 2, 2], "pivot": [6.5, 26.90149, -3.49711], "rotation": [0, -65, 0], "uv": [44, 41]},
						{"origin": [3.54304, 26.90149, -0.80873], "size": [11, 0, 5], "pivot": [6.5, 26.90149, -3.49711], "rotation": [0, -65, 0], "uv": [16, 0]},
						{"origin": [6.54304, 28.90149, -2.80873], "size": [8, 1, 2], "pivot": [6.5, 26.90149, -3.49711], "rotation": [0, -65, 0], "uv": [0, 52]}
					]
				},
				{
					"name": "Gigi9",
					"parent": "Gusi",
					"pivot": [-5.5, 26.90149, -5.49711],
					"cubes": [
						{"origin": [-7.54304, 28.90149, -4.80873], "size": [2, 1, 1], "pivot": [-5.5, 26.90149, -5.49711], "rotation": [0, 65, 0], "uv": [0, 24]},
						{"origin": [-7.54304, 26.90149, -4.80873], "size": [2, 2, 1], "pivot": [-5.5, 26.90149, -5.49711], "rotation": [0, 65, 0], "uv": [63, 44]},
						{"origin": [-7.54304, 26.90149, -3.80873], "size": [2, 0, 1], "pivot": [-5.5, 26.90149, -5.49711], "rotation": [0, 65, 0], "uv": [10, 16]}
					]
				},
				{
					"name": "Gigi11",
					"parent": "Gusi",
					"pivot": [-6.5, 26.90149, -3.49711],
					"rotation": [0, 22.5, 0],
					"cubes": [
						{"origin": [-14.54304, 28.90149, -2.80873], "size": [8, 1, 2], "pivot": [-6.5, 26.90149, -3.49711], "rotation": [0, 65, 0], "uv": [32, 51]},
						{"origin": [-14.54304, 26.90149, -2.80873], "size": [8, 2, 2], "pivot": [-6.5, 26.90149, -3.49711], "rotation": [0, 65, 0], "uv": [43, 8]},
						{"origin": [-14.54304, 26.90149, -0.80873], "size": [11, 0, 4], "pivot": [-6.5, 26.90149, -3.49711], "rotation": [0, 65, 0], "uv": [17, 10]}
					]
				},
				{
					"name": "Gigi7",
					"parent": "Gusi",
					"pivot": [3.5, 26.90149, -6.49711],
					"cubes": [
						{"origin": [3.66436, 26.90149, -6.51583], "size": [2, 2, 1], "pivot": [3.5, 26.90149, -6.49711], "rotation": [0, -45, 0], "uv": [63, 44]},
						{"origin": [3.66436, 28.90149, -6.51583], "size": [2, 1, 1], "pivot": [3.5, 26.90149, -6.49711], "rotation": [0, -45, 0], "uv": [48, 35]}
					]
				},
				{
					"name": "Gigi4",
					"parent": "Gusi",
					"pivot": [2, 26.90149, -7.49711],
					"cubes": [
						{"origin": [2.03038, 26.90149, -7.14981], "size": [2, 2, 1], "pivot": [2, 26.90149, -7.49711], "rotation": [0, -30, 0], "uv": [63, 44]},
						{"origin": [2.03038, 28.90149, -7.14981], "size": [2, 1, 1], "pivot": [2, 26.90149, -7.49711], "rotation": [0, -30, 0], "uv": [48, 45]}
					]
				},
				{
					"name": "Gigi2",
					"parent": "Gusi",
					"pivot": [0, 26.90149, -7.49711],
					"cubes": [
						{"origin": [0, 26.90149, -7.49711], "size": [2, 2, 1], "pivot": [0, 26.90149, -7.49711], "rotation": [0, -10, 0], "uv": [63, 44]},
						{"origin": [0, 28.90149, -7.49711], "size": [2, 1, 1], "pivot": [0, 28.90149, -7.49711], "rotation": [0, -10, 0], "uv": [0, 50]}
					]
				},
				{
					"name": "Gigi5",
					"parent": "Gusi",
					"pivot": [-2, 26.90149, -7.49711],
					"cubes": [
						{"origin": [-4.03038, 26.90149, -7.14981], "size": [2, 2, 1], "pivot": [-2, 26.90149, -7.49711], "rotation": [0, 30, 0], "uv": [63, 44]},
						{"origin": [-4.03038, 28.90149, -7.14981], "size": [2, 1, 1], "pivot": [-2, 26.90149, -7.49711], "rotation": [0, 30, 0], "uv": [34, 49]}
					]
				},
				{
					"name": "Gigi3",
					"parent": "Gusi",
					"pivot": [0, 26.90149, -7.49711],
					"cubes": [
						{"origin": [-2, 26.90149, -7.49711], "size": [2, 2, 1], "pivot": [0, 26.90149, -7.49711], "rotation": [0, 10, 0], "uv": [63, 44]},
						{"origin": [-2, 28.90149, -7.49711], "size": [2, 1, 1], "pivot": [0, 28.90149, -7.49711], "rotation": [0, 10, 0], "uv": [40, 49]}
					]
				},
				{
					"name": "Gusi2",
					"parent": "Head",
					"pivot": [0, 32.88438, 3.76394],
					"rotation": [-17.5, 0, 0]
				},
				{
					"name": "Gigi13",
					"parent": "Gusi2",
					"pivot": [-3.5, 31.1976, -6.23751],
					"cubes": [
						{"origin": [-5.66436, 30.1976, -6.25624], "size": [2, 2, 1], "pivot": [-3.5, 31.1976, -6.23751], "rotation": [0, 45, 0], "uv": [63, 0]},
						{"origin": [-5.66436, 32.1976, -6.25624], "size": [2, 2, 1], "pivot": [-3.5, 31.1976, -6.23751], "rotation": [0, 45, 0], "uv": [13, 0]}
					]
				},
				{
					"name": "Gigi14",
					"parent": "Gusi2",
					"pivot": [5.5, 31.1976, -5.23751],
					"cubes": [
						{"origin": [5.54304, 30.1976, -4.54913], "size": [2, 2, 1], "pivot": [5.5, 31.1976, -5.23751], "rotation": [0, -65, 0], "uv": [62, 39]},
						{"origin": [5.54304, 32.1976, -4.54913], "size": [2, 2, 1], "pivot": [5.5, 31.1976, -5.23751], "rotation": [0, -65, 0], "uv": [13, 0]},
						{"origin": [5.54304, 34.1976, -3.54913], "size": [2, 0, 1], "pivot": [5.5, 31.1976, -5.23751], "rotation": [0, -65, 0], "uv": [20, 18]}
					]
				},
				{
					"name": "Gigi15",
					"parent": "Gusi2",
					"pivot": [6.5, 31.1976, -3.23751],
					"rotation": [0, -22.5, 0],
					"cubes": [
						{"origin": [6.54304, 30.1976, -2.54913], "size": [8, 2, 2], "pivot": [6.5, 31.1976, -3.23751], "rotation": [0, -65, 0], "uv": [43, 4]},
						{"origin": [6.54304, 32.1976, -2.54913], "size": [8, 2, 2], "pivot": [6.5, 31.1976, -3.23751], "rotation": [0, -65, 0], "uv": [43, 0]},
						{"origin": [3.54304, 34.1976, -0.54913], "size": [11, 0, 4], "pivot": [6.5, 31.1976, -3.23751], "rotation": [0, -65, 0], "uv": [17, 14]}
					]
				},
				{
					"name": "Gigi16",
					"parent": "Gusi2",
					"pivot": [-5.5, 31.1976, -5.23751],
					"cubes": [
						{"origin": [-7.54304, 32.1976, -4.54913], "size": [2, 2, 1], "pivot": [-5.5, 31.1976, -5.23751], "rotation": [0, 65, 0], "uv": [13, 0]},
						{"origin": [-7.54304, 34.1976, -3.54913], "size": [2, 0, 1], "pivot": [-5.5, 31.1976, -5.23751], "rotation": [0, 65, 0], "uv": [24, 18]},
						{"origin": [-7.54304, 30.1976, -4.54913], "size": [2, 2, 1], "pivot": [-5.5, 31.1976, -5.23751], "rotation": [0, 65, 0], "uv": [62, 7]}
					]
				},
				{
					"name": "Gigi17",
					"parent": "Gusi2",
					"pivot": [-6.5, 31.1976, -3.23751],
					"rotation": [0, 22.5, 0],
					"cubes": [
						{"origin": [-14.54304, 32.1976, -2.54913], "size": [8, 2, 2], "pivot": [-6.5, 31.1976, -3.23751], "rotation": [0, 65, 0], "uv": [40, 22]},
						{"origin": [-14.54304, 34.1976, -0.54913], "size": [11, 0, 5], "pivot": [-6.5, 31.1976, -3.23751], "rotation": [0, 65, 0], "uv": [16, 5]},
						{"origin": [-14.54304, 30.1976, -2.54913], "size": [8, 2, 2], "pivot": [-6.5, 31.1976, -3.23751], "rotation": [0, 65, 0], "uv": [34, 29]}
					]
				},
				{
					"name": "Gigi18",
					"parent": "Gusi2",
					"pivot": [3.5, 31.1976, -6.23751],
					"cubes": [
						{"origin": [3.66436, 30.1976, -6.25624], "size": [2, 2, 1], "pivot": [3.5, 31.1976, -6.23751], "rotation": [0, -45, 0], "uv": [6, 62]},
						{"origin": [3.66436, 32.1976, -6.25624], "size": [2, 2, 1], "pivot": [3.5, 31.1976, -6.23751], "rotation": [0, -45, 0], "uv": [13, 0]}
					]
				},
				{
					"name": "Gigi19",
					"parent": "Gusi2",
					"pivot": [2, 31.1976, -7.23751],
					"cubes": [
						{"origin": [2.03038, 30.1976, -6.89022], "size": [2, 2, 1], "pivot": [2, 31.1976, -7.23751], "rotation": [0, -30, 0], "uv": [62, 3]},
						{"origin": [2.03038, 32.1976, -6.89022], "size": [2, 2, 1], "pivot": [2, 31.1976, -7.23751], "rotation": [0, -30, 0], "uv": [13, 0]}
					]
				},
				{
					"name": "Gigi20",
					"parent": "Gusi2",
					"pivot": [0, 31.1976, -7.23751],
					"cubes": [
						{"origin": [0, 30.1976, -7.23751], "size": [2, 2, 1], "pivot": [0, 31.1976, -7.23751], "rotation": [0, -10, 0], "uv": [0, 62]},
						{"origin": [0, 32.1976, -7.23751], "size": [2, 2, 1], "pivot": [0, 33.1976, -7.23751], "rotation": [0, -10, 0], "uv": [13, 0]}
					]
				},
				{
					"name": "Gigi21",
					"parent": "Gusi2",
					"pivot": [-2, 31.1976, -7.23751],
					"cubes": [
						{"origin": [-4.03038, 30.1976, -6.89022], "size": [2, 2, 1], "pivot": [-2, 31.1976, -7.23751], "rotation": [0, 30, 0], "uv": [46, 26]},
						{"origin": [-4.03038, 32.1976, -6.89022], "size": [2, 2, 1], "pivot": [-2, 31.1976, -7.23751], "rotation": [0, 30, 0], "uv": [13, 0]}
					]
				},
				{
					"name": "Gigi22",
					"parent": "Gusi2",
					"pivot": [0, 31.1976, -7.23751],
					"cubes": [
						{"origin": [-2, 30.1976, -7.23751], "size": [2, 2, 1], "pivot": [0, 31.1976, -7.23751], "rotation": [0, 10, 0], "uv": [12, 42]},
						{"origin": [-2, 32.1976, -7.23751], "size": [2, 2, 1], "pivot": [0, 33.1976, -7.23751], "rotation": [0, 10, 0], "uv": [13, 0]}
					]
				},
				{
					"name": "Topi",
					"parent": "Gusi2",
					"pivot": [1, 33.88438, 1.76394],
					"rotation": [-15, 0, 0],
					"cubes": [
						{"origin": [-4, 33.88438, -0.23606], "size": [8, 1, 6], "uv": [0, 20]},
						{"origin": [-2, 34.88438, 0.76394], "size": [4, 4, 4], "uv": [0, 42]},
						{"origin": [-3, 38.88438, -0.23606], "size": [6, 2, 6], "uv": [22, 21]},
						{"origin": [0, 38.88438, 0.76394], "size": [3, 2, 5], "pivot": [3, 38.88438, 5.76394], "rotation": [70.62994, 5.07855, 14.13272], "uv": [49, 28]},
						{"origin": [-3, 38.88438, 0.76394], "size": [3, 2, 5], "pivot": [-3, 38.88438, 5.76394], "rotation": [71.11828, -6.71771, -18.88172], "uv": [0, 12]},
						{"origin": [-3, 38.88438, -0.23606], "size": [4, 4, 4], "pivot": [-3, 38.88438, -0.23606], "rotation": [-75.86728, 5.07855, -19.37006], "uv": [32, 41]},
						{"origin": [-1, 38.88438, -0.23606], "size": [4, 4, 4], "pivot": [3, 38.88438, -0.23606], "rotation": [-75.66499, -4.46375, 16.93839], "uv": [40, 14]}
					]
				},
				{
					"name": "Mata",
					"parent": "Head",
					"pivot": [2.5, 31.38438, -3.73606],
					"cubes": [
						{"origin": [2, 29.88438, -4.23606], "size": [1, 3, 1], "uv": [70, 34]},
						{"origin": [2, 29.88438, -4.23606], "size": [1, 3, 1], "pivot": [2.5, 31.38438, -4.23606], "rotation": [0, 0, -37.5], "uv": [70, 28]},
						{"origin": [2, 29.88438, -4.23606], "size": [1, 3, 1], "pivot": [2.5, 31.38438, -4.23606], "rotation": [0, 0, -77.5], "uv": [27, 70]},
						{"origin": [2, 29.88438, -4.23606], "size": [1, 3, 1], "pivot": [2.5, 31.38438, -4.23606], "rotation": [0, 0, -117.5], "uv": [70, 22]},
						{"origin": [2, 29.88438, -4.23606], "size": [1, 3, 1], "pivot": [2.5, 31.38438, -4.23606], "rotation": [0, 0, -147.5], "uv": [69, 67]},
						{"origin": [2, 29.56299, -4.11908], "size": [1, 3, 1], "pivot": [2.5, 31.06299, -4.11908], "rotation": [-35.2866, 20.2044, -153.9865], "uv": [8, 69]},
						{"origin": [2, 29.56299, -4.11908], "size": [1, 3, 1], "pivot": [2.5, 31.06299, -4.11908], "rotation": [-21.179, 34.7614, -124.1981], "uv": [12, 69]},
						{"origin": [2, 29.56299, -4.11908], "size": [1, 3, 1], "pivot": [2.5, 31.06299, -4.11908], "rotation": [10.2935, 38.8697, -73.8595], "uv": [69, 15]},
						{"origin": [2, 29.56299, -4.11908], "size": [1, 3, 1], "pivot": [2.5, 31.06299, -4.11908], "rotation": [33.6518, 23.0357, -30.4473], "uv": [16, 69]},
						{"origin": [2, 29.56299, -4.11908], "size": [1, 3, 1], "pivot": [2.5, 31.06299, -4.11908], "rotation": [40, 0, 0], "uv": [69, 43]},
						{"origin": [2, 29.61574, -3.31436], "size": [1, 3, 1], "pivot": [2.5, 31.11574, -3.31436], "rotation": [-151.7509, 16.7796, 151.7509], "uv": [53, 67]},
						{"origin": [2, 29.61574, -3.31436], "size": [1, 3, 1], "pivot": [2.5, 31.11574, -3.31436], "rotation": [-163.6079, 28.463, 121.6842], "uv": [57, 67]},
						{"origin": [2, 29.61574, -3.31436], "size": [1, 3, 1], "pivot": [2.5, 31.11574, -3.31436], "rotation": [172.1491, 31.6389, 75.2724], "uv": [61, 67]},
						{"origin": [2, 29.61574, -3.31436], "size": [1, 3, 1], "pivot": [2.5, 31.11574, -3.31436], "rotation": [153.187, 19.0921, 32.9092], "uv": [68, 2]},
						{"origin": [2, 29.61574, -3.31436], "size": [1, 3, 1], "pivot": [2.5, 31.11574, -3.31436], "rotation": [147.5, 0, 0], "uv": [68, 6]},
						{"origin": [2, 29.43123, -3.52475], "size": [1, 3, 1], "pivot": [2.5, 30.93123, -3.52475], "rotation": [-118.938, 29.1409, 164.9312], "uv": [68, 10]},
						{"origin": [2, 29.43123, -3.52475], "size": [1, 3, 1], "pivot": [2.5, 30.93123, -3.52475], "rotation": [-135.2815, 53.5046, 140.9289], "uv": [31, 68]},
						{"origin": [2, 29.43123, -3.52475], "size": [1, 3, 1], "pivot": [2.5, 30.93123, -3.52475], "rotation": [155.1013, 62.23, 62.3197], "uv": [35, 68]},
						{"origin": [2, 29.43123, -3.52475], "size": [1, 3, 1], "pivot": [2.5, 30.93123, -3.52475], "rotation": [120.4456, 33.4855, 17.9672], "uv": [39, 68]},
						{"origin": [2, 29.43123, -3.52475], "size": [1, 3, 1], "pivot": [2.5, 30.93123, -3.52475], "rotation": [115, 0, 0], "uv": [68, 39]},
						{"origin": [2, 29.39624, -3.84428], "size": [1, 3, 1], "pivot": [2.5, 30.89624, -3.84428], "rotation": [-75.2724, 31.6389, -172.1491], "uv": [43, 68]},
						{"origin": [2, 29.39624, -3.84428], "size": [1, 3, 1], "pivot": [2.5, 30.89624, -3.84428], "rotation": [-64.3534, 59.9954, -157.4236], "uv": [68, 51]},
						{"origin": [2, 29.39624, -3.84428], "size": [1, 3, 1], "pivot": [2.5, 30.89624, -3.84428], "rotation": [44.3128, 72.393, -44.3128], "uv": [65, 68]},
						{"origin": [2, 29.39624, -3.84428], "size": [1, 3, 1], "pivot": [2.5, 30.89624, -3.84428], "rotation": [74.3875, 36.465, -9.4296], "uv": [0, 69]},
						{"origin": [2, 29.39624, -3.84428], "size": [1, 3, 1], "pivot": [2.5, 30.89624, -3.84428], "rotation": [77.5, 0, 0], "uv": [4, 69]}
					]
				},
				{
					"name": "Mata2",
					"parent": "Head",
					"pivot": [-2.5, 31.38438, -3.73606],
					"cubes": [
						{"origin": [-3, 29.88438, -4.23606], "size": [1, 3, 1], "uv": [49, 67]},
						{"origin": [-3, 29.88438, -4.23606], "size": [1, 3, 1], "pivot": [-2.5, 31.38438, -4.23606], "rotation": [0, 0, -37.5], "uv": [67, 31]},
						{"origin": [-3, 29.88438, -4.23606], "size": [1, 3, 1], "pivot": [-2.5, 31.38438, -4.23606], "rotation": [0, 0, -77.5], "uv": [67, 25]},
						{"origin": [-3, 29.88438, -4.23606], "size": [1, 3, 1], "pivot": [-2.5, 31.38438, -4.23606], "rotation": [0, 0, -117.5], "uv": [24, 67]},
						{"origin": [-3, 29.88438, -4.23606], "size": [1, 3, 1], "pivot": [-2.5, 31.38438, -4.23606], "rotation": [0, 0, -147.5], "uv": [20, 67]},
						{"origin": [-3, 29.56299, -4.11908], "size": [1, 3, 1], "pivot": [-2.5, 31.06299, -4.11908], "rotation": [-35.2866, 20.2044, -153.9865], "uv": [67, 19]},
						{"origin": [-3, 29.56299, -4.11908], "size": [1, 3, 1], "pivot": [-2.5, 31.06299, -4.11908], "rotation": [-21.179, 34.7614, -124.1981], "uv": [66, 64]},
						{"origin": [-3, 29.56299, -4.11908], "size": [1, 3, 1], "pivot": [-2.5, 31.06299, -4.11908], "rotation": [10.2935, 38.8697, -73.8595], "uv": [66, 60]},
						{"origin": [-3, 29.56299, -4.11908], "size": [1, 3, 1], "pivot": [-2.5, 31.06299, -4.11908], "rotation": [33.6518, 23.0357, -30.4473], "uv": [66, 56]},
						{"origin": [-3, 29.56299, -4.11908], "size": [1, 3, 1], "pivot": [-2.5, 31.06299, -4.11908], "rotation": [40, 0, 0], "uv": [66, 47]},
						{"origin": [-3, 29.61574, -3.31436], "size": [1, 3, 1], "pivot": [-2.5, 31.11574, -3.31436], "rotation": [-151.7509, 16.7796, 151.7509], "uv": [28, 65]},
						{"origin": [-3, 29.61574, -3.31436], "size": [1, 3, 1], "pivot": [-2.5, 31.11574, -3.31436], "rotation": [-163.6079, 28.463, 121.6842], "uv": [16, 65]},
						{"origin": [-3, 29.61574, -3.31436], "size": [1, 3, 1], "pivot": [-2.5, 31.11574, -3.31436], "rotation": [172.1491, 31.6389, 75.2724], "uv": [12, 65]},
						{"origin": [-3, 29.61574, -3.31436], "size": [1, 3, 1], "pivot": [-2.5, 31.11574, -3.31436], "rotation": [153.187, 19.0921, 32.9092], "uv": [8, 65]},
						{"origin": [-3, 29.61574, -3.31436], "size": [1, 3, 1], "pivot": [-2.5, 31.11574, -3.31436], "rotation": [147.5, 0, 0], "uv": [4, 65]},
						{"origin": [-3, 29.43123, -3.52475], "size": [1, 3, 1], "pivot": [-2.5, 30.93123, -3.52475], "rotation": [-118.938, 29.1409, 164.9312], "uv": [0, 65]},
						{"origin": [-3, 29.43123, -3.52475], "size": [1, 3, 1], "pivot": [-2.5, 30.93123, -3.52475], "rotation": [-135.2815, 53.5046, 140.9289], "uv": [62, 63]},
						{"origin": [-3, 29.43123, -3.52475], "size": [1, 3, 1], "pivot": [-2.5, 30.93123, -3.52475], "rotation": [155.1013, 62.23, 62.3197], "uv": [58, 63]},
						{"origin": [-3, 29.43123, -3.52475], "size": [1, 3, 1], "pivot": [-2.5, 30.93123, -3.52475], "rotation": [120.4456, 33.4855, 17.9672], "uv": [54, 63]},
						{"origin": [-3, 29.43123, -3.52475], "size": [1, 3, 1], "pivot": [-2.5, 30.93123, -3.52475], "rotation": [115, 0, 0], "uv": [50, 63]},
						{"origin": [-3, 29.39624, -3.84428], "size": [1, 3, 1], "pivot": [-2.5, 30.89624, -3.84428], "rotation": [-75.2724, 31.6389, -172.1491], "uv": [56, 56]},
						{"origin": [-3, 29.39624, -3.84428], "size": [1, 3, 1], "pivot": [-2.5, 30.89624, -3.84428], "rotation": [-64.3534, 59.9954, -157.4236], "uv": [48, 56]},
						{"origin": [-3, 29.39624, -3.84428], "size": [1, 3, 1], "pivot": [-2.5, 30.89624, -3.84428], "rotation": [44.3128, 72.393, -44.3128], "uv": [0, 42]},
						{"origin": [-3, 29.39624, -3.84428], "size": [1, 3, 1], "pivot": [-2.5, 30.89624, -3.84428], "rotation": [74.3875, 36.465, -9.4296], "uv": [0, 34]},
						{"origin": [-3, 29.39624, -3.84428], "size": [1, 3, 1], "pivot": [-2.5, 30.89624, -3.84428], "rotation": [77.5, 0, 0], "uv": [0, 27]}
					]
				},
				{
					"name": "Gaun",
					"parent": "Body",
					"pivot": [-2, 11.88438, 1.76394],
					"cubes": [
						{"origin": [-2.5, 4.88438, 1.76394], "size": [3, 7, 0], "uv": [40, 61]},
						{"origin": [-2.5, 4.88438, -1.23606], "size": [0, 7, 3], "uv": [28, 55]}
					]
				},
				{
					"name": "Gaun2",
					"parent": "Body",
					"pivot": [2, 11.88438, 1.76394],
					"cubes": [
						{"origin": [-0.5, 4.88438, 1.76394], "size": [3, 7, 0], "uv": [60, 56]},
						{"origin": [2.5, 4.88438, -1.23606], "size": [0, 7, 3], "uv": [34, 58]}
					]
				},
				{
					"name": "Pinggul",
					"parent": "All",
					"pivot": [-1, 9.88438, -1.23606],
					"cubes": [
						{"origin": [-2, 10.88438, -0.73606], "size": [4, 2, 2], "uv": [56, 16]}
					]
				},
				{
					"name": "Legkiri",
					"parent": "Pinggul",
					"pivot": [-1, 10.88438, 0.76394],
					"cubes": [
						{"origin": [-2, 3.88438, -0.73606], "size": [2, 7, 2], "uv": [20, 58]}
					]
				},
				{
					"name": "Kaki",
					"parent": "Legkiri",
					"pivot": [-1, 3.88438, -0.23606],
					"cubes": [
						{"origin": [-1.5, -0.11562, -0.23606], "size": [1, 4, 1], "uv": [46, 63]},
						{"origin": [-1.5, -0.11562, -1.23606], "size": [1, 1, 1], "uv": [20, 31]}
					]
				},
				{
					"name": "Kanan",
					"parent": "Pinggul",
					"pivot": [1, 10.88438, 0.76394],
					"cubes": [
						{"origin": [0, 3.88438, -0.73606], "size": [2, 7, 2], "uv": [12, 56]}
					]
				},
				{
					"name": "Kaki2",
					"parent": "Kanan",
					"pivot": [1, 3.88438, -0.23606],
					"cubes": [
						{"origin": [0.5, -0.11562, -1.23606], "size": [1, 1, 1], "uv": [18, 38]},
						{"origin": [0.5, -0.11562, -0.23606], "size": [1, 4, 1], "uv": [0, 12]}
					]
				}
			]
		}
	]
}