{
	"format_version": "1.12.0",
	"minecraft:geometry": [
		{
			"description": {
				"identifier": "geometry.gangel",
				"texture_width": 64,
				"texture_height": 64,
				"visible_bounds_width": 6,
				"visible_bounds_height": 6,
				"visible_bounds_offset": [0, 2, 0]
			},
			"bones": [
				{
					"name": "All",
					"pivot": [0, 26, 0]
				},
				{
					"name": "Body",
					"parent": "All",
					"pivot": [0, 20, 4],
					"cubes": [
						{"origin": [-2, 20, 0], "size": [5, 12, 0], "pivot": [0, 44, 0], "rotation": [4.93774, -0.33494, 0.88354], "uv": [24, 0]},
						{"origin": [-2.08493, 20.31307, -0.63598], "size": [4, 12, 0], "pivot": [0.5, 40, 4], "rotation": [6.80834, 64.65064, 2.06403], "uv": [8, 35]},
						{"origin": [-1.08493, 20.31307, 0.36402], "size": [4, 12, 0], "pivot": [0.5, 40, 4], "rotation": [3.01968, -65.32015, 2.11639], "uv": [0, 35]},
						{"origin": [-1.08493, 20.31307, 0.36402], "size": [4, 12, 0], "pivot": [0.5, 40, 4], "rotation": [-174.01671, -49.657, 178.63511], "uv": [34, 0]},
						{"origin": [-0.08493, 20.31307, -0.63598], "size": [3, 12, 0], "pivot": [0.5, 40, 4], "rotation": [-175.29937, 15.33311, 179.08386], "uv": [26, 40]},
						{"origin": [-1.08493, 20.31307, -1.63598], "size": [3, 12, 0], "pivot": [0.5, 40, 4], "rotation": [-177.22478, 67.81826, 177.65925], "uv": [20, 40]}
					]
				},
				{
					"name": "Shoulder",
					"parent": "Body",
					"pivot": [-1, 32, 7],
					"cubes": [
						{"origin": [-3, 32, 0], "size": [6, 12, 0], "pivot": [-1, 44, 0], "rotation": [4.93774, -0.33494, 0.88354], "uv": [12, 11]},
						{"origin": [-3.08493, 32.31307, 0.36402], "size": [5, 12, 0], "pivot": [-0.5, 40, 4], "rotation": [6.80834, 64.65064, 2.06403], "uv": [20, 23]},
						{"origin": [-2.08493, 32.31307, -0.63598], "size": [5, 12, 0], "pivot": [-0.5, 40, 4], "rotation": [3.01968, -65.32015, 2.11639], "uv": [10, 23]},
						{"origin": [-3.08493, 32.31307, -0.63598], "size": [6, 12, 0], "pivot": [-0.5, 40, 4], "rotation": [-174.01671, -49.657, 178.63511], "uv": [0, 11]},
						{"origin": [-3.08493, 32.31307, -0.63598], "size": [5, 12, 0], "pivot": [-0.5, 40, 4], "rotation": [-175.29937, 15.33311, 179.08386], "uv": [0, 23]},
						{"origin": [-3.08493, 32.31307, -0.63598], "size": [4, 12, 0], "pivot": [-0.5, 40, 4], "rotation": [-177.22478, 67.81826, 177.65925], "uv": [30, 28]}
					]
				},
				{
					"name": "Armkanan",
					"parent": "Shoulder",
					"pivot": [6, 41, 5],
					"cubes": [
						{"origin": [5, 41, 5], "size": [11, 2, 0], "uv": [0, 9]}
					]
				},
				{
					"name": "Armkanan2",
					"parent": "Armkanan",
					"pivot": [16.5, 42, 5],
					"cubes": [
						{"origin": [16, 41, 5], "size": [5, 2, 0], "uv": [44, 25]}
					]
				},
				{
					"name": "Armkanan3",
					"parent": "Armkanan2",
					"pivot": [21.5, 42, 5],
					"cubes": [
						{"origin": [21, 41, 5], "size": [5, 2, 0], "uv": [34, 20]}
					]
				},
				{
					"name": "Armkanan4",
					"parent": "Armkanan3",
					"pivot": [26.5, 42, 5],
					"cubes": [
						{"origin": [26, 41, 5], "size": [8, 2, 0], "uv": [34, 18]}
					]
				},
				{
					"name": "Armkiri",
					"parent": "Shoulder",
					"pivot": [-5, 41, 5],
					"cubes": [
						{"origin": [-16, 41, 5], "size": [11, 2, 0], "pivot": [-10.5, 42, 5], "rotation": [0, 180, 0], "uv": [0, 9]}
					]
				},
				{
					"name": "Armkanan6",
					"parent": "Armkiri",
					"pivot": [-15.5, 42, 5],
					"cubes": [
						{"origin": [-21, 41, 5], "size": [5, 2, 0], "uv": [44, 25]}
					]
				},
				{
					"name": "Armkanan7",
					"parent": "Armkanan6",
					"pivot": [-21.5, 42, 5],
					"cubes": [
						{"origin": [-26, 41, 5], "size": [5, 2, 0], "uv": [34, 20]}
					]
				},
				{
					"name": "Armkanan8",
					"parent": "Armkanan7",
					"pivot": [-26.5, 42, 5],
					"cubes": [
						{"origin": [-34, 41, 5], "size": [8, 2, 0], "pivot": [-30, 41, 5], "rotation": [0, 180, 0], "uv": [34, 18]}
					]
				},
				{
					"name": "Pecah",
					"parent": "Shoulder",
					"pivot": [-0.5, 41, -2]
				},
				{
					"name": "Head2",
					"parent": "Pecah",
					"pivot": [0, 41, -1],
					"cubes": [
						{"origin": [-1, 35, -1.8], "size": [2, 1, 1], "uv": [51, 32]},
						{"origin": [0.27302, 38.00746, -1.8], "size": [2, 4, 1], "pivot": [-5, 38, -1], "rotation": [0, 0, -10], "uv": [46, 50]},
						{"origin": [0.22082, 43.1753, -1.8], "size": [1, 4, 1], "pivot": [0, 47, -1], "rotation": [0, 0, -10], "uv": [24, 52]},
						{"origin": [-3, 35, -1.8], "size": [4, 5, 1], "pivot": [1, 35, -1], "rotation": [0, 0, 50], "uv": [46, 44]},
						{"origin": [0.72698, 38.00746, -1.8], "size": [4, 5, 1], "pivot": [5, 38, -1], "rotation": [0, 0, 10], "uv": [46, 38]},
						{"origin": [0.60566, 43.12787, -1.8], "size": [5, 4, 1], "pivot": [1, 43, -1], "rotation": [0, 0, 2.5], "uv": [44, 20]},
						{"origin": [0, 37, -2], "size": [4, 10, 0], "uv": [38, 38]}
					]
				},
				{
					"name": "Head3",
					"parent": "Pecah",
					"pivot": [0, 41, -1],
					"cubes": [
						{"origin": [-1, 35, -1.8], "size": [3, 5, 1], "pivot": [-1, 35, -1], "rotation": [0, 0, -50], "uv": [0, 47]},
						{"origin": [-4.72698, 38.00746, -1.8], "size": [6, 5, 1], "pivot": [-5, 38, -1], "rotation": [0, 0, -10], "uv": [30, 22]},
						{"origin": [-5.61042, 42.90977, -1.8], "size": [6, 4, 1], "pivot": [-6, 43, -1], "rotation": [0, 0, -2.5], "uv": [16, 35]},
						{"origin": [-3, 37, -1.8], "size": [2, 1, 1], "pivot": [1, 35, -1], "rotation": [0, 0, 35], "uv": [51, 27]},
						{"origin": [-1.27302, 38.00746, -1.8], "size": [1, 5, 1], "pivot": [5, 38, -1], "rotation": [0, 0, 10], "uv": [20, 52]},
						{"origin": [-1.21987, 43.13168, -1.8], "size": [2, 4, 1], "pivot": [1, 47, -1], "rotation": [0, 0, -10], "uv": [40, 48]},
						{"origin": [-4, 37, -2], "size": [5, 10, 0], "uv": [24, 12]}
					]
				},
				{
					"name": "Head",
					"parent": "Shoulder",
					"pivot": [0, 41, 0],
					"cubes": [
						{"origin": [-1, 35, -1], "size": [2, 4, 1], "pivot": [0, 39, -1], "rotation": [5, 0, 0], "uv": [16, 0]},
						{"origin": [-4.06418, 36.42885, -1], "size": [3, 5, 1], "pivot": [-1, 39, 0], "rotation": [0, 10, -50], "uv": [42, 6]},
						{"origin": [-2.17197, 38.92128, -1], "size": [3, 5, 1], "pivot": [0, 41, 0], "rotation": [0, 0, -10], "uv": [34, 12]},
						{"origin": [-5.20235, 38.57398, -1], "size": [3, 5, 1], "pivot": [-2, 41, -1], "rotation": [0, 7.5, -10], "uv": [34, 12]},
						{"origin": [-2.60471, 43.17149, -1], "size": [3, 4, 1], "pivot": [0, 43, 0], "rotation": [0, 0, -2.5], "uv": [38, 28]},
						{"origin": [-5.6948, 43.04253, -1], "size": [3, 4, 1], "pivot": [-3, 45, -1], "rotation": [0, 10, -2.5], "uv": [38, 28]},
						{"origin": [1.06418, 36.42885, -1], "size": [3, 5, 1], "pivot": [1, 39, 0], "rotation": [0, -10, 50], "uv": [8, 47]},
						{"origin": [0.17197, 38.92128, -1], "size": [2, 5, 1], "pivot": [0, 41, 0], "rotation": [0, 0, 10], "uv": [42, 0]},
						{"origin": [2.20235, 38.57398, -1], "size": [3, 5, 1], "pivot": [2, 41, -1], "rotation": [0, -10, 10], "uv": [42, 0]},
						{"origin": [-0.39529, 43.17149, -1], "size": [3, 4, 1], "pivot": [0, 43, 0], "rotation": [0, 0, 2.5], "uv": [38, 33]},
						{"origin": [2.6948, 43.04253, -1], "size": [3, 4, 1], "pivot": [2.6, 45, -1], "rotation": [0, -10, 2.5], "uv": [38, 33]},
						{"origin": [-3, 38, -1.02], "size": [6, 9, 0], "uv": [0, 0]}
					]
				},
				{
					"name": "Mulut",
					"parent": "Head",
					"pivot": [0, 38, 0],
					"cubes": [
						{"origin": [-2, 36, -0.12], "size": [4, 3, 0], "uv": [0, 53]}
					]
				},
				{
					"name": "Mulut2",
					"parent": "Head",
					"pivot": [0, 39, -1],
					"cubes": [
						{"origin": [-2, 37, -1.1], "size": [4, 3, 0], "uv": [0, 56]}
					]
				},
				{
					"name": "Mata",
					"parent": "Head",
					"pivot": [2, 42, -1],
					"cubes": [
						{"origin": [0, 40, -1.1], "size": [4, 4, 0], "uv": [32, 48]}
					]
				},
				{
					"name": "Mata3",
					"parent": "Mata",
					"pivot": [4, 44, -1],
					"rotation": [0, 0, 20],
					"cubes": [
						{"origin": [0, 42, -1.1], "size": [4, 2, 0], "uv": [50, 18]}
					]
				},
				{
					"name": "Air",
					"parent": "Mata",
					"pivot": [3, 40, -1],
					"cubes": [
						{"origin": [2, 37, -1.12], "size": [2, 3, 0], "uv": [52, 29]}
					]
				},
				{
					"name": "Kelopak",
					"parent": "Mata",
					"pivot": [3, 44, 0],
					"cubes": [
						{"origin": [1, 42, -1.2], "size": [4, 4, 0], "uv": [0, 60]}
					]
				},
				{
					"name": "Mata2",
					"parent": "Head",
					"pivot": [-2, 42, -1],
					"cubes": [
						{"origin": [-4, 40, -1.1], "size": [4, 4, 0], "uv": [48, 12]}
					]
				},
				{
					"name": "Mata4",
					"parent": "Mata2",
					"pivot": [-4, 44, -1],
					"rotation": [0, 0, -20],
					"cubes": [
						{"origin": [-4, 42, -1.1], "size": [4, 2, 0], "uv": [48, 16]}
					]
				},
				{
					"name": "Air2",
					"parent": "Mata2",
					"pivot": [-3, 40, -1],
					"cubes": [
						{"origin": [-4, 37, -1.12], "size": [2, 3, 0], "uv": [28, 52]}
					]
				},
				{
					"name": "Kelopak2",
					"parent": "Mata2",
					"pivot": [-3, 44, -1.2],
					"cubes": [
						{"origin": [-5, 42, -1.2], "size": [4, 4, 0], "uv": [8, 60]}
					]
				},
				{
					"name": "Legkanan",
					"parent": "All",
					"pivot": [2, 20, 4],
					"cubes": [
						{"origin": [1, 12, 4], "size": [2, 8, 0], "uv": [32, 40]}
					]
				},
				{
					"name": "Legkanan2",
					"parent": "Legkanan",
					"pivot": [2, 12, 4],
					"cubes": [
						{"origin": [1, 9, 4], "size": [2, 3, 0], "uv": [52, 34]}
					]
				},
				{
					"name": "Legkanan3",
					"parent": "Legkanan2",
					"pivot": [2, 9, 4],
					"cubes": [
						{"origin": [1, 6, 4], "size": [2, 3, 0], "uv": [32, 52]}
					]
				},
				{
					"name": "Legkanan4",
					"parent": "Legkanan3",
					"pivot": [2, 6, 4],
					"cubes": [
						{"origin": [1, -8, 4], "size": [2, 14, 0], "uv": [16, 40]}
					]
				},
				{
					"name": "Legkiri",
					"parent": "All",
					"pivot": [-2, 20, 4],
					"cubes": [
						{"origin": [-3, 12, 4], "size": [2, 8, 0], "uv": [32, 40]}
					]
				},
				{
					"name": "Legkanan6",
					"parent": "Legkiri",
					"pivot": [-2, 12, 4],
					"cubes": [
						{"origin": [-3, 9, 4], "size": [2, 3, 0], "uv": [52, 34]}
					]
				},
				{
					"name": "Legkanan7",
					"parent": "Legkanan6",
					"pivot": [-2, 9, 4],
					"cubes": [
						{"origin": [-3, 6, 4], "size": [2, 3, 0], "uv": [32, 52]}
					]
				},
				{
					"name": "Legkanan8",
					"parent": "Legkanan7",
					"pivot": [-2, 6, 4],
					"cubes": [
						{"origin": [-3, -8, 4], "size": [2, 14, 0], "uv": [16, 40]}
					]
				}
			]
		}
	]
}