{
  "format_version": "1.12.0",
  "minecraft:geometry": [
    {
      "description": {
        "identifier": "geometry.telur_ragatra",
        "texture_width": 128,
        "texture_height": 128,
        "visible_bounds_width": 3,
        "visible_bounds_height": 4.5,
        "visible_bounds_offset": [
          0,
          1.75,
          0
        ]
      },
      "bones": [
        {
          "name": "All",
          "pivot": [
            0,
            9,
            0
          ]
        },
        {
          "name": "Body",
          "parent": "All",
          "pivot": [
            0,
            25,
            2
          ],
          "cubes": [
            {
              "origin": [
                -2,
                25,
                -2
              ],
              "size": [
                4,
                2,
                4
              ],
              "uv": [
                26,
                12
              ]
            },
            {
              "origin": [
                0.5,
                28,
                -2
              ],
              "size": [
                2,
                3,
                4
              ],
              "pivot": [
                2.5,
                28,
                0
              ],
              "rotation": [
                0,
                0,
                -60
              ],
              "uv": [
                52,
                27
              ]
            },
            {
              "origin": [
                -2.5,
                28,
                -2
              ],
              "size": [
                3,
                2,
                4
              ],
              "pivot": [
                -2.5,
                28,
                0
              ],
              "rotation": [
                0,
                0,
                62.5
              ],
              "uv": [
                52,
                7
              ]
            }
          ]
        },
        {
          "name": "Shoulder",
          "parent": "Body",
          "pivot": [
            0,
            28,
            2
          ],
          "cubes": [
            {
              "origin": [
                -2.5,
                28,
                -2
              ],
              "size": [
                5,
                3,
                4
              ],
              "uv": [
                0,
                0
              ]
            },
            {
              "origin": [
                -0.5,
                29,
                -2
              ],
              "size": [
                3,
                2,
                4
              ],
              "pivot": [
                3,
                31,
                2
              ],
              "rotation": [
                0,
                0,
                20
              ],
              "uv": [
                0,
                31
              ]
            },
            {
              "origin": [
                -2.5,
                29,
                -2
              ],
              "size": [
                2,
                2,
                4
              ],
              "pivot": [
                -3,
                31,
                2
              ],
              "rotation": [
                0,
                0,
                -20
              ],
              "uv": [
                52,
                39
              ]
            }
          ]
        },
        {
          "name": "Glicht",
          "parent": "Shoulder",
          "pivot": [
            0,
            29,
            -2
          ],
          "cubes": [
            {
              "origin": [
                -2.5,
                28,
                -2.1
              ],
              "size": [
                5,
                3,
                0
              ],
              "uv": [
                92,
                0
              ]
            }
          ]
        },
        {
          "name": "Leher",
          "parent": "Shoulder",
          "pivot": [
            0,
            32,
            0
          ],
          "cubes": [
            {
              "origin": [
                -0.5,
                31,
                -0.5
              ],
              "size": [
                1,
                3,
                1
              ],
              "uv": [
                0,
                0
              ]
            }
          ]
        },
        {
          "name": "Head",
          "parent": "Leher",
          "pivot": [
            0,
            38,
            -1
          ],
          "cubes": [
            {
              "origin": [
                -3,
                37,
                -2
              ],
              "size": [
                6,
                1,
                2
              ],
              "uv": [
                52,
                13
              ]
            },
            {
              "origin": [
                -8,
                37,
                -2
              ],
              "size": [
                5,
                1,
                2
              ],
              "pivot": [
                -3,
                38,
                -1
              ],
              "rotation": [
                0,
                0,
                -47.5
              ],
              "uv": [
                78,
                6
              ]
            },
            {
              "origin": [
                -8,
                37,
                0
              ],
              "size": [
                5,
                1,
                1
              ],
              "pivot": [
                -3,
                38,
                0
              ],
              "rotation": [
                0,
                20,
                -47.5
              ],
              "uv": [
                52,
                16
              ]
            },
            {
              "origin": [
                -6.35721,
                36.76604,
                -1
              ],
              "size": [
                5,
                1,
                2
              ],
              "pivot": [
                -3,
                37,
                0
              ],
              "rotation": [
                0,
                0,
                -25
              ],
              "uv": [
                78,
                0
              ]
            },
            {
              "origin": [
                -1.68614,
                37.28235,
                -1
              ],
              "size": [
                2,
                1,
                2
              ],
              "pivot": [
                -2,
                38,
                0
              ],
              "rotation": [
                0,
                0,
                7.5
              ],
              "uv": [
                10,
                32
              ]
            },
            {
              "origin": [
                -2.66903,
                37.0213,
                -1
              ],
              "size": [
                3,
                1,
                2
              ],
              "pivot": [
                0,
                38,
                0
              ],
              "rotation": [
                0,
                0,
                45
              ],
              "uv": [
                8,
                7
              ]
            },
            {
              "origin": [
                3,
                37,
                -2
              ],
              "size": [
                5,
                1,
                2
              ],
              "pivot": [
                3,
                38,
                -1
              ],
              "rotation": [
                0,
                0,
                47.5
              ],
              "uv": [
                78,
                3
              ]
            },
            {
              "origin": [
                2.82635,
                37,
                0.01519
              ],
              "size": [
                5,
                1,
                1
              ],
              "pivot": [
                3,
                38,
                1
              ],
              "rotation": [
                0,
                -20,
                47.5
              ],
              "uv": [
                78,
                9
              ]
            },
            {
              "origin": [
                1.35721,
                36.76604,
                -1
              ],
              "size": [
                5,
                1,
                2
              ],
              "pivot": [
                3,
                37,
                0
              ],
              "rotation": [
                0,
                0,
                25
              ],
              "uv": [
                52,
                34
              ]
            },
            {
              "origin": [
                -0.31386,
                37.28235,
                -1
              ],
              "size": [
                2,
                1,
                2
              ],
              "pivot": [
                2,
                38,
                0
              ],
              "rotation": [
                0,
                0,
                -7.5
              ],
              "uv": [
                8,
                51
              ]
            },
            {
              "origin": [
                -0.33097,
                37.0213,
                -1
              ],
              "size": [
                3,
                1,
                2
              ],
              "pivot": [
                0,
                38,
                0
              ],
              "rotation": [
                0,
                0,
                -45
              ],
              "uv": [
                34,
                20
              ]
            },
            {
              "origin": [
                -1,
                37,
                -4
              ],
              "size": [
                1,
                1,
                2
              ],
              "pivot": [
                0,
                38,
                -2
              ],
              "rotation": [
                62.58937,
                2.30644,
                4.43745
              ],
              "uv": [
                26,
                52
              ]
            },
            {
              "origin": [
                0,
                37,
                -4
              ],
              "size": [
                1,
                1,
                2
              ],
              "pivot": [
                0,
                38,
                -2
              ],
              "rotation": [
                62.58937,
                -2.30644,
                -4.43745
              ],
              "uv": [
                52,
                3
              ]
            },
            {
              "origin": [
                1,
                37,
                -4
              ],
              "size": [
                1,
                1,
                2
              ],
              "pivot": [
                1,
                38,
                -2
              ],
              "rotation": [
                63.05907,
                -5.73576,
                -11.12501
              ],
              "uv": [
                52,
                0
              ]
            },
            {
              "origin": [
                -3,
                37,
                -7
              ],
              "size": [
                1,
                1,
                5
              ],
              "pivot": [
                -2,
                38,
                -2
              ],
              "rotation": [
                77.58937,
                2.30644,
                4.43745
              ],
              "uv": [
                52,
                51
              ]
            },
            {
              "origin": [
                -3.43059,
                32.08817,
                -4.83589
              ],
              "size": [
                1,
                1,
                2
              ],
              "pivot": [
                -3,
                33,
                -3
              ],
              "rotation": [
                87.58937,
                2.30644,
                4.43745
              ],
              "uv": [
                0,
                48
              ]
            },
            {
              "origin": [
                -4,
                37,
                -8
              ],
              "size": [
                1,
                1,
                6
              ],
              "pivot": [
                -3,
                38,
                -2
              ],
              "rotation": [
                78.60045,
                59.67687,
                4.84001
              ],
              "uv": [
                26,
                49
              ]
            },
            {
              "origin": [
                -3.13681,
                37.49492,
                -5.09979
              ],
              "size": [
                1,
                1,
                6
              ],
              "pivot": [
                -3,
                38,
                1
              ],
              "rotation": [
                78.60045,
                59.67687,
                4.84001
              ],
              "uv": [
                26,
                30
              ]
            },
            {
              "origin": [
                3,
                37,
                -8
              ],
              "size": [
                1,
                1,
                6
              ],
              "pivot": [
                3,
                38,
                -2
              ],
              "rotation": [
                76.6595,
                -51.9845,
                -6.18245
              ],
              "uv": [
                52,
                0
              ]
            },
            {
              "origin": [
                3,
                37,
                -6
              ],
              "size": [
                1,
                1,
                6
              ],
              "pivot": [
                3,
                38,
                0
              ],
              "rotation": [
                76.6595,
                -51.9845,
                -6.18245
              ],
              "uv": [
                0,
                48
              ]
            },
            {
              "origin": [
                2,
                37,
                -7
              ],
              "size": [
                1,
                1,
                5
              ],
              "pivot": [
                2,
                38,
                -2
              ],
              "rotation": [
                75.08937,
                -2.30644,
                -4.43745
              ],
              "uv": [
                52,
                45
              ]
            },
            {
              "origin": [
                2.43059,
                32.31334,
                -4.84465
              ],
              "size": [
                1,
                1,
                2
              ],
              "pivot": [
                3,
                33,
                -3
              ],
              "rotation": [
                87.58937,
                -2.30644,
                -4.43745
              ],
              "uv": [
                26,
                49
              ]
            },
            {
              "origin": [
                -2,
                37,
                -4
              ],
              "size": [
                1,
                1,
                2
              ],
              "pivot": [
                -1,
                38,
                -2
              ],
              "rotation": [
                63.05907,
                5.73576,
                11.12501
              ],
              "uv": [
                0,
                51
              ]
            },
            {
              "origin": [
                2,
                32,
                1
              ],
              "size": [
                1,
                6,
                1
              ],
              "pivot": [
                2,
                38,
                1
              ],
              "rotation": [
                20,
                0,
                -27.5
              ],
              "uv": [
                38,
                42
              ]
            },
            {
              "origin": [
                -3,
                32,
                1
              ],
              "size": [
                1,
                6,
                1
              ],
              "pivot": [
                -2,
                38,
                1
              ],
              "rotation": [
                20,
                0,
                27.5
              ],
              "uv": [
                12,
                41
              ]
            },
            {
              "origin": [
                -2,
                32,
                1
              ],
              "size": [
                1,
                6,
                1
              ],
              "pivot": [
                -1,
                38,
                1
              ],
              "rotation": [
                9.99153,
                -3.3545,
                4.14214
              ],
              "uv": [
                12,
                19
              ]
            },
            {
              "origin": [
                -2,
                32,
                1
              ],
              "size": [
                1,
                6,
                1
              ],
              "pivot": [
                -1,
                38,
                1
              ],
              "rotation": [
                9.04093,
                -5.42917,
                16.5059
              ],
              "uv": [
                12,
                19
              ]
            },
            {
              "origin": [
                -2,
                32,
                1
              ],
              "size": [
                1,
                6,
                1
              ],
              "pivot": [
                -1,
                38,
                1
              ],
              "rotation": [
                20.24234,
                -2.47567,
                -0.78645
              ],
              "uv": [
                12,
                19
              ]
            },
            {
              "origin": [
                -2,
                32,
                1
              ],
              "size": [
                1,
                6,
                1
              ],
              "pivot": [
                -1,
                38,
                1
              ],
              "rotation": [
                17.47098,
                -10.67478,
                23.01066
              ],
              "uv": [
                12,
                19
              ]
            },
            {
              "origin": [
                1,
                32,
                1
              ],
              "size": [
                1,
                6,
                1
              ],
              "pivot": [
                1,
                38,
                1
              ],
              "rotation": [
                9.81197,
                3.1622,
                -6.80423
              ],
              "uv": [
                14,
                10
              ]
            },
            {
              "origin": [
                1,
                32,
                1
              ],
              "size": [
                1,
                6,
                1
              ],
              "pivot": [
                1,
                38,
                1
              ],
              "rotation": [
                22.43881,
                2.73337,
                -4.33802
              ],
              "uv": [
                14,
                10
              ]
            },
            {
              "origin": [
                1,
                32,
                1
              ],
              "size": [
                1,
                6,
                1
              ],
              "pivot": [
                1,
                38,
                1
              ],
              "rotation": [
                20.7225,
                9.21437,
                -20.69207
              ],
              "uv": [
                14,
                10
              ]
            },
            {
              "origin": [
                1,
                32,
                1
              ],
              "size": [
                1,
                6,
                1
              ],
              "pivot": [
                1,
                38,
                1
              ],
              "rotation": [
                8.90641,
                5.20294,
                -19.17025
              ],
              "uv": [
                38,
                7
              ]
            },
            {
              "origin": [
                0,
                32,
                1
              ],
              "size": [
                1,
                6,
                1
              ],
              "pivot": [
                0,
                38,
                1
              ],
              "rotation": [
                19.95392,
                -1.08089,
                4.88206
              ],
              "uv": [
                38,
                0
              ]
            },
            {
              "origin": [
                0,
                32,
                1
              ],
              "size": [
                1,
                6,
                1
              ],
              "pivot": [
                0,
                38,
                1
              ],
              "rotation": [
                12.45392,
                1.08089,
                -4.88206
              ],
              "uv": [
                38,
                0
              ]
            },
            {
              "origin": [
                -1,
                32,
                1
              ],
              "size": [
                1,
                6,
                1
              ],
              "pivot": [
                0,
                38,
                1
              ],
              "rotation": [
                14.98637,
                -0.64686,
                2.41492
              ],
              "uv": [
                38,
                23
              ]
            }
          ]
        },
        {
          "name": "Mata",
          "parent": "Head",
          "pivot": [
            1.5,
            35,
            -2
          ],
          "cubes": [
            {
              "origin": [
                0.5,
                33,
                -2.1
              ],
              "size": [
                2,
                3,
                0
              ],
              "uv": [
                14,
                0
              ]
            }
          ]
        },
        {
          "name": "Pupil",
          "parent": "Mata",
          "pivot": [
            1.5,
            35,
            -2
          ],
          "cubes": [
            {
              "origin": [
                0.5,
                33,
                -2.11
              ],
              "size": [
                2,
                3,
                0
              ],
              "uv": [
                0,
                7
              ]
            }
          ]
        },
        {
          "name": "Kelopak",
          "parent": "Mata",
          "pivot": [
            1,
            36,
            -2
          ],
          "cubes": [
            {
              "origin": [
                0.5,
                35,
                -2.12
              ],
              "size": [
                2,
                1,
                0
              ],
              "uv": [
                8,
                10
              ]
            }
          ]
        },
        {
          "name": "Kelopak2",
          "parent": "Mata",
          "pivot": [
            1,
            33.8,
            -2
          ],
          "cubes": [
            {
              "origin": [
                0.5,
                33.8,
                -2.12
              ],
              "size": [
                2,
                1,
                0
              ],
              "uv": [
                0,
                10
              ]
            }
          ]
        },
        {
          "name": "Mata2",
          "parent": "Head",
          "pivot": [
            -1.5,
            35,
            -2
          ],
          "cubes": [
            {
              "origin": [
                -2.5,
                34,
                -2.1
              ],
              "size": [
                2,
                2,
                0
              ],
              "uv": [
                26,
                20
              ]
            }
          ]
        },
        {
          "name": "Kepala",
          "parent": "Head",
          "pivot": [
            0,
            35,
            -1
          ],
          "cubes": [
            {
              "origin": [
                -1,
                32,
                -2.01
              ],
              "size": [
                2,
                3,
                4
              ],
              "uv": [
                52,
                20
              ]
            },
            {
              "origin": [
                -1,
                32,
                -2
              ],
              "size": [
                2,
                6,
                4
              ],
              "pivot": [
                0,
                35,
                -1
              ],
              "rotation": [
                0,
                0,
                37.5
              ],
              "uv": [
                26,
                39
              ]
            },
            {
              "origin": [
                -1,
                32,
                -2
              ],
              "size": [
                2,
                6,
                4
              ],
              "pivot": [
                0,
                35,
                -1
              ],
              "rotation": [
                0,
                0,
                75
              ],
              "uv": [
                0,
                38
              ]
            },
            {
              "origin": [
                -1,
                32,
                -2
              ],
              "size": [
                2,
                6,
                4
              ],
              "pivot": [
                0,
                35,
                -1
              ],
              "rotation": [
                0,
                0,
                112.5
              ],
              "uv": [
                26,
                20
              ]
            },
            {
              "origin": [
                -1,
                32,
                -2
              ],
              "size": [
                2,
                6,
                4
              ],
              "pivot": [
                0,
                35,
                -1
              ],
              "rotation": [
                0,
                0,
                145
              ],
              "uv": [
                0,
                7
              ]
            }
          ]
        },
        {
          "name": "bone",
          "parent": "Kepala",
          "pivot": [
            0,
            34,
            -2
          ],
          "cubes": [
            {
              "origin": [
                -3,
                32,
                -2.15
              ],
              "size": [
                6,
                5,
                0
              ],
              "uv": [
                92,
                3
              ]
            }
          ]
        },
        {
          "name": "Mulut",
          "parent": "Kepala",
          "pivot": [
            0,
            33,
            -2
          ],
          "cubes": [
            {
              "origin": [
                -1,
                32,
                -2.03
              ],
              "size": [
                2,
                2,
                0
              ],
              "uv": [
                26,
                14
              ]
            }
          ]
        },
        {
          "name": "Mulut2",
          "parent": "Mulut",
          "pivot": [
            0,
            33,
            -2
          ],
          "cubes": [
            {
              "origin": [
                -1,
                32,
                -2.05
              ],
              "size": [
                2,
                2,
                0
              ],
              "uv": [
                26,
                12
              ]
            }
          ]
        },
        {
          "name": "Armkiri",
          "parent": "Shoulder",
          "pivot": [
            -2.5,
            31,
            0
          ],
          "cubes": [
            {
              "origin": [
                -5.5,
                29,
                -1
              ],
              "size": [
                3,
                1,
                2
              ],
              "uv": [
                8,
                38
              ]
            },
            {
              "origin": [
                -5.5,
                30,
                -1
              ],
              "size": [
                3,
                1,
                2
              ],
              "pivot": [
                -2,
                31,
                0
              ],
              "rotation": [
                0,
                0,
                -7.5
              ],
              "uv": [
                34,
                39
              ]
            },
            {
              "origin": [
                -3.1,
                30,
                -1
              ],
              "size": [
                1,
                1,
                2
              ],
              "pivot": [
                -2,
                31,
                0
              ],
              "rotation": [
                0,
                0,
                -7.5
              ],
              "uv": [
                26,
                30
              ]
            },
            {
              "origin": [
                -6.5,
                29.3,
                -0.5
              ],
              "size": [
                1,
                1,
                1
              ],
              "uv": [
                26,
                22
              ]
            }
          ]
        },
        {
          "name": "Kanan",
          "parent": "Armkiri",
          "pivot": [
            -6.5,
            30.3,
            0
          ],
          "cubes": [
            {
              "origin": [
                -11.5,
                29.3,
                -0.5
              ],
              "size": [
                5,
                1,
                1
              ],
              "uv": [
                78,
                13
              ]
            }
          ]
        },
        {
          "name": "Pergelangan",
          "parent": "Kanan",
          "pivot": [
            -11.5,
            29.8,
            0
          ],
          "cubes": [
            {
              "origin": [
                -12.5,
                29.3,
                -1.5
              ],
              "size": [
                1,
                1,
                3
              ],
              "uv": [
                10,
                28
              ]
            }
          ]
        },
        {
          "name": "bone4",
          "parent": "Pergelangan",
          "pivot": [
            -12.5,
            30.5,
            0
          ],
          "cubes": [
            {
              "origin": [
                -15.5,
                29.3,
                -0.5
              ],
              "size": [
                3,
                1,
                2
              ],
              "uv": [
                34,
                33
              ]
            }
          ]
        },
        {
          "name": "bone3",
          "parent": "Pergelangan",
          "pivot": [
            -12.5,
            30.5,
            -1
          ],
          "cubes": [
            {
              "origin": [
                -14.5,
                29.3,
                -1.5
              ],
              "size": [
                2,
                1,
                1
              ],
              "uv": [
                38,
                14
              ]
            }
          ]
        },
        {
          "name": "Armkanan",
          "parent": "Shoulder",
          "pivot": [
            2.5,
            31,
            0
          ],
          "cubes": [
            {
              "origin": [
                2.5,
                29,
                -1
              ],
              "size": [
                3,
                1,
                2
              ],
              "uv": [
                34,
                49
              ]
            },
            {
              "origin": [
                5.5,
                29.3,
                -0.5
              ],
              "size": [
                1,
                1,
                1
              ],
              "uv": [
                0,
                31
              ]
            },
            {
              "origin": [
                2.5,
                30,
                -1
              ],
              "size": [
                3,
                1,
                2
              ],
              "pivot": [
                2,
                31,
                0
              ],
              "rotation": [
                0,
                0,
                7.5
              ],
              "uv": [
                8,
                48
              ]
            },
            {
              "origin": [
                2.1,
                30,
                -1
              ],
              "size": [
                1,
                1,
                2
              ],
              "pivot": [
                2,
                31,
                0
              ],
              "rotation": [
                0,
                0,
                7.5
              ],
              "uv": [
                26,
                33
              ]
            }
          ]
        },
        {
          "name": "Kanan2",
          "parent": "Armkanan",
          "pivot": [
            6.5,
            30.3,
            0
          ],
          "cubes": [
            {
              "origin": [
                6.5,
                29.3,
                -0.5
              ],
              "size": [
                5,
                1,
                1
              ],
              "uv": [
                78,
                11
              ]
            }
          ]
        },
        {
          "name": "Pergelangan2",
          "parent": "Kanan2",
          "pivot": [
            11.5,
            29.8,
            0
          ],
          "cubes": [
            {
              "origin": [
                11.5,
                29.3,
                -1.5
              ],
              "size": [
                1,
                1,
                3
              ],
              "uv": [
                9,
                14
              ]
            }
          ]
        },
        {
          "name": "bone2",
          "parent": "Pergelangan2",
          "pivot": [
            12.5,
            30.3,
            1
          ],
          "cubes": [
            {
              "origin": [
                12.5,
                29.3,
                -0.5
              ],
              "size": [
                3,
                1,
                2
              ],
              "uv": [
                34,
                30
              ]
            }
          ]
        },
        {
          "name": "bone5",
          "parent": "Pergelangan2",
          "pivot": [
            12.5,
            30.3,
            -1
          ],
          "cubes": [
            {
              "origin": [
                12.5,
                29.3,
                -1.5
              ],
              "size": [
                2,
                1,
                1
              ],
              "uv": [
                12,
                26
              ]
            }
          ]
        },
        {
          "name": "Rok",
          "parent": "All",
          "pivot": [
            0,
            10,
            0
          ],
          "cubes": [
            {
              "origin": [
                -2,
                9,
                -9
              ],
              "size": [
                4,
                1,
                18
              ],
              "uv": [
                52,
                0
              ]
            },
            {
              "origin": [
                -2,
                3,
                7
              ],
              "size": [
                4,
                19,
                1
              ],
              "pivot": [
                0,
                10,
                0
              ],
              "rotation": [
                25,
                0,
                0
              ],
              "uv": [
                30,
                79
              ]
            },
            {
              "origin": [
                -2,
                3,
                -8
              ],
              "size": [
                4,
                20,
                1
              ],
              "pivot": [
                0,
                10,
                0
              ],
              "rotation": [
                -25,
                0,
                0
              ],
              "uv": [
                20,
                79
              ]
            },
            {
              "origin": [
                -2,
                9,
                -9
              ],
              "size": [
                4,
                1,
                18
              ],
              "pivot": [
                0,
                10,
                0
              ],
              "rotation": [
                0,
                -25,
                0
              ],
              "uv": [
                26,
                39
              ]
            },
            {
              "origin": [
                -2,
                3,
                7
              ],
              "size": [
                4,
                20,
                1
              ],
              "pivot": [
                0,
                10,
                0
              ],
              "rotation": [
                25,
                -25,
                0
              ],
              "uv": [
                20,
                58
              ]
            },
            {
              "origin": [
                -2,
                3,
                -8
              ],
              "size": [
                4,
                20,
                1
              ],
              "pivot": [
                0,
                10,
                0
              ],
              "rotation": [
                -25,
                -25,
                0
              ],
              "uv": [
                0,
                78
              ]
            },
            {
              "origin": [
                -2,
                9,
                -9
              ],
              "size": [
                4,
                1,
                18
              ],
              "pivot": [
                0,
                10,
                0
              ],
              "rotation": [
                0,
                -50,
                0
              ],
              "uv": [
                0,
                38
              ]
            },
            {
              "origin": [
                -2,
                3,
                7
              ],
              "size": [
                4,
                20,
                1
              ],
              "pivot": [
                0,
                10,
                0
              ],
              "rotation": [
                25,
                -50,
                0
              ],
              "uv": [
                10,
                57
              ]
            },
            {
              "origin": [
                -2,
                3,
                -8
              ],
              "size": [
                4,
                20,
                1
              ],
              "pivot": [
                0,
                10,
                0
              ],
              "rotation": [
                -25,
                -50,
                0
              ],
              "uv": [
                70,
                61
              ]
            },
            {
              "origin": [
                -2,
                9,
                -9
              ],
              "size": [
                4,
                1,
                18
              ],
              "pivot": [
                0,
                10,
                0
              ],
              "rotation": [
                0,
                -155,
                0
              ],
              "uv": [
                26,
                20
              ]
            },
            {
              "origin": [
                -2,
                3,
                -8
              ],
              "size": [
                4,
                20,
                1
              ],
              "pivot": [
                0,
                10,
                0
              ],
              "rotation": [
                155,
                -25,
                180
              ],
              "uv": [
                30,
                58
              ]
            },
            {
              "origin": [
                -2,
                3,
                7
              ],
              "size": [
                4,
                20,
                1
              ],
              "pivot": [
                0,
                10,
                0
              ],
              "rotation": [
                -155,
                -25,
                180
              ],
              "uv": [
                10,
                78
              ]
            },
            {
              "origin": [
                -2,
                9,
                -9
              ],
              "size": [
                4,
                1,
                18
              ],
              "pivot": [
                0,
                10,
                0
              ],
              "rotation": [
                0,
                -130,
                0
              ],
              "uv": [
                26,
                1
              ]
            },
            {
              "origin": [
                -2,
                3,
                -8
              ],
              "size": [
                4,
                20,
                1
              ],
              "pivot": [
                0,
                10,
                0
              ],
              "rotation": [
                155,
                -50,
                180
              ],
              "uv": [
                40,
                58
              ]
            },
            {
              "origin": [
                -2,
                3,
                7
              ],
              "size": [
                4,
                20,
                1
              ],
              "pivot": [
                0,
                10,
                0
              ],
              "rotation": [
                -155,
                -50,
                180
              ],
              "uv": [
                70,
                19
              ]
            },
            {
              "origin": [
                -2,
                9,
                -9
              ],
              "size": [
                4,
                1,
                18
              ],
              "pivot": [
                0,
                10,
                0
              ],
              "rotation": [
                0,
                -105,
                0
              ],
              "uv": [
                0,
                19
              ]
            },
            {
              "origin": [
                -2,
                3,
                -8
              ],
              "size": [
                4,
                20,
                1
              ],
              "pivot": [
                0,
                10,
                0
              ],
              "rotation": [
                155,
                -75,
                180
              ],
              "uv": [
                50,
                58
              ]
            },
            {
              "origin": [
                -2,
                3,
                7
              ],
              "size": [
                4,
                20,
                1
              ],
              "pivot": [
                0,
                10,
                0
              ],
              "rotation": [
                -155,
                -75,
                180
              ],
              "uv": [
                60,
                58
              ]
            },
            {
              "origin": [
                -2,
                9,
                -9
              ],
              "size": [
                4,
                1,
                18
              ],
              "pivot": [
                0,
                10,
                0
              ],
              "rotation": [
                0,
                -77.5,
                0
              ],
              "uv": [
                0,
                0
              ]
            },
            {
              "origin": [
                -2,
                3,
                7
              ],
              "size": [
                4,
                20,
                1
              ],
              "pivot": [
                0,
                10,
                0
              ],
              "rotation": [
                25,
                -77.5,
                0
              ],
              "uv": [
                0,
                57
              ]
            },
            {
              "origin": [
                -2,
                3,
                -8
              ],
              "size": [
                4,
                20,
                1
              ],
              "pivot": [
                0,
                10,
                0
              ],
              "rotation": [
                -25,
                -77.5,
                0
              ],
              "uv": [
                70,
                40
              ]
            }
          ]
        },
        {
          "name": "Legkiri",
          "parent": "Rok",
          "pivot": [
            -3,
            9,
            -1
          ],
          "cubes": [
            {
              "origin": [
                -4,
                0,
                -1.5
              ],
              "size": [
                3,
                9,
                3
              ],
              "uv": [
                26,
                0
              ]
            }
          ]
        },
        {
          "name": "Legkanan",
          "parent": "Rok",
          "pivot": [
            3,
            9,
            -1
          ],
          "cubes": [
            {
              "origin": [
                1,
                0,
                -1.5
              ],
              "size": [
                3,
                9,
                3
              ],
              "uv": [
                0,
                19
              ]
            }
          ]
        }
      ]
    }
  ]
}