{
  "format_version": "1.12.0",
  "minecraft:geometry": [
    {
      "description": {
        "identifier": "geometry.telur_bubble",
        "texture_width": 256,
        "texture_height": 256,
        "visible_bounds_width": 4,
        "visible_bounds_height": 4.5,
        "visible_bounds_offset": [
          0,
          1.75,
          0
        ]
      },
      "bones": [
        {
          "name": "All",
          "pivot": [
            0,
            8,
            0
          ],
          "cubes": [
            {
              "origin": [
                -8,
                0,
                -8
              ],
              "size": [
                16,
                16,
                16
              ],
              "uv": [
                0,
                0
              ]
            },
            {
              "origin": [
                -7,
                1,
                8
              ],
              "size": [
                14,
                14,
                1
              ],
              "uv": [
                84,
                13
              ]
            },
            {
              "origin": [
                -5,
                3,
                10
              ],
              "size": [
                10,
                10,
                1
              ],
              "uv": [
                65,
                107
              ]
            },
            {
              "origin": [
                -5,
                13,
                9
              ],
              "size": [
                10,
                8,
                1
              ],
              "pivot": [
                0,
                14,
                10
              ],
              "rotation": [
                45,
                0,
                0
              ],
              "uv": [
                108,
                81
              ]
            },
            {
              "origin": [
                -6,
                2,
                9
              ],
              "size": [
                12,
                12,
                1
              ],
              "uv": [
                96,
                0
              ]
            },
            {
              "origin": [
                -5,
                -4.82843,
                7.17157
              ],
              "size": [
                10,
                8,
                1
              ],
              "pivot": [
                0,
                0.17157,
                8.17157
              ],
              "rotation": [
                -45,
                0,
                0
              ],
              "uv": [
                87,
                110
              ]
            },
            {
              "origin": [
                -5,
                3,
                -11
              ],
              "size": [
                10,
                10,
                1
              ],
              "uv": [
                107,
                90
              ]
            },
            {
              "origin": [
                -5,
                13,
                -11
              ],
              "size": [
                10,
                9,
                1
              ],
              "pivot": [
                0,
                13,
                -11
              ],
              "rotation": [
                -45,
                0,
                0
              ],
              "uv": [
                109,
                109
              ]
            },
            {
              "origin": [
                -5,
                -6,
                -11
              ],
              "size": [
                10,
                9,
                1
              ],
              "pivot": [
                0,
                3,
                -11
              ],
              "rotation": [
                45,
                0,
                0
              ],
              "uv": [
                108,
                71
              ]
            },
            {
              "origin": [
                5,
                3,
                -11
              ],
              "size": [
                8,
                10,
                1
              ],
              "pivot": [
                5,
                9,
                -11
              ],
              "rotation": [
                0,
                -45,
                0
              ],
              "uv": [
                16,
                60
              ]
            },
            {
              "origin": [
                -14,
                3,
                -11
              ],
              "size": [
                9,
                10,
                1
              ],
              "pivot": [
                -5,
                9,
                -11
              ],
              "rotation": [
                0,
                45,
                0
              ],
              "uv": [
                110,
                46
              ]
            },
            {
              "origin": [
                -14,
                3,
                11.3
              ],
              "size": [
                9,
                10,
                1
              ],
              "pivot": [
                -5,
                9,
                -11
              ],
              "rotation": [
                0,
                45,
                0
              ],
              "uv": [
                32,
                76
              ]
            },
            {
              "origin": [
                -6,
                2,
                -10
              ],
              "size": [
                12,
                12,
                1
              ],
              "uv": [
                98,
                58
              ]
            },
            {
              "origin": [
                -7,
                1,
                -9
              ],
              "size": [
                14,
                14,
                1
              ],
              "uv": [
                78,
                76
              ]
            },
            {
              "origin": [
                -7,
                16,
                -7
              ],
              "size": [
                14,
                1,
                14
              ],
              "uv": [
                42,
                33
              ]
            },
            {
              "origin": [
                -7,
                -1,
                -7
              ],
              "size": [
                14,
                1,
                14
              ],
              "uv": [
                0,
                32
              ]
            },
            {
              "origin": [
                -6,
                -2,
                -6
              ],
              "size": [
                12,
                1,
                12
              ],
              "uv": [
                48,
                0
              ]
            },
            {
              "origin": [
                -5,
                -3,
                -5
              ],
              "size": [
                10,
                1,
                10
              ],
              "uv": [
                54,
                22
              ]
            },
            {
              "origin": [
                -5,
                18,
                -5
              ],
              "size": [
                10,
                1,
                10
              ],
              "uv": [
                50,
                48
              ]
            },
            {
              "origin": [
                -6,
                17,
                -6
              ],
              "size": [
                12,
                1,
                12
              ],
              "uv": [
                0,
                47
              ]
            },
            {
              "origin": [
                8,
                1,
                -7
              ],
              "size": [
                1,
                14,
                14
              ],
              "uv": [
                0,
                60
              ]
            },
            {
              "origin": [
                -9,
                1,
                -7
              ],
              "size": [
                1,
                14,
                14
              ],
              "uv": [
                34,
                48
              ]
            },
            {
              "origin": [
                -10,
                2,
                -6
              ],
              "size": [
                1,
                12,
                12
              ],
              "uv": [
                18,
                76
              ]
            },
            {
              "origin": [
                -11,
                3,
                -5
              ],
              "size": [
                1,
                10,
                10
              ],
              "uv": [
                44,
                88
              ]
            },
            {
              "origin": [
                -11,
                13,
                -5
              ],
              "size": [
                1,
                9,
                10
              ],
              "pivot": [
                -11,
                13,
                0
              ],
              "rotation": [
                0,
                0,
                45
              ],
              "uv": [
                0,
                90
              ]
            },
            {
              "origin": [
                -11,
                -6,
                -5
              ],
              "size": [
                1,
                9,
                10
              ],
              "pivot": [
                -11,
                3,
                0
              ],
              "rotation": [
                0,
                0,
                -45
              ],
              "uv": [
                66,
                88
              ]
            },
            {
              "origin": [
                -11,
                3,
                5
              ],
              "size": [
                1,
                10,
                8
              ],
              "pivot": [
                -11,
                8,
                5
              ],
              "rotation": [
                0,
                45,
                0
              ],
              "uv": [
                100,
                28
              ]
            },
            {
              "origin": [
                10,
                3,
                -5
              ],
              "size": [
                1,
                10,
                10
              ],
              "uv": [
                88,
                38
              ]
            },
            {
              "origin": [
                10,
                3,
                5
              ],
              "size": [
                1,
                10,
                8
              ],
              "pivot": [
                11,
                8,
                5
              ],
              "rotation": [
                0,
                -45,
                0
              ],
              "uv": [
                34,
                100
              ]
            },
            {
              "origin": [
                10,
                -6,
                -5
              ],
              "size": [
                1,
                9,
                10
              ],
              "pivot": [
                11,
                3,
                1
              ],
              "rotation": [
                0,
                0,
                45
              ],
              "uv": [
                12,
                100
              ]
            },
            {
              "origin": [
                10,
                13,
                -5
              ],
              "size": [
                1,
                9,
                10
              ],
              "pivot": [
                11,
                13,
                1
              ],
              "rotation": [
                0,
                0,
                -45
              ],
              "uv": [
                88,
                91
              ]
            },
            {
              "origin": [
                9,
                2,
                -6
              ],
              "size": [
                1,
                12,
                12
              ],
              "uv": [
                52,
                64
              ]
            }
          ]
        },
        {
          "name": "Gigi",
          "parent": "All",
          "pivot": [
            0,
            5,
            17
          ],
          "cubes": [
            {
              "origin": [
                -5,
                3,
                -11.5
              ],
              "size": [
                10,
                8,
                0
              ],
              "uv": [
                64,
                13
              ]
            },
            {
              "origin": [
                -14,
                3,
                -11.5
              ],
              "size": [
                9,
                8,
                0
              ],
              "pivot": [
                -5,
                9,
                -11
              ],
              "rotation": [
                0,
                45,
                0
              ],
              "uv": [
                24,
                100
              ]
            },
            {
              "origin": [
                5,
                3,
                -11.5
              ],
              "size": [
                8,
                8,
                0
              ],
              "pivot": [
                5,
                9,
                -11
              ],
              "rotation": [
                0,
                -45,
                0
              ],
              "uv": [
                110,
                28
              ]
            }
          ]
        },
        {
          "name": "Gigi2",
          "parent": "All",
          "pivot": [
            0,
            6,
            11
          ],
          "cubes": [
            {
              "origin": [
                -5,
                0.65473,
                -11.5
              ],
              "size": [
                10,
                6,
                0
              ],
              "uv": [
                56,
                88
              ]
            },
            {
              "origin": [
                -14,
                0.65473,
                -11.5
              ],
              "size": [
                9,
                6,
                0
              ],
              "pivot": [
                -5,
                3.65473,
                -10.76046
              ],
              "rotation": [
                0,
                45,
                0
              ],
              "uv": [
                78,
                91
              ]
            },
            {
              "origin": [
                5,
                0.65473,
                -11.5
              ],
              "size": [
                8,
                6,
                0
              ],
              "pivot": [
                5,
                3.65473,
                -10.76046
              ],
              "rotation": [
                0,
                -45,
                0
              ],
              "uv": [
                0,
                9
              ]
            }
          ]
        },
        {
          "name": "bone",
          "parent": "All",
          "pivot": [
            8,
            11.5,
            -9
          ],
          "cubes": [
            {
              "origin": [
                6.46447,
                10,
                -8.59289
              ],
              "size": [
                3,
                3,
                1
              ],
              "pivot": [
                8,
                11.5,
                -9
              ],
              "rotation": [
                0,
                -45,
                0
              ],
              "uv": [
                36,
                48
              ]
            }
          ]
        },
        {
          "name": "bone2",
          "parent": "All",
          "pivot": [
            -8,
            11.5,
            -8
          ],
          "cubes": [
            {
              "origin": [
                -9.75736,
                10,
                -8.3
              ],
              "size": [
                3,
                3,
                1
              ],
              "pivot": [
                -8,
                11.5,
                -8
              ],
              "rotation": [
                0,
                45,
                0
              ],
              "uv": [
                48,
                4
              ]
            }
          ]
        },
        {
          "name": "Topi",
          "parent": "All",
          "pivot": [
            -1,
            19,
            0
          ],
          "cubes": [
            {
              "origin": [
                -4.5,
                19,
                -3.5
              ],
              "size": [
                8,
                9,
                8
              ],
              "uv": [
                66,
                59
              ]
            },
            {
              "origin": [
                -2,
                28,
                -1
              ],
              "size": [
                3,
                9,
                3
              ],
              "pivot": [
                -0.5,
                28,
                0.5
              ],
              "rotation": [
                -65.85133,
                20.70481,
                9.00717
              ],
              "uv": [
                0,
                32
              ]
            },
            {
              "origin": [
                -2,
                28,
                -1
              ],
              "size": [
                3,
                9,
                3
              ],
              "pivot": [
                -0.5,
                28,
                0.5
              ],
              "rotation": [
                -65.85133,
                -20.70481,
                -9.00717
              ],
              "uv": [
                0,
                32
              ]
            },
            {
              "origin": [
                -2,
                28,
                -1
              ],
              "size": [
                3,
                9,
                3
              ],
              "pivot": [
                -0.5,
                28,
                0.5
              ],
              "rotation": [
                67.5,
                0,
                0
              ],
              "uv": [
                0,
                32
              ]
            },
            {
              "origin": [
                -2,
                28,
                -1
              ],
              "size": [
                3,
                9,
                3
              ],
              "pivot": [
                -0.5,
                28,
                0.5
              ],
              "rotation": [
                -22.5,
                0,
                -67.5
              ],
              "uv": [
                0,
                32
              ]
            },
            {
              "origin": [
                -2,
                28,
                -1
              ],
              "size": [
                3,
                9,
                3
              ],
              "pivot": [
                -0.5,
                28,
                0.5
              ],
              "rotation": [
                -40,
                0,
                -67.5
              ],
              "uv": [
                0,
                32
              ]
            },
            {
              "origin": [
                -2,
                28,
                -1
              ],
              "size": [
                3,
                9,
                3
              ],
              "pivot": [
                -0.5,
                28,
                0.5
              ],
              "rotation": [
                -25,
                0,
                67.5
              ],
              "uv": [
                0,
                32
              ]
            },
            {
              "origin": [
                -2,
                28,
                -1
              ],
              "size": [
                3,
                9,
                3
              ],
              "pivot": [
                -0.5,
                28,
                0.5
              ],
              "rotation": [
                -42.5,
                0,
                67.5
              ],
              "uv": [
                0,
                32
              ]
            },
            {
              "origin": [
                -2,
                28,
                -1
              ],
              "size": [
                3,
                9,
                3
              ],
              "pivot": [
                -0.5,
                28,
                0.5
              ],
              "rotation": [
                25,
                0,
                67.5
              ],
              "uv": [
                0,
                32
              ]
            },
            {
              "origin": [
                -2,
                28,
                -1
              ],
              "size": [
                3,
                9,
                3
              ],
              "pivot": [
                -0.5,
                28,
                0.5
              ],
              "rotation": [
                -67.5,
                0,
                0
              ],
              "uv": [
                0,
                32
              ]
            },
            {
              "origin": [
                -2,
                28,
                -1
              ],
              "size": [
                3,
                9,
                3
              ],
              "pivot": [
                -0.5,
                28,
                0.5
              ],
              "rotation": [
                22.5,
                0,
                -67.5
              ],
              "uv": [
                0,
                32
              ]
            },
            {
              "origin": [
                -2,
                28,
                -1
              ],
              "size": [
                3,
                9,
                3
              ],
              "pivot": [
                -0.5,
                28,
                0.5
              ],
              "rotation": [
                65.85133,
                20.70481,
                -9.00717
              ],
              "uv": [
                0,
                32
              ]
            },
            {
              "origin": [
                -2,
                28,
                -1
              ],
              "size": [
                3,
                9,
                3
              ],
              "pivot": [
                -0.5,
                28,
                0.5
              ],
              "rotation": [
                61.59914,
                36.43129,
                -17.80232
              ],
              "uv": [
                0,
                32
              ]
            },
            {
              "origin": [
                -2,
                28,
                -1
              ],
              "size": [
                3,
                9,
                3
              ],
              "pivot": [
                -0.5,
                28,
                0.5
              ],
              "rotation": [
                65.85133,
                -20.70481,
                9.00717
              ],
              "uv": [
                0,
                32
              ]
            },
            {
              "origin": [
                -2,
                28,
                -1
              ],
              "size": [
                3,
                9,
                3
              ],
              "pivot": [
                -0.5,
                28,
                0.5
              ],
              "rotation": [
                61.59914,
                -36.43129,
                17.80232
              ],
              "uv": [
                0,
                32
              ]
            },
            {
              "origin": [
                -2,
                28,
                -1
              ],
              "size": [
                3,
                9,
                3
              ],
              "pivot": [
                -0.5,
                28,
                0.5
              ],
              "rotation": [
                0,
                0,
                67.5
              ],
              "uv": [
                0,
                32
              ]
            },
            {
              "origin": [
                -2,
                28,
                -1
              ],
              "size": [
                3,
                9,
                3
              ],
              "pivot": [
                -0.5,
                28,
                0.5
              ],
              "rotation": [
                0,
                0,
                -67.5
              ],
              "uv": [
                0,
                32
              ]
            }
          ]
        },
        {
          "name": "spatula",
          "pivot": [
            20,
            9,
            0
          ],
          "cubes": [
            {
              "origin": [
                19,
                3,
                -1
              ],
              "size": [
                2,
                15,
                2
              ],
              "uv": [
                52,
                108
              ]
            },
            {
              "origin": [
                17,
                19,
                -1
              ],
              "size": [
                6,
                7,
                2
              ],
              "uv": [
                0,
                0
              ]
            },
            {
              "origin": [
                16,
                17,
                -1
              ],
              "size": [
                4,
                1,
                2
              ],
              "pivot": [
                20,
                17,
                0
              ],
              "rotation": [
                0,
                0,
                40
              ],
              "uv": [
                42,
                43
              ]
            },
            {
              "origin": [
                20,
                17,
                -1
              ],
              "size": [
                4,
                2,
                2
              ],
              "pivot": [
                20,
                17,
                0
              ],
              "rotation": [
                0,
                0,
                -40
              ],
              "uv": [
                48,
                0
              ]
            }
          ]
        },
        {
          "name": "spatula2",
          "pivot": [
            -19,
            9,
            0
          ],
          "cubes": [
            {
              "origin": [
                -20,
                3,
                -1
              ],
              "size": [
                2,
                6,
                2
              ],
              "uv": [
                0,
                47
              ]
            },
            {
              "origin": [
                -24,
                7,
                0
              ],
              "size": [
                6,
                11,
                0
              ],
              "uv": [
                42,
                32
              ]
            }
          ]
        }
      ]
    }
  ]
}