{
	"format_version": "1.18.20",
	"minecraft:entity": {
		"description": {
			"identifier": "fv:bamboo_watcher_golem",
			"is_spawnable": false,
			"is_summonable": true,
			"is_experimental": false,
			"runtime_identifier": "piglin",
			"animations": {
				"sensor": "controller.animation.pickup.item.sensor",
				"charge": "controller.animation.cowboy.charge"
			},
			"scripts": {
				"animate": [
					"sensor",
					"charge"
				]
			}
		},
		"component_groups": {
			"alert_for_attack_targets": {
				"minecraft:behavior.nearest_attackable_target": {
					"priority": 2,
					"must_see": true,
					"reselect_targets": true,
					"within_radius": 40,
					"entity_types": [
						{
							"filters": {
								"any_of": [
									{
										"test": "is_family",
										"subject": "other",
										"value": "monster"
									},
									{
										"test": "is_family",
										"subject": "other",
										"value": "illager"
									},
									{
										"test": "is_family",
										"subject": "other",
										"value": "undead"
									}
								]
							},
							"max_dist": 50
						},
						{
							"filters": {
								"all_of": [
									{
										"test": "is_family",
										"subject": "other",
										"value": "piglin"
									},
									{
										"test": "has_component",
										"subject": "other",
										"operator": "!=",
										"value": "minecraft:is_baby"
									}
								]
							},
							"max_dist": 50
						},
						{
							"filters": {
								"all_of": [
									{
										"test": "is_family",
										"subject": "other",
										"value": "player"
									},
									{
										"test": "has_component",
										"subject": "self",
										"operator": "==",
										"value": "minecraft:is_sheared"
									},
									{
										"test": "is_owner",
										"subject": "other",
										"value": false
									}
								]
							},
							"max_dist": 50
						}
					]
				}
			},
			"angry": {
				"minecraft:angry": {
					"duration": 30,
					"broadcast_anger": false,
					"broadcast_anger_on_attack": false,
					"broadcast_anger_on_being_attacked": true,
					"broadcast_range": 16,
					"broadcast_targets": [
						"bamboogolem"
					],
					"calm_event": {
						"event": "become_calm_event",
						"target": "self"
					},
					"filters": {
						"any_of": [
							{
								"test": "is_family",
								"subject": "other",
								"operator": "!=",
								"value": "irongolem"
							},
							{
								"test": "is_family",
								"subject": "other",
								"operator": "!=",
								"value": "player"
							}
						]
					},
					"angry_sound": "angry",
					"sound_interval": {
						"range_min": 2,
						"range_max": 5
					}
				}
			},
			"minecraft:ranged_attack": {
				"minecraft:behavior.ranged_attack": {
					"priority": 4,
					"attack_interval_min": 1,
					"attack_interval_max": 3,
					"attack_radius": 50
				},
				"minecraft:shooter": {
					"def": "fv:villager_arrow"
				}
			},
			"despawn": {
				"minecraft:instant_despawn": {
					"remove_child_entities": false
				}
			},
			"can_tame": {
				"minecraft:tameable": {
					"probability": 1,
					"tame_items": "emerald",
					"tame_event": {
						"event": "tamed",
						"target": "self"
					}
				}
			},
			"tamed": {
				"minecraft:is_tamed": {},
				"minecraft:behavior.owner_hurt_by_target": {
					"priority": 0
				},
				"minecraft:behavior.owner_hurt_target": {
					"priority": 1
				},
				"minecraft:health": {
					"value": 30,
					"max": 30
				}
			},
			"can_attack_player": {
				"minecraft:is_sheared": {}
			},
			"minecraft:crossbow_attack": {
				"minecraft:behavior.ranged_attack": {
					"priority": 4,
					"attack_interval_min": 1,
					"attack_interval_max": 1,
					"attack_radius": 50
				},
				"minecraft:shooter": {
					"def": "fv:villager_arrow"
				},
				"minecraft:behavior.charge_held_item": {
					"items": [
						"arrow"
					]
				}
			},
			"minecraft:gun_attack": {
				"minecraft:behavior.ranged_attack": {
					"priority": 4,
					"attack_interval_min": 2,
					"attack_interval_max": 3,
					"attack_radius": 50
				},
				"minecraft:shooter": {
					"def": "fv:villager_bullet"
				},
				"minecraft:behavior.charge_held_item": {
					"items": [
						"fv:bullet"
					]
				}
			},
			"crossbow_style": {
				"minecraft:variant": {
					"value": 1
				}
			},
			"gun_style": {
				"minecraft:variant": {
					"value": 2
				}
			}
		},
		"components": {
			"minecraft:is_hidden_when_invisible": {},
			"minecraft:collision_box": {
				"width": 0.6,
				"height": 1.9
			},
			"minecraft:type_family": {
				"family": [
					"irongolem",
					"bamboogolem"
				]
			},
			"minecraft:variant": {
				"value": 0
			},
			"minecraft:conditional_bandwidth_optimization": {},
			"minecraft:experience_reward": {
				"on_death": "query.last_hit_by_player?20:0"
			},
			"minecraft:on_target_acquired": {
				"event": "become_angry_event",
				"target": "self"
			},
			"minecraft:breathable": {
				"total_supply": 15,
				"suffocate_time": 0
			},
			"minecraft:health": {
				"value": 20,
				"max": 20
			},
			"minecraft:hurt_on_condition": {
				"damage_conditions": [
					{
						"filters": {
							"test": "in_lava",
							"subject": "self",
							"operator": "==",
							"value": true
						},
						"cause": "lava",
						"damage_per_tick": 4
					}
				]
			},
			"minecraft:loot": {
				"table": "loot_tables/bamboo_drop.json"
			},
			"minecraft:movement": {
				"value": 0
			},
			"minecraft:navigation.walk": {
				"can_path_over_water": true,
				"can_open_doors": true
			},
			"minecraft:movement.basic": {},
			"minecraft:jump.static": {},
			"minecraft:nameable": {},
			"minecraft:behavior.hurt_by_target": {
				"priority": 1,
				"entity_types": {
					"filters": {
						"all_of": [
							{
								"test": "is_family",
								"subject": "other",
								"operator": "!=",
								"value": "player"
							},
							{
								"test": "is_family",
								"subject": "other",
								"operator": "!=",
								"value": "irongolem"
							}
						]
					},
					"max_dist": 64
				}
			},
			"minecraft:behavior.look_at_player": {
				"priority": 8,
				"look_distance": 8
			},
			"minecraft:behavior.random_look_around": {
				"priority": 9
			},
			"minecraft:physics": {},
			"minecraft:pushable": {
				"is_pushable": false,
				"is_pushable_by_piston": false
			},
			"minecraft:follow_range": {
				"value": 64
			},
			"minecraft:damage_sensor": {
				"triggers": [
					{
						"on_damage": {
							"filters": {
								"all_of": [
									{
										"test": "is_family",
										"subject": "other",
										"value": "irongolem"
									},
									{
										"test": "has_component",
										"subject": "self",
										"operator": "!=",
										"value": "minecraft:is_tamed"
									}
								]
							}
						},
						"deals_damage": false
					}
				]
			},
			"minecraft:interact": {
				"interactions": [
					{
						"add_items": {
							"table": "loot_tables/bamboo_turret.json"
						},
						"interact_text": "get back",
						"on_interact": {
							"filters": {
								"all_of": [
									{
										"test": "is_family",
										"subject": "other",
										"value": "player"
									},
									{
										"test": "is_sneaking",
										"subject": "other",
										"value": true
									}
								]
							},
							"event": "despawn",
							"target": "self"
						}
					},
					{
						"interact_text": "kill player",
						"on_interact": {
							"filters": {
								"all_of": [
									{
										"test": "is_family",
										"subject": "other",
										"value": "player"
									},
									{
										"test": "has_component",
										"subject": "self",
										"operator": "!=",
										"value": "minecraft:is_sheared"
									},
									{
										"test": "is_owner",
										"subject": "other",
										"value": true
									}
								]
							},
							"event": "change_mode_1",
							"target": "self"
						}
					},
					{
						"interact_text": "no kill player",
						"on_interact": {
							"filters": {
								"all_of": [
									{
										"test": "is_family",
										"subject": "other",
										"value": "player"
									},
									{
										"test": "has_component",
										"subject": "self",
										"operator": "==",
										"value": "minecraft:is_sheared"
									},
									{
										"test": "is_owner",
										"subject": "other",
										"value": true
									}
								]
							},
							"event": "change_mode_2",
							"target": "self"
						}
					}
				]
			},
			"minecraft:knockback_resistance": {
				"value": 10,
				"max": 10
			},
			"minecraft:shareables": {
				"items": [
					{
						"priority": 0,
						"item": "netherite_helmet",
						"want_amount": 1,
						"surplus_amount": 1
					},
					{
						"priority": 0,
						"item": "netherite_chestplate",
						"want_amount": 1,
						"surplus_amount": 1
					},
					{
						"priority": 1,
						"item": "diamond_helmet",
						"want_amount": 1,
						"surplus_amount": 1
					},
					{
						"priority": 1,
						"item": "diamond_chestplate",
						"want_amount": 1,
						"surplus_amount": 1
					},
					{
						"priority": 2,
						"item": "fv:steel_helmet",
						"want_amount": 1,
						"surplus_amount": 1
					},
					{
						"priority": 2,
						"item": "fv:steel_chestplate",
						"want_amount": 1,
						"surplus_amount": 1
					},
					{
						"priority": 3,
						"item": "iron_helmet",
						"want_amount": 1,
						"surplus_amount": 1
					},
					{
						"priority": 3,
						"item": "iron_chestplate",
						"want_amount": 1,
						"surplus_amount": 1
					},
					{
						"priority": 3,
						"item": "fv:tin_helmet",
						"want_amount": 1,
						"surplus_amount": 1
					},
					{
						"priority": 3,
						"item": "fv:tin_chestplate",
						"want_amount": 1,
						"surplus_amount": 1
					},
					{
						"priority": 4,
						"item": "chainmail_helmet",
						"want_amount": 1,
						"surplus_amount": 1
					},
					{
						"priority": 4,
						"item": "chainmail_chestplate",
						"want_amount": 1,
						"surplus_amount": 1
					},
					{
						"priority": 4,
						"item": "fv:bronze_armor_helmet",
						"want_amount": 1,
						"surplus_amount": 1
					},
					{
						"priority": 4,
						"item": "fv:bronze_armor_chestplate",
						"want_amount": 1,
						"surplus_amount": 1
					},
					{
						"priority": 5,
						"item": "fv:copper_armor_helmet",
						"want_amount": 1,
						"surplus_amount": 1
					},
					{
						"priority": 5,
						"item": "fv:copper_armor_chestplate",
						"want_amount": 1,
						"surplus_amount": 1
					},
					{
						"priority": 6,
						"item": "golden_helmet",
						"want_amount": 1,
						"surplus_amount": 1
					},
					{
						"priority": 6,
						"item": "golden_chestplate",
						"want_amount": 1,
						"surplus_amount": 1
					},
					{
						"priority": 7,
						"item": "leather_helmet",
						"want_amount": 1,
						"surplus_amount": 1
					},
					{
						"priority": 7,
						"item": "leather_chestplate",
						"want_amount": 1,
						"surplus_amount": 1
					},
					{
						"priority": 8,
						"item": "turtle_helmet",
						"want_amount": 1,
						"surplus_amount": 1
					},
					{
						"priority": 5,
						"item": "bow",
						"want_amount": 1,
						"surplus_amount": 1
					},
					{
						"priority": 4,
						"item": "crossbow",
						"want_amount": 1,
						"surplus_amount": 1
					},
					{
						"priority": 3,
						"item": "mustket:crossbow",
						"want_amount": 1,
						"surplus_amount": 1
					},
					{
						"priority": 2,
						"item": "pirate:crossbow",
						"want_amount": 1,
						"surplus_amount": 1
					},
					{
						"priority": 1,
						"item": "flintlock:crossbow",
						"want_amount": 1,
						"surplus_amount": 1
					},
					{
						"priority": 0,
						"item": "rifle:crossbow",
						"want_amount": 1,
						"surplus_amount": 1
					}
				]
			},
			"minecraft:equip_item": {},
			"minecraft:behavior.equip_item": {
				"priority": 3
			},
			"minecraft:behavior.pickup_items": {
				"priority": 3,
				"max_dist": 3,
				"goal_radius": 2,
				"speed_multiplier": 1
			}
		},
		"events": {
			"minecraft:entity_spawned": {
				"add": {
					"component_groups": [
						"alert_for_attack_targets",
						"minecraft:ranged_attack",
						"can_tame"
					]
				}
			},
			"become_angry_event": {
				"add": {
					"component_groups": [
						"angry"
					]
				}
			},
			"become_calm_event": {
				"remove": {
					"component_groups": [
						"angry"
					]
				},
				"add": {
					"component_groups": [
						"alert_for_attack_targets"
					]
				}
			},
			"despawn": {
				"add": {
					"component_groups": [
						"despawn"
					]
				}
			},
			"tamed": {
				"add": {
					"component_groups": [
						"tamed"
					]
				},
				"remove": {
					"component_groups": [
						"can_tame"
					]
				}
			},
			"change_mode_1": {
				"add": {
					"component_groups": [
						"can_attack_player"
					]
				}
			},
			"change_mode_2": {
				"remove": {
					"component_groups": [
						"can_attack_player"
					]
				}
			},
			"crossbow": {
				"add": {
					"component_groups": [
						"minecraft:crossbow_attack",
						"crossbow_style"
					]
				},
				"remove": {
					"component_groups": [
						"minecraft:ranged_attack",
						"minecraft:gun_attack",
						"gun_style"
					]
				}
			},
			"gun": {
				"add": {
					"component_groups": [
						"minecraft:gun_attack",
						"gun_style"
					]
				},
				"remove": {
					"component_groups": [
						"minecraft:ranged_attack",
						"minecraft:crossbow_attack"
					]
				}
			},
			"ranged": {
				"add": {
					"component_groups": [
						"minecraft:ranged_attack"
					]
				},
				"remove": {
					"component_groups": [
						"minecraft:crossbow_attack",
						"minecraft:gun_attack",
						"crossbow_style",
						"gun_style"
					]
				}
			}
		}
	}
}