{
	"format_version": "1.19.50",
	"minecraft:entity": {
		"description": {
			"identifier": "fv:iron_golem_tamed",
			"is_spawnable": false,
			"is_summonable": true,
			"is_experimental": false,
			"runtime_identifier": "iron_golem"
		},
		"component_groups": {
			"minecraft:player_created": {
				"minecraft:behavior.hurt_by_target": {
					"priority": 2,
					"entity_types": {
						"filters": {
							"all_of": [
								{
									"all_of": [
										{
											"test": "is_family",
											"subject": "other",
											"value": "player"
										},
										{
											"test": "is_owner",
											"subject": "other",
											"value": false
										}
									]
								},
								{
									"test": "is_family",
									"subject": "other",
									"operator": "!=",
									"value": "irongolem"
								}
							]
						}
					}
				},
				"minecraft:behavior.owner_hurt_by_target": {
					"priority": 0
				},
				"minecraft:behavior.owner_hurt_target": {
					"priority": 1
				},
				"minecraft:sittable": {},
				"minecraft:behavior.stay_while_sitting": {
					"priority": 2
				}
			},
			"attack_player": {
				"minecraft:is_sheared": {}
			}
		},
		"components": {
			"minecraft:is_hidden_when_invisible": {},
			"minecraft:type_family": {
				"family": [
					"irongolem",
					"mob"
				]
			},
			"minecraft:variant": {
				"value": 0
			},
			"minecraft:nameable": {},
			"minecraft:collision_box": {
				"width": 1.4,
				"height": 2.9
			},
			"minecraft:loot": {
				"table": "loot_tables/entities/iron_golem_tamed.json"
			},
			"minecraft:health": {
				"value": 100,
				"max": 100
			},
			"minecraft:hurt_on_condition": {
				"damage_conditions": [
					{
						"filters": {
							"test": "in_lava",
							"subject": "self",
							"operator": "==",
							"value": true
						},
						"cause": "lava",
						"damage_per_tick": 4
					}
				]
			},
			"minecraft:movement": {
				"value": 0.25
			},
			"minecraft:navigation.walk": {
				"can_path_over_water": false,
				"avoid_water": true,
				"avoid_damage_blocks": true
			},
			"minecraft:movement.basic": {},
			"minecraft:jump.static": {},
			"minecraft:can_climb": {},
			"minecraft:interact": {
				"interactions": [
					{
						"on_interact": {
							"filters": {
								"all_of": [
									{
										"test": "is_family",
										"subject": "other",
										"value": "player"
									},
									{
										"test": "has_equipment",
										"domain": "hand",
										"subject": "other",
										"value": "iron_ingot"
									},
									{
										"test": "is_missing_health",
										"value": true
									}
								]
							}
						},
						"use_item": true,
						"health_amount": 25,
						"play_sounds": "irongolem.repair",
						"interact_text": "action.interact.repair"
					},
					{
						"on_interact": {
							"filters": {
								"all_of": [
									{
										"test": "is_family",
										"subject": "other",
										"value": "player"
									},
									{
										"test": "is_owner",
										"subject": "other",
										"value": true
									},
									{
										"test": "has_component",
										"subject": "self",
										"operator": "!=",
										"value": "minecraft:is_sheared"
									}
								]
							},
							"event": "attack_player",
							"target": "self"
						},
						"play_sounds": "irongolem.repair",
						"interact_text": "attack player on"
					},
					{
						"on_interact": {
							"filters": {
								"all_of": [
									{
										"test": "is_family",
										"subject": "other",
										"value": "player"
									},
									{
										"test": "is_owner",
										"subject": "other",
										"value": true
									},
									{
										"test": "has_component",
										"subject": "self",
										"operator": "==",
										"value": "minecraft:is_sheared"
									}
								]
							},
							"event": "none_attack_player",
							"target": "self"
						},
						"play_sounds": "irongolem.repair",
						"interact_text": "attack player off"
					}
				]
			},
			"minecraft:attack": {
				"damage": {
					"range_min": 7,
					"range_max": 21
				}
			},
			"minecraft:damage_sensor": {
				"triggers": [
					{
						"cause": "fall",
						"deals_damage": false
					},
					{
						"on_damage": {
							"filters": {
								"all_of": [
									{
										"test": "is_family",
										"subject": "other",
										"value": "irongolem"
									},
									{
										"test": "has_component",
										"subject": "self",
										"operator": "!=",
										"value": "minecraft:is_tamed"
									}
								]
							}
						},
						"deals_damage": false
					}
				]
			},
			"minecraft:knockback_resistance": {
				"value": 1
			},
			"minecraft:leashable": {
				"soft_distance": 4,
				"hard_distance": 6,
				"max_distance": 10
			},
			"minecraft:balloonable": {
				"mass": 2
			},
			"minecraft:preferred_path": {
				"max_fall_blocks": 1,
				"jump_cost": 5,
				"default_block_cost": 1.5,
				"preferred_path_blocks": [
					{
						"cost": 0,
						"blocks": [
							"grass_path"
						]
					},
					{
						"cost": 1,
						"blocks": [
							"cobblestone",
							"stone",
							"stonebrick",
							"sandstone",
							"mossy_cobblestone",
							"stone_slab",
							"stone_slab2",
							"stone_slab3",
							"stone_slab4",
							"double_stone_slab",
							"double_stone_slab2",
							"double_stone_slab3",
							"double_stone_slab4",
							"wooden_slab",
							"double_wooden_slab",
							"planks",
							"brick_block",
							"nether_brick",
							"red_nether_brick",
							"end_bricks",
							"red_sandstone",
							"stained_glass",
							"glass",
							"glowstone",
							"prismarine",
							"emerald_block",
							"diamond_block",
							"lapis_block",
							"gold_block",
							"redstone_block",
							"purple_glazed_terracotta",
							"white_glazed_terracotta",
							"orange_glazed_terracotta",
							"magenta_glazed_terracotta",
							"light_blue_glazed_terracotta",
							"yellow_glazed_terracotta",
							"lime_glazed_terracotta",
							"pink_glazed_terracotta",
							"gray_glazed_terracotta",
							"silver_glazed_terracotta",
							"cyan_glazed_terracotta",
							"blue_glazed_terracotta",
							"brown_glazed_terracotta",
							"green_glazed_terracotta",
							"red_glazed_terracotta",
							"black_glazed_terracotta"
						]
					},
					{
						"cost": 50,
						"blocks": [
							"bed",
							"lectern",
							"composter",
							"grindstone",
							"blast_furnace",
							"smoker",
							"fletching_table",
							"cartography_table",
							"brewing_stand",
							"smithing_table",
							"cauldron",
							"barrel",
							"loom",
							"stonecutter"
						]
					}
				]
			},
			"minecraft:behavior.target_when_pushed": {
				"priority": 1,
				"percent_chance": 5,
				"entity_types": [
					{
						"filters": {
							"all_of": [
								{
									"test": "is_family",
									"subject": "other",
									"value": "monster"
								},
								{
									"test": "is_family",
									"subject": "other",
									"operator": "!=",
									"value": "creeper"
								}
							]
						}
					}
				]
			},
			"minecraft:behavior.melee_attack": {
				"priority": 1,
				"track_target": true
			},
			"minecraft:behavior.move_towards_target": {
				"priority": 2,
				"speed_multiplier": 0.9,
				"within_radius": 32
			},
			"minecraft:behavior.move_through_village": {
				"priority": 3,
				"speed_multiplier": 0.6,
				"only_at_night": true
			},
			"minecraft:behavior.move_towards_dwelling_restriction": {
				"priority": 4,
				"speed_multiplier": 1
			},
			"minecraft:behavior.offer_flower": {
				"priority": 5
			},
			"minecraft:behavior.random_stroll": {
				"priority": 6,
				"speed_multiplier": 0.6,
				"xz_dist": 16
			},
			"minecraft:behavior.look_at_player": {
				"priority": 7,
				"look_distance": 6,
				"probability": 0.02
			},
			"minecraft:behavior.random_look_around": {
				"priority": 8
			},
			"minecraft:behavior.nearest_attackable_target": {
				"priority": 3,
				"must_reach": true,
				"must_see": true,
				"entity_types": [
					{
						"filters": {
							"all_of": [
								{
									"test": "is_family",
									"subject": "other",
									"value": "monster"
								},
								{
									"test": "is_family",
									"subject": "other",
									"operator": "!=",
									"value": "creeper"
								}
							]
						},
						"within_default": 10
					},
					{
						"filters": {
							"all_of": [
								{
									"test": "is_family",
									"subject": "other",
									"value": "player"
								},
								{
									"test": "is_owner",
									"subject": "other",
									"value": false
								},
								{
									"test": "has_component",
									"subject": "self",
									"operator": "==",
									"value": "minecraft:is_sheared"
								}
							]
						},
						"within_default": 10
					},
					{
						"filters": {
							"all_of": [
								{
									"test": "is_family",
									"subject": "other",
									"value": "hoglin"
								},
								{
									"test": "is_difficulty",
									"operator": "!=",
									"value": "peaceful"
								}
							]
						},
						"max_dist": 16
					},
					{
						"filters": {
							"all_of": [
								{
									"test": "is_family",
									"subject": "other",
									"value": "zoglin"
								},
								{
									"test": "is_difficulty",
									"operator": "!=",
									"value": "peaceful"
								}
							]
						},
						"max_dist": 16
					}
				]
			},
			"minecraft:behavior.hurt_by_target": {
				"priority": 2,
				"entity_types": {
					"filters": {
						"test": "is_family",
						"subject": "other",
						"operator": "!=",
						"value": "irongolem"
					}
				}
			},
			"minecraft:persistent": {},
			"minecraft:physics": {},
			"minecraft:pushable": {
				"is_pushable": true,
				"is_pushable_by_piston": true
			},
			"minecraft:follow_range": {
				"value": 64
			},
			"minecraft:conditional_bandwidth_optimization": {}
		},
		"events": {
			"minecraft:from_player": {
				"add": {
					"component_groups": [
						"minecraft:player_created"
					]
				}
			},
			"minecraft:entity_transformed": {
				"add": {
					"component_groups": [
						"minecraft:player_created"
					]
				}
			},
			"attack_player": {
				"add": {
					"component_groups": [
						"attack_player"
					]
				}
			},
			"none_attack_player": {
				"remove": {
					"component_groups": [
						"attack_player"
					]
				}
			}
		}
	}
}