{
	"format_version": "1.13.0",
	"minecraft:entity": {
		"description": {
			"identifier": "fv:villager_arrow",
			"is_spawnable": false,
			"is_summonable": true,
			"is_experimental": false,
			"runtime_identifier": "arrow",
			"animations": {
				"crossbow": "animation.crossbow.shoot",
				"bow": "animation.bow.shoot"
			},
			"scripts": {
				"animate": [
					{
						"bow": "query.variant==1"
					},
					{
						"crossbow": "query.variant==2"
					}
				]
			}
		},
		"component_groups": {
			"villager_arrow": {
				"minecraft:projectile": {
					"on_hit": {
						"impact_damage": {
							"damage": [
								4,
								8
							],
							"knockback": true,
							"semi_random_diff_damage": false,
							"destroy_on_hit": true
						},
						"stick_in_ground": {
							"shake_time": 0.35
						},
						"arrow_effect": {},
						"definition_event": {
							"affect_projectile": true,
							"event_trigger": {
								"event": "timer",
								"target": "self"
							}
						}
					},
					"hit_sound": "bow.hit",
					"power": 1.6,
					"gravity": 0.05,
					"uncertainty_base": 16,
					"uncertainty_multiplier": 4,
					"anchor": 1,
					"should_bounce": true,
					"offset": [
						0,
						-0.2,
						0
					]
				}
			},
			"soldier_arrow": {
				"minecraft:projectile": {
					"on_hit": {
						"impact_damage": {
							"damage": [
								6,
								12
							],
							"knockback": true,
							"semi_random_diff_damage": false,
							"destroy_on_hit": true
						},
						"stick_in_ground": {
							"shake_time": 0.35
						},
						"arrow_effect": {},
						"definition_event": {
							"affect_projectile": true,
							"event_trigger": {
								"event": "timer",
								"target": "self"
							}
						}
					},
					"hit_sound": "bow.hit",
					"power": 1.6,
					"gravity": 0.05,
					"uncertainty_base": 8,
					"uncertainty_multiplier": 2,
					"anchor": 1,
					"should_bounce": true,
					"offset": [
						0,
						-0.2,
						0
					]
				}
			},
			"elite_arrow": {
				"minecraft:projectile": {
					"on_hit": {
						"impact_damage": {
							"damage": [
								8,
								14
							],
							"knockback": true,
							"semi_random_diff_damage": false,
							"destroy_on_hit": true
						},
						"stick_in_ground": {
							"shake_time": 0.35
						},
						"arrow_effect": {},
						"definition_event": {
							"affect_projectile": true,
							"event_trigger": {
								"event": "timer",
								"target": "self"
							}
						}
					},
					"hit_sound": "bow.hit",
					"power": 1.8,
					"gravity": 0.05,
					"uncertainty_base": 7,
					"uncertainty_multiplier": 1,
					"anchor": 1,
					"should_bounce": true,
					"offset": [
						0,
						-0.2,
						0
					]
				}
			},
			"royal_arrow": {
				"minecraft:projectile": {
					"on_hit": {
						"impact_damage": {
							"damage": [
								10,
								16
							],
							"knockback": true,
							"semi_random_diff_damage": false,
							"destroy_on_hit": true
						},
						"stick_in_ground": {
							"shake_time": 0.35
						},
						"arrow_effect": {},
						"definition_event": {
							"affect_projectile": true,
							"event_trigger": {
								"event": "timer",
								"target": "self"
							}
						}
					},
					"hit_sound": "bow.hit",
					"power": 2,
					"gravity": 0.05,
					"uncertainty_base": 6,
					"uncertainty_multiplier": 0,
					"anchor": 1,
					"should_bounce": true,
					"offset": [
						0,
						-0.2,
						0
					]
				}
			},
			"bamboo_arrow": {
				"minecraft:projectile": {
					"on_hit": {
						"impact_damage": {
							"damage": [
								3,
								6
							],
							"knockback": true,
							"semi_random_diff_damage": false,
							"destroy_on_hit": true
						},
						"stick_in_ground": {
							"shake_time": 0.35
						},
						"arrow_effect": {},
						"definition_event": {
							"affect_projectile": true,
							"event_trigger": {
								"event": "timer",
								"target": "self"
							}
						}
					},
					"hit_sound": "bow.hit",
					"power": 2.5,
					"gravity": 0.05,
					"uncertainty_base": 8,
					"uncertainty_multiplier": 2,
					"anchor": 1,
					"should_bounce": true,
					"offset": [
						0,
						-0.1,
						0
					]
				}
			},
			"archer_arrow": {
				"minecraft:projectile": {
					"on_hit": {
						"impact_damage": {
							"damage": [
								8,
								16
							],
							"knockback": true,
							"semi_random_diff_damage": false,
							"destroy_on_hit": true
						},
						"stick_in_ground": {
							"shake_time": 0.35
						},
						"arrow_effect": {},
						"definition_event": {
							"affect_projectile": true,
							"event_trigger": {
								"event": "timer",
								"target": "self"
							}
						}
					},
					"hit_sound": "bow.hit",
					"power": 2.5,
					"gravity": 0.05,
					"uncertainty_base": 8,
					"uncertainty_multiplier": 2,
					"anchor": 1,
					"should_bounce": true,
					"offset": [
						0,
						-0.2,
						0
					]
				}
			},
			"archer_elite_arrow": {
				"minecraft:projectile": {
					"on_hit": {
						"impact_damage": {
							"damage": [
								10,
								18
							],
							"knockback": true,
							"semi_random_diff_damage": false,
							"destroy_on_hit": true
						},
						"stick_in_ground": {
							"shake_time": 0.35
						},
						"arrow_effect": {},
						"definition_event": {
							"affect_projectile": true,
							"event_trigger": {
								"event": "timer",
								"target": "self"
							}
						}
					},
					"hit_sound": "bow.hit",
					"power": 2.8,
					"gravity": 0.05,
					"uncertainty_base": 7,
					"uncertainty_multiplier": 1,
					"anchor": 1,
					"should_bounce": true,
					"offset": [
						0,
						-0.2,
						0
					]
				}
			},
			"archer_royal_arrow": {
				"minecraft:projectile": {
					"on_hit": {
						"impact_damage": {
							"damage": [
								12,
								20
							],
							"knockback": true,
							"semi_random_diff_damage": false,
							"destroy_on_hit": true
						},
						"stick_in_ground": {
							"shake_time": 0.35
						},
						"arrow_effect": {},
						"definition_event": {
							"affect_projectile": true,
							"event_trigger": {
								"event": "timer",
								"target": "self"
							}
						}
					},
					"hit_sound": "bow.hit",
					"power": 3,
					"gravity": 0.05,
					"uncertainty_base": 6,
					"uncertainty_multiplier": 0,
					"anchor": 1,
					"should_bounce": true,
					"offset": [
						0,
						-0.2,
						0
					]
				}
			},
			"despawn": {
				"minecraft:instant_despawn": {
					"remove_child_entities": false
				}
			},
			"timer": {
				"minecraft:timer": {
					"time": [
						1,
						1
					],
					"time_down_event": {
						"event": "despawn",
						"target": "self"
					}
				}
			},
			"bamboo_crossbow": {
				"minecraft:variant": {
					"value": 2
				}
			},
			"bamboo_bow": {
				"minecraft:variant": {
					"value": 1
				}
			}
		},
		"components": {
			"minecraft:collision_box": {
				"width": 0.25,
				"height": 0.25
			},
			"minecraft:hurt_on_condition": {
				"damage_conditions": [
					{
						"filters": {
							"test": "in_lava",
							"subject": "self",
							"operator": "==",
							"value": true
						},
						"cause": "lava",
						"damage_per_tick": 4
					}
				]
			},
			"minecraft:projectile": {
				"on_hit": {
					"impact_damage": {
						"damage": [
							1,
							4
						],
						"knockback": true,
						"semi_random_diff_damage": false,
						"destroy_on_hit": true
					},
					"stick_in_ground": {
						"shake_time": 0.35
					},
					"arrow_effect": {},
					"definition_event": {
						"affect_projectile": true,
						"event_trigger": {
							"event": "timer",
							"target": "self"
						}
					}
				},
				"hit_sound": "bow.hit",
				"power": 1.6,
				"gravity": 0.05,
				"uncertainty_base": 16,
				"uncertainty_multiplier": 4,
				"anchor": 1,
				"should_bounce": true,
				"offset": [
					0,
					-0.2,
					0
				]
			},
			"minecraft:physics": {},
			"minecraft:pushable": {
				"is_pushable": false,
				"is_pushable_by_piston": true
			},
			"minecraft:conditional_bandwidth_optimization": {
				"default_values": {
					"max_optimized_distance": 80,
					"max_dropped_ticks": 7,
					"use_motion_prediction_hints": true
				}
			}
		},
		"events": {
			"minecraft:entity_spawned": {
				"sequence": [
					{
						"filters": {
							"test": "is_family",
							"subject": "other",
							"value": "irongolem"
						},
						"add": {
							"component_groups": [
								"villager_arrow"
							]
						}
					},
					{
						"filters": {
							"all_of": [
								{
									"test": "is_family",
									"subject": "other",
									"value": "irongolem"
								},
								{
									"test": "is_family",
									"subject": "other",
									"operator": "==",
									"value": "soldier"
								}
							]
						},
						"add": {
							"component_groups": [
								"soldier_arrow"
							]
						}
					},
					{
						"filters": {
							"all_of": [
								{
									"test": "is_family",
									"subject": "other",
									"value": "irongolem"
								},
								{
									"test": "is_family",
									"subject": "other",
									"operator": "==",
									"value": "bamboo"
								}
							]
						},
						"add": {
							"component_groups": [
								"bamboo_arrow"
							]
						}
					},
					{
						"filters": {
							"all_of": [
								{
									"test": "is_family",
									"subject": "other",
									"value": "irongolem"
								},
								{
									"test": "is_family",
									"subject": "other",
									"operator": "==",
									"value": "soldier"
								},
								{
									"test": "is_family",
									"subject": "other",
									"operator": "==",
									"value": "archer"
								}
							]
						},
						"add": {
							"component_groups": [
								"archer_arrow"
							]
						}
					},
					{
						"filters": {
							"all_of": [
								{
									"test": "is_family",
									"subject": "other",
									"value": "irongolem"
								},
								{
									"test": "is_family",
									"subject": "other",
									"operator": "==",
									"value": "elite"
								},
								{
									"test": "is_family",
									"subject": "other",
									"operator": "==",
									"value": "archer"
								}
							]
						},
						"add": {
							"component_groups": [
								"archer_elite_arrow"
							]
						}
					},
					{
						"filters": {
							"all_of": [
								{
									"test": "is_family",
									"subject": "other",
									"value": "irongolem"
								},
								{
									"test": "is_family",
									"subject": "other",
									"operator": "==",
									"value": "royal"
								},
								{
									"test": "is_family",
									"subject": "other",
									"operator": "==",
									"value": "archer"
								}
							]
						},
						"add": {
							"component_groups": [
								"archer_royal_arrow"
							]
						}
					},
					{
						"filters": {
							"all_of": [
								{
									"test": "is_family",
									"subject": "other",
									"value": "irongolem"
								},
								{
									"test": "is_family",
									"subject": "other",
									"operator": "==",
									"value": "elite"
								}
							]
						},
						"add": {
							"component_groups": [
								"elite_arrow"
							]
						}
					},
					{
						"filters": {
							"all_of": [
								{
									"test": "is_family",
									"subject": "other",
									"value": "irongolem"
								},
								{
									"test": "is_family",
									"subject": "other",
									"operator": "==",
									"value": "royal"
								}
							]
						},
						"add": {
							"component_groups": [
								"royal_arrow"
							]
						}
					},
					{
						"filters": {
							"all_of": [
								{
									"test": "is_family",
									"subject": "other",
									"value": "bamboogolem"
								},
								{
									"test": "has_equipment",
									"subject": "other",
									"operator": "==",
									"value": "bow"
								}
							]
						},
						"add": {
							"component_groups": [
								"bamboo_bow",
								"archer_elite_arrow"
							]
						}
					},
					{
						"filters": {
							"all_of": [
								{
									"test": "is_family",
									"subject": "other",
									"value": "bamboogolem"
								},
								{
									"test": "has_equipment",
									"subject": "other",
									"operator": "==",
									"value": "crossbow"
								}
							]
						},
						"add": {
							"component_groups": [
								"bamboo_crossbow",
								"elite_arrow"
							]
						}
					}
				]
			},
			"despawn": {
				"add": {
					"component_groups": [
						"despawn"
					]
				}
			},
			"timer": {
				"add": {
					"component_groups": [
						"timer"
					]
				}
			}
		}
	}
}