{
	"format_version": "1.16.0",
	"minecraft:entity": {
		"description": {
			"identifier": "fv:villager_golem_summoner",
			"is_spawnable": true,
			"is_summonable": true,
			"is_experimental": false
		},
		"component_groups": {
			"angry": {
				"minecraft:angry": {
					"duration": 30,
					"broadcast_anger": false,
					"broadcast_anger_on_attack": true,
					"broadcast_anger_on_being_attacked": true,
					"broadcast_range": 32,
					"broadcast_targets": [
						"irongolem"
					],
					"calm_event": {
						"event": "become_calm_event",
						"target": "self"
					},
					"filters": {
						"any_of": [
							{
								"test": "is_family",
								"subject": "other",
								"operator": "!=",
								"value": "irongolem"
							}
						]
					},
					"angry_sound": "angry",
					"sound_interval": {
						"range_min": 2,
						"range_max": 5
					}
				}
			},
			"spawn_golem": {
				"minecraft:spawn_entity": {
					"entities": {
						"min_wait_time": 600,
						"max_wait_time": 600,
						"num_to_spawn": 1,
						"spawn_entity": "iron_golem",
						"spawn_event": "summon"
					}
				}
			},
			"trade": {
				"minecraft:behavior.trade_with_player": {
					"priority": 1
				},
				"minecraft:economy_trade_table": {
					"table": "trading/golem_summoner.json",
					"display_name": "golem summoner",
					"new_screen": true
				}
			},
			"despawn": {
				"minecraft:instant_despawn": {
					"remove_child_entities": true
				},
				"minecraft:spawn_entity": {
					"entities": {
						"min_wait_time": 0,
						"max_wait_time": 0,
						"num_to_spawn": 1,
						"single_use": true,
						"spawn_entity": "fv:villager_golem_summoner",
						"spawn_event": "minecraft:entity_spawned"
					}
				}
			}
		},
		"components": {
			"minecraft:is_hidden_when_invisible": {},
			"minecraft:experience_reward": {
				"on_death": "10"
			},
			"minecraft:type_family": {
				"family": [
					"leader",
					"summoner",
					"irongolem"
				]
			},
			"minecraft:breathable": {
				"total_supply": 15,
				"suffocate_time": 0
			},
			"minecraft:nameable": {},
			"minecraft:loot": {
				"table": "loot_tables/entities/bandit.json"
			},
			"minecraft:health": {
				"value": 50,
				"max": 50
			},
			"minecraft:hurt_on_condition": {
				"damage_conditions": [
					{
						"filters": {
							"test": "in_lava",
							"subject": "self",
							"operator": "==",
							"value": true
						},
						"cause": "lava",
						"damage_per_tick": 4
					}
				]
			},
			"minecraft:collision_box": {
				"width": 0.6,
				"height": 1.9
			},
			"minecraft:movement": {
				"value": 0.35
			},
			"minecraft:navigation.walk": {
				"can_path_over_water": true,
				"can_pass_doors": true,
				"can_open_doors": true,
				"avoid_water": true
			},
			"minecraft:annotation.open_door": {},
			"minecraft:movement.basic": {},
			"minecraft:jump.static": {},
			"minecraft:can_climb": {},
			"minecraft:behavior.float": {
				"priority": 0
			},
			"minecraft:behavior.summon_entity": {
				"priority": 2,
				"summon_choices": [
					{
						"min_activation_range": 0,
						"max_activation_range": 3,
						"cooldown_time": 5,
						"weight": 3,
						"cast_duration": 2,
						"particle_color": "#FFB3B3CC",
						"start_sound_event": "cast.spell",
						"sequence": [
							{
								"shape": "circle",
								"target": "self",
								"base_delay": 2,
								"num_entities_spawned": 3,
								"entity_type": "iron_golem",
								"summon_cap": 8,
								"summon_cap_radius": 16,
								"size": 1,
								"sound_event": "prepare.summon",
								"entity_lifespan": 60
							}
						]
					},
					{
						"min_activation_range": 3,
						"weight": 3,
						"cooldown_time": 5,
						"cast_duration": 2,
						"particle_color": "#6A9583",
						"start_sound_event": "cast.spell",
						"sequence": [
							{
								"shape": "circle",
								"target": "self",
								"base_delay": 1,
								"delay_per_summon": 0.05,
								"num_entities_spawned": 6,
								"entity_type": "fv:bamboo_turret",
								"size": 5,
								"entity_lifespan": 60
							},
							{
								"shape": "circle",
								"target": "self",
								"base_delay": 1.1,
								"delay_per_summon": 0.05,
								"num_entities_spawned": 12,
								"entity_type": "fv:melon_golem",
								"size": 6,
								"entity_lifespan": 60
							}
						]
					},
					{
						"weight": 1,
						"cooldown_time": 17,
						"cast_duration": 5,
						"particle_color": "#FFB3B3CC",
						"sequence": [
							{
								"shape": "circle",
								"target": "self",
								"base_delay": 5,
								"num_entities_spawned": 6,
								"entity_type": "fv:iron_golem_guard",
								"summon_cap": 8,
								"summon_cap_radius": 16,
								"size": 1,
								"sound_event": "prepare.summon",
								"entity_lifespan": 60
							}
						]
					}
				]
			},
			"minecraft:behavior.send_event": {
				"priority": 3,
				"event_choices": [
					{
						"min_activation_range": 0,
						"max_activation_range": 16,
						"cooldown_time": 5,
						"cast_duration": 3,
						"particle_color": "#FFF600",
						"weight": 3,
						"filters": {
							"all_of": [
								{
									"test": "is_family",
									"subject": "other",
									"value": "zombie_villager"
								},
								{
									"test": "has_component",
									"subject": "other",
									"operator": "!=",
									"value": "minecraft:transformation"
								}
							]
						},
						"start_sound_event": "cast.spell",
						"sequence": [
							{
								"base_delay": 2,
								"event": "villager_converted",
								"sound_event": "prepare.wololo"
							}
						]
					}
				]
			},
			"minecraft:behavior.avoid_mob_type": {
				"priority": 5,
				"entity_types": [
					{
						"filters": {
							"any_of": [
								{
									"test": "is_family",
									"subject": "other",
									"value": "illager"
								},
								{
									"test": "is_family",
									"subject": "other",
									"value": "zombie"
								}
							]
						},
						"max_dist": 8,
						"walk_speed_multiplier": 0.6,
						"sprint_speed_multiplier": 1
					}
				]
			},
			"minecraft:behavior.random_stroll": {
				"priority": 8,
				"speed_multiplier": 0.6
			},
			"minecraft:behavior.nearest_attackable_target": {
				"priority": 2,
				"must_see": true,
				"reselect_targets": true,
				"within_radius": 45,
				"entity_types": [
					{
						"filters": {
							"any_of": [
								{
									"test": "is_family",
									"subject": "other",
									"value": "monster"
								},
								{
									"test": "is_family",
									"subject": "other",
									"value": "illager"
								},
								{
									"test": "is_family",
									"subject": "other",
									"value": "undead"
								}
							]
						},
						"max_dist": 45
					},
					{
						"filters": {
							"all_of": [
								{
									"test": "is_family",
									"subject": "other",
									"value": "piglin"
								},
								{
									"test": "has_component",
									"subject": "other",
									"operator": "!=",
									"value": "minecraft:is_baby"
								}
							]
						},
						"max_dist": 45
					}
				]
			},
			"minecraft:behavior.look_at_player": {
				"priority": 9,
				"look_distance": 3,
				"probability": 1
			},
			"minecraft:behavior.look_at_entity": {
				"priority": 10,
				"look_distance": 8,
				"filters": {
					"test": "is_family",
					"subject": "other",
					"value": "mob"
				}
			},
			"minecraft:behavior.hurt_by_target": {
				"priority": 1
			},
			"minecraft:persistent": {},
			"minecraft:physics": {},
			"minecraft:pushable": {
				"is_pushable": true,
				"is_pushable_by_piston": true
			},
			"minecraft:follow_range": {
				"value": 64
			},
			"minecraft:conditional_bandwidth_optimization": {},
			"minecraft:damage_sensor": {
				"triggers": [
					{
						"on_damage": {
							"filters": {
								"test": "is_family",
								"subject": "other",
								"value": "irongolem"
							}
						},
						"deals_damage": false
					},
					{
						"on_damage": {
							"filters": {
								"all_of": [
									{
										"test": "has_damage",
										"value": "fatal"
									},
									{
										"all_of": [
											{
												"test": "is_family",
												"subject": "other",
												"value": "illager"
											}
										]
									}
								]
							},
							"event": "level_up",
							"target": "other"
						}
					}
				]
			},
			"minecraft:on_target_acquired": {
				"event": "become_angry_event",
				"target": "self"
			},
			"minecraft:behavior.move_to_village": {
				"priority": 5,
				"speed_multiplier": 1.1,
				"goal_radius": 2
			}
		},
		"events": {
			"minecraft:entity_spawned": {
				"add": {
					"component_groups": [
						"spawn_golem",
						"trade"
					]
				}
			},
			"minecraft:entity_transformed": {
				"add": {
					"component_groups": [
						"despawn"
					]
				}
			},
			"become_calm_event": {
				"remove": {
					"component_groups": [
						"angry"
					]
				}
			},
			"become_angry_event": {
				"add": {
					"component_groups": [
						"angry"
					]
				}
			},
			"trade": {
				"add": {
					"component_groups": [
						"trade"
					]
				}
			}
		}
	}
}