{
	"format_version": "1.19.60",
	"minecraft:entity": {
		"description": {
			"identifier": "fv:villager_cleric_master",
			"is_spawnable": true,
			"is_summonable": true,
			"is_experimental": false
		},
		"component_groups": {
			"become_zombie": {
				"minecraft:transformation": {
					"into": "zombie_villager_v2"
				}
			},
			"shooting": {
				"minecraft:behavior.ranged_attack": {
					"priority": 2,
					"speed_multiplier": 1,
					"attack_interval_min": 3,
					"attack_interval_max": 3,
					"attack_radius": 10
				},
				"minecraft:timer": {
					"time": [
						10,
						15
					],
					"time_down_event": {
						"event": "calm",
						"target": "self"
					}
				}
			},
			"become_golem_summoner": {
				"minecraft:transformation": {
					"into": "fv:villager_golem_summoner",
					"delay": 0.5
				}
			}
		},
		"components": {
			"minecraft:damage_sensor": {
				"triggers": [
					{
						"on_damage": {
							"filters": {
								"test": "is_family",
								"subject": "other",
								"value": "irongolem"
							}
						},
						"deals_damage": false
					},
					{
						"on_damage": {
							"filters": {
								"all_of": [
									{
										"test": "is_family",
										"subject": "other",
										"value": "zombie"
									},
									{
										"test": "has_damage",
										"value": "fatal"
									}
								]
							},
							"event": "become_zombie",
							"target": "self"
						}
					}
				]
			},
			"minecraft:is_hidden_when_invisible": {},
			"minecraft:experience_reward": {
				"on_death": "query.last_hit_by_player?(query.is_baby?12:5)+(math.die_roll(query.equipment_count,1,3)):0"
			},
			"minecraft:breathable": {
				"total_supply": 15,
				"suffocate_time": 0
			},
			"minecraft:nameable": {},
			"minecraft:health": {
				"value": 26,
				"max": 26
			},
			"minecraft:hurt_on_condition": {
				"damage_conditions": [
					{
						"filters": {
							"test": "in_lava",
							"subject": "self",
							"operator": "==",
							"value": true
						},
						"cause": "lava",
						"damage_per_tick": 4
					}
				]
			},
			"minecraft:movement": {
				"value": 0.25
			},
			"minecraft:navigation.walk": {
				"can_path_over_water": false,
				"avoid_water": true
			},
			"minecraft:movement.basic": {},
			"minecraft:jump.static": {},
			"minecraft:can_climb": {},
			"minecraft:shooter": {
				"power": 0.75,
				"def": "minecraft:splash_potion",
				"aux_val": 21,
				"sound": "throw",
				"magic": true
			},
			"minecraft:behavior.float": {
				"priority": 1
			},
			"minecraft:behavior.random_stroll": {
				"priority": 4,
				"speed_multiplier": 1
			},
			"minecraft:behavior.look_at_player": {
				"priority": 5,
				"look_distance": 8
			},
			"minecraft:behavior.random_look_around": {
				"priority": 5,
				"look_distance": 8
			},
			"minecraft:behavior.drink_potion": {
				"priority": 1,
				"speed_modifier": -0.25,
				"potions": [
					{
						"id": 19,
						"chance": 0.15,
						"filters": {
							"all_of": [
								{
									"test": "is_underwater",
									"subject": "self",
									"value": true
								},
								{
									"none_of": [
										{
											"test": "has_mob_effect",
											"subject": "self",
											"value": "water_breathing"
										}
									]
								}
							]
						}
					},
					{
						"id": 12,
						"chance": 0.15,
						"filters": {
							"all_of": [
								{
									"any_of": [
										{
											"test": "on_fire",
											"subject": "self",
											"value": true
										},
										{
											"test": "on_hot_block",
											"subject": "self",
											"value": true
										},
										{
											"test": "taking_fire_damage",
											"subject": "self",
											"value": true
										}
									]
								},
								{
									"none_of": [
										{
											"test": "has_mob_effect",
											"subject": "self",
											"value": "fire_resistance"
										}
									]
								}
							]
						}
					},
					{
						"id": 21,
						"chance": 0.05,
						"filters": {
							"all_of": [
								{
									"test": "is_missing_health",
									"subject": "self",
									"value": true
								}
							]
						}
					},
					{
						"id": 14,
						"chance": 0.25,
						"filters": {
							"all_of": [
								{
									"test": "has_target",
									"subject": "self",
									"value": true
								},
								{
									"none_of": [
										{
											"test": "has_mob_effect",
											"subject": "self",
											"value": "speed"
										}
									]
								},
								{
									"test": "target_distance",
									"subject": "self",
									"value": 11,
									"operator": ">="
								}
							]
						}
					}
				]
			},
			"minecraft:behavior.hurt_by_target": {
				"priority": 1,
				"entity_types": {
					"filters": {
						"test": "is_family",
						"subject": "other",
						"value": "zombie"
					}
				}
			},
			"minecraft:behavior.nearest_prioritized_attackable_target": {
				"priority": 2,
				"entity_types": [
					{
						"filters": {
							"all_of": [
								{
									"any_of": [
										{
											"test": "is_family",
											"subject": "other",
											"value": "player"
										},
										{
											"test": "is_family",
											"subject": "other",
											"value": "snowgolem"
										},
										{
											"test": "is_family",
											"subject": "other",
											"value": "irongolem"
										},
										{
											"test": "is_family",
											"subject": "other",
											"value": "villager"
										}
									]
								},
								{
									"test": "is_missing_health",
									"subject": "other",
									"value": true
								}
							]
						},
						"priority": 1,
						"max_dist": 10,
						"must_see_forget_duration": 3
					}
				],
				"must_reach": true
			},
			"minecraft:type_family": {
				"family": [
					"irongolem",
					"cleric",
					"becomeguard",
					"mob"
				]
			},
			"minecraft:collision_box": {
				"width": 0.6,
				"height": 1.9
			},
			"minecraft:physics": {},
			"minecraft:pushable": {
				"is_pushable": true,
				"is_pushable_by_piston": true
			},
			"minecraft:follow_range": {
				"value": 64
			},
			"minecraft:conditional_bandwidth_optimization": {},
			"minecraft:behavior.send_event": {
				"priority": 3,
				"event_choices": [
					{
						"min_activation_range": 0,
						"max_activation_range": 16,
						"cooldown_time": 5,
						"cast_duration": 3,
						"particle_color": "#FFB38033",
						"weight": 3,
						"filters": {
							"all_of": [
								{
									"test": "is_family",
									"subject": "other",
									"value": "zombie_villager"
								},
								{
									"test": "has_component",
									"subject": "other",
									"operator": "!=",
									"value": "minecraft:transformation"
								}
							]
						},
						"start_sound_event": "cast.spell",
						"sequence": [
							{
								"base_delay": 2,
								"event": "villager_converted",
								"sound_event": "prepare.wololo"
							}
						]
					}
				]
			},
			"minecraft:behavior.avoid_mob_type": {
				"priority": 5,
				"entity_types": [
					{
						"filters": {
							"all_of": [
								{
									"test": "is_family",
									"subject": "other",
									"value": "illager"
								},
								{
									"test": "is_family",
									"subject": "other",
									"value": "zombie"
								}
							]
						},
						"max_dist": 8,
						"walk_speed_multiplier": 0.6,
						"sprint_speed_multiplier": 1
					}
				]
			},
			"minecraft:behavior.move_to_village": {
				"priority": 6,
				"speed_multiplier": 0.8
			},
			"minecraft:on_target_acquired": {
				"event": "shooting",
				"target": "self"
			},
			"minecraft:on_target_escape": {
				"event": "calm",
				"target": "self"
			}
		},
		"events": {
			"become_zombie": {
				"add": {
					"component_groups": [
						"become_zombie"
					]
				}
			},
			"shooting": {
				"add": {
					"component_groups": [
						"shooting"
					]
				}
			},
			"calm": {
				"remove": {
					"component_groups": [
						"shooting"
					]
				}
			},
			"become_guard": {
				"add": {
					"component_groups": [
						"become_golem_summoner"
					]
				}
			}
		}
	}
}