{
  "format_version": "1.16.0",
  "minecraft:entity": {
    "description": {
      "identifier": "mobs:alchemist",
		"runtime_identifier": "minecraft:witch",
      "is_spawnable": true,
      "is_summonable": true,
      "is_experimental": false
    },
	"component_groups": {
		"valhalla:transform_into_archer": {
			"minecraft:transformation": {
				"into": "valhalla:archer",
				"keep_owner": true,
				"keep_level": true
			}
		},
		"valhalla:transform_into_mage": {
			"minecraft:transformation": {
				"into": "valhalla:mage",
				"keep_owner": true,
				"keep_level": true
			}
		},
		"valhalla:transform_into_knight": {
			"minecraft:transformation": {
				"into": "valhalla:knight",
				"keep_owner": true,
				"keep_level": true
			}
		},
		"valhalla:transform_into_lord": {
			"minecraft:transformation": {
				"into": "valhalla:lord",
				"keep_owner": true,
				"keep_level": true
			}
		},
		"valhalla:transform_into_villager": {
			"minecraft:transformation": {
				"into": "minecraft:villager_v2",
				"keep_owner": true,
				"keep_level": true
			}
		},
		"valhalla:transform_into_witch": {
			"minecraft:transformation": {
				"into": "minecraft:witch",
				"keep_owner": false,
				"keep_level": true
			}
		},
		"valhalla:transform_into_healer": {
			"minecraft:transformation": {
				"into": "valhalla:healer",
				"keep_owner": true,
				"keep_level": true
			}
		},
		"valhalla:transform_into_zombie_alchemist": {
			"minecraft:transformation": {
				"into": "minecraft:zombie_villager_v2",
				"delay": 0.5
			}
		},
		"valhalla:positioned": {
			"minecraft:movement": {
				"value": 0
			},
			"minecraft:knockback_resistance": {
				"value": 1
			},
			"minecraft:pushable": {
				"is_pushable": false,
				"is_pushable_by_piston": false
			}
		},
		"valhalla:garrison": {
			"minecraft:movement": {
				"value": 0.25
			},
			"minecraft:behavior.move_through_village": {
				"priority": 3,
				"speed_multiplier": 1.2,
				"only_at_night": false
			},
			"minecraft:behavior.move_to_village": {
				"priority": 6,
				"speed_multiplier": 1.2
			},
			"minecraft:pushable": {
				"is_pushable": true,
				"is_pushable_by_piston": true
			},
			"minecraft:behavior.random_stroll": {
				"priority": 8,
				"speed_multiplier": 1
			},
			"minecraft:knockback_resistance": {
				"value": 0
			}
		},
		"valhalla:patrol": {
			"minecraft:movement": {
				"value": 0.25
			},
			"minecraft:behavior.explore_outskirts": {
				"priority": 5,
				"explore_dist": 7,
				"speed_multiplier": 0.9,
				"wait_time": 30
			},
			"minecraft:behavior.move_to_village": {
				"priority": 6,
				"speed_multiplier": 1.2
			},
			"minecraft:behavior.move_through_village": {
				"priority": 3,
				"speed_multiplier": 1,
				"only_at_night": true
			},
			"minecraft:pushable": {
				"is_pushable": true,
				"is_pushable_by_piston": true
			},
			"minecraft:behavior.random_stroll": {
				"priority": 8,
				"speed_multiplier": 0.6
			},
			"minecraft:knockback_resistance": {
				"value": 0
			}
		},
		"valhalla:wild": {
			"minecraft:tameable": {
				"probability": 1,
				"tame_items": [
					"minecraft:emerald_block"
				],
				"tame_event": {
					"event": "valhalla:on_tame",
					"target": "self"
				}
			}
		},
		"valhalla:tame": {
			"minecraft:is_tamed": {},
			"minecraft:behavior.follow_owner": {
				"priority": 3,
				"speed_multiplier": 1.25,
				"start_distance": 12,
				"stop_distance": 4
			},
			"minecraft:behavior.owner_hurt_by_target": {
				"priority": 1
			},
			"minecraft:behavior.owner_hurt_target": {
				"priority": 2
			},
			"minecraft:movement": {
				"value": 0.25
			},
			"minecraft:behavior.random_stroll": {
				"priority": 9,
				"speed_multiplier": 0.75,
				"interval": 15
			},
			"minecraft:knockback_resistance": {
				"value": 0
			}
		},
		"valhalla:alchemist_regeneration": {
			"minecraft:spell_effects": {
				"add_effects": [
					{
						"effect": "regeneration",
						"amplifier": 0,
						"duration": 40
					}
				]
			}
		},
		"valhalla:alchemist_clear_weakness": {
			"minecraft:spell_effects": {
				"add_effects": [
					{
						"effect": "regeneration",
						"amplifier": 1,
						"duration": 8
					}
				],
				"remove_effects": "weakness"
			}
		},
		"valhalla:alchemist_clear_slowness": {
			"minecraft:spell_effects": {
				"add_effects": [
					{
						"effect": "regeneration",
						"amplifier": 1,
						"duration": 8
					}
				],
				"remove_effects": "slowness"
			}
		},
		"valhalla:alchemist_clear_poison": {
			"minecraft:spell_effects": {
				"add_effects": [
					{
						"effect": "regeneration",
						"amplifier": 1,
						"duration": 8
					}
				],
				"remove_effects": "poison"
			}
		},
		"valhalla:alchemist_clear_wither": {
			"minecraft:spell_effects": {
				"add_effects": [
					{
						"effect": "regeneration",
						"amplifier": 1,
						"duration": 8
					}
				],
				"remove_effects": "wither"
			}
		}
   },
    "components": {
		"minecraft:persistent": {},
		"minecraft:dweller": {
			"dwelling_type": "village",
			"dweller_role": "defender",
			"can_migrate": true,
			"first_founding_reward": 0,
			"can_find_poi": false,
			"update_interval_base": 60,
			"update_interval_variant": 40
		},
      "minecraft:breathable": {
        "total_supply": 15,
        "suffocate_time": 0
      },
      "minecraft:nameable": {
      },
      "minecraft:health": {
        "value": 26,
        "max": 26
      },
      "minecraft:hurt_on_condition": {
        "damage_conditions": [
          {
            "filters": { "test": "in_lava", "subject": "self", "operator": "==", "value": true },
            "cause": "lava",
            "damage_per_tick": 4
          }
        ]
      },
		"minecraft:damage_sensor": {
			"triggers": [
				{
					"on_damage": {
						"filters": {
							"test": "is_family",
							"subject": "other",
							"value": "lightning"
						},
						"event": "valhalla:transform_into_witch"
					},
					"deals_damage": false
				},
				{
					"on_damage": {
						"filters": {
							"all_of": [
								{
									"test": "has_damage",
									"value": "fatal"
								}
							],
							"any_of": [
								{
									"test": "is_family",
									"subject": "other",
									"value": "zombie"
								},
								{
						   		"test": "is_family",
									"subject": "other",
									"value": "husk"
								}
							]
						},
						"event": "valhalla:transform_into_zombie_alchemist"
					}
				}
			]
		},
      "minecraft:movement": {
        "value": 0.25
      },
		"minecraft:movement.basic": {},
		"minecraft:navigation.walk": {
			"can_path_over_water": true,
			"can_pass_doors": true,
			"can_open_doors": true,
			"avoid_water": true,
			"avoid_portals": true
		},
		"minecraft:annotation.open_door": {},
		"minecraft:jump.static": {},
		"minecraft:can_climb": {},
		"minecraft:behavior.float": {
			"priority": 0
		},
		"minecraft:behavior.look_at_entity": {
			"priority": 10,
			"look_distance": 8,
			"filters": {
				"test": "is_family",
				"subject": "other",
				"value": "mob"
			}
      },
      "minecraft:behavior.ranged_attack": {
        "priority": 2,
        "speed_multiplier": 1.0,
        "attack_interval_min": 3,
        "attack_interval_max": 3,
        "attack_radius": 10.0
      },
      "minecraft:behavior.random_stroll": {
        "priority": 4,
        "speed_multiplier": 1.0
      },
      "minecraft:behavior.look_at_player": {
        "priority": 5,
        "look_distance": 8.0
      },
      "minecraft:behavior.random_look_around": {
        "priority": 5,
        "look_distance": 8.0
      },
      "minecraft:angry": {
        "duration": 40,
        "broadcast_anger": true,
        "broadcast_anger_on_attack": true,
        "broadcast_anger_on_being_attacked": true,
        "broadcast_range": 8,
        "broadcast_targets": [
          "valhalla"
        ],
        "broadcast_filters": {
          "test": "has_component",
          "subject": "self",
          "operator": "!=",
          "value": "minecraft:is_tamed"
        },
        "angry_sound": "angry",
         "sound_interval": {
          "range_min": 2.0,
          "range_max": 5.0
       }
		},
		"minecraft:behavior.hurt_by_target": {
			"priority": 1,
			"entity_types": [
				{
					"filters": {
						"all_of": [
							{
								"test": "is_family",
								"subject": "other",
								"operator": "!=",
								"value": "villager"
							},
							{
								"test": "is_family",
								"subject": "other",
								"operator": "!=",
								"value": "undead"
							},
							{
								"test": "is_family",
								"subject": "other",
								"operator": "!=",
								"value": "spider"
							},
							{
								"test": "is_family",
								"subject": "other",
								"operator": "!=",
								"value": "cavespider"
							},
							{
								"test": "is_family",
								"subject": "other",
								"operator": "!=",
								"value": "iron_golem"
							},
							{
								"test": "is_family",
								"subject": "other",
								"operator": "!=",
								"value": "player"
							}
						]
					}
				}
			]
      },
		"minecraft:behavior.nearest_attackable_target": {
			"priority": 2,
			"reselect_targets": true,
			"entity_types": [
				{
					"filters": [
						{
							"test": "is_family",
							"subject": "other",
							"value": "illager"
						}
					],
					"max_dist": 18
				},
				{
					"filters": {
						"all_of": [
							{
								"test": "is_family",
								"subject": "other",
					   		"value": "monster"
							},
							{
								"test": "is_family",
								"subject": "other",
								"operator": "!=",
								"value": "creeper"
							},
							{
								"test": "is_family",
								"subject": "other",
								"operator": "!=",
								"value": "spider"
							},
							{
								"test": "is_family",
								"subject": "other",
								"operator": "!=",
								"value": "cavespider"
							},
							{
								"test": "is_family",
								"subject": "other",
								"operator": "!=",
								"value": "undead"
							},
							{
								"test": "is_family",
								"subject": "other",
								"operator": "!=",
								"value": "piglin"
							},
							{
								"test": "is_family",
								"subject": "other",
								"operator": "!=",
								"value": "zombie_pigman"
							},
							{
								"test": "is_family",
								"subject": "other",
								"operator": "!=",
								"value": "enderman"
							}
						]
					},
					"max_dist": 18
				},
				{
					"filters": {
						"all_of": [
							{
								"test": "is_family",
								"subject": "other",
								"value": "piglin"
							},
							{
								"test": "has_component",
								"subject": "other",
								"operator": "!=",
								"value": "minecraft:is_baby"
							}
						]
					},
					"max_dist": 18
				}
			],
			"must_see": true
		},
		"minecraft:behavior.avoid_mob_type": {
			"priority": 1,
			"entity_types": [
				{
					"filters": {
						"any_of": [
							{
								"test": "is_family",
								"subject": "other",
								"operator": "==",
								"value": "spider"
							},
							{
								"test": "is_family",
								"subject": "other",
								"operator": "==",
								"value": "cavespider"
							},
							{
								"test": "is_family",
								"subject": "other",
								"operator": "==",
								"value": "undead"
							}
						]
					}
				}
			]
		},
      "minecraft:type_family": {
        "family": [ "valhalla", "villager", "mob", "alchemist" ]
      },
		"minecraft:interact": {
			"interactions": [
				{
					"on_interact": {
						"filters": {
							"all_of": [
								{
									"test": "has_equipment",
									"subject": "other",
									"domain": "hand",
									"value": "minecraft:arrow"
								}
							]
						},
						"event": "valhalla:transform_into_archer",
						"target": "self"
					},
					"swing": true,
					"particle_on_start": {
						"particle_type": "villagerhappy",
						"particle_offset_towards_interactor": false,
						"particle_y_offset": 1.25
					}
				},
				{
					"on_interact": {
						"filters": {
							"all_of": [
								{
									"test": "has_equipment",
									"subject": "other",
									"domain": "hand",
									"value": "minecraft:wooden_sword"
								}
							]
						},
						"event": "valhalla:transform_into_knight",
						"target": "self"
					},
					"swing": true,
					"particle_on_start": {
						"particle_type": "villagerhappy",
						"particle_offset_towards_interactor": false,
						"particle_y_offset": 1.25
					}
				},
				{
		   		"on_interact": {
						"filters": {
							"all_of": [
								{
									"test": "has_equipment",
									"subject": "other",
					   			"domain": "hand",
									"value": "minecraft:netherstar"
								}
							]
						},
						"event": "valhalla:transform_into_lord",
						"target": "self"
					},
					"swing": true,
					"particle_on_start": {
		   			"particle_type": "villagerhappy",
						"particle_offset_towards_interactor": false,
						"particle_y_offset": 1.25
					},
					"use_item": true
				},
				{
					"on_interact": {
						"filters": {
							"all_of": [
								{
									"test": "has_equipment",
									"subject": "other",
									"domain": "hand",
									"value": "minecraft:stick"
								}
							]
						},
						"event": "valhalla:transform_into_mage",
						"target": "self"
					},
					"swing": true,
					"particle_on_start": {
						"particle_type": "villagerhappy",
						"particle_offset_towards_interactor": false,
						"particle_y_offset": 1.25
					}
				},
				{
					"on_interact": {
						"filters": {
							"all_of": [
								{
									"test": "has_equipment",
									"subject": "other",
									"domain": "hand",
									"value": "minecraft:book"
								}
							]
						},
						"event": "valhalla:transform_into_healer",
						"target": "self"
					},
					"swing": true,
					"particle_on_start": {
						"particle_type": "villagerhappy",
						"particle_offset_towards_interactor": false,
						"particle_y_offset": 1.25
					}
				},
				{
					"on_interact": {
						"filters": {
							"all_of": [
								{
									"test": "has_equipment",
									"subject": "other",
									"domain": "hand",
									"value": "minecraft:bed"

								}
							]
		   			},
						"event": "valhalla:transform_into_villager",
						"target": "self"
					},
					"swing": true,
					"particle_on_start": {
						"particle_type": "villagerhappy",
				   	"particle_offset_towards_interactor": false,
						"particle_y_offset": 1.25
					}
				},
				{
					"on_interact": {
						"filters": {
							"all_of": [
								{
									"test": "has_equipment",
									"subject": "other",
									"domain": "hand",
									"value": "minecraft:clock"
								}
							]
						},
						"event": "valhalla:set_positioned",
						"target": "self"
					},
					"swing": true,
					"particle_on_start": {
						"particle_type": "villagerhappy",
						"particle_offset_towards_interactor": false,
						"particle_y_offset": 1.25
					}
				},
				{
					"on_interact": {
						"filters": {
							"all_of": [
								{
									"test": "has_equipment",
										"subject": "other",
									"domain": "hand",
									"value": "minecraft:bell"
								}
							]
						},
						"event": "valhalla:set_garrison",
						"target": "self"
					},
					"swing": true,
					"particle_on_start": {
						"particle_type": "villagerhappy",
						"particle_offset_towards_interactor": false,
						"particle_y_offset": 1.25
					}
				},
				{
					"on_interact": {
						"filters": {
							"all_of": [
								{
									"test": "has_equipment",
									"subject": "other",
									"domain": "hand",
									"value": "minecraft:campfire"
								}
							]
						},
						"event": "valhalla:set_patrol",
						"target": "self"
					},
					"swing": true,
					"particle_on_start": {
						"particle_type": "villagerhappy",
						"particle_offset_towards_interactor": false,
						"particle_y_offset": 1.25
					}
				}
			]
		},
		"minecraft:behavior.tempt": {
	   	"priority": 3,
			"items": [
				"minecraft:banner",
				"minecraft:banner"
			],
			"speed_multiplier": 1,
			"can_tempt_vertically": true,
			"within_radius": 16
		},
		"minecraft:leashable": {
			"soft_distance": 4,
			"hard_distance": 6,
			"max_distance": 10
		},
		"minecraft:healable": {
			"force_use": false,
			"items": [
				{
					"item": "minecraft:golden_apple",
					"heal_amount": 5,
					"effects": [
						{
							"name": "absorption",
							"amplifier": 2,
							"duration": 300
						},
						{
							"name": "regeneration",
							"amplifier": 2,
							"duration": 300
						}
					]
				},
				{
					"item": "minecraft:golden_carrot",
					"heal_amount": 2.5,
					"effects": [
						{
							"name": "absorption",
							"amplifier": 1,
							"duration": 150
						},
						{
							"name": "regeneration",
							"amplifier": 1,
							"duration": 150
						}
					]
				},
				{
					"item": "minecraft:pumpkin_pie",
					"heal_amount": 2.5
				},
				{
					"item": "minecraft:mushroom_stew",
					"heal_amount": 2.5
	   		},
				{
					"item": "minecraft:rabbit_stew",
					"heal_amount": 2.5
				}
			]
		},

      "minecraft:collision_box": {
        "width": 0.6,
        "height": 1.9
      },
      "minecraft:physics": {
      },
      "minecraft:pushable": {
        "is_pushable": true,
        "is_pushable_by_piston": true
      },
      "minecraft:follow_range": {
        "value": 64
      }
    },
	"events": {
		"minecraft:entity_spawned": {
			"add": {
				"component_groups": [
					"valhalla:wild",
					"valhalla:garrison"
				]
			}
		},
		"minecraft:entity_transformed": {
			"add": {
				"component_groups": [
					"valhalla:wild",
					"valhalla:garrison"
				]
			}
		},
		"valhalla:transform_into_archer": {
			"add": {
				"component_groups": [
					"valhalla:transform_into_archer"
				]
			}
		},
		"valhalla:transform_into_knight": {
			"add": {
				"component_groups": [
					"valhalla:transform_into_knight"
				]
			}
		},
		"valhalla:transform_into_lord": {
				"add": {
				"component_groups": [
					"valhalla:transform_into_lord"
				]
			}
		},
		"valhalla:transform_into_mage": {
			"add": {
				"component_groups": [
					"valhalla:transform_into_mage"
				]
			}
		},
		"valhalla:transform_into_healer": {
			"add": {
				"component_groups": [
					"valhalla:transform_into_healer"
				]
			}
		},
		"valhalla:transform_into_villager": {
			"add": {
				"component_groups": [
					"valhalla:transform_into_villager"
				]
			}
		},
		"valhalla:transform_into_witch": {
			"add": {
				"component_groups": [
					"valhalla:transform_into_witch"
				]
			}
		},
		"valhalla:transform_into_zombie_alchemist": {
			"add": {
				"component_groups": [
					"valhalla:transform_into_zombie_alchemist"
				]
			}
		},
		"valhalla:set_positioned": {
			"remove": {
				"component_groups": [
					"valhalla:garrison",
					"valhalla:patrol",
					"valhalla:tame"
				]
			},
			"add": {
				"component_groups": [
					"valhalla:positioned",
					"valhalla:wild"
				]
			}
		},
		"valhalla:set_garrison": {
			"remove": {
				"component_groups": [
					"valhalla:positioned",
					"valhalla:patrol",
					"valhalla:tame"
				]
			},
			"add": {
				"component_groups": [
					"valhalla:garrison",
		   		"valhalla:wild"
				]
			}
		},
		"valhalla:set_patrol": {
			"remove": {
				"component_groups": [
					"valhalla:garrison",
					"valhalla:positioned",
					"valhalla:tame"
				]
			},
			"add": {
				"component_groups": [
					"valhalla:patrol",
					"valhalla:wild"
				]
			}
		},
		"valhalla:regeneration": {
			"add": {
				"component_groups": [
					"valhalla:alchemist_regeneration"
				]
			}
		},
		"valhalla:clear_weakness": {
			"add": {
				"component_groups": [
					"valhalla:alchemist_clear_weakness"
				]
			}
		},
		"valhalla:clear_slowness": {
			"add": {
				"component_groups": [
					"valhalla:alchemist_clear_slowness"
				]
			}
		},
		"valhalla:clear_poison": {
			"add": {
				"component_groups": [
					"valhalla:alchemist_clear_poison"
				]
			}
		},
		"valhalla:clear_wither": {
			"add": {
				"component_groups": [
					"valhalla:alchemist_clear_wither"
				]
			}
		},
		"valhalla:on_tame": {
			"remove": {
				"component_groups": [
					"valhalla:wild",
					"valhalla:garrison",
					"valhalla:patrol",
					"valhalla:positioned"
				]
			},
			"add": {
				"component_groups": [
					"valhalla:tame"
				]
			}
		}
    }
  }
}
