{
	"format_version": "1.16.0",
	"minecraft:entity": {
		"description": {
			"identifier": "valhalla:archer",
			"is_spawnable": true,
			"is_summonable": true,
			"is_experimental": false
		},
		"component_groups": {
			"valhalla:archer_aggro": {
           "minecraft:angry": {
             "duration": 40,
             "broadcast_anger": true,
             "broadcast_anger_on_attack": true,
             "broadcast_anger_on_being_attacked": true,
             "broadcast_range": 8,
             "broadcast_targets": [
               "valhalla"
             ],
             "broadcast_filters": {
               "test": "has_component",
               "subject": "self",
               "operator": "!=",
               "value": "minecraft:is_tamed"
             },
             "calm_event": {
               "event": "minecraft:stop_aggro",
               "target": "self"
             },
             "angry_sound": "angry",
             "sound_interval": {
               "range_min": 2.0,
               "range_max": 5.0
             }
           }
			},
			"valhalla:arrow_base": {
				"minecraft:shooter": {
					"def": "minecraft:arrow"
				}
			},
			"valhalla:helmet_leather": {
				"minecraft:equipment": {
					"table": "loot_tables/entities/armor/helmet_leather.json"
				}
			},
			"valhalla:helmet_chainmail": {
				"minecraft:equipment": {
					"table": "loot_tables/entities/armor/helmet_chainmail.json"
				}
			},
			"valhalla:helmet_iron": {
				"minecraft:equipment": {
					"table": "loot_tables/entities/armor/helmet_iron.json"
				}
			},
			"valhalla:helmet_golden": {
				"minecraft:equipment": {
					"table": "loot_tables/entities/armor/helmet_golden.json"
				}
			},
			"valhalla:helmet_diamond": {
				"minecraft:equipment": {
					"table": "loot_tables/entities/armor/helmet_diamond.json"
				}
			},
			"valhalla:helmet_netherite": {
				"minecraft:equipment": {
					"table": "loot_tables/entities/armor/helmet_netherite.json"
				}
			},
			"valhalla:chestplate_leather": {
				"minecraft:equipment": {
					"table": "loot_tables/entities/armor/chestplate_leather.json"
				}
			},
			"valhalla:chestplate_chainmail": {
				"minecraft:equipment": {
					"table": "loot_tables/entities/armor/chestplate_chainmail.json"
				}
			},
			"valhalla:chestplate_iron": {
				"minecraft:equipment": {
					"table": "loot_tables/entities/armor/chestplate_iron.json"
				}
			},
			"valhalla:chestplate_golden": {
				"minecraft:equipment": {
					"table": "loot_tables/entities/armor/chestplate_golden.json"
				}
			},
			"valhalla:chestplate_diamond": {
				"minecraft:equipment": {
					"table": "loot_tables/entities/armor/chestplate_diamond.json"
				}
			},
			"valhalla:chestplate_netherite": {
				"minecraft:equipment": {
					"table": "loot_tables/entities/armor/chestplate_netherite.json"
				}
			},
			"valhalla:leggings_leather": {
				"minecraft:equipment": {
					"table": "loot_tables/entities/armor/leggings_leather.json"
				}
			},
			"valhalla:leggings_chainmail": {
				"minecraft:equipment": {
					"table": "loot_tables/entities/armor/leggings_chainmail.json"
				}
			},
			"valhalla:leggings_iron": {
				"minecraft:equipment": {
					"table": "loot_tables/entities/armor/leggings_iron.json"
				}
			},
			"valhalla:leggings_golden": {
				"minecraft:equipment": {
					"table": "loot_tables/entities/armor/leggings_golden.json"
				}
			},
			"valhalla:leggings_diamond": {
				"minecraft:equipment": {
					"table": "loot_tables/entities/armor/leggings_diamond.json"
				}
			},
			"valhalla:leggings_netherite": {
				"minecraft:equipment": {
					"table": "loot_tables/entities/armor/leggings_netherite.json"
				}
			},
			"valhalla:boots_leather": {
				"minecraft:equipment": {
					"table": "loot_tables/entities/armor/boots_leather.json"
				}
			},
			"valhalla:boots_chainmail": {
				"minecraft:equipment": {
					"table": "loot_tables/entities/armor/boots_chainmail.json"
				}
			},
			"valhalla:boots_iron": {
				"minecraft:equipment": {
					"table": "loot_tables/entities/armor/boots_iron.json"
				}
			},
			"valhalla:boots_golden": {
				"minecraft:equipment": {
					"table": "loot_tables/entities/armor/boots_golden.json"
				}
			},
			"valhalla:boots_diamond": {
				"minecraft:equipment": {
					"table": "loot_tables/entities/armor/boots_diamond.json"
				}
			},
			"valhalla:boots_netherite": {
				"minecraft:equipment": {
					"table": "loot_tables/entities/armor/boots_netherite.json"
				}
			},
			"valhalla:positioned": {
				"minecraft:movement": {
					"value": 0
				},
   			"minecraft:behavior.ranged_attack": {
	   			"priority": 3,
	   			"attack_interval_min": 1,
	   			"attack_interval_max": 1,
	   			"attack_radius": 16
    			},
				"minecraft:knockback_resistance": {
					"value": 1
				},
				"minecraft:pushable": {
					"is_pushable": false,
					"is_pushable_by_piston": false
				},
				"minecraft:variant": {
					"value": 8
				}
			},
			"valhalla:patrol": {
				"minecraft:movement": {
					"value": 0.35
				},
	   		"minecraft:behavior.ranged_attack": {
	   			"priority": 4,
	   			"attack_interval_min": 1,
	   			"attack_interval_max": 1,
	     			"attack_radius": 14,
		   		"attack_radius_min": 5,
	   			"speed_multiplier": 1.4
	   		},
				"minecraft:behavior.explore_outskirts": {
					"priority": 5,
					"explore_dist": 7,
					"speed_multiplier": 0.9,
					"wait_time": 30
				},
				"minecraft:behavior.move_to_village": {
					"priority": 6,
					"speed_multiplier": 1.2
				},
				"minecraft:behavior.move_through_village": {
					"priority": 3,
					"speed_multiplier": 0.6,
					"only_at_night": true
				},
				"minecraft:pushable": {
					"is_pushable": true,
					"is_pushable_by_piston": true
				},
				"minecraft:knockback_resistance": {
					"value": 0
				},
				"minecraft:behavior.random_stroll": {
					"priority": 5,
					"speed_multiplier": 1
				},
				"minecraft:variant": {
					"value": 7
				}
			},
			"valhalla:garrison": {
				"minecraft:movement": {
					"value": 0.35
				},
	   		"minecraft:behavior.ranged_attack": {
	   			"priority": 4,
	   			"attack_interval_min": 1,
	   			"attack_interval_max": 1,
	     			"attack_radius": 14,
		   		"attack_radius_min": 5,
	   			"speed_multiplier": 1.4
	   		},
				"minecraft:behavior.move_through_village": {
					"priority": 3,
					"speed_multiplier": 0.6,
					"only_at_night": false
				},
				"minecraft:behavior.move_to_village": {
					"priority": 6,
					"speed_multiplier": 1.2
				},
				"minecraft:knockback_resistance": {
					"value": 0
				},
				"minecraft:behavior.random_stroll": {
					"priority": 5,
					"speed_multiplier": 1
				},
				"minecraft:pushable": {
					"is_pushable": true,
					"is_pushable_by_piston": true
				},
				"minecraft:variant": {
					"value": 6
				}
			},
			"valhalla:wild": {
				"minecraft:tameable": {
					"probability": 1,
					"tame_items": [
						"minecraft:emerald_block"
					],
					"tame_event": {
						"event": "valhalla:set_tame",
						"target": "self"
					}
				}
			},
			"valhalla:tame": {
				"minecraft:is_tamed": {},
				"minecraft:movement": {
					"value": 0.35
				},
	   		"minecraft:behavior.ranged_attack": {
	   			"priority": 4,
	   			"attack_interval_min": 1,
	   			"attack_interval_max": 1,
	     			"attack_radius": 14,
		   		"attack_radius_min": 5,
	   			"speed_multiplier": 1.4
	   		},
				"minecraft:behavior.owner_hurt_target": {
					"priority": 2,
					"entity_types": [
						{
							"filters": {
								"test": "is_family",
								"subject": "other",
								"value": "illager"
							}
						},
						{
							"test": "is_family",
							"subject": "other",
							"value": "monster"
						}
					]
				},
				"minecraft:behavior.owner_hurt_by_target": {
					"priority": 1,
					"entity_types": [
						{
							"filters": {
								"test": "is_family",
								"subject": "other",
								"value": "illager"
							}
						},
						{
							"filters": {
								"all_of": [
									{
										"test": "is_family",
										"subject": "other",
										"value": "monster"
									},
									{
										"test": "is_family",
										"subject": "other",
										"operator": "!=",
										"value": "creeper"
									}
								]
							}
						}
					]
				},
				"minecraft:behavior.follow_owner": {
					"priority": 3,
					"speed_multiplier": 1.25,
					"start_distance": 12,
					"stop_distance": 4
				},
				"minecraft:behavior.random_stroll": {
					"priority": 8,
					"speed_multiplier": 0.75,
					"interval": 15
				},
				"minecraft:knockback_resistance": {
					"value": 0
				},
				"minecraft:variant": {
					"value": 9
				}
			},
			"valhalla:archer_regeneration": {
				"minecraft:spell_effects": {
					"add_effects": [
						{
							"effect": "regeneration",
							"amplifier": 0,
							"duration": 40
						}
					]
				}
			},
   		"valhalla:alchemist_clear_weakness": {
		   	"minecraft:spell_effects": {
			   	"add_effects": [
		   			{
			   			"effect": "regeneration",
			   			"amplifier": 1,
			   			"duration": 8
		   			}
		   		],
	   			"remove_effects": "weakness"
	   		}
	   	},
   		"valhalla:alchemist_clear_slowness": {
	   		"minecraft:spell_effects": {
			   	"add_effects": [
			   		{
			   			"effect": "regeneration",
			   			"amplifier": 1,
				   		"duration": 8
	   				}
		   		],
		   		"remove_effects": "slowness"
	   		}
	   	},
   		"valhalla:alchemist_clear_poison": {
		   	"minecraft:spell_effects": {
				   "add_effects": [
			    		{
			   			"effect": "regeneration",
				    	 	"amplifier": 1,
			   			"duration": 8
		   			}
	   			],
	   			"remove_effects": "poison"
	   		}
   		},
   		"valhalla:alchemist_clear_wither": {
	   		"minecraft:spell_effects": {
	   			"add_effects": [
		   			{
		   				"effect": "regeneration",
			   			"amplifier": 1,
			   			"duration": 8
		   			}
	   			],
		   		"remove_effects": "wither"
   			}
   		},
			"valhalla:transform_into_crossbow": {
				"minecraft:transformation": {
					"into": "valhalla:crossbow",
					"keep_owner": true,
					"keep_level": true
				}
			},
			"valhalla:transform_into_healer": {
				"minecraft:transformation": {
					"into": "valhalla:healer",
					"keep_owner": true,
					"keep_level": true
				}
			},
			"valhalla:transform_into_knight": {
				"minecraft:transformation": {
					"into": "valhalla:knight",
					"keep_owner": true,
					"keep_level": true
				}
			},
			"valhalla:transform_into_lord": {
				"minecraft:transformation": {
					"into": "valhalla:lord",
					"keep_owner": true,
					"keep_level": true
				}
			},
			"valhalla:transform_into_mage": {
				"minecraft:transformation": {
					"into": "valhalla:mage",
					"keep_owner": true,
					"keep_level": true
				}
			},
			"valhalla:transform_into_pillager": {
				"minecraft:transformation": {
					"into": "minecraft:pillager",
					"delay": 0.5
				}
			},
			"valhalla:transform_into_villager": {
				"minecraft:transformation": {
					"into": "minecraft:villager_v2",
					"keep_owner": true,
					"keep_level": true
				}
			},
			"valhalla:transform_into_zombie_archer": {
				"minecraft:transformation": {
					"into": "minecraft:zombie_villager_v2",
					"delay": 0.5
				}
			},
			"valhalla:checkfor_village": {
				"minecraft:environment_sensor": {
					"triggers": [
						{
							"filters": {
								"test": "is_in_village",
								"subject": "self",
								"value": false
							},
							"event": "despawn",
							"target": "self"
						},
						{
							"filters": {
								"test": "is_in_village",
								"subject": "self",
								"value": true
							},
							"event": "valhalla:in_village",
							"target": "self"
						}
					]
				}
			},
			"valhalla:equip_equipment": {
				"minecraft:variant": {
					"value": 0
				},
				"minecraft:environment_sensor": {
					"triggers": [
						{
							"filters": {
								"test": "is_variant",
								"subject": "self",
								"value": 0
							},
							"event": "valhalla:select_arrow",
							"target": "self"
						},
						{
							"filters": {
								"test": "is_variant",
								"subject": "self",
								"value": 1
							},
							"event": "valhalla:select_helmet",
							"target": "self"
						},
						{
							"filters": {
								"test": "is_variant",
								"subject": "self",
								"value": 2
							},
							"event": "valhalla:select_chestplate",
							"target": "self"
						},
						{
							"filters": {
								"test": "is_variant",
								"subject": "self",
								"value": 3
							},
							"event": "valhalla:select_leggings",
							"target": "self"
						},
						{
							"filters": {
								"test": "is_variant",
								"subject": "self",
								"value": 4
							},
							"event": "valhalla:select_boots",
							"target": "self"
						}
					]
				}
			},
			"valhalla:arrow_equipped": {
				"minecraft:variant": {
					"value": 2
				}
			},
			"valhalla:helmet_equipped": {
				"minecraft:variant": {
					"value": 2
				}
			},
			"valhalla:chestplate_equipped": {
				"minecraft:variant": {
					"value": 3
				}
			},
			"valhalla:leggings_equipped": {
				"minecraft:variant": {
					"value": 4
				}
			},
			"valhalla:boots_equipped": {
				"minecraft:variant": {
					"value": 5
				}
			},
			"despawn": {
				"minecraft:instant_despawn": {
					"remove_child_entities": true
				}
			}
		},
		"components": {
			"minecraft:type_family": {
				"family": [
					"archer",
					"valhalla",
					"villager",
					"mob"
				]
			},
			"minecraft:health": {
				"value": 24,
				"max": 24
			},
			"minecraft:breathable": {
				"total_supply": 15,
				"suffocate_time": 0
			},
			"minecraft:collision_box": {
				"width": 0.6,
				"height": 1.9
			},
			"minecraft:hurt_on_condition": {
				"damage_conditions": [
					{
						"filters": {
							"test": "in_lava",
							"subject": "self",
							"operator": "==",
							"value": true
						},
						"cause": "lava",
						"damage_per_tick": 4
					}
				]
			},
			"minecraft:damage_sensor": {
				"triggers": [
					{
						"on_damage": {
							"filters": {
								"test": "is_family",
								"subject": "other",
								"value": "lightning"
							},
							"event": "valhalla:become_pillager"
						},
						"deals_damage": false
					},
					{
						"on_damage": {
							"filters": {
								"all_of": [
									{
										"test": "has_damage",
										"value": "fatal"
									}
								],
								"any_of": [
									{
										"test": "is_family",
										"subject": "other",
										"value": "zombie"
									},
									{
										"test": "is_family",
										"subject": "other",
										"value": "husk"
									}
								]
							},
							"event": "valhalla:become_zombie_archer"
						}
					}
				]
			},
			"minecraft:behavior.ranged_attack": {
				"priority": 4,
				"attack_interval_min": 1,
				"attack_interval_max": 1,
				"attack_radius": 14,
				"attack_radius_min": 5,
				"speed_multiplier": 1.4
			},
			"minecraft:behavior.nearest_attackable_target": {
				"priority": 2,
				"reselect_targets": true,
				"entity_types": [
					{
						"filters": [
							{
								"test": "is_family",
								"subject": "other",
								"value": "illager"
							}
						],
						"max_dist": 20
					},
					{
						"filters": {
							"all_of": [
								{
									"test": "is_family",
									"subject": "other",
									"value": "monster"
								},
								{
									"test": "is_family",
									"subject": "other",
									"operator": "!=",
									"value": "creeper"
								},
								{
									"test": "is_family",
									"subject": "other",
									"operator": "!=",
									"value": "piglin"
								},
								{
									"test": "is_family",
									"subject": "other",
									"operator": "!=",
									"value": "zombie_pigman"
								},
								{
									"test": "is_family",
									"subject": "other",
									"operator": "!=",
									"value": "enderman"
								},
								{
									"test": "is_underwater",
									"subject": "other",
									"value": false
								}
							]
						},
						"max_dist": 20
					},
					{
						"filters": {
							"all_of": [
								{
									"test": "is_family",
									"subject": "other",
									"value": "piglin"
								},
								{
									"test": "has_component",
									"subject": "other",
									"operator": "!=",
									"value": "minecraft:is_baby"
								}
							]
						},
						"max_dist": 20
					},
					{
						"filters": {
							"all_of": [
								{
									"test": "is_family",
									"subject": "other",
									"value": "zoglin"
								}
							]
						},
						"max_dist": 18
					},
					{
						"filters": {
							"all_of": [
								{
									"test": "is_family",
									"subject": "other",
									"value": "ghast"
								}
							]
						},
						"max_dist": 20
					}
				],
				"must_see": true
			},
			"minecraft:on_target_acquired": {
				"event": "minecraft:become_aggro",
				"target": "self"
			},
			"minecraft:on_target_escape": {
				"event": "minecraft:stop_aggro",
				"target": "self"
			},
			"minecraft:movement": {
				"value": 0.35
			},
			"minecraft:movement.basic": {},
			"minecraft:navigation.walk": {
				"can_path_over_water": true,
				"can_pass_doors": true,
				"can_open_doors": true,
				"avoid_water": true,
				"avoid_portals": true
			},
			"minecraft:annotation.open_door": {},
			"minecraft:jump.static": {},
			"minecraft:can_climb": {},
			"minecraft:behavior.float": {
				"priority": 0
			},
			"minecraft:follow_range": {
				"value": 64
			},
			"minecraft:equipment": {
				"table": "loot_tables/entities/armor/bow.json"
			},
			"minecraft:behavior.float": {
				"priority": 0
			},
			"minecraft:behavior.hurt_by_target": {
				"priority": 1,
				"entity_types": [
					{
						"filters": {
							"all_of": [
								{
									"test": "is_family",
									"subject": "other",
									"operator": "!=",
									"value": "villager"
								},
								{
									"test": "is_family",
									"subject": "other",
									"operator": "!=",
									"value": "iron_golem"
								},
								{
									"test": "is_family",
									"subject": "other",
									"operator": "!=",
									"value": "player"
								}
							]
						}
					}
				]
			},
			"minecraft:behavior.random_stroll": {
				"priority": 8,
				"speed_multiplier": 1
			},
			"minecraft:behavior.look_at_player": {
				"priority": 9,
				"look_distance": 8
			},
			"minecraft:behavior.random_look_around": {
				"priority": 10
			},
			"minecraft:behavior.charge_held_item": {
				"priority": 3,
				"items": [
					"minecraft:arrow"
				]
			},
			"minecraft:physics": {},
			"minecraft:pushable": {
				"is_pushable": true,
				"is_pushable_by_piston": true
			},
			"minecraft:interact": {
				"interactions": [
					{
						"on_interact": {
							"filters": {
								"all_of": [
									{
										"test": "has_equipment",
										"subject": "other",
										"domain": "hand",
										"value": "minecraft:leather_helmet"
									},
									{
										"test": "has_equipment",
										"subject": "self",
										"domain": "head",
										"operator": "not",
										"value": "minecraft:leather_helmet"
									}
								]
							},
							"event": "valhalla:set_leather_helmet",
							"target": "self"
						},
						"swing": true,
						"particle_on_start": {
							"particle_type": "villagerhappy",
							"particle_offset_towards_interactor": false,
							"particle_y_offset": 1.25
						},
						"use_item": true
					},
					{
						"on_interact": {
							"filters": {
								"all_of": [
									{
										"test": "has_equipment",
										"subject": "other",
										"domain": "hand",
										"value": "minecraft:chainmail_helmet"
									},
									{
										"test": "has_equipment",
										"subject": "self",
										"domain": "head",
										"operator": "not",
										"value": "minecraft:chainmail_helmet"
									}
								]
							},
							"event": "valhalla:set_chainmail_helmet",
							"target": "self"
						},
						"swing": true,
						"particle_on_start": {
							"particle_type": "villagerhappy",
							"particle_offset_towards_interactor": false,
							"particle_y_offset": 1.25
						},
						"use_item": true
					},
					{
						"on_interact": {
							"filters": {
								"all_of": [
									{
										"test": "has_equipment",
										"subject": "other",
										"domain": "hand",
										"value": "minecraft:iron_helmet"
									},
									{
										"test": "has_equipment",
										"subject": "self",
										"domain": "head",
										"operator": "not",
										"value": "minecraft:iron_helmet"
									}
								]
							},
							"event": "valhalla:set_iron_helmet",
							"target": "self"
						},
						"swing": true,
						"particle_on_start": {
							"particle_type": "villagerhappy",
							"particle_offset_towards_interactor": false,
							"particle_y_offset": 1.25
						},
						"use_item": true
					},
					{
						"on_interact": {
							"filters": {
								"all_of": [
									{
										"test": "has_equipment",
										"subject": "other",
										"domain": "hand",
										"value": "minecraft:golden_helmet"
									},
									{
										"test": "has_equipment",
										"subject": "self",
										"domain": "head",
										"operator": "not",
										"value": "minecraft:golden_helmet"
									}
								]
							},
							"event": "valhalla:set_golden_helmet",
							"target": "self"
						},
						"swing": true,
						"particle_on_start": {
							"particle_type": "villagerhappy",
							"particle_offset_towards_interactor": false,
							"particle_y_offset": 1.25
						},
						"use_item": true
					},
					{
						"on_interact": {
							"filters": {
								"all_of": [
									{
										"test": "has_equipment",
										"subject": "other",
										"domain": "hand",
										"value": "minecraft:diamond_helmet"
									},
									{
										"test": "has_equipment",
										"subject": "self",
										"domain": "head",
										"operator": "not",
										"value": "minecraft:diamond_helmet"
									}
								]
							},
							"event": "valhalla:set_diamond_helmet",
							"target": "self"
						},
						"swing": true,
						"particle_on_start": {
							"particle_type": "villagerhappy",
							"particle_offset_towards_interactor": false,
							"particle_y_offset": 1.25
						},
						"use_item": true
					},
					{
						"on_interact": {
							"filters": {
								"all_of": [
									{
										"test": "has_equipment",
										"subject": "other",
										"domain": "hand",
										"value": "minecraft:netherite_helmet"
									},
									{
										"test": "has_equipment",
										"subject": "self",
										"domain": "head",
										"operator": "not",
										"value": "minecraft:netherite_helmet"
									}
								]
							},
							"event": "valhalla:set_netherite_helmet",
							"target": "self"
						},
						"swing": true,
						"particle_on_start": {
							"particle_type": "villagerhappy",
							"particle_offset_towards_interactor": false,
							"particle_y_offset": 1.25
						},
						"use_item": true
					},
					{
						"on_interact": {
							"filters": {
								"all_of": [
									{
										"test": "has_equipment",
										"subject": "other",
										"domain": "hand",
										"value": "minecraft:leather_chestplate"
									},
									{
										"test": "has_equipment",
										"subject": "self",
										"domain": "torso",
										"operator": "not",
										"value": "minecraft:leather_chestplate"
									}
								]
							},
							"event": "valhalla:set_leather_chestplate",
							"target": "self"
						},
						"swing": true,
						"particle_on_start": {
							"particle_type": "villagerhappy",
							"particle_offset_towards_interactor": false,
							"particle_y_offset": 1.25
						},
						"use_item": true
					},
					{
						"on_interact": {
							"filters": {
								"all_of": [
									{
										"test": "has_equipment",
										"subject": "other",
										"domain": "hand",
										"value": "minecraft:chainmail_chestplate"
									},
									{
										"test": "has_equipment",
										"subject": "self",
										"domain": "torso",
										"operator": "not",
										"value": "minecraft:chainmail_chestplate"
									}
								]
							},
							"event": "valhalla:set_chainmail_chestplate",
							"target": "self"
						},
						"swing": true,
						"particle_on_start": {
							"particle_type": "villagerhappy",
							"particle_offset_towards_interactor": false,
							"particle_y_offset": 1.25
						},
						"use_item": true
					},
					{
						"on_interact": {
							"filters": {
								"all_of": [
									{
										"test": "has_equipment",
										"subject": "other",
										"domain": "hand",
										"value": "minecraft:iron_chestplate"
									},
									{
										"test": "has_equipment",
										"subject": "self",
										"domain": "torso",
										"operator": "not",
										"value": "minecraft:iron_chestplate"
									}
								]
							},
							"event": "valhalla:set_iron_chestplate",
							"target": "self"
						},
						"swing": true,
						"particle_on_start": {
							"particle_type": "villagerhappy",
							"particle_offset_towards_interactor": false,
							"particle_y_offset": 1.25
						},
						"use_item": true
					},
					{
						"on_interact": {
							"filters": {
								"all_of": [
									{
										"test": "has_equipment",
										"subject": "other",
										"domain": "hand",
										"value": "minecraft:golden_chestplate"
									},
									{
										"test": "has_equipment",
										"subject": "self",
										"domain": "torso",
										"operator": "not",
										"value": "minecraft:golden_chestplate"
									}
								]
							},
							"event": "valhalla:set_golden_chestplate",
							"target": "self"
						},
						"swing": true,
						"particle_on_start": {
							"particle_type": "villagerhappy",
							"particle_offset_towards_interactor": false,
							"particle_y_offset": 1.25
						},
						"use_item": true
					},
					{
						"on_interact": {
							"filters": {
								"all_of": [
									{
										"test": "has_equipment",
										"subject": "other",
										"domain": "hand",
										"value": "minecraft:diamond_chestplate"
									},
									{
										"test": "has_equipment",
										"subject": "self",
										"domain": "torso",
										"operator": "not",
										"value": "minecraft:diamond_chestplate"
									}
								]
							},
							"event": "valhalla:set_diamond_chestplate",
							"target": "self"
						},
						"swing": true,
						"particle_on_start": {
							"particle_type": "villagerhappy",
							"particle_offset_towards_interactor": false,
							"particle_y_offset": 1.25
						},
						"use_item": true
					},
					{
						"on_interact": {
							"filters": {
								"all_of": [
									{
										"test": "has_equipment",
										"subject": "other",
										"domain": "hand",
										"value": "minecraft:netherite_chestplate"
									},
									{
										"test": "has_equipment",
										"subject": "self",
										"domain": "torso",
										"operator": "not",
										"value": "minecraft:netherite_chestplate"
									}
								]
							},
							"event": "valhalla:set_netherite_chestplate",
							"target": "self"
						},
						"swing": true,
						"particle_on_start": {
							"particle_type": "villagerhappy",
							"particle_offset_towards_interactor": false,
							"particle_y_offset": 1.25
						},
						"use_item": true
					},
					{
						"on_interact": {
							"filters": {
								"all_of": [
									{
										"test": "has_equipment",
										"subject": "other",
										"domain": "hand",
										"value": "minecraft:leather_leggings"
									},
									{
										"test": "has_equipment",
										"subject": "self",
										"domain": "leg",
										"operator": "not",
										"value": "minecraft:leather_leggings"
									}
								]
							},
							"event": "valhalla:set_leather_leggings",
							"target": "self"
						},
						"swing": true,
						"particle_on_start": {
							"particle_type": "villagerhappy",
							"particle_offset_towards_interactor": false,
							"particle_y_offset": 1.25
						},
						"use_item": true
					},
					{
						"on_interact": {
							"filters": {
								"all_of": [
									{
										"test": "has_equipment",
										"subject": "other",
										"domain": "hand",
										"value": "minecraft:chainmail_leggings"
									},
									{
										"test": "has_equipment",
										"subject": "self",
										"domain": "leg",
										"operator": "not",
										"value": "minecraft:chainmail_leggings"
									}
								]
							},
							"event": "valhalla:set_chainmail_leggings",
							"target": "self"
						},
						"swing": true,
						"particle_on_start": {
							"particle_type": "villagerhappy",
							"particle_offset_towards_interactor": false,
							"particle_y_offset": 1.25
						},
						"use_item": true
					},
					{
						"on_interact": {
							"filters": {
								"all_of": [
									{
										"test": "has_equipment",
										"subject": "other",
										"domain": "hand",
										"value": "minecraft:iron_leggings"
									},
									{
										"test": "has_equipment",
										"subject": "self",
										"domain": "leg",
										"operator": "not",
										"value": "minecraft:iron_leggings"
									}
								]
							},
							"event": "valhalla:set_iron_leggings",
							"target": "self"
						},
						"swing": true,
						"particle_on_start": {
							"particle_type": "villagerhappy",
							"particle_offset_towards_interactor": false,
							"particle_y_offset": 1.25
						},
						"use_item": true
					},
					{
						"on_interact": {
							"filters": {
								"all_of": [
									{
										"test": "has_equipment",
										"subject": "other",
										"domain": "hand",
										"value": "minecraft:golden_leggings"
									},
									{
										"test": "has_equipment",
										"subject": "self",
										"domain": "leg",
										"operator": "not",
										"value": "minecraft:golden_leggings"
									}
								]
							},
							"event": "valhalla:set_golden_leggings",
							"target": "self"
						},
						"swing": true,
						"particle_on_start": {
							"particle_type": "villagerhappy",
							"particle_offset_towards_interactor": false,
							"particle_y_offset": 1.25
						},
						"use_item": true
					},
					{
						"on_interact": {
							"filters": {
								"all_of": [
									{
										"test": "has_equipment",
										"subject": "other",
										"domain": "hand",
										"value": "minecraft:diamond_leggings"
									},
									{
										"test": "has_equipment",
										"subject": "self",
										"domain": "leg",
										"operator": "not",
										"value": "minecraft:diamond_leggings"
									}
								]
							},
							"event": "valhalla:set_diamond_leggings",
							"target": "self"
						},
						"swing": true,
						"particle_on_start": {
							"particle_type": "villagerhappy",
							"particle_offset_towards_interactor": false,
							"particle_y_offset": 1.25
						},
						"use_item": true
					},
					{
						"on_interact": {
							"filters": {
								"all_of": [
									{
										"test": "has_equipment",
										"subject": "other",
										"domain": "hand",
										"value": "minecraft:netherite_leggings"
									},
									{
										"test": "has_equipment",
										"subject": "self",
										"domain": "leg",
										"operator": "not",
										"value": "minecraft:netherite_leggings"
									}
								]
							},
							"event": "valhalla:set_netherite_leggings",
							"target": "self"
						},
						"swing": true,
						"particle_on_start": {
							"particle_type": "villagerhappy",
							"particle_offset_towards_interactor": false,
							"particle_y_offset": 1.25
						},
						"use_item": true
					},
					{
						"on_interact": {
							"filters": {
								"all_of": [
									{
										"test": "has_equipment",
										"subject": "other",
										"domain": "hand",
										"value": "minecraft:leather_boots"
									},
									{
										"test": "has_equipment",
										"subject": "self",
										"domain": "feet",
										"operator": "not",
										"value": "minecraft:leather_boots"
									}
								]
							},
							"event": "valhalla:set_leather_boots",
							"target": "self"
						},
						"swing": true,
						"particle_on_start": {
							"particle_type": "villagerhappy",
							"particle_offset_towards_interactor": false,
							"particle_y_offset": 1.25
						},
						"use_item": true
					},
					{
						"on_interact": {
							"filters": {
								"all_of": [
									{
										"test": "has_equipment",
										"subject": "other",
										"domain": "hand",
										"value": "minecraft:chainmail_boots"
									},
									{
										"test": "has_equipment",
										"subject": "self",
										"domain": "feet",
										"operator": "not",
										"value": "minecraft:chainmail_boots"
									}
								]
							},
							"event": "valhalla:set_chainmail_boots",
							"target": "self"
						},
						"swing": true,
						"particle_on_start": {
							"particle_type": "villagerhappy",
							"particle_offset_towards_interactor": false,
							"particle_y_offset": 1.25
						},
						"use_item": true
					},
					{
						"on_interact": {
							"filters": {
								"all_of": [
									{
										"test": "has_equipment",
										"subject": "other",
										"domain": "hand",
										"value": "minecraft:iron_boots"
									},
									{
										"test": "has_equipment",
										"subject": "self",
										"domain": "feet",
										"operator": "not",
										"value": "minecraft:iron_boots"
									}
								]
							},
							"event": "valhalla:set_iron_boots",
							"target": "self"
						},
						"swing": true,
						"particle_on_start": {
							"particle_type": "villagerhappy",
							"particle_offset_towards_interactor": false,
							"particle_y_offset": 1.25
						},
						"use_item": true
					},
					{
						"on_interact": {
							"filters": {
								"all_of": [
									{
										"test": "has_equipment",
										"subject": "other",
										"domain": "hand",
										"value": "minecraft:golden_boots"
									},
									{
										"test": "has_equipment",
										"subject": "self",
										"domain": "feet",
										"operator": "not",
										"value": "minecraft:golden_boots"
									}
								]
							},
							"event": "valhalla:set_golden_boots",
							"target": "self"
						},
						"swing": true,
						"particle_on_start": {
							"particle_type": "villagerhappy",
							"particle_offset_towards_interactor": false,
							"particle_y_offset": 1.25
						},
						"use_item": true
					},
					{
						"on_interact": {
							"filters": {
								"all_of": [
									{
										"test": "has_equipment",
										"subject": "other",
										"domain": "hand",
										"value": "minecraft:diamond_boots"
									},
									{
										"test": "has_equipment",
										"subject": "self",
										"domain": "feet",
										"operator": "not",
										"value": "minecraft:diamond_boots"
									}
								]
							},
							"event": "valhalla:set_diamond_boots",
							"target": "self"
						},
						"swing": true,
						"particle_on_start": {
							"particle_type": "villagerhappy",
							"particle_offset_towards_interactor": false,
							"particle_y_offset": 1.25
						},
						"use_item": true
					},
					{
						"on_interact": {
							"filters": {
								"all_of": [
									{
										"test": "has_equipment",
										"subject": "other",
										"domain": "hand",
										"value": "minecraft:netherite_boots"
									},
									{
										"test": "has_equipment",
										"subject": "self",
										"domain": "feet",
										"operator": "not",
										"value": "minecraft:netherite_boots"
									}
								]
							},
							"event": "valhalla:set_netherite_boots",
							"target": "self"
						},
						"swing": true,
						"particle_on_start": {
							"particle_type": "villagerhappy",
							"particle_offset_towards_interactor": false,
							"particle_y_offset": 1.25
						},
						"use_item": true
					},
					{
						"on_interact": {
							"filters": {
								"all_of": [
									{
										"test": "has_equipment",
										"subject": "other",
										"domain": "hand",
										"value": "minecraft:clock"
									},
									{
										"test": "is_variant",
										"subject": "self",
										"operator": "!=",
										"value": 8
									}
								]
							},
							"event": "valhalla:set_positioned",
							"target": "self"
						},
						"swing": true,
						"particle_on_start": {
							"particle_type": "villagerhappy",
							"particle_offset_towards_interactor": false,
							"particle_y_offset": 1.25
						},
						"use_item": true
					},
					{
						"on_interact": {
							"filters": {
								"all_of": [
									{
										"test": "has_equipment",
										"subject": "other",
										"domain": "hand",
										"value": "minecraft:campfire"
									},
									{
										"test": "is_variant",
										"subject": "self",
										"operator": "!=",
										"value": 7
									}
								]
							},
							"event": "valhalla:set_patrol",
							"target": "self"
						},
						"swing": true,
						"particle_on_start": {
							"particle_type": "villagerhappy",
							"particle_offset_towards_interactor": false,
							"particle_y_offset": 1.25
						},
						"use_item": true
					},
					{
						"on_interact": {
							"filters": {
								"all_of": [
									{
										"test": "has_equipment",
										"subject": "other",
										"domain": "hand",
										"value": "minecraft:bell"
									},
									{
										"test": "is_variant",
										"subject": "self",
										"operator": "!=",
										"value": 6
									}
								]
							},
							"event": "valhalla:set_garrison",
							"target": "self"
						},
						"swing": true,
						"particle_on_start": {
							"particle_type": "villagerhappy",
							"particle_offset_towards_interactor": false,
							"particle_y_offset": 1.25
						},
						"use_item": true
					},
					{
						"on_interact": {
							"filters": {
								"all_of": [
									{
										"test": "has_equipment",
										"subject": "other",
										"domain": "hand",
										"value": "minecraft:wooden_sword"
									}
								]
							},
							"event": "valhalla:become_knight",
							"target": "self"
						},
						"swing": true,
						"particle_on_start": {
							"particle_type": "villagerhappy",
							"particle_offset_towards_interactor": false,
							"particle_y_offset": 1.25
						},
						"use_item": true
					},
					{
						"on_interact": {
							"filters": {
								"all_of": [
									{
										"test": "has_equipment",
										"subject": "other",
										"domain": "hand",
										"value": "minecraft:netherstar"
									}
								]
							},
							"event": "valhalla:become_lord",
							"target": "self"
						},
						"swing": true,
						"particle_on_start": {
							"particle_type": "villagerhappy",
							"particle_offset_towards_interactor": false,
							"particle_y_offset": 1.25
						},
						"use_item": true
					},
					{
						"on_interact": {
							"filters": {
								"all_of": [
									{
										"test": "has_equipment",
										"subject": "other",
										"domain": "hand",
										"value": "minecraft:book"
									}
								]
							},
							"event": "valhalla:become_healer",
							"target": "self"
						},
						"swing": true,
						"particle_on_start": {
							"particle_type": "villagerhappy",
							"particle_offset_towards_interactor": false,
							"particle_y_offset": 1.25
						},
						"use_item": true
					},
					{
						"on_interact": {
							"filters": {
								"all_of": [
									{
										"test": "has_equipment",
										"subject": "other",
										"domain": "hand",
										"value": "minecraft:stick"
									}
								]
							},
							"event": "valhalla:become_mage",
							"target": "self"
						},
						"swing": true,
						"particle_on_start": {
							"particle_type": "villagerhappy",
							"particle_offset_towards_interactor": false,
							"particle_y_offset": 1.25
						},
						"use_item": true
					},
					{
						"on_interact": {
							"filters": {
								"all_of": [
									{
										"test": "has_equipment",
										"subject": "other",
										"domain": "hand",
										"value": "minecraft:bed"
									}
								]
							},
							"event": "valhalla:become_villager",
							"target": "self"
						},
						"swing": true,
						"particle_on_start": {
							"particle_type": "villagerhappy",
							"particle_offset_towards_interactor": false,
							"particle_y_offset": 1.25
						},
						"use_item": true
					},
					{
						"on_interact": {
							"filters": {
								"all_of": [
									{
										"test": "has_equipment",
										"subject": "other",
										"domain": "hand",
										"value": "minecraft:crossbow"
									}
								]
							},
							"event": "valhalla:become_crossbow",
							"target": "self"
						},
						"swing": true,
						"particle_on_start": {
							"particle_type": "villagerhappy",
							"particle_offset_towards_interactor": false,
							"particle_y_offset": 1.25
						},
						"use_item": true
					}
				]
			},
			"minecraft:behavior.tempt": {
				"priority": 3,
				"can_tempt_vertically": true,
				"speed_multiplier": 1,
				"within_radius": 16,
				"items": [
					"minecraft:banner"
				]
			},
			"minecraft:leashable": {
				"soft_distance": 4,
				"hard_distance": 6,
				"max_distance": 10
			},
			"minecraft:healable": {
				"force_use": false,
				"items": [
					{
						"item": "minecraft:golden_apple",
						"heal_amount": 5,
						"effects": [
							{
								"name": "absorption",
								"amplifier": 2,
								"duration": 300
							},
							{
								"name": "regeneration",
								"amplifier": 2,
								"duration": 300
							}
						]
					},
					{
						"item": "minecraft:golden_carrot",
						"heal_amount": 2.5,
						"effects": [
							{
								"name": "absorption",
								"amplifier": 1,
								"duration": 150
							},
							{
								"name": "regeneration",
								"amplifier": 1,
								"duration": 150
							}
						]
					},
					{
						"item": "minecraft:pumpkin_pie",
						"heal_amount": 2.5
					},
					{
						"item": "minecraft:mushroom_stew",
						"heal_amount": 2.5
					},
					{
						"item": "minecraft:rabbit_stew",
						"heal_amount": 2.5
					}
				]
			}
		},
		"events": {
			"minecraft:entity_spawned": {
				"add": {
					"component_groups": [
						"valhalla:garrison",
						"valhalla:wild",
						"valhalla:equip_equipment"
					]
				}
			},
			"minecraft:entity_transformed": {
				"add": {
					"component_groups": [
						"valhalla:wild",
						"valhalla:garrison",
						"valhalla:equip_equipment"
					]
				}
			},
			"minecraft:stop_aggro": {
				"remove": {
					"component_groups": [
						"valhalla:archer_aggro"
					]
				}
			},
			"minecraft:become_aggro": {
				"add": {
					"component_groups": [
						"valhalla:archer_aggro"
					]
				}
			},
			"valhalla:arrow_base": {
				"remove": {
					"component_groups": [
						"valhalla:arrow_base"
					]
				}
			},
			"valhalla:set_leather_helmet": {
				"remove": {
					"component_groups": [
						"valhalla:helmet_leather",
						"valhalla:helmet_chainmail",
						"valhalla:helmet_iron",
						"valhalla:helmet_golden",
						"valhalla:helmet_diamond",
						"valhalla:helmet_netherite"
					]
				},
				"add": {
					"component_groups": [
						"valhalla:helmet_leather"
					]
				}
			},
			"valhalla:set_chainmail_helmet": {
				"remove": {
					"component_groups": [
						"valhalla:helmet_leather",
						"valhalla:helmet_chainmail",
						"valhalla:helmet_iron",
						"valhalla:helmet_golden",
						"valhalla:helmet_diamond",
						"valhalla:helmet_netherite"
					]
				},
				"add": {
					"component_groups": [
						"valhalla:helmet_chainmail"
					]
				}
			},
			"valhalla:set_iron_helmet": {
				"remove": {
					"component_groups": [
						"valhalla:helmet_leather",
						"valhalla:helmet_chainmail",
						"valhalla:helmet_iron",
						"valhalla:helmet_golden",
						"valhalla:helmet_diamond",
						"valhalla:helmet_netherite"
					]
				},
				"add": {
					"component_groups": [
						"valhalla:helmet_iron"
					]
				}
			},
			"valhalla:set_golden_helmet": {
				"remove": {
					"component_groups": [
						"valhalla:helmet_leather",
						"valhalla:helmet_chainmail",
						"valhalla:helmet_iron",
						"valhalla:helmet_golden",
						"valhalla:helmet_diamond",
						"valhalla:helmet_netherite"
					]
				},
				"add": {
					"component_groups": [
						"valhalla:helmet_golden"
					]
				}
			},
			"valhalla:set_diamond_helmet": {
				"remove": {
					"component_groups": [
						"valhalla:helmet_leather",
						"valhalla:helmet_chainmail",
						"valhalla:helmet_iron",
						"valhalla:helmet_golden",
						"valhalla:helmet_diamond",
						"valhalla:helmet_netherite"
					]
				},
				"add": {
					"component_groups": [
						"valhalla:helmet_diamond"
					]
				}
			},
			"valhalla:set_netherite_helmet": {
				"remove": {
					"component_groups": [
						"valhalla:helmet_leather",
						"valhalla:helmet_chainmail",
						"valhalla:helmet_iron",
						"valhalla:helmet_golden",
						"valhalla:helmet_diamond",
						"valhalla:helmet_netherite"
					]
				},
				"add": {
					"component_groups": [
						"valhalla:helmet_netherite"
					]
				}
			},
			"valhalla:set_leather_chestplate": {
				"remove": {
					"component_groups": [
						"valhalla:chestplate_leather",
						"valhalla:chestplate_chainmail",
						"valhalla:chestplate_iron",
						"valhalla:chestplate_golden",
						"valhalla:chestplate_diamond",
						"valhalla:chestplate_netherite"
					]
				},
				"add": {
					"component_groups": [
						"valhalla:chestplate_leather"
					]
				}
			},
			"valhalla:set_chainmail_chestplate": {
				"remove": {
					"component_groups": [
						"valhalla:chestplate_leather",
						"valhalla:chestplate_chainmail",
						"valhalla:chestplate_iron",
						"valhalla:chestplate_golden",
						"valhalla:chestplate_diamond",
						"valhalla:chestplate_netherite"
					]
				},
				"add": {
					"component_groups": [
						"valhalla:chestplate_chainmail"
					]
				}
			},
			"valhalla:set_iron_chestplate": {
				"remove": {
					"component_groups": [
						"valhalla:chestplate_leather",
						"valhalla:chestplate_chainmail",
						"valhalla:chestplate_iron",
						"valhalla:chestplate_golden",
						"valhalla:chestplate_diamond",
						"valhalla:chestplate_netherite"
					]
				},
				"add": {
					"component_groups": [
						"valhalla:chestplate_iron"
					]
				}
			},
			"valhalla:set_golden_chestplate": {
				"remove": {
					"component_groups": [
						"valhalla:chestplate_leather",
						"valhalla:chestplate_chainmail",
						"valhalla:chestplate_iron",
						"valhalla:chestplate_golden",
						"valhalla:chestplate_diamond",
						"valhalla:chestplate_netherite"
					]
				},
				"add": {
					"component_groups": [
						"valhalla:chestplate_golden"
					]
				}
			},
			"valhalla:set_diamond_chestplate": {
				"remove": {
					"component_groups": [
						"valhalla:chestplate_leather",
						"valhalla:chestplate_chainmail",
						"valhalla:chestplate_iron",
						"valhalla:chestplate_golden",
						"valhalla:chestplate_diamond",
						"valhalla:chestplate_netherite"
					]
				},
				"add": {
					"component_groups": [
						"valhalla:chestplate_diamond"
					]
				}
			},
			"valhalla:set_netherite_chestplate": {
				"remove": {
					"component_groups": [
						"valhalla:chestplate_leather",
						"valhalla:chestplate_chainmail",
						"valhalla:chestplate_iron",
						"valhalla:chestplate_golden",
						"valhalla:chestplate_diamond",
						"valhalla:chestplate_netherite"
					]
				},
				"add": {
					"component_groups": [
						"valhalla:chestplate_netherite"
					]
				}
			},
			"valhalla:set_leather_leggings": {
				"remove": {
					"component_groups": [
						"valhalla:leggings_leather",
						"valhalla:leggings_chainmail",
						"valhalla:leggings_iron",
						"valhalla:leggings_golden",
						"valhalla:leggings_diamond",
						"valhalla:leggings_netherite"
					]
				},
				"add": {
					"component_groups": [
						"valhalla:leggings_leather"
					]
				}
			},
			"valhalla:set_chainmail_leggings": {
				"remove": {
					"component_groups": [
						"valhalla:leggings_leather",
						"valhalla:leggings_chainmail",
						"valhalla:leggings_iron",
						"valhalla:leggings_golden",
						"valhalla:leggings_diamond",
						"valhalla:leggings_netherite"
					]
				},
				"add": {
					"component_groups": [
						"valhalla:leggings_chainmail"
					]
				}
			},
			"valhalla:set_iron_leggings": {
				"remove": {
					"component_groups": [
						"valhalla:leggings_leather",
						"valhalla:leggings_chainmail",
						"valhalla:leggings_iron",
						"valhalla:leggings_golden",
						"valhalla:leggings_diamond",
						"valhalla:leggings_netherite"
					]
				},
				"add": {
					"component_groups": [
						"valhalla:leggings_iron"
					]
				}
			},
			"valhalla:set_golden_leggings": {
				"remove": {
					"component_groups": [
						"valhalla:leggings_leather",
						"valhalla:leggings_chainmail",
						"valhalla:leggings_iron",
						"valhalla:leggings_golden",
						"valhalla:leggings_diamond",
						"valhalla:leggings_netherite"
					]
				},
				"add": {
					"component_groups": [
						"valhalla:leggings_golden"
					]
				}
			},
			"valhalla:set_diamond_leggings": {
				"remove": {
					"component_groups": [
						"valhalla:leggings_leather",
						"valhalla:leggings_chainmail",
						"valhalla:leggings_iron",
						"valhalla:leggings_golden",
						"valhalla:leggings_diamond",
						"valhalla:leggings_netherite"
					]
				},
				"add": {
					"component_groups": [
						"valhalla:leggings_diamond"
					]
				}
			},
			"valhalla:set_netherite_leggings": {
				"remove": {
					"component_groups": [
						"valhalla:leggings_leather",
						"valhalla:leggings_chainmail",
						"valhalla:leggings_iron",
						"valhalla:leggings_golden",
						"valhalla:leggings_diamond",
						"valhalla:leggings_netherite"
					]
				},
				"add": {
					"component_groups": [
						"valhalla:leggings_netherite"
					]
				}
			},
			"valhalla:set_leather_boots": {
				"remove": {
					"component_groups": [
						"valhalla:boots_leather",
						"valhalla:boots_chainmail",
						"valhalla:boots_iron",
						"valhalla:boots_golden",
						"valhalla:boots_diamond",
						"valhalla:boots_netherite"
					]
				},
				"add": {
					"component_groups": [
						"valhalla:boots_leather"
					]
				}
			},
			"valhalla:set_chainmail_boots": {
				"remove": {
					"component_groups": [
						"valhalla:boots_leather",
						"valhalla:boots_chainmail",
						"valhalla:boots_iron",
						"valhalla:boots_golden",
						"valhalla:boots_diamond",
						"valhalla:boots_netherite"
					]
				},
				"add": {
					"component_groups": [
						"valhalla:boots_chainmail"
					]
				}
			},
			"valhalla:set_iron_boots": {
				"remove": {
					"component_groups": [
						"valhalla:boots_leather",
						"valhalla:boots_chainmail",
						"valhalla:boots_iron",
						"valhalla:boots_golden",
						"valhalla:boots_diamond",
						"valhalla:boots_netherite"
					]
				},
				"add": {
					"component_groups": [
						"valhalla:boots_iron"
					]
				}
			},
			"valhalla:set_golden_boots": {
				"remove": {
					"component_groups": [
						"valhalla:boots_leather",
						"valhalla:boots_chainmail",
						"valhalla:boots_iron",
						"valhalla:boots_golden",
						"valhalla:boots_diamond",
						"valhalla:boots_netherite"
					]
				},
				"add": {
					"component_groups": [
						"valhalla:boots_golden"
					]
				}
			},
			"valhalla:set_diamond_boots": {
				"remove": {
					"component_groups": [
						"valhalla:boots_leather",
						"valhalla:boots_chainmail",
						"valhalla:boots_iron",
						"valhalla:boots_golden",
						"valhalla:boots_diamond",
						"valhalla:boots_netherite"
					]
				},
				"add": {
					"component_groups": [
						"valhalla:boots_diamond"
					]
				}
			},
			"valhalla:set_netherite_boots": {
				"remove": {
					"component_groups": [
						"valhalla:boots_leather",
						"valhalla:boots_chainmail",
						"valhalla:boots_iron",
						"valhalla:boots_golden",
						"valhalla:boots_diamond",
						"valhalla:boots_netherite"
					]
				},
				"add": {
					"component_groups": [
						"valhalla:boots_netherite"
					]
				}
			},
			"valhalla:set_positioned": {
				"remove": {
					"component_groups": [
						"valhalla:positioned",
						"valhalla:patrol",
						"valhalla:garrison",
						"valhalla:wild",
						"valhalla:tame"
					]
				},
				"add": {
					"component_groups": [
						"valhalla:positioned",
						"valhalla:wild"
					]
				}
			},
			"valhalla:set_patrol": {
				"remove": {
					"component_groups": [
						"valhalla:positioned",
						"valhalla:patrol",
						"valhalla:garrison",
						"valhalla:wild",
						"valhalla:tame"
					]
				},
				"add": {
					"component_groups": [
						"valhalla:patrol",
						"valhalla:wild"
					]
				}
			},
			"valhalla:set_garrison": {
				"remove": {
					"component_groups": [
						"valhalla:positioned",
						"valhalla:patrol",
						"valhalla:garrison",
						"valhalla:wild",
						"valhalla:tame"
					]
				},
				"add": {
					"component_groups": [
						"valhalla:garrison",
						"valhalla:wild"
					]
				}
			},
			"valhalla:set_tame": {
				"remove": {
					"component_groups": [
						"valhalla:positioned",
						"valhalla:patrol",
						"valhalla:garrison",
						"valhalla:wild",
						"valhalla:tame"
					]
				},
				"add": {
					"component_groups": [
						"valhalla:tame"
					]
				}
			},
			"valhalla:regeneration": {
				"add": {
					"component_groups": [
						"valhalla:archer_regeneration"
					]
				}
			},
	   	"valhalla:clear_weakness": {
	   		"add": {
		   		"component_groups": [
			   		"valhalla:alchemist_clear_weakness"
		    		]
	   		}
   		},
	   	"valhalla:clear_slowness": {
	   		"add": {
		   		"component_groups": [
				   	"valhalla:alchemist_clear_slowness"
		    		]
	   		}
   		},
	   	"valhalla:clear_poison": {
	   		"add": {
		   		"component_groups": [
			   		"valhalla:alchemist_clear_poison"
   				]
	   		}
   		},
   		"valhalla:clear_wither": {
	   		"add": {
	   			"component_groups": [
	   				"valhalla:alchemist_clear_wither"
	   			]
   			}
   		},
			"valhalla:become_crossbow": {
				"add": {
					"component_groups": [
						"valhalla:transform_into_crossbow"
					]
				}
			},
			"valhalla:become_healer": {
				"add": {
					"component_groups": [
						"valhalla:transform_into_healer"
					]
				}
			},
			"valhalla:become_knight": {
				"add": {
					"component_groups": [
						"valhalla:transform_into_knight"
					]
				}
			},
			"valhalla:become_lord": {
				"add": {
					"component_groups": [
						"valhalla:transform_into_lord"
					]
				}
			},
			"valhalla:become_mage": {
				"add": {
					"component_groups": [
						"valhalla:transform_into_mage"
					]
				}
			},
			"valhalla:become_villager": {
				"add": {
					"component_groups": [
						"valhalla:transform_into_villager"
					]
				}
			},
			"valhalla:become_pillager": {
				"add": {
					"component_groups": [
						"valhalla:transform_into_pillager"
					]
				}
			},
			"valhalla:become_zombie_archer": {
				"add": {
					"component_groups": [
						"valhalla:transform_into_zombie_archer"
					]
				}
			},
			"valhalla:spawn_from_village": {
				"add": {
					"component_groups": [
						"valhalla:checkfor_village"
					]
				}
			},
			"valhalla:in_village": {
				"remove": {
					"component_groups": [
						"valhalla:checkfor_village"
					]
				},
				"add": {
					"component_groups": [
						"valhalla:equip_equipment"
					]
				}
			},
			"valhalla:select_arrow": {
				"add": {
					"component_groups": [
						"valhalla:arrow_base",
						"valhalla:arrow_equipped"
					]
				}
			},
			"valhalla:select_helmet": {
				"randomize": [
					{
						"weight": 100,
						"add": {
							"component_groups": [
								"valhalla:helmet_leather",
								"valhalla:helmet_equipped"
							]
						}
					},
					{
						"weight": 75,
						"add": {
							"component_groups": [
								"valhalla:helmet_chainmail",
								"valhalla:helmet_equipped"
							]
						}
					},
					{
						"weight": 50,
						"add": {
							"component_groups": [
								"valhalla:helmet_iron",
								"valhalla:helmet_equipped"
							]
						}
					},
					{
						"weight": 15,
						"add": {
							"component_groups": [
								"valhalla:helmet_golden",
								"valhalla:helmet_equipped"
							]
						}
					},
					{
						"weight": 5,
						"add": {
							"component_groups": [
								"valhalla:helmet_diamond",
								"valhalla:helmet_equipped"
							]
						}
					},
					{
						"weight": 1,
						"add": {
							"component_groups": [
								"valhalla:helmet_netherite",
								"valhalla:helmet_equipped"
							]
						}
					}
				]
			},
			"valhalla:select_chestplate": {
				"randomize": [
					{
						"weight": 100,
						"add": {
							"component_groups": [
								"valhalla:chestplate_leather",
								"valhalla:chestplate_equipped"
							]
						}
					},
					{
						"weight": 75,
						"add": {
							"component_groups": [
								"valhalla:chestplate_chainmail",
								"valhalla:chestplate_equipped"
							]
						}
					},
					{
						"weight": 50,
						"add": {
							"component_groups": [
								"valhalla:chestplate_iron",
								"valhalla:chestplate_equipped"
							]
						}
					},
					{
						"weight": 15,
						"add": {
							"component_groups": [
								"valhalla:chestplate_golden",
								"valhalla:chestplate_equipped"
							]
						}
					},
					{
						"weight": 5,
						"add": {
							"component_groups": [
								"valhalla:chestplate_diamond",
								"valhalla:chestplate_equipped"
							]
						}
					},
					{
						"weight": 1,
						"add": {
							"component_groups": [
								"valhalla:chestplate_netherite",
								"valhalla:chestplate_equipped"
							]
						}
					}
				]
			},
			"valhalla:select_leggings": {
				"randomize": [
					{
						"weight": 100,
						"add": {
							"component_groups": [
								"valhalla:leggings_leather",
								"valhalla:leggings_equipped"
							]
						}
					},
					{
						"weight": 75,
						"add": {
							"component_groups": [
								"valhalla:leggings_chainmail",
								"valhalla:leggings_equipped"
							]
						}
					},
					{
						"weight": 50,
						"add": {
							"component_groups": [
								"valhalla:leggings_iron",
								"valhalla:leggings_equipped"
							]
						}
					},
					{
						"weight": 15,
						"add": {
							"component_groups": [
								"valhalla:leggings_golden",
								"valhalla:leggings_equipped"
							]
						}
					},
					{
						"weight": 5,
						"add": {
							"component_groups": [
								"valhalla:leggings_diamond",
								"valhalla:leggings_equipped"
							]
						}
					},
					{
						"weight": 1,
						"add": {
							"component_groups": [
								"valhalla:leggings_netherite",
								"valhalla:leggings_equipped"
							]
						}
					}
				]
			},
			"valhalla:select_boots": {
				"randomize": [
					{
						"weight": 100,
						"add": {
							"component_groups": [
								"valhalla:boots_leather",
								"valhalla:boots_equipped"
							]
						}
					},
					{
						"weight": 75,
						"add": {
							"component_groups": [
								"valhalla:boots_chainmail",
								"valhalla:boots_equipped"
							]
						}
					},
					{
						"weight": 50,
						"add": {
							"component_groups": [
								"valhalla:boots_iron",
								"valhalla:boots_equipped"
							]
						}
					},
					{
						"weight": 15,
						"add": {
							"component_groups": [
								"valhalla:boots_golden",
								"valhalla:boots_equipped"
							]
						}
					},
					{
						"weight": 5,
						"add": {
							"component_groups": [
								"valhalla:boots_diamond",
								"valhalla:boots_equipped"
							]
						}
					},
					{
						"weight": 1,
						"add": {
							"component_groups": [
								"valhalla:boots_netherite",
								"valhalla:boots_equipped"
							]
						}
					}
				]
			},
			"despawn": {
				"add": {
					"component_groups": [
						"despawn"
					]
				}
			}
		}
	}
}