{
	"format_version": "1.16.100",
	"minecraft:entity": {
		"description": {
			"identifier": "mobs:bee_keper",
			"runtime_identifier": "minecraft:villager_v2",
			"is_spawnable": true,
			"is_summonable": true,
			"is_experimental": false,
			"scripts": {
				"animate": [
					"walk"
				]
			},
			"animations": {
				"walk": "controller.animation.bridge_bee_keper.execute_commands"
			}
		},
		"component_groups": {
			"valhalla:hunter_regeneration": {
				"minecraft:spell_effects": {
					"add_effects": [
						{
							"effect": "regeneration",
							"amplifier": 1,
							"duration": 10
						}
					]
				}
			},
			"minecraft:scared": {
				"minecraft:angry": {
					"duration": 5,
					"broadcastAnger": true,
					"broadcastRange": 10,
					"calm_event": {
						"event": "minecraft:become_calm",
						"target": "self"
					}
				}
			},	
			"minecraft:build": {
      		"minecraft:mark_variant": {
		   		"value": 1
	   		},
      	   "minecraft:timer": {
              "time": 2,
	       	  "looping": true,
	      	  "time_down_event": {
	      	  "event": "mobs:build_finish"
	           }
      	   }
			},	
			"mobs:go_to_build": {
				"minecraft:behavior.avoid_block": {
					"priority": 2,
					"tick_interval": 5,
					"search_range": 32,
					"search_height": 35,
					"walk_speed_modifier": 1.2,
					"target_blocks": [
						"minecraft:torch",
						"minecraft:fence",
						"minecraft:fence_gate",
						"minecraft:lantern",
						"minecraft:cobblestone"
					]
				},
				"minecraft:behavior.explore_outskirts": {
					"priority": 1,
					"explore_dist": 5,
					"wait_time": 0,
					"speed_multiplier": 1.2
				},
      	   "minecraft:timer": {
              "time": 15,
	       	  "looping": true,
	      	  "time_down_event": {
	      	  "event": "mobs:build_house"
	           }
      	   }
			},
			"mobs:bee_keeper": {
				"minecraft:behavior.move_to_block": {
					"priority": 3,
					"tick_interval": 3,
					"start_chance": 0.7,
					"search_range": 128,
					"search_height": 32,
					"goal_radius": 1,
					"stay_duration": 10,
					"target_offset": [
						0,
						0.25,
						0
					],
					"target_blocks": [
						"beehive"
					],
					"on_stay_completed": {
						"event": "minecraft:resupply_trades"
					},
					"target_selection_method": "nearest",
					"speed_multiplier": 1.1
				},
				"minecraft:behavior.random_stroll": {
					"priority": 6,
					"speed_multiplier": 1.2
            },
				"minecraft:behavior.explore_outskirts": {
					"priority": 9,
					"explore_dist": 7,
					"speed_multiplier": 1.1,
					"wait_time": 30
				},
				"minecraft:behavior.move_to_village": {
					"priority": 8,
					"speed_multiplier": 1.2
				},
				"minecraft:behavior.move_through_village": {
					"priority": 7,
					"speed_multiplier": 1.1,
					"only_at_night": true
				}
			},
			"bed_schedule_villager": {
				"minecraft:behavior.sleep": {
					"priority": 1,
					"goal_radius": 1.5,
					"speed_multiplier": 1.3,
					"sleep_collider_height": 0.3,
					"sleep_collider_width": 1,
					"sleep_y_offset": 0.6,
					"timeout_cooldown": 4
				}
			},
			"gather_schedule_villager": {
				"minecraft:behavior.mingle": {
					"priority": 5,
					"speed_multiplier": 1.2,
					"duration": 30,
					"cooldown_time": 10,
					"mingle_partner_type":
              "mobs:bee_keper",
					"mingle_distance": 2
				}
			},
			"bee_keeper_schedule": {
				"minecraft:scheduler": {
					"min_delay_secs": 0,
					"max_delay_secs": 1,
					"scheduled_events": [
						{
							"filters": {
								"all_of": [
									{
										"test": "hourly_clock_time",
										"operator": ">=",
										"value": 0
									},
									{
										"test": "hourly_clock_time",
										"operator": "<",
										"value": 8000
									}
								]
							},
							"event": "minecraft:schedule_wake_up"
						},
						{
							"filters": {
								"all_of": [
									{
										"test": "hourly_clock_time",
										"operator": ">=",
										"value": 8000
									},
									{
										"test": "hourly_clock_time",
										"operator": "<",
										"value": 10000
									}
								]
							},
							"event": "minecraft:schedule_gather_villager"
						},
						{
							"filters": {
								"all_of": [
									{
										"test": "hourly_clock_time",
										"operator": ">=",
										"value": 10000
									},
									{
										"test": "hourly_clock_time",
										"operator": "<",
										"value": 12000
									}
								]
							},
							"event": "minecraft:schedule_work"
						},
						{
							"filters": {
								"any_of": [
									{
										"test": "hourly_clock_time",
										"operator": "==",
										"value": 3000
									},
									{
										"test": "hourly_clock_time",
										"operator": "==",
										"value": 8000
									}
								]
							},
							"event": "minecraft:resupply_trades"
						},
						{
							"filters": {
								"all_of": [
									{
										"test": "hourly_clock_time",
										"operator": ">=",
										"value": 11800
									},
									{
										"test": "hourly_clock_time",
										"operator": "<",
										"value": 24000
									}
								]
							},
							"event": "minecraft:schedule_bed_villager"
						}
					]
				}
			},
			"work_schedule_bee_keeper": {
				"minecraft:behavior.move_to_block": {
					"priority": 8,
					"tick_interval": 1,
					"start_chance": 0.5,
					"search_range": 64,
					"search_height": 16,
					"goal_radius": 1,
					"stay_duration": 10,
					"target_offset": [
						0,
						0.25,
						0
					],
					"target_blocks": [
						"beehive"
					],
					"on_stay_completed": {
						"event": "minecraft:resupply_trades"
					},
					"target_selection_method": "nearest",
					"speed_multiplier": 1.1
				}
			},
			"trade_resupply_component_group": {
				"minecraft:trade_resupply": {},
      	   "minecraft:timer": {
              "time": 2,
	       	  "looping": true,
	      	  "time_down_event": {
	      	  "event": "minecraft:stop_resupply"
	           }
      	   }
			}
		},
		"components": {
			"minecraft:is_hidden_when_invisible": {},
			"minecraft:breathable": {
				"total_supply": 15,
				"suffocate_time": 0
			},
			"minecraft:health": {
				"value": 20,
				"max": 20
			},
			"minecraft:hurt_on_condition": {
				"damage_conditions": [
					{
						"filters": {
							"test": "in_lava",
							"subject": "self",
							"operator": "==",
							"value": true
						},
						"cause": "lava",
						"damage_per_tick": 4
					}
				]
			},
			"minecraft:collision_box": {
				"width": 0.6,
				"height": 1.9
			},
			"minecraft:movement": {
				"value": 0.25
			},
			"minecraft:mark_variant": {
				"value": 2
			},
			"minecraft:dweller": {
				"dwelling_type": "village",
				"dweller_role": "inhabitant",
		   	"preferred_profession": "none",
				"can_migrate": true,
				"can_find_poi": true
			},
			"minecraft:navigation.walk": {
				"can_path_over_water": true,
				"can_pass_doors": true,
				"can_open_doors": true,
				"avoid_water": true
			},
			"minecraft:movement.basic": {},
			"minecraft:jump.static": {},
			"minecraft:can_climb": {},
			"minecraft:behavior.float": {
				"priority": 0
			},
			"minecraft:conditional_bandwidth_optimization": {},

			"minecraft:damage_sensor": {
				"triggers": [
					{
						"cause": "entity_attack",
						"deals_damage": true,
						"on_damage": {
							"event": "minecraft:become_scared"
						}
					},
					{
						"cause": "projectile",
						"deals_damage": true,
						"on_damage": {
							"event": "minecraft:become_scared"
						}
					},
					{
						"cause": "magic",
						"deals_damage": true,
						"on_damage": {
							"event": "minecraft:become_scared"
						}
					}
				]
			},
			"minecraft:behavior.trade_with_player": {
				"priority": 1
			},
			"minecraft:economy_trade_table": {
				"display_name": "entity.mobs:bee_keper.name",
				"table": "trading/economy_trades/bee_keper_trades.json",
				"new_screen": true,
				"persist_trades": true
			},
			"minecraft:behavior.trade_interest": {
				"priority": 4,
				"within_radius": 6,
				"interest_time": 45,
				"remove_item_time": 1,
				"carried_item_switch_time": 2,
				"cooldown": 2
			},
			"minecraft:behavior.look_at_trading_player": {
				"priority": 4
			},
			"minecraft:behavior.panic": {
				"priority": 1,
				"speed_multiplier": 1
			},
			"minecraft:behavior.avoid_mob_type": {
				"priority": 2,
				"entity_types": [
					{
						"filters": {
							"any_of": [
								{
									"test": "is_family",
									"subject": "other",
									"value": "zombie"
								},
								{
									"test": "is_family",
									"subject": "other",
									"value": "zombie_villager"
								},
								{
									"test": "is_family",
									"subject": "other",
									"value": "zombie_pigman"
								},
								{
									"test": "is_family",
									"subject": "other",
									"value": "illager"
								},
								{
									"test": "is_family",
									"subject": "other",
									"value": "vex"
								}
							]
						},
						"walk_speed_multiplier": 1.1,
						"sprint_speed_multiplier": 1.2
					}
				],
				"max_dist": 6
			},
			"minecraft:behavior.restrict_open_door": {
				"priority": 5
			},
			"minecraft:behavior.open_door": {
				"priority": 6,
				"close_door_after": true
			},
			"minecraft:behavior.look_at_player": {
				"priority": 8,
				"look_distance": 3,
				"probability": 0.02
			},
			"minecraft:behavior.random_look_around": {
				"priority": 9
			},
			"minecraft:physics": {},
			"minecraft:pushable": {
				"is_pushable": true,
				"is_pushable_by_piston": true
			},
			"minecraft:type_family": {
				"family": [
					"villager",
					"mob"
				]
			},
			"minecraft:behavior.hide": {
				"priority": 1,
				"speed_multiplier": 1.1,
				"poi_type": "bed",
				"duration": 30
			},
			"minecraft:behavior.random_stroll": {
				"priority": 6,
				"speed_multiplier": 1.2
			},
			"minecraft:hide": {},
			"minecraft:behavior.move_towards_dwelling_restriction": {
				"priority": 10,
				"speed_multiplier": 0.6
			}
		},
		"events": {
			"minecraft:become_scared": {
				"add": {
					"component_groups": [
						"minecraft:scared"
					]
				}
			},
			"minecraft:become_calm": {
				"remove": {
					"component_groups": [
						"minecraft:scared"
					]
				}
			},
			"minecraft:entity_spawned": {
				"add": {
					"component_groups": [
						"mobs:go_to_build"
					]
				}
			},
			"minecraft:entity_transformed": {
				"add": {
					"component_groups": [
						"mobs:go_to_build"
					]
				}
			},
			"mobs:build_house": {
				"remove": {
					"component_groups": [
						"mobs:go_to_build"
					]
				},
				"add": {
					"component_groups": [
                 "minecraft:build"
					]
				}
			},
			"mobs:build_finish": {
				"remove": {
					"component_groups": [
						"minecraft:build"
					]
				},
				"add": {
					"component_groups": [
						"mobs:bee_keeper",
						"bee_keeper_schedule"
					]
				}
			},
			"minecraft:schedule_bed_villager": {
				"add": {
					"component_groups": [
						"bed_schedule_villager",
						"trade_resupply_component_group"
					]
				},
				"remove": {
					"component_groups": [
						"work_schedule_bee_keeper",
						"mobs:bee_keeper"
					]
				}
			},
			"minecraft:schedule_wake_up": {
				"remove": {
					"component_groups": [
						"bed_schedule_villager",
						"gather_schedule_villager"
					]
				},
				"add": {
					"component_groups": [
						"mobs:bee_keeper",
						"work_schedule_bee_keeper"
					]
				}
			},
			"minecraft:schedule_gather_villager": {
				"remove": {
					"component_groups": [
						"bed_schedule_villager"
					]
				},
				"add": {
					"component_groups": [
						"gather_schedule_villager"
					]
				}
			},
			"minecraft:schedule_work": {
				"remove": {
					"component_groups": [
						"bed_schedule_villager",
						"gather_schedule_villager"
					]
				}
			},
			"minecraft:resupply_trades": {
				"add": {
					"component_groups": [
						"trade_resupply_component_group"
					]
				},
				"run_command": {
					"command": [
						"playsound mob.villager.yes @a[r=7] ~~~ 0.3"
					]
				}
			},
			"minecraft:stop_resupply": {
				"remove": {
					"component_groups": [
						"trade_resupply_component_group"
					]
				}
			},
			"valhalla:mini_regeneration": {
				"add": {
					"component_groups": [
						"valhalla:hunter_regeneration"
					]
				}
			}
		}
	}
}