{
  "format_version": "1.16.0",
  "minecraft:entity": {
    "description": {
      "identifier": "valhalla:fireling",
      "is_spawnable": true,
      "is_summonable": true,
      "is_experimental": false
    },
    "component_groups": {
      "mobs:die": {
          "minecraft:hurt_on_condition": {
              "damage_conditions": [
                  {
                       "cause": "none",
                       "damage_per_tick": 999
                  }
              ]
          }
      },
	   "valhalla:ranged_mode": {
        "minecraft:shooter": {
        "def": "minecraft:small_fireball"
      },
     "minecraft:behavior.ranged_attack": {
       "priority": 3,
       "attack_interval_min": 1.5,
       "attack_interval_max": 1.5,
       "attack_radius": 16,
       "attack_radius_min": 5,    
       "speed_multiplier": 1.15
        }
      },
      "valhalla:melee_mode": {
        "minecraft:attack": {
          "damage": 5
      },
      "minecraft:behavior.melee_attack": {
        "priority": 3,
        "speed_multiplier": 1.25
       }
      },
		"mobs:normal_skin": {
			"minecraft:skin_id": {
				"value": 0
			}
		},
		"mobs:soul_skin": {
			"minecraft:skin_id": {
				"value": 1
			}
		}
   },
    "components": {
      "minecraft:type_family": {
        "family": [ "valhalla", "invocation", "mob", "fireling", "villager" ]
      },
      "minecraft:nameable": {
      },
      "minecraft:breathable": {
        "breathesAir": true,
        "breathesWater": true
      },
      "minecraft:collision_box": {
        "width": 0.8,
        "height": 0.75
      },
      "minecraft:movement": {
        "value": 0.25
      },
      "minecraft:lava_movement": {
        "value": 0.23
      },
      "minecraft:movement.basic": {
      },
		"minecraft:navigation.walk": {
			"can_path_over_water": true,
   		"can_pass_doors": true,
			"can_open_doors": true,
        "can_path_over_lava": true,
			"avoid_water": true,
			"avoid_portals": true,
        "can_sink": false,
        "can_walk_in_lava": true
      },
      "minecraft:movement.basic": {
      },
      "minecraft:jump.static": {
      },
      "minecraft:can_climb": {
      },
		"minecraft:follow_range": {
			"value": 64
		},
      "minecraft:health": {
        "value": 12,
        "max": 12
      },
	   "minecraft:timer": {
        "time": 120,
	  	  "looping": false,
		  "time_down_event": {
		  "event": "mobs:die_now"
	     }
	   },
		"minecraft:target_nearby_sensor": {
			"inside_range": 6,
			"outside_range": 7,
			"must_see": true,
			"on_inside_range": {
				"event": "valhalla:switch_to_melee",
				"target": "self"
			},
			"on_outside_range": {
				"event": "valhalla:switch_to_ranged",
				"target": "self"
			}
		},
      "minecraft:hurt_on_condition": {
        "damage_conditions": [
          {
            "filters": { "test": "in_water", "operator": "==", "value": true },
            "cause": "drowning",
            "damage_per_tick": 1
          }
        ]
      },
		"minecraft:damage_sensor": {
			"triggers": [
				{
					"on_damage": {
						"filters": {
							"test": "has_damage",
							"subject": "self",
							"value": "fall"
						}
					},
					"deals_damage": false
				}
			]
		},
      "minecraft:fire_immune": {
      },
      "minecraft:attack": {
        "damage": 4
      },
		"minecraft:equipment": {
			"table": "loot_tables/entities/fireling.json"
		},
		"minecraft:loot": {
			"table": "loot_tables/entities/empty.json"
		},
      "minecraft:behavior.float": {
        "priority": 0
      },
		"minecraft:behavior.explore_outskirts": {
			"priority": 4,
			"explore_dist": 7,
			"speed_multiplier": 0.9,
			"wait_time": 30
		},
		"minecraft:behavior.move_to_village": {
			"priority": 6,
			"speed_multiplier": 1
		},
      "minecraft:behavior.random_stroll": {
        "priority": 5,
        "speed_multiplier": 1
      },
      "minecraft:behavior.look_at_player": {
        "priority": 6,
        "look_distance": 8
      },
      "minecraft:behavior.random_look_around": {
        "priority": 6
      },
      "minecraft:behavior.find_mount": {
        "priority": 3,
        "within_radius": 16
      },
      "minecraft:behavior.nearest_attackable_target": {
        "priority": 2,
        "entity_types": [
          {
            "filters": {
              "any_of" : [
                {"test" : "is_family", "subject" : "other", "value" :  "illager"},
                {"test" : "is_family", "subject" : "other", "value" :  "undead"}
              ]
            },
            "max_dist": 60
          },
          {
            "filters": {
              "all_of": [
                { "test": "is_family", "subject": "other", "value": "monster" },
                { "test": "is_family", "subject": "other", "operator": "!=", "value": "creeper" }
              ]
            },
            "max_dist": 60
          }
        ],
        "must_see": true
      },
		"minecraft:behavior.hurt_by_target": {
			"priority": 1,
			"entity_types": [
				{
					"filters": {
						"all_of": [
							{
								"test": "is_family",
								"subject": "other",
								"operator": "!=",
								"value": "villager"
							},
							{
								"test": "is_family",
								"subject": "other",
								"operator": "!=",
								"value": "iron_golem"
							},
							{
								"test": "is_family",
								"subject": "other",
								"operator": "!=",
								"value": "player"
							}
						]
					}
				}
			]
		},
      "minecraft:physics": {
      },
      "minecraft:pushable": {
        "is_pushable": true,
        "is_pushable_by_piston": true
      },
      "minecraft:on_target_escape": {
        "event": "minecraft:stop_exploding",
        "target": "self"
      }
    },
    "events": {
		"minecraft:entity_spawned": {
			"sequence": [
				{
					"filters": {
						"all_of": [
							{
								"test": "in_nether",
								"operator": "==",
								"value": "true"
							},
							{
								"test": "has_biome_tag",
								"operator": "==",
								"value": "soulsand_valley"
							}
						]
					},
					"add": {
						"component_groups": [
							"mobs:soul_skin"
						]
					}
				},
				{
					"filters": {
						"all_of": [
							{
								"test": "has_biome_tag",
								"operator": "!=",
								"value": "soulsand_valley"
							}
						]
					},
					"add": {
						"component_groups": [
							"mobs:normal_skin"
						]
					}
				}
			]
      },
      "valhalla:switch_to_melee": {
        "remove": {
          "component_groups": [
            "valhalla:ranged_mode"
          ]
        },
        "add": {
          "component_groups": [
            "valhalla:melee_mode"
          ]
        }
      },
      "valhalla:switch_to_ranged": {
        "remove": {
          "component_groups": [
            "valhalla:melee_mode"
          ]
        },
        "add": {
          "component_groups": [
            "valhalla:ranged_mode"
          ]
        }
      },
   	"mobs:die_now": {
			"add": {
				"component_groups": [
					"mobs:die"
				]
			}
		}
    }
  }
}