{
  "format_version": "1.16.0",
  "minecraft:entity": {
    "description": {
      "identifier": "mobs:lilyfin",
      "is_spawnable": true,
      "is_summonable": true,
      "is_experimental": false
    },
    "component_groups": {
      "mobs:die": {
        "minecraft:hurt_on_condition": {
           "damage_conditions": [
               {
                  "cause": "none",
                  "damage_per_tick": 999
              }
           ]
			}
		}
   },
    "components": {
      "minecraft:breathable": {
        "breathesAir": true,
        "breathesWater": true
      },
      "minecraft:nameable": {
      },
      "minecraft:type_family": {
        "family": [ "villager", "mob", "invocation", "mob", "valhalla" ]
      },
      "minecraft:collision_box": {
        "width": 0.6,
        "height": 0.5
      },
	   "minecraft:timer": {
        "time": 120,
	  	  "looping": false,
		  "time_down_event": {
		  "event": "mobs:die_now"
	     }
	   },
      "minecraft:movement": {
        "value": 0.28
      },
      "minecraft:underwater_movement": {
        "value": 0.2
      },
      "minecraft:navigation.generic": {
        "is_amphibious": true,
        "can_path_over_water": false,
        "can_swim": true,
        "can_walk": true
      },
      "minecraft:movement.basic": {
      },
      "minecraft:jump.static": {
      },
      "minecraft:can_climb": {
      },
      "minecraft:health": {
        "value": 18,
        "max": 18
      },
      "minecraft:hurt_on_condition": {
        "damage_conditions": [
          {
            "filters": { "test": "in_lava", "subject": "self", "operator": "==", "value": true },
            "cause": "lava",
            "damage_per_tick": 4
          }
        ]
      },
      "minecraft:attack": {
        "damage": 4,
        "effect_name": "fatal_poison",
        "effect_duration": 5
      },
		"minecraft:follow_range": {
			"value": 64
		},
      "minecraft:behavior.melee_attack": {
        "priority": 2
      },
		"minecraft:behavior.hurt_by_target": {
			"priority": 2,
			"entity_types": [
				{
					"filters": {
						"all_of": [
							{
								"test": "is_family",
								"subject": "other",
								"operator": "!=",
								"value": "creeper"
							},
							{
								"test": "is_family",
								"subject": "other",
								"operator": "!=",
					   		"value": "villager"
							},
							{
								"test": "is_family",
								"subject": "other",
								"operator": "!=",
								"value": "valhalla"
							},
							{
								"test": "is_family",
								"subject": "other",
								"operator": "!=",
								"value": "irongolem"
							},
							{
								"test": "is_family",
								"subject": "other",
								"operator": "!=",
								"value": "player"
							}
						]
					}
				}
			]
		},
      "minecraft:behavior.nearest_attackable_target": {
        "priority": 3,
        "must_see": true,
        "within_radius": 28.0,
        "entity_types": [
          {
            "filters": {
              "any_of": [
                {
                  "test": "is_family",
                  "subject": "other",
                  "value": "illager"
                },
                {
                  "test": "is_family",
                  "subject": "other",
                  "value": "vex"
                }
              ]
            },
            "max_dist": 28
          },
          {
            "filters": {
              "all_of": [
                {
                  "test": "is_family",
                  "subject": "other",
                  "value": "monster"
                },
                {
                  "test": "is_family",
                  "subject": "other",
                  "operator": "!=",
                  "value": "creeper"
                }
              ]
            },
            "max_dist": 28
          }
        ]
      },
      "minecraft:behavior.random_stroll": {
        "priority": 4,
        "speed_multiplier": 1
      },
      "minecraft:physics": {
      },
      "minecraft:pushable": {
        "is_pushable": true,
        "is_pushable_by_piston": true
      }
    },
    "events": {
   	"mobs:die_now": {
			"add": {
				"component_groups": [
					"mobs:die"
          ]
        }
      }
    }
  }
}
