{
	"format_version": "1.16.100",
	"minecraft:entity": {
		"description": {
			"identifier": "mobs:lumberjack",
			"runtime_identifier": "minecraft:villager_v2",
			"is_spawnable": true,
			"is_summonable": true,
			"is_experimental": false,
			"scripts": {
				"animate": [
					"break"
				]
			},
			"animations": {
				"break": "controller.animation.bridge_break_tree.execute_commands"
			}
		},
		"component_groups": {
			"valhalla:hunter_regeneration": {
				"minecraft:spell_effects": {
					"add_effects": [
						{
							"effect": "regeneration",
							"amplifier": 1,
							"duration": 10
						}
					]
				}
			},
			"minecraft:scared": {
				"minecraft:angry": {
					"duration": 5,
					"broadcastAnger": true,
					"broadcastRange": 10,
					"calm_event": {
						"event": "minecraft:become_calm",
						"target": "self"
					}
				}
			},	
			"minecraft:tale": {
      		"minecraft:mark_variant": {
		   		"value": 1
	   		},
	   		"minecraft:equipment": {
		   		"table": "loot_tables/entities/weapons/equipament_iron.json"
		   	},
      	   "minecraft:timer": {
              "time": 0.5,
	       	  "looping": true,
	      	  "time_down_event": {
	      	  "event": "mobs:tale_cooldown"
	           }
      	   }
			},	
			"mobs:ready_to_work": {
      		"minecraft:variant": {
		   		"value": 0
	   		},
      		"minecraft:mark_variant": {
		   		"value": 0
	   		}
			},	
			"minecraft:sapling0": {
      		"minecraft:variant": {
		   		"value": 1
	   		},
      	   "minecraft:timer": {
              "time": 0.5,
	       	  "looping": true,
	      	  "time_down_event": {
	      	  "event": "mobs:sapling_cooldown"
	           }
      	   }
			},	
			"minecraft:sapling1": {
      		"minecraft:variant": {
		   		"value": 2
	   		},
      	   "minecraft:timer": {
              "time": 0.5,
	       	  "looping": true,
	      	  "time_down_event": {
	      	  "event": "mobs:sapling_cooldown"
	           }
      	   }
			},	
			"minecraft:sapling2": {
      		"minecraft:variant": {
		   		"value": 3
	   		},
      	   "minecraft:timer": {
              "time": 0.5,
	       	  "looping": true,
	      	  "time_down_event": {
	      	  "event": "mobs:sapling_cooldown"
	           }
      	   }
			},	
	   	"minecraft:sapling3": {
      		"minecraft:variant": {
		   		"value": 4
	   		},
      	   "minecraft:timer": {
              "time": 0.5,
	       	  "looping": true,
	      	  "time_down_event": {
	      	  "event": "mobs:sapling_cooldown"
	           }
      	   }
			},	
	   	"minecraft:sapling4": {
      		"minecraft:variant": {
		   		"value": 5
	   		},
      	   "minecraft:timer": {
              "time": 0.5,
	       	  "looping": true,
	      	  "time_down_event": {
	      	  "event": "mobs:sapling_cooldown"
	           }
      	   }
			},	
			"mobs:go_to_tale": {
				"minecraft:behavior.avoid_block": {
					"priority": 1,
					"tick_interval": 4,
					"search_range": 32,
					"search_height": 12,
					"walk_speed_modifier": 1.2,
					"target_blocks": [
						"minecraft:torch",
						"minecraft:fence",
						"minecraft:fence_gate",
						"minecraft:lantern",
						"minecraft:cobblestone"
					]
				},
   			"minecraft:behavior.move_to_block": {
	   			"priority": 2,
		   		"speed_multiplier": 1.2,
	   			"tick_interval": 1,
	   			"start_chance": 1,
	   			"search_range": 128,
		   		"search_height": 16,
		   		"goal_radius": 1,
	   			"stay_duration": 1,
	   			"target_offset": [
		   			0,
		   			0,
			   		0
		   		],
		   		"target_selection_method": "nearest",
		   		"target_blocks": [
			   		"log",
			   		"log2"
	   			],
					"on_stay_completed": {
						"event": "minecraft:tale_tree"
					}
   			},
	   		"minecraft:equipment": {
		   		"table": "loot_tables/entities/weapons/equipament_iron.json"
		   	},
				"minecraft:behavior.explore_outskirts": {
					"priority": 5,
					"explore_dist": 5,
					"wait_time": 8,
					"speed_multiplier": 1.3
				},
				"minecraft:behavior.random_stroll": {
					"priority": 6,
					"speed_multiplier": 1.2
            },
   			"minecraft:break_blocks": {
		   		"breakable_blocks": [
		   			"leaves",
		   			"leaves2",
		   			"tallgrass",
			   		"vine"
		   		]
	   		}
			},
			"mobs:wander_lumberjack": {
      		"minecraft:mark_variant": {
		   		"value": 2
	   		},
				"minecraft:behavior.random_stroll": {
					"priority": 5,
					"speed_multiplier": 1.2
            },
				"minecraft:behavior.explore_outskirts": {
					"priority": 6,
					"explore_dist": 7,
					"speed_multiplier": 1.1,
					"wait_time": 30
				},
				"minecraft:behavior.move_to_village": {
					"priority": 4,
					"speed_multiplier": 1.2
				},
	   		"minecraft:equipment": {
		   		"table": "loot_tables/entities/weapons/none.json"
		   	}
			},
			"bed_schedule_villager": {
				"minecraft:behavior.sleep": {
					"priority": 0,
					"goal_radius": 1.5,
					"speed_multiplier": 1.3,
					"sleep_collider_height": 0.3,
					"sleep_collider_width": 1,
					"sleep_y_offset": 0.6,
					"timeout_cooldown": 4
				},
	   		"minecraft:equipment": {
		   		"table": "loot_tables/entities/weapons/none.json"
		   	}
			},
			"gather_schedule_villager": {
				"minecraft:behavior.mingle": {
					"priority": 2,
					"speed_multiplier": 1.2,
					"duration": 30,
					"cooldown_time": 10,
					"mingle_partner_type": "mobs:lumberjack",
					"mingle_distance": 2
				},
	   		"minecraft:equipment": {
		   		"table": "loot_tables/entities/weapons/none.json"
		   	}
			},
			"bee_keeper_schedule": {
				"minecraft:scheduler": {
					"min_delay_secs": 0,
					"max_delay_secs": 1,
					"scheduled_events": [
						{
							"filters": {
								"all_of": [
									{
										"test": "hourly_clock_time",
										"operator": ">=",
										"value": 0
									},
									{
										"test": "hourly_clock_time",
										"operator": "<",
										"value": 7000
									}
								]
							},
							"event": "minecraft:schedule_wake_up"
						},
						{
							"filters": {
								"all_of": [
									{
										"test": "hourly_clock_time",
										"operator": ">=",
										"value": 7000
									},
									{
										"test": "hourly_clock_time",
										"operator": "<",
										"value": 8000
									}
								]
							},
							"event": "mobs:sapling_cooldown"
						},
						{
							"filters": {
								"all_of": [
									{
										"test": "hourly_clock_time",
										"operator": ">=",
										"value": 8000
									},
									{
										"test": "hourly_clock_time",
										"operator": "<",
										"value": 10000
									}
								]
							},
							"event": "minecraft:schedule_work"
						},
						{
							"filters": {
								"all_of": [
									{
										"test": "hourly_clock_time",
										"operator": ">=",
										"value": 10000
									},
									{
										"test": "hourly_clock_time",
										"operator": "<",
										"value": 10500
									}
								]
							},
							"event": "mobs:sapling_cooldown"
						},
						{
							"filters": {
								"all_of": [
									{
										"test": "hourly_clock_time",
										"operator": ">=",
										"value": 10500
									},
									{
										"test": "hourly_clock_time",
										"operator": "<",
										"value": 11570
									}
								]
							},
							"event": "minecraft:schedule_work"
						},
						{
							"filters": {
								"all_of": [
									{
										"test": "hourly_clock_time",
										"operator": ">=",
										"value": 11570
									},
									{
										"test": "hourly_clock_time",
										"operator": "<",
										"value": 24000
									}
								]
							},
							"event": "minecraft:schedule_bed_villager"
						}
					]
				}
			}
		},
		"components": {
			"minecraft:is_hidden_when_invisible": {},
			"minecraft:breathable": {
				"total_supply": 15,
				"suffocate_time": 0
			},
			"minecraft:health": {
				"value": 20,
				"max": 20
			},
			"minecraft:hurt_on_condition": {
				"damage_conditions": [
					{
						"filters": {
							"test": "in_lava",
							"subject": "self",
							"operator": "==",
							"value": true
						},
						"cause": "lava",
						"damage_per_tick": 4
					}
				]
			},
			"minecraft:collision_box": {
				"width": 0.6,
				"height": 1.9
			},
			"minecraft:movement": {
				"value": 0.25
			},
			"minecraft:mark_variant": {
				"value": 0
			},
      	"minecraft:variant": {
		  		"value": 0
	   	},
			"minecraft:dweller": {
				"dwelling_type": "village",
				"dweller_role": "inhabitant",
		   	"preferred_profession": "none",
				"can_migrate": true,
				"can_find_poi": true
			},
			"minecraft:inventory": {
				"container_type": "inventory",
				"private": true,
				"inventory_size": 8
			},
			"minecraft:behavior.pickup_items": {
				"priority": 2,
				"max_dist": 24,
				"goal_radius": 2,
				"speed_multiplier": 1.2,
				"can_pickup_to_hand_or_equipment": false
			},
			"minecraft:shareables": {
				"items": [
					{
						"item": "minecraft:sapling:0",
						"want_amount": 32,
						"surplus_amount": 16,
						"stored_in_inventory": true
					},
					{

						"item": "minecraft:sapling:1",
						"want_amount": 32,

						"surplus_amount": 16,
						"stored_in_inventory": true
					},
					{
						"item": "minecraft:sapling:2",
						"want_amount": 32,
						"surplus_amount": 16,
						"stored_in_inventory": true
					},
					{
						"item": "minecraft:sapling:3",
						"want_amount": 32,
						"surplus_amount": 16,
						"stored_in_inventory": true
					},
					{
						"item": "minecraft:sapling:4",
						"want_amount": 32,
						"surplus_amount": 16,
						"stored_in_inventory": true
					},
					{
						"item": "minecraft:log",
						"want_amount": 32,
						"surplus_amount": 16,
						"stored_in_inventory": true
					},
					{
						"item": "minecraft:log:1",
						"want_amount": 32,
						"surplus_amount": 16,
						"stored_in_inventory": true
					},
					{
						"item": "minecraft:log:2",
						"want_amount": 32,
						"surplus_amount": 16,
						"stored_in_inventory": true
					},
					{
						"item": "minecraft:log:3",
						"want_amount": 32,
						"surplus_amount": 16,
						"stored_in_inventory": true
					},
					{
						"item": "minecraft:log2",
						"want_amount": 32,
						"surplus_amount": 16,
						"stored_in_inventory": true
					},
					{
						"item": "minecraft:log2:1",
						"want_amount": 32,
						"surplus_amount": 16,
						"stored_in_inventory": true
					},
					{
						"item": "minecraft:leaves2",
						"want_amount": 32,
						"surplus_amount": 16,
						"stored_in_inventory": true
					},
					{
						"item": "minecraft:leaves",
						"want_amount": 32,
						"surplus_amount": 16,
						"stored_in_inventory": true
					},
					{
						"item": "minecraft:stick",
						"want_amount": 32,
						"surplus_amount": 16,
						"stored_in_inventory": true
					}
				]
			},
			"minecraft:navigation.walk": {
				"can_path_over_water": true,
				"can_pass_doors": true,
				"can_open_doors": true,
				"avoid_water": true
			},
			"minecraft:movement.basic": {},
			"minecraft:jump.static": {},
			"minecraft:can_climb": {},
			"minecraft:behavior.float": {
				"priority": 0
			},
			"minecraft:conditional_bandwidth_optimization": {},
			"minecraft:damage_sensor": {
				"triggers": [
					{
						"cause": "entity_attack",
						"deals_damage": true,
						"on_damage": {
							"event": "minecraft:become_scared"
						}
					},
					{
						"cause": "projectile",
						"deals_damage": true,
						"on_damage": {
							"event": "minecraft:become_scared"
						}
					},
					{
						"cause": "magic",
						"deals_damage": true,
						"on_damage": {
							"event": "minecraft:become_scared"
						}
					}
				]
			},
			"minecraft:behavior.panic": {
				"priority": 1,


				"speed_multiplier": 1.3
			},
			"minecraft:behavior.avoid_mob_type": {
				"priority": 2,
				"entity_types": [
					{
						"filters": {
							"any_of": [
								{
									"test": "is_family",
									"subject": "other",
									"value": "zombie"
								},
								{
									"test": "is_family",
									"subject": "other",
									"value": "zombie_villager"
								},
								{
									"test": "is_family",
									"subject": "other",
									"value": "zombie_pigman"
								},
								{
									"test": "is_family",
									"subject": "other",
									"value": "illager"
								},
								{
									"test": "is_family",
									"subject": "other",
									"value": "vex"
								}
							]
						},
						"walk_speed_multiplier": 1.1,
						"sprint_speed_multiplier": 1.2
					}
				],
				"max_dist": 6
			},
			"minecraft:behavior.restrict_open_door": {
				"priority": 5
			},
			"minecraft:behavior.open_door": {
				"priority": 6,
				"close_door_after": true
			},
			"minecraft:behavior.look_at_player": {
				"priority": 8,
				"look_distance": 3,
				"probability": 0.02
			},
			"minecraft:behavior.random_look_around": {
				"priority": 9
			},
			"minecraft:physics": {},
			"minecraft:pushable": {
				"is_pushable": true,
				"is_pushable_by_piston": true
			},
			"minecraft:type_family": {
				"family": [
					"villager",
					"mob"
				]
			},
			"minecraft:behavior.hide": {
				"priority": 0,
				"speed_multiplier": 1.3,
				"poi_type": "bed",
				"duration": 30
			},
			"minecraft:behavior.random_stroll": {
				"priority": 4,
				"speed_multiplier": 1.3
			},
			"minecraft:hide": {},
			"minecraft:behavior.move_towards_dwelling_restriction": {
				"priority": 10,
				"speed_multiplier": 0.6
			}
		},
		"events": {
			"minecraft:become_scared": {
				"add": {
					"component_groups": [
						"minecraft:scared"
					]
				}
			},
			"minecraft:become_calm": {
				"remove": {
					"component_groups": [
						"minecraft:scared"
					]
				}
			},
			"minecraft:entity_spawned": {
				"add": {
					"component_groups": [
						"mobs:wander_lumberjack",
						"bee_keeper_schedule"
					]
				}
         },
			"minecraft:entity_transformed": {
				"add": {
					"component_groups": [
						"mobs:wander_lumberjack",
						"bee_keeper_schedule"
					]
				}
         },
			"minecraft:schedule_bed_villager": {
				"add": {
					"component_groups": [
						"bed_schedule_villager"
					]
				},
				"remove": {
					"component_groups": [
						"mobs:go_to_tale",
						"gather_schedule_villager",
                 "mobs:wander_lumberjack"
					]
				}
			},
			"minecraft:schedule_wake_up": {
				"remove": {
					"component_groups": [
						"bed_schedule_villager",
						"gather_schedule_villager",
                 "mobs:wander_lumberjack"
					]
				},
				"add": {
					"component_groups": [
						"mobs:go_to_tale"
					]
				}
			},
			"minecraft:schedule_gather_villager": {
				"remove": {
					"component_groups": [
						"bed_schedule_villager",
                 "mobs:wander_lumberjack",
						"mobs:go_to_tale"
					]
				},
				"add": {
					"component_groups": [
						"gather_schedule_villager"
					]
				}
			},
			"minecraft:schedule_work": {
				"remove": {
					"component_groups": [
						"bed_schedule_villager",
						"gather_schedule_villager",
                 "mobs:wander_lumberjack"
					]
				},
				"add": {
					"component_groups": [
						"mobs:go_to_tale"
					]
				}
			},
			"minecraft:tale_tree": {
				"remove": {
					"component_groups": [
						"bed_schedule_villager",
						"gather_schedule_villager",
                 "mobs:wander_lumberjack",
                 "mobs:go_to_tale",
						"mobs:ready_to_work"
					]
				},
				"add": {
					"component_groups": [
					  "minecraft:tale"
					]
				}
			},
			"mobs:tale_cooldown": {
   			"sequence": [
					{
	      			"remove": {
		      			"component_groups": [
		   	   		  "minecraft:tale"
	   	   			]
	      			}
					},
	   			{
	   				"filters": {
							"any_of": [
					   		{
						   		"test": "has_biome_tag",
				   				"operator": "==",
					   			"value": "birch_forest_hills_mutated"
				   			},
					   		{
						   		"test": "has_biome_tag",
				   				"operator": "==",
					   			"value": "birch_forest"
				   			},
					   		{
						   		"test": "has_biome_tag",
				   				"operator": "==",
					   			"value": "birch_forest_hills"
				   			},
					   		{
						   		"test": "has_biome_tag",
				   				"operator": "==",
					   			"value": "birch_forest_mutated"
			   				}
				   		]
			   		},
				   	"add": {
				   		"component_groups": [
				   			"minecraft:sapling2",
		      				"mobs:wander_lumberjack"
			   			]
	   				}
		   		},
	   			{
	   				"filters": {
							"any_of": [
					   		{
						   		"test": "has_biome_tag",
				   				"operator": "==",
					   			"value": "cold_taiga"
				   			},
					   		{
						   		"test": "has_biome_tag",
				   				"operator": "==",
					   			"value": "cold_taiga_hills"
				   			},
					   		{
						   		"test": "has_biome_tag",
				   				"operator": "==",
					   			"value": "cold_taiga_mutated"
			   				},
					   		{
						   		"test": "has_biome_tag",
				   				"operator": "==",
					   			"value": "taiga"
				   			},
					   		{
						   		"test": "has_biome_tag",
				   				"operator": "==",
					   			"value": "taiga_hills"
				   			},
					   		{
						   		"test": "has_biome_tag",
				   				"operator": "==",
					   			"value": "taiga_mutated"
			   				},
					   		{
						   		"test": "has_biome_tag",
				   				"operator": "==",
					   			"value": "mega_taiga"
				   			},
					   		{
						   		"test": "has_biome_tag",
				   				"operator": "==",
					   			"value": "mega_taiga_hills"
				   			},
					   		{
						   		"test": "has_biome_tag",
				   				"operator": "==",
					   			"value": "redwood_taiga_mutated"
			   				}
				   		]
			   		},
				   	"add": {
				   		"component_groups": [
				   			"minecraft:sapling1",
		      				"mobs:wander_lumberjack"
			   			]
	   				}
		   		},
	   			{
	   				"filters": {
							"any_of": [
					   		{
						   		"test": "has_biome_tag",
				   				"operator": "==",
					   			"value": "savanna"
				   			},
					   		{
						   		"test": "has_biome_tag",
				   				"operator": "==",
					   			"value": "savanna_plateau"
				   			},
					   		{
						   		"test": "has_biome_tag",
				   				"operator": "==",
					   			"value": "savanna_plateau_mutated"
			   				},
					   		{
						   		"test": "has_biome_tag",
				   				"operator": "==",
					   			"value": "savanna_mutated"
				   			}
				   		]
			   		},
				   	"add": {
				   		"component_groups": [
				   			"minecraft:sapling4",
		      				"mobs:wander_lumberjack"
			   			]
	   				}
		   		},
	   			{
	   				"filters": {
							"any_of": [
					   		{
						   		"test": "has_biome_tag",
				   				"operator": "==",
					   			"value": "jungle"
				   			},
					   		{
						   		"test": "has_biome_tag",
				   				"operator": "==",
					   			"value": "jungle_hills"
				   			},
					   		{
						   		"test": "has_biome_tag",
				   				"operator": "==",
					   			"value": "jungle_mutated"
			   				},
					   		{
						   		"test": "has_biome_tag",
				   				"operator": "==",
					   			"value": "jungle_edge"
				   			},
					   		{
						   		"test": "has_biome_tag",
				   				"operator": "==",
					   			"value": "jungle_edge_mutated"
			   				},
					   		{
						   		"test": "has_biome_tag",
				   				"operator": "==",
					   			"value": "bamboo_jungle"
				   			},
					   		{
						   		"test": "has_biome_tag",
				   				"operator": "==",
					   			"value": "bamboo_jungle_hills"
				   			}
				   		]
			   		},
				   	"add": {
				   		"component_groups": [
				   			"minecraft:sapling3",
		      				"mobs:wander_lumberjack"
			   			]
	   				}
		   		},
	   			{
	   				"filters": {
							"all_of": [
					   		{
						   		"test": "has_biome_tag",
				   				"operator": "!=",
					   			"value": "savanna"
				   			},
					   		{
						   		"test": "has_biome_tag",
				   				"operator": "!=",
					   			"value": "jungle"
				   			},
					   		{
						   		"test": "has_biome_tag",
				   				"operator": "!=",
					   			"value": "taiga"
			   				},
					   		{
						   		"test": "has_biome_tag",
				   				"operator": "!=",
					   			"value": "birch_forest"
				   			}
				   		]
			   		},
				   	"add": {
				   		"component_groups": [
				   			"minecraft:sapling0",
		      				"mobs:wander_lumberjack"
			   			]
	   				}
		   		}
			   ]
	   	},
			"mobs:sapling_cooldown": {
				"remove": {
					"component_groups": [
						"minecraft:sapling0",
						"minecraft:sapling1",
						"minecraft:sapling2",
						"minecraft:sapling3",
						"minecraft:sapling4"
					]
				},
				"add": {
					"component_groups": [
						"mobs:wander_lumberjack",
						"mobs:ready_to_work"
					]
				}
			},
			"valhalla:mini_regeneration": {
				"add": {
					"component_groups": [
						"valhalla:hunter_regeneration"
					]
				}
			}
		}
	}
}