{
  "format_version": "1.16.0",
  "minecraft:entity": {
    "description": {
      "identifier": "mobs:lumber_wolf",
      "is_spawnable": true,
      "is_summonable": true,
      "is_experimental": false
    },
    "component_groups": {
      "mobs:die": {
          "minecraft:hurt_on_condition": {
              "damage_conditions": [
                  {
                       "cause": "none",
                       "damage_per_tick": 999
                  }
              ]
          }
      },
		"mobs:wood_agent_rider": {
			"minecraft:addrider": {
				"entity_type": "mobs:wood_agent"
			}
		},
		"mobs:fireling_rider": {
			"minecraft:addrider": {
				"entity_type": "valhalla:fireling"
			}
		},
      "minecraft:wolf_angry": {
        "minecraft:angry": {
          "duration": 60,
          "broadcast_anger_on_attack": true,
          "broadcast_anger_on_being_attacked": true,
          "broadcast_range": 16,
          "broadcast_targets": [
            "lumber_wolf"
          ],
          "calm_event": {
            "event": "minecraft:on_calm",
            "target": "self"
          }
        },
        "minecraft:on_target_acquired": {
        }
      }
    },
    "components": {
      "minecraft:nameable": {
      },
		"minecraft:scale": {
			"value": 1.2
		},
		"minecraft:rideable": {
			"seat_count": 1,
			"family_types": [
				"wood_agent"
			],
			"seats": {
				"position": [ -0.05, 0.78, -0.1 ]
			}
  		},
      "minecraft:type_family": {
        "family": [ "lumber_wolf", "mob", "valhalla", "invocation", "villager" ]
      },
      "minecraft:breathable": {
        "breathesAir": true,
        "breathesWater": true
      },
      "minecraft:collision_box": {
        "width": 0.6,
        "height": 0.8
      },
      "minecraft:health": {
        "value": 20,
        "max": 20
      },
	   "minecraft:timer": {
        "time": 120,
	  	  "looping": false,
		  "time_down_event": {
		  "event": "mobs:die_now"
	     }
	   },
      "minecraft:hurt_on_condition": {
        "damage_conditions": [
          {
            "filters": { "test": "in_lava", "subject": "self", "operator": "==", "value": true },
            "cause": "lava",
            "damage_per_tick": 4
          }
        ]
      },
      "minecraft:movement": {
        "value": 0.32
      },
      "minecraft:navigation.walk": {
        "can_path_over_water": true,
        "avoid_damage_blocks": true
      },
      "minecraft:movement.basic": {
      },
      "minecraft:jump.static": {
      },
      "minecraft:can_climb": {
      },
		"minecraft:follow_range": {
			"value": 64
		},
      "minecraft:attack": {
        "damage": 4
      },
      "minecraft:behavior.float": {
        "priority": 0
      },
      "minecraft:behavior.melee_attack": {
        "priority": 3
      },
      "minecraft:behavior.look_at_player": {
        "priority": 6,
        "target_distance": 6.0,
        "probability": 0.02
      },
  		"minecraft:behavior.explore_outskirts": {
   		"priority": 6,
   		"explore_dist": 7,
   		"speed_multiplier": 0.9,
   		"wait_time": 30
   	},
   	"minecraft:behavior.move_to_village": {
	   	"priority": 4,
   		"speed_multiplier": 0.8
   	},
      "minecraft:behavior.random_stroll": {
        "priority": 5,
        "speed_multiplier": 1
      },
		"minecraft:behavior.hurt_by_target": {
			"priority": 2,
			"entity_types": [
				{
					"filters": {
						"all_of": [
							{
								"test": "is_family",
								"subject": "other",
								"operator": "!=",
								"value": "creeper"
							},
							{
								"test": "is_family",
								"subject": "other",
								"operator": "!=",
								"value": "villager"
							},
							{
								"test": "is_family",
								"subject": "other",
								"operator": "!=",
								"value": "valhalla"
							},
							{
								"test": "is_family",
								"subject": "other",
								"operator": "!=",
								"value": "irongolem"
							},
							{
								"test": "is_family",
								"subject": "other",
								"operator": "!=",
								"value": "player"
							}
						]
					}
				}
			]
		},
		"minecraft:behavior.nearest_attackable_target": {
			"priority": 3,
			"entity_types": [
				{
					"filters": {
						"all_of": [
							{
								"test": "is_family",
								"subject": "other",
								"value": "monster"
							},
							{
								"test": "is_family",
								"subject": "other",
								"operator": "!=",
								"value": "creeper"
							}
						]
					},
					"within_default": 60
				},
           {
             "filters": {
               "any_of" : [
                 {"test" : "is_family", "subject" : "other", "value" :  "illager"},
                 {"test" : "is_family", "subject" : "other", "value" :  "undead"}
               ]
             },
             "max_dist": 60
           }
			],
			"must_see": true,
			"must_reach": true
		},
      "minecraft:physics": {
      },
      "minecraft:pushable": {
        "is_pushable": true,
        "is_pushable_by_piston": true
      }
    },
    "events": {
		"minecraft:entity_spawned": {
			"randomize": [
				{
					"weight": 60,
					"add": {
						"component_groups": [
							"mobs:no_rider"
						]
					}
				},
				{
					"weight": 25,
					"add": {
						"component_groups": [
							"mobs:wood_agent_rider"
						]
					}
				},
				{
					"weight": 15,
					"add": {
						"component_groups": [
							"mobs:fireling_rider"
						]
					}
				}
			]
		},
   	"mobs:die_now": {
			"add": {
				"component_groups": [
					"mobs:die"
				]
			}
		},
      "minecraft:become_angry": {
        "add": {
          "component_groups": [
            "minecraft:wolf_angry"
          ]
        }
      },
      "minecraft:on_calm": {
        "remove": {
          "component_groups": [
            "minecraft:wolf_angry"
          ]
        }
      }
    }
  }
}
