{
  "format_version": "1.16.0",
  "minecraft:entity": {
    "description": {
      "identifier": "valhalla:sand_shark",
		"runtime_identifier": "minecraft:dolphin",
      "is_spawnable": true,
      "is_summonable": true,
      "is_experimental": false
    },
    "component_groups": {
      "minecraft:shark_angry": {
        "minecraft:angry": {
          "duration": -1,
          "broadcast_anger": true,
          "broadcast_anger_on_attack": true,
          "broadcast_anger_on_being_attacked": true,
          "broadcast_range": 16,
          "broadcast_targets": [
            "sand_shark"
          ],
          "calm_event": {
            "event": "minecraft:on_calm",
            "target": "self"
          }
        },
        "minecraft:on_target_acquired": {
        }
      },
      "minecraft:shark_swimming_navigation": {
        "minecraft:behavior.look_at_player": {
          "priority": 8,
          "look_distance": 6
        },
        "minecraft:navigation.generic": {
          "is_amphibious": true,
          "can_path_over_water": false,
          "can_swim": true,
          "can_walk": false,
          "can_breach": true,
          "can_sink": true
        },
        "minecraft:environment_sensor": {
          "triggers": [
            {
              "filters": {
                "all_of": [
                  {
                    "test": "on_ground",
                    "operator": "==",
                    "value": true
                  },
                  {
                    "test": "in_water",
                    "operator": "!=",
                    "value": true
                  }
                ]
              },
              "event": "minecraft:navigation_on_land"
            }
          ]
        }
      },
      "minecraft:shark_on_land": {
        "minecraft:navigation.generic": {
          "is_amphibious": true,
          "can_path_over_water": true,
          "can_swim": true,
          "can_walk": true,
          "can_breach": false,
          "can_jump": true
        },
        "minecraft:environment_sensor": {
          "triggers": [
            {
              "filters": {
                "test": "in_water",
                "operator": "==",
                "value": true
              },
              "event": "minecraft:navigation_off_land"
            }
          ]
        }
      },
      "mobs:die": {
        "minecraft:hurt_on_condition": {
           "damage_conditions": [
               {
                  "cause": "none",
                  "damage_per_tick": 999
              }
           ]
			}
	 	}
    },
    "components": {
      "minecraft:nameable": {
      },
      "minecraft:type_family": {
        "family": [ "sand_shark", "mob", "invocation", "villager", "valhalla" ]
      },
      "minecraft:collision_box": {
        "width": 0.9,
        "height": 0.6
      },
      "minecraft:health": {
        "value": 24,
        "max": 24
      },
      "minecraft:hurt_on_condition": {
        "damage_conditions": [
          {
            "filters": { "test": "in_lava", "subject": "self", "operator": "==", "value": true },
            "cause": "lava",
            "damage_per_tick": 4
          }
        ]
      },
      "minecraft:follow_range": {
        "value": 48,
        "max": 48
      },
      "minecraft:breathable": {
        "breathesAir": true,
        "breathesWater": true,
        "generates_bubbles": false
      },
		"minecraft:behavior.melee_attack": {
			"priority": 3
		},
      "minecraft:behavior.random_stroll": {
        "priority": 5,
        "speed_multiplier": 1.0
      },
      "minecraft:attack": {
        "damage": 6
      },
      "minecraft:behavior.nearest_attackable_target": {
        "priority": 3,
        "entity_types": [
          {
            "filters": {
              "any_of" : [
                {"test" : "is_family", "subject" : "other", "value" :  "illager"},
                {"test" : "is_family", "subject" : "other", "value" :  "undead"}
              ]
            },
            "max_dist": 60
          },
          {
            "filters": {
              "all_of": [
                { "test": "is_family", "subject": "other", "value": "monster" },
                { "test": "is_family", "subject": "other", "operator": "!=", "value": "creeper" }
              ]
            },
            "max_dist": 60
          }
        ],
        "must_see": true
      },
      "minecraft:movement.basic": {
      },
      "minecraft:movement": {
        "value": 0.3
      },
      "minecraft:navigation.generic": {
        "is_amphibious": true,
        "can_path_over_water": true,
        "can_swim": true,
        "can_walk": true,
        "can_breach": false,
        "can_jump": true
      },
      "minecraft:underwater_movement": {
        "value": 0.2
      },
      "minecraft:jump.static": {
        "jump_power": 0.4
      },
      "minecraft:can_climb": {
      },
      "minecraft:behavior.swim_with_entity": {
        "priority": 7,
        "success_rate": 0.1,
        "chance_to_stop": 0.0333,
        "state_check_interval": 0.5,
        "catch_up_threshold": 12.0,
        "match_direction_threshold": 2.0,
        "catch_up_multiplier": 2.5,
        "speed_multiplier": 1,
        "search_range": 20.0,
        "stop_distance": 5.0,
        "entity_types": [
          {
            "filters": { "test": "is_family", "subject": "other", "value": "sand_shark" }
          }
        ]
      },
	   "minecraft:timer": {
        "time": 120,
	  	  "looping": false,
		  "time_down_event": {
		  "event": "mobs:die_now"
	     }
	   },
      "minecraft:behavior.random_swim": {
        "priority": 6,
        "interval": 0,
        "xz_dist": 12
      },
      "minecraft:behavior.random_breach": {
        "priority": 8,
        "interval": 50,
        "xz_dist": 6,
        "cooldown_time": 2.0
      },
      "minecraft:behavior.random_look_around": {
        "priority": 6
      },
		"minecraft:behavior.hurt_by_target": {
			"priority": 1,
			"entity_types": [
				{
					"filters": {
						"all_of": [
							{
								"test": "is_family",
								"subject": "other",
								"operator": "!=",
								"value": "valhalla"
							},
							{
								"test": "is_family",
								"subject": "other",
								"operator": "!=",
								"value": "iron_golem"
							},
							{
								"test": "is_family",
								"subject": "other",
								"operator": "!=",
								"value": "player"
							}
						]
					}
				}
			]
		},
      "minecraft:on_target_acquired": {
        "event": "minecraft:become_angry",
        "target": "self"
      },
      "minecraft:on_target_escape": {
        "event": "minecraft:on_calm",
        "target": "self"
      },
      "minecraft:despawn": {
        "despawn_from_distance": {}
      },
      "minecraft:physics": {
      },
      "minecraft:pushable": {
        "is_pushable": true,
        "is_pushable_by_piston": true
      }   
    },
    "events": {
      "minecraft:entity_spawned": {
        "add": {
          "component_groups": [
            "minecraft:shark_swimming_navigation"
          ]
        }
      },
      "minecraft:become_angry": {
        "add": {
          "component_groups": [
            "minecraft:shark_angry"
          ]
        }
      },
      "minecraft:on_calm": {
        "remove": {
          "component_groups": [
            "minecraft:shark_angry"
          ]
        }
      },
   	"mobs:die_now": {
			"add": {
				"component_groups": [
					"mobs:die"
          ]
        }
      },
      "minecraft:navigation_on_land": {
        "add": {
          "component_groups": [ "minecraft:shark_on_land" ]
        },
        "remove": {
          "component_groups": [ "minecraft:shark_swimming_navigation" ]
        }
      },
      "minecraft:navigation_off_land": {
        "add": {
          "component_groups": [ "minecraft:shark_swimming_navigation" ]
        },
        "remove": {
          "component_groups": [
            "minecraft:shark_on_land"
          ]
        }
      }
    }
  }
}