{"mob.yg_caine.ambient":{"max_distance":50,"sounds":["sounds/mob/caine/caine_idle","sounds/mob/caine/caine_idle2","sounds/mob/caine/caine_idle3"]},"mob.yg_gangle.ambient":{"max_distance":50,"sounds":["sounds/mob/gangle/gangle_idle","sounds/mob/gangle/gangle_idle2","sounds/mob/gangle/gangle_idle3","sounds/mob/gangle/gangle_idle4"]},"mob.yg_jax.ambient":{"max_distance":50,"sounds":["sounds/mob/jax/jax_idle","sounds/mob/jax/jax_idle2","sounds/mob/jax/jax_idle3"]},"mob.yg_kinger.ambient":{"max_distance":50,"sounds":["sounds/mob/kinger/kinger_idle","sounds/mob/kinger/kinger_idle2","sounds/mob/kinger/kinger_idle3","sounds/mob/kinger/kinger_idle4"]},"mob.yg_pomni.ambient":{"max_distance":50,"sounds":["sounds/mob/pomni/pomni_idle","sounds/mob/pomni/pomni_idle2","sounds/mob/pomni/pomni_idle3","sounds/mob/pomni/pomni_idle4","sounds/mob/pomni/pomni_idle5"]},"mob.yg_ragatha.ambient":{"max_distance":50,"sounds":["sounds/mob/ragatha/ragatha_idle","sounds/mob/ragatha/ragatha_idle2","sounds/mob/ragatha/ragatha_idle3"]},"mob.yg_zooble.ambient":{"max_distance":50,"sounds":["sounds/mob/zooble/zooble_idle","sounds/mob/zooble/zooble_idle2"]},"mob.yg_caine.hurt":{"category":" neutral","sounds":["sounds/mob/caine/caine_hurt"]},"mob.yg_gangle.hurt":{"category":" neutral","sounds":["sounds/mob/gangle/gangle_hurt"]},"mob.yg_jax.hurt":{"category":" neutral","sounds":["sounds/mob/jax/jax_hurt"]},"mob.yg_kinger.hurt":{"category":" neutral","sounds":["sounds/mob/kinger/kinger_hurt"]},"mob.yg_pomni.hurt":{"category":" neutral","sounds":["sounds/mob/pomni/pomni_hurt"]}}