{
  "format_version": "1.12",
  "minecraft:recipe_shaped": {
    "description": {
      "identifier": "sniffer_head"
    },
    "tags": [
      "crafting_table"
    ],
    "pattern": [
      " A ",
      "ABA",
      " A "
    ],
    "key": {
      "A": {
        "item": "minecraft:torchflower_seeds",
        "data": 0
      },
      "B": {
        "item": "minecraft:sniffer_egg",
        "data": 0
      }
    },
    "result": {
      "item": "mrspir:sniffer_head",
      "count": 1
    }
  }
}