{
	"format_version": "1.20.30",
	"minecraft:item": {
		"description": {
			"identifier": "fv:copper_armor_leggings",
			"menu_category": {
				"category": "equipment",
				"group": "itemGroup.name.leggings"
			}
		},
		"components": {
			"minecraft:max_stack_size": 1,
			"minecraft:enchantable": {
				"value": 9,
				"slot": "armor_legs"
			},
			"minecraft:durability": {
				"max_durability": 140,
				"damage_chance": {
					"min": 60,
					"max": 100
				}
			},
			"minecraft:icon": {
				"texture": "fv_copper_armor_leggings"
			},
			"minecraft:wearable": {
				"slot": "slot.armor.legs",
				"protection": 4
			},
			"minecraft:repairable": {
				"repair_items": [
					{
						"items": [
							"copper_ingot"
						],
						"repair_amount": "query.max_durability*0.25"
					},
					{
						"items": [
							"fv:copper_armor_leggings"
						],
						"repair_amount": "context.other->query.remaining_durability+0.12*context.other->query.max_durability"
					}
				]
			}
		}
	}
}