{
	"format_version": "1.20.30",
	"minecraft:item": {
		"description": {
			"identifier": "fv:copper_armor_helmet",
			"menu_category": {
				"category": "equipment",
				"group": "itemGroup.name.helmet"
			}
		},
		"components": {
			"minecraft:max_stack_size": 1,
			"minecraft:enchantable": {
				"value": 8,
				"slot": "armor_head"
			},
			"minecraft:durability": {
				"max_durability": 100,
				"damage_chance": {
					"min": 60,
					"max": 100
				}
			},
			"minecraft:icon": {
				"texture": "fv_copper_armor_helmet"
			},
			"minecraft:wearable": {
				"slot": "slot.armor.head",
				"protection": 1
			},
			"minecraft:repairable": {
				"repair_items": [
					{
						"items": [
							"copper_ingot"
						],
						"repair_amount": "query.max_durability*0.25"
					},
					{
						"items": [
							"fv:copper_armor_helmet"
						],
						"repair_amount": "context.other->query.remaining_durability+0.12*context.other->query.max_durability"
					}
				]
			}
		}
	}
}