{
	"format_version": "1.10.0",
	"animations": {
		"animation.fire_magic": {
			"timeline": {
				"0.0": [
					"/particle minecraft:lava_particle ~ ~ ~",
					"/particle minecraft:basic_flame_particle ~ ~ ~"
				],
				"0.1": [
					"/particle minecraft:lava_particle ~ ~ ~",
					"/particle minecraft:basic_flame_particle ~ ~ ~"
				],
				"0.2": [
					"/particle minecraft:lava_particle ~ ~ ~",
					"/particle minecraft:basic_flame_particle ~ ~ ~"
				],
				"0.3": [
					"/particle minecraft:lava_particle ~ ~ ~",
					"/particle minecraft:basic_flame_particle ~ ~ ~"
				],
				"0.4": [
					"/particle minecraft:lava_particle ~ ~ ~",
					"/particle minecraft:basic_flame_particle ~ ~ ~"
				],
				"0.5": [
					"/particle minecraft:lava_particle ~ ~ ~",
					"/particle minecraft:basic_flame_particle ~ ~ ~"
				],
				"0.6": [
					"/particle minecraft:lava_particle ~ ~ ~",
					"/particle minecraft:basic_flame_particle ~ ~ ~"
				],
				"0.7": [
					"/particle minecraft:lava_particle ~ ~ ~",
					"/particle minecraft:basic_flame_particle ~ ~ ~"
				],
				"0.8": [
					"/particle minecraft:lava_particle ~ ~ ~",
					"/particle minecraft:basic_flame_particle ~ ~ ~"
				],
				"0.9": [
					"/particle minecraft:lava_particle ~ ~ ~",
					"/particle minecraft:basic_flame_particle ~ ~ ~"
				],
				"1.0": [
					"/particle minecraft:lava_particle ~ ~ ~",
					"/particle minecraft:basic_flame_particle ~ ~ ~"
				]
			},
			"animation_length": 1,
			"loop": true
		}
	}
}