{
  "format_version": "1.12.0",
  "minecraft:geometry": [
    {
      "description": {
        "identifier": "geometry.iron_minion",
        "texture_width": 64,
        "texture_height": 64,
        "visible_bounds_width": 3,
        "visible_bounds_height": 3,
        "visible_bounds_offset": [
          0,
          1.5,
          0
        ]
      },
      "bones": [
        {
          "name": "body",
          "pivot": [
            0,
            24,
            0
          ],
          "cubes": [
            {
              "origin": [
                -4.0,
                12.0,
                -3.0
              ],
              "size": [
                8.0,
                12.0,
                6.0
              ],
              "uv": [
                16,
                20
              ],
              "inflate": 0
            },
            {
              "origin": [
                -4.0,
                4.0,
                -3.0
              ],
              "size": [
                8.0,
                20.0,
                6.0
              ],
              "uv": [
                0,
                38
              ],
              "inflate": 0.5
            }
          ]
        },
        {
          "name": "arrow",
          "pivot": [
            11,
            3,
            -3
          ],
          "cubes": [
            {
              "origin": [
                6.0,
                26.0,
                5.2
              ],
              "size": [
                5.0,
                8.0,
                0.0
              ],
              "uv": [
                30,
                39
              ],
              "inflate": 0
            },
            {
              "origin": [
                8.0,
                26.0,
                4.2
              ],
              "size": [
                5.0,
                8.0,
                0.0
              ],
              "pivot": [
                11.0,
                3.0,
                -3.0
              ],
              "rotation": [
                0.0,
                0.0,
                -7.5
              ],
              "uv": [
                30,
                39
              ],
              "inflate": 0
            },
            {
              "origin": [
                3.0,
                25.0,
                4.1
              ],
              "size": [
                5.0,
                8.0,
                0.0
              ],
              "pivot": [
                11.0,
                3.0,
                -3.0
              ],
              "rotation": [
                0.0,
                0.0,
                10.0
              ],
              "uv": [
                30,
                39
              ],
              "inflate": 0
            },
            {
              "origin": [
                7.0,
                16.0,
                4.0
              ],
              "size": [
                3.0,
                10.0,
                2.0
              ],
              "uv": [
                45,
                39
              ],
              "inflate": 0.5
            }
          ],
          "parent": "body",
          "rotation": [
            0,
            0,
            -30
          ]
        },
        {
          "name": "head",
          "pivot": [
            0,
            24,
            0
          ],
          "cubes": [
            {
              "origin": [
                -4.0,
                24.0,
                -4.0
              ],
              "size": [
                8.0,
                10.0,
                8.0
              ],
              "uv": [
                0,
                0
              ],
              "inflate": 0
            },
            {
              "origin": [
                -4.0,
                24.0,
                -4.0
              ],
              "size": [
                8.0,
                10.0,
                8.0
              ],
              "uv": [
                32,
                0
              ],
              "inflate": 0.5
            }
          ],
          "parent": "body"
        },
        {
          "name": "eyebrows",
          "cubes": [
            {
              "origin": [
                -3.0,
                28.0,
                -4.01
              ],
              "size": [
                6.0,
                3.0,
                0.0
              ],
              "uv": [
                10,
                18
              ],
              "inflate": 0
            }
          ],
          "parent": "head"
        },
        {
          "name": "nose",
          "pivot": [
            0,
            26,
            0
          ],
          "cubes": [
            {
              "origin": [
                -1.0,
                23.0,
                -6.0
              ],
              "size": [
                2.0,
                4.0,
                2.0
              ],
              "uv": [
                24,
                0
              ],
              "inflate": 0
            }
          ],
          "parent": "head"
        },
        {
          "name": "rightleg",
          "pivot": [
            -2,
            12,
            0
          ],
          "cubes": [
            {
              "origin": [
                -4.0,
                0.0,
                -2.0
              ],
              "size": [
                4.0,
                12.0,
                4.0
              ],
              "uv": [
                0,
                22
              ],
              "inflate": 0
            }
          ],
          "parent": "body"
        },
        {
          "name": "leftleg",
          "pivot": [
            2,
            12,
            0
          ],
          "cubes": [
            {
              "origin": [
                0.0,
                0.0,
                -2.0
              ],
              "size": [
                4.0,
                12.0,
                4.0
              ],
              "uv": [
                0,
                22
              ],
              "inflate": 0
            }
          ],
          "parent": "body",
          "mirror": true
        },
        {
          "name": "rightArm",
          "pivot": [
            -5,
            22,
            0
          ],
          "cubes": [
            {
              "origin": [
                -8.0,
                12.0,
                -2.0
              ],
              "size": [
                4.0,
                12.0,
                4.0
              ],
              "uv": [
                44,
                22
              ],
              "inflate": 0
            },
            {
              "origin": [
                -8.0,
                19.0,
                -2.0
              ],
              "size": [
                4.0,
                5.0,
                4.0
              ],
              "uv": [
                41,
                52
              ],
              "inflate": 0.5
            }
          ],
          "parent": "body"
        },
        {
          "name": "rightItem",
          "pivot": [
            -5.5,
            16,
            0.5
          ],
          "parent": "rightArm"
        },
        {
          "name": "leftArm",
          "pivot": [
            5,
            22,
            0
          ],
          "cubes": [
            {
              "origin": [
                4.0,
                12.0,
                -2.0
              ],
              "size": [
                4.0,
                12.0,
                4.0
              ],
              "uv": [
                44,
                22
              ],
              "inflate": 0
            },
            {
              "origin": [
                4.0,
                19.0,
                -2.0
              ],
              "size": [
                4.0,
                5.0,
                4.0
              ],
              "uv": [
                41,
                52
              ],
              "inflate": 0.5
            }
          ],
          "parent": "body",
          "mirror": true
        },
        {
          "name": "leftItem",
          "pivot": [
            6,
            15,
            1
          ],
          "parent": "leftArm"
        }
      ]
    }
  ]
}