{
	"format_version": "1.10.0",
	"geometry.knight": {
		"texturewidth": 128,
		"textureheight": 128,
		"visible_bounds_width": 4,
		"visible_bounds_height": 4,
		"visible_bounds_offset": [0, 2, 0],
		"bones": [
			{
				"name": "Body",
				"pivot": [0, 13, 9],
				"cubes": [
					{"origin": [-5, 11, -11], "size": [10, 10, 22], "uv": [64, 96]}
				]
			},
			{
				"name": "Tail",
				"parent": "Body",
				"pivot": [0, 20, 11],
				"rotation": [25, 0, 0],
				"cubes": [
					{"origin": [-1.5, 6, 9], "size": [3, 14, 4], "uv": [106, 100]}
				]
			},
			{
				"name": "LegBL",
				"parent": "Body",
				"pivot": [3, 11, 9],
				"cubes": [
					{"origin": [1, 0, 7], "size": [4, 11, 4], "uv": [112, 85], "mirror": true}
				]
			},
			{
				"name": "LegBR",
				"parent": "Body",
				"pivot": [-3, 11, 9],
				"cubes": [
					{"origin": [-5, 0, 7], "size": [4, 11, 4], "uv": [112, 85]}
				]
			},
			{
				"name": "LegFL",
				"parent": "Body",
				"pivot": [3, 11, -9],
				"cubes": [
					{"origin": [1, 0, -11], "size": [4, 11, 4], "uv": [112, 85], "mirror": true}
				]
			},
			{
				"name": "LegFR",
				"parent": "Body",
				"pivot": [-3, 11, -9],
				"cubes": [
					{"origin": [-5, 0, -11], "size": [4, 11, 4], "uv": [112, 85]}
				]
			},
			{
				"name": "Neck",
				"parent": "Body",
				"pivot": [0, 17, -8],
				"rotation": [30, 0, 0],
				"cubes": [
					{"origin": [-2, 16, -11], "size": [4, 12, 7], "uv": [64, 99]}
				],
				"locators": {
					"lead": [0, 17, -8]
				}
			},
			{
				"name": "Head1",
				"parent": "Neck",
				"pivot": [0, 28, -11],
				"cubes": [
					{"origin": [-3, 28, -11], "size": [6, 5, 7], "uv": [64, 77]}
				]
			},
			{
				"name": "Muzzle",
				"parent": "Head1",
				"pivot": [0, 28, -11],
				"cubes": [
					{"origin": [-2, 28, -16], "size": [4, 5, 5], "uv": [64, 89]}
				]
			},
			{
				"name": "EarL",
				"parent": "Head1",
				"pivot": [0, 17, -8],
				"rotation": [0, 0, 5],
				"cubes": [
					{"origin": [-0.5, 32, -5.01], "size": [2, 3, 1], "uv": [77, 80], "mirror": true}
				]
			},
			{
				"name": "EarR",
				"parent": "Head1",
				"pivot": [0, 17, -8],
				"rotation": [0, 0, -5],
				"cubes": [
					{"origin": [-1.5, 32, -5.01], "size": [2, 3, 1], "uv": [77, 80]}
				]
			},
			{
				"name": "ReinsL",
				"parent": "Head1",
				"pivot": [2, 30.5, -13.5],
				"rotation": [-35, 0, 0],
				"cubes": [
					{"origin": [3.1, 29, -13], "size": [0, 3, 16], "uv": [96, 66]}
				]
			},
			{
				"name": "ReinsR",
				"parent": "Head1",
				"pivot": [-3, 30.5, -13.5],
				"rotation": [-35, 0, 0],
				"cubes": [
					{"origin": [-3.1, 29, -13], "size": [0, 3, 16], "uv": [96, 66]}
				]
			},
			{
				"name": "Bridle",
				"parent": "Head1",
				"pivot": [0, 17, -8],
				"cubes": [
					{"origin": [-2, 28, -13], "size": [4, 5, 2], "uv": [83, 64], "inflate": 0.25},
					{"origin": [-3, 28, -11], "size": [6, 5, 7], "uv": [64, 64], "inflate": 0.25}
				]
			},
			{
				"name": "BitL",
				"parent": "Bridle",
				"pivot": [0, 17, -8],
				"cubes": [
					{"origin": [2, 29, -14], "size": [1, 2, 2], "uv": [93, 69]}
				]
			},
			{
				"name": "BitR",
				"parent": "Bridle",
				"pivot": [0, 17, -8],
				"cubes": [
					{"origin": [-3, 29, -14], "size": [1, 2, 2], "uv": [93, 69]}
				]
			},
			{
				"name": "Mane",
				"parent": "Neck",
				"pivot": [0, 17, -8],
				"cubes": [
					{"origin": [-1, 17, -3.95], "size": [2, 16, 2], "uv": [120, 100]}
				]
			},
			{
				"name": "Saddle",
				"parent": "Body",
				"pivot": [0, 22, 2],
				"cubes": [
					{"origin": [-5, 12, -3.5], "size": [10, 9, 9], "uv": [90, 64], "inflate": 0.5}
				]
			},
			{
				"name": "entity",
				"parent": "Body",
				"pivot": [0, 21, 2],
				"cubes": [
					{"origin": [-4, 23, -1], "size": [8, 12, 6], "uv": [16, 20]},
					{"origin": [-4, 17, -1], "size": [8, 18, 6], "uv": [0, 38], "inflate": 0.5}
				]
			},
			{
				"name": "chest",
				"parent": "entity",
				"pivot": [0, 12, 7],
				"rotation": [22.5, 0, 0],
				"cubes": [
					{"origin": [-4, 28.25, 5], "size": [8, 7, 3], "uv": [75, 48]}
				]
			},
			{
				"name": "head",
				"parent": "entity",
				"pivot": [0, 35, 2],
				"cubes": [
					{"origin": [-4, 35, -2], "size": [8, 10, 8], "uv": [0, 0]},
					{"origin": [-4, 35, -2], "size": [8, 10, 8], "uv": [32, 0], "inflate": 0.5}
				],
				"locators": {
					"lead2": [0, 11, 2]
				}
			},
			{
				"name": "nose",
				"parent": "head",
				"pivot": [0, 37, 2],
				"cubes": [
					{"origin": [-1, 34, -4], "size": [2, 4, 2], "uv": [24, 0]}
				]
			},
			{
				"name": "helmet",
				"parent": "head",
				"pivot": [0, 36, 1]
			},
			{
				"name": "cover",
				"parent": "helmet",
				"pivot": [-5.5, 40.5, 1],
				"rotation": [-42.5, 0, 0],
				"cubes": [
					{"origin": [-4.5, 39, -5], "size": [9, 5, 8], "uv": [60, 18], "inflate": 0.5}
				]
			},
			{
				"name": "eyebrows",
				"parent": "head",
				"pivot": [0, 11, 1]
			},
			{
				"name": "right",
				"parent": "eyebrows",
				"pivot": [0, 11, 1],
				"cubes": [
					{"origin": [-6, 39, -2.01], "size": [5, 3, 0], "uv": [28, 48]}
				]
			},
			{
				"name": "left",
				"parent": "eyebrows",
				"pivot": [0, 11, 1],
				"cubes": [
					{"origin": [1, 39, -2.01], "size": [5, 3, 0], "uv": [28, 52]}
				]
			},
			{
				"name": "eyebrows2",
				"parent": "eyebrows",
				"pivot": [0, 11, 2],
				"cubes": [
					{"origin": [-5, 39, -2.01], "size": [10, 2, 0], "uv": [1, 20]}
				]
			},
			{
				"name": "leftLeg",
				"parent": "entity",
				"pivot": [2, 23, 2],
				"rotation": [-52.02521, -17.22575, -3.13388],
				"cubes": [
					{"origin": [0, 11, 0], "size": [4, 12, 4], "uv": [0, 22]}
				]
			},
			{
				"name": "rightLeg",
				"parent": "entity",
				"pivot": [-2, 23, 2],
				"rotation": [-51.69476, 22.13991, 4.11405],
				"mirror": true,
				"cubes": [
					{"origin": [-4, 11, 0], "size": [4, 12, 4], "uv": [0, 22]}
				]
			},
			{
				"name": "rightarm",
				"parent": "entity",
				"pivot": [-5, 33, 2],
				"cubes": [
					{"origin": [-8, 23, 0], "size": [4, 12, 4], "uv": [44, 22]},
					{"origin": [-9, 30, 0], "size": [4, 6, 4], "uv": [41, 52], "inflate": 0.8},
					{"origin": [-8, 23, 0], "size": [4, 12, 4], "uv": [58, 44], "inflate": 0.3}
				]
			},
			{
				"name": "rightItem",
				"parent": "rightarm",
				"pivot": [-6, 26, 2]
			},
			{
				"name": "leftarm",
				"parent": "entity",
				"pivot": [5, 33, 2],
				"mirror": true,
				"cubes": [
					{"origin": [4, 23, 0], "size": [4, 12, 4], "uv": [44, 22]},
					{"origin": [5, 30, 0], "size": [4, 6, 4], "uv": [41, 52], "inflate": 0.8},
					{"origin": [4, 23, 0], "size": [4, 12, 4], "uv": [58, 44], "inflate": 0.3}
				]
			},
			{
				"name": "leftItem",
				"parent": "leftarm",
				"pivot": [6, 25, 1]
			},
			{
				"name": "shield",
				"parent": "leftarm",
				"pivot": [-8, 10, -9],
				"rotation": [0, -90, 0],
				"cubes": [
					{"origin": [-3, 15, -27.5], "size": [12, 22, 1], "uv": [99, 0], "inflate": 0.3, "mirror": true}
				]
			},
			{
				"name": "bone",
				"parent": "shield",
				"pivot": [-6, 10, -9],
				"rotation": [0, 0, 90],
				"cubes": [
					{"origin": [-24, 16, -26], "size": [2, 6, 6], "uv": [94, 32], "inflate": 0.3, "mirror": true}
				]
			}
		]
	}
}