{
	"format_version": "1.12.0",
	"minecraft:geometry": [
		{
			"description": {
				"identifier": "geometry.pillager_armored",
				"texture_width": 64,
				"texture_height": 128,
				"visible_bounds_width": 3,
				"visible_bounds_height": 4,
				"visible_bounds_offset": [0, 1, 0]
			},
			"bones": [
				{
					"name": "body",
					"pivot": [0, 24, 0],
					"cubes": [
						{"origin": [-4, 12, -3], "size": [8, 12, 6], "uv": [16, 20]},
						{"origin": [-4, 4, -3], "size": [8, 20, 6], "inflate": 0.5, "uv": [0, 38]}
					]
				},
				{
					"name": "arrow",
					"parent": "body",
					"pivot": [11, 3, -3],
					"rotation": [0, 0, -30],
					"cubes": [
						{"origin": [6, 26, 5.2], "size": [5, 8, 0], "uv": [30, 39]},
						{"origin": [8, 26, 4.2], "size": [5, 8, 0], "pivot": [11, 3, -3], "rotation": [0, 0, -7.5], "uv": [30, 39]},
						{"origin": [3, 25, 4.1], "size": [5, 8, 0], "pivot": [11, 3, -3], "rotation": [0, 0, 10], "uv": [30, 39]},
						{"origin": [7, 16, 4], "size": [3, 10, 2], "inflate": 0.5, "uv": [45, 39]}
					]
				},
				{
					"name": "head",
					"parent": "body",
					"pivot": [0, 24, 0],
					"cubes": [
						{"origin": [-4, 24, -4], "size": [8, 10, 8], "uv": [0, 0]},
						{"origin": [-4, 24, -4], "size": [8, 10, 8], "inflate": 0.5, "uv": [32, 0]}
					]
				},
				{
					"name": "eyebrows",
					"parent": "head",
					"pivot": [0, 0, 0],
					"cubes": [
						{"origin": [-6, 28, -4.01], "size": [5, 3, 0], "uv": [28, 48]},
						{"origin": [1, 28, -4.01], "size": [5, 3, 0], "uv": [28, 52]}
					]
				},
				{
					"name": "nose",
					"parent": "head",
					"pivot": [0, 26, 0],
					"cubes": [
						{"origin": [-1, 23, -6], "size": [2, 4, 2], "uv": [24, 0]}
					]
				},
				{
					"name": "helmet",
					"parent": "head",
					"pivot": [0, 24, 0],
					"mirror": true,
					"cubes": [
						{"origin": [-5, 24.25, -5], "size": [10, 10, 10], "uv": [0, 72]},
						{"origin": [-5, 24.5, 5.5], "size": [10, 5, 0], "pivot": [0.07402, 27.41456, 6.20141], "rotation": [15, 0, 0], "uv": [40, 77]},
						{"origin": [-5, 25.25026, -4.99903], "size": [0, 4, 10], "pivot": [-5, 29.25026, 1.00097], "rotation": [0, 0, 15], "uv": [41, 72]},
						{"origin": [5, 25.25026, -4.99903], "size": [0, 4, 10], "pivot": [5, 29.25026, 0.00097], "rotation": [0, 0, -15], "uv": [41, 72], "mirror": false}
					]
				},
				{
					"name": "rightleg",
					"parent": "body",
					"pivot": [-2, 12, 0],
					"cubes": [
						{"origin": [-4, 0, -2], "size": [4, 12, 4], "uv": [0, 22]}
					]
				},
				{
					"name": "leftleg",
					"parent": "body",
					"pivot": [2, 12, 0],
					"mirror": true,
					"cubes": [
						{"origin": [0, 0, -2], "size": [4, 12, 4], "uv": [0, 22]}
					]
				},
				{
					"name": "rightArm",
					"parent": "body",
					"pivot": [-5, 22, 0],
					"cubes": [
						{"origin": [-8, 12, -2], "size": [4, 12, 4], "uv": [44, 22]},
						{"origin": [-8, 19, -2], "size": [4, 5, 4], "inflate": 0.5, "uv": [41, 52]}
					]
				},
				{
					"name": "rightItem",
					"parent": "rightArm",
					"pivot": [-5.5, 16, 0.5]
				},
				{
					"name": "leftArm",
					"parent": "body",
					"pivot": [5, 22, 0],
					"mirror": true,
					"cubes": [
						{"origin": [4, 12, -2], "size": [4, 12, 4], "uv": [44, 22]},
						{"origin": [4, 19, -2], "size": [4, 5, 4], "inflate": 0.5, "uv": [41, 52]}
					]
				},
				{
					"name": "leftItem",
					"parent": "leftArm",
					"pivot": [6, 15, 1]
				}
			]
		}
	]
}