{
	"format_version": "1.10.0",
	"geometry.royal_guard": {
		"texturewidth": 128,
		"textureheight": 64,
		"visible_bounds_width": 3,
		"visible_bounds_height": 4.5,
		"visible_bounds_offset": [0, 0.75, 0],
		"bones": [
			{
				"name": "waist",
				"pivot": [0, 24, 0]
			},
			{
				"name": "body",
				"parent": "waist",
				"pivot": [0, 24, 0],
				"cubes": [
					{"origin": [-4, 12, -3], "size": [8, 12, 6], "uv": [16, 20]},
					{"origin": [-5, 12, -3], "size": [10, 12, 6], "uv": [60, 18], "inflate": 0.5},
					{"origin": [-4, 10, -3], "size": [8, 14, 6], "uv": [0, 38], "inflate": 0.3}
				]
			},
			{
				"name": "head",
				"parent": "body",
				"pivot": [0, 24, 0],
				"cubes": [
					{"origin": [-4, 24, -4], "size": [8, 10, 8], "uv": [0, 0]},
					{"origin": [-4, 24, -4], "size": [8, 10, 8], "uv": [32, 0], "inflate": 0.5}
				]
			},
			{
				"name": "nose",
				"parent": "head",
				"pivot": [0, 26, 0],
				"cubes": [
					{"origin": [-1, 23, -6], "size": [2, 4, 2], "uv": [24, 0]}
				]
			},
			{
				"name": "eyebrows",
				"parent": "head",
				"pivot": [0, 0, 0]
			},
			{
				"name": "right",
				"parent": "eyebrows",
				"pivot": [0, 0, 0],
				"cubes": [
					{"origin": [-6, 28, -4.01], "size": [5, 3, 0], "uv": [101, 53]}
				]
			},
			{
				"name": "left",
				"parent": "eyebrows",
				"pivot": [0, 0, 0],
				"cubes": [
					{"origin": [1, 28, -4.01], "size": [5, 3, 0], "uv": [101, 57]}
				]
			},
			{
				"name": "helmet",
				"parent": "head",
				"pivot": [0, 24, 0],
				"cubes": [
					{"origin": [-5, 25.5, -4.5], "size": [10, 9, 9], "uv": [64, 0]}
				]
			},
			{
				"name": "horn",
				"parent": "helmet",
				"pivot": [0, 24, 0],
				"cubes": [
					{"origin": [5, 31.5, -1.5], "size": [3, 2, 2], "uv": [93, 37]},
					{"origin": [-8, 31.5, -1.5], "size": [3, 2, 2], "uv": [93, 37], "mirror": true},
					{"origin": [6, 33.5, -1.5], "size": [2, 3, 2], "uv": [97, 41]},
					{"origin": [-8, 33.5, -1.5], "size": [2, 3, 2], "uv": [97, 41], "mirror": true},
					{"origin": [-2, 34.5, -4.5], "size": [4, 3, 2], "uv": [93, 0]}
				]
			},
			{
				"name": "rightArm",
				"parent": "body",
				"pivot": [-5, 22, 0],
				"cubes": [
					{"origin": [-9, 12, -2], "size": [3.25, 12, 4], "uv": [45, 22]},
					{"origin": [-9.25, 17, -2.25], "size": [3.75, 3, 4.5], "uv": [102, 10]},
					{"origin": [-9.5, 20, -3], "size": [4.25, 4.5, 6], "uv": [102, 0]}
				]
			},
			{
				"name": "rightarmorarm",
				"parent": "rightArm",
				"pivot": [-6, 22, 0],
				"cubes": [
					{"origin": [-10.25, 11, -3], "size": [2.25, 5, 6], "uv": [94, 25]},
					{"origin": [-8, 11, -3], "size": [1.25, 2, 6], "uv": [103, 44]}
				]
			},
			{
				"name": "item",
				"parent": "rightArm",
				"pivot": [-7.5, 14, -6],
				"rotation": [90, 0, 0],
				"cubes": [
					{"origin": [-8, 3.5, -6.5], "size": [1, 12, 1], "uv": [59, 46]}
				]
			},
			{
				"name": "mace",
				"parent": "item",
				"pivot": [0, 9, 11],
				"rotation": [42.5, 0, 0],
				"cubes": [
					{"origin": [-10, 23.5, 1], "size": [5, 5, 5], "uv": [63, 49]},
					{"origin": [-12, 25.5, 3], "size": [2, 1, 1], "uv": [112, 56]},
					{"origin": [-5, 25.5, 3], "size": [2, 1, 1], "uv": [112, 56]},
					{"origin": [-8, 28.5, 3], "size": [1, 2, 1], "uv": [109, 60]},
					{"origin": [-8, 25.5, 6], "size": [1, 1, 2], "uv": [120, 52]},
					{"origin": [-8, 21.5, 3], "size": [1, 2, 1], "uv": [109, 60]},
					{"origin": [-8, 25.5, -1], "size": [1, 1, 2], "uv": [120, 52]}
				]
			},
			{
				"name": "leftArm",
				"parent": "body",
				"pivot": [5, 22, 0],
				"mirror": true,
				"cubes": [
					{"origin": [5.45, 20, -3], "size": [4, 4.5, 6], "uv": [102, 0]},
					{"origin": [5.75, 12, -2], "size": [3.25, 12, 4], "uv": [45, 22]},
					{"origin": [5.5, 17, -2.25], "size": [3.75, 3, 4.5], "uv": [102, 10]}
				]
			},
			{
				"name": "leftarmorarm",
				"parent": "leftArm",
				"pivot": [1, 0, 0],
				"cubes": [
					{"origin": [6.5, 11, -3], "size": [1.25, 2, 6], "uv": [103, 44]},
					{"origin": [7.75, 11, -3], "size": [2.25, 5, 6], "uv": [94, 25]}
				]
			},
			{
				"name": "shield",
				"parent": "leftArm",
				"pivot": [23.75, 12, -1],
				"rotation": [90, 0, 0],
				"cubes": [
					{"origin": [1, 1, -3], "size": [14, 22, 1], "uv": [28, 38]},
					{"origin": [7, 8, -2], "size": [2, 6, 6], "uv": [84, 48]}
				]
			},
			{
				"name": "chest",
				"parent": "body",
				"pivot": [-2.75, 21, -4],
				"rotation": [-20, 0, 0],
				"cubes": [
					{"origin": [-5.25, 18, -5.5], "size": [5, 4, 3], "uv": [60, 37]},
					{"origin": [0.25, 18, -5.5], "size": [5, 4, 3], "uv": [76, 37]}
				]
			},
			{
				"name": "leg1",
				"parent": "body",
				"pivot": [2, 12, 0],
				"mirror": true,
				"cubes": [
					{"origin": [0.25, 0.25, -2], "size": [3.75, 12, 4], "uv": [0, 22]},
					{"origin": [0, 0.25, -2], "size": [4.25, 5, 4.5], "uv": [108, 34], "inflate": 0.2},
					{"origin": [0, 5.25, -3], "size": [4.25, 3, 1.5], "uv": [115, 60], "inflate": 0.2}
				]
			},
			{
				"name": "leg0",
				"parent": "body",
				"pivot": [-2, 12, 0],
				"cubes": [
					{"origin": [-4, 0.25, -2], "size": [3.75, 12, 4], "uv": [0, 22]},
					{"origin": [-4.5, 0.25, -2], "size": [4.25, 5, 4.5], "uv": [108, 34], "inflate": 0.2},
					{"origin": [-4.5, 5.25, -3], "size": [4.25, 3, 1.5], "uv": [115, 60], "inflate": 0.2}
				]
			}
		]
	}
}