{
	"format_version": "1.12.0",
	"minecraft:geometry": [
		{
			"description": {
				"identifier": "geometry.vindicator",
				"texture_width": 64,
				"texture_height": 128,
				"visible_bounds_width": 3,
				"visible_bounds_height": 4,
				"visible_bounds_offset": [0, 1, 0]
			},
			"bones": [
				{
					"name": "body",
					"pivot": [0, 24, 0],
					"cubes": [
						{"origin": [-4, 12, -3], "size": [8, 12, 6], "uv": [16, 20]},
						{"origin": [-4, 4, -3], "size": [8, 20, 6], "inflate": 0.5, "uv": [0, 38]},
						{"origin": [-4, 4, -3], "size": [8, 20, 6], "inflate": 0.7, "uv": [20, 100]}
					]
				},
				{
					"name": "head",
					"parent": "body",
					"pivot": [0, 24, 0],
					"cubes": [
						{"origin": [-4, 24, -4], "size": [8, 10, 8], "uv": [0, 0]},
						{"origin": [-4, 24, -4], "size": [8, 10, 8], "inflate": 0.5, "uv": [32, 0]}
					]
				},
				{
					"name": "chefhatBeta",
					"parent": "head",
					"pivot": [0, 0, 0],
					"cubes": [
						{"origin": [-5, 30, -5], "size": [10, 3, 10], "uv": [0, 85]},
						{"origin": [-6, 32, -9], "size": [12, 6, 12], "pivot": [0, 0, 0], "rotation": [-5, 0, 0], "uv": [0, 67]}
					]
				},
				{
					"name": "eyebrows",
					"parent": "head",
					"pivot": [0, 0, 0],
					"cubes": [
						{"origin": [-6, 28, -4.01], "size": [5, 3, 0], "uv": [0, 76]},
						{"origin": [1, 28, -4.01], "size": [5, 3, 0], "uv": [48, 89]}
					]
				},
				{
					"name": "nose",
					"parent": "head",
					"pivot": [0, 26, 0],
					"cubes": [
						{"origin": [-1, 23, -6], "size": [2, 4, 2], "uv": [24, 0]}
					]
				},
				{
					"name": "arms",
					"parent": "body",
					"pivot": [0, 22, 0],
					"cubes": [
						{"origin": [-8, 16, -2], "size": [4, 8, 4], "uv": [44, 22]},
						{"origin": [4, 16, -2], "size": [4, 8, 4], "uv": [47, 46]},
						{"origin": [-4, 16, -2], "size": [8, 4, 4], "uv": [40, 38]}
					]
				},
				{
					"name": "shoulder",
					"parent": "arms",
					"pivot": [0, 22, 0],
					"cubes": [
						{"origin": [-8, 18, -2], "size": [4, 6, 4], "inflate": 0.5, "uv": [47, 59]},
						{"origin": [4, 18, -2], "size": [4, 6, 4], "inflate": 0.5, "uv": [47, 59], "mirror": true}
					]
				},
				{
					"name": "leg0",
					"parent": "body",
					"pivot": [-2, 12, 0],
					"cubes": [
						{"origin": [-4, 0, -2], "size": [4, 12, 4], "uv": [0, 22]}
					]
				},
				{
					"name": "leg1",
					"parent": "body",
					"pivot": [2, 12, 0],
					"mirror": true,
					"cubes": [
						{"origin": [0, 0, -2], "size": [4, 12, 4], "uv": [0, 22]}
					]
				},
				{
					"name": "rightArm",
					"parent": "body",
					"pivot": [-5, 22, 0],
					"cubes": [
						{"origin": [-8, 12, -2], "size": [4, 12, 4], "uv": [30, 46]},
						{"origin": [-8, 18, -2], "size": [4, 6, 4], "inflate": 0.5, "uv": [47, 59]}
					]
				},
				{
					"name": "rightItem",
					"parent": "rightArm",
					"pivot": [-5.5, 16, 0.5]
				},
				{
					"name": "leftArm",
					"parent": "body",
					"pivot": [5, 22, 0],
					"mirror": true,
					"cubes": [
						{"origin": [4, 12, -2], "size": [4, 12, 4], "uv": [30, 46]},
						{"origin": [4, 18, -2], "size": [4, 6, 4], "inflate": 0.5, "uv": [47, 59]}
					]
				},
				{
					"name": "leftItem",
					"parent": "leftArm",
					"pivot": [6, 15, 1]
				}
			]
		}
	]
}