{
  "format_version": "1.12.0",
  "minecraft:geometry": [
    {
      "description": {
        "identifier": "geometry.villager.witch.v1.8",
        "texture_width": 64,
        "texture_height": 128,
        "visible_bounds_width": 3,
        "visible_bounds_height": 5,
        "visible_bounds_offset": [
          0,
          1.5,
          0
        ]
      },
      "bones": [
        {
          "name": "body",
          "pivot": [
            0,
            24,
            0
          ],
          "cubes": [
            {
              "origin": [
                -4.0,
                12.0,
                -3.0
              ],
              "size": [
                8.0,
                12.0,
                6.0
              ],
              "uv": [
                16,
                20
              ],
              "inflate": 0
            },
            {
              "origin": [
                -4.0,
                4.0,
                -3.0
              ],
              "size": [
                8.0,
                20.0,
                6.0
              ],
              "uv": [
                0,
                38
              ],
              "inflate": 0.5
            }
          ]
        },
        {
          "name": "cape",
          "cubes": [
            {
              "origin": [
                -6.0,
                4.0,
                6.0
              ],
              "size": [
                12.0,
                20.0,
                1.0
              ],
              "rotation": [
                7.5,
                0.0,
                0.0
              ],
              "uv": [
                20,
                68
              ],
              "inflate": 0
            }
          ],
          "parent": "body"
        },
        {
          "name": "head",
          "pivot": [
            0,
            24,
            0
          ],
          "cubes": [
            {
              "origin": [
                -4.0,
                24.0,
                -4.0
              ],
              "size": [
                8.0,
                10.0,
                8.0
              ],
              "uv": [
                0,
                0
              ],
              "inflate": 0
            },
            {
              "origin": [
                -4.0,
                24.0,
                -4.0
              ],
              "size": [
                8.0,
                10.0,
                8.0
              ],
              "uv": [
                32,
                0
              ],
              "inflate": 0.5
            }
          ],
          "parent": "body"
        },
        {
          "name": "eyebrows",
          "cubes": [
            {
              "origin": [
                -5.0,
                28.0,
                -4.01
              ],
              "size": [
                10.0,
                3.0,
                0.0
              ],
              "uv": [
                1,
                19
              ],
              "inflate": 0
            }
          ],
          "parent": "head"
        },
        {
          "name": "nose",
          "pivot": [
            0,
            26,
            0
          ],
          "cubes": [
            {
              "origin": [
                -1.0,
                23.0,
                -6.0
              ],
              "size": [
                2.0,
                4.0,
                2.0
              ],
              "uv": [
                24,
                0
              ],
              "inflate": 0
            }
          ],
          "parent": "head"
        },
        {
          "name": "hat",
          "pivot": [
            -5,
            32.03125,
            -5
          ],
          "cubes": [
            {
              "origin": [
                -5.0,
                32.05,
                -5.0
              ],
              "size": [
                10.0,
                2.0,
                10.0
              ],
              "uv": [
                0,
                94
              ],
              "inflate": 0
            }
          ],
          "parent": "head"
        },
        {
          "name": "hat2",
          "pivot": [
            1.75,
            32,
            2
          ],
          "cubes": [
            {
              "origin": [
                -3.25,
                33.5,
                -3.0
              ],
              "size": [
                7.0,
                4.0,
                7.0
              ],
              "uv": [
                0,
                106
              ],
              "inflate": 0
            }
          ],
          "parent": "hat",
          "rotation": [
            -3,
            0,
            1.5
          ]
        },
        {
          "name": "hat3",
          "pivot": [
            1.75,
            35,
            2
          ],
          "cubes": [
            {
              "origin": [
                -1.5,
                36.5,
                -1.0
              ],
              "size": [
                4.0,
                4.0,
                4.0
              ],
              "uv": [
                0,
                117
              ],
              "inflate": 0
            }
          ],
          "parent": "hat2",
          "rotation": [
            -6,
            0,
            3
          ]
        },
        {
          "name": "hat4",
          "pivot": [
            1.75,
            38,
            2
          ],
          "cubes": [
            {
              "origin": [
                0.25,
                40.5,
                1.0
              ],
              "size": [
                1.0,
                2.0,
                1.0
              ],
              "uv": [
                0,
                125
              ],
              "inflate": 0.25
            }
          ],
          "parent": "hat3",
          "rotation": [
            -12,
            0,
            6
          ]
        },
        {
          "name": "arms",
          "pivot": [
            0,
            22,
            0
          ],
          "cubes": [
            {
              "origin": [
                -8.0,
                16.0,
                -2.0
              ],
              "size": [
                4.0,
                8.0,
                4.0
              ],
              "uv": [
                44,
                22
              ],
              "inflate": 0
            },
            {
              "origin": [
                4.0,
                16.0,
                -2.0
              ],
              "size": [
                4.0,
                8.0,
                4.0
              ],
              "uv": [
                47,
                46
              ],
              "inflate": 0
            },
            {
              "origin": [
                -4.0,
                16.0,
                -2.0
              ],
              "size": [
                8.0,
                4.0,
                4.0
              ],
              "uv": [
                40,
                38
              ],
              "inflate": 0
            }
          ],
          "parent": "body"
        },
        {
          "name": "held_item",
          "parent": "arms"
        },
        {
          "name": "shoulder",
          "pivot": [
            0,
            22,
            0
          ],
          "cubes": [
            {
              "origin": [
                -8.0,
                18.0,
                -2.0
              ],
              "size": [
                4.0,
                6.0,
                4.0
              ],
              "uv": [
                47,
                59
              ],
              "inflate": 0.5
            },
            {
              "origin": [
                4.0,
                18.0,
                -2.0
              ],
              "size": [
                4.0,
                6.0,
                4.0
              ],
              "uv": [
                47,
                59
              ],
              "inflate": 0.5,
              "mirror": true
            }
          ],
          "parent": "arms"
        },
        {
          "name": "leg0",
          "pivot": [
            -2,
            12,
            0
          ],
          "cubes": [
            {
              "origin": [
                -4.0,
                0.0,
                -2.0
              ],
              "size": [
                4.0,
                12.0,
                4.0
              ],
              "uv": [
                0,
                22
              ],
              "inflate": 0
            }
          ],
          "parent": "body"
        },
        {
          "name": "leg1",
          "pivot": [
            2,
            12,
            0
          ],
          "cubes": [
            {
              "origin": [
                0.0,
                0.0,
                -2.0
              ],
              "size": [
                4.0,
                12.0,
                4.0
              ],
              "uv": [
                0,
                22
              ],
              "inflate": 0
            }
          ],
          "parent": "body",
          "mirror": true
        }
      ]
    }
  ]
}