{
	"format_version": "1.12.0",
	"minecraft:geometry": [
		{
			"description": {
				"identifier": "geometry.witch_illager",
				"texture_width": 64,
				"texture_height": 128,
				"visible_bounds_width": 3,
				"visible_bounds_height": 5,
				"visible_bounds_offset": [0, 1.5, 0]
			},
			"bones": [
				{
					"name": "body",
					"pivot": [0, 24, 0],
					"cubes": [
						{"origin": [-4, 12, -3], "size": [8, 12, 6], "uv": [16, 20]},
						{"origin": [-4, 4, -3], "size": [8, 20, 6], "inflate": 0.5, "uv": [0, 38]}
					]
				},
				{
					"name": "cape",
					"parent": "body",
					"pivot": [0, 0, 0],
					"cubes": [
						{"origin": [-6, 4, 6], "size": [12, 20, 1], "pivot": [0, 0, 0], "rotation": [7.5, 0, 0], "uv": [20, 68]}
					]
				},
				{
					"name": "head",
					"parent": "body",
					"pivot": [0, 24, 0],
					"cubes": [
						{"origin": [-4, 24, -4], "size": [8, 10, 8], "uv": [0, 0]},
						{"origin": [-4, 24, -4], "size": [8, 10, 8], "inflate": 0.5, "uv": [32, 0]}
					],
					"locators": {
						"lead": [0, 23, -3]
					}
				},
				{
					"name": "eyebrows",
					"parent": "head",
					"pivot": [0, 0, 0],
					"cubes": [
						{"origin": [-5, 28, -4.01], "size": [10, 3, 0], "uv": [1, 19]},
						{"origin": [-6, 28, -4.01], "size": [5, 3, 0], "uv": [0, 70]},
						{"origin": [1, 28, -4.01], "size": [5, 3, 0], "uv": [0, 74]}
					]
				},
				{
					"name": "nose",
					"parent": "head",
					"pivot": [0, 26, 0],
					"cubes": [
						{"origin": [-1, 23, -6], "size": [2, 4, 2], "uv": [24, 0]},
						{"origin": [0, 25, -6.75], "size": [1, 1, 1], "inflate": -0.25, "uv": [0, 0]}
					]
				},
				{
					"name": "hat",
					"parent": "head",
					"pivot": [-5, 32.03125, -5],
					"cubes": [
						{"origin": [-5, 32.05, -5], "size": [10, 2, 10], "uv": [0, 94]}
					]
				},
				{
					"name": "hat2",
					"parent": "hat",
					"pivot": [1.75, 32, 2],
					"rotation": [-3, 0, 1.5],
					"cubes": [
						{"origin": [-3.25, 33.5, -3], "size": [7, 4, 7], "uv": [0, 106]}
					]
				},
				{
					"name": "hat3",
					"parent": "hat2",
					"pivot": [1.75, 35, 2],
					"rotation": [-6, 0, 3],
					"cubes": [
						{"origin": [-1.5, 36.5, -1], "size": [4, 4, 4], "uv": [0, 117]}
					]
				},
				{
					"name": "hat4",
					"parent": "hat3",
					"pivot": [1.75, 38, 2],
					"rotation": [-12, 0, 6],
					"cubes": [
						{"origin": [0.25, 40.5, 1], "size": [1, 2, 1], "inflate": 0.25, "uv": [0, 125]}
					]
				},
				{
					"name": "arms",
					"parent": "body",
					"pivot": [0, 22, 0],
					"cubes": [
						{"origin": [-8, 16, -2], "size": [4, 8, 4], "uv": [44, 22]},
						{"origin": [4, 16, -2], "size": [4, 8, 4], "uv": [47, 46]},
						{"origin": [-4, 16, -2], "size": [8, 4, 4], "uv": [40, 38]}
					]
				},
				{
					"name": "held_item",
					"parent": "arms",
					"pivot": [0, 0, 0]
				},
				{
					"name": "shoulder",
					"parent": "arms",
					"pivot": [0, 22, 0],
					"cubes": [
						{"origin": [-8, 18, -2], "size": [4, 6, 4], "inflate": 0.5, "uv": [47, 59]},
						{"origin": [4, 18, -2], "size": [4, 6, 4], "inflate": 0.5, "uv": [47, 59], "mirror": true}
					]
				},
				{
					"name": "leg0",
					"parent": "body",
					"pivot": [-2, 12, 0],
					"cubes": [
						{"origin": [-4, 0, -2], "size": [4, 12, 4], "uv": [0, 22]}
					]
				},
				{
					"name": "leg1",
					"parent": "body",
					"pivot": [2, 12, 0],
					"mirror": true,
					"cubes": [
						{"origin": [0, 0, -2], "size": [4, 12, 4], "uv": [0, 22]}
					]
				},
				{
					"name": "rightArm",
					"parent": "body",
					"pivot": [-5, 22, 0],
					"cubes": [
						{"origin": [-8, 12, -2], "size": [4, 12, 4], "uv": [30, 46]}
					]
				},
				{
					"name": "rightItem",
					"parent": "rightArm",
					"pivot": [0, 18, -0.5],
					"rotation": [-30, 0, 0]
				},
				{
					"name": "leftArm",
					"parent": "body",
					"pivot": [5, 22, 0],
					"mirror": true,
					"cubes": [
						{"origin": [4, 12, -2], "size": [4, 12, 4], "uv": [30, 46]}
					]
				}
			]
		}
	]
}