{
	"format_version": "1.16.100",
	"minecraft:entity": {
		"description": {
			"identifier": "grave:eaten",
      "is_spawnable": false,
			"is_summonable": true,
       "is_experimental": false,
       "scripts": {
         "animate": [
           "eat"
         ]
       },
       "animations":{
         "eat":"controller.animation.grave"
       }
     },
		"components": {
			"minecraft:type_family": {
				"family": [
					"eaten"
				]
			},
      "minecraft:spawn_entity": {
        "entities": [
          {
            "min_wait_time": 0,
            "max_wait_time": 0,
            "spawn_entity": "pvz:gravegone",
            "spawn_event": "minecraft:entity_spawned",
            "single_use": true
          }
        ]
      },
			"minecraft:loot": {
				"table": "loot_tables/entities/empty.json"
			},
			"minecraft:health": {
				"value": 20,
				"max": 20
			},
		  "minecraft:timer": {
			  "looping": false,
			  "time": 2,
			  "time_down_event": {
				  "event": "minecraft:death_event",
				  "target": "self"
			  }
		  },
        "minecraft:collision_box": {
          "width": 0.4,
          "height": 0.4
        },
			"minecraft:knockback_resistance": {
				"value": 1
			},
			"minecraft:physics": {},
			"minecraft:pushable": {
				"is_pushable": false,
				"is_pushable_by_piston": false
			}
		}
	}
}