{
  "animation_controllers": {
    "controller.animation.cro_jumpscare": {
      "initial_state": "default",
      "states": {
        "add": {
          "on_entry": [
            "/scoreboard objectives add eee dummy",
            "/scoreboard players add @e[r=3,type=!f:cro] eee 1",
            "/execute @e[scores={eee=8..1000}] ~ ~ ~event entity @e[type=f:cro,r=5] tb:jumpscare_stop",
            "/execute @e[scores={eee=8..1000}] ~ ~ ~tag @e[type=f:cro,r=5] remove eee",
            "/kill @e[scores={eee=8..1000}]",
            "/scoreboard players set @a[scores={eee=8..1000}] eee 0"
          ],
          "transitions": [
            {
              "default": "1.0"
            }
          ]
        },
        "attack": {
          "on_entry": [
            "/tag @s add eee",
            "/execute @s ~ ~ ~ ride @e[r=3,type=!f:cro] start_riding @s",
            "/effect @s slowness 2 255 true",
            "/playanimation @e[type=f:cro] animation.f_cro.jumpscare",
            "/playsound random.explode @a[r=25] ~ ~ ~",
            "/ride @s start_riding @e[type=f:cro] teleport_rider"
          ],
          "transitions": [
            {
              "default": "1.0"
            }
          ]
        },
        "default": {
          "transitions": [
            {
              "attack": "variable.attack_time > 0 && !query.is_stunned"
            },
            {
              "add": "query.has_rider && !query.is_stunned"
            }
          ]
        }
      }
    }
  },
  "format_version": "1.10.0"
}