{
	"format_version": "1.16.0",
	"minecraft:entity": {
		"description": {
			"identifier": "va:pillager_v2",
			"is_spawnable": true,
			"is_summonable": true,
			"is_experimental": false,
			"runtime_identifier": "minecraft:pillager",
			"animations": {
				"shield": "controller.animation.shield_illager"
			},
			"scripts": {
				"animate": [
					"shield"
				]
			}
		},
		"component_groups": {
			"avoid_mob": {
				"minecraft:behavior.avoid_mob_type": {
					"priority": 1,
					"entity_types": [
						{
							"filters": {
								"any_of": [
									{
										"test": "is_family",
										"subject": "other",
										"value": "villager_soldier"
									},
									{
										"test": "is_family",
										"subject": "other",
										"value": "iron_golem"
									},
									{
										"test": "is_family",
										"subject": "other",
										"value": "player"
									}
								]
							},
							"max_dist": 10
						}
					]
				}
			},
			"shield": {
				"minecraft:addrider": {
					"entity_type": "va:shield_illager"
				},
				"minecraft:rideable": {
					"seat_count": 1,
					"family_types": [
						"shield_illager"
					],
					"seats": {
						"position": [
							0,
							0,
							0.4
						]
					}
				},
				"minecraft:is_stunned": {},
				"minecraft:timer": {
					"time": [
						3,
						4
					],
					"time_down_event": {
						"event": "cooldown",
						"target": "self"
					}
				}
			},
			"cooldown_shield": {
				"minecraft:timer": {
					"time": [
						4,
						5
					],
					"time_down_event": {
						"event": "shield",
						"target": "self"
					}
				}
			},
			"minecraft:ranged_attack": {
				"minecraft:behavior.ranged_attack": {
					"priority": 4,
					"attack_interval_min": 1,
					"attack_interval_max": 1,
					"attack_radius": 16
				},
				"minecraft:behavior.charge_held_item": {
					"priority": 3,
					"items": [
						"minecraft:arrow"
					]
				},
				"minecraft:equipment": {
					"table": "loot_tables/crossbow.json"
				},
				"minecraft:shooter": {
					"def": "minecraft:arrow"
				},
				"minecraft:environment_sensor": {
					"triggers": {
						"filters": {
							"test": "is_underwater",
							"subject": "self",
							"operator": "==",
							"value": true
						},
						"event": "minecraft:melee_mode"
					}
				},
				"minecraft:on_target_acquired": {
					"filters": {
						"all_of": [
							{
								"test": "has_equipment",
								"subject": "self",
								"operator": "==",
								"value": "shield"
							}
						]
					},
					"event": "shield",
					"target": "self"
				},
				"minecraft:on_target_escape": {
					"event": "calm_shield",
					"target": "self"
				},
				"minecraft:variant": {
					"value": 0
				}
			},
			"minecraft:in_caravan": {
				"minecraft:damage_sensor": {
					"triggers": {
						"cause": "all",
						"deals_damage": true
					}
				}
			},
			"rocket": {
				"minecraft:behavior.follow_target_captain": {
					"priority": 5,
					"speed_multiplier": 0.8,
					"within_radius": 64,
					"follow_distance": 5
				},
				"minecraft:behavior.ranged_attack": {
					"priority": 4,
					"attack_interval_min": 1,
					"attack_interval_max": 1,
					"attack_radius": 16
				},
				"minecraft:behavior.charge_held_item": {
					"priority": 3,
					"items": [
						"minecraft:fireworks"
					]
				},
				"minecraft:equipment": {
					"table": "loot_tables/crossbow.json"
				},
				"minecraft:shooter": {
					"def": "va:rocket"
				},
				"minecraft:environment_sensor": {
					"triggers": {
						"filters": {
							"test": "is_underwater",
							"subject": "self",
							"operator": "==",
							"value": true
						},
						"event": "minecraft:melee_mode"
					}
				},
				"minecraft:on_target_acquired": {
					"filters": {
						"all_of": [
							{
								"test": "has_equipment",
								"subject": "self",
								"operator": "==",
								"value": "shield"
							}
						]
					},
					"event": "shield",
					"target": "self"
				},
				"minecraft:on_target_escape": {
					"event": "calm_shield",
					"target": "self"
				},
				"minecraft:variant": {
					"value": 0
				}
			},
			"minecraft:melee_attack": {
				"minecraft:behavior.melee_attack": {
					"priority": 4,
					"track_target": true
				},
				"minecraft:attack": {
					"damage": 3
				},
				"minecraft:environment_sensor": {
					"triggers": {
						"filters": {
							"test": "in_water",
							"subject": "self",
							"operator": "==",
							"value": false
						},
						"event": "minecraft:ranged_mode"
					}
				},
				"minecraft:variant": {
					"value": 1
				}
			},
			"minecraft:raid_persistence": {
				"minecraft:persistent": {}
			},
			"sword": {
				"minecraft:behavior.follow_target_captain": {
					"priority": 5,
					"speed_multiplier": 0.8,
					"within_radius": 64,
					"follow_distance": 5
				},
				"minecraft:behavior.melee_attack": {
					"priority": 4,
					"reach_multiplier": 3,
					"track_target": true,
					"speed_multiplier": 1.1
				},
				"minecraft:attack": {
					"damage": 6
				},
				"minecraft:equipment": {
					"table": "loot_tables/sword_illager.json",
					"slot_drop_chance": [
						{
							"slot": "slot.weapon.mainhand",
							"drop_chance": 0.6
						}
					]
				},
				"minecraft:on_target_acquired": {
					"event": "become_angry_event",
					"target": "self"
				},
				"minecraft:variant": {
					"value": 1
				}
			},
			"king": {
				"minecraft:damage_sensor": {
					"triggers": {
						"on_damage": {
							"filters": {
								"all_of": [
									{
										"test": "has_damage",
										"value": "fatal"
									},
									{
										"test": "is_family",
										"subject": "other",
										"value": "player"
									}
								]
							},
							"event": "minecraft:gain_bad_omen",
							"target": "other"
						}
					}
				},
				"minecraft:behavior.melee_attack": {
					"priority": 4,
					"reach_multiplier": 3,
					"track_target": true,
					"speed_multiplier": 1.1
				},
				"minecraft:attack": {
					"damage": 8,
					"effect_name": "bad_omen",
					"effect_duration": 500
				},
				"minecraft:health": {
					"value": 45,
					"max": 45
				},
				"minecraft:equipment": {
					"table": "loot_tables/king_illager.json",
					"slot_drop_chance": [
						{
							"slot": "slot.weapon.mainhand",
							"drop_chance": 0.6
						}
					]
				},
				"minecraft:on_target_acquired": {
					"event": "become_angry_event",
					"target": "self"
				},
				"minecraft:variant": {
					"value": 1
				},
				"minecraft:target_nearby_sensor": {
					"inside_range": 3,
					"outside_range": 4,
					"on_outside_range": {
						"event": "shield",
						"target": "self"
					},
					"on_inside_range": {
						"event": "calm_shield",
						"target": "self"
					}
				},
				"minecraft:mob_effect": {
					"effect_range": 10,
					"mob_effect": "strength",
					"effect_time": 2,
					"entity_filter": {
						"any_of": [
							{
								"test": "is_family",
								"subject": "other",
								"value": "illager"
							}
						]
					}
				}
			},
			"sword_and_shield": {
				"minecraft:behavior.follow_target_captain": {
					"priority": 5,
					"speed_multiplier": 0.8,
					"within_radius": 64,
					"follow_distance": 5
				},
				"minecraft:behavior.melee_attack": {
					"priority": 4,
					"reach_multiplier": 3,
					"track_target": true,
					"speed_multiplier": 1.1
				},
				"minecraft:attack": {
					"damage": 6
				},
				"minecraft:equipment": {
					"table": "loot_tables/sword_and_shield.json"
				},
				"minecraft:on_target_acquired": {
					"event": "become_angry_event",
					"target": "self"
				},
				"minecraft:variant": {
					"value": 1
				},
				"minecraft:target_nearby_sensor": {
					"inside_range": 3,
					"outside_range": 4,
					"on_outside_range": {
						"event": "shield",
						"target": "self"
					},
					"on_inside_range": {
						"event": "calm_shield",
						"target": "self"
					}
				}
			},
			"axe_and_shield": {
				"minecraft:behavior.follow_target_captain": {
					"priority": 5,
					"speed_multiplier": 0.8,
					"within_radius": 64,
					"follow_distance": 5
				},
				"minecraft:behavior.melee_attack": {
					"priority": 4,
					"reach_multiplier": 3,
					"track_target": true,
					"speed_multiplier": 1.1
				},
				"minecraft:attack": {
					"damage": 6
				},
				"minecraft:equipment": {
					"table": "loot_tables/axe_and_shield.json"
				},
				"minecraft:on_target_acquired": {
					"event": "become_angry_event",
					"target": "self"
				},
				"minecraft:variant": {
					"value": 1
				},
				"minecraft:target_nearby_sensor": {
					"inside_range": 3,
					"outside_range": 4,
					"on_outside_range": {
						"event": "shield",
						"target": "self"
					},
					"on_inside_range": {
						"event": "calm_shield",
						"target": "self"
					}
				}
			},
			"minecraft:celebrate": {
				"minecraft:behavior.celebrate": {
					"priority": 5,
					"celebration_sound": "celebrate",
					"sound_interval": {
						"range_min": 2,
						"range_max": 7
					},
					"jump_interval": {
						"range_min": 1,
						"range_max": 3.5
					},
					"duration": 30,
					"on_celebration_end_event": {
						"event": "minecraft:stop_celebrating",
						"target": "self"
					}
				}
			},
			"minecraft:raid_configuration": {
				"minecraft:dweller": {
					"dwelling_type": "village",
					"dweller_role": "hostile",
					"update_interval_base": 60,
					"update_interval_variant": 40,
					"can_find_poi": false,
					"can_migrate": false,
					"first_founding_reward": 0
				},
				"minecraft:ambient_sound_interval": {
					"value": 2,
					"range": 4,
					"event_name": "ambient.in.raid"
				}
			},
			"angry": {
				"minecraft:angry": {
					"duration": 30,
					"broadcast_anger": true,
					"broadcast_anger_on_attack": false,
					"broadcast_anger_on_being_attacked": true,
					"broadcast_range": 16,
					"broadcast_targets": [
						"illager"
					],
					"calm_event": {
						"event": "become_calm_event",
						"target": "self"
					},
					"filters": {
						"all_of": [
							{
								"test": "is_family",
								"subject": "other",
								"operator": "!=",
								"value": "illager"
							}
						]
					},
					"angry_sound": "angry",
					"sound_interval": {
						"range_min": 2,
						"range_max": 5
					}
				}
			}
		},
		"components": {
			"minecraft:is_hidden_when_invisible": {},
			"minecraft:collision_box": {
				"width": 0.6,
				"height": 1.9
			},
			"minecraft:type_family": {
				"family": [
					"pillager",
					"illager",
					"monster",
					"mob"
				]
			},
			"minecraft:conditional_bandwidth_optimization": {},
			"minecraft:experience_reward": {
				"on_death": "query.last_hit_by_player ? 20 : 0"
			},
			"minecraft:behavior.follow_caravan": {
				"priority": 2,
				"entity_count": 10,
				"speed_multiplier": 0.45,
				"entity_types": {
					"filters": {
						"test" : "is_family",
						"subject" : "other",
						"value" : "illager"
					}
				}
			},
			"minecraft:breathable": {
				"total_supply": 15,
				"suffocate_time": 0
			},
			"minecraft:hurt_on_condition": {
				"damage_conditions": [
					{
						"filters": {
							"test": "in_lava",
							"subject": "self",
							"operator": "==",
							"value": true
						},
						"cause": "lava",
						"damage_per_tick": 4
					}
				]
			},
			"minecraft:loot": {
				"table": "loot_tables/pillager_v2_drop.json"
			},
			"minecraft:movement": {
				"value": 0.35
			},
			"minecraft:navigation.walk": {
				"can_path_over_water": true,
				"can_open_doors": true,
				"avoid_water": true
			},
			"minecraft:annotation.open_door": {},
			"minecraft:movement.basic": {},
			"minecraft:jump.static": {},
			"minecraft:nameable": {},
			"minecraft:despawn": {
				"despawn_from_distance": {
					"max_distance": 3000,
					"min_distance": 1200
				}
			},
			"minecraft:shareables": {
				"items": [
					{
						"item": "minecraft:banner:15",
						"want_amount": 1,
						"surplus_amount": 1,
						"priority": 0
					},
					{
						"item": "minecraft:netherite_helmet",
						"want_amount": 1,
						"surplus_amount": 1,
						"priority": 0
					},
					{
						"item": "minecraft:diamond_helmet",
						"want_amount": 1,
						"surplus_amount": 1,
						"priority": 1
					},
					{
						"item": "minecraft:iron_helmet",
						"want_amount": 1,
						"surplus_amount": 1,
						"priority": 2
					},
					{
						"item": "minecraft:chainmail_helmet",
						"want_amount": 1,
						"surplus_amount": 1,
						"priority": 3
					},
					{
						"item": "minecraft:golden_helmet",
						"want_amount": 1,
						"surplus_amount": 1,
						"priority": 4
					},
					{
						"item": "minecraft:leather_helmet",
						"want_amount": 1,
						"surplus_amount": 1,
						"priority": 5
					},
					{
						"item": "minecraft:turtle_helmet",
						"want_amount": 1,
						"surplus_amount": 1,
						"priority": 6
					},
					{
						"item": "minecraft:skull:0",
						"want_amount": 1,
						"surplus_amount": 1,
						"priority": 7
					},
					{
						"item": "minecraft:skull:1",
						"want_amount": 1,
						"surplus_amount": 1,
						"priority": 7
					},
					{
						"item": "minecraft:carved_pumpkin",
						"want_amount": 1,
						"surplus_amount": 1,
						"priority": 7
					},
					{
						"item": "minecraft:netherite_chestplate",
						"want_amount": 1,
						"surplus_amount": 1,
						"priority": 0
					},
					{
						"item": "minecraft:diamond_chestplate",
						"want_amount": 1,
						"surplus_amount": 1,
						"priority": 1
					},
					{
						"item": "minecraft:iron_chestplate",
						"want_amount": 1,
						"surplus_amount": 1,
						"priority": 2
					},
					{
						"item": "minecraft:chainmail_chestplate",
						"want_amount": 1,
						"surplus_amount": 1,
						"priority": 3
					},
					{
						"item": "minecraft:golden_chestplate",
						"want_amount": 1,
						"surplus_amount": 1,
						"priority": 4
					},
					{
						"item": "minecraft:leather_chestplate",
						"want_amount": 1,
						"surplus_amount": 1,
						"priority": 5
					},
					{
						"item": "minecraft:netherite_leggings",
						"want_amount": 1,
						"surplus_amount": 1,
						"priority": 0
					},
					{
						"item": "minecraft:diamond_leggings",
						"want_amount": 1,
						"surplus_amount": 1,
						"priority": 1
					},
					{
						"item": "minecraft:iron_leggings",
						"want_amount": 1,
						"surplus_amount": 1,
						"priority": 2
					},
					{
						"item": "minecraft:chainmail_leggings",
						"want_amount": 1,
						"surplus_amount": 1,
						"priority": 3
					},
					{
						"item": "minecraft:golden_leggings",
						"want_amount": 1,
						"surplus_amount": 1,
						"priority": 4
					},
					{
						"item": "minecraft:leather_leggings",
						"want_amount": 1,
						"surplus_amount": 1,
						"priority": 5
					},
					{
						"item": "minecraft:netherite_boots",
						"want_amount": 1,
						"surplus_amount": 1,
						"priority": 0
					},
					{
						"item": "minecraft:diamond_boots",
						"want_amount": 1,
						"surplus_amount": 1,
						"priority": 1
					},
					{
						"item": "minecraft:iron_boots",
						"want_amount": 1,
						"surplus_amount": 1,
						"priority": 2
					},
					{
						"item": "minecraft:chainmail_boots",
						"want_amount": 1,
						"surplus_amount": 1,
						"priority": 3
					},
					{
						"item": "minecraft:golden_boots",
						"want_amount": 1,
						"surplus_amount": 1,
						"priority": 4
					},
					{
						"item": "minecraft:leather_boots",
						"want_amount": 1,
						"surplus_amount": 1,
						"priority": 5
					},
					{
						"item": "minecraft:shield",
						"priority": 1,
						"want_amount": 1,
						"surplus_amount": 1
					}
				]
			},
			"minecraft:equip_item": {},
			"minecraft:behavior.equip_item": {
				"priority": 1
			},
			"minecraft:behavior.pickup_items": {
				"priority": 6,
				"max_dist": 10,
				"goal_radius": 2,
				"speed_multiplier": 0.8,
				"pickup_based_on_chance": false,
				"can_pickup_any_item": false,
				"cooldown_after_being_attacked": 20
			},
			"minecraft:behavior.nearest_attackable_target": {
				"priority": 2,
				"must_see": true,
				"reselect_targets": true,
				"within_radius": 25,
				"entity_types": [
					{
						"filters": {
							"any_of": [
								{
									"test": "is_family",
									"subject": "other",
									"value": "player"
								},
								{
									"test": "is_family",
									"subject": "other",
									"value": "irongolem"
								},
								{
									"test": "is_family",
									"subject": "other",
									"value": "wandering_trader"
								}
							]
						},
						"max_dist": 25
					},
					{
						"filters": {
							"all_of": [
								{
									"test": "is_family",
									"subject": "other",
									"value": "villager"
								},
								{
									"test": "has_component",
									"subject": "other",
									"operator": "!=",
									"value": "minecraft:is_baby"
								}
							]
						},
						"max_dist": 25
					}
				]
			},
			"minecraft:behavior.hurt_by_target": {
				"priority": 1
			},
			"minecraft:behavior.random_stroll": {
				"priority": 7,
				"speed_multiplier": 0.6
			},
			"minecraft:behavior.look_at_player": {
				"priority": 8,
				"look_distance": 8
			},
			"minecraft:behavior.random_look_around": {
				"priority": 9
			},
			"minecraft:physics": {},
			"minecraft:pushable": {
				"is_pushable": true,
				"is_pushable_by_piston": true
			},
			"minecraft:health": {
				"value": 30,
				"max": 30
			},
			"minecraft:follow_range": {
				"value": 64
			},
			"minecraft:behavior.float": {
				"priority": 0
			},
			"minecraft:behavior.move_to_village": {
				"priority": 5,
				"speed_multiplier": 1,
				"goal_radius": 2
			},
			"minecraft:behavior.hurt_by_target": {
				"priority": 1,
				"entity_types": {
					"filters": {
						"test": "is_family",
						"subject": "other",
						"operator": "!=",
						"value": "illager"
					},
					"max_dist": 64
				}
			},
			"minecraft:damage_sensor": {
				"triggers": [
					{
						"on_damage": {
							"filters": {
								"all_of": [
									{
										"test": "is_family",
										"subject": "other",
										"operator": "==",
										"value": "illager"
									},
									{
										"test": "has_damage",
										"value": "entity_attack"
									}
								]
							}
						},
						"deals_damage": false
					},
					{
						"cause": "all",
						"deals_damage": true,
						"on_damage": {
							"filters": {
								"test": "in_caravan",
								"value": false
							},
							"event": "minecraft:become_angry"
						}
					},
					{
						"on_damage": {
							"filters": {
								"all_of": [
									{
										"test": "is_family",
										"subject": "other",
										"operator": "==",
										"value": "ice"
									},
									{
										"test": "has_damage",
										"value": "entity_explosion"
									}
								]
							}
						},
						"deals_damage": false
					}
				]
			}
		},
		"events": {
			"minecraft:entity_spawned": {
				"randomize": [
					{
						"weight": 40,
						"add": {
							"component_groups": [
								"minecraft:ranged_attack",
								"alert_for_attack_targets",
								"avoid_mob",
								"minecraft:behavior.find_mount"
							]
						}
					},
					{
						"weight": 15,
						"add": {
							"component_groups": [
								"alert_for_attack_targets",
								"minecraft:behavior.find_mount",
								"avoid_mob",
								"rocket"
							]
						}
					},
					{
						"weight": 30,
						"add": {
							"component_groups": [
								"axe_and_shield",
								"alert_for_attack_targets",
								"minecraft:behavior.find_mount"
							]
						}
					},
					{
						"weight": 30,
						"add": {
							"component_groups": [
								"sword",
								"alert_for_attack_targets",
								"minecraft:behavior.find_mount"
							]
						}
					},
					{
						"weight": 30,
						"add": {
							"component_groups": [
								"sword_and_shield",
								"alert_for_attack_targets",
								"minecraft:behavior.find_mount"
							]
						}
					},
					{
						"weight": 10,
						"add": {
							"component_groups": [
								"king",
								"alert_for_attack_targets",
								"minecraft:behavior.find_mount"
							]
						}
					}
				]
			},
			"minecraft:melee_mode": {
				"remove": {
					"component_groups": [
						"minecraft:ranged_attack"
					]
				},
				"add": {
					"component_groups": [
						"minecraft:melee_attack"
					]
				}
			},
			"minecraft:ranged_mode": {
				"remove": {
					"component_groups": [
						"minecraft:melee_attack"
					]
				},
				"add": {
					"component_groups": [
						"minecraft:ranged_attack"
					]
				}
			},
			"minecraft:start_celebrating": {
				"sequence": [
					{
						"add": {
							"component_groups": [
								"minecraft:celebrate"
							]
						}
					},
					{
						"filters": {
							"test": "has_nametag",
							"value": false
						},
						"remove": {
							"component_groups": [
								"minecraft:raid_persistence"
							]
						}
					}
				]
			},
			"minecraft:stop_celebrating": {
				"remove": {
					"component_groups": [
						"minecraft:celebrate"
					]
				}
			},
			"minecraft:raid_expired": {
				"sequence": [
					{
						"filters": {
							"test": "has_nametag",
							"value": false
						},
						"remove": {
							"component_groups": [
								"minecraft:raid_persistence"
							]
						}
					}
				]
			},
			"minecraft:calm": {
				"remove": {
					"component_groups": [
						"minecraft:melee_attack",
						"minecraft:ranged_attack",
						"shield",
						"cooldown_shield"
					]
				}
			},
			"calm_shield": {
				"remove": {
					"component_groups": [
						"cooldown_shield",
						"shield"
					]
				}
			},
			"become_calm_event": {
				"remove": {
					"component_groups": [
						"angry",
						"shield"
					]
				}
			},
			"become_angry_event": {
				"add": {
					"component_groups": [
						"angry"
					]
				}
			},
			"minecraft:spawn_for_raid": {
				"randomize": [
					{
						"weight": 40,
						"add": {
							"component_groups": [
								"minecraft:ranged_attack",
								"minecraft:raid_configuration",
								"minecraft:raid_persistence",
								"avoid_mob",
						"minecraft:behavior.find_mount"
							]
						}
					},
					{
						"weight": 40,
						"add": {
							"component_groups": [
								"sword",
								"minecraft:raid_configuration",
								"minecraft:raid_persistence",
						"minecraft:behavior.find_mount"
							]
						}
					},
					{
						"weight": 20,
						"add": {
							"component_groups": [
								"sword_and_shield",
								"minecraft:raid_configuration",
								"minecraft:raid_persistence",
						"minecraft:behavior.find_mount"
							]
						}
					},
					{
						"weight": 25,
						"add": {
							"component_groups": [
								"axe_and_shield",
								"minecraft:raid_configuration",
								"minecraft:raid_persistence",
						"minecraft:behavior.find_mount"
							]
						}
					},
					{
						"weight": 20,
						"add": {
							"component_groups": [
								"rocket",
								"minecraft:raid_configuration",
								"minecraft:raid_persistence",
								"avoid_mob",
						"minecraft:behavior.find_mount"
							]
						}
					},
					{
						"weight": 10,
						"add": {
							"component_groups": [
								"king",
								"minecraft:raid_configuration",
								"minecraft:raid_persistence",
						"minecraft:behavior.find_mount"
							]
						}
					}
				]
			},
			"shield": {
				"add": {
					"component_groups": [
						"shield"
					]
				},
				"remove": {
					"component_groups": [
						"cooldown_shield"
					]
				}
			},
			"minecraft:join_caravan": {
				"add": {
					"component_groups": [
						"minecraft:in_caravan"
					]
				}
			},
			"minecraft:leave_caravan": {
				"remove": {
					"component_groups": [
						"minecraft:in_caravan"
					]
				}
			},
			"cooldown": {
				"add": {
					"component_groups": [
						"cooldown_shield"
					]
				},
				"remove": {
					"component_groups": [
						"shield"
					]
				}
			}
		}
	}
}