{
  "format_version": "1.10.0",
  "particle_effect": {
    "description": {
      "identifier": "f:ice_jumpscare",
      "basic_render_parameters": {
        "material": "particles_blend",
        "texture": "textures/pa_particles/f_ice_jumpscare"
      }
    },
    "components": {
      "minecraft:emitter_local_space": {
        "position": true,
        "rotation": true
      },
      "minecraft:emitter_rate_steady": {
        "spawn_rate": 50.0,
        "max_particles": 1000.0
      },
      "minecraft:emitter_lifetime_once": {
        "active_time": 2.5
      },
      "minecraft:emitter_shape_point": {
        "offset": [
          0.0,
          1.5,
          0.0
        ]
      },
      "minecraft:particle_lifetime_expression": {
        "max_lifetime": "Math.random(5, 5)"
      },
      "minecraft:particle_initial_speed": 0.5,
      "minecraft:particle_motion_dynamic": {
        "linear_acceleration": [
          0.0,
          -0.5,
          0.0
        ]
      },
      "minecraft:particle_appearance_billboard": {
        "size": [
          0.4,
          0.4
        ],
        "facing_camera_mode": "lookat_xyz",
        "uv": {
          "texture_width": 16,
          "texture_height": 512,
          "flipbook": {
            "base_UV": [
              0,
              0
            ],
            "size_UV": [
              16,
              20
            ],
            "step_UV": [
              0,
              0
            ]
          }
        }
      },
      "minecraft:particle_motion_collision": {
        "expire_on_contact": true
      },
      "minecraft:particle_appearance_lighting": {},
      "minecraft:particle_appearance_tinting": {
        "color": [
          0.35294117647058826,
          0.7294117647058823,
          0.9176470588235294
        ]
      }
    }
  }
}