{
  "format_version": "1.8.0",
  "minecraft:client_entity": {
    "description": {
      "identifier": "simple:zombie",
      "materials": {
        "default": "endermite"
      },
      "textures": {
        "default": "textures/entity/pamobile/simple_zombie"
      },
      "geometry": {
        "default": "geometry.simple_zombie"
      },
      "animations": {
        "move": "animation.simple_zombie.moveXYtocamera"
      },
      "animation_controllers": [
        {
          "move": "controller.animation.endermite.move"
        }
      ],
      "render_controllers": [
        "controller.render.endermite"
      ],
      "spawn_egg": {
        "texture": "simple:zombie",
        "texture_index": 0
      }
    }
  }
}