{"format_version":"1.10.0","minecraft:client_entity":{"description":{"identifier":"yg:abstracted","materials":{"default":"enderman"},"textures":{"default":"textures/entity/yg_abstracted","default2":"textures/entity/yg_abstracted2"},"geometry":{"default":"geometry.yg_abstracted"},"scripts":{"animate":["move","general"],"pre_animation":["variable.random = math.round(math.random(0,2));"],"scale":"2"},"animations":{"moving":"animation.yg_abstracted.move","move":"controller.animation.yg_abstracted.move","gazo_general":"animation.yg_abstracted.general","general":"controller.animation.yg_abstracted.general","attack":"animation.yg_abstracted.attack","look_at_target":"animation.yg_abstracted.looking"},"render_controllers":["controller.render.yg_abstracted"],"spawn_egg":{"texture":"yg:abstracted","texture_index":0},"particle_effects":{"abstraction":"yg:abstracted"}}}}