{"format_version":"1.10.0","minecraft:client_entity":{"description":{"identifier":"yg:caine","materials":{"default":"witch"},"textures":{"default":"textures/entity/yg_caine"},"geometry":{"default":"geometry.yg_caine"},"scripts":{"animate":["move","general"],"pre_animation":["variable.random = math.round(math.random(0,2));"]},"animations":{"moving":"animation.yg_caine.move","move":"controller.animation.yg_caine.move","gazo_general":"animation.yg_caine.general","general":"controller.animation.yg_caine.general","hurt":"animation.yg_caine.hurt","shoot":"animation.yg_caine.shoot","attack":"animation.yg_caine.attack","look_at_target":"animation.yg_caine.looking"},"render_controllers":["controller.render.witch"],"spawn_egg":{"texture":"yg:caine","texture_index":0}}}}