{"format_version":"1.10.0","minecraft:client_entity":{"description":{"identifier":"yg:gangle","materials":{"default":"witch"},"textures":{"default":"textures/entity/yg_gangle"},"geometry":{"default":"geometry.yg_gangle"},"scripts":{"animate":["move","general"],"pre_animation":["variable.random = math.round(math.random(0,2));"]},"animations":{"moving":"animation.yg_gangle.move","move":"controller.animation.yg_gangle.move","gazo_general":"animation.yg_gangle.general","general":"controller.animation.yg_gangle.general","hurt":"animation.yg_gangle.hurt","look_at_target":"animation.yg_gangle.looking"},"render_controllers":["controller.render.witch"],"spawn_egg":{"texture":"yg:gangle","texture_index":0}}}}