{"format_version":"1.10.0","minecraft:client_entity":{"description":{"identifier":"yg:jax","materials":{"default":"witch"},"textures":{"default":"textures/entity/yg_jax"},"geometry":{"default":"geometry.yg_jax"},"scripts":{"animate":["move","general"],"pre_animation":["variable.random = math.round(math.random(0,2));"]},"animations":{"moving":"animation.yg_jax.move","move":"controller.animation.yg_jax.move","gazo_general":"animation.yg_jax.general","general":"controller.animation.yg_jax.general","hurt":"animation.yg_jax.hurt","attack":"animation.yg_jax.attack","look_at_target":"animation.yg_jax.looking"},"render_controllers":["controller.render.witch"],"spawn_egg":{"texture":"yg:jax","texture_index":0}}}}