{"format_version":"1.10.0","minecraft:client_entity":{"description":{"identifier":"yg:kinger","materials":{"default":"witch"},"textures":{"default":"textures/entity/yg_kinger"},"geometry":{"default":"geometry.yg_kinger"},"scripts":{"animate":["move","general"],"pre_animation":["variable.random = math.round(math.random(0,2));"]},"animations":{"moving":"animation.yg_kinger.move","move":"controller.animation.yg_kinger.move","gazo_general":"animation.yg_kinger.general","general":"controller.animation.yg_kinger.general","hurt":"animation.yg_kinger.hurt","attack":"animation.yg_kinger.attack","look_at_target":"animation.yg_kinger.looking"},"render_controllers":["controller.render.witch"],"spawn_egg":{"texture":"yg:kinger","texture_index":0}}}}