{"format_version":"1.10.0","minecraft:client_entity":{"description":{"identifier":"yg:pomni","materials":{"default":"witch"},"textures":{"default":"textures/entity/yg_pomni"},"geometry":{"default":"geometry.yg_pomni"},"scripts":{"animate":["move","general"],"pre_animation":["variable.random = math.round(math.random(0,2));"],"scale":"0.9"},"animations":{"moving":"animation.yg_pomni.move","move":"controller.animation.yg_pomni.move","gazo_general":"animation.yg_pomni.general","general":"controller.animation.yg_pomni.general","hurt":"animation.yg_pomni.hurt","attack":"animation.yg_pomni.attack","look_at_target":"animation.yg_pomni.looking"},"render_controllers":["controller.render.witch"],"spawn_egg":{"texture":"yg:pomni","texture_index":0}}}}