{"format_version":"1.10.0","minecraft:client_entity":{"description":{"identifier":"yg:ragatha","materials":{"default":"witch"},"textures":{"default":"textures/entity/yg_ragatha"},"geometry":{"default":"geometry.yg_ragatha"},"scripts":{"animate":["move","general"],"pre_animation":["variable.random = math.round(math.random(0,2));"]},"animations":{"moving":"animation.yg_ragatha.move","move":"controller.animation.yg_ragatha.move","gazo_general":"animation.yg_ragatha.general","general":"controller.animation.yg_ragatha.general","hurt":"animation.yg_ragatha.hurt","attack":"animation.yg_ragatha.attack","look_at_target":"animation.yg_ragatha.looking"},"render_controllers":["controller.render.witch"],"spawn_egg":{"texture":"yg:ragatha","texture_index":0}}}}