{"format_version":"1.10.0","minecraft:client_entity":{"description":{"identifier":"yg:zooble","materials":{"default":"witch"},"textures":{"default":"textures/entity/yg_zooble"},"geometry":{"default":"geometry.yg_zooble"},"scripts":{"animate":["move","general"],"pre_animation":["variable.random = math.round(math.random(0,2));"]},"animations":{"moving":"animation.yg_zooble.move","move":"controller.animation.yg_zooble.move","gazo_general":"animation.yg_zooble.general","general":"controller.animation.yg_zooble.general","hurt":"animation.yg_zooble.hurt","attack":"animation.yg_zooble.attack","look_at_target":"animation.yg_zooble.looking"},"render_controllers":["controller.render.witch"],"spawn_egg":{"texture":"yg:zooble","texture_index":0}}}}