﻿
{
  "biomes": {
    "default": {
      "water_surface_color": "#0x3F76E4",
      "water_surface_transparency": 0.5,
      "fog_identifier": "betterfog:custom_fog_default",
      "inherit_from_prior_fog": false
    },
    "plains": {
      "water_surface_color": "#0x2DA5B9",
      "water_surface_transparency": 0.5,
      "fog_identifier": "betterfog:custom_fog_default",
      "inherit_from_prior_fog": false
    },
    "sunflower_plains": {
      "water_surface_color": "#0x2DA5B9",
      "water_surface_transparency": 0.5,
      "fog_identifier": "betterfog:custom_fog_default",
      "inherit_from_prior_fog": false
    },
    "desert": {
      "water_surface_color": "#0x83FFF8",
      "water_surface_transparency": 0.7,
      "fog_identifier": "betterfog:custom_fog_desert",
      "inherit_from_prior_fog": false
    },
    "extreme_hills": {
      "water_surface_color": "#0x2DA5B9",
      "water_surface_transparency": 0.5,
      "fog_identifier": "betterfog:custom_fog_default",
      "inherit_from_prior_fog": false
    },
    "forest": {
      "water_surface_color": "#0x2DA5B9",
      "water_surface_transparency": 0.5,
      "fog_identifier": "betterfog:custom_fog_default",
      "inherit_from_prior_fog": false
    },
    "flower_forest": {
      "water_surface_color": "#0x2DA5B9",
      "water_surface_transparency": 0.5,
      "fog_identifier": "betterfog:custom_fog_default",
      "inherit_from_prior_fog": false
    },
    "taiga": {
      "water_surface_color": "#0x33ADA6",
      "water_surface_transparency": 0.5,
      "fog_identifier": "betterfog:custom_fog_default",
      "inherit_from_prior_fog": false
    },
    "taiga_mutated": {
      "water_surface_color": "#0x33ADA6",
      "water_surface_transparency": 0.5,
      "fog_identifier": "betterfog:custom_fog_default",
      "inherit_from_prior_fog": false
    },
    "swampland": {
      "water_surface_color": "#0x617B64",
      "water_surface_transparency": 0.5,
      "water_surface_transparency": 0.65,
      "fog_identifier": "betterfog:custom_fog_swamp",
      "inherit_from_prior_fog": false
    },
    "swampland_mutated": {
      "water_surface_color": "#0x617B64",
      "water_surface_transparency": 0.5,
      "water_surface_transparency": 0.65,
      "fog_identifier": "betterfog:custom_fog_swamp",
      "inherit_from_prior_fog": false
    },
    "river": {
      "water_surface_color": "#0x2DA5B9",
      "water_surface_transparency": 0.5,
      "water_surface_transparency": 0.65,
      "fog_identifier": "betterfog:custom_fog_default",
      "inherit_from_prior_fog": false
    },
    "frozen_river": {
      "water_surface_color": "#0x33ADA6",
      "water_surface_transparency": 0.6,
      "fog_identifier": "betterfog:custom_fog_very_cold_climate",
      "inherit_from_prior_fog": false
    },
    "ice_plains": {
      "water_surface_color": "#0x33ADA6",
      "water_surface_transparency": 0.5,
      "fog_identifier": "betterfog:custom_fog_very_cold_climate",
      "inherit_from_prior_fog": false
    },
    "ice_plains_spikes": {
      "water_surface_color": "#0x3C57D8",
      "water_surface_transparency": 0.5,
      "fog_identifier": "betterfog:custom_fog_very_cold_climate",
      "inherit_from_prior_fog": false
    },
    "ice_mountains": {
      "water_surface_color": "#0x3C57D8",
      "water_surface_transparency": 0.5,
      "fog_identifier": "betterfog:custom_fog_very_cold_climate",
      "inherit_from_prior_fog": false
    },
    "mushroom_island": {
      "water_surface_color": "#0x8a8997",
      "water_surface_transparency": 0.5,
      "fog_identifier": "betterfog:custom_fog_mushroom",
      "inherit_from_prior_fog": false
    },
    "mushroom_island_shore": {
      "water_surface_color": "#0x818193",
      "water_surface_transparency": 0.6,
      "fog_identifier": "betterfog:custom_fog_mushroom",
      "inherit_from_prior_fog": false
    },
    "beach": {
      "water_surface_color": "#45EEF2",
      "water_surface_transparency": 0.6,
      "fog_identifier": "betterfog:custom_fog_beach",
      "inherit_from_prior_fog": false
    },
    "desert_hills": {
      "water_surface_color": "#0x2DA5B9",
      "water_surface_transparency": 0.5,
      "fog_identifier": "betterfog:custom_fog_desert",
      "inherit_from_prior_fog": false
    },
    "forest_hills": {
      "water_surface_color": "#0x2DA5B9",
      "water_surface_transparency": 0.5,
      "fog_identifier": "betterfog:custom_fog_default",
      "inherit_from_prior_fog": false
    },
    "taiga_hills": {
      "water_surface_color": "#0x2DA5B9",
      "water_surface_transparency": 0.5,
      "fog_identifier": "betterfog:custom_fog_default",
      "inherit_from_prior_fog": false
    },
    "extreme_hills_edge": {
      "water_surface_color": "#0x2DA5B9",
      "water_surface_transparency": 0.5,
      "fog_identifier": "betterfog:custom_fog_default",
      "inherit_from_prior_fog": false
    },
    "jungle": {
      "water_surface_color": "#0x58D68D",
      "water_surface_transparency": 0.6,
      "fog_identifier": "betterfog:custom_fog_jungle",
      "inherit_from_prior_fog": false
    },
    "bamboo_jungle": {
      "water_surface_color": "#0x58D68D",
      "water_surface_transparency": 0.6,
      "fog_identifier": "betterfog:custom_fog_jungle",
      "inherit_from_prior_fog": false
    },
    "jungle_mutated": {
      "water_surface_color": "#0x58D68D",
      "water_surface_transparency": 0.6,
      "fog_identifier": "betterfog:custom_fog_jungle",
      "inherit_from_prior_fog": false
    },
    "jungle_hills": {
      "water_surface_color": "#0x58D68D",
      "water_surface_transparency": 0.6,
      "fog_identifier": "betterfog:custom_fog_jungle",
      "inherit_from_prior_fog": false
    },
    "bamboo_jungle_hills": {
      "water_surface_color": "#0x58D68D",
      "water_surface_transparency": 0.6,
      "fog_identifier": "betterfog:custom_fog_jungle",
      "inherit_from_prior_fog": false
    },
    "jungle_edge": {
      "water_surface_color": "#0x58D68D",
      "water_surface_transparency": 0.6,
      "fog_identifier": "betterfog:custom_fog_jungle",
      "inherit_from_prior_fog": false
    },
    "stone_beach": {
      "water_surface_color": "#0x5ECAE3",
      "water_surface_transparency": 0.6,
      "fog_identifier": "betterfog:custom_fog_default",
      "inherit_from_prior_fog": false
    },
    "cold_beach": {
      "water_surface_color": "#0x5ECAE3",
      "water_surface_transparency": 0.6,
      "fog_identifier": "betterfog:custom_fog_default",
      "inherit_from_prior_fog": false
    },
    "birch_forest": {
      "water_surface_color": "#0x6EDBF4",
      "water_surface_transparency": 0.5,
      "fog_identifier": "betterfog:custom_fog_default",
      "inherit_from_prior_fog": false
    },
    "birch_forest_hills": {
      "water_surface_color": "#0x6EDBF4",
      "water_surface_transparency": 0.5,
      "fog_identifier": "betterfog:custom_fog_default",
      "inherit_from_prior_fog": false
    },
    "roofed_forest": {
      "water_surface_color": "#0x2EC1AC",
      "water_surface_transparency": 0.5,
      "fog_identifier": "betterfog:custom_fog_default",
      "inherit_from_prior_fog": false
    },
    "cold_taiga": {
      "water_surface_color": "#0x33ADA6",
      "water_surface_transparency": 0.5,
      "fog_identifier": "betterfog:custom_fog_default",
      "inherit_from_prior_fog": false
    },
    "cold_taiga_mutated": {
      "water_surface_color": "#0x33ADA6",
      "water_surface_transparency": 0.5,
      "fog_identifier": "betterfog:custom_fog_default",
      "inherit_from_prior_fog": false
    },
    "cold_taiga_hills": {
      "water_surface_color": "#0x33ADA6",
      "water_surface_transparency": 0.5,
      "fog_identifier": "betterfog:custom_fog_default",
      "inherit_from_prior_fog": false
    },
    "mega_taiga": {
      "water_surface_color": "#0x33ADA6",
      "water_surface_transparency": 0.5,
      "fog_identifier": "betterfog:custom_fog_default",
      "inherit_from_prior_fog": false
    },
    "mega_spruce_taiga": {
      "water_surface_color": "#0x33ADA6",
      "water_surface_transparency": 0.5,
      "fog_identifier": "betterfog:custom_fog_default",
      "inherit_from_prior_fog": false
    },
    "mega_taiga_mutated": {
      "water_surface_color": "#0x33ADA6",
      "water_surface_transparency": 0.5,
      "fog_identifier": "betterfog:custom_fog_default",
      "inherit_from_prior_fog": false
    },
    "mega_spruce_taiga_mutated": {
      "water_surface_color": "#0x33ADA6",
      "water_surface_transparency": 0.5,
      "fog_identifier": "betterfog:custom_fog_default",
      "inherit_from_prior_fog": false
    },
    "mega_taiga_hills": {
      "water_surface_color": "#0x33ADA6",
      "water_surface_transparency": 0.5,
      "fog_identifier": "betterfog:custom_fog_default",
      "inherit_from_prior_fog": false
    },
    "extreme_hills_plus_trees": {
      "water_surface_color": "#0x33ADA6",
      "water_surface_transparency": 0.5,
      "fog_identifier": "betterfog:custom_fog_default",
      "inherit_from_prior_fog": false
    },
    "extreme_hills_plus_trees_mutated": {
      "water_surface_color": "#0x33ADA6",
      "water_surface_transparency": 0.5,
      "fog_identifier": "betterfog:custom_fog_default",
      "inherit_from_prior_fog": false
    },
    "extreme_hills_mutated": {
      "water_surface_color": "#0x33ADA6",
      "water_surface_transparency": 0.5,
      "fog_identifier": "betterfog:custom_fog_default",
      "inherit_from_prior_fog": false
    },
    "savanna": {
      "water_surface_color": "#0x3EBC87",
      "water_surface_transparency": 0.5,
      "fog_identifier": "betterfog:custom_fog_default",
      "inherit_from_prior_fog": false
    },
    "savanna_plateau": {
      "water_surface_color": "#0x3EBC87",
      "water_surface_transparency": 0.5,
      "fog_identifier": "betterfog:custom_fog_default",
      "inherit_from_prior_fog": false
    },
    "savanna_mutated": {
      "water_surface_color": "#0x3EBC87",
      "water_surface_transparency": 0.5,
      "fog_identifier": "betterfog:custom_fog_default",
      "inherit_from_prior_fog": false
    },
    "mesa": {
      "water_surface_color": "#0xD5D366",
      "water_surface_transparency": 0.5,
      "fog_identifier": "betterfog:custom_fog_badlands",
      "inherit_from_prior_fog": false
    },
    "mesa_bryce": {
      "water_surface_color": "#0xD5D366",
      "water_surface_transparency": 0.5,
      "fog_identifier": "betterfog:custom_fog_badlands",
      "inherit_from_prior_fog": false
    },
    "mesa_mutated": {
      "water_surface_color": "#0xD5D366",
      "water_surface_transparency": 0.5,
      "fog_identifier": "betterfog:custom_fog_badlands",
      "inherit_from_prior_fog": false
    },
    "mesa_plateau_stone": {
      "water_surface_color": "#0xD5D366",
      "water_surface_transparency": 0.5,
      "fog_identifier": "betterfog:custom_fog_badlands",
      "inherit_from_prior_fog": false
    },
    "mesa_plateau": {
      "water_surface_color": "#0xD5D366",
      "water_surface_transparency": 0.5,
      "fog_identifier": "betterfog:custom_fog_badlands",
      "inherit_from_prior_fog": false
    },
    "lofty_peaks": {
      "water_surface_color": "#0xD5D366",
      "water_surface_transparency": 0.5,
      "fog_identifier": "betterfog:custom_fog_very_cold_climate",
      "inherit_from_prior_fog": false
    },
    "mountain_grove": {
      "water_surface_color": "#0x33ADA6",
      "water_surface_transparency": 0.5,
      "fog_identifier": "betterfog:custom_fog_very_cold_climate",
      "inherit_from_prior_fog": false
    },
    "mountain_meadow": {
      "water_surface_color": "#0x2DA5B9",
      "water_surface_transparency": 0.5,
      "fog_identifier": "betterfog:custom_fog_default",
      "inherit_from_prior_fog": false
    },
    "snow_capped_peaks": {
      "water_surface_color": "#0x3F76E4",
      "water_surface_transparency": 0.5,
      "fog_identifier": "betterfog:custom_fog_very_cold_climate",
      "inherit_from_prior_fog": false
    },
    "snowy_slopes": {
      "water_surface_color": "#0x3F76E4",
      "water_surface_transparency": 0.5,
      "fog_identifier": "betterfog:custom_fog_very_cold_climate",
      "inherit_from_prior_fog": false
    },
    "stony_peaks": {
      "water_surface_color": "#0x3F76E4",
      "water_surface_transparency": 0.5,
      "fog_identifier": "betterfog:custom_fog_stony_peaks",
      "inherit_from_prior_fog": false
    },
    "dripstone_caves": {
      "water_surface_color": "#0x3F76E4",
      "water_surface_transparency": 0.5,
      "fog_identifier": "betterfog:custom_fog_dripstone_caves",
      "inherit_from_prior_fog": false
    },
    "lush_caves": {
      "water_surface_color": "#83FFF8",
      "water_surface_transparency": 0.7,
      "fog_identifier": "betterfog:custom_fog_lush_caves",
      "inherit_from_prior_fog": false
    },

    //Oceans betterfog:custom_fog_stony_peaks
    "ocean": {
      "water_surface_color": "#0x3F76E4",
      "water_surface_transparency": 0.5,
      "fog_identifier": "betterfog:custom_fog_default",
      "inherit_from_prior_fog": false
    },
    "deep_ocean": {
      "water_surface_color": "#0x3F76E4",
      "water_surface_transparency": 0.5,
      "fog_identifier": "betterfog:custom_fog_default",
      "inherit_from_prior_fog": false
    },
    "warm_ocean": {
      "water_surface_color": "#0x45EEF2",
      "water_surface_transparency": 0.5,
      "fog_identifier": "betterfog:custom_fog_default_warm",
      "inherit_from_prior_fog": false
    },
    "deep_warm_ocean": {
      "water_surface_color": "#0x43D5EE",
      "water_surface_transparency": 0.5,
      "fog_identifier": "betterfog:custom_fog_default_warm",
      "inherit_from_prior_fog": false
    },
    "lukewarm_ocean": {
      "water_surface_color": "#0x45ADF2",
      "water_surface_transparency": 0.5,
      "fog_identifier": "betterfog:custom_fog_default_lukewarm",
      "inherit_from_prior_fog": false
    },
    "deep_lukewarm_ocean": {
      "water_surface_color": "#0x45ADF2",
      "water_surface_transparency": 0.5,
      "fog_identifier": "betterfog:custom_fog_default_lukewarm",
      "inherit_from_prior_fog": false
    },
    "cold_ocean": {
      "water_surface_color": "#0x26479D",
      "water_surface_transparency": 0.4,
      "fog_identifier": "betterfog:custom_fog_default_cold",
      "inherit_from_prior_fog": false
    },
    "deep_cold_ocean": {
      "water_surface_color": "#0x26479D",
      "water_surface_transparency": 0.4,
      "fog_identifier": "betterfog:custom_fog_default_cold",
      "inherit_from_prior_fog": false
    },
    "frozen_ocean": {
      "water_surface_color": "#0x2C324C",
      "water_surface_transparency": 0.4,
      "fog_identifier": "betterfog:custom_fog_default_cold",
      "inherit_from_prior_fog": false
    },
    "deep_frozen_ocean": {
      "water_surface_color": "#0x3938C9",
      "water_surface_transparency": 0.5,
      "fog_identifier": "betterfog:custom_fog_default_cold",
      "inherit_from_prior_fog": false
    },

    //The End
    "the_end": {
      "water_surface_color": "#0x62529e",
      "fog_identifier": "minecraft:fog_the_end",
      "inherit_from_prior_fog": false
    },

    //Nether
    "hell": {
      "water_surface_color": "#0x905957",
      "fog_identifier": "minecraft:fog_hell",
      "inherit_from_prior_fog": false
    },
    "warped_forest": {
      "water_surface_color": "#0x905957",
      "fog_identifier": "minecraft:fog_warped_forest",
      "inherit_from_prior_fog": false
    },
    "crimson_forest": {
      "water_surface_color": "#0x905957",
      "fog_identifier": "minecraft:fog_crimson_forest",
      "inherit_from_prior_fog": false
    },
    "soulsand_valley": {
      "water_surface_color": "#0x905957",
      "fog_identifier": "minecraft:fog_soulsand_valley",
      "inherit_from_prior_fog": false
    },
    "basalt_deltas": {
      "water_surface_color": "#0x3F76E4",
      "fog_identifier": "minecraft:fog_basalt_deltas",
      "inherit_from_prior_fog": false
    }
  }
}
