{
  "format_version": "1.16.100",
  "minecraft:block": {
    "description": {
      "identifier": "simple:lawndark",
      "category": "construction"
    },
    "components": {
      "minecraft:creative_category": {
        "category": "nature"
      },
      "minecraft:loot": "loot_tables/blocks/simple_lawndark.json",
      "minecraft:destroy_time": 2.0,
      "minecraft:friction": 0.7,
      "minecraft:map_color": "#FFFFFF",
      "minecraft:explosion_resistance": 10.0,
      "minecraft:block_light_absorption": 0,
      "minecraft:block_light_emission": 0.0,
      "minecraft:entity_collision": {
        "origin": [
          -8.0,
          0.0,
          -8.0
        ],
        "size": [
          16.0,
          16.0,
          16.0
        ]
      },
      "minecraft:pick_collision": {
        "origin": [
          -8.0,
          0.0,
          -8.0
        ],
        "size": [
          16.0,
          16.0,
          16.0
        ]
      },
      "minecraft:on_player_destroyed": {
        "event": "remove:block",
        "target": "self"
      },
      "minecraft:material_instances": {
        "*": {
          "texture": "simple:lawndark",
          "render_method": "opaque"
        }
      },
      "minecraft:on_step_on": {
        "event": "step:on",
        "target": "self"
      },
      "minecraft:on_step_off": {
        "event": "step:off",
        "target": "self"
      },
      "minecraft:on_placed": {
        "event": "size:block",
        "target": "self"
      },
      "minecraft:random_ticking": {
        "on_tick": {
          "event": "random:tick",
          "target": "self"
        }
      },
      "minecraft:on_fall_on": {
        "event": "fall:on",
        "target": "self"
      },
      "tag:grass": {}
    },
    "events": {
      "remove:block": {},
      "size:block": {},
      "step:on": {},
      "step:off": {},
      "on_tick": {},
      "random:tick": {},
      "fall:on": {}
    },
    "permutations": [
      {
        "condition": "query.block_property('block:rotation') == 2",
        "components": {
          "minecraft:rotation": [
            0,
            0,
            0
          ]
        }
      },
      {
        "condition": "query.block_property('block:rotation') == 3",
        "components": {
          "minecraft:rotation": [
            0,
            -180,
            0
          ]
        }
      },
      {
        "condition": "query.block_property('block:rotation') == 4",
        "components": {
          "minecraft:rotation": [
            0,
            90,
            0
          ]
        }
      },
      {
        "condition": "query.block_property('block:rotation') == 5",
        "components": {
          "minecraft:rotation": [
            0,
            -90,
            0
          ]
        }
      }
    ]
  }
}