{
	"file_path": "C:\\Users\\TJ\\AppData\\Local\\Packages\\Microsoft.MinecraftUWP_8wekyb3d8bbwe\\LocalState\\games\\com.mojang\\development_behavior_packs\\Mobs BP\\entities\\villagers\\freighter.json",
	"file_type": "entity",
	"format_version": 1,
	"file_uuid": "5f8b91b3_316e_49ed_aad3_c2359f16913e",
	"file_version": 43,
	"cache_content": {
		"children": [
			{
				"data": "1.16.0",
				"key": "format_version"
			},
			{
				"open": {
					"format_version": "1.16.0",
					"minecraft:entity": {
						"description": {
							"identifier": "mobs:freighter",
							"runtime_identifier": "minecraft:villager_v2",
							"is_spawnable": true,
							"is_summonable": true,
							"is_experimental": false
						},
						"component_groups": {
							"mobs:wild": {
								"minecraft:tameable": {
									"probability": 1,
									"tame_items": [
										"minecraft:emerald_block"
									],
									"tame_event": {
										"event": "mobs:become_tame",
										"target": "self"
									}
								}
							},
							"mobs:tame": {
								"minecraft:inventory": {
									"inventory_size": 27,
									"container_type": "container",
									"private": false
								},
								"minecraft:is_tamed": {},
								"minecraft:behavior.follow_owner": {
									"priority": 6,
									"speed_multiplier": 1,
									"start_distance": 10,
									"stop_distance": 2
								},
								"minecraft:leashable": {
									"soft_distance": 4,
									"hard_distance": 6,
									"max_distance": 10
								}
							},
							"despawn": {
								"minecraft:instant_despawn": {
									"remove_child_entities": true
								}
							}
						},
						"components": {
							"minecraft:nameable": {},
							"minecraft:type_family": {
								"family": [
									"villager",
									"mob"
								]
							},
							"minecraft:breathable": {
								"total_supply": 15,
								"suffocate_time": 0
							},
							"minecraft:collision_box": {
								"width": 0.6,
								"height": 1.9
							},
							"minecraft:health": {
								"value": 20,
								"max": 20
							},
							"minecraft:hurt_on_condition": {
								"damage_conditions": [
									{
										"filters": {
											"test": "in_lava",
											"subject": "self",
											"operator": "==",
											"value": true
										},
										"cause": "lava",
										"damage_per_tick": 4
									}
								]
							},
							"minecraft:movement": {
								"value": 0.35
							},
							"minecraft:navigation.walk": {
								"can_path_over_water": true
							},
							"minecraft:movement.basic": {},
							"minecraft:jump.static": {},
							"minecraft:follow_range": {
								"value": 64
							},
							"minecraft:behavior.float": {
								"priority": 0
							},
							"minecraft:behavior.random_stroll": {
								"priority": 9,
								"speed_multiplier": 1
							},
							"minecraft:behavior.look_at_player": {
								"priority": 10,
								"look_distance": 8,
								"probability": 0.02
							},
							"minecraft:behavior.hurt_by_target": {
								"priority": 1
							},
							"minecraft:physics": {},
							"minecraft:pushable": {
								"is_pushable": true,
								"is_pushable_by_piston": true
							}
						},
						"events": {
							"minecraft:entity_spawned": {
								"add": {
									"component_groups": [
										"mobs:wild"
									]
								}
							},
							"minecraft:entity_transformed": {
								"add": {
									"component_groups": [
										"mobs:wild"
									]
								}
							},
							"mobs:become_tame": {
								"remove": {
									"component_groups": [
										"mobs:wild"
									]
								},
								"add": {
									"component_groups": [
										"mobs:tame"
									]
								}
							},
							"despawn": {
								"add": {
									"component_groups": [
										"despawn"
									]
								}
							}
						}
					}
				},
				"key": "minecraft:entity",
				"children": [
					{
						"open": {
							"description": {
								"identifier": "mobs:freighter",
								"runtime_identifier": "minecraft:villager_v2",
								"is_spawnable": true,
								"is_summonable": true,
								"is_experimental": false
							},
							"component_groups": {
								"mobs:wild": {
									"minecraft:tameable": {
										"probability": 1,
										"tame_items": [
											"minecraft:emerald_block"
										],
										"tame_event": {
											"event": "mobs:become_tame",
											"target": "self"
										}
									}
								},
								"mobs:tame": {
									"minecraft:inventory": {
										"inventory_size": 27,
										"container_type": "container",
										"private": false
									},
									"minecraft:is_tamed": {},
									"minecraft:behavior.follow_owner": {
										"priority": 6,
										"speed_multiplier": 1,
										"start_distance": 10,
										"stop_distance": 2
									},
									"minecraft:leashable": {
										"soft_distance": 4,
										"hard_distance": 6,
										"max_distance": 10
									}
								},
								"despawn": {
									"minecraft:instant_despawn": {
										"remove_child_entities": true
									}
								}
							},
							"components": {
								"minecraft:nameable": {},
								"minecraft:type_family": {
									"family": [
										"villager",
										"mob"
									]
								},
								"minecraft:breathable": {
									"total_supply": 15,
									"suffocate_time": 0
								},
								"minecraft:collision_box": {
									"width": 0.6,
									"height": 1.9
								},
								"minecraft:health": {
									"value": 20,
									"max": 20
								},
								"minecraft:hurt_on_condition": {
									"damage_conditions": [
										{
											"filters": {
												"test": "in_lava",
												"subject": "self",
												"operator": "==",
												"value": true
											},
											"cause": "lava",
											"damage_per_tick": 4
										}
									]
								},
								"minecraft:movement": {
									"value": 0.35
								},
								"minecraft:navigation.walk": {
									"can_path_over_water": true
								},
								"minecraft:movement.basic": {},
								"minecraft:jump.static": {},
								"minecraft:follow_range": {
									"value": 64
								},
								"minecraft:behavior.float": {
									"priority": 0
								},
								"minecraft:behavior.random_stroll": {
									"priority": 9,
									"speed_multiplier": 1
								},
								"minecraft:behavior.look_at_player": {
									"priority": 10,
									"look_distance": 8,
									"probability": 0.02
								},
								"minecraft:behavior.hurt_by_target": {
									"priority": 1
								},
								"minecraft:physics": {},
								"minecraft:pushable": {
									"is_pushable": true,
									"is_pushable_by_piston": true
								}
							},
							"events": {
								"minecraft:entity_spawned": {
									"add": {
										"component_groups": [
											"mobs:wild"
										]
									}
								},
								"minecraft:entity_transformed": {
									"add": {
										"component_groups": [
											"mobs:wild"
										]
									}
								},
								"mobs:become_tame": {
									"remove": {
										"component_groups": [
											"mobs:wild"
										]
									},
									"add": {
										"component_groups": [
											"mobs:tame"
										]
									}
								},
								"despawn": {
									"add": {
										"component_groups": [
											"despawn"
										]
									}
								}
							}
						},
						"key": "description",
						"is_minified": true,
						"children": {
							"identifier": "mobs:freighter",
							"runtime_identifier": "minecraft:villager_v2",
							"is_spawnable": true,
							"is_summonable": true,
							"is_experimental": false
						}
					},
					{
						"open": {
							"description": {
								"identifier": "mobs:freighter",
								"runtime_identifier": "minecraft:villager_v2",
								"is_spawnable": true,
								"is_summonable": true,
								"is_experimental": false
							},
							"component_groups": {
								"mobs:wild": {
									"minecraft:tameable": {
										"probability": 1,
										"tame_items": [
											"minecraft:emerald_block"
										],
										"tame_event": {
											"event": "mobs:become_tame",
											"target": "self"
										}
									}
								},
								"mobs:tame": {
									"minecraft:inventory": {
										"inventory_size": 27,
										"container_type": "container",
										"private": false
									},
									"minecraft:is_tamed": {},
									"minecraft:behavior.follow_owner": {
										"priority": 6,
										"speed_multiplier": 1,
										"start_distance": 10,
										"stop_distance": 2
									},
									"minecraft:leashable": {
										"soft_distance": 4,
										"hard_distance": 6,
										"max_distance": 10
									}
								},
								"despawn": {
									"minecraft:instant_despawn": {
										"remove_child_entities": true
									}
								}
							},
							"components": {
								"minecraft:nameable": {},
								"minecraft:type_family": {
									"family": [
										"villager",
										"mob"
									]
								},
								"minecraft:breathable": {
									"total_supply": 15,
									"suffocate_time": 0
								},
								"minecraft:collision_box": {
									"width": 0.6,
									"height": 1.9
								},
								"minecraft:health": {
									"value": 20,
									"max": 20
								},
								"minecraft:hurt_on_condition": {
									"damage_conditions": [
										{
											"filters": {
												"test": "in_lava",
												"subject": "self",
												"operator": "==",
												"value": true
											},
											"cause": "lava",
											"damage_per_tick": 4
										}
									]
								},
								"minecraft:movement": {
									"value": 0.35
								},
								"minecraft:navigation.walk": {
									"can_path_over_water": true
								},
								"minecraft:movement.basic": {},
								"minecraft:jump.static": {},
								"minecraft:follow_range": {
									"value": 64
								},
								"minecraft:behavior.float": {
									"priority": 0
								},
								"minecraft:behavior.random_stroll": {
									"priority": 9,
									"speed_multiplier": 1
								},
								"minecraft:behavior.look_at_player": {
									"priority": 10,
									"look_distance": 8,
									"probability": 0.02
								},
								"minecraft:behavior.hurt_by_target": {
									"priority": 1
								},
								"minecraft:physics": {},
								"minecraft:pushable": {
									"is_pushable": true,
									"is_pushable_by_piston": true
								}
							},
							"events": {
								"minecraft:entity_spawned": {
									"add": {
										"component_groups": [
											"mobs:wild"
										]
									}
								},
								"minecraft:entity_transformed": {
									"add": {
										"component_groups": [
											"mobs:wild"
										]
									}
								},
								"mobs:become_tame": {
									"remove": {
										"component_groups": [
											"mobs:wild"
										]
									},
									"add": {
										"component_groups": [
											"mobs:tame"
										]
									}
								},
								"despawn": {
									"add": {
										"component_groups": [
											"despawn"
										]
									}
								}
							}
						},
						"key": "component_groups",
						"children": [
							{
								"key": "mobs:wild",
								"children": [
									{
										"open": {
											"minecraft:tameable": {
												"probability": 1,
												"tame_items": [
													"minecraft:emerald_block"
												],
												"tame_event": {
													"event": "mobs:become_tame",
													"target": "self"
												}
											}
										},
										"key": "minecraft:tameable",
										"is_minified": true,
										"children": {
											"probability": 1,
											"tame_items": [
												"minecraft:emerald_block"
											],
											"tame_event": {
												"event": "mobs:become_tame",
												"target": "self"
											}
										}
									}
								]
							},
							{
								"key": "mobs:tame",
								"children": [
									{
										"open": {
											"minecraft:inventory": {
												"inventory_size": 27,
												"container_type": "container",
												"private": false
											},
											"minecraft:is_tamed": {},
											"minecraft:behavior.follow_owner": {
												"priority": 6,
												"speed_multiplier": 1,
												"start_distance": 10,
												"stop_distance": 2
											},
											"minecraft:leashable": {
												"soft_distance": 4,
												"hard_distance": 6,
												"max_distance": 10
											}
										},
										"key": "minecraft:inventory",
										"is_minified": true,
										"children": {
											"inventory_size": 27,
											"container_type": "container",
											"private": false
										}
									},
									{
										"open": {
											"minecraft:inventory": {
												"inventory_size": 27,
												"container_type": "container",
												"private": false
											},
											"minecraft:is_tamed": {},
											"minecraft:behavior.follow_owner": {
												"priority": 6,
												"speed_multiplier": 1,
												"start_distance": 10,
												"stop_distance": 2
											},
											"minecraft:leashable": {
												"soft_distance": 4,
												"hard_distance": 6,
												"max_distance": 10
											}
										},
										"key": "minecraft:is_tamed",
										"is_minified": true,
										"children": {}
									},
									{
										"key": "minecraft:behavior.follow_owner",
										"is_minified": true,
										"children": {
											"priority": 6,
											"speed_multiplier": 1,
											"start_distance": 10,
											"stop_distance": 2
										}
									},
									{
										"key": "minecraft:leashable",
										"is_minified": true,
										"children": {
											"soft_distance": 4,
											"hard_distance": 6,
											"max_distance": 10
										}
									}
								]
							},
							{
								"key": "despawn",
								"children": [
									{
										"open": {
											"minecraft:instant_despawn": {
												"remove_child_entities": true
											}
										},
										"key": "minecraft:instant_despawn",
										"is_minified": true,
										"children": {
											"remove_child_entities": true
										}
									}
								]
							}
						]
					},
					{
						"open": {
							"description": {
								"identifier": "mobs:freighter",
								"runtime_identifier": "minecraft:villager_v2",
								"is_spawnable": true,
								"is_summonable": true,
								"is_experimental": false
							},
							"component_groups": {
								"mobs:wild": {
									"minecraft:tameable": {
										"probability": 1,
										"tame_items": [
											"minecraft:emerald_block"
										],
										"tame_event": {
											"event": "mobs:become_tame",
											"target": "self"
										}
									}
								},
								"mobs:tame": {
									"minecraft:inventory": {
										"inventory_size": 27,
										"container_type": "container",
										"private": false
									},
									"minecraft:is_tamed": {},
									"minecraft:behavior.follow_owner": {
										"priority": 6,
										"speed_multiplier": 1,
										"start_distance": 10,
										"stop_distance": 2
									},
									"minecraft:leashable": {
										"soft_distance": 4,
										"hard_distance": 6,
										"max_distance": 10
									}
								},
								"despawn": {
									"minecraft:instant_despawn": {
										"remove_child_entities": true
									}
								}
							},
							"components": {
								"minecraft:nameable": {},
								"minecraft:type_family": {
									"family": [
										"villager",
										"mob"
									]
								},
								"minecraft:breathable": {
									"total_supply": 15,
									"suffocate_time": 0
								},
								"minecraft:collision_box": {
									"width": 0.6,
									"height": 1.9
								},
								"minecraft:health": {
									"value": 20,
									"max": 20
								},
								"minecraft:hurt_on_condition": {
									"damage_conditions": [
										{
											"filters": {
												"test": "in_lava",
												"subject": "self",
												"operator": "==",
												"value": true
											},
											"cause": "lava",
											"damage_per_tick": 4
										}
									]
								},
								"minecraft:movement": {
									"value": 0.35
								},
								"minecraft:navigation.walk": {
									"can_path_over_water": true
								},
								"minecraft:movement.basic": {},
								"minecraft:jump.static": {},
								"minecraft:follow_range": {
									"value": 64
								},
								"minecraft:behavior.float": {
									"priority": 0
								},
								"minecraft:behavior.random_stroll": {
									"priority": 9,
									"speed_multiplier": 1
								},
								"minecraft:behavior.look_at_player": {
									"priority": 10,
									"look_distance": 8,
									"probability": 0.02
								},
								"minecraft:behavior.hurt_by_target": {
									"priority": 1
								},
								"minecraft:physics": {},
								"minecraft:pushable": {
									"is_pushable": true,
									"is_pushable_by_piston": true
								}
							},
							"events": {
								"minecraft:entity_spawned": {
									"add": {
										"component_groups": [
											"mobs:wild"
										]
									}
								},
								"minecraft:entity_transformed": {
									"add": {
										"component_groups": [
											"mobs:wild"
										]
									}
								},
								"mobs:become_tame": {
									"remove": {
										"component_groups": [
											"mobs:wild"
										]
									},
									"add": {
										"component_groups": [
											"mobs:tame"
										]
									}
								},
								"despawn": {
									"add": {
										"component_groups": [
											"despawn"
										]
									}
								}
							}
						},
						"key": "components",
						"children": [
							{
								"open": {
									"minecraft:nameable": {},
									"minecraft:type_family": {
										"family": [
											"villager",
											"mob"
										]
									},
									"minecraft:breathable": {
										"total_supply": 15,
										"suffocate_time": 0
									},
									"minecraft:collision_box": {
										"width": 0.6,
										"height": 1.9
									},
									"minecraft:health": {
										"value": 20,
										"max": 20
									},
									"minecraft:hurt_on_condition": {
										"damage_conditions": [
											{
												"filters": {
													"test": "in_lava",
													"subject": "self",
													"operator": "==",
													"value": true
												},
												"cause": "lava",
												"damage_per_tick": 4
											}
										]
									},
									"minecraft:movement": {
										"value": 0.35
									},
									"minecraft:navigation.walk": {
										"can_path_over_water": true
									},
									"minecraft:movement.basic": {},
									"minecraft:jump.static": {},
									"minecraft:follow_range": {
										"value": 64
									},
									"minecraft:behavior.float": {
										"priority": 0
									},
									"minecraft:behavior.random_stroll": {
										"priority": 9,
										"speed_multiplier": 1
									},
									"minecraft:behavior.look_at_player": {
										"priority": 10,
										"look_distance": 8,
										"probability": 0.02
									},
									"minecraft:behavior.hurt_by_target": {
										"priority": 1
									},
									"minecraft:physics": {},
									"minecraft:pushable": {
										"is_pushable": true,
										"is_pushable_by_piston": true
									}
								},
								"key": "minecraft:nameable",
								"is_minified": true,
								"children": {}
							},
							{
								"key": "minecraft:type_family",
								"children": [
									{
										"open": {
											"family": [
												"villager",
												"mob"
											]
										},
										"key": "family",
										"is_minified": true,
										"children": [
											"villager",
											"mob"
										]
									}
								]
							},
							{
								"key": "minecraft:breathable",
								"is_minified": true,
								"children": {
									"total_supply": 15,
									"suffocate_time": 0
								}
							},
							{
								"key": "minecraft:collision_box",
								"is_minified": true,
								"children": {
									"width": 0.6,
									"height": 1.9
								}
							},
							{
								"key": "minecraft:health",
								"is_minified": true,
								"children": {
									"value": 20,
									"max": 20
								}
							},
							{
								"key": "minecraft:hurt_on_condition",
								"children": [
									{
										"open": {
											"damage_conditions": [
												{
													"filters": {
														"test": "in_lava",
														"subject": "self",
														"operator": "==",
														"value": true
													},
													"cause": "lava",
													"damage_per_tick": 4
												}
											]
										},
										"key": "damage_conditions",
										"children": [
											{
												"open": [
													{
														"filters": {
															"test": "in_lava",
															"subject": "self",
															"operator": "==",
															"value": true
														},
														"cause": "lava",
														"damage_per_tick": 4
													}
												],
												"is_minified": true,
												"children": {
													"filters": {
														"test": "in_lava",
														"subject": "self",
														"operator": "==",
														"value": true
													},
													"cause": "lava",
													"damage_per_tick": 4
												}
											}
										]
									}
								]
							},
							{
								"key": "minecraft:movement",
								"is_minified": true,
								"children": {
									"value": 0.35
								}
							},
							{
								"key": "minecraft:navigation.walk",
								"is_minified": true,
								"children": {
									"can_path_over_water": true
								}
							},
							{
								"open": {
									"minecraft:nameable": {},
									"minecraft:type_family": {
										"family": [
											"villager",
											"mob"
										]
									},
									"minecraft:breathable": {
										"total_supply": 15,
										"suffocate_time": 0
									},
									"minecraft:collision_box": {
										"width": 0.6,
										"height": 1.9
									},
									"minecraft:health": {
										"value": 20,
										"max": 20
									},
									"minecraft:hurt_on_condition": {
										"damage_conditions": [
											{
												"filters": {
													"test": "in_lava",
													"subject": "self",
													"operator": "==",
													"value": true
												},
												"cause": "lava",
												"damage_per_tick": 4
											}
										]
									},
									"minecraft:movement": {
										"value": 0.35
									},
									"minecraft:navigation.walk": {
										"can_path_over_water": true
									},
									"minecraft:movement.basic": {},
									"minecraft:jump.static": {},
									"minecraft:follow_range": {
										"value": 64
									},
									"minecraft:behavior.float": {
										"priority": 0
									},
									"minecraft:behavior.random_stroll": {
										"priority": 9,
										"speed_multiplier": 1
									},
									"minecraft:behavior.look_at_player": {
										"priority": 10,
										"look_distance": 8,
										"probability": 0.02
									},
									"minecraft:behavior.hurt_by_target": {
										"priority": 1
									},
									"minecraft:physics": {},
									"minecraft:pushable": {
										"is_pushable": true,
										"is_pushable_by_piston": true
									}
								},
								"key": "minecraft:movement.basic",
								"is_minified": true,
								"children": {}
							},
							{
								"open": {
									"minecraft:nameable": {},
									"minecraft:type_family": {
										"family": [
											"villager",
											"mob"
										]
									},
									"minecraft:breathable": {
										"total_supply": 15,
										"suffocate_time": 0
									},
									"minecraft:collision_box": {
										"width": 0.6,
										"height": 1.9
									},
									"minecraft:health": {
										"value": 20,
										"max": 20
									},
									"minecraft:hurt_on_condition": {
										"damage_conditions": [
											{
												"filters": {
													"test": "in_lava",
													"subject": "self",
													"operator": "==",
													"value": true
												},
												"cause": "lava",
												"damage_per_tick": 4
											}
										]
									},
									"minecraft:movement": {
										"value": 0.35
									},
									"minecraft:navigation.walk": {
										"can_path_over_water": true
									},
									"minecraft:movement.basic": {},
									"minecraft:jump.static": {},
									"minecraft:follow_range": {
										"value": 64
									},
									"minecraft:behavior.float": {
										"priority": 0
									},
									"minecraft:behavior.random_stroll": {
										"priority": 9,
										"speed_multiplier": 1
									},
									"minecraft:behavior.look_at_player": {
										"priority": 10,
										"look_distance": 8,
										"probability": 0.02
									},
									"minecraft:behavior.hurt_by_target": {
										"priority": 1
									},
									"minecraft:physics": {},
									"minecraft:pushable": {
										"is_pushable": true,
										"is_pushable_by_piston": true
									}
								},
								"key": "minecraft:jump.static",
								"is_minified": true,
								"children": {}
							},
							{
								"key": "minecraft:follow_range",
								"is_minified": true,
								"children": {
									"value": 64
								}
							},
							{
								"key": "minecraft:behavior.float",
								"is_minified": true,
								"children": {
									"priority": 0
								}
							},
							{
								"key": "minecraft:behavior.random_stroll",
								"is_minified": true,
								"children": {
									"priority": 9,
									"speed_multiplier": 1
								}
							},
							{
								"key": "minecraft:behavior.look_at_player",
								"is_minified": true,
								"children": {
									"priority": 10,
									"look_distance": 8,
									"probability": 0.02
								}
							},
							{
								"key": "minecraft:behavior.hurt_by_target",
								"is_minified": true,
								"children": {
									"priority": 1
								}
							},
							{
								"key": "minecraft:physics",
								"is_minified": true,
								"children": {}
							},
							{
								"key": "minecraft:pushable",
								"is_minified": true,
								"children": {
									"is_pushable": true,
									"is_pushable_by_piston": true
								}
							}
						]
					},
					{
						"open": {
							"description": {
								"identifier": "mobs:freighter",
								"runtime_identifier": "minecraft:villager_v2",
								"is_spawnable": true,
								"is_summonable": true,
								"is_experimental": false
							},
							"component_groups": {
								"mobs:wild": {
									"minecraft:tameable": {
										"probability": 1,
										"tame_items": [
											"minecraft:emerald_block"
										],
										"tame_event": {
											"event": "mobs:become_tame",
											"target": "self"
										}
									}
								},
								"mobs:tame": {
									"minecraft:inventory": {
										"inventory_size": 27,
										"container_type": "container",
										"private": false
									},
									"minecraft:is_tamed": {},
									"minecraft:behavior.follow_owner": {
										"priority": 6,
										"speed_multiplier": 1,
										"start_distance": 10,
										"stop_distance": 2
									},
									"minecraft:leashable": {
										"soft_distance": 4,
										"hard_distance": 6,
										"max_distance": 10
									}
								},
								"despawn": {
									"minecraft:instant_despawn": {
										"remove_child_entities": true
									}
								}
							},
							"components": {
								"minecraft:nameable": {},
								"minecraft:type_family": {
									"family": [
										"villager",
										"mob"
									]
								},
								"minecraft:breathable": {
									"total_supply": 15,
									"suffocate_time": 0
								},
								"minecraft:collision_box": {
									"width": 0.6,
									"height": 1.9
								},
								"minecraft:health": {
									"value": 20,
									"max": 20
								},
								"minecraft:hurt_on_condition": {
									"damage_conditions": [
										{
											"filters": {
												"test": "in_lava",
												"subject": "self",
												"operator": "==",
												"value": true
											},
											"cause": "lava",
											"damage_per_tick": 4
										}
									]
								},
								"minecraft:movement": {
									"value": 0.35
								},
								"minecraft:navigation.walk": {
									"can_path_over_water": true
								},
								"minecraft:movement.basic": {},
								"minecraft:jump.static": {},
								"minecraft:follow_range": {
									"value": 64
								},
								"minecraft:behavior.float": {
									"priority": 0
								},
								"minecraft:behavior.random_stroll": {
									"priority": 9,
									"speed_multiplier": 1
								},
								"minecraft:behavior.look_at_player": {
									"priority": 10,
									"look_distance": 8,
									"probability": 0.02
								},
								"minecraft:behavior.hurt_by_target": {
									"priority": 1
								},
								"minecraft:physics": {},
								"minecraft:pushable": {
									"is_pushable": true,
									"is_pushable_by_piston": true
								}
							},
							"events": {
								"minecraft:entity_spawned": {
									"add": {
										"component_groups": [
											"mobs:wild"
										]
									}
								},
								"minecraft:entity_transformed": {
									"add": {
										"component_groups": [
											"mobs:wild"
										]
									}
								},
								"mobs:become_tame": {
									"remove": {
										"component_groups": [
											"mobs:wild"
										]
									},
									"add": {
										"component_groups": [
											"mobs:tame"
										]
									}
								},
								"despawn": {
									"add": {
										"component_groups": [
											"despawn"
										]
									}
								}
							}
						},
						"key": "events",
						"children": [
							{
								"key": "minecraft:entity_spawned",
								"children": [
									{
										"open": {
											"add": {
												"component_groups": [
													"mobs:wild"
												]
											}
										},
										"key": "add",
										"children": [
											{
												"open": {
													"component_groups": [
														"mobs:wild"
													]
												},
												"key": "component_groups",
												"is_minified": true,
												"children": [
													"mobs:wild"
												]
											}
										]
									}
								]
							},
							{
								"open": {
									"minecraft:entity_spawned": {
										"add": {
											"component_groups": [
												"mobs:wild"
											]
										}
									},
									"minecraft:entity_transformed": {
										"add": {
											"component_groups": [
												"mobs:wild"
											]
										}
									},
									"mobs:become_tame": {
										"remove": {
											"component_groups": [
												"mobs:wild"
											]
										},
										"add": {
											"component_groups": [
												"mobs:tame"
											]
										}
									},
									"despawn": {
										"add": {
											"component_groups": [
												"despawn"
											]
										}
									}
								},
								"key": "minecraft:entity_transformed",
								"is_minified": true,
								"children": {
									"add": {
										"component_groups": [
											"mobs:wild"
										]
									}
								}
							},
							{
								"key": "mobs:become_tame",
								"children": [
									{
										"open": {
											"remove": {
												"component_groups": [
													"mobs:wild"
												]
											},
											"add": {
												"component_groups": [
													"mobs:tame"
												]
											}
										},
										"key": "remove",
										"children": [
											{
												"open": {
													"component_groups": [
														"mobs:wild"
													]
												},
												"key": "component_groups",
												"is_minified": true,
												"children": [
													"mobs:wild"
												]
											}
										]
									},
									{
										"open": {
											"remove": {
												"component_groups": [
													"mobs:wild"
												]
											},
											"add": {
												"component_groups": [
													"mobs:tame"
												]
											}
										},
										"key": "add",
										"children": [
											{
												"open": {
													"component_groups": [
														"mobs:tame"
													]
												},
												"key": "component_groups",
												"is_minified": true,
												"children": [
													"mobs:tame"
												]
											}
										]
									}
								]
							},
							{
								"key": "despawn",
								"children": [
									{
										"open": {
											"add": {
												"component_groups": [
													"despawn"
												]
											}
										},
										"key": "add",
										"children": [
											{
												"open": {
													"component_groups": [
														"despawn"
													]
												},
												"key": "component_groups",
												"is_minified": true,
												"children": [
													"despawn"
												]
											}
										]
									}
								]
							}
						]
					}
				]
			}
		]
	}
}