{
	"file_path": "C:\\Users\\TJ\\AppData\\Local\\Packages\\Microsoft.MinecraftUWP_8wekyb3d8bbwe\\LocalState\\games\\com.mojang\\development_behavior_packs\\Mobs BP/entities/villagers/hunter.json",
	"file_type": "entity",
	"format_version": 1,
	"file_uuid": "474b784c_87fb_4ce7_b173_c71adf84c6cc",
	"file_version": 0,
	"cache_content": {
		"children": [
			{
				"data": "1.16.0",
				"key": "format_version"
			},
			{
				"open": {
					"format_version": "1.16.0",
					"minecraft:entity": {
						"description": {
							"identifier": "mobs:hunter",
							"is_spawnable": true,
							"is_summonable": true,
							"is_experimental": false
						},
						"component_groups": {
							"minecraft:lightning_immune": {
								"minecraft:damage_sensor": {
									"triggers": {
										"on_damage": {
											"filters": {
												"other_with_families": "lightning"
											}
										},
										"deals_damage": false
									}
								}
							},
							"minecraft:ranged_attack": {
								"minecraft:behavior.ranged_attack": {
									"priority": 0,
									"attack_interval_min": 1,
									"attack_interval_max": 3,
									"attack_radius": 15
								},
								"minecraft:shooter": {
									"def": "minecraft:arrow"
								},
								"minecraft:environment_sensor": {
									"triggers": [
										{
											"filters": {
												"test": "is_underwater",
												"subject": "self",
												"operator": "==",
												"value": true
											},
											"event": "minecraft:melee_mode"
										},
										{
											"filters": {
												"test": "has_ranged_weapon",
												"subject": "self",
												"operator": "==",
												"value": false
											},
											"event": "minecraft:melee_mode"
										}
									]
								}
							},
							"minecraft:melee_attack": {
								"minecraft:behavior.melee_attack": {
									"priority": 4,
									"track_target": true,
									"speed_multiplier": 1.25
								},
								"minecraft:attack": {
									"damage": 3
								},
								"minecraft:environment_sensor": {
									"triggers": [
										{
											"filters": {
												"all_of": [
													{
														"test": "in_water",
														"subject": "self",
														"operator": "==",
														"value": false
													},
													{
														"test": "has_ranged_weapon",
														"subject": "self",
														"operator": "==",
														"value": true
													}
												]
											},
											"event": "minecraft:ranged_mode"
										}
									]
								}
							}
						},
						"components": {
							"minecraft:experience_reward": {
								"on_death": "query.last_hit_by_player ? 5 + (query.equipment_count * Math.Random(1,3)) : 0"
							},
							"minecraft:equip_item": {},
							"minecraft:collision_box": {
								"width": 0.6,
								"height": 1.9
							},
							"minecraft:type_family": {
								"family": [
									"skeleton",
									"undead",
									"monster",
									"mob"
								]
							},
							"minecraft:breathable": {
								"total_supply": 15,
								"suffocate_time": 0,
								"breathes_water": true
							},
							"minecraft:burns_in_daylight": {},
							"minecraft:health": {
								"value": 20,
								"max": 20
							},
							"minecraft:hurt_on_condition": {
								"damage_conditions": [
									{
										"filters": {
											"test": "in_lava",
											"subject": "self",
											"operator": "==",
											"value": true
										},
										"cause": "lava",
										"damage_per_tick": 4
									}
								]
							},
							"minecraft:loot": {
								"table": "loot_tables/entities/skeleton.json"
							},
							"minecraft:movement": {
								"value": 0.25
							},
							"minecraft:navigation.walk": {
								"is_amphibious": true,
								"avoid_sun": true,
								"avoid_water": true
							},
							"minecraft:movement.basic": {},
							"minecraft:jump.static": {},
							"minecraft:can_climb": {},
							"minecraft:nameable": {},
							"minecraft:equipment": {
								"table": "loot_tables/entities/skeleton_gear.json"
							},
							"minecraft:shooter": {
								"def": "minecraft:arrow"
							},
							"minecraft:environment_sensor": {
								"triggers": [
									{
										"filters": {
											"test": "is_underwater",
											"subject": "self",
											"operator": "==",
											"value": true
										},
										"event": "minecraft:melee_mode"
									},
									{
										"filters": {
											"test": "has_ranged_weapon",
											"subject": "self",
											"operator": "==",
											"value": false
										},
										"event": "minecraft:melee_mode"
									}
								]
							},
							"minecraft:despawn": {
								"despawn_from_distance": {}
							},
							"minecraft:shareables": {
								"items": [
									{
										"item": "minecraft:netherite_sword",
										"want_amount": 1,
										"surplus_amount": 1,
										"priority": 0
									},
									{
										"item": "minecraft:diamond_sword",
										"want_amount": 1,
										"surplus_amount": 1,
										"priority": 1
									},
									{
										"item": "minecraft:iron_sword",
										"want_amount": 1,
										"surplus_amount": 1,
										"priority": 2
									},
									{
										"item": "minecraft:stone_sword",
										"want_amount": 1,
										"surplus_amount": 1,
										"priority": 3
									},
									{
										"item": "minecraft:golden_sword",
										"want_amount": 1,
										"surplus_amount": 1,
										"priority": 4
									},
									{
										"item": "minecraft:wooden_sword",
										"want_amount": 1,
										"surplus_amount": 1,
										"priority": 5
									},
									{
										"item": "minecraft:bow",
										"want_amount": 1,
										"surplus_amount": 1,
										"priority": 6
									},
									{
										"item": "minecraft:netherite_helmet",
										"want_amount": 1,
										"surplus_amount": 1,
										"priority": 0
									},
									{
										"item": "minecraft:diamond_helmet",
										"want_amount": 1,
										"surplus_amount": 1,
										"priority": 1
									},
									{
										"item": "minecraft:iron_helmet",
										"want_amount": 1,
										"surplus_amount": 1,
										"priority": 2
									},
									{
										"item": "minecraft:chainmail_helmet",
										"want_amount": 1,
										"surplus_amount": 1,
										"priority": 3
									},
									{
										"item": "minecraft:golden_helmet",
										"want_amount": 1,
										"surplus_amount": 1,
										"priority": 4
									},
									{
										"item": "minecraft:leather_helmet",
										"want_amount": 1,
										"surplus_amount": 1,
										"priority": 5
									},
									{
										"item": "minecraft:turtle_helmet",
										"want_amount": 1,
										"surplus_amount": 1,
										"priority": 6
									},
									{
										"item": "minecraft:skull:0",
										"want_amount": 1,
										"surplus_amount": 1,
										"priority": 7
									},
									{
										"item": "minecraft:skull:1",
										"want_amount": 1,
										"surplus_amount": 1,
										"priority": 7
									},
									{
										"item": "minecraft:carved_pumpkin",
										"want_amount": 1,
										"surplus_amount": 1,
										"priority": 7
									},
									{
										"item": "minecraft:netherite_chestplate",
										"want_amount": 1,
										"surplus_amount": 1,
										"priority": 0
									},
									{
										"item": "minecraft:diamond_chestplate",
										"want_amount": 1,
										"surplus_amount": 1,
										"priority": 1
									},
									{
										"item": "minecraft:iron_chestplate",
										"want_amount": 1,
										"surplus_amount": 1,
										"priority": 2
									},
									{
										"item": "minecraft:chainmail_chestplate",
										"want_amount": 1,
										"surplus_amount": 1,
										"priority": 3
									},
									{
										"item": "minecraft:golden_chestplate",
										"want_amount": 1,
										"surplus_amount": 1,
										"priority": 4
									},
									{
										"item": "minecraft:leather_chestplate",
										"want_amount": 1,
										"surplus_amount": 1,
										"priority": 5
									},
									{
										"item": "minecraft:netherite_leggings",
										"want_amount": 1,
										"surplus_amount": 1,
										"priority": 0
									},
									{
										"item": "minecraft:diamond_leggings",
										"want_amount": 1,
										"surplus_amount": 1,
										"priority": 1
									},
									{
										"item": "minecraft:iron_leggings",
										"want_amount": 1,
										"surplus_amount": 1,
										"priority": 2
									},
									{
										"item": "minecraft:chainmail_leggings",
										"want_amount": 1,
										"surplus_amount": 1,
										"priority": 3
									},
									{
										"item": "minecraft:golden_leggings",
										"want_amount": 1,
										"surplus_amount": 1,
										"priority": 4
									},
									{
										"item": "minecraft:leather_leggings",
										"want_amount": 1,
										"surplus_amount": 1,
										"priority": 5
									},
									{
										"item": "minecraft:netherite_boots",
										"want_amount": 1,
										"surplus_amount": 1,
										"priority": 0
									},
									{
										"item": "minecraft:diamond_boots",
										"want_amount": 1,
										"surplus_amount": 1,
										"priority": 1
									},
									{
										"item": "minecraft:iron_boots",
										"want_amount": 1,
										"surplus_amount": 1,
										"priority": 2
									},
									{
										"item": "minecraft:chainmail_boots",
										"want_amount": 1,
										"surplus_amount": 1,
										"priority": 3
									},
									{
										"item": "minecraft:golden_boots",
										"want_amount": 1,
										"surplus_amount": 1,
										"priority": 4
									},
									{
										"item": "minecraft:leather_boots",
										"want_amount": 1,
										"surplus_amount": 1,
										"priority": 5
									}
								]
							},
							"minecraft:behavior.ranged_attack": {
								"priority": 0,
								"attack_interval_min": 1,
								"attack_interval_max": 3,
								"attack_radius": 15
							},
							"minecraft:behavior.hurt_by_target": {
								"priority": 1
							},
							"minecraft:behavior.nearest_attackable_target": {
								"priority": 2,
								"must_see": true,
								"reselect_targets": true,
								"entity_types": [
									{
										"filters": {
											"test": "is_family",
											"subject": "other",
											"value": "player"
										},
										"max_dist": 16
									},
									{
										"filters": {
											"test": "is_family",
											"subject": "other",
											"value": "irongolem"
										},
										"max_dist": 16
									},
									{
										"filters": {
											"all_of": [
												{
													"test": "is_family",
													"subject": "other",
													"value": "baby_turtle"
												},
												{
													"test": "in_water",
													"subject": "other",
													"operator": "!=",
													"value": true
												}
											]
										},
										"max_dist": 16
									}
								]
							},
							"minecraft:behavior.flee_sun": {
								"priority": 2,
								"speed_multiplier": 1
							},
							"minecraft:behavior.equip_item": {
								"priority": 3
							},
							"minecraft:behavior.avoid_mob_type": {
								"priority": 4,
								"entity_types": [
									{
										"filters": {
											"test": "is_family",
											"subject": "other",
											"value": "wolf"
										},
										"max_dist": 6,
										"walk_speed_multiplier": 1.2,
										"sprint_speed_multiplier": 1.2
									}
								]
							},
							"minecraft:behavior.pickup_items": {
								"priority": 5,
								"max_dist": 3,
								"goal_radius": 2,
								"speed_multiplier": 1,
								"pickup_based_on_chance": true,
								"can_pickup_any_item": true
							},
							"minecraft:behavior.random_stroll": {
								"priority": 6,
								"speed_multiplier": 1
							},
							"minecraft:behavior.look_at_player": {
								"priority": 7,
								"look_distance": 8
							},
							"minecraft:behavior.random_look_around": {
								"priority": 8
							},
							"minecraft:physics": {},
							"minecraft:pushable": {
								"is_pushable": true,
								"is_pushable_by_piston": true
							},
							"minecraft:conditional_bandwidth_optimization": {}
						},
						"events": {
							"minecraft:entity_spawned": {
								"add": {
									"component_groups": [
										"minecraft:ranged_attack"
									]
								}
							},
							"minecraft:spring_trap": {
								"add": {
									"component_groups": [
										"minecraft:lightning_immune"
									]
								}
							},
							"minecraft:melee_mode": {
								"remove": {
									"component_groups": [
										"minecraft:ranged_attack"
									]
								},
								"add": {
									"component_groups": [
										"minecraft:melee_attack"
									]
								}
							},
							"minecraft:ranged_mode": {
								"remove": {
									"component_groups": [
										"minecraft:melee_attack"
									]
								},
								"add": {
									"component_groups": [
										"minecraft:ranged_attack"
									]
								}
							}
						}
					}
				},
				"key": "minecraft:entity",
				"children": [
					{
						"open": {
							"description": {
								"identifier": "mobs:hunter",
								"is_spawnable": true,
								"is_summonable": true,
								"is_experimental": false
							},
							"component_groups": {
								"minecraft:lightning_immune": {
									"minecraft:damage_sensor": {
										"triggers": {
											"on_damage": {
												"filters": {
													"other_with_families": "lightning"
												}
											},
											"deals_damage": false
										}
									}
								},
								"minecraft:ranged_attack": {
									"minecraft:behavior.ranged_attack": {
										"priority": 0,
										"attack_interval_min": 1,
										"attack_interval_max": 3,
										"attack_radius": 15
									},
									"minecraft:shooter": {
										"def": "minecraft:arrow"
									},
									"minecraft:environment_sensor": {
										"triggers": [
											{
												"filters": {
													"test": "is_underwater",
													"subject": "self",
													"operator": "==",
													"value": true
												},
												"event": "minecraft:melee_mode"
											},
											{
												"filters": {
													"test": "has_ranged_weapon",
													"subject": "self",
													"operator": "==",
													"value": false
												},
												"event": "minecraft:melee_mode"
											}
										]
									}
								},
								"minecraft:melee_attack": {
									"minecraft:behavior.melee_attack": {
										"priority": 4,
										"track_target": true,
										"speed_multiplier": 1.25
									},
									"minecraft:attack": {
										"damage": 3
									},
									"minecraft:environment_sensor": {
										"triggers": [
											{
												"filters": {
													"all_of": [
														{
															"test": "in_water",
															"subject": "self",
															"operator": "==",
															"value": false
														},
														{
															"test": "has_ranged_weapon",
															"subject": "self",
															"operator": "==",
															"value": true
														}
													]
												},
												"event": "minecraft:ranged_mode"
											}
										]
									}
								}
							},
							"components": {
								"minecraft:experience_reward": {
									"on_death": "query.last_hit_by_player ? 5 + (query.equipment_count * Math.Random(1,3)) : 0"
								},
								"minecraft:equip_item": {},
								"minecraft:collision_box": {
									"width": 0.6,
									"height": 1.9
								},
								"minecraft:type_family": {
									"family": [
										"skeleton",
										"undead",
										"monster",
										"mob"
									]
								},
								"minecraft:breathable": {
									"total_supply": 15,
									"suffocate_time": 0,
									"breathes_water": true
								},
								"minecraft:burns_in_daylight": {},
								"minecraft:health": {
									"value": 20,
									"max": 20
								},
								"minecraft:hurt_on_condition": {
									"damage_conditions": [
										{
											"filters": {
												"test": "in_lava",
												"subject": "self",
												"operator": "==",
												"value": true
											},
											"cause": "lava",
											"damage_per_tick": 4
										}
									]
								},
								"minecraft:loot": {
									"table": "loot_tables/entities/skeleton.json"
								},
								"minecraft:movement": {
									"value": 0.25
								},
								"minecraft:navigation.walk": {
									"is_amphibious": true,
									"avoid_sun": true,
									"avoid_water": true
								},
								"minecraft:movement.basic": {},
								"minecraft:jump.static": {},
								"minecraft:can_climb": {},
								"minecraft:nameable": {},
								"minecraft:equipment": {
									"table": "loot_tables/entities/skeleton_gear.json"
								},
								"minecraft:shooter": {
									"def": "minecraft:arrow"
								},
								"minecraft:environment_sensor": {
									"triggers": [
										{
											"filters": {
												"test": "is_underwater",
												"subject": "self",
												"operator": "==",
												"value": true
											},
											"event": "minecraft:melee_mode"
										},
										{
											"filters": {
												"test": "has_ranged_weapon",
												"subject": "self",
												"operator": "==",
												"value": false
											},
											"event": "minecraft:melee_mode"
										}
									]
								},
								"minecraft:despawn": {
									"despawn_from_distance": {}
								},
								"minecraft:shareables": {
									"items": [
										{
											"item": "minecraft:netherite_sword",
											"want_amount": 1,
											"surplus_amount": 1,
											"priority": 0
										},
										{
											"item": "minecraft:diamond_sword",
											"want_amount": 1,
											"surplus_amount": 1,
											"priority": 1
										},
										{
											"item": "minecraft:iron_sword",
											"want_amount": 1,
											"surplus_amount": 1,
											"priority": 2
										},
										{
											"item": "minecraft:stone_sword",
											"want_amount": 1,
											"surplus_amount": 1,
											"priority": 3
										},
										{
											"item": "minecraft:golden_sword",
											"want_amount": 1,
											"surplus_amount": 1,
											"priority": 4
										},
										{
											"item": "minecraft:wooden_sword",
											"want_amount": 1,
											"surplus_amount": 1,
											"priority": 5
										},
										{
											"item": "minecraft:bow",
											"want_amount": 1,
											"surplus_amount": 1,
											"priority": 6
										},
										{
											"item": "minecraft:netherite_helmet",
											"want_amount": 1,
											"surplus_amount": 1,
											"priority": 0
										},
										{
											"item": "minecraft:diamond_helmet",
											"want_amount": 1,
											"surplus_amount": 1,
											"priority": 1
										},
										{
											"item": "minecraft:iron_helmet",
											"want_amount": 1,
											"surplus_amount": 1,
											"priority": 2
										},
										{
											"item": "minecraft:chainmail_helmet",
											"want_amount": 1,
											"surplus_amount": 1,
											"priority": 3
										},
										{
											"item": "minecraft:golden_helmet",
											"want_amount": 1,
											"surplus_amount": 1,
											"priority": 4
										},
										{
											"item": "minecraft:leather_helmet",
											"want_amount": 1,
											"surplus_amount": 1,
											"priority": 5
										},
										{
											"item": "minecraft:turtle_helmet",
											"want_amount": 1,
											"surplus_amount": 1,
											"priority": 6
										},
										{
											"item": "minecraft:skull:0",
											"want_amount": 1,
											"surplus_amount": 1,
											"priority": 7
										},
										{
											"item": "minecraft:skull:1",
											"want_amount": 1,
											"surplus_amount": 1,
											"priority": 7
										},
										{
											"item": "minecraft:carved_pumpkin",
											"want_amount": 1,
											"surplus_amount": 1,
											"priority": 7
										},
										{
											"item": "minecraft:netherite_chestplate",
											"want_amount": 1,
											"surplus_amount": 1,
											"priority": 0
										},
										{
											"item": "minecraft:diamond_chestplate",
											"want_amount": 1,
											"surplus_amount": 1,
											"priority": 1
										},
										{
											"item": "minecraft:iron_chestplate",
											"want_amount": 1,
											"surplus_amount": 1,
											"priority": 2
										},
										{
											"item": "minecraft:chainmail_chestplate",
											"want_amount": 1,
											"surplus_amount": 1,
											"priority": 3
										},
										{
											"item": "minecraft:golden_chestplate",
											"want_amount": 1,
											"surplus_amount": 1,
											"priority": 4
										},
										{
											"item": "minecraft:leather_chestplate",
											"want_amount": 1,
											"surplus_amount": 1,
											"priority": 5
										},
										{
											"item": "minecraft:netherite_leggings",
											"want_amount": 1,
											"surplus_amount": 1,
											"priority": 0
										},
										{
											"item": "minecraft:diamond_leggings",
											"want_amount": 1,
											"surplus_amount": 1,
											"priority": 1
										},
										{
											"item": "minecraft:iron_leggings",
											"want_amount": 1,
											"surplus_amount": 1,
											"priority": 2
										},
										{
											"item": "minecraft:chainmail_leggings",
											"want_amount": 1,
											"surplus_amount": 1,
											"priority": 3
										},
										{
											"item": "minecraft:golden_leggings",
											"want_amount": 1,
											"surplus_amount": 1,
											"priority": 4
										},
										{
											"item": "minecraft:leather_leggings",
											"want_amount": 1,
											"surplus_amount": 1,
											"priority": 5
										},
										{
											"item": "minecraft:netherite_boots",
											"want_amount": 1,
											"surplus_amount": 1,
											"priority": 0
										},
										{
											"item": "minecraft:diamond_boots",
											"want_amount": 1,
											"surplus_amount": 1,
											"priority": 1
										},
										{
											"item": "minecraft:iron_boots",
											"want_amount": 1,
											"surplus_amount": 1,
											"priority": 2
										},
										{
											"item": "minecraft:chainmail_boots",
											"want_amount": 1,
											"surplus_amount": 1,
											"priority": 3
										},
										{
											"item": "minecraft:golden_boots",
											"want_amount": 1,
											"surplus_amount": 1,
											"priority": 4
										},
										{
											"item": "minecraft:leather_boots",
											"want_amount": 1,
											"surplus_amount": 1,
											"priority": 5
										}
									]
								},
								"minecraft:behavior.ranged_attack": {
									"priority": 0,
									"attack_interval_min": 1,
									"attack_interval_max": 3,
									"attack_radius": 15
								},
								"minecraft:behavior.hurt_by_target": {
									"priority": 1
								},
								"minecraft:behavior.nearest_attackable_target": {
									"priority": 2,
									"must_see": true,
									"reselect_targets": true,
									"entity_types": [
										{
											"filters": {
												"test": "is_family",
												"subject": "other",
												"value": "player"
											},
											"max_dist": 16
										},
										{
											"filters": {
												"test": "is_family",
												"subject": "other",
												"value": "irongolem"
											},
											"max_dist": 16
										},
										{
											"filters": {
												"all_of": [
													{
														"test": "is_family",
														"subject": "other",
														"value": "baby_turtle"
													},
													{
														"test": "in_water",
														"subject": "other",
														"operator": "!=",
														"value": true
													}
												]
											},
											"max_dist": 16
										}
									]
								},
								"minecraft:behavior.flee_sun": {
									"priority": 2,
									"speed_multiplier": 1
								},
								"minecraft:behavior.equip_item": {
									"priority": 3
								},
								"minecraft:behavior.avoid_mob_type": {
									"priority": 4,
									"entity_types": [
										{
											"filters": {
												"test": "is_family",
												"subject": "other",
												"value": "wolf"
											},
											"max_dist": 6,
											"walk_speed_multiplier": 1.2,
											"sprint_speed_multiplier": 1.2
										}
									]
								},
								"minecraft:behavior.pickup_items": {
									"priority": 5,
									"max_dist": 3,
									"goal_radius": 2,
									"speed_multiplier": 1,
									"pickup_based_on_chance": true,
									"can_pickup_any_item": true
								},
								"minecraft:behavior.random_stroll": {
									"priority": 6,
									"speed_multiplier": 1
								},
								"minecraft:behavior.look_at_player": {
									"priority": 7,
									"look_distance": 8
								},
								"minecraft:behavior.random_look_around": {
									"priority": 8
								},
								"minecraft:physics": {},
								"minecraft:pushable": {
									"is_pushable": true,
									"is_pushable_by_piston": true
								},
								"minecraft:conditional_bandwidth_optimization": {}
							},
							"events": {
								"minecraft:entity_spawned": {
									"add": {
										"component_groups": [
											"minecraft:ranged_attack"
										]
									}
								},
								"minecraft:spring_trap": {
									"add": {
										"component_groups": [
											"minecraft:lightning_immune"
										]
									}
								},
								"minecraft:melee_mode": {
									"remove": {
										"component_groups": [
											"minecraft:ranged_attack"
										]
									},
									"add": {
										"component_groups": [
											"minecraft:melee_attack"
										]
									}
								},
								"minecraft:ranged_mode": {
									"remove": {
										"component_groups": [
											"minecraft:melee_attack"
										]
									},
									"add": {
										"component_groups": [
											"minecraft:ranged_attack"
										]
									}
								}
							}
						},
						"key": "description",
						"is_minified": true,
						"children": {
							"identifier": "mobs:hunter",
							"is_spawnable": true,
							"is_summonable": true,
							"is_experimental": false
						}
					},
					{
						"key": "component_groups",
						"is_minified": true,
						"children": {
							"minecraft:lightning_immune": {
								"minecraft:damage_sensor": {
									"triggers": {
										"on_damage": {
											"filters": {
												"other_with_families": "lightning"
											}
										},
										"deals_damage": false
									}
								}
							},
							"minecraft:ranged_attack": {
								"minecraft:behavior.ranged_attack": {
									"priority": 0,
									"attack_interval_min": 1,
									"attack_interval_max": 3,
									"attack_radius": 15
								},
								"minecraft:shooter": {
									"def": "minecraft:arrow"
								},
								"minecraft:environment_sensor": {
									"triggers": [
										{
											"filters": {
												"test": "is_underwater",
												"subject": "self",
												"operator": "==",
												"value": true
											},
											"event": "minecraft:melee_mode"
										},
										{
											"filters": {
												"test": "has_ranged_weapon",
												"subject": "self",
												"operator": "==",
												"value": false
											},
											"event": "minecraft:melee_mode"
										}
									]
								}
							},
							"minecraft:melee_attack": {
								"minecraft:behavior.melee_attack": {
									"priority": 4,
									"track_target": true,
									"speed_multiplier": 1.25
								},
								"minecraft:attack": {
									"damage": 3
								},
								"minecraft:environment_sensor": {
									"triggers": [
										{
											"filters": {
												"all_of": [
													{
														"test": "in_water",
														"subject": "self",
														"operator": "==",
														"value": false
													},
													{
														"test": "has_ranged_weapon",
														"subject": "self",
														"operator": "==",
														"value": true
													}
												]
											},
											"event": "minecraft:ranged_mode"
										}
									]
								}
							}
						}
					},
					{
						"key": "components",
						"is_minified": true,
						"children": {
							"minecraft:experience_reward": {
								"on_death": "query.last_hit_by_player ? 5 + (query.equipment_count * Math.Random(1,3)) : 0"
							},
							"minecraft:equip_item": {},
							"minecraft:collision_box": {
								"width": 0.6,
								"height": 1.9
							},
							"minecraft:type_family": {
								"family": [
									"skeleton",
									"undead",
									"monster",
									"mob"
								]
							},
							"minecraft:breathable": {
								"total_supply": 15,
								"suffocate_time": 0,
								"breathes_water": true
							},
							"minecraft:burns_in_daylight": {},
							"minecraft:health": {
								"value": 20,
								"max": 20
							},
							"minecraft:hurt_on_condition": {
								"damage_conditions": [
									{
										"filters": {
											"test": "in_lava",
											"subject": "self",
											"operator": "==",
											"value": true
										},
										"cause": "lava",
										"damage_per_tick": 4
									}
								]
							},
							"minecraft:loot": {
								"table": "loot_tables/entities/skeleton.json"
							},
							"minecraft:movement": {
								"value": 0.25
							},
							"minecraft:navigation.walk": {
								"is_amphibious": true,
								"avoid_sun": true,
								"avoid_water": true
							},
							"minecraft:movement.basic": {},
							"minecraft:jump.static": {},
							"minecraft:can_climb": {},
							"minecraft:nameable": {},
							"minecraft:equipment": {
								"table": "loot_tables/entities/skeleton_gear.json"
							},
							"minecraft:shooter": {
								"def": "minecraft:arrow"
							},
							"minecraft:environment_sensor": {
								"triggers": [
									{
										"filters": {
											"test": "is_underwater",
											"subject": "self",
											"operator": "==",
											"value": true
										},
										"event": "minecraft:melee_mode"
									},
									{
										"filters": {
											"test": "has_ranged_weapon",
											"subject": "self",
											"operator": "==",
											"value": false
										},
										"event": "minecraft:melee_mode"
									}
								]
							},
							"minecraft:despawn": {
								"despawn_from_distance": {}
							},
							"minecraft:shareables": {
								"items": [
									{
										"item": "minecraft:netherite_sword",
										"want_amount": 1,
										"surplus_amount": 1,
										"priority": 0
									},
									{
										"item": "minecraft:diamond_sword",
										"want_amount": 1,
										"surplus_amount": 1,
										"priority": 1
									},
									{
										"item": "minecraft:iron_sword",
										"want_amount": 1,
										"surplus_amount": 1,
										"priority": 2
									},
									{
										"item": "minecraft:stone_sword",
										"want_amount": 1,
										"surplus_amount": 1,
										"priority": 3
									},
									{
										"item": "minecraft:golden_sword",
										"want_amount": 1,
										"surplus_amount": 1,
										"priority": 4
									},
									{
										"item": "minecraft:wooden_sword",
										"want_amount": 1,
										"surplus_amount": 1,
										"priority": 5
									},
									{
										"item": "minecraft:bow",
										"want_amount": 1,
										"surplus_amount": 1,
										"priority": 6
									},
									{
										"item": "minecraft:netherite_helmet",
										"want_amount": 1,
										"surplus_amount": 1,
										"priority": 0
									},
									{
										"item": "minecraft:diamond_helmet",
										"want_amount": 1,
										"surplus_amount": 1,
										"priority": 1
									},
									{
										"item": "minecraft:iron_helmet",
										"want_amount": 1,
										"surplus_amount": 1,
										"priority": 2
									},
									{
										"item": "minecraft:chainmail_helmet",
										"want_amount": 1,
										"surplus_amount": 1,
										"priority": 3
									},
									{
										"item": "minecraft:golden_helmet",
										"want_amount": 1,
										"surplus_amount": 1,
										"priority": 4
									},
									{
										"item": "minecraft:leather_helmet",
										"want_amount": 1,
										"surplus_amount": 1,
										"priority": 5
									},
									{
										"item": "minecraft:turtle_helmet",
										"want_amount": 1,
										"surplus_amount": 1,
										"priority": 6
									},
									{
										"item": "minecraft:skull:0",
										"want_amount": 1,
										"surplus_amount": 1,
										"priority": 7
									},
									{
										"item": "minecraft:skull:1",
										"want_amount": 1,
										"surplus_amount": 1,
										"priority": 7
									},
									{
										"item": "minecraft:carved_pumpkin",
										"want_amount": 1,
										"surplus_amount": 1,
										"priority": 7
									},
									{
										"item": "minecraft:netherite_chestplate",
										"want_amount": 1,
										"surplus_amount": 1,
										"priority": 0
									},
									{
										"item": "minecraft:diamond_chestplate",
										"want_amount": 1,
										"surplus_amount": 1,
										"priority": 1
									},
									{
										"item": "minecraft:iron_chestplate",
										"want_amount": 1,
										"surplus_amount": 1,
										"priority": 2
									},
									{
										"item": "minecraft:chainmail_chestplate",
										"want_amount": 1,
										"surplus_amount": 1,
										"priority": 3
									},
									{
										"item": "minecraft:golden_chestplate",
										"want_amount": 1,
										"surplus_amount": 1,
										"priority": 4
									},
									{
										"item": "minecraft:leather_chestplate",
										"want_amount": 1,
										"surplus_amount": 1,
										"priority": 5
									},
									{
										"item": "minecraft:netherite_leggings",
										"want_amount": 1,
										"surplus_amount": 1,
										"priority": 0
									},
									{
										"item": "minecraft:diamond_leggings",
										"want_amount": 1,
										"surplus_amount": 1,
										"priority": 1
									},
									{
										"item": "minecraft:iron_leggings",
										"want_amount": 1,
										"surplus_amount": 1,
										"priority": 2
									},
									{
										"item": "minecraft:chainmail_leggings",
										"want_amount": 1,
										"surplus_amount": 1,
										"priority": 3
									},
									{
										"item": "minecraft:golden_leggings",
										"want_amount": 1,
										"surplus_amount": 1,
										"priority": 4
									},
									{
										"item": "minecraft:leather_leggings",
										"want_amount": 1,
										"surplus_amount": 1,
										"priority": 5
									},
									{
										"item": "minecraft:netherite_boots",
										"want_amount": 1,
										"surplus_amount": 1,
										"priority": 0
									},
									{
										"item": "minecraft:diamond_boots",
										"want_amount": 1,
										"surplus_amount": 1,
										"priority": 1
									},
									{
										"item": "minecraft:iron_boots",
										"want_amount": 1,
										"surplus_amount": 1,
										"priority": 2
									},
									{
										"item": "minecraft:chainmail_boots",
										"want_amount": 1,
										"surplus_amount": 1,
										"priority": 3
									},
									{
										"item": "minecraft:golden_boots",
										"want_amount": 1,
										"surplus_amount": 1,
										"priority": 4
									},
									{
										"item": "minecraft:leather_boots",
										"want_amount": 1,
										"surplus_amount": 1,
										"priority": 5
									}
								]
							},
							"minecraft:behavior.ranged_attack": {
								"priority": 0,
								"attack_interval_min": 1,
								"attack_interval_max": 3,
								"attack_radius": 15
							},
							"minecraft:behavior.hurt_by_target": {
								"priority": 1
							},
							"minecraft:behavior.nearest_attackable_target": {
								"priority": 2,
								"must_see": true,
								"reselect_targets": true,
								"entity_types": [
									{
										"filters": {
											"test": "is_family",
											"subject": "other",
											"value": "player"
										},
										"max_dist": 16
									},
									{
										"filters": {
											"test": "is_family",
											"subject": "other",
											"value": "irongolem"
										},
										"max_dist": 16
									},
									{
										"filters": {
											"all_of": [
												{
													"test": "is_family",
													"subject": "other",
													"value": "baby_turtle"
												},
												{
													"test": "in_water",
													"subject": "other",
													"operator": "!=",
													"value": true
												}
											]
										},
										"max_dist": 16
									}
								]
							},
							"minecraft:behavior.flee_sun": {
								"priority": 2,
								"speed_multiplier": 1
							},
							"minecraft:behavior.equip_item": {
								"priority": 3
							},
							"minecraft:behavior.avoid_mob_type": {
								"priority": 4,
								"entity_types": [
									{
										"filters": {
											"test": "is_family",
											"subject": "other",
											"value": "wolf"
										},
										"max_dist": 6,
										"walk_speed_multiplier": 1.2,
										"sprint_speed_multiplier": 1.2
									}
								]
							},
							"minecraft:behavior.pickup_items": {
								"priority": 5,
								"max_dist": 3,
								"goal_radius": 2,
								"speed_multiplier": 1,
								"pickup_based_on_chance": true,
								"can_pickup_any_item": true
							},
							"minecraft:behavior.random_stroll": {
								"priority": 6,
								"speed_multiplier": 1
							},
							"minecraft:behavior.look_at_player": {
								"priority": 7,
								"look_distance": 8
							},
							"minecraft:behavior.random_look_around": {
								"priority": 8
							},
							"minecraft:physics": {},
							"minecraft:pushable": {
								"is_pushable": true,
								"is_pushable_by_piston": true
							},
							"minecraft:conditional_bandwidth_optimization": {}
						}
					},
					{
						"key": "events",
						"is_minified": true,
						"children": {
							"minecraft:entity_spawned": {
								"add": {
									"component_groups": [
										"minecraft:ranged_attack"
									]
								}
							},
							"minecraft:spring_trap": {
								"add": {
									"component_groups": [
										"minecraft:lightning_immune"
									]
								}
							},
							"minecraft:melee_mode": {
								"remove": {
									"component_groups": [
										"minecraft:ranged_attack"
									]
								},
								"add": {
									"component_groups": [
										"minecraft:melee_attack"
									]
								}
							},
							"minecraft:ranged_mode": {
								"remove": {
									"component_groups": [
										"minecraft:melee_attack"
									]
								},
								"add": {
									"component_groups": [
										"minecraft:ranged_attack"
									]
								}
							}
						}
					}
				]
			}
		]
	}
}