{
	"file_path": "C:\\Users\\TJ\\AppData\\Local\\Packages\\Microsoft.MinecraftUWP_8wekyb3d8bbwe\\LocalState\\games\\com.mojang\\development_behavior_packs\\MobsBP\\entities\\villagers\\lumberjack.json",
	"file_type": "entity",
	"format_version": 1,
	"file_uuid": "56ff93fd_5dab_4420_a103_15f3c5bd49e3",
	"file_version": 95,
	"cache_content": {
		"children": [
			{
				"data": "1.16.0",
				"key": "format_version"
			},
			{
				"open": {
					"format_version": "1.16.0",
					"minecraft:entity": {
						"description": {
							"identifier": "mobs:lumberjack",
							"runtime_identifier": "minecraft:villager_v2",
							"is_spawnable": true,
							"is_summonable": true,
							"is_experimental": false
						},
						"component_groups": {
							"valhalla:leave_village": {
								"minecraft:behavior.avoid_block": {
									"priority": 2,
									"tick_interval": 5,
									"search_range": 32,
									"search_height": 35,
									"walk_speed_modifier": 1.1,
									"target_blocks": [
										"minecraft:torch",
										"minecraft:fence",
										"minecraft:fence_gate",
										"minecraft:lantern"
									],
									"on_escape": {
										"event": "valhalla:outside_village"
									}
								},
								"minecraft:behavior.explore_outskirts": {
									"priority": 1,
									"explore_dist": 32,
									"wait_time": 0,
									"speed_multiplier": 1.1
								}
							}
						},
						"components": {
							"minecraft:nameable": {},
							"minecraft:type_family": {
								"family": [
									"villager",
									"mob"
								]
							},
							"minecraft:breathable": {
								"total_supply": 15,
								"suffocate_time": 0
							},
							"minecraft:collision_box": {
								"width": 0.6,
								"height": 1.9
							},
							"minecraft:health": {
								"value": 20,
								"max": 20
							},
							"minecraft:hurt_on_condition": {
								"damage_conditions": [
									{
										"filters": {
											"test": "in_lava",
											"subject": "self",
											"operator": "==",
											"value": true
										},
										"cause": "lava",
										"damage_per_tick": 4
									}
								]
							},
							"minecraft:movement": {
								"value": 0.35
							},
							"minecraft:navigation.walk": {
								"can_path_over_water": true
							},
							"minecraft:movement.basic": {},
							"minecraft:jump.static": {},
							"minecraft:follow_range": {
								"value": 64
							},
							"minecraft:behavior.float": {
								"priority": 0
							},
							"minecraft:behavior.random_stroll": {
								"priority": 9,
								"speed_multiplier": 1
							},
							"minecraft:behavior.look_at_player": {
								"priority": 10,
								"look_distance": 8,
								"probability": 0.02
							},
							"minecraft:behavior.hurt_by_target": {
								"priority": 1
							},
							"minecraft:physics": {},
							"minecraft:pushable": {
								"is_pushable": true,
								"is_pushable_by_piston": true
							},
							"minecraft:behavior.pickup_items": {
								"priority": 1,
								"max_dist": 3,
								"goal_radius": 3,
								"speed_multiplier": 1,
								"can_pickup_to_hand_or_equipment": false
							},
							"minecraft:behavior.move_to_block": {
								"priority": 2,
								"speed_multiplier": 1,
								"tick_interval": 5,
								"start_chance": 10,
								"search_range": 16,
								"search_height": 16,
								"goal_radius": 3,
								"stay_duration": 10,
								"target_offset": [
									0,
									3,
									0
								],
								"target_selection_method": "nearest",
								"target_blocks": [
									"minecraft:log",
									"minecraft:leaves",
									"minecraft:log2",
									"minecraft:leaves2"
								]
							},
							"minecraft:break_blocks": {
								"breakable_blocks": [
									"minecraft:log2",
									"minecraft:log",
									"minecraft:leaves",
									"minecraft:leaves2"
								]
							}
						},
						"events": {
							"minecraft:entity_spawned": {},
							"minecraft:entity_transformed": {},
							"valhalla:leave_village": {
								"add": {
									"component_groups": [
										"valhalla:leave_village"
									]
								}
							}
						}
					}
				},
				"key": "minecraft:entity",
				"children": [
					{
						"open": {
							"description": {
								"identifier": "mobs:lumberjack",
								"runtime_identifier": "minecraft:villager_v2",
								"is_spawnable": true,
								"is_summonable": true,
								"is_experimental": false
							},
							"component_groups": {
								"valhalla:leave_village": {
									"minecraft:behavior.avoid_block": {
										"priority": 2,
										"tick_interval": 5,
										"search_range": 32,
										"search_height": 35,
										"walk_speed_modifier": 1.1,
										"target_blocks": [
											"minecraft:torch",
											"minecraft:fence",
											"minecraft:fence_gate",
											"minecraft:lantern"
										],
										"on_escape": {
											"event": "valhalla:outside_village"
										}
									},
									"minecraft:behavior.explore_outskirts": {
										"priority": 1,
										"explore_dist": 32,
										"wait_time": 0,
										"speed_multiplier": 1.1
									}
								}
							},
							"components": {
								"minecraft:nameable": {},
								"minecraft:type_family": {
									"family": [
										"villager",
										"mob"
									]
								},
								"minecraft:breathable": {
									"total_supply": 15,
									"suffocate_time": 0
								},
								"minecraft:collision_box": {
									"width": 0.6,
									"height": 1.9
								},
								"minecraft:health": {
									"value": 20,
									"max": 20
								},
								"minecraft:hurt_on_condition": {
									"damage_conditions": [
										{
											"filters": {
												"test": "in_lava",
												"subject": "self",
												"operator": "==",
												"value": true
											},
											"cause": "lava",
											"damage_per_tick": 4
										}
									]
								},
								"minecraft:movement": {
									"value": 0.35
								},
								"minecraft:navigation.walk": {
									"can_path_over_water": true
								},
								"minecraft:movement.basic": {},
								"minecraft:jump.static": {},
								"minecraft:follow_range": {
									"value": 64
								},
								"minecraft:behavior.float": {
									"priority": 0
								},
								"minecraft:behavior.random_stroll": {
									"priority": 9,
									"speed_multiplier": 1
								},
								"minecraft:behavior.look_at_player": {
									"priority": 10,
									"look_distance": 8,
									"probability": 0.02
								},
								"minecraft:behavior.hurt_by_target": {
									"priority": 1
								},
								"minecraft:physics": {},
								"minecraft:pushable": {
									"is_pushable": true,
									"is_pushable_by_piston": true
								},
								"minecraft:behavior.pickup_items": {
									"priority": 1,
									"max_dist": 3,
									"goal_radius": 3,
									"speed_multiplier": 1,
									"can_pickup_to_hand_or_equipment": false
								},
								"minecraft:behavior.move_to_block": {
									"priority": 2,
									"speed_multiplier": 1,
									"tick_interval": 5,
									"start_chance": 10,
									"search_range": 16,
									"search_height": 16,
									"goal_radius": 3,
									"stay_duration": 10,
									"target_offset": [
										0,
										3,
										0
									],
									"target_selection_method": "nearest",
									"target_blocks": [
										"minecraft:log",
										"minecraft:leaves",
										"minecraft:log2",
										"minecraft:leaves2"
									]
								},
								"minecraft:break_blocks": {
									"breakable_blocks": [
										"minecraft:log2",
										"minecraft:log",
										"minecraft:leaves",
										"minecraft:leaves2"
									]
								}
							},
							"events": {
								"minecraft:entity_spawned": {},
								"minecraft:entity_transformed": {},
								"valhalla:leave_village": {
									"add": {
										"component_groups": [
											"valhalla:leave_village"
										]
									}
								}
							}
						},
						"key": "description",
						"is_minified": true,
						"children": {
							"identifier": "mobs:lumberjack",
							"runtime_identifier": "minecraft:villager_v2",
							"is_spawnable": true,
							"is_summonable": true,
							"is_experimental": false
						}
					},
					{
						"open": {
							"description": {
								"identifier": "mobs:lumberjack",
								"runtime_identifier": "minecraft:villager_v2",
								"is_spawnable": true,
								"is_summonable": true,
								"is_experimental": false
							},
							"component_groups": {
								"valhalla:leave_village": {
									"minecraft:behavior.avoid_block": {
										"priority": 2,
										"tick_interval": 5,
										"search_range": 32,
										"search_height": 35,
										"walk_speed_modifier": 1.1,
										"target_blocks": [
											"minecraft:torch",
											"minecraft:fence",
											"minecraft:fence_gate",
											"minecraft:lantern"
										],
										"on_escape": {
											"event": "valhalla:outside_village"
										}
									},
									"minecraft:behavior.explore_outskirts": {
										"priority": 1,
										"explore_dist": 32,
										"wait_time": 0,
										"speed_multiplier": 1.1
									}
								}
							},
							"components": {
								"minecraft:nameable": {},
								"minecraft:type_family": {
									"family": [
										"villager",
										"mob"
									]
								},
								"minecraft:breathable": {
									"total_supply": 15,
									"suffocate_time": 0
								},
								"minecraft:collision_box": {
									"width": 0.6,
									"height": 1.9
								},
								"minecraft:health": {
									"value": 20,
									"max": 20
								},
								"minecraft:hurt_on_condition": {
									"damage_conditions": [
										{
											"filters": {
												"test": "in_lava",
												"subject": "self",
												"operator": "==",
												"value": true
											},
											"cause": "lava",
											"damage_per_tick": 4
										}
									]
								},
								"minecraft:movement": {
									"value": 0.35
								},
								"minecraft:navigation.walk": {
									"can_path_over_water": true
								},
								"minecraft:movement.basic": {},
								"minecraft:jump.static": {},
								"minecraft:follow_range": {
									"value": 64
								},
								"minecraft:behavior.float": {
									"priority": 0
								},
								"minecraft:behavior.random_stroll": {
									"priority": 9,
									"speed_multiplier": 1
								},
								"minecraft:behavior.look_at_player": {
									"priority": 10,
									"look_distance": 8,
									"probability": 0.02
								},
								"minecraft:behavior.hurt_by_target": {
									"priority": 1
								},
								"minecraft:physics": {},
								"minecraft:pushable": {
									"is_pushable": true,
									"is_pushable_by_piston": true
								},
								"minecraft:behavior.pickup_items": {
									"priority": 1,
									"max_dist": 3,
									"goal_radius": 3,
									"speed_multiplier": 1,
									"can_pickup_to_hand_or_equipment": false
								},
								"minecraft:behavior.move_to_block": {
									"priority": 2,
									"speed_multiplier": 1,
									"tick_interval": 5,
									"start_chance": 10,
									"search_range": 16,
									"search_height": 16,
									"goal_radius": 3,
									"stay_duration": 10,
									"target_offset": [
										0,
										3,
										0
									],
									"target_selection_method": "nearest",
									"target_blocks": [
										"minecraft:log",
										"minecraft:leaves",
										"minecraft:log2",
										"minecraft:leaves2"
									]
								},
								"minecraft:break_blocks": {
									"breakable_blocks": [
										"minecraft:log2",
										"minecraft:log",
										"minecraft:leaves",
										"minecraft:leaves2"
									]
								}
							},
							"events": {
								"minecraft:entity_spawned": {},
								"minecraft:entity_transformed": {},
								"valhalla:leave_village": {
									"add": {
										"component_groups": [
											"valhalla:leave_village"
										]
									}
								}
							}
						},
						"key": "component_groups",
						"children": [
							{
								"open": {
									"valhalla:leave_village": {
										"minecraft:behavior.avoid_block": {
											"priority": 2,
											"tick_interval": 5,
											"search_range": 32,
											"search_height": 35,
											"walk_speed_modifier": 1.1,
											"target_blocks": [
												"minecraft:torch",
												"minecraft:fence",
												"minecraft:fence_gate",
												"minecraft:lantern"
											],
											"on_escape": {
												"event": "valhalla:outside_village"
											}
										},
										"minecraft:behavior.explore_outskirts": {
											"priority": 1,
											"explore_dist": 32,
											"wait_time": 0,
											"speed_multiplier": 1.1
										}
									}
								},
								"key": "valhalla:leave_village",
								"children": [
									{
										"open": {
											"minecraft:behavior.avoid_block": {
												"priority": 2,
												"tick_interval": 5,
												"search_range": 32,
												"search_height": 35,
												"walk_speed_modifier": 1.1,
												"target_blocks": [
													"minecraft:torch",
													"minecraft:fence",
													"minecraft:fence_gate",
													"minecraft:lantern"
												],
												"on_escape": {
													"event": "valhalla:outside_village"
												}
											},
											"minecraft:behavior.explore_outskirts": {
												"priority": 1,
												"explore_dist": 32,
												"wait_time": 0,
												"speed_multiplier": 1.1
											}
										},
										"key": "minecraft:behavior.avoid_block",
										"children": [
											{
												"data": "2",
												"key": "priority"
											},
											{
												"data": "5",
												"key": "tick_interval"
											},
											{
												"data": "32",
												"key": "search_range"
											},
											{
												"data": "35",
												"key": "search_height"
											},
											{
												"data": "1.1",
												"key": "walk_speed_modifier"
											},
											{
												"open": {
													"priority": 2,
													"tick_interval": 5,
													"search_range": 32,
													"search_height": 35,
													"walk_speed_modifier": 1.1,
													"target_blocks": [
														"minecraft:torch",
														"minecraft:fence",
														"minecraft:fence_gate",
														"minecraft:lantern"
													],
													"on_escape": {
														"event": "valhalla:outside_village"
													}
												},
												"key": "target_blocks",
												"is_minified": true,
												"children": [
													"minecraft:torch",
													"minecraft:fence",
													"minecraft:fence_gate",
													"minecraft:lantern"
												]
											},
											{
												"open": {
													"priority": 2,
													"tick_interval": 5,
													"search_range": 32,
													"search_height": 35,
													"walk_speed_modifier": 1.1,
													"target_blocks": [
														"minecraft:torch",
														"minecraft:fence",
														"minecraft:fence_gate",
														"minecraft:lantern"
													],
													"on_escape": {
														"event": "valhalla:outside_village"
													}
												},
												"key": "on_escape",
												"is_minified": true,
												"children": {
													"event": "valhalla:outside_village"
												}
											}
										]
									},
									{
										"open": {
											"minecraft:behavior.avoid_block": {
												"priority": 2,
												"tick_interval": 5,
												"search_range": 32,
												"search_height": 35,
												"walk_speed_modifier": 1.1,
												"target_blocks": [
													"minecraft:torch",
													"minecraft:fence",
													"minecraft:fence_gate",
													"minecraft:lantern"
												],
												"on_escape": {
													"event": "valhalla:outside_village"
												}
											},
											"minecraft:behavior.explore_outskirts": {
												"priority": 1,
												"explore_dist": 32,
												"wait_time": 0,
												"speed_multiplier": 1.1
											}
										},
										"key": "minecraft:behavior.explore_outskirts",
										"is_minified": true,
										"children": {
											"priority": 1,
											"explore_dist": 32,
											"wait_time": 0,
											"speed_multiplier": 1.1
										}
									}
								]
							}
						]
					},
					{
						"open": {
							"description": {
								"identifier": "mobs:lumberjack",
								"runtime_identifier": "minecraft:villager_v2",
								"is_spawnable": true,
								"is_summonable": true,
								"is_experimental": false
							},
							"component_groups": {
								"valhalla:leave_village": {
									"minecraft:behavior.avoid_block": {
										"priority": 2,
										"tick_interval": 5,
										"search_range": 32,
										"search_height": 35,
										"walk_speed_modifier": 1.1,
										"target_blocks": [
											"minecraft:torch",
											"minecraft:fence",
											"minecraft:fence_gate",
											"minecraft:lantern"
										],
										"on_escape": {
											"event": "valhalla:outside_village"
										}
									},
									"minecraft:behavior.explore_outskirts": {
										"priority": 1,
										"explore_dist": 32,
										"wait_time": 0,
										"speed_multiplier": 1.1
									}
								}
							},
							"components": {
								"minecraft:nameable": {},
								"minecraft:type_family": {
									"family": [
										"villager",
										"mob"
									]
								},
								"minecraft:breathable": {
									"total_supply": 15,
									"suffocate_time": 0
								},
								"minecraft:collision_box": {
									"width": 0.6,
									"height": 1.9
								},
								"minecraft:health": {
									"value": 20,
									"max": 20
								},
								"minecraft:hurt_on_condition": {
									"damage_conditions": [
										{
											"filters": {
												"test": "in_lava",
												"subject": "self",
												"operator": "==",
												"value": true
											},
											"cause": "lava",
											"damage_per_tick": 4
										}
									]
								},
								"minecraft:movement": {
									"value": 0.35
								},
								"minecraft:navigation.walk": {
									"can_path_over_water": true
								},
								"minecraft:movement.basic": {},
								"minecraft:jump.static": {},
								"minecraft:follow_range": {
									"value": 64
								},
								"minecraft:behavior.float": {
									"priority": 0
								},
								"minecraft:behavior.random_stroll": {
									"priority": 9,
									"speed_multiplier": 1
								},
								"minecraft:behavior.look_at_player": {
									"priority": 10,
									"look_distance": 8,
									"probability": 0.02
								},
								"minecraft:behavior.hurt_by_target": {
									"priority": 1
								},
								"minecraft:physics": {},
								"minecraft:pushable": {
									"is_pushable": true,
									"is_pushable_by_piston": true
								},
								"minecraft:behavior.pickup_items": {
									"priority": 1,
									"max_dist": 3,
									"goal_radius": 3,
									"speed_multiplier": 1,
									"can_pickup_to_hand_or_equipment": false
								},
								"minecraft:behavior.move_to_block": {
									"priority": 2,
									"speed_multiplier": 1,
									"tick_interval": 5,
									"start_chance": 10,
									"search_range": 16,
									"search_height": 16,
									"goal_radius": 3,
									"stay_duration": 10,
									"target_offset": [
										0,
										3,
										0
									],
									"target_selection_method": "nearest",
									"target_blocks": [
										"minecraft:log",
										"minecraft:leaves",
										"minecraft:log2",
										"minecraft:leaves2"
									]
								},
								"minecraft:break_blocks": {
									"breakable_blocks": [
										"minecraft:log2",
										"minecraft:log",
										"minecraft:leaves",
										"minecraft:leaves2"
									]
								}
							},
							"events": {
								"minecraft:entity_spawned": {},
								"minecraft:entity_transformed": {},
								"valhalla:leave_village": {
									"add": {
										"component_groups": [
											"valhalla:leave_village"
										]
									}
								}
							}
						},
						"key": "components",
						"children": [
							{
								"open": {
									"minecraft:nameable": {},
									"minecraft:type_family": {
										"family": [
											"villager",
											"mob"
										]
									},
									"minecraft:breathable": {
										"total_supply": 15,
										"suffocate_time": 0
									},
									"minecraft:collision_box": {
										"width": 0.6,
										"height": 1.9
									},
									"minecraft:health": {
										"value": 20,
										"max": 20
									},
									"minecraft:hurt_on_condition": {
										"damage_conditions": [
											{
												"filters": {
													"test": "in_lava",
													"subject": "self",
													"operator": "==",
													"value": true
												},
												"cause": "lava",
												"damage_per_tick": 4
											}
										]
									},
									"minecraft:movement": {
										"value": 0.35
									},
									"minecraft:navigation.walk": {
										"can_path_over_water": true
									},
									"minecraft:movement.basic": {},
									"minecraft:jump.static": {},
									"minecraft:follow_range": {
										"value": 64
									},
									"minecraft:behavior.float": {
										"priority": 0
									},
									"minecraft:behavior.random_stroll": {
										"priority": 9,
										"speed_multiplier": 1
									},
									"minecraft:behavior.look_at_player": {
										"priority": 10,
										"look_distance": 8,
										"probability": 0.02
									},
									"minecraft:behavior.hurt_by_target": {
										"priority": 1
									},
									"minecraft:physics": {},
									"minecraft:pushable": {
										"is_pushable": true,
										"is_pushable_by_piston": true
									},
									"minecraft:behavior.pickup_items": {
										"priority": 1,
										"max_dist": 3,
										"goal_radius": 3,
										"speed_multiplier": 1,
										"can_pickup_to_hand_or_equipment": false
									},
									"minecraft:behavior.move_to_block": {
										"priority": 2,
										"speed_multiplier": 1,
										"tick_interval": 5,
										"start_chance": 10,
										"search_range": 16,
										"search_height": 16,
										"goal_radius": 3,
										"stay_duration": 10,
										"target_offset": [
											0,
											3,
											0
										],
										"target_selection_method": "nearest",
										"target_blocks": [
											"minecraft:log",
											"minecraft:leaves",
											"minecraft:log2",
											"minecraft:leaves2"
										]
									},
									"minecraft:break_blocks": {
										"breakable_blocks": [
											"minecraft:log2",
											"minecraft:log",
											"minecraft:leaves",
											"minecraft:leaves2"
										]
									}
								},
								"key": "minecraft:nameable",
								"is_minified": true,
								"children": {}
							},
							{
								"key": "minecraft:type_family",
								"children": [
									{
										"open": {
											"family": [
												"villager",
												"mob"
											]
										},
										"key": "family",
										"is_minified": true,
										"children": [
											"villager",
											"mob"
										]
									}
								]
							},
							{
								"key": "minecraft:breathable",
								"is_minified": true,
								"children": {
									"total_supply": 15,
									"suffocate_time": 0
								}
							},
							{
								"key": "minecraft:collision_box",
								"is_minified": true,
								"children": {
									"width": 0.6,
									"height": 1.9
								}
							},
							{
								"key": "minecraft:health",
								"is_minified": true,
								"children": {
									"value": 20,
									"max": 20
								}
							},
							{
								"key": "minecraft:hurt_on_condition",
								"children": [
									{
										"open": {
											"damage_conditions": [
												{
													"filters": {
														"test": "in_lava",
														"subject": "self",
														"operator": "==",
														"value": true
													},
													"cause": "lava",
													"damage_per_tick": 4
												}
											]
										},
										"key": "damage_conditions",
										"children": [
											{
												"open": [
													{
														"filters": {
															"test": "in_lava",
															"subject": "self",
															"operator": "==",
															"value": true
														},
														"cause": "lava",
														"damage_per_tick": 4
													}
												],
												"is_minified": true,
												"children": {
													"filters": {
														"test": "in_lava",
														"subject": "self",
														"operator": "==",
														"value": true
													},
													"cause": "lava",
													"damage_per_tick": 4
												}
											}
										]
									}
								]
							},
							{
								"key": "minecraft:movement",
								"is_minified": true,
								"children": {
									"value": 0.35
								}
							},
							{
								"key": "minecraft:navigation.walk",
								"is_minified": true,
								"children": {
									"can_path_over_water": true
								}
							},
							{
								"open": {
									"minecraft:nameable": {},
									"minecraft:type_family": {
										"family": [
											"villager",
											"mob"
										]
									},
									"minecraft:breathable": {
										"total_supply": 15,
										"suffocate_time": 0
									},
									"minecraft:collision_box": {
										"width": 0.6,
										"height": 1.9
									},
									"minecraft:health": {
										"value": 20,
										"max": 20
									},
									"minecraft:hurt_on_condition": {
										"damage_conditions": [
											{
												"filters": {
													"test": "in_lava",
													"subject": "self",
													"operator": "==",
													"value": true
												},
												"cause": "lava",
												"damage_per_tick": 4
											}
										]
									},
									"minecraft:movement": {
										"value": 0.35
									},
									"minecraft:navigation.walk": {
										"can_path_over_water": true
									},
									"minecraft:movement.basic": {},
									"minecraft:jump.static": {},
									"minecraft:follow_range": {
										"value": 64
									},
									"minecraft:behavior.float": {
										"priority": 0
									},
									"minecraft:behavior.random_stroll": {
										"priority": 9,
										"speed_multiplier": 1
									},
									"minecraft:behavior.look_at_player": {
										"priority": 10,
										"look_distance": 8,
										"probability": 0.02
									},
									"minecraft:behavior.hurt_by_target": {
										"priority": 1
									},
									"minecraft:physics": {},
									"minecraft:pushable": {
										"is_pushable": true,
										"is_pushable_by_piston": true
									},
									"minecraft:behavior.pickup_items": {
										"priority": 1,
										"max_dist": 3,
										"goal_radius": 3,
										"speed_multiplier": 1,
										"can_pickup_to_hand_or_equipment": false
									},
									"minecraft:behavior.move_to_block": {
										"priority": 2,
										"speed_multiplier": 1,
										"tick_interval": 5,
										"start_chance": 10,
										"search_range": 16,
										"search_height": 16,
										"goal_radius": 3,
										"stay_duration": 10,
										"target_offset": [
											0,
											3,
											0
										],
										"target_selection_method": "nearest",
										"target_blocks": [
											"minecraft:log",
											"minecraft:leaves",
											"minecraft:log2",
											"minecraft:leaves2"
										]
									},
									"minecraft:break_blocks": {
										"breakable_blocks": [
											"minecraft:log2",
											"minecraft:log",
											"minecraft:leaves",
											"minecraft:leaves2"
										]
									}
								},
								"key": "minecraft:movement.basic",
								"is_minified": true,
								"children": {}
							},
							{
								"open": {
									"minecraft:nameable": {},
									"minecraft:type_family": {
										"family": [
											"villager",
											"mob"
										]
									},
									"minecraft:breathable": {
										"total_supply": 15,
										"suffocate_time": 0
									},
									"minecraft:collision_box": {
										"width": 0.6,
										"height": 1.9
									},
									"minecraft:health": {
										"value": 20,
										"max": 20
									},
									"minecraft:hurt_on_condition": {
										"damage_conditions": [
											{
												"filters": {
													"test": "in_lava",
													"subject": "self",
													"operator": "==",
													"value": true
												},
												"cause": "lava",
												"damage_per_tick": 4
											}
										]
									},
									"minecraft:movement": {
										"value": 0.35
									},
									"minecraft:navigation.walk": {
										"can_path_over_water": true
									},
									"minecraft:movement.basic": {},
									"minecraft:jump.static": {},
									"minecraft:follow_range": {
										"value": 64
									},
									"minecraft:behavior.float": {
										"priority": 0
									},
									"minecraft:behavior.random_stroll": {
										"priority": 9,
										"speed_multiplier": 1
									},
									"minecraft:behavior.look_at_player": {
										"priority": 10,
										"look_distance": 8,
										"probability": 0.02
									},
									"minecraft:behavior.hurt_by_target": {
										"priority": 1
									},
									"minecraft:physics": {},
									"minecraft:pushable": {
										"is_pushable": true,
										"is_pushable_by_piston": true
									},
									"minecraft:behavior.pickup_items": {
										"priority": 1,
										"max_dist": 3,
										"goal_radius": 3,
										"speed_multiplier": 1,
										"can_pickup_to_hand_or_equipment": false
									},
									"minecraft:behavior.move_to_block": {
										"priority": 2,
										"speed_multiplier": 1,
										"tick_interval": 5,
										"start_chance": 10,
										"search_range": 16,
										"search_height": 16,
										"goal_radius": 3,
										"stay_duration": 10,
										"target_offset": [
											0,
											3,
											0
										],
										"target_selection_method": "nearest",
										"target_blocks": [
											"minecraft:log",
											"minecraft:leaves",
											"minecraft:log2",
											"minecraft:leaves2"
										]
									},
									"minecraft:break_blocks": {
										"breakable_blocks": [
											"minecraft:log2",
											"minecraft:log",
											"minecraft:leaves",
											"minecraft:leaves2"
										]
									}
								},
								"key": "minecraft:jump.static",
								"is_minified": true,
								"children": {}
							},
							{
								"key": "minecraft:follow_range",
								"is_minified": true,
								"children": {
									"value": 64
								}
							},
							{
								"key": "minecraft:behavior.float",
								"is_minified": true,
								"children": {
									"priority": 0
								}
							},
							{
								"key": "minecraft:behavior.random_stroll",
								"is_minified": true,
								"children": {
									"priority": 9,
									"speed_multiplier": 1
								}
							},
							{
								"key": "minecraft:behavior.look_at_player",
								"is_minified": true,
								"children": {
									"priority": 10,
									"look_distance": 8,
									"probability": 0.02
								}
							},
							{
								"key": "minecraft:behavior.hurt_by_target",
								"is_minified": true,
								"children": {
									"priority": 1
								}
							},
							{
								"key": "minecraft:physics",
								"is_minified": true,
								"children": {}
							},
							{
								"key": "minecraft:pushable",
								"is_minified": true,
								"children": {
									"is_pushable": true,
									"is_pushable_by_piston": true
								}
							},
							{
								"key": "minecraft:behavior.pickup_items",
								"is_minified": true,
								"children": {
									"priority": 1,
									"max_dist": 3,
									"goal_radius": 3,
									"speed_multiplier": 1,
									"can_pickup_to_hand_or_equipment": false
								}
							},
							{
								"open": {
									"minecraft:nameable": {},
									"minecraft:type_family": {
										"family": [
											"villager",
											"mob"
										]
									},
									"minecraft:breathable": {
										"total_supply": 15,
										"suffocate_time": 0
									},
									"minecraft:collision_box": {
										"width": 0.6,
										"height": 1.9
									},
									"minecraft:health": {
										"value": 20,
										"max": 20
									},
									"minecraft:hurt_on_condition": {
										"damage_conditions": [
											{
												"filters": {
													"test": "in_lava",
													"subject": "self",
													"operator": "==",
													"value": true
												},
												"cause": "lava",
												"damage_per_tick": 4
											}
										]
									},
									"minecraft:movement": {
										"value": 0.35
									},
									"minecraft:navigation.walk": {
										"can_path_over_water": true
									},
									"minecraft:movement.basic": {},
									"minecraft:jump.static": {},
									"minecraft:follow_range": {
										"value": 64
									},
									"minecraft:behavior.float": {
										"priority": 0
									},
									"minecraft:behavior.random_stroll": {
										"priority": 9,
										"speed_multiplier": 1
									},
									"minecraft:behavior.look_at_player": {
										"priority": 10,
										"look_distance": 8,
										"probability": 0.02
									},
									"minecraft:behavior.hurt_by_target": {
										"priority": 1
									},
									"minecraft:physics": {},
									"minecraft:pushable": {
										"is_pushable": true,
										"is_pushable_by_piston": true
									},
									"minecraft:behavior.pickup_items": {
										"priority": 1,
										"max_dist": 3,
										"goal_radius": 3,
										"speed_multiplier": 1,
										"can_pickup_to_hand_or_equipment": false
									},
									"minecraft:behavior.move_to_block": {
										"priority": 2,
										"speed_multiplier": 1,
										"tick_interval": 5,
										"start_chance": 10,
										"search_range": 16,
										"search_height": 16,
										"goal_radius": 3,
										"stay_duration": 10,
										"target_offset": [
											0,
											3,
											0
										],
										"target_selection_method": "nearest",
										"target_blocks": [
											"minecraft:log",
											"minecraft:leaves",
											"minecraft:log2",
											"minecraft:leaves2"
										]
									},
									"minecraft:break_blocks": {
										"breakable_blocks": [
											"minecraft:log2",
											"minecraft:log",
											"minecraft:leaves",
											"minecraft:leaves2"
										]
									}
								},
								"key": "minecraft:behavior.move_to_block",
								"is_minified": true,
								"children": {
									"priority": 2,
									"speed_multiplier": 1,
									"tick_interval": 5,
									"start_chance": 10,
									"search_range": 16,
									"search_height": 16,
									"goal_radius": 3,
									"stay_duration": 10,
									"target_offset": [
										0,
										3,
										0
									],
									"target_selection_method": "nearest",
									"target_blocks": [
										"minecraft:log",
										"minecraft:leaves",
										"minecraft:log2",
										"minecraft:leaves2"
									]
								}
							},
							{
								"open": {
									"minecraft:nameable": {},
									"minecraft:type_family": {
										"family": [
											"villager",
											"mob"
										]
									},
									"minecraft:breathable": {
										"total_supply": 15,
										"suffocate_time": 0
									},
									"minecraft:collision_box": {
										"width": 0.6,
										"height": 1.9
									},
									"minecraft:health": {
										"value": 20,
										"max": 20
									},
									"minecraft:hurt_on_condition": {
										"damage_conditions": [
											{
												"filters": {
													"test": "in_lava",
													"subject": "self",
													"operator": "==",
													"value": true
												},
												"cause": "lava",
												"damage_per_tick": 4
											}
										]
									},
									"minecraft:movement": {
										"value": 0.35
									},
									"minecraft:navigation.walk": {
										"can_path_over_water": true
									},
									"minecraft:movement.basic": {},
									"minecraft:jump.static": {},
									"minecraft:follow_range": {
										"value": 64
									},
									"minecraft:behavior.float": {
										"priority": 0
									},
									"minecraft:behavior.random_stroll": {
										"priority": 9,
										"speed_multiplier": 1
									},
									"minecraft:behavior.look_at_player": {
										"priority": 10,
										"look_distance": 8,
										"probability": 0.02
									},
									"minecraft:behavior.hurt_by_target": {
										"priority": 1
									},
									"minecraft:physics": {},
									"minecraft:pushable": {
										"is_pushable": true,
										"is_pushable_by_piston": true
									},
									"minecraft:behavior.pickup_items": {
										"priority": 1,
										"max_dist": 3,
										"goal_radius": 3,
										"speed_multiplier": 1,
										"can_pickup_to_hand_or_equipment": false
									},
									"minecraft:behavior.move_to_block": {
										"priority": 2,
										"speed_multiplier": 1,
										"tick_interval": 5,
										"start_chance": 10,
										"search_range": 16,
										"search_height": 16,
										"goal_radius": 3,
										"stay_duration": 10,
										"target_offset": [
											0,
											3,
											0
										],
										"target_selection_method": "nearest",
										"target_blocks": [
											"minecraft:log",
											"minecraft:leaves",
											"minecraft:log2",
											"minecraft:leaves2"
										]
									},
									"minecraft:break_blocks": {
										"breakable_blocks": [
											"minecraft:log2",
											"minecraft:log",
											"minecraft:leaves",
											"minecraft:leaves2"
										]
									}
								},
								"key": "minecraft:break_blocks",
								"children": [
									{
										"open": {
											"breakable_blocks": [
												"minecraft:log2",
												"minecraft:log",
												"minecraft:leaves",
												"minecraft:leaves2"
											]
										},
										"key": "breakable_blocks",
										"is_minified": true,
										"children": [
											"minecraft:log2",
											"minecraft:log",
											"minecraft:leaves",
											"minecraft:leaves2"
										]
									}
								]
							}
						]
					},
					{
						"open": {
							"description": {
								"identifier": "mobs:lumberjack",
								"runtime_identifier": "minecraft:villager_v2",
								"is_spawnable": true,
								"is_summonable": true,
								"is_experimental": false
							},
							"component_groups": {
								"valhalla:leave_village": {
									"minecraft:behavior.avoid_block": {
										"priority": 2,
										"tick_interval": 5,
										"search_range": 32,
										"search_height": 35,
										"walk_speed_modifier": 1.1,
										"target_blocks": [
											"minecraft:torch",
											"minecraft:fence",
											"minecraft:fence_gate",
											"minecraft:lantern"
										],
										"on_escape": {
											"event": "valhalla:outside_village"
										}
									},
									"minecraft:behavior.explore_outskirts": {
										"priority": 1,
										"explore_dist": 32,
										"wait_time": 0,
										"speed_multiplier": 1.1
									}
								}
							},
							"components": {
								"minecraft:nameable": {},
								"minecraft:type_family": {
									"family": [
										"villager",
										"mob"
									]
								},
								"minecraft:breathable": {
									"total_supply": 15,
									"suffocate_time": 0
								},
								"minecraft:collision_box": {
									"width": 0.6,
									"height": 1.9
								},
								"minecraft:health": {
									"value": 20,
									"max": 20
								},
								"minecraft:hurt_on_condition": {
									"damage_conditions": [
										{
											"filters": {
												"test": "in_lava",
												"subject": "self",
												"operator": "==",
												"value": true
											},
											"cause": "lava",
											"damage_per_tick": 4
										}
									]
								},
								"minecraft:movement": {
									"value": 0.35
								},
								"minecraft:navigation.walk": {
									"can_path_over_water": true
								},
								"minecraft:movement.basic": {},
								"minecraft:jump.static": {},
								"minecraft:follow_range": {
									"value": 64
								},
								"minecraft:behavior.float": {
									"priority": 0
								},
								"minecraft:behavior.random_stroll": {
									"priority": 9,
									"speed_multiplier": 1
								},
								"minecraft:behavior.look_at_player": {
									"priority": 10,
									"look_distance": 8,
									"probability": 0.02
								},
								"minecraft:behavior.hurt_by_target": {
									"priority": 1
								},
								"minecraft:physics": {},
								"minecraft:pushable": {
									"is_pushable": true,
									"is_pushable_by_piston": true
								},
								"minecraft:behavior.pickup_items": {
									"priority": 1,
									"max_dist": 3,
									"goal_radius": 3,
									"speed_multiplier": 1,
									"can_pickup_to_hand_or_equipment": false
								},
								"minecraft:behavior.move_to_block": {
									"priority": 2,
									"speed_multiplier": 1,
									"tick_interval": 5,
									"start_chance": 10,
									"search_range": 16,
									"search_height": 16,
									"goal_radius": 3,
									"stay_duration": 10,
									"target_offset": [
										0,
										3,
										0
									],
									"target_selection_method": "nearest",
									"target_blocks": [
										"minecraft:log",
										"minecraft:leaves",
										"minecraft:log2",
										"minecraft:leaves2"
									]
								},
								"minecraft:break_blocks": {
									"breakable_blocks": [
										"minecraft:log2",
										"minecraft:log",
										"minecraft:leaves",
										"minecraft:leaves2"
									]
								}
							},
							"events": {
								"minecraft:entity_spawned": {},
								"minecraft:entity_transformed": {},
								"valhalla:leave_village": {
									"add": {
										"component_groups": [
											"valhalla:leave_village"
										]
									}
								}
							}
						},
						"key": "events",
						"children": [
							{
								"open": {
									"minecraft:entity_spawned": {},
									"minecraft:entity_transformed": {},
									"valhalla:leave_village": {
										"add": {
											"component_groups": [
												"valhalla:leave_village"
											]
										}
									}
								},
								"key": "minecraft:entity_spawned",
								"is_minified": true,
								"children": {}
							},
							{
								"open": {
									"minecraft:entity_spawned": {},
									"minecraft:entity_transformed": {},
									"valhalla:leave_village": {
										"add": {
											"component_groups": [
												"valhalla:leave_village"
											]
										}
									}
								},
								"key": "minecraft:entity_transformed",
								"is_minified": true,
								"children": {}
							},
							{
								"key": "valhalla:leave_village",
								"children": [
									{
										"open": {
											"add": {
												"component_groups": [
													"valhalla:leave_village"
												]
											}
										},
										"key": "add",
										"children": [
											{
												"open": {
													"component_groups": [
														"valhalla:leave_village"
													]
												},
												"key": "component_groups",
												"is_minified": true,
												"children": [
													"valhalla:leave_village"
												]
											}
										]
									}
								]
							}
						]
					}
				]
			}
		]
	}
}