{
	"namespace": "crafting",
	"crafting_screen": {
		"modifications": [
			{
				"array_name": "controls",
				"operation": "insert_back",
				"value": {

					"custom_crafting_panel@extractor_table.final_panel":{
						"offset":[80, 0]
					}
				}
			},
			{
				"array_name": "controls",
				"operation": "insert_back",
				"value": {

					"custom_crafting_panel@golden_pot.final_panel":{
						"offset":[80, 0]
					}
				}
			},
			{
				"array_name": "controls",
				"operation": "insert_back",
				"value": {

					"custom_crafting_panel@brick_pot.final_panel":{
						"offset":[80, 0]
					}
				}
			},
			{
				"array_name": "controls",
				"operation": "insert_back",
				"value": {

					"custom_crafting_panel@gardening_table.final_panel":{
						"offset":[80, 0]
					}
				}
			},
			{
				"array_name": "controls",
				"operation": "insert_back",
				"value": {
					"crafting_s@crafting.recipe_inventory_screen_content":{	
						"bindings": [
							{
								"binding_name": "#crafting_label_text"
							},

							{
								"binding_type": "view",
								"source_property_name": "((#crafting_label_text = container.crafting) or (#crafting_label_text = 'custom_craft2'))",
								"target_property_name": "#visible" 
							}
						]
					}
				}
			}
		]	
	}
}
