{
	"namespace": "crafting_pocket",
	"recipe_inventory_screen_content_pocket/root_panel":{
		"modifications":[
			{
				"array_name": "controls",
				"operation": "insert_front",
				"value": {
					"@extractor_table.final_panel":{}
				}
			},
			{
				"array_name": "controls",
				"operation": "insert_front",
				"value": {
					"@golden_pot.final_panel":{}
				}
			},
			{
				"array_name": "controls",
				"operation": "insert_front",
				"value": {
					"@brick_pot.final_panel":{}
				}
			},
			{
				"array_name": "controls",
				"operation": "insert_front",
				"value": {
					"@gardening_table.final_panel":{}
				}
			}
		]
	},
	"recipe_inventory_screen_content_pocket/root_panel/hotbar_and_panels":{
		"modifications":[
			{
				"array_name": "bindings",
				"operation": "insert_front",
				"value": {
					"binding_name": "#crafting_label_text"
				}
			},

			{
				"array_name": "bindings",
				"operation": "insert_back",
				"value": {			
					"binding_type": "view",
					"source_property_name": "((#crafting_label_text = container.crafting) or (#crafting_label_text = 'custom_craft2'))",
					"target_property_name": "#visible" 
				}
			}
		]
	}
}
