{
	"format_version":"1.8.0",
	"animations":{
		"animation.pvzzombiepole.quiet":{
			"loop":true,
			"animation_length":1.6,
			"bones":{
				"head":{
					"position":{
						"0.0":[0,0,0],
						"0.8":[0,-1,-2],
						"1.6":[0,0,0]
					}
				},
				"body":{
					"rotation":{
						"0.0":[0,0,0],
						"0.8":[10,0,0],
						"1.6":[0,0,0]
					}
				},
				"right_arm":{
					"rotation":{
						"0.0":[-180,0,0],
						"0.6":[-190,0,0],
						"1.6":[-180,0,0]
					},
					"position":[0,0,1]
				},
				"left_arm":{
					"rotation":{
						"0.0":[0,0,0],
						"1.0":[-10,0,0],
						"1.6":[0,0,0]
					}
				}
			}
		},
		"animation.pvzzombiepole.walk":{
			"loop":true,
			"animation_length":0.8,
			"bones":{
				"head":{
					"position":{
						"0.0":[0,0,0],
						"0.4":[0,-2,-2],
						"0.8":[0,0,0]
					}
				},
				"body":{
					"rotation":{
						"0.0":[0,0,0],
						"0.4":[10,0,0],
						"0.8":[0,0,0]
					}
				},
				"right_arm":{
					"rotation":{
						"0.0":[-190,0,0],
						"0.3":[-175,0,0],
						"0.8":[-190,0,0]
					},
					"position":[0,0,1]
				},
				"left_arm":{
					"rotation":{
						"0.0":[30,0,0],
						"0.5":[-30,0,0],
						"0.8":[30,0,0]
					}
				},
				"zombie":{
					"position":{
						"0.0":[0,1,0],
						"0.2":[0,0,0],
						"0.4":[0,1,0],
						"0.6":[0,0,0],
						"0.8":[0,1,0]
					}
				},
				"right_leg":{
					"rotation":{
						"0.0":[40,0,0],
						"0.4":[-40,0,0],
						"0.8":[40,0,0]
					}
				},
				"left_leg":{
					"rotation":{
						"0.0":[-40,0,0],
						"0.4":[40,0,0],
						"0.8":[-40,0,0]
					}
				}
			}
		},
		"animation.pvzzombiepole.jump":{
			"loop":"hold_on_last_frame",
			"animation_length":0.6,
			"bones":{
				"head":{
					"position":{
						"0.0":[0,0,0],
						"0.3":[0,-1,-2]
					}
				},
				"body":{
					"rotation":{
						"0.0":[0,0,0],
						"0.3":[10,0,0]
					}
				},
				"right_arm":{
					"rotation":{
						"0.0":[-180,0,0],
						"0.3":[-90,-23,0]
					},
					"position":[0,0,1]
				},
				"left_arm":{
					"rotation":{
						"0.0":[0,0,0],
						"0.3":[-90,25,0]
					}
				},
				"legs":{
					"rotation":{
						"0.0":[0,0,0],
						"0.3":[-85,0,0]
					}
				},
				"right_leg":{
					"rotation":{
						"0.0":[0,0,0],
						"0.3":[0,0,25]
					}
				},
				"left_leg":{
					"rotation":{
						"0.0":[0,0,0],
						"0.3":[0,0,-30]
					}
				},
				"pole":{
					"rotation":{
						"0.0":[0,0,0],
						"0.2":[-10,0,0],
						"0.6":[30,0,0]
					},
					"position":{
						"0.0":[0,0,0],
						"0.1":[0,0,22],
						"0.2":[0,-4,22],
						"0.6":[0,10,21]
					}
				}
			}
		}
	}
}