{
	"format_version":"1.8.0",
	"animations":{
		"animation.pvzzombiebasic.quiet":{
			"loop":true,
			"animation_length":1.6,
			"bones":{
				"head":{
					"rotation":[0,0,-20],
					"position":{
						"0.0":[-1,0,0],
						"0.6":[1,0,0],
						"1.6":[-1,0,0]
					},
					"scale":1.1
				},
				"body":{
					"rotation":{
						"0.0":[0,0,-5],
						"0.8":[0,0,5],
						"1.6":[0,0,-5]
					}
				},
				"arms":{
					"rotation":{
						"0.0":[0,0,5],
						"1.0":[0,0,-10],
						"1.6":[0,0,5]
					}
				}
			}
		},
		"animation.pvzzombiebasic.walk":{
			"loop":true,
			"animation_length":1.6,
			"bones":{
				"body_root":{
					"rotation":{
						"0.0":[-5,0,0],
						"0.3":[5,0,0],
						"0.8":[-5,0,0],
						"1.1":[5,0,0],
						"1.6":[-5,0,0]
					}
				},
				"head":{
					"position":{
						"0.0":[0,0,0],
						"0.5":[0,-1,-1],
						"0.8":[0,0,0],
						"1.3":[0,-1,-1],
						"1.6":[0,0,0]
					},
					"scale":1.1
				},
				"mouth":{
					"rotation":{
						"0.0":[0,0,0],
						"0.4":[10,0,0],
						"0.8":[0,0,0],
						"1.2":[10,0,0],
						"1.6":[0,0,0]
					}
				},
				"right_arm":{
					"rotation":{
						"0.0":[5,0,0],
						"0.6":[-30,0,0],
						"0.8":[-13,0,0],
						"1.6":[5,0,0]
					},
					"position":{
						"0.0":[0,0,1],
						"0.8":[0,0,0],
						"1.6":[0,0,1]
					}
				},
				"left_arm":{
					"rotation":{
						"0.0":[-30,0,0],
						"1.0":[5,0,0],
						"1.6":[-30,0,0]
					},
					"position":{
						"0.0":[0,0,0],
						"0.8":[0,0,1],
						"1.6":[0,0,0]
					}
				},
				"right_leg":{
					"rotation":{
						"0.0":[-20,0,0],
						"1.0":[20,0,0],
						"1.6":[-20,0,0]
					}
				},
				"left_leg":{
					"rotation":{
						"0.0":[25,0,0],
						"0.8":[-25,0,0],
						"1.6":[25,0,0]
					}
				}
			}
		},
		"animation.pvzzombiebasic.attack":{
			"loop":true,
			"animation_length":0.8,
			"bones":{
				"head":{
					"position":{
						"0.0":[0,-4,-4],
						"0.4":[0,-2,-3],
						"0.8":[0,-4,-4]
					},
					"scale":1.1
				},
				"mouth":{
					"rotation":{
						"0.0":[10,0,0],
						"0.2":[-10,0,0],
						"0.8":[10,0,0]
					}
				},
				"body":{
					"rotation":{
						"0.0":[25,0,0],
						"0.4":[15,0,0],
						"0.8":[25,0,0]
					}
				},
				"arms":{
					"rotation":[-55,0,0]
				},
				"right_arm":{
					"rotation":{
						"0.0":[25,0,0],
						"0.5":[-25,0,0],
						"0.8":[25,0,0]
					}
				},
				"left_arm":{
					"rotation":{
						"0.0":[25,0,0],
						"0.3":[-35,0,0],
						"0.8":[25,0,0]
					}
				}
			}
		},
		"animation.pvzzombiebasic.death":{
			"loop":"hold_on_last_frame",
			"animation_length":1.5,
			"bones":{
				"zombie":{
					"rotation":{
						"0.0":[0,0,0],
						"0.4":[90,0,-90]
					},
					"position":{
						"0.0":[0,0,0],
						"0.4":[0,2,10]
					}
				},
				"body_root":{
					"rotation":{
						"0.0":[0,0,0],
						"0.5":[-40,0,0],
						"0.6":[-15,0,0]
					}
				},
				"head":{
					"rotation":{
						"0.0":[-35,-20,-25],
						"0.2":[-35,-20,-25],
						"0.8":[360,-20,-25]
					},
					"position":{
						"0.3":[0,0,0],
						"0.6":[0,13,6],
						"0.8":[0,13,2]
					}
				},
				"arms":{
					"rotation":{
						"0.0":[0,0,0],
						"0.3":[80,0,0],
						"0.6":[15,0,0]
					}
				},
				"legs":{
					"rotation":{
						"0.0":[0,0,0],
						"0.3":[15,0,0],
						"0.5":[40,0,0],
						"0.6":[10,0,0]
					}
				}
			}
		}
	}
}