{
	"format_version": "1.8.0",
	"animations": {
		"animation.pvznewspaperzombie.quiet": {
			"loop": true,
			"animation_length": 1.6,
			"bones": {
				"head": {
					"rotation": {
						"0.0": [0, -10, -10],
						"0.8": [0, 15, 5],
						"1.6": [0, -10, -10]
					},
					"position": {
						"0.0": [-1, 0, 0],
						"0.6": [1, 0, 0],
						"1.6": [-1, 0, 0]
					},
					"scale": [1.1, 1.1, 1.1]
				},
				"body": {
					"rotation": {
						"0.0": [0, 0, -5],
						"0.8": [0, 0, 5],
						"1.6": [0, 0, -5]
					}
				},
				"arms": {
					"rotation": {
						"0.0": [-60, 0, 5],
						"1.0": [-60, 0, -10],
						"1.6": [-60, 0, 5]
					},
					"position": [0, -1, 2]
				}
			}
		},
		"animation.pvznewspaperzombie.walk": {
			"loop": true,
			"animation_length": 1.6,
			"bones": {
				"body_root": {
					"rotation": {
						"0.0": [-5, 0, 0],
						"0.3": [5, 0, 0],
						"0.8": [-5, 0, 0],
						"1.1": [5, 0, 0],
						"1.6": [-5, 0, 0]
					}
				},
				"head": {
					"position": {
						"0.0": [0, 0, 0],
						"0.5": [0, -1, -1],
						"0.8": [0, 0, 0],
						"1.3": [0, -1, -1],
						"1.6": [0, 0, 0]
					},
					"scale": [1.1, 1.1, 1.1]
				},
				"mouth": {
					"rotation": {
						"0.0": [0, 0, 0],
						"0.4": [10, 0, 0],
						"0.8": [0, 0, 0],
						"1.2": [10, 0, 0],
						"1.6": [0, 0, 0]
					}
				},
				"right_arm": {
					"position": {
						"0.0": [0, 0, 1],
						"0.8": [0, 0, 0],
						"1.6": [0, 0, 1]
					}
				},
				"left_arm": {
					"position": {
						"0.0": [0, 0, 0],
						"0.8": [0, 0, 1],
						"1.6": [0, 0, 0]
					}
				},
				"right_leg": {
					"rotation": {
						"0.0": [-20, 0, 0],
						"1.0": [20, 0, 0],
						"1.6": [-20, 0, 0]
					}
				},
				"left_leg": {
					"rotation": {
						"0.0": [25, 0, 0],
						"0.8": [-25, 0, 0],
						"1.6": [25, 0, 0]
					}
				},
				"arms": {
					"rotation": {
						"0.0": [-60, 0, 0],
						"0.4": [-50, 0, 0],
						"0.8": [-60, 0, 0],
						"1.2": [-50, 0, 0],
						"1.6": [-60, 0, 0]
					},
					"position": {
						"0.0": [0, 0, 0],
						"0.4": [0, -1, 1],
						"0.8": [0, 0, 0],
						"1.2": [0, -1, 1],
						"1.6": [0, 0, 0]
					}
				}
			}
		},
		"animation.pvznewspaperzombie.attack": {
			"loop": true,
			"animation_length": 0.8,
			"bones": {
				"head": {
					"position": {
						"0.0": [0, -4, -4],
						"0.4": [0, -2, -3],
						"0.8": [0, -4, -4]
					},
					"scale": [1.1, 1.1, 1.1]
				},
				"mouth": {
					"rotation": {
						"0.0": [10, 0, 0],
						"0.2": [-10, 0, 0],
						"0.8": [10, 0, 0]
					}
				},
				"body": {
					"rotation": {
						"0.0": [25, 0, 0],
						"0.4": [15, 0, 0],
						"0.8": [25, 0, 0]
					}
				},
				"arms": {
					"rotation": [-55, 0, 0]
				},
				"right_arm": {
					"rotation": {
						"0.0": [25, 0, 0],
						"0.5": [-25, 0, 0],
						"0.8": [25, 0, 0]
					}
				},
				"left_arm": {
					"rotation": {
						"0.0": [25, 0, 0],
						"0.3": [-35, 0, 0],
						"0.8": [25, 0, 0]
					}
				},
				"newspaper": {
					"position": {
						"0.0": [0, 1, 4],
						"0.5": [0, 1, -3],
						"0.8": [0, 1, 4]
					}
				}
			}
		}
	}
}