{
	"format_version": "1.8.0",
	"animations": {
		"animation.pvzzombieallstar.walk": {
			"loop": true,
			"animation_length": 0.8,
			"bones": {
				"zombie": {
					"position": {
						"0.0": [0, 1, 0],
						"0.2": [0, 0, 0],
						"0.4": [0, 1, 0],
						"0.6": [0, 0, 0],
						"0.8": [0, 1, 0]
					}
				},
				"head": {
					"position": {
						"0.0": [0, -3, -3],
						"0.3": [0, -4, -4],
						"0.4": [0, -3, -3],
						"0.7": [0, -4, -4],
						"0.8": [0, -3, -3]
					}
				},
				"body": {
					"rotation": {
						"0.0": [15, 0, 0],
						"0.2": [20, 0, 0],
						"0.4": [15, 0, 0],
						"0.6": [20, 0, 0],
						"0.8": [15, 0, 0]
					}
				},
				"right_arm": {
					"rotation": {
						"0.0": [45, 0, 0],
						"0.3": [-45, 0, 0],
						"0.8": [45, 0, 0]
					},
					"position": [0, 0, 1]
				},
				"left_arm": {
					"rotation": [-74.49591, -14.47751, -73.96713],
					"position": [1, 0, -2]
				},
				"right_leg": {
					"rotation": {
						"0.0": [-45, 0, 0],
						"0.2": [0, -15, 0],
						"0.4": [45, 0, 0],
						"0.6": [0, -15, 0],
						"0.8": [-45, 0, 0]
					}
				},
				"left_leg": {
					"rotation": {
						"0.0": [45, 0, 0],
						"0.2": [0, 15, 0],
						"0.4": [-45, 0, 0],
						"0.6": [0, 15, 0],
						"0.8": [45, 0, 0]
					}
				}
			}
		}
	}
}