{
  "format_version": "1.17.0",
  "minecraft:item": {
    "description": {
      "identifier": "legacy:double_heavybrand",
      "category": "equipment"
    },
    "components": {
      "minecraft:use_duration": 3600,
      "minecraft:max_stack_size": 1,
      "minecraft:hand_equipped": true,
      "minecraft:mining_speed": 1,
      "minecraft:damage": 8,
      "minecraft:knockback_resistance": {
        "protection": 0.3
      },
      "minecraft:enchantable": {
        "value": 15,
        "slot": "sword"
      },
      "minecraft:can_destroy_in_creative": false,
      "minecraft:durability": {
        "max_durability": 900
      },
      "minecraft:weapon": {
        "on_hurt_entity": {
          "event": "hurt"
        },
        "on_not_hurt_entity": {
          "event": "hurt"
        },
        "on_hit_block": {
          "event": "hurt"
        }
      },
      "minecraft:creative_category": {
        "parent": "itemGroup.name.axe"
      },
      "minecraft:icon": {
        "texture": "legacy_double_heavybrand"
      },
      "minecraft:render_offsets": {
        "main_hand": {
          "first_person": {
            "position": [
              0.4,
              -0.1,
              -1.5
            ]
          },
          "third_person": {
            "position": [
              1,
              1.15,
              -1.35
            ]
          }
        }
      },
      "tag:minecraft:is_sword": {},
      "minecraft:display_name": {},
      "minecraft:repairable": {
        "repair_items": [
          {
            "items": [
              "legacy:double_heavybrand"
            ],
            "repair_amount": "context.other-\u003equery.remaining_durability + 0.2 * context.other-\u003equery.max_durability"
          }
        ]
      }
    },
    "events": {
      "hurt": {
        "damage": {
          "type": "magic",
          "amount": 1,
          "target": "self"
        }
      }
    }
  }
}