{
  "format_version":"1.16.100",
  "minecraft:item":{
    "description":{
      "identifier":"legacy:villager_horn",
      "category":"items"
    },
    "components":{
      "minecraft:creative_category":{
        "parent":"items"
      },
      "minecraft:max_stack_size":1,
      "minecraft:use_duration":1,
      "minecraft:allow_off_hand": true,
      "minecraft:use_animation":"camera",
      "minecraft:render_offsets":"bow",
      "minecraft:display_name":{
        "value":"Villager Horn"
      },
      "minecraft:icon":{
        "texture":"legacy_villager_horn"
      },
      "minecraft:animates_in_toolbar":false,
      "minecraft:hand_equipped":true,
      "minecraft:durability":{
        "max_damage":520
      },
      "minecraft:throwable":{
        "min_draw_duration":500,
        "max_draw_duration":500,
        "scale_power_by_draw_duration":true,
        "launch_power_scale":1
      },
      "minecraft:projectile":{
        "projectile_entity":"minecraft:arrow"
      },
      "minecraft:cooldown":{
        "category":"ender_pearl",
        "duration":2
      },
      "minecraft:on_use":{
        "on_use":{
          "event":"horn",
          "target":"self"
        }
      }
    },
    "events":{
      "horn":{
        "run_command":{
          "command":[
            "summon legacy:villager_backup",
            "playsound illager.sound.horn"
          ],
          "target":"holder"
        }
      }
    }
  }
}