{
  "format_version": "1.10.0",
  "animation_controllers": {
    "controller.animation.sandstorm_husk": {
      "states": {
        "default": {
          "transitions": [
            {
              "lapis": "query.variant == 0"
            }
          ]
        },
        "lapis": {
          "transitions": [
            {
              "default": "(1.0)"
            }
          ],
          "on_entry": [
            "/summon minecraft:husk",
            "/effect @e[type=minecraft:husk, r=0.5] slowness 3 255 true",
            "/particle pvz:sandstorm ~ ~ ~",
            "/particle pvz:sandstorm_ambient_particle ~ ~ ~",
            "/kill @s"
          ]
        }
      }
    },
    "controller.animation.sandstorm_mummy": {
      "states": {
        "default": {
          "transitions": [
            {
              "lapis": "query.variant == 1"
            }
          ]
        },
        "lapis": {
          "transitions": [
            {
              "default": "(1.0)"
            }
          ],
          "on_entry": [
            "/summon pvz:mummy",
            "/effect @e[type=pvz:mummy, r=0.5] slowness 3 255 true",
            "/particle pvz:sandstorm ~ ~ ~",
            "/particle pvz:sandstorm_ambient_particle ~ ~ ~",
            "/kill @s"
          ]
        }
      }
    },
    "controller.animation.sandstorm_cone": {
      "states": {
        "default": {
          "transitions": [
            {
              "lapis": "query.variant == 2"
            }
          ]
        },
        "lapis": {
          "transitions": [
            {
              "default": "(1.0)"
            }
          ],
          "on_entry": [
            "/summon pvz:cone_mummy",
            "/effect @e[type=pvz:cone_mummy, r=0.5] slowness 3 255 true",
            "/particle pvz:sandstorm ~ ~ ~",
            "/particle pvz:sandstorm_ambient_particle ~ ~ ~",
            "/kill @s"
          ]
        }
      }
    },
    "controller.animation.sandstorm_bucket": {
      "states": {
        "default": {
          "transitions": [
            {
              "lapis": "query.variant == 3"
            }
          ]
        },
        "lapis": {
          "transitions": [
            {
              "default": "(1.0)"
            }
          ],
          "on_entry": [
            "/summon pvz:bucket_mummy",
            "/effect @e[type=pvz:bucket_mummy, r=0.5] slowness 3 255 true",
            "/particle pvz:sandstorm ~ ~ ~",
            "/particle pvz:sandstorm_ambient_particle ~ ~ ~",
            "/kill @s"
          ]
        }
      }
    },
    "controller.animation.sandstorm_pyramid": {
      "states": {
        "default": {
          "transitions": [
            {
              "lapis": "query.variant == 4"
            }
          ]
        },
        "lapis": {
          "transitions": [
            {
              "default": "(1.0)"
            }
          ],
          "on_entry": [
            "/summon pvz:brick_mummy",
            "/effect @e[type=pvz:brick_mummy, r=0.5] slowness 3 255 true",
            "/particle pvz:sandstorm ~ ~ ~",
            "/particle pvz:sandstorm_ambient_particle ~ ~ ~",
            "/kill @s"
          ]
        }
      }
    },
    "controller.animation.lapis_armor_vi": {
      "states": {
        "default": {
          "transitions": [
            {
              "lapis": "query.variant == 4 && query.player_level>=30"
            }
          ]
        },
        "lapis": {
          "transitions": [
            {
              "default": "(1.0)"
            }
          ],
          "on_entry": [
            "/summon pvz:imp",
            "/effect @e[type=pvz:imp, r=0.5] slowness 3 255 true",
            "/particle pvz:sandstorm ~ ~ ~",
            "/kill @s"
          ]
        }
      }
    }
  }
}