{"format_version":"1.10.0","minecraft:client_entity":{"description":{"identifier":"yg:gangle_abstracted","materials":{"default":"witch"},"textures":{"default":"textures/entity/yg_gangle_sad"},"geometry":{"default":"geometry.yg_gangle_abstracted"},"scripts":{"animate":["general"]},"animations":{"general":"animation.yg_abstracted.abstraction"},"render_controllers":["controller.render.witch"],"spawn_egg":{"texture":"yg:gangle","texture_index":0},"particle_effects":{"abstraction":"yg:abstracted"}}}}