{
    "format_version": "1.16.100",
    "minecraft:entity": {
        "description": {
            "identifier": "addon:boom",
            "is_experimental": false,
            "is_spawnable": false,
            "is_summonable": true
        },
        "components": {
            "minecraft:collision_box": {
                "height": 0.1,
                "width": 0.1
            },
            "minecraft:type_family": {
                "family": [
                    "inanimate"
                ]
            }
        },
        "events": {
            "point": {
                "run_command": {
                    "command": [
                        "execute as @a[r=3] run scoreboard players add @a[r=3] soul 1"
                    ]
                }
            },
            "minecraft:entity_spawned": {
                "randomize": [
                    {
                        "add": {
                            "component_groups": [
                                "boom"
                            ]
                        },
                        "weight": 100
                    },
                    {
                        "add": {
                            "component_groups": [
                                "boomNF"
                            ]
                        },
                        "weight": 100
                    },
                    {
                        "add": {
                            "component_groups": [
                                "boomNM"
                            ]
                        },
                        "weight": 100
                    }
                ]
            }
        },
        "component_groups": {
            "boom": {
                "minecraft:timer": {
                    "looping": false,
                    "time": 0.001,
                    "time_down_event": {
                        "event": "point"
                    }
                },
                "minecraft:explode": {
                    "breaks_blocks": true,
                    "causes_fire": true,
                    "fire_affected_by_griefing": true,
                    "destroy_affected_by_griefing": true,
                    "power": 1,
                    "fuse_lit": true,
                    "fuse_length": 0.01
                }
            },
            "boomNM": {
                "minecraft:timer": {
                    "looping": false,
                    "time": 0.001,
                    "time_down_event": {
                        "event": "point"
                    }
                },
                "minecraft:explode": {
                    "breaks_blocks": false,
                    "causes_fire": false,
                    "fire_affected_by_griefing": false,
                    "destroy_affected_by_griefing": false,
                    "power": 1,
                    "fuse_lit": true,
                    "fuse_length": 0.01
                }
            },
            "boomNF": {
                "minecraft:timer": {
                    "looping": false,
                    "time": 0.001,
                    "time_down_event": {
                        "event": "point"
                    }
                },
                "minecraft:explode": {
                    "breaks_blocks": true,
                    "causes_fire": false,
                    "fire_affected_by_griefing": false,
                    "destroy_affected_by_griefing": true,
                    "power": 1,
                    "fuse_lit": true,
                    "fuse_length": 0.01
                }
            }
        }
    }
}