{
  "id": "1701502514408",
  "name": "Grave",
  "pools": [
    {
      "rolls": 2,
      "entries": [
        {
          "type": "item",
          "weight": 1,
          "name": "minecraft:diamond",
          "functions": [
            {
              "function": "set_count",
              "count": {
                "min": 1,
                "max": 20
              }
            },
            {
              "function": "set_data",
              "data": "0"
            }
          ]
        },
        {
          "type": "item",
          "weight": 1,
          "name": "minecraft:iron_ingot",
          "functions": [
            {
              "function": "set_count",
              "count": {
                "min": 20,
                "max": 64
              }
            },
            {
              "function": "set_data",
              "data": "0"
            }
          ]
        }
      ]
    }
  ]
}