{
	"format_version": "1.8.0",
	"minecraft:spawn_rules": {
		"description": {
			"identifier": "zd:pillager_army",
			"population_control": "cat"
		},
		"conditions": [
			{
				"minecraft:spawns_on_surface": {},
				"minecraft:brightness_filter": {
					"min": 0,
					"max": 15,
					"adjust_for_weather": true
				},
				"minecraft:difficulty_filter": {
					"min": "easy",
					"max": "hard"
				},
				"minecraft:weight": {
					"default": 100
				},
				"minecraft:herd": {
					"min_size": 2,
					"max_size": 4
				},
				"minecraft:world_age_filter": {
					"min": 6000,
					"max": 7000
				},
				"minecraft:delay_filter": {
					"min": 750,
					"max": 800,
					"identifier": "zd:pillager_army",
					"spawn_chance": 30
				},
				"minecraft:density_limit": {
					"surface": 5
				},
				"minecraft:biome_filter": [
					{
						"all_of": [
							{
								"test": "has_biome_tag",
								"operator": "==",
								"value": "monster"
							}
						]
					}
				]
			}
		]
	}
}