{
	"format_version": "1.8.0",
	"minecraft:spawn_rules": {
		"description": {
			"identifier": "zd:pillager_general",
			"population_control": "cat"
		},
		"conditions": [
			{
				"minecraft:spawns_on_surface": {},
				"minecraft:brightness_filter": {
					"adjust_for_weather": true,
					"min": 0,
					"max": 15
				},
				"minecraft:difficulty_filter": {
					"min": "easy",
					"max": "hard"
				},
				"minecraft:weight": {
					"default": 100
				},
				"minecraft:herd": {
					"min_size": 1,
					"max_size": 1
				},
				"minecraft:density_limit": {
					"surface": 5
				},
				"minecraft:delay_filter": {
					"identifier": "zd:pillager_general",
					"min": 600,
					"max": 650,
					"spawn_chance": 20
				},
				"minecraft:player_in_village_filter": {
					"distance": 48,
					"village_border_tolerance": 32
				},
				"minecraft:world_age_filter": {
					"min": 6000
				},
				"minecraft:biome_filter": {
					"all_of": [
						{
							"test": "has_biome_tag",
							"operator": "==",
							"value": "mooshroom_island"
						},
						{
							"test": "has_biome_tag",
							"operator": "==",
							"value": "nether"
						},
						{
							"test": "has_biome_tag",
							"operator": "==",
							"value": "the_end"
						}
					]
				}
			}
		]
	}
}