{
  "format_version": "1.10.0",
  "geometry.os_granny": {
    "texturewidth": 64,
    "textureheight": 64,
    "visible_bounds_width": 2,
    "visible_bounds_height": 3,
    "visible_bounds_offset": [
      0,
      1.5,
      0
    ],
    "bones": [
      {
        "name": "root"
      },
      {
        "name": "waist",
        "pivot": [
          0,
          12,
          0
        ],
        "parent": "root"
      },
      {
        "name": "body",
        "pivot": [
          0,
          12,
          0
        ],
        "cubes": [
          {
            "origin": [
              -4.0,
              12.0,
              -2.0
            ],
            "size": [
              8.0,
              12.0,
              4.0
            ],
            "uv": [
              0,
              16
            ],
            "inflate": 0
          }
        ],
        "parent": "waist"
      },
      {
        "name": "head",
        "pivot": [
          0,
          24,
          0
        ],
        "cubes": [
          {
            "origin": [
              -4.0,
              24.0,
              -4.0
            ],
            "size": [
              8.0,
              8.0,
              8.0
            ],
            "uv": [
              0,
              0
            ],
            "inflate": 0
          }
        ],
        "parent": "body"
      },
      {
        "name": "hat",
        "pivot": [
          0,
          24,
          0
        ],
        "parent": "head"
      },
      {
        "name": "cape",
        "pivot": [
          0,
          24,
          3
        ],
        "parent": "body"
      },
      {
        "name": "leftArm",
        "pivot": [
          5,
          22,
          0
        ],
        "cubes": [
          {
            "origin": [
              4.0,
              12.0,
              -2.0
            ],
            "size": [
              4.0,
              12.0,
              4.0
            ],
            "uv": [
              32,
              0
            ],
            "inflate": 0
          },
          {
            "origin": [
              5.0,
              13.0,
              -10.0
            ],
            "size": [
              2.0,
              2.0,
              8.0
            ],
            "uv": [
              32,
              24
            ],
            "inflate": 0
          }
        ],
        "parent": "body"
      },
      {
        "name": "leftSleeve",
        "pivot": [
          5,
          22,
          0
        ],
        "parent": "leftArm"
      },
      {
        "name": "leftItem",
        "pivot": [
          6,
          15,
          1
        ],
        "parent": "leftArm"
      },
      {
        "name": "rightArm",
        "pivot": [
          -5,
          22,
          0
        ],
        "cubes": [
          {
            "origin": [
              -8.0,
              12.0,
              -2.0
            ],
            "size": [
              4.0,
              12.0,
              4.0
            ],
            "uv": [
              32,
              0
            ],
            "inflate": 0
          }
        ],
        "parent": "body"
      },
      {
        "name": "rightSleeve",
        "pivot": [
          -5,
          22,
          0
        ],
        "parent": "rightArm"
      },
      {
        "name": "rightItem",
        "pivot": [
          -6,
          15,
          1
        ],
        "parent": "rightArm",
        "locators": {
          "lead_hold": [
            -6,
            15,
            1
          ]
        }
      },
      {
        "name": "jacket",
        "pivot": [
          0,
          24,
          0
        ],
        "parent": "body"
      },
      {
        "name": "leftLeg",
        "pivot": [
          1.9,
          12,
          0
        ],
        "cubes": [
          {
            "origin": [
              -0.1,
              0.0,
              -2.0
            ],
            "size": [
              4.0,
              12.0,
              4.0
            ],
            "uv": [
              0,
              32
            ],
            "inflate": 0
          }
        ],
        "parent": "root"
      },
      {
        "name": "leftPants",
        "pivot": [
          1.9,
          12,
          0
        ],
        "parent": "leftLeg"
      },
      {
        "name": "rightLeg",
        "pivot": [
          -1.9,
          12,
          0
        ],
        "cubes": [
          {
            "origin": [
              -3.9,
              0.0,
              -2.0
            ],
            "size": [
              4.0,
              12.0,
              4.0
            ],
            "uv": [
              0,
              32
            ],
            "inflate": 0
          }
        ],
        "parent": "root"
      },
      {
        "name": "rightPants",
        "pivot": [
          -1.9,
          12,
          0
        ],
        "cubes": [
          {
            "origin": [
              -3.9,
              0.0,
              -2.0
            ],
            "size": [
              4.0,
              12.0,
              4.0
            ],
            "uv": [
              0,
              32
            ],
            "inflate": 0.25
          }
        ],
        "parent": "rightLeg"
      }
    ]
  }
}