{
  "format_version": "1.12.0",
  "minecraft:geometry": [
    {
      "description": {
        "identifier": "geometry.os_spider",
        "texture_width": 64,
        "texture_height": 64,
        "visible_bounds_width": 3,
        "visible_bounds_height": 2.5,
        "visible_bounds_offset": [
          0,
          0.75,
          0
        ]
      },
      "bones": [
        {
          "name": "root",
          "pivot": [
            0,
            6,
            0
          ]
        },
        {
          "name": "waist",
          "parent": "root"
        },
        {
          "name": "head",
          "pivot": [
            0,
            7,
            0
          ],
          "cubes": [
            {
              "origin": [
                -6.0,
                9.0,
                -4.0
              ],
              "size": [
                12.0,
                12.0,
                10.0
              ],
              "uv": [
                0,
                0
              ],
              "inflate": 0
            },
            {
              "origin": [
                -2.0,
                11.0,
                6.0
              ],
              "size": [
                4.0,
                4.0,
                4.0
              ],
              "pivot": [
                0.0,
                13.0,
                6.0
              ],
              "rotation": [
                -15.0,
                0.0,
                0.0
              ],
              "uv": [
                23,
                10
              ],
              "inflate": 0
            },
            {
              "origin": [
                -5.0,
                8.0,
                -5.0
              ],
              "size": [
                10.0,
                12.0,
                10.0
              ],
              "uv": [
                0,
                23
              ],
              "inflate": 0
            },
            {
              "origin": [
                -1.0,
                11.0,
                -5.0
              ],
              "size": [
                2.0,
                4.0,
                1.0
              ],
              "pivot": [
                0.0,
                15.0,
                -4.5
              ],
              "rotation": [
                -15.0,
                0.0,
                0.0
              ],
              "uv": [
                0,
                28
              ],
              "inflate": 0
            },
            {
              "origin": [
                -2.0,
                11.0,
                -5.0
              ],
              "size": [
                2.0,
                4.0,
                1.0
              ],
              "pivot": [
                0.0,
                15.0,
                -4.5
              ],
              "rotation": [
                -17.62528,
                31.26463,
                -9.36302
              ],
              "uv": [
                0,
                4
              ],
              "inflate": 0
            },
            {
              "origin": [
                0.0,
                11.0,
                -5.0
              ],
              "size": [
                2.0,
                4.0,
                1.0
              ],
              "pivot": [
                0.0,
                15.0,
                -4.5
              ],
              "rotation": [
                -17.62528,
                -31.26463,
                9.36302
              ],
              "uv": [
                0,
                23
              ],
              "inflate": 0
            }
          ],
          "parent": "waist"
        },
        {
          "name": "mout",
          "pivot": [
            0,
            9,
            -5
          ],
          "parent": "head"
        },
        {
          "name": "bone",
          "pivot": [
            0,
            10,
            -5
          ],
          "parent": "mout"
        },
        {
          "name": "leftLeg",
          "pivot": [
            0,
            8,
            0
          ],
          "cubes": [
            {
              "origin": [
                -1.0,
                6.0,
                -7.0
              ],
              "size": [
                2.0,
                2.0,
                8.0
              ],
              "uv": [
                20,
                45
              ],
              "inflate": 0
            }
          ],
          "parent": "waist",
          "rotation": [
            -7.6626,
            27.47816,
            -0.3677
          ]
        },
        {
          "name": "leftLeg2",
          "pivot": [
            0,
            7,
            -7
          ],
          "cubes": [
            {
              "origin": [
                -1.0,
                6.0,
                -12.0
              ],
              "size": [
                2.0,
                2.0,
                5.0
              ],
              "uv": [
                49,
                7
              ],
              "inflate": 0
            }
          ],
          "parent": "leftLeg",
          "rotation": [
            37.5,
            0,
            0
          ]
        },
        {
          "name": "leftLeg3",
          "pivot": [
            0,
            7,
            -12
          ],
          "cubes": [
            {
              "origin": [
                -1.0,
                6.0,
                -20.0
              ],
              "size": [
                2.0,
                2.0,
                8.0
              ],
              "uv": [
                0,
                45
              ],
              "inflate": 0
            }
          ],
          "parent": "leftLeg2",
          "rotation": [
            15,
            0,
            0
          ]
        },
        {
          "name": "leftLeg4",
          "pivot": [
            0,
            8,
            0
          ],
          "cubes": [
            {
              "origin": [
                -1.0,
                6.0,
                -7.0
              ],
              "size": [
                2.0,
                2.0,
                8.0
              ],
              "uv": [
                44,
                35
              ],
              "inflate": 0
            }
          ],
          "parent": "waist",
          "rotation": [
            -7.5,
            -20,
            0
          ]
        },
        {
          "name": "leftLeg5",
          "pivot": [
            0,
            7,
            -7
          ],
          "cubes": [
            {
              "origin": [
                -1.0,
                6.0,
                -12.0
              ],
              "size": [
                2.0,
                2.0,
                5.0
              ],
              "uv": [
                40,
                47
              ],
              "inflate": 0
            }
          ],
          "parent": "leftLeg4",
          "rotation": [
            35,
            0,
            0
          ]
        },
        {
          "name": "leftLeg6",
          "pivot": [
            0,
            7,
            -12
          ],
          "cubes": [
            {
              "origin": [
                -1.0,
                6.0,
                -20.0
              ],
              "size": [
                2.0,
                2.0,
                8.0
              ],
              "uv": [
                42,
                25
              ],
              "inflate": 0
            }
          ],
          "parent": "leftLeg5",
          "rotation": [
            25,
            0,
            0
          ]
        },
        {
          "name": "righLeg",
          "pivot": [
            0,
            8,
            0
          ],
          "cubes": [
            {
              "origin": [
                -1.0,
                6.0,
                -7.0
              ],
              "size": [
                2.0,
                2.0,
                8.0
              ],
              "uv": [
                42,
                15
              ],
              "inflate": 0
            }
          ],
          "parent": "waist",
          "rotation": [
            171.52991,
            -27.90011,
            -177.79526
          ]
        },
        {
          "name": "righLeg2",
          "pivot": [
            0,
            7,
            -7
          ],
          "cubes": [
            {
              "origin": [
                -1.0,
                6.0,
                -12.0
              ],
              "size": [
                2.0,
                2.0,
                5.0
              ],
              "uv": [
                46,
                0
              ],
              "inflate": 0
            }
          ],
          "parent": "righLeg",
          "rotation": [
            35,
            0,
            0
          ]
        },
        {
          "name": "righLeg3",
          "pivot": [
            0,
            7,
            -12
          ],
          "cubes": [
            {
              "origin": [
                -1.0,
                6.0,
                -20.0
              ],
              "size": [
                2.0,
                2.0,
                8.0
              ],
              "uv": [
                32,
                37
              ],
              "inflate": 0
            }
          ],
          "parent": "righLeg2",
          "rotation": [
            25,
            0,
            0
          ]
        },
        {
          "name": "righLeg4",
          "pivot": [
            0,
            8,
            0
          ],
          "cubes": [
            {
              "origin": [
                -1.0,
                6.0,
                -7.0
              ],
              "size": [
                2.0,
                2.0,
                8.0
              ],
              "uv": [
                34,
                0
              ],
              "inflate": 0
            }
          ],
          "parent": "waist",
          "rotation": [
            173.17519,
            27.13876,
            -176.85066
          ]
        },
        {
          "name": "righLeg5",
          "pivot": [
            0,
            7,
            -7
          ],
          "cubes": [
            {
              "origin": [
                -1.0,
                6.0,
                -12.0
              ],
              "size": [
                2.0,
                2.0,
                5.0
              ],
              "uv": [
                12,
                45
              ],
              "inflate": 0
            }
          ],
          "parent": "righLeg4",
          "rotation": [
            35,
            0,
            0
          ]
        },
        {
          "name": "righLeg6",
          "pivot": [
            0,
            7,
            -12
          ],
          "cubes": [
            {
              "origin": [
                -1.0,
                6.0,
                -20.0
              ],
              "size": [
                2.0,
                2.0,
                8.0
              ],
              "uv": [
                30,
                23
              ],
              "inflate": 0
            }
          ],
          "parent": "righLeg5",
          "rotation": [
            25,
            0,
            0
          ]
        }
      ]
    }
  ]
}