{
	"format_version":"1.8.0",
	"animations":{
		"animation.peashooter.quiet":{
			"loop":true,
			"animation_length":1.2,
			"bones":{
				"head":{
					"position":{
						"0.0":[-1,0,0],
						"0.3":[0,-1,0],
						"0.6":[1,0,0],
						"0.9":[0,-1,0],
						"1.2":[-1,0,0]
					}
				},
				"stem":{
					"rotation":{
						"0.0":[0,0,-10],
						"0.6":[0,0,10],
						"1.2":[0,0,-10]
					},
					"scale":{
						"0.0":[1,1,1],
						"0.3":[1,0.8,1],
						"0.6":[1,1,1],
						"0.9":[1,0.8,1],
						"1.2":[1,1,1]
					}
				},
				"leaves":{
					"rotation":{
						"0.0":[0,-15,0],
						"0.6":[0,15,0],
						"1.2":[0,-15,0]
					}
				}
			}
		},
		"animation.peashooter.using":{
			"loop":true,
			"animation_length":0.3,
			"bones":{
				"head":{
					"position":{
						"0.0":[0,0,0],
						"0.1":[0,0,4],
						"0.2":[0,0,0]
					},
					"scale":{
						"0.0":[1,1,1],
						"0.2":[1,1,1.2],
						"0.3":[1,1,1]
					}
				},
				"stem":{
					"rotation":{
						"0.0":[0,0,0],
						"0.1":[-30,0,0],
						"0.2":[0,0,0]
					},
					"scale":{
						"0.0":[1,1,1],
						"0.1":[1,1.2,1],
						"0.3":[1,1,1]
					}
				},
				"leaves":{
					"scale":{
						"0.0":[1,1,1],
						"0.1":[1,1.5,1],
						"0.2":[1,1,1]
					}
				}
			},
			"sound_effects":{
				"0.1":{"effect":"pea"}
			}
		}
	}
}