{
	"format_version": "1.8.0",
	"animations": {
		"animation.fume_shroom.quiet": {
			"loop": true,
			"animation_length": 0.8,
			"bones": {
				"top": {
					"rotation": {
						"0.0": [-5, 0, 0],
						"0.4": [5, 0, 0],
						"0.8": [-5, 0, 0]
					},
					"position": {
						"0.0": [0, 0, 0],
						"0.3": [0, -1, 0],
						"0.8": [0, 0, 0]
					}
				},
				"body": {
					"scale": {
						"0.0": [1, 1, 1],
						"0.4": [1, 0.9, 1],
						"0.8": [1, 1, 1]
					}
				},
				"open_eyes": {
					"position": [0, 0, 0]
				}
			}
		},
		"animation.fume_shroom.using": {
			"loop": true,
			"animation_length": 0.4,
			"bones": {
				"top": {
					"rotation": {
						"0.0": [-5, 0, 0],
						"0.2": [5, 0, 0],
						"0.4": [-5, 0, 0]
					},
					"position": {
						"0.0": [0, -1, 0],
						"0.1": [0, -1, -1],
						"0.4": [0, -1, 0]
					},
					"scale": {
						"0.0": [1, 1, 1],
						"0.1": [1, 1, 1.2],
						"0.4": [1, 1, 1]
					}
				},
				"body": {
					"scale": {
						"0.0": [1, 1, 1],
						"0.1": [1, 1, 1.1],
						"0.4": [1, 1, 1]
					}
				}
			},
			"sound_effects": {
				"0.1": {
					"effect": "pea"
				}
			}
		}
	}
}