{
	"format_version":"1.8.0",
	"animations":{
		"animation.wallnut.quiet":{
			"loop":true,
			"animation_length":1.2,
			"bones":{
				"wall_nut":{
					"rotation":{
						"0.0":[0,0,-10],
						"0.6":[0,0,10],
						"1.2":[0,0,-10]
					},
					"position":{
						"0.0":[0,1,0],
						"0.3":[0,0,0],
						"0.6":[0,1,0],
						"0.9":[0,0,0],
						"1.2":[0,1,0]
					},
					"scale":{
						"0.0":[1,1,1],
						"0.3":[1,0.9,1],
						"0.6":[1,1,1],
						"0.9":[1,0.9,1],
						"1.2":[1,1,1]
					}
				}
			}
		},
		"animation.wallnut.using":{
			"loop":"hold_on_last_frame",
			"animation_length":0.6,
			"bones":{
				"wall_nut":{
					"rotation":{
						"0.0":[0,0,0],
						"0.1":[-15,0,0],
						"0.4":[15,0,0],
						"0.6":[0,0,0]
					},
					"position":{
						"0.0":[0,0,0],
						"0.1":[0,1,0],
						"0.2":[0,-0.3,0],
						"0.4":[0,0.8,0],
						"0.6":[0,0,0]
					},
					"scale":{
						"0.0":[1,1,1],
						"0.1":[1,1.1,1],
						"0.3":[1,1,1],
						"0.6":[1,1,1]
					}
				}
			}
		}
	}
}