{
	"format_version": "1.8.0",
	"animations": {
		"animation.sun_shroom.quiet": {
			"loop": true,
			"animation_length": 1,
			"bones": {
				"sun_shroom": {
					"rotation": {
						"0.0": [0, 3, 0],
						"0.5": [0, -3, 0],
						"1.0": [0, 3, 0]
					}
				},
				"top": {
					"rotation": {
						"0.0": [0, 0, -10],
						"0.5": [0, 0, 10],
						"1.0": [0, 0, -10]
					},
					"position": [0, -0.5, 0]
				}
			}
		},
		"animation.sun_shroom.using": {
			"loop": true,
			"animation_length": 0.8,
			"bones": {
				"sun_shroom": {
					"scale": {
						"0.0": [1, 0.8, 1],
						"0.1": [1, 1.2, 1],
						"0.4": [1, 0.8, 1]
					}
				}
			}
		},
		"animation.sun_shroom.sleeping": {
			"loop": true,
			"animation_length": 1.6,
			"bones": {
				"top": {
					"rotation": [20, 0, 0],
					"position": {
						"0.0": [0, -2.5, 0],
						"0.7": [0, -3, 0],
						"1.6": [0, -2.5, 0]
					}
				},
				"body": {
					"scale": {
						"0.0": [1, 1, 1],
						"0.9": [1, 0.9, 1],
						"1.6": [1, 1, 1]
					}
				}
			}
		}
	}
}