{
	"format_version": "1.8.0",
	"animations": {
		"animation.puff_shroom.quiet": {
			"loop": true,
			"animation_length": 0.8,
			"bones": {
				"top": {
					"position": {
						"0.0": [0, 0, 0],
						"0.3": [0, -1, 0],
						"0.8": [0, 0, 0]
					}
				},
				"body": {
					"scale": {
						"0.0": [1, 1, 1],
						"0.4": [1, 0.9, 1],
						"0.8": [1, 1, 1]
					}
				},
				"open_eyes": {
					"position": [0, 0, 0]
				}
			}
		},
		"animation.puff_shroom.using": {
			"loop": true,
			"animation_length": 0.4,
			"bones": {
				"top": {
					"rotation": {
						"0.0": [-5, 0, 0],
						"0.1": [5, 0, 0],
						"0.4": [-5, 0, 0]
					},
					"position": [0, -1, 0]
				},
				"body": {
					"scale": {
						"0.0": [1, 1, 1],
						"0.1": [1, 1, 1.1],
						"0.4": [1, 1, 1]
					}
				}
			},
			"sound_effects":{
				"0.1":{"effect":"pea"}
			}
		},
		"animation.puff_shroom.sleeping": {
			"loop": true,
			"animation_length": 1.6,
			"bones": {
				"top": {
					"rotation": [5, 0, 0],
					"position": {
						"0.0": [0, -1.5, 0],
						"0.7": [0, -2, 0],
						"1.6": [0, -1.5, 0]
					}
				},
				"body": {
					"scale": {
						"0.0": [1, 1, 1],
						"0.9": [1, 0.9, 1],
						"1.6": [1, 1, 1]
					}
				}
			}
		}
	}
}