{
	"format_version": "1.8.0",
	"animations": {
		"animation.scaredy_shroom.quiet": {
			"loop": true,
			"animation_length": 1.6,
			"bones": {
				"top": {
					"position": {
						"0.0": [0, 0, 0],
						"1.0": [0, 1, 0],
						"1.6": [0, 0, 0]
					}
				},
				"body": {
					"scale": {
						"0.0": [1, 1, 1],
						"0.8": [1, 1.1, 1],
						"1.6": [1, 1, 1]
					}
				}
			}
		},
		"animation.scaredy_shroom.sleeping": {
			"loop": true,
			"animation_length": 1.6,
			"bones": {
				"top": {
					"rotation": [20, 0, 0],
					"position": {
						"0.0": [0, -2.5, 0],
						"0.7": [0, -3, 0],
						"1.6": [0, -2.5, 0]
					}
				},
				"body": {
					"scale": {
						"0.0": [1, 1, 1],
						"0.9": [1, 0.9, 1],
						"1.6": [1, 1, 1]
					}
				}
			}
		},
		"animation.scaredy_shroom.hide": {
			"loop": true,
			"animation_length": 0.2,
			"bones": {
				"scaredy_shroom": {
					"rotation": {
						"0.0": [0, 2, 0],
						"0.1": [0, -2, 0],
						"0.2": [0, 2, 0]
					}
				},
				"top": {
					"rotation": [20, 0, 0],
					"position": [0, -8, 0]
				},
				"body": {
					"scale": [1, 0.3, 1]
				}
			}
		}
	}
}