{
	"format_version":"1.8.0",
	"animations":{
		"animation.sunflower.quiet":{
			"loop":true,
			"animation_length":1.2,
			"bones":{
				"head":{
					"position":{
						"0.0":[-1,0,0],
						"0.3":[0,-1,0],
						"0.6":[1,0,0],
						"0.9":[0,-1,0],
						"1.2":[-1,0,0]
					}
				},
				"stem":{
					"rotation":{
						"0.0":[0,0,-20],
						"0.6":[0,0,20],
						"1.2":[0,0,-20]
					},
					"scale":{
						"0.0":[1,1,1],
						"0.3":[1,0.8,1],
						"0.6":[1,1,1],
						"0.9":[1,0.8,1],
						"1.2":[1,1,1]
					}
				},
				"leaves":{
					"rotation":{
						"0.0":[0,10,0],
						"0.6":[0,-10,0],
						"1.2":[0,10,0]
					},
					"scale":{
						"0.0":[1,1,1],
						"0.3":[1,1.3,1],
						"0.6":[1,1,1],
						"0.9":[1,1.3,1],
						"1.2":[1,1,1]
					}
				}
			}
		},
		"animation.sunflower.using":{
			"loop":"hold_on_last_frame",
			"animation_length":0.8,
			"bones":{
				"head":{
					"position":{
						"0.0":[0,0,0],
						"0.2":[0,1,0],
						"0.4":[0,-1,0]
					}
				},
				"stem":{
					"position":{
						"0.0":[0,0,0],
						"0.1":[0,1,0],
						"0.3":[0,0,0]
					},
					"scale":{
						"0.0":[1,1,1],
						"0.1":[1,1.2,1],
						"0.3":[1,0.8,1]
					}
				}
			}
		}
	}
}