{
	"format_version":"1.8.0",
	"animations":{
		"animation.potatomine.quiet":{
			"loop":true,
			"animation_length":0.8,
			"bones":{
				"potato_on":{
					"scale":{
						"0.0":[1,1,1],
						"0.4":[1,1.1,1],
						"0.8":[1,1,1]
					}
				},
				"antenna":{
					"scale":{
						"0.0":[1,1,1],
						"0.3":[1,0.8,1],
						"0.8":[1,1,1]
					}
				}
			}
		},
		"animation.potatomine.hidden":{
			"loop":true,
			"bones":{
		"open_eyes":{"scale":[0,0,0]},
		"closed_eyes":{"scale":[0,0,0]},
		"angry_eyes":{"scale":[0,0,0]}
			}
		},
		"animation.potatomine.using":{
			"loop":"hold_on_last_frame",
			"animation_length":0.4,
			"bones":{
				"potato_on":{
					"scale":{
						"0.0":[1,0,1],
						"0.1":[1,1.5,1],
						"0.4":[1,1,1]
					}
				}
			}
		}
	}
}