{
	"format_version": "1.8.0",
	"animations": {
		"animation.jalapeno.quiet": {
			"loop": true,
			"animation_length": 1.2,
			"bones": {
				"body": {
					"rotation": {
						"0.0": [0, 0, -5],
						"0.6": [0, 0, 5],
						"1.2": [0, 0, -5]
					},
					"scale": {
						"0.0": [1, 1, 1],
						"0.3": [1, 0.9, 1],
						"0.6": [1, 1, 1],
						"0.9": [1, 0.9, 1],
						"1.2": [1, 1, 1]
					}
				}
			}
		},
		"animation.jalapeno.using": {
			"loop": "hold_on_last_frame",
			"animation_length": 1,
			"bones": {
				"body": {
					"rotation": {
						"0.4": [0, 0, 0],
						"0.5": [0, 0, -10],
						"0.6": [0, 0, 10],
						"0.7": [0, 0, -10],
						"0.8": [0, 0, 10],
						"0.9": [0, 0, -10],
						"1.0": [0, 0, 0]
					},
					"scale": {
						"0.0": [1, 1, 1],
						"0.1": [1, 1.2, 1],
						"0.4": [1, 0.8, 1]
					}
				}
			}
		}
	}
}