{
	"format_version": "1.8.0",
	"animations": {
		"animation.hypno_shroom.quiet": {
			"loop": true,
			"animation_length": 1.2,
			"bones": {
				"hypno_shroom": {
					"rotation": {
						"0.0": [0, 0, 5],
						"0.6": [0, 0, -5],
						"1.2": [0, 0, 5]
					},
					"scale": {
						"0.0": [1, 1, 1],
						"0.5": [1, 0.9, 1],
						"1.2": [1, 1, 1]
					}
				},
				"top": {
					"rotation": {
						"0.0": [0, 0, 0],
						"0.7": [15, 0, 0],
						"1.2": [0, 0, 0]
					}
				},
				"body": {
					"scale": 1
				},
				"right_eye": {
					"rotation": {
						"0.0": [0, 0, 0],
						"1.2": [0, 0, 360]
					}
				},
				"left_eye": {
					"rotation": {
						"0.0": [0, 0, 0],
						"1.2": [0, 0, 360]
					}
				}
			}
		},
		"animation.hypno_shroom.sleeping": {
			"loop": true,
			"animation_length": 1.6,
			"bones": {
				"top": {
					"rotation": [20, 0, 0],
					"position": {
						"0.0": [0, -2.5, 0],
						"0.7": [0, -3, 0],
						"1.6": [0, -2.5, 0]
					}
				},
				"body": {
					"scale": {
						"0.0": [1, 1, 1],
						"0.9": [1, 0.9, 1],
						"1.6": [1, 1, 1]
					}
				}
			}
		}
	}
}