{
	"format_version":"1.8.0",
	"animations":{
		"animation.chomper.quiet":{
			"loop":true,
			"animation_length":1.2,
			"bones":{
				"head":{
					"rotation":{
						"0.0":[0,0,-5],
						"0.4":[0,0,5],
						"1.2":[0,0,-5]
					},
					"position":{
						"0.0":[0,0,-3],
						"0.3":[0,-2,0],
						"0.6":[0,-1,2],
						"0.9":[0,-2,0],
						"1.2":[0,0,-3]
					}
				},
				"mouth":{
					"rotation":{
						"0.0":[-10,0,0],
						"0.8":[5,0,0],
						"1.2":[-10,0,0]
					}
				},
				"stem":{
					"rotation":{
						"0.0":[15,0,0],
						"0.6":[-10,0,0],
						"1.2":[15,0,0]
					},
					"position":[0,0,0],
					"scale":{
						"0.0":[1,1,1],
						"0.3":[1,0.8,1],
						"0.6":[1,1,1],
						"0.9":[1,0.8,1],
						"1.2":[1,1,1]
					}
				},
				"leaves":{
					"rotation":{
						"0.0":[0,-10,0],
						"0.6":[0,10,0],
						"1.2":[0,-10,0]
					}
				}
			}
		},
		"animation.chomper.using":{
			"loop":true,
			"animation_length":0.6,
			"bones":{
				"head":{
					"position":{
						"0.0":[0,0,0],
						"0.3":[0,-2,0],
						"0.6":[0,0,0]
					},
					"scale":{
						"0.0":[1,1.1,1],
						"0.3":[1,0.9,1],
						"0.6":[1,1.1,1]
					}
				},
				"mouth":{
					"rotation":{
						"0.0":[0,0,0],
						"0.4":[-20,0,0],
						"0.6":[0,0,0]
					},
					"position":{
						"0.0":[0,0,0],
						"0.1":[0,0,-1],
						"0.2":[0,1,-2],
						"0.6":[0,0,0]
					}
				},
				"stem2":{
					"scale":{
						"0.0":[1,1,1],
						"0.3":[1,0.8,1],
						"0.6":[1,1,1]
					}
				},
				"leaves":{
					"rotation":{
						"0.0":[0,0,5],
						"0.3":[0,0,-5],
						"0.6":[0,0,5]
					},
					"position":[0,0.5,0]
				}
			},
			"sound_effects":{
				"0.2":{"effect":"munch"}
			}
		},
		"animation.chomper.attack":{
			"animation_length":0.4,
			"bones":{
				"head":{
					"rotation":{
						"0.0":[0,0,0],
						"0.1":[-35,0,0],
						"0.2":[0,0,0]
					},
					"position":{
						"0.0":[0,0,0],
						"0.1":[0,-1,-10],
						"0.4":[0,0,0]
					},
					"scale":{
						"0.0":[1,1,1],
						"0.1":[1,1.3,1.3],
						"0.4":[1,1,1]
					}
				},
				"mouth":{
					"rotation":{
						"0.0":[0,0,0],
						"0.1":[50,0,0],
						"0.2":[0,0,0]
					}
				},
				"stem":{
					"rotation":{
						"0.0":[0,0,0],
						"0.1":[25,0,0],
						"0.4":[0,0,0]
					}
				},
				"stem2":{
					"rotation":{
						"0.0":[0,0,0],
						"0.1":[35,0,0],
						"0.4":[0,0,0]
					}
				}
			},
			"sound_effects":{
				"0.1":{"effect":"chomp"}
			}
		}
	}
}