{
  "format_version": "1.8.0",
  "minecraft:entity": {
    "description": {
      "identifier": "shoot:powbigpea",
      "is_spawnable": false,
      "is_summonable": true,
      "is_experimental": false,
      "runtime_identifier": "minecraft:snowball",
	    "scripts": {
	      "animate": [ "walk" ]
	    },
	    "animations": {
	      "walk": "controller.animation.power"
      }
    },
    "components": {
      "minecraft:type_family": {
        "family": [
          "plant"
        ]
      },
      "minecraft:collision_box": {
        "width": 0.3,
        "height": 0.3
      },
      "minecraft:projectile": {
        "onHit": {
          "impact_damage": {
            "knockback": true,
            "semirandomdiffdamage": false,
            "destroyonhit": true
          },
          "remove_on_hit": {}
        },
        "power": 0.7,
        "destroyOnHurt": true,
        "critParticleOnHurt": true,
        "gravity": 0.001,
        "anchor": 1,
        "offset": [
          0.1,
          1.5,
          0
        ]
      },
		 "minecraft:scale": {
			 "value": 1.5
		 },
       "minecraft:area_attack" : {
         "damage_range": 1.0,
         "damage_per_tick": 30,
         "cause": "contact",
         "entity_filter": {
           "any_of": [
             { "test": "is_family", "subject": "other", "value": "undead" },
             { "test": "is_family", "subject": "other", "value": "monster" }
          ] 
        }
      },
      "minecraft:physics": {},
      "minecraft:timer": {
        "looping": false,
        "time": 4,
        "time_down_event": {
          "event": "minecraft:despawn_event"
        }
      }
    }
  }
}