{
  "format_version": "1.8.0",
  "minecraft:entity": {
    "description": {
      "identifier": "shoot:powboomerang",
      "is_spawnable": false,
      "is_summonable": true,
      "is_experimental": false,
      "runtime_identifier": "minecraft:snowball",
	  "scripts": {
	      "animate": [ "walk" ]
	    },
	    "animations": {
	      "walk": "controller.animation.power"
      }
    },
	 "component_groups": {
	   "minecraft:return": {
	     "minecraft:transformation": {
		  "into": "taco:boomerang_back"
	     }
	   }
	 },
    "components": {
      "minecraft:type_family": {
        "family": [
          "plant"
        ]
      },
      "minecraft:collision_box": {
        "width": 0.3,
        "height": 0.3
      },
     "minecraft:timer": {
		  "looping": false,
		  "randomInterval": false,
		  "time": 1.0,
		  "time_down_event": {
		     "event": "minecraft:event_return"
		    }
	   },
      "minecraft:projectile": {
        "onHit": {
          "impact_damage": {
            "knockback": true,
            "semirandomdiffdamage": false,
            "destroyonhit": false
          }
        },
        "power": 1.0,
        "destroyOnHurt": true,
        "critParticleOnHurt": true,
        "gravity": 0.0001,
        "anchor": 1,
        "offset": [
          0.1,
          0.75,
          0
        ]
      },
		 "minecraft:scale": {
			 "value": 1.1
		 },
       "minecraft:area_attack" : {
         "damage_range": 1.0,
         "damage_per_tick": 8,
         "cause": "contact",
         "entity_filter": {
           "any_of": [
             { "test": "is_family", "subject": "other", "value": "undead" },
             { "test": "is_family", "subject": "other", "value": "monster" }
          ] 
        }
      },
      "minecraft:physics": {}
  },
	"events": {
	  "minecraft:event_return": {
	    "add": { "component_groups": [ "minecraft:return" ] }
        }
      }
    }
  }
}