{
  "format_version": "1.8.0",
  "minecraft:entity": {
    "description": {
      "identifier": "shoot:powcabbage",
      "is_spawnable": false,
      "is_summonable": true,
      "is_experimental": false,
      "runtime_identifier": "minecraft:snowball",
	    "scripts": {
	      "animate": [ "walk" ]
	    },
	    "animations": {
	      "walk": "controller.animation.powersnowpart"
      }
    },
    "components": {
      "minecraft:type_family": {
        "family": [
          "plant"
        ]
      },
      "minecraft:collision_box": {
        "width": 0.3,
        "height": 0.3
      },
      "minecraft:projectile": {
        "onHit": {
          "impact_damage": {
            "knockback": true,
            "semirandomdiffdamage": false,
            "destroyonhit": true
          },
          "mob_effect": {
            "effect": "slowness",
            "durationeasy": 195,
            "durationnormal": 135,
            "durationhard": 90,
            "amplifier": 1
          },
          "remove_on_hit": {}
        },
        "power": 1.0,
        "destroyOnHurt": true,
        "critParticleOnHurt": true,
        "gravity": 0.05,
        "anchor": 1,
        "offset": [
          0.1,
          2,
          0
        ]
      },
       "minecraft:area_attack" : {
         "damage_range": 1.0,
         "damage_per_tick": 16,
         "cause": "contact",
         "entity_filter": {
           "any_of": [
             { "test": "is_family", "subject": "other", "value": "undead" },
             { "test": "is_family", "subject": "other", "value": "monster" }
          ] 
        }
      },
      "minecraft:physics": {},
      "minecraft:timer": {
        "looping": false,
        "time": 4,
        "time_down_event": {
          "event": "minecraft:despawn_event"
        }
      }
    }
  }
}