{
	"format_version": "1.8.0",
	"minecraft:entity": {
		"description": {
			"identifier": "shoot:powgloom_spore",
			"is_spawnable": false,
			"is_summonable": true,
			"is_experimental": false,
	    "scripts": {
	      "animate": [ "walk" ]
	    },
	    "animations": {
	      "walk": "controller.animation.power"
      }
    },
		"components": {
			"minecraft:type_family": {
				"family": [ "projectile", "plant" ]
			},
			"minecraft:collision_box": {
				"width": 0.5,
				"height": 0.5
			},
		 "minecraft:scale": {
			 "value": 0.75
		 },
			"minecraft:is_stackable": {
			},
			"minecraft:physics": {
			},
			"minecraft:health": {
				"value": 10,
				"max": 10
			},
			"minecraft:fall_damage": {
				"value": 0.0
			},
			"minecraft:push_through": {
				"value": 1
			},
       "minecraft:knockback_resistance": {
         "value": 100
       },
			"minecraft:damage_sensor": [
				{
					"cause": "lava",
					"deals_damage": true
				}
			],
         "minecraft:area_attack" : {
          "damage_range": 0.5,
          "damage_per_tick": 6,
          "cause": "contact",
          "entity_filter": {
            "any_of": [
              { "test": "is_family", "subject": "other", "value": "undead" },
              { "test": "is_family", "subject": "other", "value": "monster" }
           ] 
         }
       },
       "minecraft:pushable": {
         "is_pushable": false,
         "is_pushable_by_piston": true
         }
       }
     }
	}
}