{
	"format_version": "1.13.0",
	"minecraft:entity": {
		"description": {
			"identifier": "shoot:powroot_breaker",
			"is_spawnable": false,
			"is_summonable": true,
			"is_experimental": false
		},
		"components": {
			"minecraft:breathable": {
				"total_supply": 15,
				"suffocate_time": 0
			},
			"minecraft:nameable": {},
			"minecraft:type_family": {
				"family": [
					"break"
				]
			},
			"minecraft:collision_box": {
				"width": 0.5,
				"height": 0.1
			},
			"minecraft:movement": {
				"value": 0
			},
			"minecraft:navigation.walk": {
				"can_path_over_water": true
			},
			"minecraft:movement.basic": {},
			"minecraft:jump.static": {},
			"minecraft:can_climb": {},
			"minecraft:health": {
				"value": 10,
				"max": 10
			},
			"minecraft:hurt_on_condition": {
				"damage_conditions": [
					{
						"filters": {
							"test": "in_lava",
							"subject": "self",
							"operator": "==",
							"value": true
						},
						"cause": "lava",
						"damage_per_tick": 4
					}
				]
			},
			"minecraft:behavior.float": {
				"priority": 0
			},
         "minecraft:area_attack" : {
          "damage_range": 0.5,
          "damage_per_tick": 10,
          "cause": "contact",
          "entity_filter": {
            "any_of": [
              { "test": "is_family", "subject": "other", "value": "defense" },
              { "test": "is_family", "subject": "other", "value": "barrier" }
           ] 
         }
       },
			"minecraft:behavior.random_stroll": {
				"priority": 6,
				"speed_multiplier": 1
			},
			"minecraft:physics": {},
			"minecraft:pushable": {
				"is_pushable": true,
				"is_pushable_by_piston": true
			},
			"minecraft:despawn": {
				"filters": {
					"subject": "self",
					"operator": "equals",
					"value": false,
					"test": "is_riding"
				}
			}
		}
	}
}