{
	"format_version": "1.10.0",
	"minecraft:client_entity": {
		"description": {
			"identifier": "fv:bamboo_watcher_golem",
			"materials": {
				"default": "pillager"
			},
			"textures": {
				"default": "textures/entity/bamboo_standy_golem",
				"tame": "textures/entity/bamboo_standy_golem_tamed",
				"target": "textures/entity/target"
			},
			"geometry": {
				"default": "geometry.bamboo_standy_golem",
				"target": "geometry.target"
			},
			"spawn_egg": {
				"base_color": "#34DC0E",
				"overlay_color": "#0F7D1A"
			},
			"scripts": {
				"scale": "0.9375",
				"pre_animation": [
					"variable.tcos0 = (Math.cos(query.modified_distance_moved * 38.17) * query.modified_move_speed / variable.gliding_speed_value) * 57.3;"
				],
				"animate": [
					"pillager_root_controller",
					{
						"controller_bow_attack": "query.variant==0"
					},
					{
						"controller_crossbow_attack": "query.variant==1"
					},
					{
						"controller_gun_attack": "query.variant==2"
					},
					"controll_target"
				]
			},
			"animations": {
				"humanoid_base_pose": "animation.humanoid.base_pose",
				"look_at_target_default": "animation.humanoid.look_at_target.default",
				"look_at_target_gliding": "animation.humanoid.look_at_target.gliding",
				"look_at_target_swimming": "animation.humanoid.look_at_target.swimming",
				"holding": "animation.humanoid.holding",
				"attack.rotations": "animation.humanoid.attack.rotations",
				"bob": "animation.humanoid.bob",
				"crossbow_hold": "animation.pillager.crossbow.hold",
				"crossbow_charge": "animation.pillager.crossbow.charge",
				"celebrating": "animation.humanoid.celebrating",
				"controller_humanoid_base_pose": "controller.animation.humanoid.base_pose",
				"controller_look_at_target": "controller.animation.humanoid.look_at_target",
				"controller_riding": "controller.animation.humanoid.riding",
				"controller_attack": "controller.animation.humanoid.attack",
				"controller_bob": "controller.animation.humanoid.bob",
				"controller_bow_attack": "controller.animation.villager.bow.attack",
				"controller_crossbow_attack": "controller.animation.pillager.attack",
				"controller_gun_attack": "controller.animation.gun.attack",
				"pillager_root_controller": "controller.animation.pillager.root",
				"bow_and_arrow": "animation.humanoid.bow_and_arrow",
				"hide": "animation.target.default",
				"show": "animation.target.pop",
				"controll_target": "controller.animation.target.controll",
				"hold_gun": "animation.repillager.hold_gun"
			},
			"render_controllers": [
				"controller.render.golem.bamboo",
				"controller.render.golem.target"
			],
			"enable_attachables": true
		}
	}
}