{
	"format_version": "1.10.0",
	"minecraft:client_entity": {
		"description": {
			"identifier": "fv:iron_golem_tamed",
			"materials": {
				"default": "iron_golem"
			},
			"textures": {
				"default": "textures/entity/iron_golem_tamed",
				"target": "textures/entity/target",
				"cracked_high": "textures/entity/iron_golem/cracked_high",
				"cracked_med": "textures/entity/iron_golem/cracked_medium",
				"cracked_low": "textures/entity/iron_golem/cracked_low",
				"cracked_none": "textures/entity/iron_golem/cracked_none"
			},
			"geometry": {
				"default": "geometry.irongolem",
				"target": "geometry.target"
			},
			"animations": {
				"walk": "animation.iron_golem_tamed.walk",
				"move": "animation.iron_golem_tamed.move",
				"walk_to_target": "animation.iron_golem_tamed.walk_to_target",
				"move_to_target": "animation.iron_golem_tamed.move_to_target",
				"attack": "animation.iron_golem_tamed.attack",
				"flower": "animation.iron_golem_tamed.flower",
				"look_at_target": "animation.common.look_at_target",
				"move_controller": "controller.animation.iron_golem_tamed.move",
				"arm_controller": "controller.animation.iron_golem_tamed.arm_movement",
				"irongolem": "animation.target.irongolem",
				"hide": "animation.target.default",
				"show": "animation.target.pop"
			},
			"scripts": {
				"pre_animation": [
					"variable.modified_tcos0 = Math.clamp(((Math.cos(query.modified_distance_moved * 13.5) * Math.min(query.modified_move_speed, 0.6) / variable.gliding_speed_value) * 25.0), -12.5, 12.5);"
				],
				"animate": [
					"look_at_target",
					"move_controller",
					"arm_controller",
					"irongolem",
					{
						"hide": "!query.is_sheared"
					},
					{
						"show": "query.is_sheared"
					}
				]
			},
			"render_controllers": [
				"controller.render.iron_golem_tamed",
				"controller.render.golem.target",
				"controller.render.iron_golem_cracks"
			]
		}
	}
}