{
	"format_version": "1.10.0",
	"minecraft:client_entity": {
		"description": {
			"identifier": "fv:iron_golem_guard",
			"materials": {
				"default": "iron_golem"
			},
			"textures": {
				"default": "textures/entity/small_irongolem",
				"iron_spear": "textures/entity/iron_spear",
				"target": "textures/entity/target"
			},
			"geometry": {
				"default": "geometry.repillager",
				"iron_spear": "geometry.iron_spear",
				"target": "geometry.target"
			},
			"animations": {
				"move": "animation.iron_spear.move",
				"stand": "animation.iron_spear.stand",
				"attack": "animation.iron_spear.attack",
				"look_at_target": "animation.humanoid.look_at_target.default",
				"attacking": "controller.animation.iron_golem_spear.attack",
				"hide": "animation.target.default",
				"show": "animation.target.pop",
				"walking": "animation.iron_spear.walking"
			},
			"scripts": {
				"pre_animation": [
					"variable.tcos0 = (Math.cos(query.modified_distance_moved * 38.17) * query.modified_move_speed / variable.gliding_speed_value) * 57.3;"
				],
				"animate": [
					"attacking",
					"look_at_target",
					{
						"hide": "!query.is_sheared"
					},
					{
						"show": "query.is_sheared"
					}
				]
			},
			"render_controllers": [
				"controller.render.iron_golem_tamed",
				"controller.render.iron_spear",
				"controller.render.golem.target"
			],
			"spawn_egg": {
				"texture": "small_irongolem"
			}
		}
	}
}