{
	"format_version": "1.10.0",
	"minecraft:client_entity": {
		"description": {
			"identifier": "fv:villager_guard_sword",
			"materials": {
				"default": "pillager"
			},
			"textures": {
				"desert": "textures/entity/villager_guard_sword/desert",
				"jungle": "textures/entity/villager_guard_sword/jungle",
				"plains": "textures/entity/villager_guard_sword/plains",
				"savanna": "textures/entity/villager_guard_sword/savanna",
				"snow": "textures/entity/villager_guard_sword/snow",
				"swamp": "textures/entity/villager_guard_sword/swamp",
				"taiga": "textures/entity/villager_guard_sword/taiga",
				"lv0": "textures/entity/villager_guard_sword/raider_lv0",
				"lv1": "textures/entity/villager_guard_sword/raider_lv1",
				"lv2": "textures/entity/villager_guard_sword/raider_lv2",
				"lv3": "textures/entity/villager_guard_sword/raider_lv3",
				"lv4": "textures/entity/villager_guard_sword/raider_lv4"
			},
			"geometry": {
				"default": "geometry.villager_handle",
				"cape": "geometry.cape_illager"
			},
			"spawn_egg": {
				"base_color": "#6E5A1B",
				"overlay_color": "#BA8D0F"
			},
			"scripts": {
				"scale": "0.9375",
				"pre_animation": [
					"variable.tcos0 = (Math.cos(query.modified_distance_moved * 38.17) * query.modified_move_speed / variable.gliding_speed_value) * 57.3;"
				],
				"animate": [
					"pillager_root_controller",
					"armor",
					{
						"melee_attack": "variable.attack_time>0"
					},
					{
						"shield": "query.is_stunned"
					},
					"cape",
					{
						"sitdown": "query.is_sitting"
					}
				]
			},
			"animations": {
				"humanoid_base_pose": "animation.humanoid.base_pose",
				"look_at_target_default": "animation.humanoid.look_at_target.default",
				"look_at_target_gliding": "animation.humanoid.look_at_target.gliding",
				"look_at_target_swimming": "animation.humanoid.look_at_target.swimming",
				"move": "animation.humanoid.move",
				"riding.arms": "animation.humanoid.riding.arms",
				"riding.legs": "animation.humanoid.riding.legs",
				"holding": "animation.humanoid.holding",
				"attack.rotations": "animation.humanoid.attack.rotations",
				"bob": "animation.humanoid.bob",
				"crossbow_hold": "animation.pillager.crossbow.hold",
				"crossbow_charge": "animation.pillager.crossbow.charge",
				"celebrating": "animation.humanoid.celebrating",
				"controller_humanoid_base_pose": "controller.animation.humanoid.base_pose",
				"controller_look_at_target": "controller.animation.humanoid.look_at_target",
				"controller_move": "controller.animation.humanoid.move",
				"controller_riding": "controller.animation.humanoid.riding",
				"controller_attack": "controller.animation.humanoid.attack",
				"controller_bob": "controller.animation.humanoid.bob",
				"controller_pillager_attack": "controller.animation.pillager.attack",
				"pillager_root_controller": "controller.animation.pillager.root",
				"armor": "animation.villager_noarmor.armor",
				"melee_attack": "animation.piglin.hand.attack",
				"shield": "animation.villager_noarmor.shield",
				"cape": "animation.cape_illager.moving",
				"sitdown": "animation.villager_handle.sitdown"
			},
			"render_controllers": [
				"controller.render.vanilla.biome",
				"controller.render.cape.lv"
			],
			"enable_attachables": true
		}
	}
}