{
	"format_version": "1.10.0",
	"minecraft:client_entity": {
		"description": {
			"identifier": "fv:villager_cleric_master",
			"materials": {
				"default": "evoker"
			},
			"textures": {
				"default": "textures/entity/villager_cleric_master"
			},
			"geometry": {
				"default": "geometry.cleric_master"
			},
			"scripts": {
				"scale": "0.9375",
				"animate": [
					"controller_general",
					"controller_move"
				]
			},
			"animations": {
				"general": "animation.evoker.general",
				"casting": "animation.evoker.casting",
				"look_at_target": "animation.common.look_at_target",
				"move": "animation.evoker.move",
				"riding.legs": "animation.humanoid.riding.legs",
				"celebrating": "animation.humanoid.celebrating",
				"controller_general": "controller.animation.evoker.general",
				"controller_move": "controller.animation.villager.move",
				"controller_riding": "controller.animation.humanoid.riding_legs_only"
			},
			"particle_effects": {
				"spell": "minecraft:evoker_spell"
			},
			"render_controllers": [
				"controller.render.villager.cleric.master"
			],
			"spawn_egg": {
				"base_color": "#24BF62",
				"overlay_color": "#0C9115"
			}
		}
	}
}