{
	"format_version": "1.10.0",
	"minecraft:client_entity": {
		"description": {
			"identifier": "fv:villager_royal_captain",
			"materials": {
				"default": "pillager"
			},
			"textures": {
				"desert": "textures/entity/royal_sword/desert",
				"jungle": "textures/entity/royal_sword/jungle",
				"plains": "textures/entity/royal_sword/plains",
				"savanna": "textures/entity/royal_sword/savanna",
				"snow": "textures/entity/royal_sword/snow",
				"swamp": "textures/entity/royal_sword/swamp",
				"taiga": "textures/entity/royal_sword/taiga",
				"horse_black": "textures/entity/golden_horse/horse_black",
				"horse_brown": "textures/entity/golden_horse/horse_brown",
				"horse_chestnut": "textures/entity/golden_horse/horse_chestnut",
				"horse_creamy": "textures/entity/golden_horse/horse_creamy",
				"horse_darkbrown": "textures/entity/golden_horse/horse_darkbrown",
				"horse_gray": "textures/entity/golden_horse/horse_gray",
				"horse_white": "textures/entity/golden_horse/horse_white",
				"royal_desert": "textures/entity/captain_banner/desert",
				"royal_jungle": "textures/entity/captain_banner/jungle",
				"royal_plains": "textures/entity/captain_banner/plains",
				"royal_savanna": "textures/entity/captain_banner/savanna",
				"royal_snow": "textures/entity/captain_banner/snow",
				"royal_swamp": "textures/entity/captain_banner/swamp",
				"royal_taiga": "textures/entity/captain_banner/taiga"
			},
			"geometry": {
				"default": "geometry.villager_handle",
				"horse": "geometry.soldier_horse",
				"captain_banner": "geometry.captain_banner"
			},
			"spawn_egg": {
				"base_color": "#FFFBAA",
				"overlay_color": "#C9B831"
			},
			"scripts": {
				"scale": "0.9375",
				"pre_animation": [
					"variable.tcos0 = (Math.cos(query.modified_distance_moved * 38.17) * query.modified_move_speed / variable.gliding_speed_value) * 57.3;"
				],
				"animate": [
					"controller_humanoid_base_pose",
					"controller_look_at_target",
					"controller_move",
					"controller_bob",
					"armor",
					"attack_controller",
					"default",
					"banner",
					{
						"dead": "!query.is_alive"
					}
				]
			},
			"animations": {
				"humanoid_base_pose": "animation.humanoid.base_pose",
				"look_at_target_default": "animation.humanoid.look_at_target.default",
				"look_at_target_gliding": "animation.humanoid.look_at_target.gliding",
				"look_at_target_swimming": "animation.humanoid.look_at_target.swimming",
				"move": "animation.soldier_horse.moving",
				"riding.arms": "animation.humanoid.riding.arms",
				"riding.legs": "animation.humanoid.riding.legs",
				"holding": "animation.humanoid.holding",
				"attack.rotations": "animation.humanoid.attack.rotations",
				"bob": "animation.humanoid.bob",
				"crossbow_hold": "animation.pillager.crossbow.hold",
				"crossbow_charge": "animation.pillager.crossbow.charge",
				"celebrating": "animation.humanoid.celebrating",
				"controller_humanoid_base_pose": "controller.animation.humanoid.base_pose",
				"controller_look_at_target": "controller.animation.humanoid.look_at_target",
				"controller_move": "controller.animation.humanoid.move",
				"controller_bob": "controller.animation.humanoid.bob",
				"controller_pillager_attack": "controller.animation.pillager.attack",
				"attack_controller": "controller.animation.villager.horse.attack",
				"armor": "animation.villager_noarmor.armor",
				"melee_attack": "animation.soldier_horse.attack_normal",
				"default": "animation.soldier_horse.default",
				"banner": "animation.captain_banner.default",
				"dead": "animation.soldier_horse.dead"
			},
			"render_controllers": [
				"controller.render.vanilla.biome",
				"controller.render.horse.biome",
				"controller.render.banner.biome"
			],
			"enable_attachables": true
		}
	}
}