{
	"format_version": "1.10.0",
	"minecraft:client_entity": {
		"description": {
			"identifier": "fv:watermelon",
			"materials": {
				"default": "arrow"
			},
			"textures": {
				"default": "textures/entity/watermelon"
			},
			"geometry": {
				"default": "geometry.watermelon"
			},
			"animations": {
				"on_flying": "animation.watermelon.on_flying",
				"on_ground": "animation.watermelon.on_ground"
			},
			"scripts": {
				"animate": [
					{
						"on_flying": "!query.is_on_ground"
					}
				]
			},
			"render_controllers": [
				"controller.render.arrow"
			]
		}
	}
}