{
	"format_version": "1.12.0",
	"minecraft:geometry": [
		{
			"description": {
				"identifier": "geometry.blockbuster",
				"texture_width": 64,
				"texture_height": 64,
				"visible_bounds_width": 3,
				"visible_bounds_height": 2.5,
				"visible_bounds_offset": [0, 0.75, 0]
			},
			"bones": [
				{
					"name": "base",
					"pivot": [0, 0, 0],
					"cubes": [
						{"origin": [-7, 0, -7], "size": [14, 3, 14], "uv": [0, 47]},
						{"origin": [-5, 3.75, -6.01], "size": [10, 3, 0], "uv": [44, 1]},
						{"origin": [-5, 1.5, -6.75], "size": [5, 3, 0], "pivot": [0, 0, 0], "rotation": [-7.5, 0, 0], "uv": [0, 0]},
						{"origin": [-6.5, 2.45, -6], "size": [12, 5, 12], "pivot": [0, 0, 0], "rotation": [0, 0, 5], "uv": [0, 0]},
						{"origin": [-4.5, 6, -3.5], "size": [11, 3, 9], "pivot": [0, 0, 0], "rotation": [0, 0, -10], "uv": [0, 17]},
						{"origin": [-4, 7.25, -3], "size": [7, 3, 6], "uv": [14, 38]},
						{"origin": [-2.5, 6, -5.5], "size": [9, 3, 2], "pivot": [0, 0, 0], "rotation": [0, 0, -10], "uv": [0, 29]},
						{"origin": [-4.5, 6, -5.5], "size": [2, 5, 2], "pivot": [0, 0, 0], "rotation": [0, 0, -10], "uv": [0, 34]},
						{"origin": [-4.5, 9, -3.5], "size": [2, 2, 2], "pivot": [0, 0, 0], "rotation": [0, 0, -10], "uv": [8, 34]},
						{"origin": [-2.5, 9, -3.5], "size": [7, 2, 2], "pivot": [0, 0, 0], "rotation": [0, 0, -10], "uv": [22, 29]},
						{"origin": [2.5, 11, -3.5], "size": [2, 2, 2], "pivot": [0, 0, 0], "rotation": [0, 0, -10], "uv": [8, 38]}
					]
				},
				{
					"name": "roots",
					"parent": "base",
					"pivot": [0, 0, 0]
				},
				{
					"name": "rootA",
					"parent": "roots",
					"pivot": [7.5, 0, -0.5],
					"cubes": [
						{"origin": [6, 0, -2], "size": [3, 5, 3], "uv": [52, 43]},
						{"origin": [8.25, 4, -1.5], "size": [0, 3, 2], "pivot": [0, 0, 0], "rotation": [0, 0, 15], "uv": [0, 1]}
					]
				},
				{
					"name": "rootBodyA",
					"parent": "rootA",
					"pivot": [7.5, 5, -0.5],
					"cubes": [
						{"origin": [6.5, 5, -1.5], "size": [2, 5, 2], "inflate": 0.1, "uv": [56, 27]},
						{"origin": [6.5, 5.5, 0], "size": [2, 3, 0], "pivot": [0, 0, 0], "rotation": [15, 0, 0], "uv": [4, 3]}
					]
				},
				{
					"name": "rootPeakA",
					"parent": "rootBodyA",
					"pivot": [7.5, 11, -1.75],
					"cubes": [
						{"origin": [6.5, 10, -4.5], "size": [2, 2, 5], "uv": [50, 20]}
					]
				},
				{
					"name": "pointA",
					"parent": "rootPeakA",
					"pivot": [7.5, 10, -3.5],
					"cubes": [
						{"origin": [6.5, 8, -4.5], "size": [2, 2, 2], "inflate": -0.01, "uv": [56, 16]}
					]
				},
				{
					"name": "rootB",
					"parent": "roots",
					"pivot": [-7.5, 0.75, -0.5],
					"cubes": [
						{"origin": [-9, 0.75, -2], "size": [3, 7, 3], "uv": [52, 51]},
						{"origin": [-8.5, 5.75, -0.5], "size": [2, 3, 0], "pivot": [-15, 0, -1], "rotation": [15, 0, 0], "uv": [0, 9]},
						{"origin": [-6.5, 3.5, -1.5], "size": [0, 3, 2], "pivot": [-15, 0, -1], "rotation": [0, 0, 12.5], "uv": [4, 7]}
					]
				},
				{
					"name": "rootBodyB",
					"parent": "rootB",
					"pivot": [-7.5, 8, -0.5],
					"cubes": [
						{"origin": [-8.5, 7.75, -1.5], "size": [2, 6, 2], "inflate": 0.1, "uv": [48, 35]},
						{"origin": [-8.75, 11.25, -1.5], "size": [0, 3, 2], "pivot": [-15, 0, -1], "rotation": [0, 0, 12.5], "uv": [4, 7]}
					]
				},
				{
					"name": "rootPeakB",
					"parent": "rootBodyB",
					"pivot": [-6.25, 14.75, -0.5],
					"cubes": [
						{"origin": [-15.5, 13.75, -12.5], "size": [2, 2, 5], "pivot": [-15, 0, -1], "rotation": [0, -90, 0], "uv": [50, 20]}
					]
				},
				{
					"name": "pointB",
					"parent": "rootPeakB",
					"pivot": [-4.5, 13.75, -0.5],
					"cubes": [
						{"origin": [-15.5, 11.75, -12.5], "size": [2, 2, 2], "pivot": [-15, 0, -1], "rotation": [0, -90, 0], "uv": [56, 16]}
					]
				},
				{
					"name": "rootC",
					"parent": "roots",
					"pivot": [-4.5, 1, 7.5],
					"cubes": [
						{"origin": [-6, 0.75, 6], "size": [3, 7, 3], "uv": [52, 51]},
						{"origin": [-4.75, 7.75, 6.5], "size": [0, 3, 2], "pivot": [-12, 0, 7], "rotation": [0, 0, 15], "uv": [4, 4]}
					]
				},
				{
					"name": "rootBodyC",
					"parent": "rootC",
					"pivot": [-4.5, 7.75, 7.5],
					"cubes": [
						{"origin": [-5.5, 7.75, 6.5], "size": [2, 7, 2], "inflate": 0.1, "uv": [56, 34]},
						{"origin": [-5.5, 10.75, 5.5], "size": [2, 3, 0], "pivot": [-12, 0, 7], "rotation": [-15, 0, 0], "uv": [0, 6]},
						{"origin": [-4, 7.25, 6.5], "size": [0, 3, 2], "pivot": [-10, 2, -7], "rotation": [0, 0, -15], "uv": [4, 4]}
					]
				},
				{
					"name": "rootPeakC",
					"parent": "rootBodyC",
					"pivot": [-4.5, 15.75, 6.25],
					"cubes": [
						{"origin": [-5.5, 14.75, 3.5], "size": [2, 2, 5], "uv": [50, 20]}
					]
				},
				{
					"name": "pointC",
					"parent": "rootPeakC",
					"pivot": [-4.5, 14.75, 4.5],
					"cubes": [
						{"origin": [-5.5, 12.75, 3.5], "size": [2, 2, 2], "uv": [56, 16]}
					]
				},
				{
					"name": "rootD",
					"parent": "roots",
					"pivot": [2.5, 1, 7.5],
					"cubes": [
						{"origin": [1, 0.75, 6], "size": [3, 7, 3], "uv": [52, 51]},
						{"origin": [2, 2.75, 6.5], "size": [0, 3, 2], "pivot": [-5, 0, 7], "rotation": [0, 0, -15], "uv": [8, 4]}
					]
				},
				{
					"name": "rootBodyD",
					"parent": "rootD",
					"pivot": [2.5, 7.75, 7.5],
					"cubes": [
						{"origin": [1.5, 7.75, 6.5], "size": [2, 7, 2], "inflate": 0.1, "uv": [56, 34]}
					]
				},
				{
					"name": "rootPeakD",
					"parent": "rootBodyD",
					"pivot": [2.5, 15.75, 6.25],
					"cubes": [
						{"origin": [1.5, 14.75, 3.5], "size": [2, 2, 5], "uv": [50, 20]},
						{"origin": [2, 16.5, 9], "size": [1, 2, 0], "pivot": [-5, 0, 7], "rotation": [15, 0, 0], "uv": [8, 9]}
					]
				},
				{
					"name": "pointD",
					"parent": "rootPeakD",
					"pivot": [2.5, 14.75, 4.5],
					"cubes": [
						{"origin": [1.5, 12.75, 3.5], "size": [2, 2, 2], "uv": [56, 16]}
					]
				}
			]
		}
	]
}