{
	"format_version": "1.12.0",
	"minecraft:geometry": [
		{
			"description": {
				"identifier": "geometry.bloomerang",
				"texture_width": 64,
				"texture_height": 32,
				"visible_bounds_width": 3,
				"visible_bounds_height": 2.5,
				"visible_bounds_offset": [0, 0.75, 0]
			},
			"bones": [
				{
					"name": "ground_leaf",
					"pivot": [0, 0, 0],
					"rotation": [0, -45, 0],
					"cubes": [
						{"origin": [-2.5, 0, -2.5], "size": [5, 1, 5], "uv": [44, 0], "mirror": true},
						{"origin": [-2, 2.5, 0], "size": [4, 3, 0], "pivot": [0, 0, 0], "rotation": [75, 0, 0], "uv": [56, 6]},
						{"origin": [-1.5, 9.60583, 0.96644], "size": [3, 2, 0], "pivot": [0, 3.10583, 0.96644], "rotation": [105, 0, 0], "uv": [50, 6]},
						{"origin": [-0.0336, 9.60583, 0.5], "size": [3, 2, 0], "pivot": [0.96644, 3.10583, 0.5], "rotation": [0, 90, -105], "uv": [50, 6]},
						{"origin": [-2, 2.5, 0], "size": [4, 3, 0], "pivot": [0, 0, 0], "rotation": [0, 90, -75], "uv": [56, 6]},
						{"origin": [-2.4665, 9.60583, 0.00004], "size": [3, 2, 0], "pivot": [-0.96644, 3.10583, 0.00004], "rotation": [0, -90, 105], "uv": [50, 6]},
						{"origin": [-2, 2.5, 0], "size": [4, 3, 0], "pivot": [0, 0, 0], "rotation": [0, -90, 75], "uv": [56, 6]},
						{"origin": [-2.5, 9.60583, -0.96644], "size": [3, 2, 0], "pivot": [-0.50006, 3.10583, -0.96644], "rotation": [-75, 0, 180], "uv": [50, 6]},
						{"origin": [-2, 2.5, 0], "size": [4, 3, 0], "pivot": [0, 0, 0], "rotation": [-105, 0, 180], "uv": [56, 6]}
					]
				},
				{
					"name": "stem",
					"pivot": [0, 0, 0],
					"cubes": [
						{"origin": [-2, 1, -2], "size": [4, 5, 4], "uv": [0, 10]}
					]
				},
				{
					"name": "head",
					"parent": "stem",
					"pivot": [0, 6, 0],
					"cubes": [
						{"origin": [-2.5, 5.75, -2.5], "size": [5, 5, 5], "uv": [0, 0]},
						{"origin": [-2, 10.75, -2], "size": [4, 1, 4], "uv": [48, 27]}
					]
				},
				{
					"name": "boomerangs",
					"parent": "head",
					"pivot": [0, 11.25, 0]
				},
				{
					"name": "boomerang1",
					"parent": "boomerangs",
					"pivot": [-1.7, 10.5, -4.5],
					"rotation": [0, 112.5, 0],
					"cubes": [
						{"origin": [-7, 7, -4.5], "size": [6, 4, 0], "pivot": [-1, 7, -4.5], "rotation": [0, 0, 45], "uv": [52, 23]}
					]
				},
				{
					"name": "boomerang2",
					"parent": "boomerangs",
					"pivot": [1.25, 10.5, -4.5],
					"rotation": [0, 85, 0],
					"cubes": [
						{"origin": [-4, 7, -4.5], "size": [6, 4, 0], "pivot": [2, 7, -4.5], "rotation": [0, 0, 45], "uv": [52, 23]}
					]
				},
				{
					"name": "boomerang3",
					"parent": "boomerangs",
					"pivot": [3.75, 10.5, -3.75],
					"rotation": [0, 45, 0],
					"cubes": [
						{"origin": [-1.5, 7, -3.75], "size": [6, 4, 0], "pivot": [4.5, 7, -3.75], "rotation": [0, 0, 45], "uv": [52, 23]}
					]
				},
				{
					"name": "boomerang4",
					"parent": "boomerangs",
					"pivot": [4.25, 10.5, 0],
					"cubes": [
						{"origin": [-1, 7, 0], "size": [6, 4, 0], "pivot": [5, 7, 1], "rotation": [0, 0, 45], "uv": [52, 23]}
					]
				},
				{
					"name": "boomerang5",
					"parent": "boomerangs",
					"pivot": [3.75, 10.5, 3.5],
					"rotation": [0, -45, 0],
					"cubes": [
						{"origin": [-1.5, 7, 3.5], "size": [6, 4, 0], "pivot": [4.5, 7, 3.5], "rotation": [0, 0, 45], "uv": [52, 23]}
					]
				},
				{
					"name": "boomerang6",
					"parent": "boomerangs",
					"pivot": [0, 9, 2],
					"rotation": [0, -90, 0],
					"cubes": [
						{"origin": [-3, 7, 2], "size": [6, 4, 0], "pivot": [3, 7, 2], "rotation": [0, 0, 45], "uv": [52, 23]}
					]
				},
				{
					"name": "boomerang7",
					"parent": "boomerangs",
					"pivot": [-4, 10.5, 3.5],
					"rotation": [0, -145, 0],
					"cubes": [
						{"origin": [-8.5, 2.5, 3.5], "size": [6, 4, 0], "pivot": [2.5, 5.75, 3.5], "rotation": [0, 0, 45], "uv": [52, 23]}
					]
				},
				{
					"name": "boomerang8",
					"parent": "boomerangs",
					"pivot": [-4.5, 10.25, 0],
					"rotation": [0, 180, 0],
					"cubes": [
						{"origin": [-7.5, 8.25, 0], "size": [6, 4, 0], "pivot": [-4.5, 10.25, 0], "rotation": [0, 0, 45], "uv": [52, 23]}
					]
				},
				{
					"name": "boomerang9",
					"parent": "boomerangs",
					"pivot": [-3.5, 10.25, -3.5],
					"rotation": [0, 135, 0],
					"cubes": [
						{"origin": [-9.5, 7, -3.5], "size": [6, 4, 0], "pivot": [-3.5, 6, -3.5], "rotation": [0, 0, 45], "uv": [52, 23]}
					]
				}
			]
		}
	]
}