{
	"format_version": "1.12.0",
	"minecraft:geometry": [
		{
			"description": {
				"identifier": "geometry.bonk_choy",
				"texture_width": 64,
				"texture_height": 64,
				"visible_bounds_width": 3,
				"visible_bounds_height": 2.5,
				"visible_bounds_offset": [0, 0.75, 0]
			},
			"bones": [
				{
					"name": "head",
					"pivot": [0, 0, 0],
					"cubes": [
						{"origin": [4, 19, 0], "size": [4, 4, 1], "pivot": [7, 6, 0.5], "rotation": [0, 0, -45], "uv": [54, 26]},
						{"origin": [-8.5, 19, 0], "size": [4, 4, 1], "pivot": [-7, 6, 0.5], "rotation": [0, 0, 46], "uv": [54, 26]},
						{"origin": [4, 18, -2], "size": [4, 4, 1], "pivot": [7, 5, -1.5], "rotation": [0, 0, -45], "uv": [54, 26]},
						{"origin": [4, 19, -1.25], "size": [4, 4, 1], "pivot": [7, 6, -3.75], "rotation": [-12.56853, -12.27659, -43.64293], "uv": [54, 26]},
						{"origin": [-8.5, 18, -2], "size": [4, 4, 1], "pivot": [-7, 5, -2], "rotation": [0, 0, 46], "uv": [54, 26], "mirror": true},
						{"origin": [-8.5, 19, -1.25], "size": [4, 4, 1], "pivot": [-7, 6, -4.25], "rotation": [-12.35412, 12.49237, 44.64264], "uv": [54, 26], "mirror": true},
						{"origin": [-16, 24, -0.6], "size": [4, 5, 1], "pivot": [-11, 11, -0.6], "rotation": [0, 0, 90], "uv": [44, 26]},
						{"origin": [5, 31, -0.6], "size": [4, 5, 1], "pivot": [11, 18, -0.6], "rotation": [0, 0, -90], "uv": [44, 26]},
						{"origin": [-4, 15, -0.5], "size": [8, 5, 1], "uv": [46, 20]},
						{"origin": [-4, 16.40538, -6.08927], "size": [8, 5, 1], "pivot": [0, 1.40538, -5.08927], "rotation": [-25, 0, 0], "uv": [46, 20]},
						{"origin": [-4, 17.17324, 5.0582], "size": [8, 5, 1], "pivot": [0, 2.67324, 8.0582], "rotation": [25, 0, 0], "uv": [46, 20]},
						{"origin": [-3.5, 11, -3.5], "size": [7, 4, 7], "uv": [36, 9]},
						{"origin": [-4.5, 1, -4.5], "size": [9, 10, 9], "uv": [0, 0]},
						{"origin": [-4, 0, -4], "size": [8, 1, 8], "uv": [32, 0]},
						{"origin": [-4, 6.75, -5], "size": [4, 2, 1], "inflate": -0.15, "uv": [27, 19]},
						{"origin": [2, 6.65, -5], "size": [4, 2, 1], "inflate": -0.15, "pivot": [0, 0, 0], "rotation": [0, 0, -15], "uv": [27, 19]}
					]
				},
				{
					"name": "right_arm",
					"parent": "head",
					"pivot": [-3.75, 1.5, 1.5],
					"cubes": [
						{"origin": [-7.5, 1.5, -11.5], "size": [1, 2, 8], "pivot": [-3, 1, -3], "rotation": [-15, 32.5, 0], "uv": [0, 24]},
						{"origin": [-6.5, 1.5, -12], "size": [2, 2, 2], "pivot": [-3, 1, -3], "rotation": [-15, 32.5, 0], "uv": [12, 45]},
						{"origin": [-5.35, 1, -5.5], "size": [1, 1, 4], "pivot": [-1, 0, -1], "rotation": [-15, 45, 0], "uv": [0, 19], "mirror": true}
					]
				},
				{
					"name": "left_arm",
					"parent": "head",
					"pivot": [4, 1.75, 0.75],
					"cubes": [
						{"origin": [3.8, 1, -6.5], "size": [1, 1, 4], "pivot": [0.8, 0, -1], "rotation": [-15, -45, 0], "uv": [0, 19]},
						{"origin": [6.2, 1.5, -9.5], "size": [1, 2, 5], "pivot": [2.8, 0, -3], "rotation": [-15, -32.5, 0], "uv": [18, 27]},
						{"origin": [8.65, 2.5, -14], "size": [1, 3, 6], "pivot": [4.8, 1, -7], "rotation": [-15, -25, 0], "uv": [0, 34]},
						{"origin": [5.55, 2.5, -15], "size": [3, 3, 3], "pivot": [3.8, 1, -7], "rotation": [-15, -25, 0], "uv": [0, 43]}
					]
				}
			]
		}
	]
}