{
	"format_version": "1.12.0",
	"minecraft:geometry": [
		{
			"description": {
				"identifier": "geometry.cabbage_pult",
				"texture_width": 64,
				"texture_height": 64,
				"visible_bounds_width": 3,
				"visible_bounds_height": 2.5,
				"visible_bounds_offset": [0, 0.75, 0]
			},
			"bones": [
				{
					"name": "ground_leaf",
					"pivot": [0, 0, 0],
					"cubes": [
						{"origin": [-6.25, 0.1, -6], "size": [7, 0, 6], "pivot": [0, 0, 0], "rotation": [-5, 0, 2.5], "uv": [44, 58], "mirror": true},
						{"origin": [-6, 0.1, 0.25], "size": [7, 0, 6], "pivot": [0, 0, 0], "rotation": [4.99763, 0.10881, 0.00713], "uv": [30, 58]},
						{"origin": [1, 0, -1], "size": [5, 0, 7], "pivot": [0, 0, 0], "rotation": [2.5, 0, -5], "uv": [47, 51], "mirror": true},
						{"origin": [1, 0, -6], "size": [5, 0, 5], "pivot": [0, 0, 0], "rotation": [-2.49527, -0.21782, -2.4905], "uv": [39, 53]}
					]
				},
				{
					"name": "head",
					"pivot": [0, 0, 0],
					"cubes": [
						{"origin": [-4, 0.25, -4], "size": [8, 8, 8], "uv": [32, 0]},
						{"origin": [-1, 8, -1], "size": [2, 1, 2], "uv": [0, 0]},
						{"origin": [-4, 0.2, -4], "size": [8, 8, 8], "inflate": 0.1, "pivot": [0, 0, 0], "rotation": [2.5, 0, 0], "uv": [0, 0]},
						{"origin": [4.1, 7.22446, -6.35168], "size": [2, 0, 8], "pivot": [0.1, -0.97554, -1.35168], "rotation": [-12.5, 0, 0], "uv": [48, 18], "mirror": true},
						{"origin": [-5.9, 7.22446, -6.35168], "size": [2, 0, 8], "pivot": [0.1, -0.97554, -1.35168], "rotation": [-12.5, 0, 0], "uv": [48, 18]},
						{"origin": [-4.9, 8.1, -6.35168], "size": [2, 0, 10], "pivot": [0.1, -0.97554, -1.35168], "rotation": [0, -90, 0], "uv": [50, 16]},
						{"origin": [-4, 0.25, -4], "size": [8, 6, 8], "inflate": 0.2, "pivot": [0, 0, 0], "rotation": [-2.5, 0, 0], "uv": [0, 16]},
						{"origin": [4.2, 3, -3.25], "size": [3, 0, 10], "pivot": [0.2, 0.20753, -0.19113], "rotation": [32.5, 0, 0], "uv": [48, 26], "mirror": true},
						{"origin": [-6.8, 3, -3.25], "size": [3, 0, 10], "pivot": [0.2, 0.20753, -0.19113], "rotation": [32.5, 0, 0], "uv": [48, 26]},
						{"origin": [-6.8, 6.45753, -5.21], "size": [3, 0, 10], "pivot": [0.2, 0.20753, -0.19113], "rotation": [-90, 87.5, -90], "uv": [48, 26]},
						{"origin": [1, 4.25, -4.5], "size": [2, 1, 1], "uv": [0, 6], "mirror": true},
						{"origin": [-3, 4.25, -4.5], "size": [2, 1, 1], "uv": [0, 6], "mirror": true}
					]
				},
				{
					"name": "stem",
					"parent": "head",
					"pivot": [0, 0, 0],
					"cubes": [
						{"origin": [-0.5, 11, -7], "size": [1, 5, 1], "pivot": [3, 2, -7], "rotation": [-45, 0, 0], "uv": [0, 58]},
						{"origin": [-0.5, 11, -7], "size": [1, 5, 1], "inflate": 0.09, "pivot": [3, 2, -7], "rotation": [-45, 0, 0], "uv": [4, 58]}
					]
				},
				{
					"name": "spoon",
					"parent": "stem",
					"pivot": [3, 2, -3],
					"cubes": [
						{"origin": [-0.5, 22, -6], "size": [1, 3, 1], "pivot": [3, 13, -6], "rotation": [-97.5, 0, 0], "uv": [0, 54]},
						{"origin": [-0.5, 22, -6], "size": [1, 3, 1], "inflate": 0.1, "pivot": [3, 13, -6], "rotation": [-97.5, 0, 0], "uv": [4, 54]},
						{"origin": [-2.5, 22, -3], "size": [5, 5, 3], "inflate": 0.5, "pivot": [3, 13, -3], "rotation": [-97.5, 0, 0], "uv": [8, 56]}
					]
				},
				{
					"name": "cabbage",
					"parent": "spoon",
					"pivot": [3, 13, -4],
					"cubes": [
						{"origin": [-2.5, 23, -7], "size": [5, 5, 5], "inflate": 0.15, "pivot": [3, 13, -4], "rotation": [-100, 0, 0], "uv": [20, 34]},
						{"origin": [-2.5, 23, -6.5], "size": [5, 5, 5], "pivot": [3, 13, -4], "rotation": [-97.5, 0, 0], "uv": [0, 44]},
						{"origin": [-2.5, 22.75, -6.25], "size": [5, 5, 5], "inflate": 0.1, "pivot": [3, 13, -4], "rotation": [-95, 0, 0], "uv": [0, 34]}
					]
				}
			]
		}
	]
}