{
	"format_version": "1.12.0",
	"minecraft:geometry": [
		{
			"description": {
				"identifier": "geometry.doomshroom",
				"texture_width": 64,
				"texture_height": 64,
				"visible_bounds_width": 3,
				"visible_bounds_height": 2.5,
				"visible_bounds_offset": [0, 0.75, 0]
			},
			"bones": [
				{
					"name": "stem",
					"pivot": [0, 0, 0],
					"cubes": [
						{"origin": [-5, 0, -5], "size": [10, 10, 10], "uv": [0, 44]}
					]
				},
				{
					"name": "head",
					"parent": "stem",
					"pivot": [0, 10, 0],
					"cubes": [
						{"origin": [-7, 10, -7], "size": [14, 7, 14], "uv": [0, 0]},
						{"origin": [-6, 17, -6], "size": [12, 4, 12], "uv": [0, 21]}
					]
				}
			]
		}
	]
}