{
	"format_version": "1.12.0",
	"minecraft:geometry": [
		{
			"description": {
				"identifier": "geometry.fireboal",
				"texture_width": 64,
				"texture_height": 32,
				"visible_bounds_width": 3,
				"visible_bounds_height": 2.5,
				"visible_bounds_offset": [0, 0.75, 0]
			},
			"bones": [
				{
					"name": "ground_leaf",
					"pivot": [0, 0, 0],
					"rotation": [0, -45, 0],
					"cubes": [
						{"origin": [-1.5, 0, -1.5], "size": [3, 1, 3], "uv": [52, 0]},
						{"origin": [-2, 1, -0.5], "size": [3, 3, 0], "pivot": [-0.5, 0, 0.5], "rotation": [45, -60, 0], "uv": [58, 4]},
						{"origin": [-2, 3.6, -5.5], "size": [3, 0, 4], "pivot": [-0.5, 0, 0.5], "rotation": [30, -60, 0], "uv": [48, 4]},
						{"origin": [-1, 3.6, -5.5], "size": [3, 0, 4], "pivot": [0.5, 0, 0.5], "rotation": [30, 60, 0], "uv": [48, 4]},
						{"origin": [-1, 1, -0.5], "size": [3, 3, 0], "pivot": [0.5, 0, 0.5], "rotation": [45, 60, 0], "uv": [58, 4]},
						{"origin": [-1.5, 3.6, -6], "size": [3, 0, 4], "pivot": [0, 0, 0], "rotation": [-150, 0, -180], "uv": [48, 4]},
						{"origin": [-1.5, 1, -1], "size": [3, 3, 0], "pivot": [0, 0, 0], "rotation": [-135, 0, 180], "uv": [58, 4]}
					]
				},
				{
					"name": "stem",
					"pivot": [0, 0.5, 0],
					"rotation": [0, 180, 0],
					"cubes": [
						{"origin": [-0.5, 0.5, -0.5], "size": [1, 8, 1], "pivot": [0, 1.5, 0], "rotation": [20, 0, 0], "uv": [48, 0]},
						{"origin": [-0.5, 0.5, -0.5], "size": [1, 8, 1], "inflate": 0.1, "pivot": [0, 1.5, 0], "rotation": [20, 0, 0], "uv": [44, 0]}
					]
				},
				{
					"name": "topStem",
					"parent": "stem",
					"pivot": [0, 8, -2.25],
					"cubes": [
						{"origin": [-0.5, 7.9, -2.9], "size": [1, 4, 1], "inflate": 0.01, "uv": [40, 0]},
						{"origin": [-0.5, 7.9, -2.9], "size": [1, 4, 1], "inflate": 0.11, "uv": [40, 5]},
						{"origin": [-1, 8.25, -6.25], "size": [2, 3, 2], "inflate": 0.1, "pivot": [0, 8, -2.25], "rotation": [-75, 0, 0], "uv": [32, 0]}
					]
				},
				{
					"name": "head",
					"parent": "topStem",
					"pivot": [0, 11.75, 0],
					"cubes": [
						{"origin": [-4, 7.75, -1], "size": [8, 8, 3], "uv": [0, 7]},
						{"origin": [-3.5, 9.25, 2], "size": [7, 5, 1], "uv": [1, 1]}
					]
				},
				{
					"name": "topLeafs",
					"parent": "head",
					"pivot": [0, 11.75, 3],
					"cubes": [
						{"origin": [-2, 13.75, 2.5], "size": [3, 3, 0], "pivot": [0, 11.75, 3], "rotation": [0, 0, -45], "uv": [58, 25]},
						{"origin": [-1.25, 13.75, 2.75], "size": [3, 3, 0], "pivot": [0, 11.75, 3.25], "rotation": [0, 0, -15], "uv": [58, 25], "mirror": true},
						{"origin": [-1.25, 13.75, 2.25], "size": [3, 3, 0], "pivot": [0, 11.75, 2.75], "rotation": [0, 0, 7.5], "uv": [58, 25]},
						{"origin": [-1.25, 13.75, 2.5], "size": [3, 3, 0], "pivot": [0, 11.75, 3], "rotation": [0, 0, 45], "uv": [58, 25]},
						{"origin": [-1.75, 13.75, 2.75], "size": [3, 3, 0], "pivot": [0, 11.75, 3.25], "rotation": [0, 0, 75], "uv": [58, 25]},
						{"origin": [-1.75, 13.75, 2.25], "size": [3, 3, 0], "pivot": [0, 11.75, 2.75], "rotation": [0, 0, 97.5], "uv": [58, 25]},
						{"origin": [-2, 13.75, 2.25], "size": [3, 3, 0], "pivot": [0, 11.75, 2.75], "rotation": [0, 0, -82.5], "uv": [58, 25]},
						{"origin": [-2, 13.75, 2.75], "size": [3, 3, 0], "pivot": [0, 11.75, 3.25], "rotation": [0, 0, -105], "uv": [58, 25]},
						{"origin": [-1, 13.75, 2.5], "size": [3, 3, 0], "pivot": [0, 11.75, 3], "rotation": [0, 0, -135], "uv": [58, 25]},
						{"origin": [-1, 13.75, 2.25], "size": [3, 3, 0], "pivot": [0, 11.75, 2.75], "rotation": [0, 0, -172.5], "uv": [58, 25]},
						{"origin": [-1, 13.75, 2.75], "size": [3, 3, 0], "pivot": [0, 11.75, 3.25], "rotation": [0, 0, 165], "uv": [58, 25]},
						{"origin": [-1.75, 13.75, 2.5], "size": [3, 3, 0], "pivot": [0, 11.75, 3], "rotation": [0, 0, 135], "uv": [58, 25]}
					]
				},
				{
					"name": "bottomLeafs",
					"parent": "head",
					"pivot": [0, 11.75, 1],
					"cubes": [
						{"origin": [-2, 14.75, -0.5], "size": [4, 4, 0], "pivot": [0, 11.75, 0], "rotation": [0, 0, 135], "uv": [56, 28]},
						{"origin": [-2, 14.75, 1.5], "size": [4, 4, 0], "pivot": [0, 11.75, 2], "rotation": [0, 0, 115], "uv": [56, 28]},
						{"origin": [-2, 14.75, 0.5], "size": [4, 4, 0], "pivot": [0, 11.75, 1], "rotation": [0, 0, 77.5], "uv": [56, 28]},
						{"origin": [-2, 14.75, -0.5], "size": [4, 4, 0], "pivot": [0, 11.75, 0], "rotation": [0, 0, 45], "uv": [56, 28]},
						{"origin": [-2, 14.75, 1.5], "size": [4, 4, 0], "pivot": [0, 11.75, 2], "rotation": [0, 0, 25], "uv": [56, 28]},
						{"origin": [-2, 14.75, 0.5], "size": [4, 4, 0], "pivot": [0, 11.75, 1], "rotation": [0, 0, -12.5], "uv": [56, 28]},
						{"origin": [-2, 14.75, -0.5], "size": [4, 4, 0], "pivot": [0, 11.75, 0], "rotation": [0, 0, -45], "uv": [56, 28]},
						{"origin": [-2, 14.75, 1.5], "size": [4, 4, 0], "pivot": [0, 11.75, 2], "rotation": [0, 0, -65], "uv": [56, 28]},
						{"origin": [-2, 14.75, 0.5], "size": [4, 4, 0], "pivot": [0, 11.75, 1], "rotation": [0, 0, -102.5], "uv": [56, 28]},
						{"origin": [-2, 14.75, -0.5], "size": [4, 4, 0], "pivot": [0, 11.75, 0], "rotation": [0, 0, -135], "uv": [56, 28]},
						{"origin": [-2, 14.75, 1.5], "size": [4, 4, 0], "pivot": [0, 11.75, 2], "rotation": [0, 0, -155], "uv": [56, 28]},
						{"origin": [-2, 14.75, 0.5], "size": [4, 4, 0], "pivot": [0, 11.75, 1], "rotation": [0, 0, 167.5], "uv": [56, 28]}
					]
				},
				{
					"name": "costume",
					"parent": "head",
					"pivot": [0, 0.5, 0],
					"cubes": [
						{"origin": [0, 11, 3], "size": [0, 1, 4], "uv": [0, 14]},
						{"origin": [4, 8.5, 0], "size": [8, 6, 0], "pivot": [4, 8.5, 0], "rotation": [0, 30, -15], "uv": [0, 19]},
						{"origin": [-12, 8.5, 0], "size": [8, 6, 0], "pivot": [-4, 8.5, 0], "rotation": [0, -30, 15], "uv": [0, 19], "mirror": true}
					]
				}
			]
		}
	]
}