{
	"format_version": "1.12.0",
	"minecraft:geometry": [
		{
			"description": {
				"identifier": "geometry.flower_pot",
				"texture_width": 64,
				"texture_height": 64,
				"visible_bounds_width": 2,
				"visible_bounds_height": 1.5,
				"visible_bounds_offset": [0, 0.25, 0]
			},
			"bones": [
				{
					"name": "bone",
					"pivot": [0, 0, 0],
					"rotation": [0, 180, 0],
					"cubes": [
						{"origin": [-5, 0, -5], "size": [10, 4, 10], "inflate": 0.01, "uv": [0, 50]},
						{"origin": [-6, 4, -6], "size": [12, 3, 12], "inflate": 0.01, "uv": [0, 23]},
						{"origin": [-6, 4, -6], "size": [12, 2, 12], "inflate": -0.1, "uv": [0, 0]}
					]
				}
			]
		}
	]
}