{
	"format_version": "1.12.0",
	"minecraft:geometry": [
		{
			"description": {
				"identifier": "geometry.gloomshroom",
				"texture_width": 64,
				"texture_height": 64,
				"visible_bounds_width": 3,
				"visible_bounds_height": 2.5,
				"visible_bounds_offset": [0, 0.75, 0]
			},
			"bones": [
				{
					"name": "stem",
					"pivot": [0, 0, 0],
					"cubes": [
						{"origin": [-5.5, 0, -5.5], "size": [11, 6, 11], "uv": [0, 47]}
					]
				},
				{
					"name": "top",
					"parent": "stem",
					"pivot": [0, 0, 0],
					"cubes": [
						{"origin": [-6.5, 5.5, -6.5], "size": [13, 3, 13], "uv": [0, 13]},
						{"origin": [-1.5, 5.5, -8.5], "size": [3, 3, 2], "inflate": 0.01, "uv": [54, 59]},
						{"origin": [-1.5, 5.5, 6.5], "size": [3, 3, 2], "inflate": 0.01, "uv": [54, 59]},
						{"origin": [6.5, 5.5, -1.5], "size": [2, 3, 3], "inflate": 0.01, "uv": [54, 53]},
						{"origin": [-8.5, 5.5, -1.5], "size": [2, 3, 3], "inflate": 0.01, "uv": [54, 53]},
						{"origin": [-1.5, 5.5, 7.5], "size": [3, 3, 2], "inflate": 0.01, "pivot": [0, -1, 0], "rotation": [0, -45, 0], "uv": [54, 59]},
						{"origin": [-9.5, 5.5, -1.5], "size": [2, 3, 3], "inflate": 0.01, "pivot": [0, -1, 0], "rotation": [0, -45, 0], "uv": [54, 53]},
						{"origin": [-1.5, 5.5, -9.5], "size": [3, 3, 2], "inflate": 0.01, "pivot": [0, -1, 0], "rotation": [0, -45, 0], "uv": [54, 59]},
						{"origin": [7.5, 5.5, -1.5], "size": [2, 3, 3], "inflate": 0.01, "pivot": [0, -1, 0], "rotation": [0, -45, 0], "uv": [54, 53]},
						{"origin": [-9.5, 5, -2], "size": [1, 4, 4], "inflate": 0.01, "uv": [54, 45]},
						{"origin": [-10.5, 5, -2], "size": [1, 4, 4], "inflate": 0.01, "pivot": [0, -1, 0], "rotation": [0, -45, 0], "uv": [54, 45]},
						{"origin": [-2, 5, -9.5], "size": [4, 4, 1], "inflate": 0.01, "uv": [54, 40]},
						{"origin": [-2, 5, -10.5], "size": [4, 4, 1], "inflate": 0.01, "pivot": [0, -1, 0], "rotation": [0, -45, 0], "uv": [54, 40]},
						{"origin": [8.5, 5, -2], "size": [1, 4, 4], "inflate": 0.01, "uv": [54, 45]},
						{"origin": [9.5, 5, -2], "size": [1, 4, 4], "inflate": 0.01, "pivot": [0, -1, 0], "rotation": [0, -45, 0], "uv": [54, 45]},
						{"origin": [-2, 5, 8.5], "size": [4, 4, 1], "inflate": 0.01, "uv": [54, 40]},
						{"origin": [-2, 5, 9.5], "size": [4, 4, 1], "inflate": 0.01, "pivot": [0, -1, 0], "rotation": [0, -45, 0], "uv": [54, 40]}
					]
				},
				{
					"name": "head",
					"parent": "top",
					"pivot": [0, 8.5, 0],
					"cubes": [
						{"origin": [-6, 8.5, -6], "size": [12, 1, 12], "uv": [0, 0]},
						{"origin": [-5, 9, 1], "size": [3, 1, 3], "uv": [52, 0]},
						{"origin": [2, 9, 1], "size": [3, 1, 3], "uv": [52, 0]}
					]
				}
			]
		}
	]
}