{
	"format_version": "1.12.0",
	"minecraft:geometry": [
		{
			"description": {
				"identifier": "geometry.gravebuster",
				"texture_width": 128,
				"texture_height": 64,
				"visible_bounds_width": 2,
				"visible_bounds_height": 4,
				"visible_bounds_offset": [0, 0, 0]
			},
			"bones": [
				{
					"name": "dirt",
					"pivot": [0, -16, 0],
					"cubes": [
						{"origin": [-7.5, -16, -7.5], "size": [15, 2, 15], "uv": [0, 47]}
					]
				},
				{
					"name": "vine",
					"parent": "dirt",
					"pivot": [0, -16, 0],
					"cubes": [
						{"origin": [-2.3, -10, -4], "size": [9, 3, 8], "pivot": [0, 0, 0], "rotation": [0, 0, 7.5], "uv": [94, 53]},
						{"origin": [-6, -14, -6], "size": [12, 5, 12], "uv": [0, 30]}
					]
				},
				{
					"name": "head",
					"parent": "dirt",
					"pivot": [0, -16, 0],
					"cubes": [
						{"origin": [-4.25, -6, -4], "size": [9, 3, 8], "pivot": [0, 2, 0], "rotation": [0, 0, 7.5], "uv": [94, 53]},
						{"origin": [-7.15, -8.5, -6], "size": [12, 4, 12], "inflate": 0.1, "pivot": [0.1, 1.25, 0], "rotation": [0, 0, -7.5], "uv": [0, 0]},
						{"origin": [-3.8, -8, -6.11], "size": [8, 3, 0], "uv": [0, 16]},
						{"origin": [-3.9, -12, -7.85], "size": [10, 1, 0], "inflate": -0.01, "pivot": [-1, -16, 0], "rotation": [-17.5, 0, -7.5], "uv": [0, 20]}
					]
				},
				{
					"name": "bone",
					"parent": "dirt",
					"pivot": [0, -16, 0],
					"cubes": [
						{"origin": [-4.5, -2.5, -4], "size": [9, 3, 8], "pivot": [0, 1, 0], "rotation": [0, 0, 7.5], "uv": [94, 53]},
						{"origin": [-6, -4, -6], "size": [12, 3, 12], "pivot": [0, 1, 0], "rotation": [0, 0, 7.5], "uv": [48, 0]},
						{"origin": [-5, -1, -5], "size": [10, 2, 10], "pivot": [0, 1, 0], "rotation": [0, 0, -7.5], "uv": [88, 0]},
						{"origin": [-4.5, 1, -4], "size": [8, 1, 8], "inflate": 0.1, "uv": [96, 13]}
					]
				}
			]
		}
	]
}