{
	"format_version": "1.12.0",
	"minecraft:geometry": [
		{
			"description": {
				"identifier": "geometry.iceberg_lettuce",
				"texture_width": 64,
				"texture_height": 64,
				"visible_bounds_width": 2,
				"visible_bounds_height": 2.5,
				"visible_bounds_offset": [0, 0.75, 0]
			},
			"bones": [
				{
					"name": "body",
					"pivot": [0, 0, 0]
				},
				{
					"name": "bone",
					"parent": "body",
					"pivot": [0, 0, 0],
					"cubes": [
						{"origin": [-4, 0, -4], "size": [8, 8, 8], "uv": [0, 0]},
						{"origin": [-4, 0, -4], "size": [4, 8, 8], "inflate": 0.1, "uv": [32, 0]},
						{"origin": [-4.5, 0, -4.5], "size": [9.3, 1, 9], "inflate": 0.15, "uv": [0, 54]}
					]
				},
				{
					"name": "bone2",
					"parent": "body",
					"pivot": [-4, 0, 0],
					"rotation": [0, 0, -17.5],
					"cubes": [
						{"origin": [-4, 0, -4.5], "size": [4, 6, 9], "inflate": 0.1, "uv": [0, 16], "mirror": true}
					]
				},
				{
					"name": "bone3",
					"parent": "body",
					"pivot": [4, 0, 0],
					"rotation": [0, 0, 17.5],
					"cubes": [
						{"origin": [0, 0, -4.5], "size": [4, 6, 9], "inflate": 0.1, "uv": [0, 16]}
					]
				},
				{
					"name": "bone4",
					"parent": "body",
					"pivot": [17, 0, 8],
					"rotation": [0, 0, 78.75],
					"cubes": [
						{"origin": [5.03923, -19.01434, -4], "size": [0, 5, 8], "uv": [48, 51]}
					]
				},
				{
					"name": "bone5",
					"parent": "body",
					"pivot": [0, 0, 0],
					"cubes": [
						{"origin": [-4, 0, -4], "size": [8, 8, 8], "inflate": -1, "uv": [0, 38]}
					]
				},
				{
					"name": "bone6",
					"parent": "body",
					"pivot": [0, 0, 0],
					"cubes": [
						{"origin": [-4, 0, -4], "size": [8, 8, 8], "inflate": -1, "uv": [32, 30]}
					]
				}
			]
		}
	]
}