{
	"format_version": "1.12.0",
	"minecraft:geometry": [
		{
			"description": {
				"identifier": "geometry.megagatling",
				"texture_width": 64,
				"texture_height": 32,
				"visible_bounds_width": 3,
				"visible_bounds_height": 2.5,
				"visible_bounds_offset": [0, 0.75, 0]
			},
			"bones": [
				{
					"name": "ground_leaf",
					"pivot": [0, 0, 0],
					"rotation": [0, -45, 0],
					"cubes": [
						{"origin": [-1.5, 0, -1.5], "size": [3, 1, 3], "uv": [52, 0]},
						{"origin": [-1.5, 1.6, -1], "size": [3, 3, 0], "pivot": [0.5, 0.35285, 0.26706], "rotation": [45, 0, 0], "uv": [58, 4]},
						{"origin": [-1.5, 5.95922, -8.5694], "size": [3, 0, 4], "pivot": [-0.5, 5.95922, 2.4306], "rotation": [30, 0, 0], "uv": [48, 4]},
						{"origin": [-1.25, 1, -0.45], "size": [3, 3, 0], "pivot": [0.5, 0.35285, 0.26706], "rotation": [0, -90, 45], "uv": [58, 4]},
						{"origin": [-3.47671, 5.92387, -11.48294], "size": [3, 0, 4], "pivot": [-2.47671, 5.92387, -0.48294], "rotation": [0, -90, 30], "uv": [48, 4]},
						{"origin": [-1.75, 1, -0.45], "size": [3, 3, 0], "pivot": [-0.5, 0.35285, 0.26706], "rotation": [0, 90, -45], "uv": [58, 4]},
						{"origin": [1.47742, 5.92458, -10.48294], "size": [3, 0, 4], "pivot": [2.47742, 5.92458, 0.51706], "rotation": [0, 90, -30], "uv": [48, 4]},
						{"origin": [-2.5, 1.25, -0.6], "size": [3, 3, 0], "pivot": [-0.5, 0.35285, 0.26706], "rotation": [-135, 0, 180], "uv": [58, 4]},
						{"origin": [-0.5, 5.99529, -13.42752], "size": [3, 0, 4], "pivot": [0.5, 5.99529, -2.42752], "rotation": [-150, 0, 180], "uv": [48, 4]}
					]
				},
				{
					"name": "stem",
					"pivot": [0, 0, 0],
					"cubes": [
						{"origin": [-1.5, 8.5, -1.5], "size": [3, 1, 3], "uv": [52, 8]},
						{"origin": [-0.5, 0.5, -0.5], "size": [1, 8.5, 1], "uv": [44, 0]},
						{"origin": [-0.5, 0.5, -0.5], "size": [1, 8.5, 1], "inflate": 0.1, "uv": [48, 0]}
					]
				},
				{
					"name": "head",
					"parent": "stem",
					"pivot": [0, 9, 0],
					"cubes": [
						{"origin": [-2.5, 9.5, -3], "size": [5, 6, 6], "uv": [0, 0]},
						{"origin": [-3, 13.5, -3.4], "size": [6, 3, 8], "inflate": 0.1, "uv": [0, 21]},
						{"origin": [-3, 12.5, 0.6], "size": [6, 2, 4], "inflate": 0.09, "uv": [20, 23]},
						{"origin": [-2.5, 8.5, 0.6], "size": [5, 6, 2], "inflate": 0.25, "uv": [22, 0]},
						{"origin": [-2.5, 16.25, -2.31], "size": [5, 3, 7], "uv": [33, 22]},
						{"origin": [-1.5, 11, -3.85], "size": [3, 3, 1], "inflate": -0.1, "uv": [0, 12]},
						{"origin": [-2, 10.5, -4.5], "size": [4, 4, 1], "inflate": -0.1, "uv": [8, 12]},
						{"origin": [-0.5, 12, -7], "size": [1, 1, 3], "inflate": -0.125, "uv": [36, 0]},
						{"origin": [-0.5, 12, -1], "size": [1, 1, 3], "inflate": -0.125, "pivot": [0, 0, 0], "rotation": [25, 0, 0], "uv": [36, 0]},
						{"origin": [-0.5, 9.5, -11.5], "size": [1, 1, 3], "inflate": -0.125, "pivot": [0, 0, 0], "rotation": [-25, 0, 0], "uv": [36, 0]},
						{"origin": [0.75, 12, -6.5], "size": [1, 1, 3], "inflate": -0.125, "pivot": [0, 0, 0], "rotation": [0, 25, 0], "uv": [36, 0]},
						{"origin": [-1.75, 12, -6.5], "size": [1, 1, 3], "inflate": -0.125, "pivot": [0, 0, 0], "rotation": [0, -25, 0], "uv": [36, 0]},
						{"origin": [0, 12.5, -6.5], "size": [1, 1, 3], "inflate": -0.125, "uv": [36, 4]},
						{"origin": [-1, 12.5, -6.5], "size": [1, 1, 3], "inflate": -0.125, "uv": [36, 4]},
						{"origin": [-1, 11.5, -6.5], "size": [1, 1, 3], "inflate": -0.125, "uv": [36, 4]},
						{"origin": [0, 11.5, -6.5], "size": [1, 1, 3], "inflate": -0.125, "uv": [36, 4]}
					]
				},
				{
					"name": "leafs",
					"parent": "head",
					"pivot": [0, 15, 3],
					"cubes": [
						{"origin": [0, 0.75, -10.5], "size": [5, 0, 9], "pivot": [8, 0, 5], "rotation": [-80, 0, 0], "uv": [45, 12]},
						{"origin": [2, 1.75, -10.5], "size": [5, 0, 10], "pivot": [8, 0, 5], "rotation": [-77.64892, 1.72794, -9.85108], "uv": [34, 12]},
						{"origin": [-5, 0.75, -10.5], "size": [5, 0, 9], "pivot": [8, 0, 5], "rotation": [-80, 0, 0], "uv": [45, 12], "mirror": true},
						{"origin": [1.5, 13.5, -7], "size": [5, 0, 6], "pivot": [8, 0, 5], "rotation": [0, -90, -77.5], "uv": [28, 12], "mirror": true},
						{"origin": [9.75, -2.25, -10.5], "size": [5, 0, 6], "pivot": [8, 0, 5], "rotation": [0, 90, 77.5], "uv": [28, 12]},
						{"origin": [-6, 2.75, -8.5], "size": [5, 0, 10], "pivot": [8, 0, 5], "rotation": [-72.56255, -1.50179, 4.76968], "uv": [34, 12], "mirror": true}
					]
				}
			]
		}
	]
}