{
	"format_version": "1.12.0",
	"minecraft:geometry": [
		{
			"description": {
				"identifier": "geometry.mini_peashooter",
				"texture_width": 64,
				"texture_height": 32,
				"visible_bounds_width": 2,
				"visible_bounds_height": 2.5,
				"visible_bounds_offset": [0, 0.75, 0]
			},
			"bones": [
				{
					"name": "pot",
					"pivot": [0, 0, 0],
					"cubes": [
						{"origin": [-4, 0, -4], "size": [8, 8, 8], "uv": [0, 0]},
						{"origin": [-4.5, 7, -4.5], "size": [9, 2, 9], "uv": [0, 16]}
					]
				},
				{
					"name": "pea",
					"parent": "pot",
					"pivot": [0, 8, 0],
					"cubes": [
						{"origin": [-2, 8, -2], "size": [4, 4, 4], "uv": [46, 0]},
						{"origin": [-1.5, 8.5, -3], "size": [3, 3, 1], "uv": [56, 8]},
						{"origin": [0.9, 6.05, -2], "size": [1, 3, 4], "inflate": 0.1, "pivot": [2, 8, -1], "rotation": [0, 0, 75], "uv": [36, 0]},
						{"origin": [1.9, 9.95, -4], "size": [1, 3, 4], "inflate": 0.11, "pivot": [2, 8, -1], "rotation": [180, 0, 105], "uv": [36, 0]},
						{"origin": [0, 11.5, 1.5], "size": [0, 2, 3], "pivot": [0, 12, 3], "rotation": [-180, 0, 180], "uv": [58, -3], "mirror": true}
					]
				}
			]
		}
	]
}