{
	"format_version": "1.12.0",
	"minecraft:geometry": [
		{
			"description": {
				"identifier": "geometry.potatomine",
				"texture_width": 64,
				"texture_height": 32,
				"visible_bounds_width": 2,
				"visible_bounds_height": 2.5,
				"visible_bounds_offset": [0, 0.75, 0]
			},
			"bones": [
				{
					"name": "dirt",
					"pivot": [0, 0, 0],
					"cubes": [
						{"origin": [-5, 0, -5.5], "size": [10, 2, 10], "uv": [0, 20]}
					]
				},
				{
					"name": "potato",
					"pivot": [0, 4, 0],
					"cubes": [
						{"origin": [-2, 2.05, -4.51], "size": [4, 2, 0], "uv": [55, 15]},
						{"origin": [-4, 1.25, -4.5], "size": [8, 6, 8], "uv": [0, 0]},
						{"origin": [-3.5, 7.25, -4], "size": [7, 1, 7], "uv": [36, 0]}
					]
				},
				{
					"name": "antenna",
					"parent": "potato",
					"pivot": [0, 8, -0.5],
					"cubes": [
						{"origin": [-0.8, 7.75, -0.64289], "size": [1, 3, 0], "pivot": [-0.3, -0.75, -0.14289], "rotation": [0, -45, 0], "uv": [62, 25]},
						{"origin": [-0.3, 7.75, -0.14289], "size": [1, 3, 0], "pivot": [-0.3, -0.75, -0.14289], "rotation": [0, 45, 0], "uv": [62, 25]},
						{"origin": [-1, 10.75, -1.45], "size": [2, 2, 2], "uv": [56, 28]}
					]
				},
				{
					"name": "light",
					"parent": "antenna",
					"pivot": [0, 11.75, -0.5],
					"cubes": [
						{"origin": [-1, 10.75, -1.45], "size": [2, 2, 2], "inflate": -0.01, "uv": [48, 28]}
					]
				}
			]
		}
	]
}