{
	"format_version": "1.12.0",
	"minecraft:geometry": [
		{
			"description": {
				"identifier": "geometry.pumpkin",
				"texture_width": 64,
				"texture_height": 64,
				"visible_bounds_width": 2,
				"visible_bounds_height": 2.5,
				"visible_bounds_offset": [0, 0.75, 0]
			},
			"bones": [
				{
					"name": "bone",
					"pivot": [0, 0, 0],
					"cubes": [
						{"origin": [-6.5, 0, -6.5], "size": [13, 1, 13], "uv": [0, 50]},
						{"origin": [-6.5, 11, -6.5], "size": [13, 1, 13], "uv": [0, 30]},
						{"origin": [-7.5, 1, -7.5], "size": [15, 10, 15], "uv": [0, 0]}
					]
				}
			]
		}
	]
}