{
	"format_version": "1.12.0",
	"minecraft:geometry": [
		{
			"description": {
				"identifier": "geometry.snowpea",
				"texture_width": 64,
				"texture_height": 32,
				"visible_bounds_width": 3,
				"visible_bounds_height": 2.5,
				"visible_bounds_offset": [0, 0.75, 0]
			},
			"bones": [
				{
					"name": "ground_leaf",
					"pivot": [0, 0, 0],
					"rotation": [0, -45, 0],
					"cubes": [
						{"origin": [-1.5, 0, -1.5], "size": [3, 1, 3], "uv": [52, 0]},
						{"origin": [-1.5, 1.6, -1], "size": [3, 3, 0], "pivot": [0.5, 0.35285, 0.26706], "rotation": [45, 0, 0], "uv": [58, 4]},
						{"origin": [-1.5, 5.95922, -8.5694], "size": [3, 0, 4], "pivot": [-0.5, 5.95922, 2.4306], "rotation": [30, 0, 0], "uv": [48, 4]},
						{"origin": [-1.25, 1, -0.45], "size": [3, 3, 0], "pivot": [0.5, 0.35285, 0.26706], "rotation": [0, -90, 45], "uv": [58, 4]},
						{"origin": [-3.47671, 5.92387, -11.48294], "size": [3, 0, 4], "pivot": [-2.47671, 5.92387, -0.48294], "rotation": [0, -90, 30], "uv": [48, 4]},
						{"origin": [-1.75, 1, -0.45], "size": [3, 3, 0], "pivot": [-0.5, 0.35285, 0.26706], "rotation": [0, 90, -45], "uv": [58, 4]},
						{"origin": [1.47742, 5.92458, -10.48294], "size": [3, 0, 4], "pivot": [2.47742, 5.92458, 0.51706], "rotation": [0, 90, -30], "uv": [48, 4]},
						{"origin": [-2.5, 1.25, -0.6], "size": [3, 3, 0], "pivot": [-0.5, 0.35285, 0.26706], "rotation": [-135, 0, 180], "uv": [58, 4]},
						{"origin": [-0.5, 5.99529, -13.42752], "size": [3, 0, 4], "pivot": [0.5, 5.99529, -2.42752], "rotation": [-150, 0, 180], "uv": [48, 4]}
					]
				},
				{
					"name": "stem",
					"pivot": [0, 0, 0],
					"cubes": [
						{"origin": [-1.5, 8.5, -1.5], "size": [3, 1, 3], "uv": [52, 8]},
						{"origin": [-0.5, 0.5, -0.5], "size": [1, 8.5, 1], "uv": [44, 0]},
						{"origin": [-0.5, 0.5, -0.5], "size": [1, 8.5, 1], "inflate": 0.1, "uv": [48, 0]}
					]
				},
				{
					"name": "pea",
					"parent": "stem",
					"pivot": [0, 9, 0],
					"cubes": [
						{"origin": [-0.5, 9, -0.5], "size": [1, 1, 1], "inflate": 0.25, "uv": [1, 1]}
					]
				},
				{
					"name": "head",
					"parent": "stem",
					"pivot": [0, 9, 0],
					"cubes": [
						{"origin": [-2.5, 9.5, -3], "size": [5, 6, 6], "uv": [0, 0]},
						{"origin": [-2.5, 13.5, -3], "size": [5, 0, 6], "uv": [10, 0]},
						{"origin": [-2.5, 12.5, 3], "size": [1, 1, 1], "pivot": [0, 0, 0], "rotation": [0, -45, 15], "uv": [0, 0]},
						{"origin": [-1, 13.5, 0], "size": [1, 1, 1], "pivot": [0, 0, 0], "rotation": [-12.5, -45, 15], "uv": [0, 0]},
						{"origin": [3, 12.5, -3], "size": [1, 1, 1], "pivot": [0, 0, 0], "rotation": [0, -42.5, -12.5], "uv": [0, 0]},
						{"origin": [-2.5, 9.5, -3], "size": [5, 6, 6], "inflate": 0.1, "uv": [42, 15]},
						{"origin": [-1.5, 11, -3.85], "size": [3, 3, 1], "inflate": -0.1, "uv": [0, 12]},
						{"origin": [-2, 10.5, -4.5], "size": [4, 4, 1], "inflate": -0.1, "uv": [8, 12]},
						{"origin": [-3, 14.5, -3.5], "size": [6, 3, 7], "uv": [0, 22]},
						{"origin": [-1.5, 8.75, 6.5], "size": [2, 5, 2], "pivot": [0, 0, 0], "rotation": [12.5, 45, 0], "uv": [26, 25]}
					]
				},
				{
					"name": "cheeks",
					"parent": "head",
					"pivot": [0, 10, 0],
					"cubes": [
						{"origin": [-2, 10, -2], "size": [2, 2, 2], "uv": [12, 8]},
						{"origin": [0, 10, -2], "size": [2, 2, 2], "uv": [12, 8], "mirror": true}
					]
				},
				{
					"name": "icycles",
					"parent": "head",
					"pivot": [0, 10, -7],
					"cubes": [
						{"origin": [-1.5, 15.05, 7.1], "size": [3, 0, 6], "pivot": [8, -0.2, 4.6], "rotation": [17.5, 0, 0], "uv": [16, 6]},
						{"origin": [-8.75, -8.2, 7.1], "size": [3, 0, 6], "pivot": [8, -0.2, 4.6], "rotation": [0, -17.5, 90], "uv": [16, 6]},
						{"origin": [-4.5, 15.05, 10.1], "size": [3, 0, 6], "pivot": [5, -0.2, 7.6], "rotation": [17.5, -27, 0], "uv": [16, 6]},
						{"origin": [-11.75, -8.2, 10.1], "size": [3, 0, 6], "pivot": [5, -0.2, 7.6], "rotation": [-28.11346, -15.54118, 98.14613], "uv": [16, 6]},
						{"origin": [0, 15.05, 3.1], "size": [3, 0, 6], "pivot": [9.5, -0.2, 0.6], "rotation": [17.5, 27, 0], "uv": [16, 6]},
						{"origin": [-7.25, -8.2, 3.1], "size": [3, 0, 6], "pivot": [9.5, -0.2, 0.6], "rotation": [28.11346, -15.54118, 81.85387], "uv": [16, 6]},
						{"origin": [-4.5, 10.25, 3.85], "size": [3, 0, 6], "pivot": [5, -5, 1.35], "rotation": [-7.4329, -24.79877, 11.03349], "uv": [16, 6]},
						{"origin": [-11.75, -13, 3.85], "size": [3, 0, 6], "pivot": [5, -5, 1.35], "rotation": [-24.98336, 6.74414, 97.9014], "uv": [16, 6]},
						{"origin": [-7.25, -10.2, -1.9], "size": [3, 0, 6], "pivot": [9.5, -2.2, -4.4], "rotation": [24.98336, 6.74414, 82.0986], "uv": [16, 6]},
						{"origin": [0, 13.05, -1.9], "size": [3, 0, 6], "pivot": [9.5, -2.2, -4.4], "rotation": [-7.4329, 24.79877, -11.03349], "uv": [16, 6]},
						{"origin": [0, 13.05, -1.9], "size": [3, 0, 6], "pivot": [9.5, -2.2, -4.4], "rotation": [-7.4329, 24.79877, -11.03349], "uv": [28, 26]},
						{"origin": [-7.25, -10.2, -1.9], "size": [3, 0, 6], "pivot": [9.5, -2.2, -4.4], "rotation": [24.98336, 6.74414, 82.0986], "uv": [28, 26]},
						{"origin": [-11.75, -13, 3.85], "size": [3, 0, 6], "pivot": [5, -5, 1.35], "rotation": [-24.98336, 6.74414, 97.9014], "uv": [28, 26]},
						{"origin": [-4.5, 10.25, 3.85], "size": [3, 0, 6], "pivot": [5, -5, 1.35], "rotation": [-7.4329, -24.79877, 11.03349], "uv": [28, 26]}
					]
				}
			]
		}
	]
}