{
	"format_version": "1.12.0",
	"minecraft:geometry": [
		{
			"description": {
				"identifier": "geometry.twinflower",
				"texture_width": 64,
				"texture_height": 32,
				"visible_bounds_width": 3,
				"visible_bounds_height": 2.5,
				"visible_bounds_offset": [0, 0.75, 0]
			},
			"bones": [
				{
					"name": "ground_leaf",
					"pivot": [0, 0, 0],
					"rotation": [0, -45, 0],
					"cubes": [
						{"origin": [-1.5, 0, -1.5], "size": [3, 1, 3], "uv": [52, 0]},
						{"origin": [-1.5, 1.6, -1], "size": [3, 3, 0], "pivot": [0.5, 0.35285, 0.26706], "rotation": [45, 0, 0], "uv": [58, 4]},
						{"origin": [-1.5, 5.95922, -8.5694], "size": [3, 0, 4], "pivot": [-0.5, 5.95922, 2.4306], "rotation": [30, 0, 0], "uv": [48, 4]},
						{"origin": [-1.25, 1, -0.45], "size": [3, 3, 0], "pivot": [0.5, 0.35285, 0.26706], "rotation": [0, -90, 45], "uv": [58, 4]},
						{"origin": [-3.47671, 5.92387, -11.48294], "size": [3, 0, 4], "pivot": [-2.47671, 5.92387, -0.48294], "rotation": [0, -90, 30], "uv": [48, 4]},
						{"origin": [-1.75, 1, -0.45], "size": [3, 3, 0], "pivot": [-0.5, 0.35285, 0.26706], "rotation": [0, 90, -45], "uv": [58, 4]},
						{"origin": [1.47742, 5.92458, -10.48294], "size": [3, 0, 4], "pivot": [2.47742, 5.92458, 0.51706], "rotation": [0, 90, -30], "uv": [48, 4]},
						{"origin": [-2.5, 1.25, -0.6], "size": [3, 3, 0], "pivot": [-0.5, 0.35285, 0.26706], "rotation": [-135, 0, 180], "uv": [58, 4]},
						{"origin": [-0.5, 5.99529, -13.42752], "size": [3, 0, 4], "pivot": [0.5, 5.99529, -2.42752], "rotation": [-150, 0, 180], "uv": [48, 4]}
					]
				},
				{
					"name": "stem",
					"pivot": [0, 0, 0],
					"rotation": [0, 0, -30],
					"cubes": [
						{"origin": [-1.5, 12, -0.5], "size": [3, 3, 2], "inflate": 0.1, "uv": [12, 9]},
						{"origin": [-0.5, 0.5, -0.5], "size": [1, 6.5, 1], "uv": [48, 0]},
						{"origin": [-0.5, 9.8509, 0.76327], "size": [1, 3, 1], "uv": [44, 4]},
						{"origin": [-0.5, 5.21667, -4.5346], "size": [1, 3.5, 1], "inflate": -0.01, "pivot": [0, -4.03333, 1.9654], "rotation": [-22.5, 0, 0], "uv": [48, 7]},
						{"origin": [-0.5, 0.5, -0.5], "size": [1, 6.5, 1], "inflate": 0.1, "uv": [40, 0]},
						{"origin": [-0.5, 9.95, 0.8], "size": [1, 3, 1], "inflate": 0.1, "uv": [44, 0]},
						{"origin": [-0.5, 7.25, -2.5], "size": [1, 3.5, 1], "inflate": 0.11, "pivot": [0, 2, -2], "rotation": [-22.5, 0, 0], "uv": [44, 0]},
						{"origin": [-12.5, 21.15, 14.75], "size": [4, 0, 3], "pivot": [-4, 7, 13], "rotation": [75, 0, 90], "uv": [-3, 15], "mirror": true},
						{"origin": [-2, 24.25, 15.75], "size": [4, 0, 3], "pivot": [8, 9, 14], "rotation": [75, 0, 0], "uv": [-3, 15], "mirror": true},
						{"origin": [-4.5, 35.4, 15.75], "size": [4, 0, 3], "pivot": [5, 21, 13], "rotation": [75, 0, -90], "uv": [-3, 15], "mirror": true}
					]
				},
				{
					"name": "head",
					"parent": "stem",
					"pivot": [-7, 3, -1],
					"rotation": [0, 0, 30],
					"cubes": [
						{"origin": [-9.5, 14, -1.5], "size": [5, 5, 1], "uv": [0, 9]},
						{"origin": [-11, 12.5, -2.3], "size": [8, 8, 1], "inflate": -0.2, "uv": [0, 0]},
						{"origin": [-11, 12.5, -2.3], "size": [8, 8, 1], "inflate": -0.19, "uv": [0, 23]}
					]
				},
				{
					"name": "leafs",
					"parent": "head",
					"pivot": [-7, 13, -8],
					"cubes": [
						{"origin": [-10.5, 28.25, 14.75], "size": [3, 0, 3], "pivot": [0, 13, 12], "rotation": [75, 0, 0], "uv": [15, 0], "mirror": true},
						{"origin": [-6.5, 28.25, 14.75], "size": [3, 0, 3], "pivot": [0, 13, 12], "rotation": [75, 0, 0], "uv": [15, 0], "mirror": true},
						{"origin": [-8.5, 28.4, 15.25], "size": [3, 0, 3], "pivot": [0, 13, 12], "rotation": [75, 0, 0], "uv": [15, 0], "mirror": true},
						{"origin": [-22.5, 34.65, 17.85], "size": [3, 0, 3], "pivot": [-14, 20, 12], "rotation": [85, 0, -180], "uv": [15, 0], "mirror": true},
						{"origin": [-20.5, 33.65, 18.85], "size": [3, 0, 3], "pivot": [-14, 20, 12], "rotation": [90, 0, -180], "uv": [15, 0], "mirror": true},
						{"origin": [-24.5, 33.65, 18.85], "size": [3, 0, 3], "pivot": [-14, 20, 12], "rotation": [90, 0, -180], "uv": [15, 0], "mirror": true},
						{"origin": [-19.75, 25.25, 14.5], "size": [3, 0, 3], "pivot": [-10, 10, 12], "rotation": [75, 0, 90], "uv": [15, 0], "mirror": true},
						{"origin": [-16, 25.25, 14.5], "size": [3, 0, 3], "pivot": [-10, 10, 12], "rotation": [75, 0, 90], "uv": [15, 0], "mirror": true},
						{"origin": [-18, 24, 18.5], "size": [3, 0, 3], "pivot": [-10, 10, 12], "rotation": [90, 0, 90], "uv": [15, 0], "mirror": true},
						{"origin": [-9, 34, 18.25], "size": [3, 0, 3], "pivot": [0, 20, 12], "rotation": [90, 0, -45], "uv": [15, 0], "mirror": true},
						{"origin": [-10.25, 39.5, 15.75], "size": [3, 0, 3], "pivot": [-3, 24, 12], "rotation": [75, 0, -90], "uv": [15, 0], "mirror": true},
						{"origin": [-12, 38, 19.75], "size": [3, 0, 3], "pivot": [-3, 24, 12], "rotation": [90, 0, -90], "uv": [15, 0], "mirror": true},
						{"origin": [-14, 39.5, 15.75], "size": [3, 0, 3], "pivot": [-3, 24, 12], "rotation": [75, 0, -90], "uv": [15, 0], "mirror": true},
						{"origin": [-23.3, 38, 18.6], "size": [3, 0, 3], "pivot": [-13, 24, 12], "rotation": [90, 0, -145], "uv": [15, 0], "mirror": true},
						{"origin": [-12.6, 23, 18.25], "size": [3, 0, 3], "pivot": [-3, 9, 12], "rotation": [90, 0, 45], "uv": [15, 0], "mirror": true},
						{"origin": [-22.5, 29, 18.7], "size": [3, 0, 3], "pivot": [-14, 15, 12], "rotation": [90, 0, 145], "uv": [15, 0], "mirror": true}
					]
				},
				{
					"name": "glow_leafs",
					"parent": "head",
					"pivot": [-14, 15, 13],
					"cubes": [
						{"origin": [-16, 25.25, 14.5], "size": [3, 0, 3], "pivot": [-10, 10, 12], "rotation": [75, 0, 90], "uv": [15, 29], "mirror": true},
						{"origin": [-18, 24, 18.5], "size": [3, 0, 3], "pivot": [-10, 10, 12], "rotation": [90, 0, 90], "uv": [15, 29], "mirror": true},
						{"origin": [-19.75, 25.25, 14.5], "size": [3, 0, 3], "pivot": [-10, 10, 12], "rotation": [75, 0, 90], "uv": [15, 29], "mirror": true},
						{"origin": [-12.6, 23, 18.25], "size": [3, 0, 3], "pivot": [-3, 9, 12], "rotation": [90, 0, 45], "uv": [15, 29], "mirror": true},
						{"origin": [-6.5, 28.25, 14.75], "size": [3, 0, 3], "pivot": [0, 13, 12], "rotation": [75, 0, 0], "uv": [15, 29], "mirror": true},
						{"origin": [-8.5, 28.4, 15.25], "size": [3, 0, 3], "pivot": [0, 13, 12], "rotation": [75, 0, 0], "uv": [15, 29], "mirror": true},
						{"origin": [-10.5, 28.25, 14.75], "size": [3, 0, 3], "pivot": [0, 13, 12], "rotation": [75, 0, 0], "uv": [15, 29], "mirror": true},
						{"origin": [-9, 34, 18.25], "size": [3, 0, 3], "pivot": [0, 20, 12], "rotation": [90, 0, -45], "uv": [15, 29], "mirror": true},
						{"origin": [-10.25, 39.5, 15.75], "size": [3, 0, 3], "pivot": [-3, 24, 12], "rotation": [75, 0, -90], "uv": [15, 29], "mirror": true},
						{"origin": [-12, 38, 19.75], "size": [3, 0, 3], "pivot": [-3, 24, 12], "rotation": [90, 0, -90], "uv": [15, 29], "mirror": true},
						{"origin": [-14, 39.5, 15.75], "size": [3, 0, 3], "pivot": [-3, 24, 12], "rotation": [75, 0, -90], "uv": [15, 29], "mirror": true},
						{"origin": [-23.3, 38, 18.6], "size": [3, 0, 3], "pivot": [-13, 24, 12], "rotation": [90, 0, -145], "uv": [15, 29], "mirror": true},
						{"origin": [-20.5, 33.65, 18.85], "size": [3, 0, 3], "pivot": [-14, 20, 12], "rotation": [90, 0, -180], "uv": [15, 29], "mirror": true},
						{"origin": [-22.5, 34.65, 17.85], "size": [3, 0, 3], "pivot": [-14, 20, 12], "rotation": [85, 0, -180], "uv": [15, 29], "mirror": true},
						{"origin": [-24.5, 33.65, 18.85], "size": [3, 0, 3], "pivot": [-14, 20, 12], "rotation": [90, 0, -180], "uv": [15, 29], "mirror": true},
						{"origin": [-22.5, 29, 18.7], "size": [3, 0, 3], "pivot": [-14, 15, 12], "rotation": [90, 0, 145], "uv": [15, 29], "mirror": true}
					]
				},
				{
					"name": "stem2",
					"pivot": [0, 0, 0],
					"rotation": [2.5, 0, 30],
					"cubes": [
						{"origin": [-1.5, 12, -0.5], "size": [3, 3, 2], "inflate": 0.1, "uv": [12, 9]},
						{"origin": [-0.5, 0.5, -0.5], "size": [1, 6.5, 1], "uv": [48, 0]},
						{"origin": [-0.5, 9.8509, 0.76327], "size": [1, 3, 1], "uv": [44, 4]},
						{"origin": [-0.5, 5.21667, -4.5346], "size": [1, 3.5, 1], "inflate": -0.01, "pivot": [0, -4.03333, 1.9654], "rotation": [-22.5, 0, 0], "uv": [48, 7]},
						{"origin": [-0.5, 0.5, -0.5], "size": [1, 6.5, 1], "inflate": 0.1, "uv": [40, 0]},
						{"origin": [-0.5, 9.95, 0.8], "size": [1, 3, 1], "inflate": 0.1, "uv": [44, 0]},
						{"origin": [-0.5, 7.25, -2.5], "size": [1, 3.5, 1], "inflate": 0.11, "pivot": [0, 2, -2], "rotation": [-22.5, 0, 0], "uv": [44, 0]},
						{"origin": [-12.5, 21.15, 14.75], "size": [4, 0, 3], "pivot": [-4, 7, 13], "rotation": [75, 0, 90], "uv": [-3, 15], "mirror": true},
						{"origin": [-2, 24.25, 15.75], "size": [4, 0, 3], "pivot": [8, 9, 14], "rotation": [75, 0, 0], "uv": [-3, 15], "mirror": true},
						{"origin": [-4.5, 35.4, 15.75], "size": [4, 0, 3], "pivot": [5, 21, 13], "rotation": [75, 0, -90], "uv": [-3, 15], "mirror": true}
					]
				},
				{
					"name": "head2",
					"parent": "stem2",
					"pivot": [7, 3, -1],
					"rotation": [0, 0, -30],
					"cubes": [
						{"origin": [4.5, 14, -1.5], "size": [5, 5, 1], "uv": [0, 9]},
						{"origin": [3, 12.5, -2.3], "size": [8, 8, 1], "inflate": -0.2, "uv": [46, 23]},
						{"origin": [3, 12.5, -2.3], "size": [8, 8, 1], "inflate": -0.19, "uv": [24, 23]}
					]
				},
				{
					"name": "leafs2",
					"parent": "head2",
					"pivot": [7, 13, -8],
					"cubes": [
						{"origin": [3.5, 28.25, 14.75], "size": [3, 0, 3], "pivot": [14, 13, 12], "rotation": [75, 0, 0], "uv": [15, 0], "mirror": true},
						{"origin": [7.5, 28.25, 14.75], "size": [3, 0, 3], "pivot": [14, 13, 12], "rotation": [75, 0, 0], "uv": [15, 0], "mirror": true},
						{"origin": [5.5, 28.4, 15.25], "size": [3, 0, 3], "pivot": [14, 13, 12], "rotation": [75, 0, 0], "uv": [15, 0], "mirror": true},
						{"origin": [-8.5, 34.65, 17.85], "size": [3, 0, 3], "pivot": [0, 20, 12], "rotation": [85, 0, -180], "uv": [15, 0], "mirror": true},
						{"origin": [-6.5, 33.65, 18.85], "size": [3, 0, 3], "pivot": [0, 20, 12], "rotation": [90, 0, -180], "uv": [15, 0], "mirror": true},
						{"origin": [-10.5, 33.65, 18.85], "size": [3, 0, 3], "pivot": [0, 20, 12], "rotation": [90, 0, -180], "uv": [15, 0], "mirror": true},
						{"origin": [-5.75, 25.25, 14.5], "size": [3, 0, 3], "pivot": [4, 10, 12], "rotation": [75, 0, 90], "uv": [15, 0], "mirror": true},
						{"origin": [-2, 25.25, 14.5], "size": [3, 0, 3], "pivot": [4, 10, 12], "rotation": [75, 0, 90], "uv": [15, 0], "mirror": true},
						{"origin": [-4, 24, 18.5], "size": [3, 0, 3], "pivot": [4, 10, 12], "rotation": [90, 0, 90], "uv": [15, 0], "mirror": true},
						{"origin": [5, 34, 18.25], "size": [3, 0, 3], "pivot": [14, 20, 12], "rotation": [90, 0, -45], "uv": [15, 0], "mirror": true},
						{"origin": [3.75, 39.5, 15.75], "size": [3, 0, 3], "pivot": [11, 24, 12], "rotation": [75, 0, -90], "uv": [15, 0], "mirror": true},
						{"origin": [2, 38, 19.75], "size": [3, 0, 3], "pivot": [11, 24, 12], "rotation": [90, 0, -90], "uv": [15, 0], "mirror": true},
						{"origin": [0, 39.5, 15.75], "size": [3, 0, 3], "pivot": [11, 24, 12], "rotation": [75, 0, -90], "uv": [15, 0], "mirror": true},
						{"origin": [-9.3, 38, 18.6], "size": [3, 0, 3], "pivot": [1, 24, 12], "rotation": [90, 0, -145], "uv": [15, 0], "mirror": true},
						{"origin": [1.4, 23, 18.25], "size": [3, 0, 3], "pivot": [11, 9, 12], "rotation": [90, 0, 45], "uv": [15, 0], "mirror": true},
						{"origin": [-8.5, 29, 18.7], "size": [3, 0, 3], "pivot": [0, 15, 12], "rotation": [90, 0, 145], "uv": [15, 0], "mirror": true}
					]
				},
				{
					"name": "glow_leafs2",
					"parent": "head2",
					"pivot": [0, 15, 13],
					"cubes": [
						{"origin": [-2, 25.25, 14.5], "size": [3, 0, 3], "pivot": [4, 10, 12], "rotation": [75, 0, 90], "uv": [15, 29], "mirror": true},
						{"origin": [-4, 24, 18.5], "size": [3, 0, 3], "pivot": [4, 10, 12], "rotation": [90, 0, 90], "uv": [15, 29], "mirror": true},
						{"origin": [-5.75, 25.25, 14.5], "size": [3, 0, 3], "pivot": [4, 10, 12], "rotation": [75, 0, 90], "uv": [15, 29], "mirror": true},
						{"origin": [1.4, 23, 18.25], "size": [3, 0, 3], "pivot": [11, 9, 12], "rotation": [90, 0, 45], "uv": [15, 29], "mirror": true},
						{"origin": [7.5, 28.25, 14.75], "size": [3, 0, 3], "pivot": [14, 13, 12], "rotation": [75, 0, 0], "uv": [15, 29], "mirror": true},
						{"origin": [5.5, 28.4, 15.25], "size": [3, 0, 3], "pivot": [14, 13, 12], "rotation": [75, 0, 0], "uv": [15, 29], "mirror": true},
						{"origin": [3.5, 28.25, 14.75], "size": [3, 0, 3], "pivot": [14, 13, 12], "rotation": [75, 0, 0], "uv": [15, 29], "mirror": true},
						{"origin": [5, 34, 18.25], "size": [3, 0, 3], "pivot": [14, 20, 12], "rotation": [90, 0, -45], "uv": [15, 29], "mirror": true},
						{"origin": [3.75, 39.5, 15.75], "size": [3, 0, 3], "pivot": [11, 24, 12], "rotation": [75, 0, -90], "uv": [15, 29], "mirror": true},
						{"origin": [2, 38, 19.75], "size": [3, 0, 3], "pivot": [11, 24, 12], "rotation": [90, 0, -90], "uv": [15, 29], "mirror": true},
						{"origin": [0, 39.5, 15.75], "size": [3, 0, 3], "pivot": [11, 24, 12], "rotation": [75, 0, -90], "uv": [15, 29], "mirror": true},
						{"origin": [-9.3, 38, 18.6], "size": [3, 0, 3], "pivot": [1, 24, 12], "rotation": [90, 0, -145], "uv": [15, 29], "mirror": true},
						{"origin": [-6.5, 33.65, 18.85], "size": [3, 0, 3], "pivot": [0, 20, 12], "rotation": [90, 0, -180], "uv": [15, 29], "mirror": true},
						{"origin": [-8.5, 34.65, 17.85], "size": [3, 0, 3], "pivot": [0, 20, 12], "rotation": [85, 0, -180], "uv": [15, 29], "mirror": true},
						{"origin": [-10.5, 33.65, 18.85], "size": [3, 0, 3], "pivot": [0, 20, 12], "rotation": [90, 0, -180], "uv": [15, 29], "mirror": true},
						{"origin": [-8.5, 29, 18.7], "size": [3, 0, 3], "pivot": [0, 15, 12], "rotation": [90, 0, 145], "uv": [15, 29], "mirror": true}
					]
				}
			]
		}
	]
}