{
	"format_version": "1.12.0",
	"minecraft:geometry": [
		{
			"description": {
				"identifier": "geometry.serppvzzombieimp",
				"texture_width": 48,
				"texture_height": 48,
				"visible_bounds_width": 4,
				"visible_bounds_height": 4,
				"visible_bounds_offset": [0, 1, 0]
			},
			"bones": [
				{
					"name": "zombie",
					"pivot": [0, 0, 0]
				},
				{
					"name": "body_root",
					"parent": "zombie",
					"pivot": [0, 7, 0]
				},
				{
					"name": "head",
					"parent": "body_root",
					"pivot": [0, 14, -2],
					"cubes": [
						{"origin": [-3, 15, -7], "size": [6, 4.5, 6], "uv": [21, 8]},
						{"origin": [-2.5, 14, -6.5], "size": [5, 1, 0], "uv": [23, 19]},
						{"origin": [-2.5, 19, -6.5], "size": [5, 1, 5], "uv": [0, 27]},
						{"origin": [-1.5, 20, -6.5], "size": [4, 1, 0], "pivot": [-1.5, 20.5, -6.5], "rotation": [0, -35, 0], "uv": [37, 0]},
						{"origin": [-2.5, 20, -4.5], "size": [4, 1, 0], "pivot": [-2.5, 20.5, -4.5], "rotation": [0, -45, 0], "uv": [36, 25]},
						{"origin": [-3.5, 15.5, -6.5], "size": [1, 3.5, 5], "uv": [0, 39]},
						{"origin": [2.5, 15.5, -6.5], "size": [1, 3.5, 5], "uv": [0, 39], "mirror": true},
						{"origin": [-2.5, 15.5, -7.5], "size": [5, 3.5, 1], "uv": [0, 34]},
						{"origin": [-2.5, 15.5, -1.5], "size": [5, 3.5, 1], "uv": [0, 34]},
						{"origin": [-3.5, 15.25, -8], "size": [3, 3, 0], "pivot": [-1, 18, -8], "rotation": [0, 17, 0], "uv": [13, 38]},
						{"origin": [0.75, 15.5, -8], "size": [3, 3, 0], "pivot": [1, 18, -8], "rotation": [0, -17, 0], "uv": [13, 34]}
					]
				},
				{
					"name": "mouth",
					"parent": "head",
					"pivot": [0, 15, -1.5],
					"rotation": [15, 0, 0],
					"cubes": [
						{"origin": [-3, 14, -6.5], "size": [6, 1, 5], "uv": [18, 22]},
						{"origin": [-2, 15, -6], "size": [4, 1, 0], "uv": [21, 0]}
					]
				},
				{
					"name": "body",
					"parent": "body_root",
					"pivot": [0, 7, 0],
					"rotation": [15, 0, 0],
					"cubes": [
						{"origin": [-3, 7, -3], "size": [6, 7, 5], "uv": [0, 14]},
						{"origin": [-3.5, 8, -3.5], "size": [7, 6, 6], "inflate": 0.1, "uv": [0, 0]}
					]
				},
				{
					"name": "arms",
					"parent": "body",
					"pivot": [0, 13, -1],
					"rotation": [-15, 0, 0]
				},
				{
					"name": "right_arm",
					"parent": "arms",
					"pivot": [-4.5, 13, -1],
					"cubes": [
						{"origin": [-6, 11, -2.5], "size": [3, 3, 3], "inflate": -0.2, "uv": [27, 0]},
						{"origin": [-5.5, 5.2, -2.5], "size": [2, 2, 3], "uv": [34, 29]},
						{"origin": [-5.5, 7.2, -2], "size": [2, 4, 2], "uv": [36, 19]}
					]
				},
				{
					"name": "left_arm",
					"parent": "arms",
					"pivot": [4.5, 13, -1],
					"cubes": [
						{"origin": [3, 11, -2.5], "size": [3, 3, 3], "inflate": -0.2, "uv": [27, 0], "mirror": true},
						{"origin": [3.5, 5.2, -2.5], "size": [2, 2, 3], "uv": [34, 29], "mirror": true},
						{"origin": [3.5, 7.2, -2], "size": [2, 4, 2], "uv": [36, 19], "mirror": true}
					]
				},
				{
					"name": "legs",
					"parent": "zombie",
					"pivot": [0, 7, 0]
				},
				{
					"name": "right_leg",
					"parent": "legs",
					"pivot": [-2, 7, 0],
					"cubes": [
						{"origin": [-3.5, 0, -1.5], "size": [3, 7, 3], "uv": [21, 29]},
						{"origin": [-3.5, 0, -2.5], "size": [3, 1, 1], "uv": [35, 36]}
					]
				},
				{
					"name": "left_leg",
					"parent": "legs",
					"pivot": [2, 7, 0],
					"cubes": [
						{"origin": [0.5, 0, -1.5], "size": [3, 7, 3], "uv": [21, 29], "mirror": true},
						{"origin": [0.5, 0, -2.5], "size": [3, 1, 1], "uv": [35, 36], "mirror": true}
					]
				}
			]
		}
	]
}