{
	"format_version": "1.12.0",
	"minecraft:geometry": [
		{
			"description": {
				"identifier": "geometry.serppvznewspaperzombie",
				"texture_width": 64,
				"texture_height": 64,
				"visible_bounds_width": 4,
				"visible_bounds_height": 3.5,
				"visible_bounds_offset": [0, 1.25, 0]
			},
			"bones": [
				{
					"name": "zombie",
					"pivot": [0, 0, 0]
				},
				{
					"name": "body_root",
					"parent": "zombie",
					"pivot": [0, 14, 0]
				},
				{
					"name": "head",
					"parent": "body_root",
					"pivot": [0, 25, -5],
					"cubes": [
						{"origin": [-3, 25, -10], "size": [6, 5, 6], "uv": [0, 17]},
						{"origin": [-2.5, 24, -9.5], "size": [5, 1, 0], "uv": [7, 46]},
						{"origin": [-2.5, 29.5, -9.5], "size": [5, 1, 5], "uv": [34, 22]},
						{"origin": [-2.5, 29.5, -10], "size": [5, 1, 6], "pivot": [2.5, 30.5, -7], "rotation": [0, 0, 10], "uv": [0, 29]},
						{"origin": [-4.5, 26.5, -8.5], "size": [1, 3, 0], "pivot": [-3.5, 29.5, -8.5], "rotation": [20, 0, 0], "uv": [0, 17]},
						{"origin": [3.5, 26.5, -8.5], "size": [1, 3, 0], "pivot": [3.5, 29.5, -8.5], "rotation": [20, 0, 0], "uv": [0, 17], "mirror": true},
						{"origin": [-4.5, 25.5, -6.5], "size": [1, 3, 0], "pivot": [-3.5, 28.5, -6.5], "rotation": [35, 0, 0], "uv": [0, 0]},
						{"origin": [3.5, 25.5, -6.5], "size": [1, 3, 0], "pivot": [3.5, 28.5, -6.5], "rotation": [35, 0, 0], "uv": [0, 0], "mirror": true},
						{"origin": [-3.5, 25.5, -9.5], "size": [1, 4, 5], "uv": [41, 43]},
						{"origin": [-3.5, 25.5, -11], "size": [7, 2, 4], "inflate": 0.1, "pivot": [0, 27, -7], "rotation": [10, 0, 0], "uv": [21, 15]},
						{"origin": [2.5, 25.5, -9.5], "size": [1, 4, 5], "uv": [41, 43], "mirror": true},
						{"origin": [-2.5, 25.5, -10.5], "size": [5, 4, 1], "uv": [50, 21]},
						{"origin": [-2.5, 25.5, -4.5], "size": [5, 4, 1], "uv": [50, 21]},
						{"origin": [-3.5, 25.75, -11], "size": [3, 3, 0], "pivot": [-1, 28, -11], "rotation": [0, 17, 0], "uv": [54, 10]},
						{"origin": [0.75, 25.5, -11], "size": [3, 3, 0], "pivot": [1, 28, -11], "rotation": [0, -17, 0], "uv": [0, 56]}
					]
				},
				{
					"name": "mouth",
					"parent": "head",
					"pivot": [0, 25, -5],
					"rotation": [-30, 0, 0],
					"cubes": [
						{"origin": [-2, 22.36603, -8.63397], "size": [4, 1, 3], "pivot": [0, 23.36603, -4.63397], "rotation": [30, 0, 0], "uv": [42, 29]},
						{"origin": [-2, 22.5, -8], "size": [4, 1, 0], "pivot": [0, 22.86603, -5.5], "rotation": [30, 0, 0], "uv": [17, 31]},
						{"origin": [-2, 22, -7], "size": [4, 3, 2], "uv": [48, 34]},
						{"origin": [-2, 22, -7.1], "size": [4, 2, 0], "uv": [20, 0]},
						{"origin": [-2, 22, -7], "size": [1, 3.16, 2], "pivot": [-2, 22, -6], "rotation": [0, 0, -18.4], "uv": [9, 53]},
						{"origin": [1, 22, -7], "size": [1, 3.16, 2], "pivot": [2, 22, -6], "rotation": [0, 0, 18.4], "uv": [9, 53], "mirror": true}
					]
				},
				{
					"name": "body",
					"parent": "body_root",
					"pivot": [0, 14, 0],
					"rotation": [15, 0, 0],
					"cubes": [
						{"origin": [-3, 14, -2], "size": [6, 10, 4], "uv": [25, 0]},
						{"origin": [-1.5, 14, -2], "size": [3, 10, 0], "pivot": [0, 24, -2], "rotation": [-15, 0, 0], "uv": [22, 51]},
						{"origin": [-3.5, 13, -2.5], "size": [7, 11, 5], "inflate": 0.1, "uv": [0, 0]},
						{"origin": [-1, 24, -1.5], "size": [2, 3, 2], "pivot": [1, 24, 0.5], "rotation": [30, 0, 0], "uv": [54, 47]}
					]
				},
				{
					"name": "arms",
					"parent": "body",
					"pivot": [0, 23, -1],
					"rotation": [-15, 0, 0]
				},
				{
					"name": "right_arm",
					"parent": "arms",
					"pivot": [-4.5, 23, -1],
					"cubes": [
						{"origin": [-6, 14.5, -2.5], "size": [3, 1, 3], "uv": [9, 48]},
						{"origin": [-6, 14, -2.5], "size": [3, 10, 3], "inflate": -0.2, "uv": [19, 37]},
						{"origin": [-5.5, 12.2, -2.3], "size": [2, 2, 3], "uv": [49, 40]}
					]
				},
				{
					"name": "left_arm",
					"parent": "arms",
					"pivot": [4.5, 23, -1],
					"cubes": [
						{"origin": [3, 14.5, -2.5], "size": [3, 1, 3], "uv": [9, 48], "mirror": true},
						{"origin": [3, 14, -2.5], "size": [3, 10, 3], "inflate": -0.2, "uv": [19, 37], "mirror": true},
						{"origin": [3.5, 12.2, -2.3], "size": [2, 2, 3], "uv": [49, 40], "mirror": true}
					]
				},
				{
					"name": "newspaper",
					"parent": "arms",
					"pivot": [0, 23, -1],
					"cubes": [
						{"origin": [0, 5.5, -7], "size": [0, 8, 12], "pivot": [0, 5.5, -1], "rotation": [0, 0, 32.5], "uv": [40, 44], "mirror": true},
						{"origin": [0, 5.5, -7], "size": [0, 8, 12], "pivot": [0, 5.5, -1], "rotation": [0, 0, -32.5], "uv": [40, 44]}
					]
				},
				{
					"name": "legs",
					"parent": "zombie",
					"pivot": [0, 14, 0]
				},
				{
					"name": "right_leg",
					"parent": "legs",
					"pivot": [-2, 14, 0],
					"cubes": [
						{"origin": [-3.5, 9, -1.5], "size": [3, 5, 3], "uv": [44, 12]},
						{"origin": [-3, 7, -1], "size": [2, 7, 2], "inflate": 0.02, "uv": [0, 46]},
						{"origin": [-2.90958, 0.28679, -1], "size": [2, 7, 2], "pivot": [-1.40958, 7.28679, 0.5], "rotation": [0, 0, 35], "uv": [46, 0]},
						{"origin": [-6.5, 0, -1.5], "size": [6, 2, 3], "inflate": 0.03, "pivot": [-6.5, 0, 0], "rotation": [0, 0, -5], "uv": [32, 37]},
						{"origin": [-7, -0.2, -2], "size": [7, 1, 4], "inflate": -0.2, "uv": [23, 31]}
					]
				},
				{
					"name": "left_leg",
					"parent": "legs",
					"pivot": [2, 14, 0],
					"cubes": [
						{"origin": [0.5, 9, -1.5], "size": [3, 5, 3], "uv": [44, 12]},
						{"origin": [1, 2, -1], "size": [2, 11, 2], "uv": [32, 43]},
						{"origin": [0.5, 0, -4.5], "size": [3, 2, 6], "pivot": [1, 0, 1.5], "rotation": [-5, 0, 0], "uv": [0, 37]},
						{"origin": [0, -0.2, -5], "size": [4, 1, 7], "inflate": -0.2, "uv": [18, 22]}
					]
				}
			]
		}
	]
}