{
	"format_version": "1.12.0",
	"minecraft:geometry": [
		{
			"description": {
				"identifier": "geometry.serppvzzombiebasic",
				"texture_width": 80,
				"texture_height": 80,
				"visible_bounds_width": 4,
				"visible_bounds_height": 3.5,
				"visible_bounds_offset": [0, 1.25, 0]
			},
			"bones": [
				{
					"name": "zombie",
					"pivot": [0, 0, 0]
				},
				{
					"name": "body_root",
					"parent": "zombie",
					"pivot": [0, 14, 0]
				},
				{
					"name": "head",
					"parent": "body_root",
					"pivot": [0, 25, -5],
					"cubes": [
						{"origin": [-3, 25, -10], "size": [6, 5, 6], "uv": [25, 24]},
						{"origin": [-2.5, 24, -9.5], "size": [5, 1, 0], "uv": [20, 24]},
						{"origin": [-2.5, 29.5, -9.5], "size": [5, 1, 5], "uv": [45, 31]},
						{"origin": [-1.5, 30.5, -9.5], "size": [4, 1, 0], "pivot": [-1.5, 30.5, -9.5], "rotation": [0, -35, 0], "uv": [50, 29]},
						{"origin": [-2.5, 30.5, -7.5], "size": [4, 1, 0], "pivot": [-2.5, 30.5, -7.5], "rotation": [0, -45, 0], "uv": [44, 27]},
						{"origin": [-4.5, 26.5, -8.5], "size": [1, 3, 0], "pivot": [-3.5, 29.5, -8.5], "rotation": [20, 0, 0], "uv": [19, 13]},
						{"origin": [3.5, 26.5, -8.5], "size": [1, 3, 0], "pivot": [3.5, 29.5, -8.5], "rotation": [20, 0, 0], "uv": [19, 13], "mirror": true},
						{"origin": [-4.5, 25.5, -6.5], "size": [1, 3, 0], "pivot": [-3.5, 28.5, -6.5], "rotation": [35, 0, 0], "uv": [19, 9]},
						{"origin": [3.5, 25.5, -6.5], "size": [1, 3, 0], "pivot": [3.5, 28.5, -6.5], "rotation": [35, 0, 0], "uv": [19, 9], "mirror": true},
						{"origin": [-3.5, 25.5, -9.5], "size": [1, 4, 5], "uv": [8, 56]},
						{"origin": [2.5, 25.5, -9.5], "size": [1, 4, 5], "uv": [8, 56], "mirror": true},
						{"origin": [-2.5, 25.5, -10.5], "size": [5, 4, 1], "uv": [61, 54]},
						{"origin": [-2.5, 25.5, -4.5], "size": [5, 4, 1], "uv": [61, 54]},
						{"origin": [-3.5, 25.75, -11], "size": [3, 3, 0], "pivot": [-1, 28, -11], "rotation": [0, 17, 0], "uv": [44, 14]},
						{"origin": [0.75, 25.5, -11], "size": [3, 3, 0], "pivot": [1, 28, -11], "rotation": [0, -17, 0], "uv": [16, 41]}
					]
				},
				{
					"name": "mouth",
					"parent": "head",
					"pivot": [0, 25, -5],
					"rotation": [-30, 0, 0],
					"cubes": [
						{"origin": [-2, 22.36603, -8.63397], "size": [4, 1, 3], "pivot": [0, 23.36603, -4.63397], "rotation": [30, 0, 0], "uv": [60, 24]},
						{"origin": [-2, 22.5, -8], "size": [4, 1, 0], "pivot": [0, 22.86603, -5.5], "rotation": [30, 0, 0], "uv": [20, 26]},
						{"origin": [-2, 22, -7], "size": [4, 3, 2], "uv": [61, 29]},
						{"origin": [-2, 22, -7.1], "size": [4, 2, 0], "uv": [0, 6]},
						{"origin": [-2, 22, -7], "size": [1, 3.16, 2], "pivot": [-2, 22, -6], "rotation": [0, 0, -18.4], "uv": [0, 41]},
						{"origin": [1, 22, -7], "size": [1, 3.16, 2], "pivot": [2, 22, -6], "rotation": [0, 0, 18.4], "uv": [0, 41], "mirror": true}
					]
				},
				{
					"name": "cone",
					"parent": "head",
					"pivot": [2.5, 30.5, -6.5],
					"rotation": [0, 0, 10],
					"cubes": [
						{"origin": [-0.5, 30.5, -9], "size": [0, 8, 5], "pivot": [-0.5, 30.5, -6.5], "rotation": [0, 0, 12], "uv": [18, 46]},
						{"origin": [3.5, 30.5, -9], "size": [0, 8, 5], "pivot": [3.5, 30.5, -6.5], "rotation": [0, 0, -12], "uv": [18, 46], "mirror": true},
						{"origin": [-1, 30.5, -8.5], "size": [5, 8, 0], "pivot": [1, 30.5, -8.5], "rotation": [-12, 0, 0], "uv": [10, 0]},
						{"origin": [-1, 30.5, -4.5], "size": [5, 8, 0], "pivot": [1, 30.5, -4.5], "rotation": [12, 0, 0], "uv": [10, 0]},
						{"origin": [-1.5, 30.5, -9.5], "size": [6, 0, 6], "uv": [44, 7]}
					]
				},
				{
					"name": "bucket",
					"parent": "head",
					"pivot": [0, 29, -7],
					"rotation": [-20, 0, 0],
					"cubes": [
						{"origin": [-3, 29, -10], "size": [6, 6, 6], "inflate": 0.55, "uv": [25, 0]},
						{"origin": [-3, 30, -14.5], "size": [6, 1, 6], "inflate": 0.6, "pivot": [0, 31, -9], "rotation": [40, 0, 0], "uv": [25, 13]}
					]
				},
				{
					"name": "body",
					"parent": "body_root",
					"pivot": [0, 14, 0],
					"rotation": [15, 0, 0],
					"cubes": [
						{"origin": [-3, 14, -2], "size": [6, 10, 4], "uv": [25, 36]},
						{"origin": [-1.5, 14, -2], "size": [3, 10, 0], "pivot": [0, 24, -2], "rotation": [-15, 0, 0], "uv": [21, 60]},
						{"origin": [-3.5, 13, -2.5], "size": [7, 11, 5], "inflate": 0.1, "uv": [0, 24]},
						{"origin": [-1, 24, -1.5], "size": [2, 3, 2], "pivot": [1, 24, 0.5], "rotation": [30, 0, 0], "uv": [0, 0]}
					]
				},
				{
					"name": "arms",
					"parent": "body",
					"pivot": [0, 23, -1],
					"rotation": [-15, 0, 0]
				},
				{
					"name": "right_arm",
					"parent": "arms",
					"pivot": [-4.5, 23, -1],
					"cubes": [
						{"origin": [-6, 14.5, -2.5], "size": [3, 1, 3], "uv": [38, 60]},
						{"origin": [-6, 14, -2.5], "size": [3, 10, 3], "inflate": -0.2, "uv": [46, 38]},
						{"origin": [-5.5, 12.2, -2.3], "size": [2, 2, 3], "uv": [58, 60]}
					]
				},
				{
					"name": "right_arm_flag",
					"parent": "arms",
					"pivot": [-4.5, 23, -1],
					"rotation": [-60, 0, 0],
					"cubes": [
						{"origin": [-6, 14.5, -2.5], "size": [3, 1, 3], "uv": [38, 60]},
						{"origin": [-6, 14, -2.5], "size": [3, 10, 3], "inflate": -0.2, "uv": [46, 38]},
						{"origin": [-5.5, 12.2, -2.3], "size": [2, 2, 3], "uv": [58, 60]},
						{"origin": [-5, 12.5, -20.3], "size": [1, 1, 22], "uv": [0, 0]},
						{"origin": [-4.5, 0.5, -19.3], "size": [0, 12, 9], "uv": [0, 0]}
					]
				},
				{
					"name": "left_arm",
					"parent": "arms",
					"pivot": [4.5, 23, -1],
					"cubes": [
						{"origin": [3, 14.5, -2.5], "size": [3, 1, 3], "uv": [38, 60], "mirror": true},
						{"origin": [3, 14, -2.5], "size": [3, 10, 3], "inflate": -0.2, "uv": [46, 38], "mirror": true},
						{"origin": [3.5, 12.2, -2.3], "size": [2, 2, 3], "uv": [58, 60], "mirror": true}
					]
				},
				{
					"name": "legs",
					"parent": "zombie",
					"pivot": [0, 14, 0]
				},
				{
					"name": "right_leg",
					"parent": "legs",
					"pivot": [-2, 14, 0],
					"cubes": [
						{"origin": [-3.5, 7, -1.5], "size": [3, 7, 3], "uv": [48, 52]},
						{"origin": [-3.22873, 0.86036, -1.5], "size": [3, 7, 3], "pivot": [-1.72873, 7.86036, 0], "rotation": [0, 0, 35], "uv": [0, 50]},
						{"origin": [-7, 2, -2], "size": [4, 1, 4], "uv": [57, 14]},
						{"origin": [-6.5, 0, -1.5], "size": [6, 2, 3], "inflate": 0.03, "pivot": [-6.5, 0, 0], "rotation": [0, 0, -5], "uv": [29, 51]},
						{"origin": [-7, -0.2, -2], "size": [7, 1, 4], "inflate": -0.2, "uv": [44, 0]}
					]
				},
				{
					"name": "left_leg",
					"parent": "legs",
					"pivot": [2, 14, 0],
					"cubes": [
						{"origin": [0.5, 9, -1.5], "size": [3, 5, 3], "uv": [59, 38]},
						{"origin": [0.5, 3, -1.5], "size": [3, 3, 3], "uv": [59, 47]},
						{"origin": [1, 3, -1], "size": [2, 11, 2], "uv": [29, 57]},
						{"origin": [0, 2, -2], "size": [4, 1, 4], "uv": [57, 14]},
						{"origin": [0.5, 0, -4.5], "size": [3, 2, 6], "pivot": [1, 0, 1.5], "rotation": [-5, 0, 0], "uv": [44, 18]},
						{"origin": [0, -0.2, -5], "size": [4, 1, 7], "inflate": -0.2, "uv": [0, 41]}
					]
				}
			]
		},
		{
			"description": {
				"identifier": "geometry.serpscreen_door",
				"texture_width": 48,
				"texture_height": 48,
				"visible_bounds_width": 3,
				"visible_bounds_height": 3.5,
				"visible_bounds_offset": [0, 1.25, 0]
			},
			"bones": [
				{
					"name": "zombie",
					"pivot": [0, 0, 0]
				},
				{
					"name": "body_root",
					"parent": "zombie",
					"pivot": [0, 14, 0]
				},
				{
					"name": "body",
					"parent": "body_root",
					"pivot": [0, 14, 0]
				},
				{
					"name": "arms",
					"parent": "body",
					"pivot": [0, 23, -1]
				},
				{
					"name": "newspaper",
					"parent": "arms",
					"pivot": [0, 23, -1]
				},
				{
					"name": "door",
					"parent": "newspaper",
					"pivot": [0, 11, 0],
					"rotation": [-5, 0, 0],
					"cubes": [
						{"origin": [-5, 10.5, 5], "size": [10, 1, 5], "uv": [16, 14]},
						{"origin": [-5, 10.5, -8], "size": [1, 1, 13], "uv": [0, 14]},
						{"origin": [4, 10.5, -8], "size": [1, 1, 13], "uv": [0, 14], "mirror": true},
						{"origin": [4, 9.5, -0.5], "size": [1, 1, 1], "uv": [6, 0]},
						{"origin": [4, 11.5, -0.5], "size": [1, 1, 1], "uv": [6, 0]},
						{"origin": [-4, 11, -8], "size": [8, 0, 13], "uv": [0, 0]},
						{"origin": [-5.5, 11, -7], "size": [1, 0, 3], "uv": [0, 0]},
						{"origin": [-5.5, 11, 4], "size": [1, 0, 3], "uv": [0, 0]},
						{"origin": [-5.5, 11, -1.5], "size": [1, 0, 3], "uv": [0, 0]},
						{"origin": [3.5, 9, -1], "size": [2, 1, 2], "uv": [0, 4]},
						{"origin": [3.5, 12, -1], "size": [2, 1, 2], "uv": [0, 4]},
						{"origin": [-5, 10.5, -10], "size": [10, 1, 2], "uv": [16, 21]}
					]
				}
			]
		}
	]
}