{
	"format_version": "1.12.0",
	"minecraft:geometry": [
		{
			"description": {
				"identifier": "geometry.serppvzzombieallstar",
				"texture_width": 64,
				"texture_height": 64,
				"visible_bounds_width": 4,
				"visible_bounds_height": 3.5,
				"visible_bounds_offset": [0, 1.25, 0]
			},
			"bones": [
				{
					"name": "zombie",
					"pivot": [0, 0, 0]
				},
				{
					"name": "body_root",
					"parent": "zombie",
					"pivot": [0, 14, 0]
				},
				{
					"name": "head",
					"parent": "body_root",
					"pivot": [0, 25, -4],
					"cubes": [
						{"origin": [-3, 25, -9], "size": [6, 5, 6], "uv": [19, 24]},
						{"origin": [-4, 23, -10], "size": [8, 7, 8], "uv": [0, 0]},
						{"origin": [-4, 30, -2], "size": [8, 2.83, 0], "pivot": [0, 30, -2], "rotation": [45, 0, 0], "uv": [47, 59]},
						{"origin": [-4, 30, -10], "size": [8, 2.83, 0], "pivot": [0, 30, -10], "rotation": [-45, 0, 0], "uv": [25, 21]},
						{"origin": [4, 30, -10], "size": [0, 2.83, 8], "pivot": [4, 30, -6], "rotation": [0, 0, -45], "uv": [37, 28]},
						{"origin": [-4, 30, -10], "size": [0, 2.83, 8], "pivot": [-4, 30, -6], "rotation": [0, 0, 45], "uv": [37, 28], "mirror": true},
						{"origin": [-2, 32, -8], "size": [4, 0, 4], "uv": [46, 10]},
						{"origin": [-2.5, 24, -8.5], "size": [5, 1, 0], "uv": [0, 30]},
						{"origin": [-2.5, 29.5, -8.5], "size": [5, 1, 5], "uv": [38, 21]},
						{"origin": [-3.5, 25.5, -8.5], "size": [1, 4, 5], "uv": [0, 47]},
						{"origin": [2.5, 25.5, -8.5], "size": [1, 4, 5], "uv": [0, 47], "mirror": true},
						{"origin": [-2.5, 25.5, -9.5], "size": [5, 4, 1], "uv": [51, 39]},
						{"origin": [-2.5, 25.5, -3.5], "size": [5, 4, 1], "uv": [51, 39]},
						{"origin": [-3.5, 25.75, -10], "size": [3, 3, 0], "pivot": [-1, 28, -10], "rotation": [0, 17, 0], "uv": [21, 36]},
						{"origin": [0.75, 25.5, -10], "size": [3, 3, 0], "pivot": [1, 28, -10], "rotation": [0, -17, 0], "uv": [20, 16]}
					]
				},
				{
					"name": "mouth",
					"parent": "head",
					"pivot": [0, 25, -4],
					"rotation": [-30, 0, 0],
					"cubes": [
						{"origin": [-2, 22.36603, -7.63397], "size": [4, 1, 3], "pivot": [0, 23.36603, -3.63397], "rotation": [30, 0, 0], "uv": [31, 48]},
						{"origin": [-2, 22.5, -7], "size": [4, 1, 0], "pivot": [0, 22.86603, -4.5], "rotation": [30, 0, 0], "uv": [28, 45]},
						{"origin": [-2, 22, -6], "size": [4, 3, 2], "uv": [51, 15]},
						{"origin": [-2, 22, -6.1], "size": [4, 2, 0], "uv": [0, 57]},
						{"origin": [-2, 22, -6], "size": [1, 3.16, 2], "pivot": [-2, 22, -5], "rotation": [0, 0, -18.4], "uv": [0, 0]},
						{"origin": [1, 22, -6], "size": [1, 3.16, 2], "pivot": [2, 22, -5], "rotation": [0, 0, 18.4], "uv": [0, 0], "mirror": true}
					]
				},
				{
					"name": "body",
					"parent": "body_root",
					"pivot": [0, 14, 1],
					"rotation": [15, 0, 0],
					"cubes": [
						{"origin": [-3, 14, -1], "size": [6, 10, 4], "uv": [0, 32]},
						{"origin": [-3.5, 16, -1.5], "size": [7, 8, 5], "inflate": 0.1, "uv": [0, 16]},
						{"origin": [-9.5, 20, -1.5], "size": [6, 4, 5], "pivot": [-3, 20, 1], "rotation": [0, 0, 30], "uv": [33, 0]},
						{"origin": [3.5, 20, -1.5], "size": [6, 4, 5], "pivot": [3, 20, 1], "rotation": [0, 0, -30], "uv": [28, 11]},
						{"origin": [-1, 24, -0.5], "size": [2, 3, 2], "pivot": [1, 24, 1.5], "rotation": [30, 0, 0], "uv": [55, 53]}
					]
				},
				{
					"name": "arms",
					"parent": "body",
					"pivot": [0, 23, 0],
					"rotation": [-15, 0, 0]
				},
				{
					"name": "right_arm",
					"parent": "arms",
					"pivot": [-4.5, 23, 0],
					"rotation": [0, 0, 20],
					"cubes": [
						{"origin": [-6, 20, -1.5], "size": [3, 4, 3], "inflate": -0.2, "uv": [46, 28]},
						{"origin": [-5.5, 18, -1], "size": [2, 5, 2], "uv": [11, 55]},
						{"origin": [-5.5, 14, -1], "size": [2, 4, 2], "pivot": [-4.5, 18, 1], "rotation": [-30, 0, 0], "uv": [55, 46]},
						{"origin": [-5.5, 11, -1.3], "size": [2, 2, 3], "pivot": [-4.5, 18, 1], "rotation": [-30, 0, 0], "uv": [28, 53]},
						{"origin": [-6, 13, -1.5], "size": [3, 1, 3], "pivot": [-4.5, 18, 1], "rotation": [-30, 0, 0], "uv": [25, 0]}
					]
				},
				{
					"name": "left_arm",
					"parent": "arms",
					"pivot": [4.5, 23, 0],
					"rotation": [0, 0, -20],
					"cubes": [
						{"origin": [3, 20, -1.5], "size": [3, 4, 3], "inflate": -0.2, "uv": [46, 28], "mirror": true},
						{"origin": [3.5, 18, -1], "size": [2, 5, 2], "uv": [11, 55], "mirror": true},
						{"origin": [3.5, 14, -1], "size": [2, 4, 2], "pivot": [4.5, 18, 1], "rotation": [-30, 0, 0], "uv": [55, 46], "mirror": true},
						{"origin": [3.5, 11, -1.3], "size": [2, 2, 3], "pivot": [4.5, 18, 1], "rotation": [-30, 0, 0], "uv": [28, 53], "mirror": true},
						{"origin": [3, 13, -1.5], "size": [3, 1, 3], "pivot": [4.5, 18, 1], "rotation": [-30, 0, 0], "uv": [25, 0], "mirror": true}
					]
				},
				{
					"name": "legs",
					"parent": "zombie",
					"pivot": [0, 14, 0]
				},
				{
					"name": "right_leg",
					"parent": "legs",
					"pivot": [-2, 14, 0],
					"rotation": [0, 15, 0],
					"cubes": [
						{"origin": [-3.5, 7.5, -3.5], "size": [3, 7, 3], "pivot": [-2, 7.5, -3], "rotation": [-25, 0, 0], "uv": [18, 45]},
						{"origin": [-3.5, 0, -4.5], "size": [3, 2, 6], "pivot": [-2, 0, 1], "rotation": [-5, 0, 0], "uv": [38, 39]},
						{"origin": [-3, 2, -0.5], "size": [2, 7, 2], "pivot": [-2, 2, 1.5], "rotation": [25, 0, 0], "uv": [46, 48]},
						{"origin": [-4, -0.2, -5], "size": [4, 1, 7], "inflate": -0.2, "uv": [21, 36]}
					]
				},
				{
					"name": "left_leg",
					"parent": "legs",
					"pivot": [2, 14, 0],
					"rotation": [0, -15, 0],
					"cubes": [
						{"origin": [0.5, 7.5, -3.5], "size": [3, 7, 3], "pivot": [2, 7.5, -3], "rotation": [-25, 0, 0], "uv": [18, 45], "mirror": true},
						{"origin": [0.5, 0, -4.5], "size": [3, 2, 6], "pivot": [2, 0, 1], "rotation": [-5, 0, 0], "uv": [38, 39], "mirror": true},
						{"origin": [1, 2, -0.5], "size": [2, 7, 2], "pivot": [2, 2, 1.5], "rotation": [25, 0, 0], "uv": [46, 48], "mirror": true},
						{"origin": [0, -0.2, -5], "size": [4, 1, 7], "inflate": -0.2, "uv": [21, 36], "mirror": true}
					]
				}
			]
		}
	]
}