{
	"format_version": "1.12.0",
	"minecraft:geometry": [
		{
			"description": {
				"identifier": "geometry.serppvzzombiepole",
				"texture_width": 96,
				"texture_height": 96,
				"visible_bounds_width": 4,
				"visible_bounds_height": 3.5,
				"visible_bounds_offset": [0, 1.25, 0]
			},
			"bones": [
				{
					"name": "zombie",
					"pivot": [0, 0, 0]
				},
				{
					"name": "body_root",
					"parent": "zombie",
					"pivot": [0, 14, 0]
				},
				{
					"name": "head",
					"parent": "body_root",
					"pivot": [0, 25, -5],
					"cubes": [
						{"origin": [-3, 25, -10], "size": [6, 5, 6], "uv": [0, 23]},
						{"origin": [-3.5, 28.5, -10.5], "size": [7, 1, 7], "inflate": 0.05, "uv": [0, 14]},
						{"origin": [-2.5, 24, -9.5], "size": [5, 1, 0], "uv": [35, 37]},
						{"origin": [-2.5, 29.5, -9.5], "size": [5, 1, 5], "uv": [19, 37]},
						{"origin": [-1.5, 30.5, -9.5], "size": [4, 1, 0], "pivot": [-1.5, 30.5, -9.5], "rotation": [0, -35, 0], "uv": [0, 44]},
						{"origin": [-2.5, 30.5, -7.5], "size": [4, 1, 0], "pivot": [-2.5, 30.5, -7.5], "rotation": [0, -45, 0], "uv": [35, 39]},
						{"origin": [-4.5, 26.5, -8.5], "size": [1, 3, 0], "pivot": [-3.5, 29.5, -8.5], "rotation": [20, 0, 0], "uv": [0, 23]},
						{"origin": [3.5, 26.5, -8.5], "size": [1, 3, 0], "pivot": [3.5, 29.5, -8.5], "rotation": [20, 0, 0], "uv": [0, 23], "mirror": true},
						{"origin": [-4.5, 25.5, -6.5], "size": [1, 3, 0], "pivot": [-3.5, 28.5, -6.5], "rotation": [35, 0, 0], "uv": [0, 0]},
						{"origin": [3.5, 25.5, -6.5], "size": [1, 3, 0], "pivot": [3.5, 28.5, -6.5], "rotation": [35, 0, 0], "uv": [0, 0], "mirror": true},
						{"origin": [-3.5, 25.5, -9.5], "size": [1, 4, 5], "uv": [9, 48]},
						{"origin": [2.5, 25.5, -9.5], "size": [1, 4, 5], "uv": [9, 48], "mirror": true},
						{"origin": [3.5, 25.5, -8.5], "size": [0, 4, 3], "pivot": [3.5, 28.5, -7], "rotation": [0, 15, -35], "uv": [0, 62], "mirror": true},
						{"origin": [-3.5, 25.5, -8.5], "size": [0, 4, 3], "pivot": [-3.5, 28.5, -7], "rotation": [0, -15, 35], "uv": [0, 62]},
						{"origin": [-2.5, 25.5, -10.5], "size": [5, 4, 1], "uv": [49, 38]},
						{"origin": [0, 29.5, -10.5], "size": [3, 4, 0], "pivot": [3, 29.5, -10.5], "rotation": [-45, 0, 0], "uv": [0, 69]},
						{"origin": [-2.5, 25.5, -4.5], "size": [5, 4, 1], "uv": [49, 38]},
						{"origin": [-3.5, 25.75, -11], "size": [3, 3, 0], "pivot": [-1, 28, -11], "rotation": [0, 17, 0], "uv": [38, 15]},
						{"origin": [0.75, 25.5, -11], "size": [3, 3, 0], "pivot": [1, 28, -11], "rotation": [0, -17, 0], "uv": [22, 15]}
					]
				},
				{
					"name": "mouth",
					"parent": "head",
					"pivot": [0, 25, -5],
					"rotation": [-30, 0, 0],
					"cubes": [
						{"origin": [-2, 22.36603, -8.63397], "size": [4, 1, 3], "pivot": [0, 23.36603, -4.63397], "rotation": [30, 0, 0], "uv": [44, 48]},
						{"origin": [-2, 22.5, -8], "size": [4, 1, 0], "pivot": [0, 22.86603, -5.5], "rotation": [30, 0, 0], "uv": [19, 25]},
						{"origin": [-2, 22, -7], "size": [4, 3, 2], "uv": [49, 32]},
						{"origin": [-2, 22, -7.1], "size": [4, 2, 0], "uv": [20, 0]},
						{"origin": [-2, 22, -7], "size": [1, 3.16, 2], "pivot": [-2, 22, -6], "rotation": [0, 0, -18.4], "uv": [0, 14]},
						{"origin": [1, 22, -7], "size": [1, 3.16, 2], "pivot": [2, 22, -6], "rotation": [0, 0, 18.4], "uv": [0, 14], "mirror": true}
					]
				},
				{
					"name": "body",
					"parent": "body_root",
					"pivot": [0, 14, 0],
					"rotation": [15, 0, 0],
					"cubes": [
						{"origin": [-3, 14, -2], "size": [6, 10, 4], "uv": [25, 0]},
						{"origin": [-3.5, 16, -2.5], "size": [7, 8, 5], "inflate": 0.1, "uv": [0, 0]},
						{"origin": [-1, 24, -1.5], "size": [2, 3, 2], "pivot": [1, 24, 0.5], "rotation": [30, 0, 0], "uv": [54, 53]}
					]
				},
				{
					"name": "arms",
					"parent": "body",
					"pivot": [0, 23, -1],
					"rotation": [-15, 0, 0]
				},
				{
					"name": "right_arm",
					"parent": "arms",
					"pivot": [-4.5, 23, -1],
					"cubes": [
						{"origin": [-6, 14.5, -2.5], "size": [3, 1, 3], "uv": [41, 53]},
						{"origin": [-5.5, 14, -2], "size": [2, 10, 2], "inflate": -0.2, "uv": [22, 48]},
						{"origin": [-5.5, 12.2, -2.3], "size": [2, 2, 3], "uv": [13, 35]}
					]
				},
				{
					"name": "pole",
					"parent": "right_arm",
					"pivot": [-4.5, 13, -1],
					"cubes": [
						{"origin": [-5, 12.5, -24], "size": [1, 1, 46], "uv": [0, 0]}
					]
				},
				{
					"name": "left_arm",
					"parent": "arms",
					"pivot": [4.5, 23, -1],
					"cubes": [
						{"origin": [3, 14.5, -2.5], "size": [3, 1, 3], "uv": [41, 53], "mirror": true},
						{"origin": [3.5, 14, -2], "size": [2, 10, 2], "inflate": -0.2, "uv": [22, 48], "mirror": true},
						{"origin": [3.5, 12.2, -2.3], "size": [2, 2, 3], "uv": [13, 35], "mirror": true}
					]
				},
				{
					"name": "legs",
					"parent": "zombie",
					"pivot": [0, 14, 0]
				},
				{
					"name": "right_leg",
					"parent": "legs",
					"pivot": [-2, 14, 0],
					"cubes": [
						{"origin": [-3, 7, -1], "size": [2, 7, 2], "uv": [49, 0]},
						{"origin": [-3.5, 11, -1.5], "size": [3, 3, 3], "uv": [31, 48]},
						{"origin": [-2.90958, 0.28679, -1], "size": [2, 7, 2], "pivot": [-1.40958, 7.28679, 0.5], "rotation": [0, 0, 35], "uv": [49, 22]},
						{"origin": [-6.70681, 2.01966, -1.47], "size": [3, 2, 3], "uv": [49, 16]},
						{"origin": [-6.5, 0, -1.5], "size": [6, 2, 3], "inflate": 0.03, "pivot": [-6.5, 0, 0], "rotation": [0, 0, -5], "uv": [25, 25]},
						{"origin": [-7, -0.2, -2], "size": [7, 1, 4], "inflate": -0.2, "uv": [21, 31]}
					]
				},
				{
					"name": "left_leg",
					"parent": "legs",
					"pivot": [2, 14, 0],
					"cubes": [
						{"origin": [1, 3, -1], "size": [2, 11, 2], "uv": [0, 48]},
						{"origin": [0.5, 11, -1.5], "size": [3, 3, 3], "uv": [31, 48]},
						{"origin": [0.5, 0, -4.5], "size": [3, 2, 6], "pivot": [1, 0, 1.5], "rotation": [-5, 0, 0], "uv": [0, 35]},
						{"origin": [0, -0.2, -5], "size": [4, 1, 7], "inflate": -0.2, "uv": [22, 16]},
						{"origin": [0.5, 1.99239, -1.32569], "size": [3, 2, 3], "uv": [49, 10]}
					]
				}
			]
		}
	]
}