{
  "format_version": "1.16.0",
  "minecraft:entity": {
    "description": {
      "identifier": "pvz:zombeef",
      "is_spawnable": true,
      "is_summonable": true,
      "is_experimental": false
    },

    "component_groups": {
      "minecraft:normal_texture": {
        "minecraft:variant": {
          "value": 0
         }
      },
      "minecraft:freeze_texture": {
        "minecraft:is_shaking": {
        },
        "minecraft:variant": {
          "value": 1
         }
      },
      "minecraft:ice_texture": {
        "minecraft:variant": {
          "value": 2
         }
      },
      "minecraft:zombie_husk_baby": {
        "minecraft:experience_reward": {
          "on_death": "query.last_hit_by_player ? 12 + (query.equipment_count * Math.Random(1,3)) : 0"
        },
        "minecraft:is_baby": {},
        "minecraft:scale": {
          "value": 0.5
        },
        "minecraft:movement": {
          "value": 0.35
        }
      },
	  "minecraft:melee": {
		"minecraft:behavior.melee_attack": {
        "priority": 3
        },
		"minecraft:attack": {
        "damage": 3
		}
	  },
	  "minecraft:ranged": {
		"minecraft:behavior.ranged_attack": {
        "priority": 3,
        "speed_multiplier": 1.15,
        "attack_interval": 4,
        "attack_radius": 14,
        "burst_shots": 1,
        "burst_interval": 1
        },
        "minecraft:shooter": {
        "def": "shoot:note"
        }
	  },
      "minecraft:zombie_husk_adult": {
        "minecraft:experience_reward": {
          "on_death": "query.last_hit_by_player ? 5 + (query.equipment_count * Math.Random(1,3)) : 0"
        },
        "minecraft:movement": {
          "value": 0.23
        },
        "minecraft:rideable": {
          "seat_count": 1,
          "family_types": [
            "zombie"
          ],
          "seats": {
            "position": [ 0.0, 1.1, -0.35 ],
            "lock_rider_rotation": 0
          }
        },
        "minecraft:behavior.mount_pathing": {
          "priority": 2,
          "speed_multiplier": 1.25,
          "target_dist": 0.0,
          "track_target": true
        },
        "minecraft:scale": {
          "value": 1
        }
      },

      "minecraft:zombie_husk_jockey": {
        "minecraft:behavior.find_mount": {
          "priority": 1,
          "within_radius": 16
        }
      }
    },

    "components": {
      "minecraft:breathable": {
        "total_supply": 15,
        "suffocate_time": 0,
        "breathes_water": true
      },
     "minecraft:knockback_resistance": {
        "value": 0.5
      },
	  "minecraft:target_nearby_sensor": {
        "inside_range": 2.0,
        "outside_range": 3.0,
        "must_see":  true,
        "on_inside_range": {
          "event": "switch_to_melee",
          "target": "self"
        },
        "on_outside_range": {
          "event": "switch_to_ranged",
          "target": "self"
        }
      },
      "minecraft:equip_item": {
      },
      "minecraft:collision_box": {
        "width": 0.6,
        "height": 1.9
      },
      "minecraft:nameable": {
      },
      "minecraft:type_family": {
        "family": [ "husk", "zombie", "undead", "monster", "mob" ]
      },
      "minecraft:loot": {
        "table": "loot_tables/entities/zombeef.json"
      },
      "minecraft:health": {
        "value": 30,
        "max": 30
      },
      "minecraft:hurt_on_condition": {
        "damage_conditions": [
          {
            "filters": { "test": "in_lava", "subject": "self", "operator": "==", "value": true },
            "cause": "lava",
            "damage_per_tick": 4
          }
        ]
      },
      "minecraft:navigation.walk": {
        "is_amphibious": true,
        "can_pass_doors": true,
        "can_break_doors": true,
        "avoid_portals": false
      },
      "minecraft:annotation.break_door": {
      },
      "minecraft:movement.basic": {

      },
      "minecraft:jump.static": {
      },
      "minecraft:can_climb": {
      },
      "minecraft:shareables": {
        "items": [
          {
            "item": "minecraft:netherite_sword",
            "want_amount": 1,
            "surplus_amount": 1,
            "priority": 0
          },
          {
            "item": "minecraft:diamond_sword",
            "want_amount": 1,
            "surplus_amount": 1,
            "priority": 1
          },
          {
            "item": "minecraft:iron_sword",
            "want_amount": 1,
            "surplus_amount": 1,
            "priority": 2
          },
          {
            "item": "minecraft:golden_sword",
            "want_amount": 1,
            "surplus_amount": 1,
            "priority": 3
          },
          {
            "item": "minecraft:stone_sword",
            "want_amount": 1,
            "surplus_amount": 1,
            "priority": 4
          },
          {
            "item": "minecraft:wooden_sword",
            "want_amount": 1,
            "surplus_amount": 1,
            "priority": 5
          },
          {
            "item": "minecraft:netherite_helmet",
            "want_amount": 1,
            "surplus_amount": 1,
            "priority": 0
          },
          {
            "item": "minecraft:diamond_helmet",
            "want_amount": 1,
            "surplus_amount": 1,
            "priority": 1
          },
          {
            "item": "minecraft:chainmail_helmet",
            "want_amount": 1,
            "surplus_amount": 1,
            "priority": 2
          },
          {
            "item": "minecraft:iron_helmet",
            "want_amount": 1,
            "surplus_amount": 1,
            "priority": 3
          },
          {
            "item": "minecraft:golden_helmet",
            "want_amount": 1,
            "surplus_amount": 1,
            "priority": 4
          },
          {
            "item": "minecraft:leather_helmet",
            "want_amount": 1,
            "surplus_amount": 1,
            "priority": 5
          },
          {
            "item": "minecraft:turtle_helmet",
            "want_amount": 1,
            "surplus_amount": 1,
            "priority": 6
          },
          {
            "item": "minecraft:skull:0",
            "want_amount": 1,
            "surplus_amount": 1,
            "priority": 7
          },
          {
            "item": "minecraft:skull:1",
            "want_amount": 1,
            "surplus_amount": 1,
            "priority": 7
          },
          {
            "item": "minecraft:carved_pumpkin",
            "want_amount": 1,
            "surplus_amount": 1,
            "priority": 7
          },
          {
            "item": "minecraft:netherite_chestplate",
            "want_amount": 1,
            "surplus_amount": 1,
            "priority": 0
          },
          {
            "item": "minecraft:diamond_chestplate",
            "want_amount": 1,
            "surplus_amount": 1,
            "priority": 1
          },
          {
            "item": "minecraft:chainmail_chestplate",
            "want_amount": 1,
            "surplus_amount": 1,
            "priority": 2
          },
          {
            "item": "minecraft:iron_chestplate",
            "want_amount": 1,
            "surplus_amount": 1,
            "priority": 3
          },
          {
            "item": "minecraft:golden_chestplate",
            "want_amount": 1,
            "surplus_amount": 1,
            "priority": 4
          },
          {
            "item": "minecraft:leather_chestplate",
            "want_amount": 1,
            "surplus_amount": 1,
            "priority": 5
          },
          {
            "item": "minecraft:netherite_leggings",
            "want_amount": 1,
            "surplus_amount": 1,
            "priority": 0
          },
          {
            "item": "minecraft:diamond_leggings",
            "want_amount": 1,
            "surplus_amount": 1,
            "priority": 1
          },
          {
            "item": "minecraft:chainmail_leggings",
            "want_amount": 1,
            "surplus_amount": 1,
            "priority": 2
          },
          {
            "item": "minecraft:iron_leggings",
            "want_amount": 1,
            "surplus_amount": 1,
            "priority": 3
          },
          {
            "item": "minecraft:golden_leggings",
            "want_amount": 1,
            "surplus_amount": 1,
            "priority": 4
          },
          {
            "item": "minecraft:leather_leggings",
            "want_amount": 1,
            "surplus_amount": 1,
            "priority": 5
          },
          {
            "item": "minecraft:netherite_boots",
            "want_amount": 1,
            "surplus_amount": 1,
            "priority": 0
          },
          {
            "item": "minecraft:diamond_boots",
            "want_amount": 1,
            "surplus_amount": 1,
            "priority": 1
          },
          {
            "item": "minecraft:chainmail_boots",
            "want_amount": 1,
            "surplus_amount": 1,
            "priority": 2
          },
          {
            "item": "minecraft:iron_boots",
            "want_amount": 1,
            "surplus_amount": 1,
            "priority": 3
          },
          {
            "item": "minecraft:golden_boots",
            "want_amount": 1,
            "surplus_amount": 1,
            "priority": 4
          },
          {
            "item": "minecraft:leather_boots",
            "want_amount": 1,
            "surplus_amount": 1,
            "priority": 5
          }
        ]
      },
      "minecraft:despawn": {
        "despawn_from_distance": {}
      },
	  "minecraft:environment_sensor": {
        "triggers": [
		  {
          "filters": {
            "test": "is_underwater",
            "subject": "self",
            "operator": "==",
            "value": true
            },
            "event": "minecraft:start_transforming"
          },
		  {
          "filters": {
			"all_of": [
			{
            "test": "has_mob_effect",
            "subject": "self",
            "operator": "==",
            "value": "slowness"
			},
			{
            "test": "has_mob_effect",
            "subject": "self",
            "operator": "==",
            "value": "weakness"
			}
		  ]
        },
        "event": "pvz:ice"
		},
		{
          "filters": {
			"all_of": [
			{
            "test": "has_mob_effect",
            "subject": "self",
            "operator": "==",
            "value": "slowness"
			},
			{
            "test": "has_mob_effect",
            "subject": "self",
            "operator": "!=",
            "value": "weakness"
			}
		  ]
        },
        "event": "pvz:freeze"
		},
		{
          "filters": {
			"all_of": [
			{
            "test": "has_mob_effect",
            "subject": "self",
            "operator": "!=",
            "value": "slowness"
			},
			{
            "test": "has_mob_effect",
            "subject": "self",
            "operator": "!=",
            "value": "weakness"
			}
		  ]
        },
        "event": "pvz:normal"
		}
       ]
      },
      "minecraft:behavior.equip_item": {
        "priority": 2
      },
      "minecraft:behavior.stomp_turtle_egg": {
        "priority": 4,
        "speed_multiplier": 1,
        "search_range": 10,
        "search_height": 2,
        "goal_radius": 1.14,
        "interval": 20
      },
      "minecraft:behavior.move_towards_restriction": {
        "priority": 5,
        "speed_multiplier": 1
      },
      "minecraft:behavior.pickup_items": {
        "priority": 6,
        "max_dist": 3,
        "goal_radius": 2,
        "speed_multiplier": 1.0,
        "pickup_based_on_chance": true,
        "can_pickup_any_item": true
      },
      "minecraft:behavior.random_stroll": {
        "priority": 7,
        "speed_multiplier": 1
      },
      "minecraft:behavior.look_at_player": {
        "priority": 8,
        "look_distance": 6,
        "probability": 0.02
      },
      "minecraft:behavior.random_look_around": {
        "priority": 9
      },
      "minecraft:behavior.nearest_attackable_target": {
        "priority": 2,
        "must_see": true,
        "reselect_targets": true,
        "within_radius": 25.0,
        "entity_types": [
          {
            "filters": {
              "any_of": [

                { "test": "is_family", "subject": "other", "value": "player" },
                { "test": "is_family", "subject": "other", "value": "snowgolem" },
                { "test": "is_family", "subject": "other", "value": "irongolem" }
              ]
            },
            "max_dist": 35
          },
          {
            "filters": {
              "any_of": [
                { "test": "is_family", "subject": "other", "value": "villager" },
                { "test": "is_family", "subject": "other", "value": "wandering_trader" }
              ]
            },
            "max_dist": 35,
            "must_see": false
          },
          {
            "filters": {
              "all_of": [
                { "test": "is_family", "subject": "other", "value": "baby_turtle" },
                { "test": "in_water", "subject": "other", "operator": "!=", "value": true }
              ]
            },
            "max_dist": 35
          }
        ]
      },
      "minecraft:physics": {
      },
      "minecraft:pushable": {
        "is_pushable": true,
        "is_pushable_by_piston": true
      }
    },

    "events": {
      "minecraft:entity_spawned": {
        "randomize": [
          {
            "weight": 9500,
            "remove": {
            },
            "add": {
              "component_groups": [
                "minecraft:zombie_husk_adult",
                "minecraft:zombie_ambientals",
				"minecraft:ranged",
                "minecraft:normal_texture"
              ]
            }
          },
          {
            "weight": 425,
            "remove": {
            },
            "add": {
              "component_groups": [
                "minecraft:zombie_husk_baby",
                "minecraft:zombie_ambientals",
				"minecraft:ranged",
                "minecraft:normal_texture"
              ]
            }
          },
          {
            "weight": 75,
            "remove": {
            },
            "add": {
              "component_groups": [
                "minecraft:zombie_husk_baby",
                "minecraft:zombie_husk_jockey",
                "minecraft:zombie_ambientals",
				"minecraft:ranged",
                "minecraft:normal_texture"
              ]
            }
          }
        ]
      },
	  "switch_to_melee": {
        "add": {
          "component_groups": [
            "minecraft:melee"
          ]
        },
       "remove": {
         "component_groups": [
           "minecraft:ranged"
            ]
         }
      },
	  "switch_to_ranged": {
        "add": {
          "component_groups": [
            "minecraft:ranged"
          ]
        },
       "remove": {
         "component_groups": [
           "minecraft:melee"
            ]
         }
      },
      "pvz:normal": {
        "add": {
          "component_groups": [
            "minecraft:normal_texture"
          ]
        },
       "remove": {
         "component_groups": [
           "minecraft:freeze_texture",
           "minecraft:ice_texture"
            ]
         }
      },
      "pvz:freeze": {
        "add": {
          "component_groups": [ 
            "minecraft:freeze_texture"
          ]
       },
       "remove": {
         "component_groups": [
           "minecraft:normal_texture",
           "minecraft:ice_texture"
            ]
         }
      },
      "pvz:ice": {
        "add": {
          "component_groups": [ 
            "minecraft:ice_texture"
          ]
       },
       "remove": {
         "component_groups": [
           "minecraft:freeze_texture",
           "minecraft:normal_texture"
  				]
			}
		 }
    }
  }
}