{
	"format_version": "1.16.0",
	"minecraft:entity": {
		"description": {
			"identifier": "minecraft:enderman",
			"is_spawnable": true,
			"is_summonable": true,
			"is_experimental": false
		},
		"component_groups": {
			"level2": {
				"minecraft:health": {
					"value": {
						"range_min": 45,
						"range_max": 50
					}
				},
				"minecraft:experience_reward": {
					"on_death": 8
				},
				"minecraft:boss": {
					"name": "Enderman [Level 2]",
					"hud_range": 7
				}
			},
			"level3": {
				"minecraft:health": {
					"value": {
						"range_min": 45,
						"range_max": 50
					}
				},
				"minecraft:experience_reward": {
					"on_death": 12
				},
				"minecraft:scale": {
					"value": 1.1
				},
				"minecraft:boss": {
					"name": "Enderman [Level 3]",
					"hud_range": 7
				}
			},
			"level4": {
				"minecraft:health": {
					"value": {
						"range_min": 45,
						"range_max": 50
					}
				},
				"minecraft:experience_reward": {
					"on_death": 16
				},
				"minecraft:scale": {
					"value": 1.16
				},
				"minecraft:boss": {
					"name": "Enderman [Level 4]",
					"hud_range": 7
				}
			},
			"level5": {
				"minecraft:health": {
					"value": {
						"range_min": 45,
						"range_max": 50
					}
				},
				"minecraft:experience_reward": {
					"on_death": 20
				},
				"minecraft:scale": {
					"value": 1.176
				},
				"minecraft:boss": {
					"name": "Enderman [Level 5]",
					"hud_range": 7
				},
				"minecraft:loot": {
					"table": "loot_tables/chests/monster_room.json"
				}
			},
			"level6": {
				"minecraft:health": {
					"value": {
						"range_min": 50,
						"range_max": 60
					}
				},
				"minecraft:experience_reward": {
					"on_death": 22
				},
				"minecraft:loot": {
					"table": "loot_tables/chests/monster_room.json"
				},
				"minecraft:scale": {
					"value": 1.19
				},
				"minecraft:boss": {
					"name": "Enderman [Level 6]",
					"hud_range": 7
				}
			},
			"level7": {
				"minecraft:health": {
					"value": {
						"range_min": 60,
						"range_max": 70
					}
				},
				"minecraft:experience_reward": {
					"on_death": 26
				},
				"minecraft:loot": {
					"table": "loot_tables/chests/monster_room.json"
				},
				"minecraft:scale": {
					"value": 1.2
				},
				"minecraft:boss": {
					"name": "Enderman [Level 7]",
					"hud_range": 7
				}
			},
			"level8": {
				"minecraft:scale": {
					"value": 1.23
				},
				"minecraft:loot": {
					"table": "loot_tables/chests/monster_room.json"
				},
				"minecraft:experience_reward": {
					"on_death": 28
				},
				"minecraft:health": {
					"value": {
						"range_min": 70,
						"range_max": 80
					}
				},
				"minecraft:boss": {
					"name": "Enderman [Level 8]",
					"hud_range": 7
				}
			},
			"level9": {
				"minecraft:health": {
					"value": {
						"range_min": 80,
						"range_max": 90
					}
				},
				"minecraft:experience_reward": {
					"on_death": 29
				},
				"minecraft:scale": {
					"value": 1.26
				},
				"minecraft:teleport": {
					"random_teleports": true,
					"min_random_teleport_time": 1,
					"max_random_teleport_time": 20,
					"random_teleport_cube": [
						32,
						32,
						32
					],
					"target_distance": 18,
					"target_teleport_chance": 0.06,
					"light_teleport_chance": 0.05
				},
				"minecraft:break_blocks": {
					"breakable_blocks": [
						"leaves",
						"leaves2"
					]
				},
				"minecraft:loot": {
					"table": "loot_tables/chests/end_city_treasure.json"
				},
				"minecraft:boss": {
					"name": "Enderman [Level 9]",
					"hud_range": 7
				}
			},
			"level10": {
				"minecraft:health": {
					"value": {
						"range_min": 90,
						"range_max": 100
					}
				},
				"minecraft:experience_reward": {
					"on_death": 32
				},
				"minecraft:loot": {
					"table": "loot_tables/chests/end_city_treasure.json"
				},
				"minecraft:teleport": {
					"random_teleports": true,
					"min_random_teleport_time": 1,
					"max_random_teleport_time": 20,
					"random_teleport_cube": [
						32,
						32,
						32
					],
					"target_distance": 18,
					"target_teleport_chance": 0.06,
					"light_teleport_chance": 0.05
				},
				"minecraft:break_blocks": {
					"breakable_blocks": [
						"leaves",
						"leaves2"
					]
				},
				"minecraft:scale": {
					"value": 1.3
				},
				"minecraft:boss": {
					"name": "Enderman [Level 10]",
					"hud_range": 7
				}
			},
			"level1": {
				"minecraft:boss": {
					"name": "Enderman [Level 1]",
					"hud_range": 7
				},
				"minecraft:experience_reward": {
					"on_death": "query.last_hit_by_player?5:0"
				},
				"minecraft:health": {
					"value": {
						"range_min": 40,
						"range_max": 40
					}
				}
			},
			"minecraft:enderman_calm": {
				"minecraft:on_target_acquired": {
					"event": "minecraft:become_angry",
					"target": "self"
				},
				"minecraft:movement": {
					"value": 0.3
				}
			},
			"minecraft:enderman_angry": {
				"minecraft:mob_effect": {
					"effect_range": 1.7,
					"effect_time": 5,
					"mob_effect": "darkness",
					"entity_filter": {
						"any_of": [
							{
								"subject": "player",
								"operator": "==",
								"test": "is_family",
								"value": "player"
							}
						]
					}
				},
				"minecraft:angry": {
					"duration": 25,
					"calm_event": {
						"event": "minecraft:on_calm",
						"target": "self"
					}
				},
				"minecraft:movement": {
					"value": 0.45
				},
				"minecraft:behavior.melee_attack": {
					"priority": 2
				}
			}
		},
		"components": {
			"minecraft:is_hidden_when_invisible": {},
			"minecraft:type_family": {
				"family": [
					"enderman",
					"monster",
					"mob"
				]
			},
			"minecraft:breathable": {
				"total_supply": 15,
				"suffocate_time": 0
			},
			"minecraft:nameable": {},
			"minecraft:loot": {
				"table": "loot_tables/entities/enderman.json"
			},
			"minecraft:health": {
				"value": 40,
				"max": 40
			},
			"minecraft:hurt_on_condition": {
				"damage_conditions": [
					{
						"filters": {
							"test": "in_lava",
							"subject": "self",
							"operator": "==",
							"value": true
						},
						"cause": "lava",
						"damage_per_tick": 4
					},
					{
						"filters": {
							"test": "in_contact_with_water",
							"operator": "==",
							"value": true
						},
						"cause": "drowning",
						"damage_per_tick": 1
					}
				]
			},
			"minecraft:attack": {
				"damage": 7
			},
			"minecraft:follow_range": {
				"value": 32,
				"max": 32
			},
			"minecraft:collision_box": {
				"width": 0.6,
				"height": 2.9
			},
			"minecraft:teleport": {
				"random_teleports": true,
				"max_random_teleport_time": 30,
				"random_teleport_cube": [
					32,
					32,
					32
				],
				"target_distance": 16,
				"target_teleport_chance": 0.05,
				"light_teleport_chance": 0.05
			},
			"minecraft:lookat": {
				"search_radius": 64,
				"set_target": true,
				"look_cooldown": 1,
				"filters": {
					"all_of": [
						{
							"subject": "other",
							"test": "is_family",
							"value": "player"
						},
						{
							"test": "has_equipment",
							"domain": "head",
							"subject": "other",
							"operator": "not",
							"value": "carved_pumpkin"
						}
					]
				}
			},
			"minecraft:despawn": {
				"despawn_from_distance": {}
			},
			"minecraft:behavior.nearest_attackable_target": {
				"priority": 5,
				"must_see": true,
				"attack_interval": 10,
				"entity_types": [
					{
						"filters": {
							"test": "is_family",
							"subject": "other",
							"value": "endermite"
						},
						"max_dist": 64
					}
				]
			},
			"minecraft:navigation.walk": {
				"can_path_over_water": false,
				"avoid_water": true
			},
			"minecraft:movement.basic": {},
			"minecraft:jump.static": {},
			"minecraft:can_climb": {},
			"minecraft:behavior.float": {
				"priority": 0
			},
			"minecraft:behavior.random_stroll": {
				"priority": 7,
				"speed_multiplier": 1
			},
			"minecraft:behavior.look_at_player": {
				"priority": 8,
				"look_distance": 8,
				"probability": 8
			},
			"minecraft:behavior.random_look_around": {
				"priority": 8
			},
			"minecraft:behavior.hurt_by_target": {
				"priority": 3
			},
			"minecraft:behavior.enderman_leave_block": {
				"priority": 10
			},
			"minecraft:behavior.enderman_take_block": {
				"priority": 11
			},
			"minecraft:physics": {},
			"minecraft:pushable": {
				"is_pushable": true,
				"is_pushable_by_piston": true
			},
			"minecraft:conditional_bandwidth_optimization": {
				"default_values": {
					"max_optimized_distance": 80,
					"max_dropped_ticks": 10,
					"use_motion_prediction_hints": true
				}
			}
		},
		"events": {
			"minecraft:entity_spawned": {
				"remove": {},
				"randomize": [
					{
						"add": {
							"component_groups": [
								"minecraft:enderman_calm",
								"level1"
							]
						},
						"weight": 327
					},
					{
						"add": {
							"component_groups": [
								"minecraft:enderman_calm",
								"level2"
							]
						},
						"weight": 100
					},
					{
						"add": {
							"component_groups": [
								"minecraft:enderman_calm",
								"level3"
							]
						},
						"weight": 40
					},
					{
						"add": {
							"component_groups": [
								"minecraft:enderman_calm",
								"level4"
							]
						},
						"weight": 20
					},
					{
						"add": {
							"component_groups": [
								"minecraft:enderman_calm",
								"level5"
							]
						},
						"weight": 15
					},
					{
						"add": {
							"component_groups": [
								"minecraft:enderman_calm",
								"level6"
							]
						},
						"weight": 15
					},
					{
						"add": {
							"component_groups": [
								"minecraft:enderman_calm",
								"level7"
							]
						},
						"weight": 15
					},
					{
						"add": {
							"component_groups": [
								"minecraft:enderman_calm",
								"level8"
							]
						},
						"weight": 15
					},
					{
						"add": {
							"component_groups": [
								"minecraft:enderman_calm",
								"level9"
							]
						},
						"weight": 15
					},
					{
						"add": {
							"component_groups": [
								"minecraft:enderman_calm",
								"level10"
							]
						},
						"weight": 15
					}
				]
			},
			"minecraft:become_angry": {
				"remove": {
					"component_groups": [
						"minecraft:enderman_calm"
					]
				},
				"add": {
					"component_groups": [
						"minecraft:enderman_angry"
					]
				}
			},
			"minecraft:on_calm": {
				"remove": {
					"component_groups": [
						"minecraft:enderman_angry"
					]
				},
				"add": {
					"component_groups": [
						"minecraft:enderman_calm"
					]
				}
			}
		}
	}
}