{
  "format_version": "1.8.0",
  "minecraft:client_entity": {
    "description": {
      "identifier": "doom:explosion",
      "materials": { "default": "slime_outer" },
      "textures": {
        "default": "textures/entity/doom_explosion"
      },
      "geometry": {
        "default": "geometry.doom_explosion"
      },
      "animations": {
        "move": "animation.doom_explosion.move"
      },
      "animation_controllers": [
        { "move": "controller.animation.mover.move" }
      ],
      "render_controllers": [ "controller.render.iron_golem" ],
      "spawn_egg": {
        "texture": "pvz_seeds",
        "texture_index": 4
      }
    }
  }
}