{
  "format_version": "1.8.0",
  "animation_controllers": {
    "controller.animation.pnote": {
      "initial_state": "default"
	  "states":{
        "particle": {
          "particle_effects": [ { "effect": "purple_note", "locator": "note" } ],
		  "transitions":[
		  {
			"default":"!query.variant == 0"
		  }
		  ]
		},
		"default":{
		  "transitions":[
			{
			"particle":"query.variant == 0"
			}
		  ]
        }
      }
    },
	"controller.animation.bnote": {
      "initial_state": "default"
	  "states":{
        "particle": {
          "particle_effects": [ { "effect": "blue_note", "locator": "note" } ],
		  "transitions":[
		  {
			"default":"!query.variant == 1"
		  }
		  ]
		},
		"default":{
		  "transitions":[
			{
			"particle":"query.variant == 1"
			}
		  ]
        }
      }
    },
	"controller.animation.gnote": {
      "initial_state": "default"
	  "states":{
        "particle": {
          "particle_effects": [ { "effect": "green_note", "locator": "note" } ],
		  "transitions":[
		  {
			"default":"!query.variant == 2"
		  }
		  ]
		},
		"default":{
		  "transitions":[
			{
			"particle":"query.variant == 2"
			}
		  ]
        }
      }
    },
	"controller.animation.rnote": {
      "initial_state": "default"
	  "states":{
        "particle": {
          "particle_effects": [ { "effect": "red_note", "locator": "note" } ],
		  "transitions":[
		  {
			"default":"!query.variant == 3"
		  }
		  ]
		},
		"default":{
		  "transitions":[
			{
			"particle":"query.variant == 3"
			}
		  ]
        }
      }
    }
  }
}