{
	"format_version": "1.10.0",
	"animation_controllers": {
		"controller.animation.peashooter.general": {
			"states": {
				"default": {
					"animations": [
						"move"
					]
				}
			}
		},
     "controller.animation.peashooter.attack": {
		     "states": {
		       "default": {
			     "transitions": [
			       {
				     "attack": "query.has_target && query.variant == 0"
			       }
			    ],
			    "blend_transition": 0.1
		      },
		       "attack": {
			     "animations": [
			       "attacking"
		     	],
			     "transitions": [
			       {
				     "default": "query.all_animations_finished"
			       }
			    ],
		    	 "blend_transition": 0.1
				}
			}
		},
    "controller.animation.peashooter.food": {
		     "states": {
		       "default": {
			     "transitions": [
			       {
				     "attack": "query.has_target && query.variant == 1"
			       }
			    ],
			    "blend_transition": 0.1
		      },
		       "attack": {
			     "animations": [
			       "fooding"
		     	],
			     "transitions": [
			       {
				     "default": "query.all_animations_finished"
			       }
			    ],
		    	 "blend_transition": 0.1
				}
			}
		},
    "controller.animation.peashooter.bshoot": {
		     "states": {
		       "default": {
			     "transitions": [
			       {
				     "attack": "query.has_target && query.variant == 2"
			       }
			    ],
			    "blend_transition": 0.1
		      },
		       "attack": {
			     "animations": [
			       "shooting"
		     	],
			     "transitions": [
			       {
				     "default": "query.all_animations_finished"
			       }
			    ],
		    	 "blend_transition": 0.1
				}
			}
		}
	}
}