{
	"format_version": "1.8.0",
	"animation_controllers": {
		"controller.animation.sunflower.move": {
      "states": {
        "default": {
          "transitions": [
            {
              "lapis": "query.variant == 1"
            }
          ],
		  "animations": [ { "move": [ ] } ]
        },
        "lapis": {
          "transitions": [
            {
              "default": "query.variant == 0"
            }
          ],
          "animations": [ { "food": [ ] } ]
        }
      }
    },
	"controller.animation.sunflower.mov": {
      "states": {
        "default": {
          "animations": [ { "move": [ ] } ]
        }
      }
    }
  }
}