{
	"format_version": "1.12.0",
	"minecraft:geometry": [
		{
			"description": {
				"identifier": "geometry.bronze_armor_helmet",
				"texture_width": 64,
				"texture_height": 32,
				"visible_bounds_width": 3,
				"visible_bounds_height": 3.5,
				"visible_bounds_offset": [
					0,
					1.25,
					0
				]
			},
			"bones": [
				{
					"name": "waist",
					"pivot": [
						0,
						12,
						0
					]
				},
				{
					"name": "body",
					"parent": "waist",
					"pivot": [
						0,
						24,
						0
					]
				},
				{
					"name": "head",
					"parent": "body",
					"pivot": [
						0,
						24,
						0
					],
					"cubes": [
						{
							"origin": [
								-4,
								24,
								-4
							],
							"size": [
								8,
								8,
								8
							],
							"inflate": 1,
							"uv": [
								0,
								0
							]
						},
						{
							"origin": [
								0,
								33,
								-3.85
							],
							"size": [
								0,
								6,
								12
							],
							"uv": [
								40,
								-12
							]
						},
						{
							"origin": [
								0,
								27,
								4.15
							],
							"size": [
								0,
								6,
								4
							],
							"uv": [
								56,
								3
							]
						}
					]
				}
			]
		}
	]
}