{
	"format_version": "1.12.0",
	"minecraft:geometry": [
		{
			"description": {
				"identifier": "geometry.cape_illager",
				"texture_width": 32,
				"texture_height": 32,
				"visible_bounds_width": 2,
				"visible_bounds_height": 3.5,
				"visible_bounds_offset": [
					0,
					1.25,
					0
				]
			},
			"bones": [
				{
					"name": "waist",
					"pivot": [
						0,
						12,
						0
					]
				},
				{
					"name": "body",
					"parent": "waist",
					"pivot": [
						0,
						0,
						0
					]
				},
				{
					"name": "cape",
					"parent": "body",
					"pivot": [
						0,
						23.25,
						3.75
					],
					"cubes": [
						{
							"origin": [
								-4.5,
								4.25,
								3.5
							],
							"size": [
								9,
								19,
								1
							],
							"uv": [
								0,
								0
							]
						}
					]
				},
				{
					"name": "head",
					"parent": "body",
					"pivot": [
						0,
						24,
						0
					],
					"locators": {
						"lead": [
							0,
							0,
							0
						]
					}
				},
				{
					"name": "nose",
					"parent": "head",
					"pivot": [
						0,
						26,
						0
					]
				},
				{
					"name": "leftLeg",
					"parent": "body",
					"pivot": [
						2,
						12,
						0
					]
				},
				{
					"name": "rightLeg",
					"parent": "body",
					"pivot": [
						-2,
						12,
						0
					],
					"mirror": true
				},
				{
					"name": "rightarm",
					"parent": "body",
					"pivot": [
						-5,
						22,
						0
					]
				},
				{
					"name": "rightItem",
					"parent": "rightarm",
					"pivot": [
						-6,
						15,
						1
					]
				},
				{
					"name": "leftarm",
					"parent": "body",
					"pivot": [
						5,
						22,
						0
					],
					"mirror": true
				},
				{
					"name": "leftItem",
					"parent": "leftarm",
					"pivot": [
						6,
						15,
						1
					]
				}
			]
		}
	]
}