{
	"format_version": "1.12.0",
	"minecraft:geometry": [
		{
			"description": {
				"identifier": "geometry.captain_banner",
				"texture_width": 64,
				"texture_height": 64,
				"visible_bounds_width": 3,
				"visible_bounds_height": 5.5,
				"visible_bounds_offset": [
					0,
					2.25,
					0
				]
			},
			"bones": [
				{
					"name": "waist",
					"pivot": [
						0,
						12,
						0
					]
				},
				{
					"name": "body",
					"parent": "waist",
					"pivot": [
						0,
						24,
						0
					]
				},
				{
					"name": "body1",
					"parent": "body",
					"pivot": [
						0,
						24,
						0
					]
				},
				{
					"name": "out",
					"parent": "body1",
					"pivot": [
						0,
						24,
						0
					]
				},
				{
					"name": "head",
					"parent": "body1",
					"pivot": [
						0,
						24,
						0
					]
				},
				{
					"name": "head1",
					"parent": "head",
					"pivot": [
						0,
						24,
						0
					],
					"locators": {
						"lead": [
							0,
							0,
							0
						]
					}
				},
				{
					"name": "nose",
					"parent": "head1",
					"pivot": [
						0,
						26,
						0
					]
				},
				{
					"name": "leftLeg",
					"parent": "body1",
					"pivot": [
						2,
						12,
						0
					]
				},
				{
					"name": "rightLeg",
					"parent": "body1",
					"pivot": [
						-2,
						12,
						0
					],
					"mirror": true
				},
				{
					"name": "rightarm",
					"parent": "body1",
					"pivot": [
						-5,
						22,
						0
					]
				},
				{
					"name": "rightItem",
					"parent": "rightarm",
					"pivot": [
						-6,
						15,
						1
					]
				},
				{
					"name": "leftarm",
					"parent": "body1",
					"pivot": [
						5,
						22,
						0
					],
					"mirror": true
				},
				{
					"name": "leftItem",
					"parent": "leftarm",
					"pivot": [
						6,
						15,
						1
					]
				},
				{
					"name": "banner",
					"parent": "body1",
					"pivot": [
						0,
						0,
						0
					],
					"cubes": [
						{
							"origin": [
								-1,
								0,
								-1
							],
							"size": [
								2,
								62,
								2
							],
							"uv": [
								44,
								0
							]
						},
						{
							"origin": [
								-10,
								59,
								-3
							],
							"size": [
								20,
								2,
								2
							],
							"uv": [
								0,
								42
							]
						}
					]
				},
				{
					"name": "flag",
					"parent": "banner",
					"pivot": [
						0,
						61,
						-3
					],
					"cubes": [
						{
							"origin": [
								-10,
								21,
								-4
							],
							"size": [
								20,
								40,
								1
							],
							"uv": [
								0,
								0
							]
						}
					]
				}
			]
		}
	]
}