{
	"format_version": "1.12.0",
	"minecraft:geometry": [
		{
			"description": {
				"identifier": "geometry.codaituong",
				"texture_width": 64,
				"texture_height": 64,
				"visible_bounds_width": 5,
				"visible_bounds_height": 2.5,
				"visible_bounds_offset": [
					0,
					0.75,
					0
				]
			},
			"bones": [
				{
					"name": "waist",
					"pivot": [
						0,
						12,
						0
					]
				},
				{
					"name": "body",
					"parent": "waist",
					"pivot": [
						0,
						0,
						0
					]
				},
				{
					"name": "head",
					"parent": "body",
					"pivot": [
						0,
						24,
						0
					],
					"locators": {
						"lead": [
							0,
							0,
							0
						]
					}
				},
				{
					"name": "nose",
					"parent": "head",
					"pivot": [
						0,
						26,
						0
					]
				},
				{
					"name": "leftLeg",
					"parent": "body",
					"pivot": [
						2,
						12,
						0
					]
				},
				{
					"name": "rightLeg",
					"parent": "body",
					"pivot": [
						-2,
						12,
						0
					],
					"mirror": true
				},
				{
					"name": "rightarm",
					"parent": "body",
					"pivot": [
						-5,
						22,
						0
					]
				},
				{
					"name": "rightItem",
					"parent": "rightarm",
					"pivot": [
						-6,
						15,
						1
					]
				},
				{
					"name": "leftarm",
					"parent": "body",
					"pivot": [
						5,
						22,
						0
					],
					"mirror": true
				},
				{
					"name": "banner",
					"parent": "leftarm",
					"pivot": [
						6,
						12,
						0
					],
					"rotation": [
						90,
						0,
						0
					],
					"cubes": [
						{
							"origin": [
								5,
								-4,
								-2
							],
							"size": [
								2,
								62,
								2
							],
							"uv": [
								44,
								0
							]
						},
						{
							"origin": [
								-4,
								55,
								-4
							],
							"size": [
								20,
								2,
								2
							],
							"uv": [
								0,
								42
							]
						}
					]
				},
				{
					"name": "flag",
					"parent": "banner",
					"pivot": [
						6,
						57,
						-4
					],
					"cubes": [
						{
							"origin": [
								-4,
								17,
								-5
							],
							"size": [
								20,
								40,
								1
							],
							"uv": [
								0,
								0
							]
						}
					]
				},
				{
					"name": "leftItem",
					"parent": "leftarm",
					"pivot": [
						6,
						15,
						1
					]
				}
			]
		}
	]
}