{
	"format_version": "1.12.0",
	"minecraft:geometry": [
		{
			"description": {
				"identifier": "geometry.cowboyhat",
				"texture_width": 64,
				"texture_height": 64,
				"visible_bounds_width": 3,
				"visible_bounds_height": 3.5,
				"visible_bounds_offset": [
					0,
					1.25,
					0
				]
			},
			"bones": [
				{
					"name": "waist",
					"pivot": [
						0,
						12,
						0
					]
				},
				{
					"name": "body",
					"parent": "waist",
					"pivot": [
						0,
						0,
						0
					]
				},
				{
					"name": "head",
					"parent": "body",
					"pivot": [
						0,
						24,
						0
					],
					"locators": {
						"lead": [
							0,
							0,
							0
						]
					}
				},
				{
					"name": "nose",
					"parent": "head",
					"pivot": [
						0,
						26,
						0
					]
				},
				{
					"name": "cowboyhat",
					"parent": "head",
					"pivot": [
						8,
						32,
						0
					],
					"cubes": [
						{
							"origin": [
								-5,
								30,
								-5
							],
							"size": [
								10,
								5,
								10
							],
							"uv": [
								0,
								17
							]
						},
						{
							"origin": [
								-8,
								30,
								-8
							],
							"size": [
								16,
								0,
								16
							],
							"uv": [
								0,
								0
							]
						},
						{
							"origin": [
								-10,
								30,
								-7
							],
							"size": [
								2,
								0,
								14
							],
							"pivot": [
								-8,
								30,
								0
							],
							"rotation": [
								0,
								0,
								55
							],
							"uv": [
								31,
								17
							]
						},
						{
							"origin": [
								8,
								30,
								-7
							],
							"size": [
								2,
								0,
								14
							],
							"pivot": [
								8,
								30,
								0
							],
							"rotation": [
								0,
								0,
								-55
							],
							"uv": [
								27,
								17
							]
						}
					]
				},
				{
					"name": "leftLeg",
					"parent": "body",
					"pivot": [
						2,
						12,
						0
					]
				},
				{
					"name": "rightLeg",
					"parent": "body",
					"pivot": [
						-2,
						12,
						0
					],
					"mirror": true
				},
				{
					"name": "rightarm",
					"parent": "body",
					"pivot": [
						-5,
						22,
						0
					]
				},
				{
					"name": "rightItem",
					"parent": "rightarm",
					"pivot": [
						-6,
						15,
						1
					]
				},
				{
					"name": "leftarm",
					"parent": "body",
					"pivot": [
						5,
						22,
						0
					],
					"mirror": true
				},
				{
					"name": "leftItem",
					"parent": "leftarm",
					"pivot": [
						6,
						15,
						1
					]
				}
			]
		}
	]
}