{
	"format_version": "1.12.0",
	"minecraft:geometry": [
		{
			"description": {
				"identifier": "geometry.flintlock",
				"texture_width": 16,
				"texture_height": 16,
				"visible_bounds_width": 1,
				"visible_bounds_height": 1,
				"visible_bounds_offset": [
					0,
					0,
					0
				]
			},
			"bones": [
				{
					"name": "rightitem",
					"pivot": [
						0,
						0,
						0
					],
					"texture_meshes": [
						{
							"texture": "default",
							"position": [
								2,
								7,
								3
							],
							"rotation": [
								0,
								-135,
								90
							],
							"local_pivot": [
								6,
								0,
								6
							],
							"scale": [
								1,
								0.75,
								1
							]
						}
					]
				}
			]
		}
	]
}