{
	"format_version": "1.12.0",
	"minecraft:geometry": [
		{
			"description": {
				"identifier": "geometry.pirateyhat",
				"texture_width": 128,
				"texture_height": 128,
				"visible_bounds_width": 3,
				"visible_bounds_height": 3.5,
				"visible_bounds_offset": [
					0,
					1.25,
					0
				]
			},
			"bones": [
				{
					"name": "waist",
					"pivot": [
						0,
						12,
						0
					]
				},
				{
					"name": "body",
					"parent": "waist",
					"pivot": [
						0,
						0,
						0
					]
				},
				{
					"name": "head",
					"parent": "body",
					"pivot": [
						0,
						24,
						0
					],
					"locators": {
						"lead": [
							0,
							0,
							0
						]
					}
				},
				{
					"name": "nose",
					"parent": "head",
					"pivot": [
						0,
						26,
						0
					]
				},
				{
					"name": "cowboyhat",
					"parent": "head",
					"pivot": [
						8,
						32,
						0
					],
					"cubes": [
						{
							"origin": [
								-5,
								30,
								-5
							],
							"size": [
								10,
								5,
								10
							],
							"uv": [
								0,
								13
							]
						},
						{
							"origin": [
								-6,
								30,
								-6
							],
							"size": [
								12,
								0,
								12
							],
							"uv": [
								0,
								0
							]
						},
						{
							"origin": [
								-6,
								30,
								6
							],
							"size": [
								12,
								0,
								6
							],
							"pivot": [
								0,
								30,
								6
							],
							"rotation": [
								75,
								0,
								0
							],
							"uv": [
								31,
								13
							]
						},
						{
							"origin": [
								-6,
								30,
								-13
							],
							"size": [
								12,
								0,
								7
							],
							"pivot": [
								0,
								30,
								-6
							],
							"rotation": [
								-70,
								0,
								0
							],
							"uv": [
								0,
								29
							]
						},
						{
							"origin": [
								-10,
								30,
								-6
							],
							"size": [
								4,
								0,
								12
							],
							"pivot": [
								-6,
								30,
								0
							],
							"rotation": [
								0,
								0,
								85
							],
							"uv": [
								0,
								37
							]
						},
						{
							"origin": [
								6,
								30,
								-6
							],
							"size": [
								4,
								0,
								12
							],
							"pivot": [
								6,
								30,
								0
							],
							"rotation": [
								0,
								0,
								-85
							],
							"uv": [
								29,
								25
							]
						}
					]
				},
				{
					"name": "leftLeg",
					"parent": "body",
					"pivot": [
						2,
						12,
						0
					]
				},
				{
					"name": "rightLeg",
					"parent": "body",
					"pivot": [
						-2,
						12,
						0
					],
					"mirror": true
				},
				{
					"name": "rightarm",
					"parent": "body",
					"pivot": [
						-5,
						22,
						0
					]
				},
				{
					"name": "rightItem",
					"parent": "rightarm",
					"pivot": [
						-6,
						15,
						1
					]
				},
				{
					"name": "leftarm",
					"parent": "body",
					"pivot": [
						5,
						22,
						0
					],
					"mirror": true
				},
				{
					"name": "leftItem",
					"parent": "leftarm",
					"pivot": [
						6,
						15,
						1
					]
				}
			]
		}
	]
}