{
	"format_version": "1.12.0",
	"minecraft:geometry": [
		{
			"description": {
				"identifier": "geometry.ravager_balista",
				"texture_width": 256,
				"texture_height": 256,
				"visible_bounds_width": 9,
				"visible_bounds_height": 4.5,
				"visible_bounds_offset": [
					0,
					1.75,
					0
				]
			},
			"bones": [
				{
					"name": "ravager",
					"pivot": [
						0,
						0,
						0
					]
				},
				{
					"name": "body",
					"parent": "ravager",
					"pivot": [
						0,
						19,
						2
					],
					"rotation": [
						90,
						0,
						0
					]
				},
				{
					"name": "neck",
					"parent": "ravager",
					"pivot": [
						0,
						20,
						-20
					]
				},
				{
					"name": "head",
					"parent": "neck",
					"pivot": [
						0,
						28,
						-10
					],
					"locators": {
						"stun": [
							0,
							32,
							-15
						]
					}
				},
				{
					"name": "mouth",
					"parent": "head",
					"pivot": [
						0,
						15,
						-10
					]
				},
				{
					"name": "horns",
					"parent": "head",
					"pivot": [
						-5,
						27,
						-19
					],
					"rotation": [
						60,
						0,
						0
					]
				},
				{
					"name": "leg0",
					"parent": "ravager",
					"pivot": [
						-12,
						30,
						22
					]
				},
				{
					"name": "leg1",
					"parent": "ravager",
					"pivot": [
						4,
						30,
						22
					]
				},
				{
					"name": "leg2",
					"parent": "ravager",
					"pivot": [
						-4,
						26,
						-4
					]
				},
				{
					"name": "leg3",
					"parent": "ravager",
					"pivot": [
						-4,
						26,
						-4
					]
				},
				{
					"name": "thanxe",
					"parent": "ravager",
					"pivot": [
						0,
						0,
						0
					],
					"cubes": [
						{
							"origin": [
								-3,
								40,
								-32
							],
							"size": [
								2,
								2,
								36
							],
							"uv": [
								91,
								120
							]
						},
						{
							"origin": [
								-13,
								35,
								0
							],
							"size": [
								26,
								3,
								5
							],
							"uv": [
								125,
								39
							]
						},
						{
							"origin": [
								13,
								5,
								0
							],
							"size": [
								4,
								33,
								5
							],
							"uv": [
								68,
								64
							]
						},
						{
							"origin": [
								-17,
								5,
								0
							],
							"size": [
								4,
								33,
								5
							],
							"uv": [
								68,
								0
							]
						},
						{
							"origin": [
								-16,
								5,
								-8
							],
							"size": [
								2,
								21,
								5
							],
							"uv": [
								42,
								128
							]
						},
						{
							"origin": [
								-16,
								5,
								7
							],
							"size": [
								2,
								21,
								5
							],
							"uv": [
								125,
								0
							]
						},
						{
							"origin": [
								-16,
								5,
								15
							],
							"size": [
								2,
								21,
								5
							],
							"uv": [
								102,
								0
							]
						},
						{
							"origin": [
								-16,
								5,
								23
							],
							"size": [
								2,
								21,
								5
							],
							"uv": [
								97,
								86
							]
						},
						{
							"origin": [
								-16,
								5,
								-16
							],
							"size": [
								2,
								21,
								5
							],
							"uv": [
								0,
								128
							]
						},
						{
							"origin": [
								-16,
								5,
								-24
							],
							"size": [
								2,
								21,
								5
							],
							"uv": [
								125,
								59
							]
						},
						{
							"origin": [
								14,
								5,
								23
							],
							"size": [
								2,
								21,
								5
							],
							"uv": [
								44,
								68
							]
						},
						{
							"origin": [
								14,
								5,
								15
							],
							"size": [
								2,
								21,
								5
							],
							"uv": [
								0,
								83
							]
						},
						{
							"origin": [
								14,
								5,
								7
							],
							"size": [
								2,
								21,
								5
							],
							"uv": [
								15,
								83
							]
						},
						{
							"origin": [
								14,
								5,
								-8
							],
							"size": [
								2,
								21,
								5
							],
							"uv": [
								87,
								0
							]
						},
						{
							"origin": [
								14,
								5,
								-16
							],
							"size": [
								2,
								21,
								5
							],
							"uv": [
								87,
								64
							]
						},
						{
							"origin": [
								14,
								5,
								-24
							],
							"size": [
								2,
								21,
								5
							],
							"uv": [
								30,
								90
							]
						},
						{
							"origin": [
								-17,
								1,
								-30
							],
							"size": [
								4,
								4,
								59
							],
							"uv": [
								0,
								64
							]
						},
						{
							"origin": [
								13,
								1,
								-30
							],
							"size": [
								4,
								4,
								59
							],
							"uv": [
								0,
								0
							]
						},
						{
							"origin": [
								14,
								26,
								-23
							],
							"size": [
								2,
								3,
								52
							],
							"uv": [
								68,
								64
							]
						},
						{
							"origin": [
								-16,
								26,
								-23
							],
							"size": [
								2,
								3,
								52
							],
							"uv": [
								68,
								0
							]
						},
						{
							"origin": [
								-21,
								25,
								-25
							],
							"size": [
								4,
								4,
								4
							],
							"uv": [
								91,
								146
							]
						},
						{
							"origin": [
								-17,
								25,
								-25
							],
							"size": [
								20,
								4,
								4
							],
							"pivot": [
								-17,
								27,
								-21
							],
							"rotation": [
								0,
								22.5,
								0
							],
							"uv": [
								0,
								44
							]
						},
						{
							"origin": [
								-16,
								29,
								-25
							],
							"size": [
								6,
								7,
								4
							],
							"pivot": [
								-17,
								27,
								-21
							],
							"rotation": [
								0,
								22.5,
								0
							],
							"uv": [
								106,
								138
							]
						},
						{
							"origin": [
								-3,
								25,
								-25
							],
							"size": [
								20,
								4,
								4
							],
							"pivot": [
								17,
								27,
								-21
							],
							"rotation": [
								0,
								-22.5,
								0
							],
							"uv": [
								0,
								64
							]
						},
						{
							"origin": [
								10,
								29,
								-25
							],
							"size": [
								6,
								7,
								4
							],
							"pivot": [
								17,
								27,
								-21
							],
							"rotation": [
								0,
								-22.5,
								0
							],
							"uv": [
								132,
								134
							]
						},
						{
							"origin": [
								17,
								25,
								-25
							],
							"size": [
								4,
								4,
								4
							],
							"uv": [
								74,
								151
							]
						},
						{
							"origin": [
								17,
								36,
								-25
							],
							"size": [
								4,
								4,
								4
							],
							"uv": [
								140,
								63
							]
						},
						{
							"origin": [
								-3,
								36,
								-25
							],
							"size": [
								20,
								4,
								4
							],
							"pivot": [
								17,
								38,
								-21
							],
							"rotation": [
								0,
								-22.5,
								0
							],
							"uv": [
								0,
								26
							]
						},
						{
							"origin": [
								-17,
								36,
								-25
							],
							"size": [
								20,
								4,
								4
							],
							"pivot": [
								-17,
								38,
								-21
							],
							"rotation": [
								0,
								22.5,
								0
							],
							"uv": [
								0,
								35
							]
						},
						{
							"origin": [
								-21,
								36,
								-25
							],
							"size": [
								4,
								4,
								4
							],
							"uv": [
								140,
								72
							]
						},
						{
							"origin": [
								-17,
								1,
								-34
							],
							"size": [
								20,
								6,
								6
							],
							"pivot": [
								-17,
								3,
								-28
							],
							"rotation": [
								0,
								20,
								0
							],
							"uv": [
								0,
								13
							]
						},
						{
							"origin": [
								-3,
								1,
								-34
							],
							"size": [
								20,
								6,
								6
							],
							"pivot": [
								17,
								3,
								-28
							],
							"rotation": [
								0,
								-20,
								0
							],
							"uv": [
								0,
								0
							]
						},
						{
							"origin": [
								-25,
								1,
								-34
							],
							"size": [
								8,
								6,
								6
							],
							"uv": [
								0,
								110
							]
						},
						{
							"origin": [
								17,
								1,
								-34
							],
							"size": [
								8,
								6,
								6
							],
							"uv": [
								68,
								103
							]
						},
						{
							"origin": [
								-15,
								7,
								-36
							],
							"size": [
								6,
								20,
								2
							],
							"pivot": [
								-12,
								7,
								-35
							],
							"rotation": [
								-25,
								20,
								0
							],
							"uv": [
								74,
								128
							]
						},
						{
							"origin": [
								-5,
								7,
								-36
							],
							"size": [
								3,
								20,
								2
							],
							"pivot": [
								-12,
								7,
								-35
							],
							"rotation": [
								-25,
								20,
								0
							],
							"uv": [
								107,
								64
							]
						},
						{
							"origin": [
								9,
								7,
								-36
							],
							"size": [
								6,
								20,
								2
							],
							"pivot": [
								12,
								7,
								-35
							],
							"rotation": [
								-25,
								-20,
								0
							],
							"uv": [
								125,
								92
							]
						},
						{
							"origin": [
								2,
								7,
								-36
							],
							"size": [
								3,
								20,
								2
							],
							"pivot": [
								12,
								7,
								-35
							],
							"rotation": [
								-25,
								-20,
								0
							],
							"uv": [
								15,
								128
							]
						},
						{
							"origin": [
								-3,
								36,
								-29
							],
							"size": [
								6,
								2,
								29
							],
							"uv": [
								0,
								128
							]
						},
						{
							"origin": [
								-3,
								38,
								-29
							],
							"size": [
								6,
								2,
								33
							],
							"uv": [
								125,
								56
							]
						},
						{
							"origin": [
								1,
								40,
								-32
							],
							"size": [
								2,
								2,
								36
							],
							"uv": [
								125,
								0
							]
						}
					]
				},
				{
					"name": "cungphai",
					"parent": "thanxe",
					"pivot": [
						-3,
						41,
						-32
					],
					"rotation": [
						0,
						10,
						0
					],
					"cubes": [
						{
							"origin": [
								-12,
								40,
								-32
							],
							"size": [
								9,
								4,
								2
							],
							"uv": [
								142,
								105
							]
						}
					]
				},
				{
					"name": "canhcungphai",
					"parent": "cungphai",
					"pivot": [
						-12,
						41,
						-32
					],
					"rotation": [
						0,
						15,
						0
					],
					"cubes": [
						{
							"origin": [
								-24,
								40,
								-32
							],
							"size": [
								12,
								2,
								2
							],
							"uv": [
								29,
								117
							]
						},
						{
							"origin": [
								-26,
								40,
								-32
							],
							"size": [
								2,
								4,
								4
							],
							"uv": [
								45,
								104
							]
						}
					]
				},
				{
					"name": "dayphai",
					"parent": "canhcungphai",
					"pivot": [
						-24,
						42,
						-29
					],
					"cubes": [
						{
							"origin": [
								-24,
								42,
								-29
							],
							"size": [
								20,
								1,
								1
							],
							"pivot": [
								-24,
								42,
								-29
							],
							"rotation": [
								0,
								-25,
								0
							],
							"uv": [
								0,
								56
							]
						}
					]
				},
				{
					"name": "cungtrai",
					"parent": "thanxe",
					"pivot": [
						3,
						41,
						-32
					],
					"rotation": [
						0,
						-10,
						0
					],
					"cubes": [
						{
							"origin": [
								3,
								40,
								-32
							],
							"size": [
								9,
								4,
								2
							],
							"uv": [
								135,
								56
							]
						}
					]
				},
				{
					"name": "canhcungtrai",
					"parent": "cungtrai",
					"pivot": [
						12,
						41,
						-32
					],
					"rotation": [
						0,
						-15,
						0
					],
					"cubes": [
						{
							"origin": [
								12,
								40,
								-32
							],
							"size": [
								12,
								2,
								2
							],
							"uv": [
								125,
								27
							]
						},
						{
							"origin": [
								24,
								40,
								-32
							],
							"size": [
								2,
								4,
								4
							],
							"uv": [
								45,
								95
							]
						}
					]
				},
				{
					"name": "daytrai",
					"parent": "canhcungtrai",
					"pivot": [
						24,
						42,
						-29
					],
					"cubes": [
						{
							"origin": [
								4,
								42,
								-29
							],
							"size": [
								20,
								1,
								1
							],
							"pivot": [
								24,
								42,
								-29
							],
							"rotation": [
								0,
								25,
								0
							],
							"uv": [
								68,
								49
							]
						}
					]
				},
				{
					"name": "keoday",
					"parent": "thanxe",
					"pivot": [
						0,
						0,
						0
					],
					"cubes": [
						{
							"origin": [
								-8,
								35,
								4
							],
							"size": [
								16,
								7,
								2
							],
							"uv": [
								0,
								73
							]
						},
						{
							"origin": [
								-8,
								35,
								12
							],
							"size": [
								16,
								7,
								2
							],
							"uv": [
								68,
								39
							]
						},
						{
							"origin": [
								5,
								35,
								6
							],
							"size": [
								3,
								7,
								6
							],
							"uv": [
								132,
								120
							]
						},
						{
							"origin": [
								-8,
								35,
								6
							],
							"size": [
								3,
								7,
								6
							],
							"uv": [
								91,
								128
							]
						}
					]
				},
				{
					"name": "trucxoay",
					"parent": "keoday",
					"pivot": [
						0,
						40.625,
						9
					],
					"cubes": [
						{
							"origin": [
								-10,
								36,
								8
							],
							"size": [
								1,
								9,
								2
							],
							"uv": [
								49,
								26
							]
						},
						{
							"origin": [
								-11,
								40,
								8.5
							],
							"size": [
								22,
								1,
								1
							],
							"uv": [
								0,
								53
							]
						},
						{
							"origin": [
								-5,
								39,
								7
							],
							"size": [
								10,
								4,
								4
							],
							"uv": [
								87,
								27
							]
						},
						{
							"origin": [
								9,
								36,
								8
							],
							"size": [
								1,
								9,
								2
							],
							"uv": [
								49,
								38
							]
						}
					]
				},
				{
					"name": "daykeo",
					"parent": "thanxe",
					"pivot": [
						0,
						42.5,
						7.5
					],
					"cubes": [
						{
							"origin": [
								-0.5,
								42,
								-22
							],
							"size": [
								1,
								1,
								29
							],
							"uv": [
								42,
								131
							]
						}
					]
				},
				{
					"name": "donbay",
					"parent": "thanxe",
					"pivot": [
						0,
						42,
						-22
					],
					"cubes": [
						{
							"origin": [
								-4,
								42,
								-23
							],
							"size": [
								8,
								2,
								2
							],
							"uv": [
								104,
								128
							]
						},
						{
							"origin": [
								-1,
								40,
								-23
							],
							"size": [
								2,
								2,
								2
							],
							"uv": [
								82,
								0
							]
						}
					]
				},
				{
					"name": "banh",
					"parent": "thanxe",
					"pivot": [
						18.5,
						4,
						-13
					],
					"cubes": [
						{
							"origin": [
								17,
								7,
								-15
							],
							"size": [
								3,
								1,
								4
							],
							"uv": [
								108,
								150
							]
						},
						{
							"origin": [
								17,
								1,
								-16
							],
							"size": [
								3,
								6,
								6
							],
							"uv": [
								147,
								140
							]
						},
						{
							"origin": [
								17,
								2,
								-17
							],
							"size": [
								3,
								4,
								1
							],
							"uv": [
								57,
								140
							]
						},
						{
							"origin": [
								17,
								0,
								-15
							],
							"size": [
								3,
								1,
								4
							],
							"uv": [
								149,
								130
							]
						},
						{
							"origin": [
								17,
								2,
								-10
							],
							"size": [
								3,
								4,
								1
							],
							"uv": [
								57,
								134
							]
						}
					]
				},
				{
					"name": "banh2",
					"parent": "thanxe",
					"pivot": [
						-18.5,
						4,
						-13
					],
					"cubes": [
						{
							"origin": [
								-20,
								7,
								-15
							],
							"size": [
								3,
								1,
								4
							],
							"uv": [
								105,
								36
							]
						},
						{
							"origin": [
								-20,
								1,
								-16
							],
							"size": [
								3,
								6,
								6
							],
							"uv": [
								140,
								0
							]
						},
						{
							"origin": [
								-20,
								2,
								-17
							],
							"size": [
								3,
								4,
								1
							],
							"uv": [
								47,
								13
							]
						},
						{
							"origin": [
								-20,
								0,
								-15
							],
							"size": [
								3,
								1,
								4
							],
							"uv": [
								43,
								53
							]
						},
						{
							"origin": [
								-20,
								2,
								-10
							],
							"size": [
								3,
								4,
								1
							],
							"uv": [
								47,
								0
							]
						}
					]
				},
				{
					"name": "banh3",
					"parent": "thanxe",
					"pivot": [
						18.5,
						4,
						18
					],
					"cubes": [
						{
							"origin": [
								17,
								7,
								16
							],
							"size": [
								3,
								1,
								4
							],
							"uv": [
								132,
								146
							]
						},
						{
							"origin": [
								17,
								1,
								15
							],
							"size": [
								3,
								6,
								6
							],
							"uv": [
								142,
								92
							]
						},
						{
							"origin": [
								17,
								2,
								14
							],
							"size": [
								3,
								4,
								1
							],
							"uv": [
								57,
								128
							]
						},
						{
							"origin": [
								17,
								0,
								16
							],
							"size": [
								3,
								1,
								4
							],
							"uv": [
								145,
								120
							]
						},
						{
							"origin": [
								17,
								2,
								21
							],
							"size": [
								3,
								4,
								1
							],
							"uv": [
								87,
								97
							]
						}
					]
				},
				{
					"name": "banh4",
					"parent": "thanxe",
					"pivot": [
						-18.5,
						4,
						18
					],
					"cubes": [
						{
							"origin": [
								-20,
								7,
								16
							],
							"size": [
								3,
								1,
								4
							],
							"uv": [
								136,
								82
							]
						},
						{
							"origin": [
								-20,
								1,
								15
							],
							"size": [
								3,
								6,
								6
							],
							"uv": [
								140,
								13
							]
						},
						{
							"origin": [
								-20,
								2,
								14
							],
							"size": [
								3,
								4,
								1
							],
							"uv": [
								87,
								91
							]
						},
						{
							"origin": [
								-20,
								0,
								16
							],
							"size": [
								3,
								1,
								4
							],
							"uv": [
								105,
								42
							]
						},
						{
							"origin": [
								-20,
								2,
								21
							],
							"size": [
								3,
								4,
								1
							],
							"uv": [
								30,
								83
							]
						}
					]
				},
				{
					"name": "muiten",
					"parent": "thanxe",
					"pivot": [
						0,
						40.5,
						-58.83333
					],
					"cubes": [
						{
							"origin": [
								-0.5,
								40,
								-62
							],
							"size": [
								1,
								1,
								39
							],
							"uv": [
								-37,
								160
							]
						},
						{
							"origin": [
								0,
								35,
								-74
							],
							"size": [
								0,
								11,
								14
							],
							"pivot": [
								0,
								40.5,
								-63
							],
							"rotation": [
								0,
								0,
								-45
							],
							"uv": [
								0,
								231
							]
						},
						{
							"origin": [
								0,
								35,
								-74
							],
							"size": [
								0,
								11,
								14
							],
							"pivot": [
								0,
								40.5,
								-63
							],
							"rotation": [
								0,
								0,
								45
							],
							"uv": [
								0,
								231
							]
						}
					]
				}
			]
		}
	]
}