{
	"format_version": "1.12.0",
	"minecraft:geometry": [
		{
			"description": {
				"identifier": "geometry.soldier_horse",
				"texture_width": 64,
				"texture_height": 64,
				"visible_bounds_width": 4,
				"visible_bounds_height": 3.5,
				"visible_bounds_offset": [
					0,
					1.25,
					0
				]
			},
			"bones": [
				{
					"name": "horse_soldier",
					"pivot": [
						0,
						12,
						0
					]
				},
				{
					"name": "waist",
					"parent": "horse_soldier",
					"pivot": [
						0,
						0,
						0
					]
				},
				{
					"name": "body",
					"parent": "waist",
					"pivot": [
						0,
						24,
						0
					]
				},
				{
					"name": "body1",
					"parent": "body",
					"pivot": [
						0,
						24,
						0
					]
				},
				{
					"name": "out",
					"parent": "body1",
					"pivot": [
						0,
						24,
						0
					]
				},
				{
					"name": "head",
					"parent": "body1",
					"pivot": [
						0,
						24,
						0
					]
				},
				{
					"name": "head1",
					"parent": "head",
					"pivot": [
						0,
						24,
						0
					],
					"locators": {
						"lead2": [
							0,
							0,
							0
						]
					}
				},
				{
					"name": "nose",
					"parent": "head1",
					"pivot": [
						0,
						26,
						0
					]
				},
				{
					"name": "leftLeg",
					"parent": "body1",
					"pivot": [
						2,
						12,
						0
					]
				},
				{
					"name": "rightLeg",
					"parent": "body1",
					"pivot": [
						-2,
						12,
						0
					],
					"mirror": true
				},
				{
					"name": "rightarm",
					"parent": "body1",
					"pivot": [
						-5,
						22,
						0
					]
				},
				{
					"name": "rightItem",
					"parent": "rightarm",
					"pivot": [
						-6,
						15,
						1
					]
				},
				{
					"name": "leftarm",
					"parent": "body1",
					"pivot": [
						5,
						22,
						0
					],
					"mirror": true
				},
				{
					"name": "leftItem",
					"parent": "leftarm",
					"pivot": [
						6,
						15,
						1
					]
				},
				{
					"name": "horse",
					"parent": "horse_soldier",
					"pivot": [
						0,
						13,
						9
					],
					"cubes": [
						{
							"origin": [
								-5,
								11,
								-11
							],
							"size": [
								10,
								10,
								22
							],
							"uv": [
								0,
								32
							]
						}
					]
				},
				{
					"name": "Tail",
					"parent": "horse",
					"pivot": [
						0,
						20,
						11
					],
					"rotation": [
						25,
						0,
						0
					],
					"cubes": [
						{
							"origin": [
								-1.5,
								6,
								9
							],
							"size": [
								3,
								14,
								4
							],
							"uv": [
								42,
								36
							]
						}
					]
				},
				{
					"name": "LegBL",
					"parent": "horse",
					"pivot": [
						3,
						11,
						9
					],
					"cubes": [
						{
							"origin": [
								1,
								0,
								7
							],
							"size": [
								4,
								11,
								4
							],
							"uv": [
								48,
								21
							],
							"mirror": true
						}
					]
				},
				{
					"name": "LegBR",
					"parent": "horse",
					"pivot": [
						-3,
						11,
						9
					],
					"cubes": [
						{
							"origin": [
								-5,
								0,
								7
							],
							"size": [
								4,
								11,
								4
							],
							"uv": [
								48,
								21
							]
						}
					]
				},
				{
					"name": "LegFL",
					"parent": "horse",
					"pivot": [
						3,
						11,
						-9
					],
					"cubes": [
						{
							"origin": [
								1,
								0,
								-11
							],
							"size": [
								4,
								11,
								4
							],
							"uv": [
								48,
								21
							],
							"mirror": true
						}
					]
				},
				{
					"name": "LegFR",
					"parent": "horse",
					"pivot": [
						-3,
						11,
						-9
					],
					"cubes": [
						{
							"origin": [
								-5,
								0,
								-11
							],
							"size": [
								4,
								11,
								4
							],
							"uv": [
								48,
								21
							]
						}
					]
				},
				{
					"name": "Neck",
					"parent": "horse",
					"pivot": [
						0,
						17,
						-8
					],
					"rotation": [
						30,
						0,
						0
					],
					"cubes": [
						{
							"origin": [
								-2,
								16,
								-11
							],
							"size": [
								4,
								12,
								7
							],
							"uv": [
								0,
								35
							]
						}
					],
					"locators": {
						"lead": [
							0,
							17,
							-8
						]
					}
				},
				{
					"name": "horse_head",
					"parent": "Neck",
					"pivot": [
						0,
						28,
						-11
					],
					"cubes": [
						{
							"origin": [
								-3,
								28,
								-11
							],
							"size": [
								6,
								5,
								7
							],
							"uv": [
								0,
								13
							]
						}
					]
				},
				{
					"name": "Muzzle",
					"parent": "horse_head",
					"pivot": [
						0,
						28,
						-11
					],
					"cubes": [
						{
							"origin": [
								-2,
								28,
								-16
							],
							"size": [
								4,
								5,
								5
							],
							"uv": [
								0,
								25
							]
						}
					]
				},
				{
					"name": "EarL",
					"parent": "horse_head",
					"pivot": [
						0,
						17,
						-8
					],
					"rotation": [
						0,
						0,
						5
					],
					"cubes": [
						{
							"origin": [
								-0.5,
								32,
								-5.01
							],
							"size": [
								2,
								3,
								1
							],
							"uv": [
								19,
								16
							],
							"mirror": true
						}
					]
				},
				{
					"name": "EarR",
					"parent": "horse_head",
					"pivot": [
						0,
						17,
						-8
					],
					"rotation": [
						0,
						0,
						-5
					],
					"cubes": [
						{
							"origin": [
								-1.5,
								32,
								-5.01
							],
							"size": [
								2,
								3,
								1
							],
							"uv": [
								19,
								16
							]
						}
					]
				},
				{
					"name": "ReinsL",
					"parent": "horse_head",
					"pivot": [
						2,
						30.5,
						-13.5
					],
					"rotation": [
						-35,
						0,
						0
					],
					"cubes": [
						{
							"origin": [
								3.1,
								29,
								-13
							],
							"size": [
								0,
								3,
								16
							],
							"uv": [
								32,
								2
							]
						}
					]
				},
				{
					"name": "ReinsR",
					"parent": "horse_head",
					"pivot": [
						-3,
						30.5,
						-13.5
					],
					"rotation": [
						-35,
						0,
						0
					],
					"cubes": [
						{
							"origin": [
								-3.1,
								29,
								-13
							],
							"size": [
								0,
								3,
								16
							],
							"uv": [
								32,
								2
							]
						}
					]
				},
				{
					"name": "Bridle",
					"parent": "horse_head",
					"pivot": [
						0,
						17,
						-8
					],
					"cubes": [
						{
							"origin": [
								-2,
								28,
								-13
							],
							"size": [
								4,
								5,
								2
							],
							"inflate": 0.25,
							"uv": [
								19,
								0
							]
						},
						{
							"origin": [
								-3,
								28,
								-11
							],
							"size": [
								6,
								5,
								7
							],
							"inflate": 0.25,
							"uv": [
								0,
								0
							]
						}
					]
				},
				{
					"name": "BitL",
					"parent": "Bridle",
					"pivot": [
						0,
						17,
						-8
					],
					"cubes": [
						{
							"origin": [
								2,
								29,
								-14
							],
							"size": [
								1,
								2,
								2
							],
							"uv": [
								29,
								5
							]
						}
					]
				},
				{
					"name": "BitR",
					"parent": "Bridle",
					"pivot": [
						0,
						17,
						-8
					],
					"cubes": [
						{
							"origin": [
								-3,
								29,
								-14
							],
							"size": [
								1,
								2,
								2
							],
							"uv": [
								29,
								5
							]
						}
					]
				},
				{
					"name": "Mane",
					"parent": "Neck",
					"pivot": [
						0,
						17,
						-8
					],
					"cubes": [
						{
							"origin": [
								-1,
								17,
								-3.95
							],
							"size": [
								2,
								16,
								2
							],
							"uv": [
								56,
								36
							]
						}
					]
				},
				{
					"name": "Saddle",
					"parent": "horse",
					"pivot": [
						0,
						22,
						2
					],
					"cubes": [
						{
							"origin": [
								-5,
								12,
								-3.5
							],
							"size": [
								10,
								9,
								9
							],
							"inflate": 0.5,
							"uv": [
								26,
								0
							]
						}
					]
				}
			]
		}
	]
}