{
	"format_version": "1.12.0",
	"minecraft:geometry": [
		{
			"description": {
				"identifier": "geometry.steel_helmet",
				"texture_width": 64,
				"texture_height": 64,
				"visible_bounds_width": 2,
				"visible_bounds_height": 3.5,
				"visible_bounds_offset": [
					0,
					1.25,
					0
				]
			},
			"bones": [
				{
					"name": "waist",
					"pivot": [
						0,
						12,
						0
					]
				},
				{
					"name": "body",
					"parent": "waist",
					"pivot": [
						0,
						24,
						0
					]
				},
				{
					"name": "head",
					"parent": "body",
					"pivot": [
						0,
						24,
						0
					],
					"cubes": [
						{
							"origin": [
								-4,
								24,
								-4
							],
							"size": [
								8,
								8,
								8
							],
							"inflate": 1,
							"uv": [
								0,
								0
							]
						},
						{
							"origin": [
								-4,
								27,
								-6
							],
							"size": [
								8,
								3,
								7
							],
							"inflate": 1.25,
							"pivot": [
								0,
								28,
								0
							],
							"rotation": [
								-30,
								0,
								0
							],
							"uv": [
								0,
								16
							]
						},
						{
							"origin": [
								0,
								32.9,
								-1.05
							],
							"size": [
								0,
								3,
								9
							],
							"uv": [
								0,
								17
							]
						},
						{
							"origin": [
								0,
								24.9,
								4.95
							],
							"size": [
								0,
								8,
								3
							],
							"uv": [
								18,
								23
							]
						}
					]
				}
			]
		}
	]
}