{
	"format_version": "1.12.0",
	"minecraft:geometry": [
		{
			"description": {
				"identifier": "geometry.tnt_balista",
				"texture_width": 256,
				"texture_height": 256,
				"visible_bounds_width": 9,
				"visible_bounds_height": 6.5,
				"visible_bounds_offset": [
					0,
					2.75,
					0
				]
			},
			"bones": [
				{
					"name": "than",
					"pivot": [
						0,
						0,
						0
					],
					"cubes": [
						{
							"origin": [
								-2,
								0,
								-24
							],
							"size": [
								4,
								2,
								48
							],
							"uv": [
								57,
								57
							]
						},
						{
							"origin": [
								-2,
								0,
								-24
							],
							"size": [
								4,
								2,
								48
							],
							"pivot": [
								0,
								0,
								0
							],
							"rotation": [
								0,
								-90,
								0
							],
							"uv": [
								0,
								54
							]
						}
					]
				},
				{
					"name": "balista",
					"parent": "than",
					"pivot": [
						0,
						2,
						0
					],
					"cubes": [
						{
							"origin": [
								-27,
								2,
								-25
							],
							"size": [
								52,
								3,
								50
							],
							"uv": [
								0,
								0
							]
						},
						{
							"origin": [
								-3,
								5,
								5
							],
							"size": [
								6,
								3,
								6
							],
							"uv": [
								0,
								105
							]
						},
						{
							"origin": [
								-7,
								8,
								-6
							],
							"size": [
								13,
								3,
								29
							],
							"uv": [
								0,
								105
							]
						},
						{
							"origin": [
								-7,
								11,
								4
							],
							"size": [
								13,
								3,
								6
							],
							"uv": [
								155,
								40
							]
						},
						{
							"origin": [
								-7,
								11,
								21
							],
							"size": [
								13,
								13,
								2
							],
							"pivot": [
								0,
								11,
								21
							],
							"rotation": [
								-10,
								0,
								0
							],
							"uv": [
								84,
								189
							]
						},
						{
							"origin": [
								-27,
								5,
								-24
							],
							"size": [
								19,
								37,
								2
							],
							"pivot": [
								-12,
								5,
								-24
							],
							"rotation": [
								-7.5,
								0,
								0
							],
							"uv": [
								134,
								146
							]
						},
						{
							"origin": [
								-8,
								5,
								-24
							],
							"size": [
								14,
								18,
								2
							],
							"pivot": [
								-4,
								5,
								-24
							],
							"rotation": [
								-7.5,
								0,
								0
							],
							"uv": [
								123,
								186
							]
						},
						{
							"origin": [
								-8,
								33.83745,
								-21.52
							],
							"size": [
								14,
								8,
								2
							],
							"pivot": [
								-4,
								23.83745,
								-21.52
							],
							"rotation": [
								-7.5,
								0,
								0
							],
							"uv": [
								194,
								0
							]
						},
						{
							"origin": [
								6,
								5,
								-24
							],
							"size": [
								19,
								37,
								2
							],
							"pivot": [
								11,
								5,
								-24
							],
							"rotation": [
								-7.5,
								0,
								0
							],
							"uv": [
								57,
								54
							]
						},
						{
							"origin": [
								-26,
								5,
								-1
							],
							"size": [
								8,
								33,
								2
							],
							"pivot": [
								-22,
								5,
								1
							],
							"rotation": [
								37.5,
								0,
								0
							],
							"uv": [
								184,
								148
							]
						},
						{
							"origin": [
								16,
								5,
								-1
							],
							"size": [
								8,
								33,
								2
							],
							"pivot": [
								20,
								5,
								1
							],
							"rotation": [
								37.5,
								0,
								0
							],
							"uv": [
								184,
								112
							]
						}
					]
				},
				{
					"name": "waist",
					"parent": "balista",
					"pivot": [
						0,
						13,
						17
					]
				},
				{
					"name": "body",
					"parent": "waist",
					"pivot": [
						0,
						1,
						17
					],
					"rotation": [
						2.5,
						0,
						0
					],
					"cubes": [
						{
							"origin": [
								-4,
								13,
								14
							],
							"size": [
								8,
								12,
								6
							],
							"uv": [
								208,
								212
							]
						},
						{
							"origin": [
								-4,
								7,
								14
							],
							"size": [
								8,
								18,
								6
							],
							"inflate": 0.5,
							"uv": [
								192,
								230
							]
						}
					]
				},
				{
					"name": "head",
					"parent": "body",
					"pivot": [
						0,
						25,
						17
					],
					"cubes": [
						{
							"origin": [
								-4,
								25,
								13
							],
							"size": [
								8,
								10,
								8
							],
							"uv": [
								192,
								192
							]
						},
						{
							"origin": [
								-4,
								25,
								13
							],
							"size": [
								8,
								10,
								8
							],
							"inflate": 0.5,
							"uv": [
								224,
								192
							]
						}
					],
					"locators": {
						"lead": [
							0,
							1,
							17
						]
					}
				},
				{
					"name": "nose",
					"parent": "head",
					"pivot": [
						0,
						27,
						17
					],
					"cubes": [
						{
							"origin": [
								-1,
								24,
								11
							],
							"size": [
								2,
								4,
								2
							],
							"uv": [
								216,
								192
							]
						}
					]
				},
				{
					"name": "leftLeg",
					"parent": "body",
					"pivot": [
						2,
						13,
						17
					],
					"rotation": [
						-92.5,
						-30,
						0
					],
					"cubes": [
						{
							"origin": [
								0,
								1,
								15
							],
							"size": [
								4,
								12,
								4
							],
							"uv": [
								192,
								214
							]
						}
					]
				},
				{
					"name": "rightLeg",
					"parent": "body",
					"pivot": [
						-2,
						13,
						17
					],
					"rotation": [
						-92.5,
						30,
						0
					],
					"mirror": true,
					"cubes": [
						{
							"origin": [
								-4,
								1,
								15
							],
							"size": [
								4,
								12,
								4
							],
							"uv": [
								192,
								214
							]
						}
					]
				},
				{
					"name": "rightarm",
					"parent": "body",
					"pivot": [
						-5,
						23,
						17
					],
					"rotation": [
						-77.07362,
						14.63639,
						3.31914
					],
					"cubes": [
						{
							"origin": [
								-8,
								13,
								15
							],
							"size": [
								4,
								12,
								4
							],
							"uv": [
								232,
								238
							]
						}
					]
				},
				{
					"name": "rightItem",
					"parent": "rightarm",
					"pivot": [
						-6,
						16,
						18
					]
				},
				{
					"name": "leftarm",
					"parent": "body",
					"pivot": [
						5,
						23,
						17
					],
					"rotation": [
						-72.35832,
						-7.15102,
						-2.26708
					],
					"mirror": true,
					"cubes": [
						{
							"origin": [
								4,
								13,
								15
							],
							"size": [
								4,
								12,
								4
							],
							"uv": [
								232,
								238
							]
						}
					]
				},
				{
					"name": "leftItem",
					"parent": "leftarm",
					"pivot": [
						6,
						16,
						18
					]
				},
				{
					"name": "crossbow",
					"parent": "balista",
					"pivot": [
						0,
						11,
						2
					],
					"rotation": [
						15,
						0,
						0
					],
					"cubes": [
						{
							"origin": [
								-11,
								11,
								-7
							],
							"size": [
								21,
								7,
								16
							],
							"uv": [
								114,
								54
							]
						},
						{
							"origin": [
								-14,
								9,
								-9
							],
							"size": [
								3,
								9,
								16
							],
							"uv": [
								84,
								163
							]
						},
						{
							"origin": [
								10,
								9,
								-9
							],
							"size": [
								3,
								9,
								16
							],
							"uv": [
								162,
								86
							]
						},
						{
							"origin": [
								10,
								77,
								-9
							],
							"size": [
								3,
								7,
								16
							],
							"uv": [
								173,
								62
							]
						},
						{
							"origin": [
								-14,
								77,
								-9
							],
							"size": [
								3,
								7,
								16
							],
							"uv": [
								161,
								170
							]
						},
						{
							"origin": [
								10,
								18,
								-9
							],
							"size": [
								3,
								59,
								10
							],
							"uv": [
								27,
								138
							]
						},
						{
							"origin": [
								10,
								18,
								3
							],
							"size": [
								3,
								59,
								4
							],
							"uv": [
								69,
								163
							]
						},
						{
							"origin": [
								-14,
								18,
								3
							],
							"size": [
								3,
								59,
								4
							],
							"uv": [
								54,
								138
							]
						},
						{
							"origin": [
								-14,
								18,
								-9
							],
							"size": [
								3,
								59,
								10
							],
							"uv": [
								0,
								138
							]
						}
					]
				},
				{
					"name": "cangac",
					"parent": "crossbow",
					"pivot": [
						15,
						15,
						1
					],
					"rotation": [
						-15,
						0,
						0
					],
					"cubes": [
						{
							"origin": [
								13,
								10,
								-1
							],
							"size": [
								2,
								5,
								6
							],
							"uv": [
								0,
								0
							]
						}
					]
				},
				{
					"name": "taycam",
					"parent": "cangac",
					"pivot": [
						16,
						12,
						2.5
					],
					"cubes": [
						{
							"origin": [
								15,
								11,
								1
							],
							"size": [
								2,
								2,
								13
							],
							"pivot": [
								16,
								12,
								2.5
							],
							"rotation": [
								47.5,
								0,
								0
							],
							"uv": [
								185,
								86
							]
						}
					]
				},
				{
					"name": "daykeo",
					"parent": "cangac",
					"pivot": [
						15,
						15,
						1
					],
					"rotation": [
						15,
						0,
						0
					],
					"cubes": [
						{
							"origin": [
								14,
								15,
								0
							],
							"size": [
								1,
								34,
								1
							],
							"uv": [
								100,
								54
							]
						}
					]
				},
				{
					"name": "cungphai",
					"parent": "crossbow",
					"pivot": [
						-14,
						82,
						2
					],
					"rotation": [
						0,
						0,
						-10
					],
					"cubes": [
						{
							"origin": [
								-39,
								79,
								0
							],
							"size": [
								25,
								3,
								4
							],
							"uv": [
								155,
								32
							]
						}
					]
				},
				{
					"name": "canhcungphai",
					"parent": "cungphai",
					"pivot": [
						-39,
						82,
						2
					],
					"rotation": [
						0,
						0,
						-25
					],
					"cubes": [
						{
							"origin": [
								-64,
								79,
								0
							],
							"size": [
								25,
								3,
								4
							],
							"uv": [
								114,
								94
							]
						},
						{
							"origin": [
								-70,
								79,
								0
							],
							"size": [
								6,
								3,
								4
							],
							"pivot": [
								-64,
								82,
								2
							],
							"rotation": [
								0,
								0,
								-55
							],
							"uv": [
								78,
								94
							]
						}
					]
				},
				{
					"name": "dayphai",
					"parent": "canhcungphai",
					"pivot": [
						-64.984,
						75.36436,
						3
					],
					"cubes": [
						{
							"origin": [
								-64.984,
								34.36436,
								1.5
							],
							"size": [
								1,
								44,
								1
							],
							"pivot": [
								-64.984,
								75.36436,
								3
							],
							"rotation": [
								0,
								0,
								-46
							],
							"uv": [
								41,
								0
							]
						}
					]
				},
				{
					"name": "cungtrai",
					"parent": "crossbow",
					"pivot": [
						13,
						82,
						2
					],
					"rotation": [
						0,
						0,
						10
					],
					"cubes": [
						{
							"origin": [
								13,
								79,
								0
							],
							"size": [
								25,
								3,
								4
							],
							"uv": [
								114,
								86
							]
						}
					]
				},
				{
					"name": "canhcungtrai",
					"parent": "cungtrai",
					"pivot": [
						38,
						82,
						2
					],
					"rotation": [
						0,
						0,
						25
					],
					"cubes": [
						{
							"origin": [
								38,
								79,
								0
							],
							"size": [
								25,
								3,
								4
							],
							"uv": [
								114,
								78
							]
						},
						{
							"origin": [
								63,
								79,
								0
							],
							"size": [
								6,
								3,
								4
							],
							"pivot": [
								63,
								82,
								2
							],
							"rotation": [
								0,
								0,
								55
							],
							"uv": [
								57,
								94
							]
						}
					]
				},
				{
					"name": "daytrai",
					"parent": "canhcungtrai",
					"pivot": [
						63.984,
						75.36436,
						2
					],
					"cubes": [
						{
							"origin": [
								62.984,
								34.36436,
								1.5
							],
							"size": [
								1,
								41,
								1
							],
							"pivot": [
								63.984,
								75.36436,
								2
							],
							"rotation": [
								0,
								0,
								46
							],
							"uv": [
								41,
								54
							]
						}
					]
				},
				{
					"name": "khaykeo",
					"parent": "crossbow",
					"pivot": [
						-0.5,
						49,
						1.5
					],
					"cubes": [
						{
							"origin": [
								-11,
								49,
								-8
							],
							"size": [
								21,
								2,
								18
							],
							"uv": [
								56,
								108
							]
						},
						{
							"origin": [
								-9,
								51,
								-8
							],
							"size": [
								17,
								29,
								2
							],
							"uv": [
								155,
								0
							]
						},
						{
							"origin": [
								8,
								51,
								-8
							],
							"size": [
								2,
								29,
								18
							],
							"uv": [
								0,
								54
							]
						},
						{
							"origin": [
								-11,
								51,
								-8
							],
							"size": [
								2,
								29,
								18
							],
							"uv": [
								0,
								0
							]
						},
						{
							"origin": [
								-18,
								75,
								1
							],
							"size": [
								7,
								2,
								2
							],
							"uv": [
								0,
								125
							]
						},
						{
							"origin": [
								-18,
								49,
								1
							],
							"size": [
								7,
								2,
								2
							],
							"uv": [
								0,
								120
							]
						},
						{
							"origin": [
								-17,
								48,
								0
							],
							"size": [
								2,
								4,
								4
							],
							"uv": [
								23,
								9
							]
						},
						{
							"origin": [
								14,
								48,
								0
							],
							"size": [
								2,
								4,
								4
							],
							"uv": [
								23,
								0
							]
						},
						{
							"origin": [
								10,
								75,
								1
							],
							"size": [
								7,
								2,
								2
							],
							"uv": [
								117,
								108
							]
						},
						{
							"origin": [
								10,
								49,
								1
							],
							"size": [
								7,
								2,
								2
							],
							"uv": [
								0,
								115
							]
						}
					]
				},
				{
					"name": "tnt",
					"parent": "khaykeo",
					"pivot": [
						0,
						49,
						1
					],
					"cubes": [
						{
							"origin": [
								-8.5,
								51,
								-6
							],
							"size": [
								16,
								16,
								16
							],
							"uv": [
								69,
								130
							]
						},
						{
							"origin": [
								-8.5,
								67,
								-6
							],
							"size": [
								16,
								16,
								16
							],
							"uv": [
								119,
								113
							]
						}
					]
				}
			]
		}
	]
}