{
	"format_version": "1.12.0",
	"minecraft:geometry": [
		{
			"description": {
				"identifier": "geometry.villager_handle",
				"texture_width": 64,
				"texture_height": 64,
				"visible_bounds_width": 3,
				"visible_bounds_height": 3.5,
				"visible_bounds_offset": [
					0,
					1.25,
					0
				]
			},
			"bones": [
				{
					"name": "waist",
					"pivot": [
						0,
						12,
						0
					]
				},
				{
					"name": "body",
					"parent": "waist",
					"pivot": [
						0,
						24,
						0
					]
				},
				{
					"name": "body1",
					"parent": "body",
					"pivot": [
						0,
						24,
						0
					],
					"cubes": [
						{
							"origin": [
								-4,
								12,
								-3
							],
							"size": [
								8,
								12,
								6
							],
							"uv": [
								16,
								20
							]
						},
						{
							"origin": [
								-4,
								11,
								3.1
							],
							"size": [
								4,
								14,
								3
							],
							"pivot": [
								0,
								19,
								5
							],
							"rotation": [
								0,
								0,
								-25
							],
							"uv": [
								0,
								47
							]
						}
					]
				},
				{
					"name": "out",
					"parent": "body1",
					"pivot": [
						0,
						24,
						0
					],
					"cubes": [
						{
							"origin": [
								-4,
								8,
								-3
							],
							"size": [
								8,
								16,
								6
							],
							"inflate": 0.25,
							"uv": [
								16,
								38
							]
						}
					]
				},
				{
					"name": "head",
					"parent": "body1",
					"pivot": [
						0,
						24,
						0
					]
				},
				{
					"name": "head1",
					"parent": "head",
					"pivot": [
						0,
						24,
						0
					],
					"cubes": [
						{
							"origin": [
								-4,
								24,
								-4
							],
							"size": [
								8,
								10,
								8
							],
							"inflate": 0.2,
							"uv": [
								32,
								0
							]
						},
						{
							"origin": [
								-4,
								24,
								-4
							],
							"size": [
								8,
								10,
								8
							],
							"uv": [
								0,
								0
							]
						}
					],
					"locators": {
						"lead": [
							0,
							0,
							0
						]
					}
				},
				{
					"name": "nose",
					"parent": "head1",
					"pivot": [
						0,
						26,
						0
					],
					"cubes": [
						{
							"origin": [
								-1,
								23,
								-6
							],
							"size": [
								2,
								4,
								2
							],
							"uv": [
								24,
								0
							]
						}
					]
				},
				{
					"name": "leftLeg",
					"parent": "body1",
					"pivot": [
						2,
						12,
						0
					],
					"cubes": [
						{
							"origin": [
								0,
								0,
								-2
							],
							"size": [
								4,
								12,
								4
							],
							"uv": [
								0,
								22
							]
						}
					]
				},
				{
					"name": "rightLeg",
					"parent": "body1",
					"pivot": [
						-2,
						12,
						0
					],
					"mirror": true,
					"cubes": [
						{
							"origin": [
								-4,
								0,
								-2
							],
							"size": [
								4,
								12,
								4
							],
							"uv": [
								0,
								22
							]
						}
					]
				},
				{
					"name": "rightarm",
					"parent": "body1",
					"pivot": [
						-5,
						22,
						0
					],
					"cubes": [
						{
							"origin": [
								-8,
								12,
								-2
							],
							"size": [
								4,
								12,
								4
							],
							"uv": [
								44,
								22
							]
						}
					]
				},
				{
					"name": "rightItem",
					"parent": "rightarm",
					"pivot": [
						-6,
						15,
						1
					]
				},
				{
					"name": "leftarm",
					"parent": "body1",
					"pivot": [
						5,
						22,
						0
					],
					"mirror": true,
					"cubes": [
						{
							"origin": [
								4,
								12,
								-2
							],
							"size": [
								4,
								12,
								4
							],
							"uv": [
								44,
								22
							]
						}
					]
				},
				{
					"name": "leftItem",
					"parent": "leftarm",
					"pivot": [
						6,
						15,
						1
					]
				}
			]
		}
	]
}