{
	"format_version": "1.12.0",
	"minecraft:geometry": [
		{
			"description": {
				"identifier": "geometry.vindicator_fox_armor",
				"texture_width": 64,
				"texture_height": 64,
				"visible_bounds_width": 3,
				"visible_bounds_height": 4.5,
				"visible_bounds_offset": [
					0,
					1.75,
					0
				]
			},
			"bones": [
				{
					"name": "body",
					"pivot": [
						0,
						24,
						0
					]
				},
				{
					"name": "arms",
					"parent": "body",
					"pivot": [
						0,
						22,
						0
					]
				},
				{
					"name": "armor5",
					"parent": "arms",
					"pivot": [
						0,
						22,
						0
					],
					"cubes": [
						{
							"origin": [
								4,
								20,
								-2
							],
							"size": [
								4,
								4,
								4
							],
							"inflate": 0.5,
							"uv": [
								25,
								0
							]
						},
						{
							"origin": [
								-8,
								20,
								-2
							],
							"size": [
								4,
								4,
								4
							],
							"inflate": 0.5,
							"pivot": [
								-6,
								22.5,
								0
							],
							"rotation": [
								0,
								180,
								0
							],
							"uv": [
								29,
								15
							]
						}
					]
				},
				{
					"name": "armor4",
					"parent": "body",
					"pivot": [
						0,
						24,
						0
					],
					"cubes": [
						{
							"origin": [
								-4,
								11,
								-3
							],
							"size": [
								8,
								13,
								6
							],
							"inflate": 0.75,
							"uv": [
								0,
								19
							]
						}
					]
				},
				{
					"name": "head",
					"parent": "body",
					"pivot": [
						0,
						24,
						0
					],
					"locators": {
						"lead": [
							0,
							0,
							0
						]
					}
				},
				{
					"name": "nose",
					"parent": "head",
					"pivot": [
						0,
						26,
						0
					]
				},
				{
					"name": "armor3",
					"parent": "head",
					"pivot": [
						0,
						24,
						0
					],
					"cubes": [
						{
							"origin": [
								-4,
								25,
								-4
							],
							"size": [
								8,
								10,
								8
							],
							"inflate": 0.5,
							"uv": [
								0,
								0
							]
						},
						{
							"origin": [
								1.5,
								35,
								-3
							],
							"size": [
								3,
								3,
								2
							],
							"uv": [
								54,
								0
							]
						},
						{
							"origin": [
								-4.5,
								35,
								-3
							],
							"size": [
								3,
								3,
								2
							],
							"uv": [
								54,
								0
							]
						},
						{
							"origin": [
								-2,
								30.15,
								-6.4
							],
							"size": [
								4,
								2,
								2
							],
							"inflate": 0.1,
							"uv": [
								0,
								42
							]
						}
					]
				},
				{
					"name": "rightArm",
					"parent": "body",
					"pivot": [
						-5,
						22,
						0
					]
				},
				{
					"name": "arm1",
					"parent": "rightArm",
					"pivot": [
						-5,
						22,
						0
					],
					"cubes": [
						{
							"origin": [
								-8,
								20,
								-2
							],
							"size": [
								4,
								4,
								4
							],
							"inflate": 0.5,
							"pivot": [
								-6,
								23,
								0
							],
							"rotation": [
								0,
								180,
								0
							],
							"uv": [
								29,
								15
							]
						}
					]
				},
				{
					"name": "rightItem",
					"parent": "rightArm",
					"pivot": [
						-6,
						15,
						1
					]
				},
				{
					"name": "leftArm",
					"parent": "body",
					"pivot": [
						5,
						22,
						0
					],
					"mirror": true
				},
				{
					"name": "arm2",
					"parent": "leftArm",
					"pivot": [
						5,
						22,
						0
					],
					"cubes": [
						{
							"origin": [
								4,
								20,
								-2
							],
							"size": [
								4,
								4,
								4
							],
							"inflate": 0.5,
							"uv": [
								25,
								0
							]
						}
					]
				},
				{
					"name": "leftItem",
					"parent": "leftArm",
					"pivot": [
						6,
						15,
						1
					]
				}
			]
		}
	]
}