{"resource_pack_name":"vanilla","texture_name":"atlas.items","texture_data":{"yg:pomni":{"textures":"textures/items/spawn_eggs/yg_pomni"},"yg:jax":{"textures":"textures/items/spawn_eggs/yg_jax"},"yg:ragatha":{"textures":"textures/items/spawn_eggs/yg_ragatha"},"yg:gangle":{"textures":"textures/items/spawn_eggs/yg_gangle"},"yg:caine":{"textures":"textures/items/spawn_eggs/yg_caine"},"yg:zooble":{"textures":"textures/items/spawn_eggs/yg_zooble"},"yg:bubble":{"textures":"textures/items/spawn_eggs/yg_bubble"},"yg:kinger":{"textures":"textures/items/spawn_eggs/yg_kinger"},"yg:abstracted":{"textures":"textures/items/spawn_eggs/yg_abstracted"}}}