{
  "minecraft:entity" : {
    "components" : {
      "minecraft:scale" : {
        "max" : 0.94999999999999996,
        "value" : 0.94999999999999996
      },
      "minecraft:player.level" : {
        "value" : 0,
        "max" : 24791
      },
      "minecraft:health" : {
        "max" : 6,
        "value" : 6
      },
      "minecraft:player.experience" : {
        "value" : 0,
        "max" : 1
      },
      "minecraft:movement" : {
        "max" : 0.10000000000000001,
        "value" : 0.10000000000000001
      },
      "minecraft:breathable" : {
        "suffocateTime" : -1,
        "inhaleTime" : 3.75,
        "generatesBubbles" : false,
        "totalSupply" : 15
      },
      "minecraft:insomnia" : {
        "days_until_insomnia" : 3
      },
      "minecraft:is_hidden_when_invisible" : {

      },
      "minecraft:environment_sensor" : {
        "filters" : {
          "all_of" : [
            {
              "subject" : "self",
              "value" : "bad_omen",
              "test" : "has_mob_effect"
            },
            {
              "subject" : "self",
              "value" : true,
              "test" : "is_in_village"
            }
          ]
        },
        "event" : "minecraft:trigger_raid"
      },
      "minecraft:can_climb" : {

      },
      "minecraft:physics" : {

      },
      "minecraft:nameable" : {
        "allowNameTagRenaming" : false,
        "alwaysShow" : true
      },
      "minecraft:player.saturation" : {
        "value" : 20
      },
      "minecraft:loot" : {
        "table" : "loot_tables\/empty.json"
      },
      "minecraft:type_family" : {
        "family" : [
          "player"
        ]
      },
      "minecraft:player.exhaustion" : {
        "value" : 0,
        "max" : 4
      },
      "minecraft:collision_box" : {
        "width" : 0.56999999999999995,
        "height" : 1.71
      },
      "minecraft:scaffolding_climber" : {

      }
    },
    "component_groups" : {
      "minecraft:add_bad_omen" : {
        "minecraft:spell_effects" : {
          "add_effects" : [
            {
              "display_on_screen_animation" : true,
              "effect" : "bad_omen",
              "duration" : 6000
            }
          ]
        },
        "minecraft:timer" : {
          "looping" : false,
          "time" : [
            0,
            0
          ],
          "time_down_event" : {
            "event" : "minecraft:clear_add_bad_omen",
            "target" : "self"
          }
        }
      },
      "minecraft:clear_bad_omen_spell_effect" : {
        "minecraft:spell_effects" : {

        }
      },
      "minecraft:raid_trigger" : {
        "minecraft:raid_trigger" : {
          "triggered_event" : {
            "event" : "minecraft:remove_raid_trigger",
            "target" : "self"
          }
        },
        "minecraft:spell_effects" : {
          "remove_effects" : "bad_omen"
        }
      }
    },
    "description" : {
      "is_spawnable" : false,
      "is_summonable" : false,
      "identifier" : "minecraft:player",
      "is_experimental" : false
    },
    "events" : {
      "minecraft:trigger_raid" : {
        "add" : {
          "component_groups" : [
            "minecraft:raid_trigger"
          ]
        }
      },
      "minecraft:remove_raid_trigger" : {
        "remove" : {
          "component_groups" : [
            "minecraft:raid_trigger"
          ]
        }
      },
      "minecraft:gain_bad_omen" : {
        "add" : {
          "component_groups" : [
            "minecraft:add_bad_omen"
          ]
        }
      },
      "minecraft:clear_add_bad_omen" : {
        "add" : {
          "component_groups" : [
            "minecraft:clear_bad_omen_spell_effect"
          ]
        },
        "remove" : {
          "component_groups" : [
            "minecraft:add_bad_omen"
          ]
        }
      }
    }
  },
  "format_version" : "1.11.0"
}