{
	"format_version": "1.20.30",
	"minecraft:item": {
		"description": {
			"identifier": "fv:steelblood_vampiric_cleaver",
			"menu_category": {
				"category": "equipment",
				"group": "itemGroup.name.axe"
			}
		},
		"components": {
			"minecraft:max_stack_size": 1,
			"minecraft:hand_equipped": true,
			"minecraft:durability": {
				"max_durability": 5000
			},
			"minecraft:damage": 16,
			"minecraft:icon": {
				"texture": "fv_steelblood_vampiric_cleaver"
			},
			"minecraft:enchantable": {
				"value": 14,
				"slot": "sword"
			},
			"minecraft:can_destroy_in_creative": false,
			"minecraft:digger": {
				"use_efficiency": true,
				"destroy_speeds": [
					{
						"block": "minecraft:web",
						"speed": 12
					},
					{
						"block": "minecraft:bamboo",
						"speed": 8
					}
				]
			},
			"minecraft:weapon": {
				"on_hurt_entity": {
					"event": "on_hurt_entity",
					"target": "self"
				}
			},
			"tag:minecraft:is_sword": {},
			"tag:minecraft:transformable_items": {},
			"minecraft:hover_text_color": "red"
		},
		"events": {
			"on_hurt_entity": {
				"sequence": [
					{
						"add_mob_effect": {
							"effect": "regeneration",
							"target": "self",
							"duration": 5,
							"amplifier": 1
						}
					},
					{
						"add_mob_effect": {
							"effect": "weakness",
							"target": "other",
							"duration": 3,
							"amplifier": 1
						}
					},
					{
						"damage": {
							"amount": 1,
							"target": "self",
							"type": "none"
						}
					}
				]
			}
		}
	}
}