{
  "format_version": "1.8.0",
  "animations": {
    "animation.f_cro.attack": {
      "loop": true,
      "bones": {
        "arm0": {
          "rotation": [
            "-114 + ((1.5 * math.abs(math.mod(variable.attack_animation_tick - query.frame_alpha, 10) - 5) - 2.5) / 5) * 57.3",
            0,
            0
          ]
        },
        "arm1": {
          "rotation": [
            "-114 + ((1.5 * math.abs(math.mod(variable.attack_animation_tick - query.frame_alpha, 10) - 5) - 2.5) / 5) * 57.3",
            0,
            0
          ]
        }
      }
    },
    "animation.f_cro.flower": {
      "loop": true,
      "bones": {
        "arm0": {
          "rotation": [
            "-45.8 + ((0.25 * math.abs(math.mod(variable.offer_flower_tick, 70) - 35) - 17.5) / 35)",
            0,
            0
          ]
        }
      }
    },
    "animation.iron_golem.move": {
      "loop": true,
      "bones": {
        "arm0": {
          "rotation": [
            "-variable.modified_tcos0 * 2.0",
            0,
            0
          ]
        },
        "arm1": {
          "rotation": [
            "variable.modified_tcos0 * 2.0",
            0,
            0
          ]
        }
      }
    },
    "animation.f_cro.move_to_target": {
      "loop": true,
      "bones": {
        "arm0": {
          "rotation": [
            "((math.abs(math.mod(query.modified_distance_moved, 13) - 6.5) - 3.25) / 2.25) * 30.0",
            0,
            0
          ]
        },
        "arm1": {
          "rotation": [
            "((math.abs(math.mod(query.modified_distance_moved, 13) - 6.5) - 3.25) / 2.25) * -30.0",
            0,
            0
          ]
        }
      }
    },
    "animation.iron_golem.walk": {
      "loop": true,
      "bones": {
        "body": {
          "rotation": [
            0,
            0,
            "variable.modified_tcos0 / 1.5"
          ]
        },
        "head": {
          "rotation": [
            0,
            0,
            "variable.modified_tcos0 / 1.5"
          ]
        },
        "leg0": {
          "rotation": [
            "variable.modified_tcos0 * 6.0",
            0,
            0
          ]
        },
        "leg1": {
          "rotation": [
            "-variable.modified_tcos0 * 6.0",
            0,
            0
          ]
        }
      }
    },
    "animation.iron_golem.walk_to_target": {
      "loop": true,
      "bones": {
        "body": {
          "rotation": [
            0,
            0,
            "2.0 * (math.abs(math.mod(query.modified_distance_moved + 6, 13.0) - 6.5) - 3.25)"
          ]
        },
        "head": {
          "rotation": [
            0,
            0,
            "2.0 * (math.abs(math.mod(query.modified_distance_moved + 6, 13.0) - 6.5) - 3.25)"
          ]
        },
        "leg0": {
          "rotation": [
            "(math.cos(query.modified_distance_moved * 38.17) * 40.0)",
            0,
            0
          ]
        },
        "leg1": {
          "rotation": [
            "(math.cos(query.modified_distance_moved * 38.17 + 180) * 40.0)",
            0,
            0
          ]
        }
      }
    },
    "animation.f_cro.general": {
      "loop": true,
      "animation_length": 2,
      "bones": {
        "head6": {
          "rotation": {
            "0.0": [
              0,
              0,
              0
            ],
            "0.5417": [
              2.5,
              0,
              0
            ],
            "0.75": [
              20,
              0,
              0
            ],
            "1.0": [
              -5,
              0,
              0
            ],
            "1.1667": [
              2.5,
              0,
              0
            ],
            "1.5417": [
              6.37,
              0,
              0
            ],
            "2.0": [
              0,
              0,
              0
            ]
          }
        },
        "head3": {
          "rotation": {
            "0.0": [
              -2.5,
              0,
              0
            ],
            "1.0": [
              -10,
              0,
              0
            ],
            "2.0": [
              -2.5,
              0,
              0
            ]
          }
        },
        "bone2": {
          "rotation": {
            "0.0": [
              0,
              -7.5,
              0
            ],
            "1.0": [
              0,
              12.5,
              0
            ],
            "2.0": [
              0,
              -7.5,
              0
            ]
          }
        }
      }
    },
    "animation.f_cro.walk_1": {
      "loop": true,
      "animation_length": 2,
      "bones": {
        "head6": {
          "rotation": {
            "0.0": [
              0,
              0,
              0
            ],
            "1.0": [
              10,
              0,
              0
            ],
            "2.0": [
              0,
              0,
              0
            ]
          }
        },
        "head3": {
          "rotation": {
            "0.0": [
              0,
              0,
              0
            ],
            "1.0": [
              -5,
              0,
              0
            ],
            "2.0": [
              0,
              0,
              0
            ]
          }
        },
        "bone2": {
          "rotation": {
            "0.0": [
              0,
              -12.5,
              0
            ],
            "1.0": [
              0,
              12.5,
              0
            ],
            "2.0": [
              0,
              -12.5,
              0
            ]
          }
        },
        "bone4": {
          "rotation": {
            "0.0": [
              0,
              -2.5,
              0
            ],
            "1.0": [
              0,
              38.75,
              0
            ],
            "2.0": [
              0,
              -5,
              0
            ]
          }
        },
        "bone": {
          "rotation": {
            "0.0": [
              0,
              0,
              -7.5
            ],
            "0.5": [
              0,
              0,
              -2.5
            ],
            "1.0": [
              0,
              0,
              10
            ],
            "1.5": [
              0,
              0,
              -2.5
            ],
            "2.0": [
              0,
              0,
              -7.5
            ]
          }
        },
        "leg3": {
          "rotation": {
            "0.0": [
              5,
              20,
              0
            ],
            "0.3333": [
              10.94065,
              17.55149,
              18.31181
            ],
            "0.875": [
              -8.94568,
              -19.30678,
              11.27985
            ],
            "1.2917": [
              -1.52514,
              -21.15421,
              -9.95997
            ],
            "1.625": [
              1.07006,
              11.37711,
              1.95491
            ],
            "2.0": [
              5,
              20,
              0
            ]
          }
        },
        "leg6": {
          "rotation": [
            0,
            0,
            0
          ]
        },
        "leg2": {
          "rotation": {
            "0.0": [
              -10.09541,
              25.71543,
              -22.30998
            ],
            "0.5": [
              -2.59775,
              27.38656,
              -5.63304
            ],
            "1.0": [
              -2.54643,
              -25.06764,
              -3.35798
            ],
            "1.5": [
              7.86214,
              -24.00631,
              -28.09829
            ],
            "2.0": [
              -10.09541,
              25.71543,
              -22.30998
            ]
          }
        },
        "leg1": {
          "rotation": {
            "0.0": [
              -15,
              -17.5,
              0
            ],
            "0.3333": [
              -8.94446,
              -21.16251,
              -18.14752
            ],
            "0.75": [
              8.0646,
              8.53675,
              -13.8338
            ],
            "1.5": [
              11.22786,
              3.39323,
              15.89694
            ],
            "2.0": [
              -15,
              -17.5,
              0
            ]
          }
        },
        "leg0": {
          "rotation": {
            "0.0": [
              0,
              -30,
              0
            ],
            "0.4583": [
              13.71217,
              -26.94622,
              -28.30005
            ],
            "0.7917": [
              -25.25789,
              4.76844,
              -20.95721
            ],
            "1.0833": [
              -22.89078,
              11.95519,
              -4.81712
            ],
            "1.4167": [
              7.86205,
              -27.73142,
              -9.97356
            ],
            "2.0": [
              0,
              -30,
              0
            ]
          }
        }
      }
    },
    "animation.f_cro.jumpscare": {
      "loop": "hold_on_last_frame",
      "animation_length": 1,
      "bones": {
        "bone5": {
          "rotation": {
            "0.0": [
              0,
              0,
              0
            ],
            "0.2083": [
              5,
              0,
              0
            ],
            "0.4583": [
              -12.5,
              0,
              0
            ],
            "0.7083": [
              7.5,
              0,
              0
            ],
            "1.0": [
              2.5,
              0,
              0
            ]
          },
          "position": [
            0,
            0,
            19
          ]
        },
        "head6": {
          "rotation": {
            "0.0": [
              0,
              0,
              0
            ],
            "0.3333": [
              25,
              0,
              0
            ],
            "0.6667": [
              -2.5,
              0,
              0
            ],
            "0.8333": [
              10,
              0,
              0
            ],
            "1.0": [
              -5,
              0,
              0
            ]
          }
        },
        "head3": {
          "rotation": {
            "0.0": [
              0,
              0,
              0
            ],
            "0.375": [
              -32.5,
              0,
              0
            ],
            "0.6667": [
              0,
              0,
              0
            ],
            "1.0": [
              -7.5,
              0,
              0
            ]
          }
        },
        "bone2": {
          "rotation": {
            "0.0": [
              12.5,
              0,
              0
            ],
            "0.25": [
              2.5,
              0,
              0
            ],
            "0.5": [
              32.5,
              0,
              0
            ],
            "0.75": [
              -30,
              0,
              0
            ],
            "1.0": [
              0,
              0,
              0
            ]
          }
        },
        "bone4": {
          "rotation": {
            "0.0": [
              0,
              0,
              0
            ],
            "0.25": [
              30,
              0,
              0
            ],
            "0.4583": [
              8.99073,
              -6.95043,
              17.78634
            ],
            "0.75": [
              71.49073,
              -6.95043,
              17.78634
            ],
            "1.0": [
              -6.00927,
              -6.95043,
              17.78634
            ]
          }
        }
      }
    }
  }
}