{
	"format_version": "1.8.0",
	"render_controllers": {
		"controller.render.iron_golem_tamed": {
			"geometry": "geometry.default",
			"materials": [
				{
					"*": "material.default"
				}
			],
			"textures": [
				"texture.default"
			]
		},
		"controller.render.iron_spear": {
			"geometry": "geometry.iron_spear",
			"materials": [
				{
					"*": "material.default"
				}
			],
			"textures": [
				"texture.iron_spear"
			]
		},
		"controller.render.tnt.balista": {
			"geometry": "geometry.default",
			"materials": [
				{
					"*": "material.default"
				}
			],
			"textures": [
				"texture.default"
			],
			"part_visibility": [
				{
					"tnt": "query.is_charged"
				}
			]
		}
	}
}