{
  "format_version": "1.10.0",
  "minecraft:client_entity": {
    "description": {
      "identifier": "telur:kaude",
      "textures": {
        "default": "textures/entity/pamobile/telur_kaude"
      },
      "materials": {
        "default": "skeleton"
      },
      "geometry": {
        "default": "geometry.telur_kaufmo"
      },
      "render_controllers": [
        "controller.render.translucence"
      ],
      "spawn_egg": {
        "texture": "telur:kaude",
        "texture_index": 0
      },
      "animations": {
        "walk": "animation.kaude.walk",
        "idle": "animation.kaude.deat"
      },
      "sound_effects": {
        "lubang": "mob.telur_kaude.death"
      },
      "scripts": {
        "animate": [
          "root",
          {
            "walk": "query.is_moving"
          },
          {
            "idle": "!query.is_moving"
          }
        ]
      }
    }
  }
}