{
  "format_version": "1.10.0",
  "minecraft:client_entity": {
    "description": {
      "identifier": "telur:cancul",
      "textures": {
        "default": "textures/entity/pamobile/telur_cancul"
      },
      "materials": {
        "default": "skeleton"
      },
      "geometry": {
        "default": "geometry.telur_cancul"
      },
      "render_controllers": [
        "controller.render.translucence"
      ],
      "spawn_egg": {
        "texture": "telur:cancul",
        "texture_index": 0
      },
      "animations": {
        "walk": "animation.cuncul.walk",
        "idle": "animation.cuncul.look_at_target"
      },
      "sound_effects": {
        "selamat": "mob.telur_caine.idle1"
      },
      "scripts": {
        "animate": [
          "root",
          {
            "walk": "query.is_moving"
          },
          {
            "idle": "!query.is_moving"
          }
        ]
      }
    }
  }
}