{
	"format_version": "1.13.0",
	"minecraft:feature_rules": {
		"description": {
			"identifier": "zd:bandit",
			"places_feature": "zd:bandit"
		},
		"conditions": {
			"placement_pass": "surface_pass",
			"minecraft:biome_filter": {
				"any_of": [
					{
						"test": "has_biome_tag",
						"operator": "==",
						"value": "taiga"
					},
					{
						"test": "has_biome_tag",
						"operator": "==",
						"value": "mega"
					},
					{
						"all_of": [
							{
								"test": "has_biome_tag",
								"operator": "==",
								"value": "taiga"
							},
							{
								"test": "has_biome_tag",
								"operator": "==",
								"value": "cold"
							}
						]
					}
				]
			}
		},
		"distribution": {
			"iterations": 1,
			"scatter_chance": 0.2,
			"x": {
				"distribution": "uniform",
				"extent": [
					0,
					16
				]
			},
			"y": "query.heightmap(variable.worldx, variable.worldz) + -1",
			"z": {
				"distribution": "uniform",
				"extent": [
					0,
					16
				]
			}
		}
	}
}