{
	"format_version": "1.13.0",
	"minecraft:feature_rules": {
		"description": {
			"identifier": "zd:general",
			"places_feature": "zd:general"
		},
		"conditions": {
			"placement_pass": "surface_pass",
			"minecraft:biome_filter": {
				"any_of": [
					{
						"test": "has_biome_tag",
						"operator": "==",
						"value": "plains"
					},
					{
						"test": "has_biome_tag",
						"operator": "==",
						"value": "forest"
					}
				]
			}
		},
		"distribution": {
			"iterations": 1,
			"scatter_chance": 0.05,
			"x": {
				"distribution": "uniform",
				"extent": [
					0,
					16
				]
			},
			"y": "query.heightmap(variable.worldx, variable.worldz) + -1",
			"z": {
				"distribution": "uniform",
				"extent": [
					0,
					16
				]
			}
		}
	}
}