{
	"format_version": "1.10.0",
	"animation_controllers": {
		"controller.animation.asset.controller": {
			"initial_state": "default",
			"states": {
				"default": {
					"transitions": [
						{
							"attack": "query.is_charged"
						}
					],
					"blend_transition": 1.2
				},
				"attack": {
					"animations": [
						"attack"
					],
					"transitions": [
						{
							"default": "!query.is_charged"
						}
					],
					"blend_transition": 0.1
				}
			}
		},
		"controller.animation.asset.target": {
			"initial_state": "default",
			"states": {
				"default": {
					"animations": [
						"default"
					],
					"transitions": [
						{
							"target": "query.has_target"
						}
					],
					"blend_transition": 0.3
				},
				"target": {
					"animations": [
						"target"
					],
					"transitions": [
						{
							"default": "!query.has_target"
						}
					],
					"blend_transition": 0.3
				}
			}
		}
	}
}