{
	"format_version": "1.10.0",
	"animation_controllers": {
		"controller.animation.crossbow_stand.attack": {
			"initial_state": "default",
			"states": {
				"default": {
					"animations": [
						"look_at_target"
					],
					"blend_transition": 1.2,
					"transitions": [
						{
							"shooting": "query.is_charged"
						}
					]
				},
				"shooting": {
					"animations": [
						"shooting",
						"look_at_target"
					],
					"blend_transition": 0.1,
					"transitions": [
						{
							"default": "!query.is_charged"
						}
					]
				}
			}
		}
	}
}