{
	"format_version": "1.10.0",
	"animation_controllers": {
		"controller.animation.catapult.attack": {
			"initial_state": "default",
			"states": {
				"default": {
					"animations": [
						"default"
					],
					"blend_transition": 1.2,
					"transitions": [
						{
							"charge": "query.is_charged"
						}
					]
				},
				"charge": {
					"animations": [
						"charged"
					],
					"blend_transition": 0.1,
					"transitions": [
						{
							"default": "!query.is_charged"
						}
					]
				}
			}
		}
	}
}