{
	"format_version": "1.10.0",
	"animation_controllers": {
		"controller.animation.guard.attack": {
			"initial_state": "default",
			"states": {
				"default": {
					"transitions": [
						{
							"hand_attack": "query.is_delayed_attacking"
						}
					],
					"blend_transition": 0.2
				},
				"hand_attack": {
					"animations": [
						"hand_attack"
					],
					"transitions": [
						{
							"default": "!query.is_delayed_attacking"
						}
					],
					"blend_transition": 0.3
				}
			}
		}
	}
}