{
	"format_version": "1.10.0",
	"animation_controllers": {
		"controller.animation.horse.villager": {
			"initial_state": "default",
			"states": {
				"default": {
					"animations": [
						"walk",
						"idle"
					],
					"transitions": [
						{
							"attack1": "query.mark_variant==0&&query.is_delayed_attacking"
						},
						{
							"attack2": "query.mark_variant==1&&query.is_delayed_attacking"
						},
						{
							"sit": "query.is_sitting"
						},
						{
							"run": "query.is_angry"
						}
					],
					"blend_transition": 0.3
				},
				"attack1": {
					"animations": [
						"attack1"
					],
					"transitions": [
						{
							"default": "!query.is_delayed_attacking"
						},
						{
							"run": "!query.is_delayed_attacking&&query.is_angry"
						}
					],
					"blend_transition": 0.2
				},
				"attack2": {
					"animations": [
						"attack2"
					],
					"transitions": [
						{
							"default": "!query.is_delayed_attacking"
						},
						{
							"run": "!query.is_delayed_attacking&&query.is_angry"
						}
					],
					"blend_transition": 0.2
				},
				"sit": {
					"animations": [
						"sit",
						"idle"
					],
					"transitions": [
						{
							"default": "!query.is_sitting"
						}
					]
				},
				"run": {
					"animations": [
						"run",
						"walk"
					],
					"transitions": [
						{
							"default": "!query.is_angry"
						},
						{
							"attack1": "query.mark_variant==0&&query.is_delayed_attacking"
						},
						{
							"attack2": "query.mark_variant==1&&query.is_delayed_attacking"
						}
					],
					"blend_transition": 0.2
				}
			}
		}
	}
}