{
	"format_version": "1.10.0",
	"animation_controllers": {
		"controller.animation.walk": {
			"initial_state": "default",
			"states": {
				"default": {
					"animations": [
						"open",
						"default",
						"move"
					],
					"transitions": [
						{
							"walk": "query.modified_move_speed&&query.is_moving"
						},
						{
							"eat": "query.is_eating"
						}
					],
					"blend_transition": 0.3
				},
				"walk": {
					"animations": [
						"walk",
						"run",
						"move"
					],
					"transitions": [
						{
							"default": "!query.is_moving&&query.all_animations_finished"
						}
					],
					"blend_transition": 0.3
				},
				"eat": {
					"animations": [
						"eat"
					],
					"transitions": [
						{
							"default": "!query.is_eating"
						}
					]
				}
			}
		}
	}
}