{
	"format_version": "1.10.0",
	"animation_controllers": {
		"controller.animation.hunter.attack": {
			"initial_state": "default",
			"states": {
				"default": {
					"transitions": [
						{
							"hand_attack": "query.is_delayed_attacking"
						},
						{
							"admire": "query.is_admiring"
						}
					],
					"blend_transition": 0.2
				},
				"hand_attack": {
					"animations": [
						"hand_attack"
					],
					"transitions": [
						{
							"default": "!query.is_delayed_attacking"
						},
						{
							"admire": "query.is_admiring&&!query.is_delayed_attacking"
						}
					],
					"blend_transition": 0.3
				},
				"admire": {
					"animations": [
						"admire"
					],
					"transitions": [
						{
							"default": "!query.is_admiring"
						},
						{
							"hand_attack": "query.is_delayed_attacking&&!query.is_admiring"
						}
					]
				}
			}
		}
	}
}