{
	"format_version": "1.10.0",
	"animation_controllers": {
		"controller.animation.ice_illager.shoot": {
			"initial_state": "default",
			"states": {
				"default": {
					"transitions": [
						{
							"shoot": "query.is_charged&&query.variant==0"
						},
						{
							"shootice": "query.is_charged&&query.variant==1"
						}
					],
					"blend_transition": 0.3
				},
				"shoot": {
					"animations": [
						"casting",
						"look_at_target"
					],
					"transitions": [
						{
							"default": "!query.is_charged"
						},
						{
							"shootice": "query.variant==1"
						}
					],
					"blend_transition": 0.3
				},
				"shootice": {
					"animations": [
						"shootice",
						"look_at_target"
					],
					"transitions": [
						{
							"default": "!query.is_charged"
						},
						{
							"shoot": "query.variant==0"
						}
					],
					"blend_transition": 0.3
				}
			}
		}
	}
}