{
	"format_version": "1.10.0",
	"animation_controllers": {
		"controller.animation.iron_villager.attack": {
			"initial_state": "start",
			"states": {
				"default": {
					"transitions": [
						{
							"melee_attack": "variable.has_target&&query.variant==1&&variable.attack_time>=0"
						}
					],
					"blend_transition": 0.3
				},
				"melee_attack": {
					"animations": [
						"melee_attack"
					],
					"transitions": [
						{
							"default": "!variable.has_target||variable.attack_time<0"
						}
					],
					"blend_transition": 0.3
				},
				"start": {
					"animations": [
						"start"
					],
					"transitions": [
						{
							"default": "query.mark_variant==2"
						}
					],
					"blend_transition": 0.3
				}
			}
		}
	}
}