{
	"format_version": "1.10.0",
	"animation_controllers": {
		"controller.animation.pillagersailor.attack": {
			"initial_state": "default",
			"states": {
				"default": {
					"animations": [
						{
							"default": "query.variant==0"
						}
					],
					"transitions": [
						{
							"attack": "query.is_delayed_attacking"
						},
						{
							"bow_and_arrow": "query.variant==0&&query.has_target&&!query.is_charged"
						},
						{
							"reload": "query.is_charged&&query.has_target"
						}
					],
					"blend_transition": 0.3
				},
				"attack": {
					"animations": [
						"attack"
					],
					"transitions": [
						{
							"default": "!query.is_delayed_attacking&&query.all_animations_finished"
						}
					],
					"blend_transition": 0.3
				},
				"bow_and_arrow": {
					"animations": [
						"bow_and_arrow"
					],
					"transitions": [
						{
							"default": "!query.is_angry&&!query.has_target"
						},
						{
							"reload": "query.is_charged&&query.has_target"
						}
					],
					"blend_transition": 0.3
				},
				"reload": {
					"animations": [
						"reload"
					],
					"transitions": [
						{
							"default": "!query.is_charged&&!query.has_target"
						},
						{
							"bow_and_arrow": "!query.is_charged&&query.has_target"
						}
					],
					"blend_transition": 0.2
				}
			}
		}
	}
}