{
	"format_version": "1.10.0",
	"animation_controllers": {
		"controller.animation.pillager_general.attack": {
			"initial_state": "default",
			"states": {
				"default": {
					"transitions": [
						{
							"casting": "query.is_casting&&query.variant==0"
						},
						{
							"attack": "query.is_delayed_attacking"
						}
					],
					"blend_transition": 0.3
				},
				"casting": {
					"animations": [
						"casting"
					],
					"transitions": [
						{
							"default": "!query.is_casting"
						},
						{
							"attack": "query.is_delayed_attacking"
						}
					],
					"blend_transition": 0.3
				},
				"attack": {
					"animations": [
						"attack"
					],
					"transitions": [
						{
							"default": "!query.is_delayed_attacking&&query.all_animations_finished"
						},
						{
							"casting": "query.is_casting"
						}
					],
					"blend_transition": 0.3
				}
			}
		}
	}
}