{
	"format_version": "1.10.0",
	"animation_controllers": {
		"controller.animation.bamboo_cannon.controller": {
			"initial_state": "default",
			"states": {
				"default": {
					"animations": [
						"stand",
						"look_at_target_default",
						"walk",
						"run"
					],
					"transitions": [
						{
							"attack": "query.is_charged"
						}
					],
					"blend_transition": 0.3
				},
				"attack": {
					"animations": [
						"attack",
						"look_at_target_default"
					],
					"transitions": [
						{
							"default": "!query.is_charged&&query.all_animations_finished"
						}
					],
					"blend_transition": 0.3
				}
			}
		}
	}
}