{
	"format_version": "1.10.0",
	"animation_controllers": {
		"controller.animation.pillagerbandit.attack": {
			"initial_state": "default",
			"states": {
				"default": {
					"transitions": [
						{
							"hand_attack": "variable.has_target&&query.variant==1&&!query.is_item_equipped&&variable.attack_time>=0&&!query.is_admiring"
						},
						{
							"melee_attack": "variable.has_target&&query.variant==1&&query.is_item_equipped&&variable.attack_time>=0&&!query.is_admiring"
						},
						{
							"bow_and_arrow": "query.variant==0&&query.has_target"
						}
					],
					"blend_transition": 0.3
				},
				"melee_attack": {
					"animations": [
						"melee_attack"
					],
					"transitions": [
						{
							"default": "!query.is_item_equipped||!variable.has_target||variable.attack_time<0||query.is_admiring"
						},
						{
							"bow_and_arrow": "query.variant==0&&query.has_target"
						}
					],
					"blend_transition": 0.3
				},
				"hand_attack": {
					"animations": [
						"hand_attack"
					],
					"transitions": [
						{
							"default": "query.is_item_equipped||!variable.has_target||variable.attack_time<0||query.is_admiring"
						}
					],
					"blend_transition": 0.3
				},
				"bow_and_arrow": {
					"animations": [
						"bow_and_arrow"
					],
					"transitions": [
						{
							"default": "!query.is_angry&&!query.has_target"
						},
						{
							"melee_attack": "query.variant==1&&query.has_target"
						}
					],
					"blend_transition": 0.3
				}
			}
		}
	}
}