{
	"format_version": "1.10.0",
	"animation_controllers": {
		"controller.animation.pistol": {
			"initial_state": "default",
			"states": {
				"default": {
					"animations": [
						"default"
					],
					"transitions": [
						{
							"pistol": "query.is_charged&&query.has_target"
						},
						{
							"bow_and_arrow": "query.has_target&&!query.is_charged"
						}
					],
					"blend_transition": 0.2
				},
				"pistol": {
					"animations": [
						"pistol"
					],
					"transitions": [
						{
							"default": "!query.is_charged&&!query.has_target"
						},
						{
							"bow_and_arrow": "!query.is_charged&&query.has_target"
						}
					],
					"blend_transition": 0.1
				},
				"bow_and_arrow": {
					"animations": [
						"bow_and_arrow"
					],
					"transitions": [
						{
							"pistol": "query.is_charged&&query.has_target"
						},
						{
							"default": "!query.is_charged&&!query.has_target"
						}
					],
					"blend_transition": 0.2
				}
			}
		}
	}
}