{
	"format_version": "1.10.0",
	"animation_controllers": {
		"controller.animation.villagercannon": {
			"initial_state": "default",
			"states": {
				"default": {
					"animations": [
						"walk",
						"default",
						"look_at_target_default"
					],
					"transitions": [
						{
							"attack": "query.is_charged"
						}
					],
					"blend_transition": 0.2
				},
				"attack": {
					"animations": [
						"attack",
						"look_at_target_default",
						"sung"
					],
					"transitions": [
						{
							"default": "!query.is_charged"
						}
					],
					"blend_transition": 0.2
				}
			}
		}
	}
}