{
	"format_version": "1.10.0",
	"animation_controllers": {
		"controller.animation.villager_knight.attack": {
			"initial_state": "default",
			"states": {
				"default": {
					"transitions": [
						{
							"attack": "query.is_delayed_attacking&&query.variant==1"
						},
						{
							"attack3": "query.is_delayed_attacking&&query.variant==0"
						}
					],
					"blend_transition": 0.3
				},
				"attack": {
					"animations": [
						"attack"
					],
					"transitions": [
						{
							"default": "!query.is_delayed_attacking||!query.has_target"
						}
					],
					"blend_transition": 0.3
				},
				"attack3": {
					"animations": [
						"attack2"
					],
					"transitions": [
						{
							"default": "!query.is_delayed_attacking||!query.has_target"
						}
					],
					"blend_transition": 0.3
				}
			}
		}
	}
}