{
	"format_version": "1.10.0",
	"animation_controllers": {
		"controller.animation.villager_bow.attack": {
			"initial_state": "default",
			"states": {
				"default": {
					"transitions": [
						{
							"bow_and_arrow": "query.has_target"
						}
					],
					"blend_transition": 0.3
				},
				"bow_and_arrow": {
					"animations": [
						"bow_and_arrow"
					],
					"transitions": [
						{
							"default": "!query.has_target"
						}
					],
					"blend_transition": 0.3
				}
			}
		}
	}
}