{
	"format_version": "1.10.0",
	"animation_controllers": {
		"controller.animation.villagersoldier.attack": {
			"initial_state": "default",
			"states": {
				"default": {
					"transitions": [
						{
							"melee_attack": "variable.has_target&&query.variant==1&&query.is_item_equipped&&variable.attack_time>=0&&!query.is_admiring"
						},
						{
							"bow_and_arrow": "query.variant==0&&variable.attack_state==1"
						},
						{
							"charge": "query.variant==0&&variable.attack_state==2"
						}
					],
					"blend_transition": 0.3
				},
				"melee_attack": {
					"animations": [
						"melee_attack"
					],
					"transitions": [
						{
							"default": "!query.is_item_equipped||!variable.has_target||variable.attack_time<0||query.is_admiring"
						}
					],
					"blend_transition": 0.3
				},
				"bow_and_arrow": {
					"animations": [
						"crossbow_hold"
					],
					"transitions": [
						{
							"default": "variable.attack_state==0"
						},
						{
							"charge": "variable.attack_state==2"
						}
					],
					"blend_transition": 0.3
				},
				"charge": {
					"animations": [
						"crossbow_charge"
					],
					"transitions": [
						{
							"default": "variable.attack_state==0"
						},
						{
							"bow_and_arrow": "variable.attack_state==1"
						}
					]
				}
			}
		}
	}
}