{
	"format_version": "1.20.30",
	"minecraft:item": {
		"description": {
			"identifier": "fv:battle_axe_golden",
			"menu_category": {
				"category": "equipment",
				"group": "itemGroup.name.axe"
			}
		},
		"components": {
			"minecraft:max_stack_size": 1,
			"minecraft:hand_equipped": true,
			"minecraft:durability": {
				"max_durability": 40
			},
			"minecraft:damage": 4,
			"minecraft:enchantable": {
				"value": 14,
				"slot": "sword"
			},
			"minecraft:use_on": {
				"blocks": [
					"log",
					"log2",
					"wood"
				]
			},
			"minecraft:digger": {
				"use_efficiency": true,
				"destroy_speeds": [
					{
						"block": {
							"tags": "query.any_tag('wood', 'pumpkin', 'plant')"
						},
						"speed": 15
					},
					{
						"block": "minecraft:chest",
						"speed": 15
					},
					{
						"block": "minecraft:melon_block",
						"speed": 15
					}
				]
			},
			"minecraft:icon": {
				"texture": "fv_battle_axe_golden"
			},
			"tag:minecraft:is_axe": {},
			"minecraft:weapon": {
				"on_hurt_entity": {
					"event": "hurt"
				}
			},
			"minecraft:repairable": {
				"repair_items": [
					{
						"items": [
							"gold_ingot"
						],
						"repair_amount": "query.max_durability*0.25"
					},
					{
						"items": [
							"fv:battle_axe_golden"
						],
						"repair_amount": "context.other->query.remaining_durability+0.12*context.other->query.max_durability"
					}
				]
			}
		},
		"events": {
			"hurt": {
				"sequence": [
					{
						"randomize": [
							{
								"weight": 70
							},
							{
								"weight": 30,
								"damage": {
									"amount": 10,
									"target": "other",
									"type": "entity_attack"
								},
								"run_command": {
									"command": [
										"playsound hit.bonus @a ~ ~ ~ 20"
									]
								}
							}
						]
					},
					{
						"damage": {
							"amount": 1,
							"target": "self",
							"type": "none"
						}
					}
				]
			},
			"damaged": {
				"damage": {
					"amount": 1,
					"target": "self",
					"type": "none"
				}
			}
		}
	}
}