{
  "format_version": "1.16.100",
  "minecraft:item": {
    "description": {
      "identifier": "simple:cabbage",
      "category": "Equipment"
    },
    "components": {
      "minecraft:display_name": {
        "value": "cabbage"
      },
      "minecraft:creative_category": {
        "parent": "itemGroup.name.tools"
      },
      "minecraft:stacked_by_data": true,
      "minecraft:cooldown": {
        "category": "reload",
        "duration": 0.5
      },
      "minecraft:food": {
        "can_always_eat": true
      },
      "minecraft:allow_off_hand": false,
      "minecraft:hand_equipped": true,
      "minecraft:use_animation": "bow",
      "minecraft:use_duration": 999999.0,
      "minecraft:max_stack_size": 64,
      "minecraft:icon": {
        "texture": "simple_cabbage"
      },
      "minecraft:render_offsets": {
        "main_hand": {
          "third_person": {
            "scale": [
              0.059259259259259255,
              0.059259259259259255,
              0.059259259259259255
            ]
          },
          "first_person": {
            "scale": [
              0.022518518518505008,
              0.022518518518505008,
              0.022518518518505008
            ]
          }
        },
        "off_hand": {
          "third_person": {
            "scale": [
              0.059259259259259255,
              0.059259259259259255,
              0.059259259259259255
            ]
          },
          "first_person": {
            "scale": [
              0.022518518518505008,
              0.022518518518505008,
              0.022518518518505008
            ]
          }
        }
      }
    }
  }
}