{"format_version":"1.16.100","minecraft:item":{"description":{"category":"equipment","identifier":"simple:plantshuvul"},"components":{"minecraft:icon":{"texture":"simple_plantshuvul"},"minecraft:max_stack_size":1,"minecraft:stacked_by_data":true,"minecraft:foil":false,"minecraft:hand_equipped":true,"minecraft:enchantable":{"value":10,"slot":"shovel"},"minecraft:durability":{"max_durability":100000000000},"minecraft:mining_speed":1,"minecraft:weapon":{"on_hurt_entity":{"event":"hurt"},"on_not_hurt_entity":{"event":"hurt"},"on_hit_block":{"event":"hurt"}},"minecraft:on_use":{"on_use":{"event":"on_use_event"}},"minecraft:render_offsets":{"main_hand":{"third_person":{"scale":[0.025396825396825397,0.025396825396825397,0.025396825396825397]},"first_person":{"scale":[0.00965079365078786,0.00965079365078786,0.00965079365078786]}},"off_hand":{"third_person":{"scale":[0.025396825396825397,0.025396825396825397,0.025396825396825397]},"first_person":{"scale":[0.00965079365078786,0.00965079365078786,0.00965079365078786]}}},"minecraft:creative_category":{"parent":"itemGroup.name.shovel"},"minecraft:repairable":{"repair_items":[{"items":["minecraft:emerald"],"repair_amount":10},{"items":["simple:plantshuvul"],"repair_amount":"context.other->query.remaining_durability + 0.2 * context.other->query.max_durability"}]},"minecraft:damage":0,"minecraft:can_destroy_in_creative":false,"minecraft:display_name":{"value":"Plant Shovel"},"tag:minecraft:is_sword":{},"tag:minecraft:transformable_items":{},"tag:minecraft:trimmable_armors":{},"minecraft:cooldown":{"category":"action_cooldown","duration":1},"minecraft:allow_off_hand":false},"events":{"on_use_event":{"sequence":[{"run_command":{"command":["function shovekill"],"target":"self"}},{"damage":{"type":"magic","amount":1,"target":"self"}}]},"hurt":{"damage":{"type":"magic","amount":1,"target":"self"}}}}}