{
  "format_version": "1.8.0",
  "minecraft:client_entity": {
    "description": {
      "identifier": "shoot:imp",
      "materials": { "default": "iron_golem" },
      "textures": {
        "default": "textures/entity/zombie/imp"
      },
      "geometry": {
        "default": "geometry.imp"
      },
      "animations": {
        "move": "animation.imp.thrown"
      },
      "animation_controllers": [
        { "move": "controller.animation.mover.move" }
      ],
      "render_controllers": [ "controller.render.iron_golem" ],
      "spawn_egg": {
        "texture": "pvz_seeds",
        "texture_index": 0
      }
    }
  }
}