{
	"file_path": "C:\\Users\\TJ\\AppData\\Local\\Packages\\Microsoft.MinecraftUWP_8wekyb3d8bbwe\\LocalState\\games\\com.mojang\\development_behavior_packs\\MobsBP\\entities\\spells\\great_tusk.json",
	"file_type": "entity",
	"format_version": 1,
	"file_uuid": "c4e439fb_e7c0_447f_be2b_8ca01c1c301f",
	"file_version": 23,
	"cache_content": {
		"children": [
			{
				"data": "1.13.0",
				"key": "format_version"
			},
			{
				"open": {
					"format_version": "1.13.0",
					"minecraft:entity": {
						"description": {
							"identifier": "mobs:great_tusk",
							"is_summonable": true,
							"is_spawnable": true,
							"is_experimental": false
						},
						"component_groups": {
							"valhalla:grow": {
								"minecraft:scale_by_age": {
									"start_scale": 0,
									"end_scale": 1.25
								},
								"minecraft:ageable": {
									"duration": 0.3,
									"grow_up": {
										"event": "valhalla:shrink",
										"target": "self"
									}
								}
							},
							"valhalla:shrink": {
								"minecraft:scale_by_age": {
									"start_scale": 1.25,
									"end_scale": 0
								},
								"minecraft:ageable": {
									"duration": 0.3,
									"grow_up": {
										"event": "valhalla:despawn",
										"target": "self"
									}
								}
							},
							"valhalla:despawn": {
								"minecraft:despawn": {}
							}
						},
						"components": {
							"minecraft:area_attack": {
								"damage_range": 1,
								"damage_per_tick": 6,
								"cause": "entity_attack",
								"entity_filter": {
									"any_of": [
										{
											"test": "is_family",
											"subject": "other",
											"value": "guard"
										},
										{
											"test": "is_family",
											"subject": "other",
											"value": "player"
										}
									]
								}
							},
							"minecraft:physics": {
								"has_gravity": false,
								"has_collision": false
							},
							"minecraft:type_family": {
								"family": [
									"valhalla",
									"vine",
									"spell"
								]
							},
							"minecraft:knockback_resistance": {
								"value": 1
							}
						},
						"events": {
							"minecraft:entity_spawned": {
								"add": {
									"component_groups": [
										"valhalla:grow"
									]
								}
							},
							"valhalla:shrink": {
								"remove": {
									"component_groups": [
										"valhalla:grow"
									]
								},
								"add": {
									"component_groups": [
										"valhalla:shrink"
									]
								}
							},
							"valhalla:despawn": {
								"add": {
									"component_groups": [
										"valhalla:despawn"
									]
								}
							}
						}
					}
				},
				"key": "minecraft:entity",
				"children": [
					{
						"open": {
							"description": {
								"identifier": "mobs:great_tusk",
								"is_summonable": true,
								"is_spawnable": true,
								"is_experimental": false
							},
							"component_groups": {
								"valhalla:grow": {
									"minecraft:scale_by_age": {
										"start_scale": 0,
										"end_scale": 1.25
									},
									"minecraft:ageable": {
										"duration": 0.3,
										"grow_up": {
											"event": "valhalla:shrink",
											"target": "self"
										}
									}
								},
								"valhalla:shrink": {
									"minecraft:scale_by_age": {
										"start_scale": 1.25,
										"end_scale": 0
									},
									"minecraft:ageable": {
										"duration": 0.3,
										"grow_up": {
											"event": "valhalla:despawn",
											"target": "self"
										}
									}
								},
								"valhalla:despawn": {
									"minecraft:despawn": {}
								}
							},
							"components": {
								"minecraft:area_attack": {
									"damage_range": 1,
									"damage_per_tick": 6,
									"cause": "entity_attack",
									"entity_filter": {
										"any_of": [
											{
												"test": "is_family",
												"subject": "other",
												"value": "guard"
											},
											{
												"test": "is_family",
												"subject": "other",
												"value": "player"
											}
										]
									}
								},
								"minecraft:physics": {
									"has_gravity": false,
									"has_collision": false
								},
								"minecraft:type_family": {
									"family": [
										"valhalla",
										"vine",
										"spell"
									]
								},
								"minecraft:knockback_resistance": {
									"value": 1
								}
							},
							"events": {
								"minecraft:entity_spawned": {
									"add": {
										"component_groups": [
											"valhalla:grow"
										]
									}
								},
								"valhalla:shrink": {
									"remove": {
										"component_groups": [
											"valhalla:grow"
										]
									},
									"add": {
										"component_groups": [
											"valhalla:shrink"
										]
									}
								},
								"valhalla:despawn": {
									"add": {
										"component_groups": [
											"valhalla:despawn"
										]
									}
								}
							}
						},
						"key": "description",
						"is_minified": true,
						"children": {
							"identifier": "mobs:great_tusk",
							"is_summonable": true,
							"is_spawnable": true,
							"is_experimental": false
						}
					},
					{
						"open": {
							"description": {
								"identifier": "mobs:great_tusk",
								"is_summonable": true,
								"is_spawnable": true,
								"is_experimental": false
							},
							"component_groups": {
								"valhalla:grow": {
									"minecraft:scale_by_age": {
										"start_scale": 0,
										"end_scale": 1.25
									},
									"minecraft:ageable": {
										"duration": 0.3,
										"grow_up": {
											"event": "valhalla:shrink",
											"target": "self"
										}
									}
								},
								"valhalla:shrink": {
									"minecraft:scale_by_age": {
										"start_scale": 1.25,
										"end_scale": 0
									},
									"minecraft:ageable": {
										"duration": 0.3,
										"grow_up": {
											"event": "valhalla:despawn",
											"target": "self"
										}
									}
								},
								"valhalla:despawn": {
									"minecraft:despawn": {}
								}
							},
							"components": {
								"minecraft:area_attack": {
									"damage_range": 1,
									"damage_per_tick": 6,
									"cause": "entity_attack",
									"entity_filter": {
										"any_of": [
											{
												"test": "is_family",
												"subject": "other",
												"value": "guard"
											},
											{
												"test": "is_family",
												"subject": "other",
												"value": "player"
											}
										]
									}
								},
								"minecraft:physics": {
									"has_gravity": false,
									"has_collision": false
								},
								"minecraft:type_family": {
									"family": [
										"valhalla",
										"vine",
										"spell"
									]
								},
								"minecraft:knockback_resistance": {
									"value": 1
								}
							},
							"events": {
								"minecraft:entity_spawned": {
									"add": {
										"component_groups": [
											"valhalla:grow"
										]
									}
								},
								"valhalla:shrink": {
									"remove": {
										"component_groups": [
											"valhalla:grow"
										]
									},
									"add": {
										"component_groups": [
											"valhalla:shrink"
										]
									}
								},
								"valhalla:despawn": {
									"add": {
										"component_groups": [
											"valhalla:despawn"
										]
									}
								}
							}
						},
						"key": "component_groups",
						"children": [
							{
								"open": {
									"valhalla:grow": {
										"minecraft:scale_by_age": {
											"start_scale": 0,
											"end_scale": 1.25
										},
										"minecraft:ageable": {
											"duration": 0.3,
											"grow_up": {
												"event": "valhalla:shrink",
												"target": "self"
											}
										}
									},
									"valhalla:shrink": {
										"minecraft:scale_by_age": {
											"start_scale": 1.25,
											"end_scale": 0
										},
										"minecraft:ageable": {
											"duration": 0.3,
											"grow_up": {
												"event": "valhalla:despawn",
												"target": "self"
											}
										}
									},
									"valhalla:despawn": {
										"minecraft:despawn": {}
									}
								},
								"key": "valhalla:grow",
								"children": [
									{
										"open": {
											"minecraft:scale_by_age": {
												"start_scale": 0,
												"end_scale": 1.25
											},
											"minecraft:ageable": {
												"duration": 0.3,
												"grow_up": {
													"event": "valhalla:shrink",
													"target": "self"
												}
											}
										},
										"key": "minecraft:scale_by_age",
										"is_minified": true,
										"children": {
											"start_scale": 0,
											"end_scale": 1.25
										}
									},
									{
										"open": {
											"minecraft:scale_by_age": {
												"start_scale": 0,
												"end_scale": 1.25
											},
											"minecraft:ageable": {
												"duration": 0.3,
												"grow_up": {
													"event": "valhalla:shrink",
													"target": "self"
												}
											}
										},
										"key": "minecraft:ageable",
										"children": [
											{
												"open": {
													"duration": 0.3,
													"grow_up": {
														"event": "valhalla:shrink",
														"target": "self"
													}
												},
												"data": "0.3",
												"key": "duration"
											},
											{
												"open": {
													"duration": 0.3,
													"grow_up": {
														"event": "valhalla:shrink",
														"target": "self"
													}
												},
												"key": "grow_up",
												"is_minified": true,
												"children": {
													"event": "valhalla:shrink",
													"target": "self"
												}
											}
										]
									}
								]
							},
							{
								"open": {
									"valhalla:grow": {
										"minecraft:scale_by_age": {
											"start_scale": 0,
											"end_scale": 1.25
										},
										"minecraft:ageable": {
											"duration": 0.3,
											"grow_up": {
												"event": "valhalla:shrink",
												"target": "self"
											}
										}
									},
									"valhalla:shrink": {
										"minecraft:scale_by_age": {
											"start_scale": 1.25,
											"end_scale": 0
										},
										"minecraft:ageable": {
											"duration": 0.3,
											"grow_up": {
												"event": "valhalla:despawn",
												"target": "self"
											}
										}
									},
									"valhalla:despawn": {
										"minecraft:despawn": {}
									}
								},
								"key": "valhalla:shrink",
								"children": [
									{
										"open": {
											"minecraft:scale_by_age": {
												"start_scale": 1.25,
												"end_scale": 0
											},
											"minecraft:ageable": {
												"duration": 0.3,
												"grow_up": {
													"event": "valhalla:despawn",
													"target": "self"
												}
											}
										},
										"key": "minecraft:scale_by_age",
										"is_minified": true,
										"children": {
											"start_scale": 1.25,
											"end_scale": 0
										}
									},
									{
										"open": {
											"minecraft:scale_by_age": {
												"start_scale": 1.25,
												"end_scale": 0
											},
											"minecraft:ageable": {
												"duration": 0.3,
												"grow_up": {
													"event": "valhalla:despawn",
													"target": "self"
												}
											}
										},
										"key": "minecraft:ageable",
										"children": [
											{
												"open": {
													"duration": 0.3,
													"grow_up": {
														"event": "valhalla:despawn",
														"target": "self"
													}
												},
												"data": "0.3",
												"key": "duration"
											},
											{
												"open": {
													"duration": 0.3,
													"grow_up": {
														"event": "valhalla:despawn",
														"target": "self"
													}
												},
												"key": "grow_up",
												"is_minified": true,
												"children": {
													"event": "valhalla:despawn",
													"target": "self"
												}
											}
										]
									}
								]
							},
							{
								"open": {
									"valhalla:grow": {
										"minecraft:scale_by_age": {
											"start_scale": 0,
											"end_scale": 1.25
										},
										"minecraft:ageable": {
											"duration": 0.3,
											"grow_up": {
												"event": "valhalla:shrink",
												"target": "self"
											}
										}
									},
									"valhalla:shrink": {
										"minecraft:scale_by_age": {
											"start_scale": 1.25,
											"end_scale": 0
										},
										"minecraft:ageable": {
											"duration": 0.3,
											"grow_up": {
												"event": "valhalla:despawn",
												"target": "self"
											}
										}
									},
									"valhalla:despawn": {
										"minecraft:despawn": {}
									}
								},
								"key": "valhalla:despawn",
								"is_minified": true,
								"children": {
									"minecraft:despawn": {}
								}
							}
						]
					},
					{
						"open": {
							"description": {
								"identifier": "mobs:great_tusk",
								"is_summonable": true,
								"is_spawnable": true,
								"is_experimental": false
							},
							"component_groups": {
								"valhalla:grow": {
									"minecraft:scale_by_age": {
										"start_scale": 0,
										"end_scale": 1.25
									},
									"minecraft:ageable": {
										"duration": 0.3,
										"grow_up": {
											"event": "valhalla:shrink",
											"target": "self"
										}
									}
								},
								"valhalla:shrink": {
									"minecraft:scale_by_age": {
										"start_scale": 1.25,
										"end_scale": 0
									},
									"minecraft:ageable": {
										"duration": 0.3,
										"grow_up": {
											"event": "valhalla:despawn",
											"target": "self"
										}
									}
								},
								"valhalla:despawn": {
									"minecraft:despawn": {}
								}
							},
							"components": {
								"minecraft:area_attack": {
									"damage_range": 1,
									"damage_per_tick": 6,
									"cause": "entity_attack",
									"entity_filter": {
										"any_of": [
											{
												"test": "is_family",
												"subject": "other",
												"value": "guard"
											},
											{
												"test": "is_family",
												"subject": "other",
												"value": "player"
											}
										]
									}
								},
								"minecraft:physics": {
									"has_gravity": false,
									"has_collision": false
								},
								"minecraft:type_family": {
									"family": [
										"valhalla",
										"vine",
										"spell"
									]
								},
								"minecraft:knockback_resistance": {
									"value": 1
								}
							},
							"events": {
								"minecraft:entity_spawned": {
									"add": {
										"component_groups": [
											"valhalla:grow"
										]
									}
								},
								"valhalla:shrink": {
									"remove": {
										"component_groups": [
											"valhalla:grow"
										]
									},
									"add": {
										"component_groups": [
											"valhalla:shrink"
										]
									}
								},
								"valhalla:despawn": {
									"add": {
										"component_groups": [
											"valhalla:despawn"
										]
									}
								}
							}
						},
						"key": "components",
						"children": [
							{
								"open": {
									"minecraft:area_attack": {
										"damage_range": 1,
										"damage_per_tick": 6,
										"cause": "entity_attack",
										"entity_filter": {
											"any_of": [
												{
													"test": "is_family",
													"subject": "other",
													"value": "guard"
												},
												{
													"test": "is_family",
													"subject": "other",
													"value": "player"
												}
											]
										}
									},
									"minecraft:physics": {
										"has_gravity": false,
										"has_collision": false
									},
									"minecraft:type_family": {
										"family": [
											"valhalla",
											"vine",
											"spell"
										]
									},
									"minecraft:knockback_resistance": {
										"value": 1
									}
								},
								"key": "minecraft:area_attack",
								"children": [
									{
										"data": "1",
										"key": "damage_range"
									},
									{
										"data": "6",
										"key": "damage_per_tick"
									},
									{
										"data": "entity_attack",
										"key": "cause"
									},
									{
										"open": {
											"damage_range": 1,
											"damage_per_tick": 6,
											"cause": "entity_attack",
											"entity_filter": {
												"any_of": [
													{
														"test": "is_family",
														"subject": "other",
														"value": "guard"
													},
													{
														"test": "is_family",
														"subject": "other",
														"value": "player"
													}
												]
											}
										},
										"key": "entity_filter",
										"children": [
											{
												"open": {
													"any_of": [
														{
															"test": "is_family",
															"subject": "other",
															"value": "guard"
														},
														{
															"test": "is_family",
															"subject": "other",
															"value": "player"
														}
													]
												},
												"key": "any_of",
												"children": [
													{
														"open": [
															{
																"test": "is_family",
																"subject": "other",
																"value": "guard"
															},
															{
																"test": "is_family",
																"subject": "other",
																"value": "player"
															}
														],
														"is_minified": true,
														"children": {
															"test": "is_family",
															"subject": "other",
															"value": "guard"
														}
													},
													{
														"open": [
															{
																"test": "is_family",
																"subject": "other",
																"value": "guard"
															},
															{
																"test": "is_family",
																"subject": "other",
																"value": "player"
															}
														],
														"is_minified": true,
														"children": {
															"test": "is_family",
															"subject": "other",
															"value": "player"
														}
													}
												]
											}
										]
									}
								]
							},
							{
								"open": {
									"minecraft:area_attack": {
										"damage_range": 1,
										"damage_per_tick": 6,
										"cause": "entity_attack",
										"entity_filter": {
											"any_of": [
												{
													"test": "is_family",
													"subject": "other",
													"value": "guard"
												},
												{
													"test": "is_family",
													"subject": "other",
													"value": "player"
												}
											]
										}
									},
									"minecraft:physics": {
										"has_gravity": false,
										"has_collision": false
									},
									"minecraft:type_family": {
										"family": [
											"valhalla",
											"vine",
											"spell"
										]
									},
									"minecraft:knockback_resistance": {
										"value": 1
									}
								},
								"key": "minecraft:physics",
								"is_minified": true,
								"children": {
									"has_gravity": false,
									"has_collision": false
								}
							},
							{
								"open": {
									"minecraft:area_attack": {
										"damage_range": 1,
										"damage_per_tick": 6,
										"cause": "entity_attack",
										"entity_filter": {
											"any_of": [
												{
													"test": "is_family",
													"subject": "other",
													"value": "guard"
												},
												{
													"test": "is_family",
													"subject": "other",
													"value": "player"
												}
											]
										}
									},
									"minecraft:physics": {
										"has_gravity": false,
										"has_collision": false
									},
									"minecraft:type_family": {
										"family": [
											"valhalla",
											"vine",
											"spell"
										]
									},
									"minecraft:knockback_resistance": {
										"value": 1
									}
								},
								"key": "minecraft:type_family",
								"is_minified": true,
								"children": {
									"family": [
										"valhalla",
										"vine",
										"spell"
									]
								}
							},
							{
								"open": {
									"minecraft:area_attack": {
										"damage_range": 1,
										"damage_per_tick": 6,
										"cause": "entity_attack",
										"entity_filter": {
											"any_of": [
												{
													"test": "is_family",
													"subject": "other",
													"value": "guard"
												},
												{
													"test": "is_family",
													"subject": "other",
													"value": "player"
												}
											]
										}
									},
									"minecraft:physics": {
										"has_gravity": false,
										"has_collision": false
									},
									"minecraft:type_family": {
										"family": [
											"valhalla",
											"vine",
											"spell"
										]
									},
									"minecraft:knockback_resistance": {
										"value": 1
									}
								},
								"key": "minecraft:knockback_resistance",
								"is_minified": true,
								"children": {
									"value": 1
								}
							}
						]
					},
					{
						"open": {
							"description": {
								"identifier": "mobs:great_tusk",
								"is_summonable": true,
								"is_spawnable": true,
								"is_experimental": false
							},
							"component_groups": {
								"valhalla:grow": {
									"minecraft:scale_by_age": {
										"start_scale": 0,
										"end_scale": 1.25
									},
									"minecraft:ageable": {
										"duration": 0.3,
										"grow_up": {
											"event": "valhalla:shrink",
											"target": "self"
										}
									}
								},
								"valhalla:shrink": {
									"minecraft:scale_by_age": {
										"start_scale": 1.25,
										"end_scale": 0
									},
									"minecraft:ageable": {
										"duration": 0.3,
										"grow_up": {
											"event": "valhalla:despawn",
											"target": "self"
										}
									}
								},
								"valhalla:despawn": {
									"minecraft:despawn": {}
								}
							},
							"components": {
								"minecraft:area_attack": {
									"damage_range": 1,
									"damage_per_tick": 6,
									"cause": "entity_attack",
									"entity_filter": {
										"any_of": [
											{
												"test": "is_family",
												"subject": "other",
												"value": "guard"
											},
											{
												"test": "is_family",
												"subject": "other",
												"value": "player"
											}
										]
									}
								},
								"minecraft:physics": {
									"has_gravity": false,
									"has_collision": false
								},
								"minecraft:type_family": {
									"family": [
										"valhalla",
										"vine",
										"spell"
									]
								},
								"minecraft:knockback_resistance": {
									"value": 1
								}
							},
							"events": {
								"minecraft:entity_spawned": {
									"add": {
										"component_groups": [
											"valhalla:grow"
										]
									}
								},
								"valhalla:shrink": {
									"remove": {
										"component_groups": [
											"valhalla:grow"
										]
									},
									"add": {
										"component_groups": [
											"valhalla:shrink"
										]
									}
								},
								"valhalla:despawn": {
									"add": {
										"component_groups": [
											"valhalla:despawn"
										]
									}
								}
							}
						},
						"key": "events",
						"children": [
							{
								"open": {
									"minecraft:entity_spawned": {
										"add": {
											"component_groups": [
												"valhalla:grow"
											]
										}
									},
									"valhalla:shrink": {
										"remove": {
											"component_groups": [
												"valhalla:grow"
											]
										},
										"add": {
											"component_groups": [
												"valhalla:shrink"
											]
										}
									},
									"valhalla:despawn": {
										"add": {
											"component_groups": [
												"valhalla:despawn"
											]
										}
									}
								},
								"key": "minecraft:entity_spawned",
								"children": [
									{
										"open": {
											"add": {
												"component_groups": [
													"valhalla:grow"
												]
											}
										},
										"key": "add",
										"children": [
											{
												"open": {
													"component_groups": [
														"valhalla:grow"
													]
												},
												"key": "component_groups",
												"is_minified": true,
												"children": [
													"valhalla:grow"
												]
											}
										]
									}
								]
							},
							{
								"open": {
									"minecraft:entity_spawned": {
										"add": {
											"component_groups": [
												"valhalla:grow"
											]
										}
									},
									"valhalla:shrink": {
										"remove": {
											"component_groups": [
												"valhalla:grow"
											]
										},
										"add": {
											"component_groups": [
												"valhalla:shrink"
											]
										}
									},
									"valhalla:despawn": {
										"add": {
											"component_groups": [
												"valhalla:despawn"
											]
										}
									}
								},
								"key": "valhalla:shrink",
								"children": [
									{
										"open": {
											"remove": {
												"component_groups": [
													"valhalla:grow"
												]
											},
											"add": {
												"component_groups": [
													"valhalla:shrink"
												]
											}
										},
										"key": "remove",
										"children": [
											{
												"open": {
													"component_groups": [
														"valhalla:grow"
													]
												},
												"key": "component_groups",
												"is_minified": true,
												"children": [
													"valhalla:grow"
												]
											}
										]
									},
									{
										"open": {
											"remove": {
												"component_groups": [
													"valhalla:grow"
												]
											},
											"add": {
												"component_groups": [
													"valhalla:shrink"
												]
											}
										},
										"key": "add",
										"children": [
											{
												"open": {
													"component_groups": [
														"valhalla:shrink"
													]
												},
												"key": "component_groups",
												"is_minified": true,
												"children": [
													"valhalla:shrink"
												]
											}
										]
									}
								]
							},
							{
								"open": {
									"minecraft:entity_spawned": {
										"add": {
											"component_groups": [
												"valhalla:grow"
											]
										}
									},
									"valhalla:shrink": {
										"remove": {
											"component_groups": [
												"valhalla:grow"
											]
										},
										"add": {
											"component_groups": [
												"valhalla:shrink"
											]
										}
									},
									"valhalla:despawn": {
										"add": {
											"component_groups": [
												"valhalla:despawn"
											]
										}
									}
								},
								"key": "valhalla:despawn",
								"children": [
									{
										"open": {
											"add": {
												"component_groups": [
													"valhalla:despawn"
												]
											}
										},
										"key": "add",
										"children": [
											{
												"open": {
													"component_groups": [
														"valhalla:despawn"
													]
												},
												"key": "component_groups",
												"is_minified": true,
												"children": [
													"valhalla:despawn"
												]
											}
										]
									}
								]
							}
						]
					}
				]
			}
		]
	}
}