{
  "format_version": "1.16.100",
  "minecraft:item": {
    "description": {
      "identifier": "bonk:taco",
		 "category": "Equipment"
    },
    "components": {
      "minecraft:max_stack_size": 1,
      "minecraft:hand_equipped": true,
      "minecraft:icon": {
        "texture": "air"
      },
      "minecraft:display_name": {
        "value": "item.bonk:taco.name"
      },
      "minecraft:mining_speed": 1.5,
      "minecraft:damage": 6,
      "minecraft:enchantable": {
        "value": 14,
        "slot": "sword"
      },
      "minecraft:durability": {
        "max_durability": 250
      },
      "minecraft:weapon": {
        "on_hurt_entity": {
          "event": "magic:poison",
          "target": "self"
        }
      },
      "minecraft:can_destroy_in_creative": false,
      "minecraft:digger": {
        "use_efficiency": true,
        "destroy_speeds": [
          {
            "block": "minecraft:web",
            "speed": 15
          },
          {
            "block": "minecraft:wool",
            "speed": 15
          },
          {
            "block": "minecraft:planks",
            "speed": 10
          },
          {
            "block": "minecraft:bamboo",
            "speed": 10
          }
        ]
      }
    },
   "events": {
    "magic:poison": {
						"run_command": {
							"command": [
					"execute @e[r=3] ~ ~ ~ fill ~ ~ ~ ~ ~ ~ fire 0 replace air",
					"execute @s[r=3] ~ ~ ~ fill ~ ~ ~ ~ ~ ~ air 0 replace fire",
					"effect @e[r=1] fire_resistance 5 2 true",
					"playsound mob.blaze.shoot @a[r=15] ~ ~ ~"
				]
			}
      }
    }
  }
}