{
	"resource_pack_name": "bridgeRP",
	"texture_name": "atlas.items",
	"texture_data": {
		"halberd": {
			"textures": [
				"textures/items/halberd"
			]
		},
		"irongolem_armor": {
			"textures": [
				"textures/items/irongolem_armor"
			]
		},
		"legend_sword": {
			"textures": [
				"textures/items/legend_sword"
			]
		},
		"healing_villager": {
			"textures": [
				"textures/items/healing_villager"
			]
		},
		"crossbow_heavy": {
			"textures": [
				"textures/items/crossbow_heavy"
			]
		},
		"halberd_knight": {
			"textures": [
				"textures/items/halberd_knight"
			]
		},
		"knight_armor": {
			"textures": [
				"textures/items/knight_armor"
			]
		},
		"soldier_armor": {
			"textures": [
				"textures/items/soldier_armor"
			]
		},
		"knight_update": {
			"textures": [
				"textures/items/knight_update"
			]
		},
		"sword_update": {
			"textures": [
				"textures/items/sword_update"
			]
		},
		"crossbow_update": {
			"textures": [
				"textures/items/crossbow_update"
			]
		},
		"zd_soldier_helmet": {
			"textures": [
				"textures/items/soldier_helmet"
			]
		},
		"zd_soldier_chestplate": {
			"textures": [
				"textures/items/soldier_chestplate"
			]
		},
		"zd_soldier_leggings": {
			"textures": [
				"textures/items/soldier_leggings"
			]
		},
		"zd_soldier_boots": {
			"textures": [
				"textures/items/soldier_boots"
			]
		},
		"steel": {
			"textures": [
				"textures/items/steel"
			]
		},
		"summon": {
			"textures": [
				"textures/items/soldier_summon"
			]
		},
		"cannon": {
			"textures": [
				"textures/items/cannon"
			]
		},
		"asset": {
			"textures": [
				"textures/items/Crossbow"
			]
		},
		"horse_car": {
			"textures": [
				"textures/items/hores_car"
			]
		},
		"ice_weapon": {
			"textures": [
				"textures/items/frost_mace"
			]
		},
		"ice_shield": {
			"textures": [
				"textures/items/frost_shield"
			]
		},
		"ice_stick": {
			"textures": [
				"textures/items/ice_rod"
			]
		},
		"ice_steel": {
			"textures": [
				"textures/items/gem_sapphire"
			]
		},
		"musket_1": {
			"textures": [
				"textures/items/Musket_pistol"
			]
		},
		"musket_2": {
			"textures": [
				"textures/items/musket_pistol (1)"
			]
		},
		"musket_3": {
			"textures": [
				"textures/items/macthlock_musket"
			]
		},
		"musket_ball": {
			"textures": [
				"textures/items/Musket_Ball"
			]
		},
		"spear": {
			"textures": [
				"textures/items/spear"
			]
		},
		"steel_pipe": {
			"textures": [
				"textures/items/steel_pipe"
			]
		},
		"summon_army": {
			"textures": [
				"textures/items/shield_and_spear"
			]
		},
		"update_musket": {
			"textures": [
				"textures/items/update_musket"
			]
		},
		"gold_spear": {
			"textures": [
				"textures/items/Gold_spear"
			]
		},
		"hunter_spear": {
			"textures": [
				"textures/items/spear_hunter"
			]
		},
		"cannon_villager": {
			"textures": [
				"textures/items/cannon_villager"
			]
		},
		"jungle_sword": {
			"textures": [
				"textures/items/leaf_sword"
			]
		},
		"saber": {
			"textures": [
				"textures/items/saber"
			]
		},
		"flintlock": {
			"textures": [
				"textures/items/pistol"
			]
		},
		"bullet_cannon": {
			"textures": [
				"textures/items/bullet"
			]
		},
		"viking_boat": {
			"textures": [
				"textures/items/viking_boat"
			]
		},
		"battleship": {
			"textures": [
				"textures/items/s_k_i_n"
			]
		},
		"rapier": {
			"textures": [
				"textures/items/rapier"
			]
		},
		"seasaber": {
			"textures": [
				"textures/items/seasaber"
			]
		},
		"medal": {
			"textures": [
				"textures/items/medal"
			]
		},
		"zd_flag_red": {
			"textures": "textures/items/flag_red"
		},
		"zd_healing_villager": {
			"textures": "textures/items/healing_villager"
		},
		"catapult": {
			"textures": "textures/items/catapult"
		}
	}
}