{
  "resource_pack_name": "pvz",
  "texture_name": "atlas.items",
  "texture_data": {
	"gem": {
      "textures": "textures/items/gem"
    },
	"gold_coin": {
      "textures": "textures/items/gold_coin"
    },
	"silver_coin": {
      "textures": "textures/items/silver_coin"
    },
	"plant_food": {
      "textures": "textures/items/plant_food"
    },
	"tacobility": {
      "textures": "textures/items/tacobility"
    },
	"great_torch": {
      "textures": "textures/items/great_torch"
    },
	"great_torch_off": {
      "textures": "textures/items/great_torch_off"
    },
	"chisel": {
      "textures": "textures/items/chisel"
    },
	"egypt_tombstone": {
      "textures": "textures/items/egypt_tombstone"
    },
	"garden_table": {
      "textures": "textures/items/garden_table"
    },
	"garden_shovel": {
      "textures": "textures/items/garden_shovel"
    },
	"sprout_seeds": {
      "textures": "textures/items/sprout"
    },
    "cabbage": {
      "textures": "textures/items/cabbage"
    },
    "nut": {
      "textures": "textures/items/nut"
    },
    "pea": {
      "textures": "textures/items/pea"
    },
    "sun_fruit": {
      "textures": "textures/items/sun_fruit"
    },
    "party_sunfruit": {
      "textures": "textures/items/party_sunfruit"
    },
    "blocky_roots": {
      "textures": "textures/items/blocky_roots"
    },
    "spore_roots": {
      "textures": "textures/items/spore_roots"
    },
    "pumpkin_flower": {
      "textures": "textures/items/pumpkin_flower"
    },
    "egg_mummy": {
      "textures": "textures/items/egg_mummy"
    },
    "egg_basic_zombie": {
      "textures": "textures/items/egg_basic_zombie"
    },
    "egg_cone_mummy": {
      "textures": "textures/items/egg_cone_mummy"
    },
    "egg_basic_cone": {
      "textures": "textures/items/egg_basic_cone"
    },
    "egg_bucket_mummy": {
      "textures": "textures/items/egg_bucket_mummy"
    },
    "egg_basic_bucket": {
      "textures": "textures/items/egg_basic_bucket"
    },
    "egg_brick_mummy": {
      "textures": "textures/items/egg_brick_mummy"
    },
    "egg_basic_brick": {
      "textures": "textures/items/egg_basic_brick"
    },
    "egg_camel_mummy": {
      "textures": "textures/items/egg_camel_mummy"
    },
    "egg_sarcophagus_mummy": {
      "textures": "textures/items/egg_sarcophagus_mummy"
    },
    "egg_gargantuar_mummy": {
      "textures": "textures/items/egg_gargantuar_mummy"
    },
    "egg_cleopatra": {
      "textures": "textures/items/egg_cleopatra"
    },
    "egg_ra_mummy": {
      "textures": "textures/items/egg_ra_mummy"
    },
    "egg_tomb_raiser": {
      "textures": "textures/items/egg_tomb_raiser"
    },
    "egg_explorer": {
      "textures": "textures/items/egg_explorer"
    },
    "egg_mummy_slave": {
      "textures": "textures/items/egg_mummy_slave"
    },
    "egg_imp": {
      "textures": "textures/items/egg_imp"
    },
    "egg_crazy_dave": {
      "textures": "textures/items/egg_crazy_dave"
    },
    "mummy_cone_head": {
      "textures": "textures/items/mummy_cone_head"
    },
    "mummy_bucket_head": {
      "textures": "textures/items/mummy_bucket_head"
    },
    "pyramid_head": {
      "textures": "textures/items/pyramid_head"
    },
    "ra_helmet": {
      "textures": "textures/items/ra_helmet"
    },
    "tomb_helmet": {
      "textures": "textures/items/tomb_helmet"
    },
    "cone_head": {
      "textures": "textures/items/cone_head"
    },
    "bucket_head": {
      "textures": "textures/items/bucket_head"
    },
    "brick_head": {
      "textures": "textures/items/brick_head"
    },
    "sun": {
      "textures": "textures/items/sun"
    },
    "wooden_pot_seeds": {
      "textures": "textures/items/wooden_pot"
    },
    "clay_pot_seeds": {
      "textures": "textures/items/clay_pot"
    },
    "golden_pot_seeds": {
      "textures": "textures/items/golden_pot"
    },
    "peashooter_seeds": {
      "textures": "textures/items/peashooter"
    },
    "repeater_seeds": {
      "textures": "textures/items/repeashooter"
    },
    "snowpea_seeds": {
      "textures": "textures/items/snowpea"
    },
    "sunflower_seeds": {
      "textures": "textures/items/sunflower"
    },
    "wallnut_seeds": {
      "textures": "textures/items/wallnut"
    },
    "cabbage_seeds": {
      "textures": "textures/items/cabbage_pult"
    },
    "twinflower_seeds": {
      "textures": "textures/items/twinflower"
    },
    "bonk_choy_seeds": {
      "textures": "textures/items/bonk_choy"
    },
    "bloomerang_seeds": {
      "textures": "textures/items/bloomerang"
    },
    "iceberg_lettuce_seeds": {
      "textures": "textures/items/lettuce_iceberg"
    },
    "potato_seeds": {
      "textures": "textures/items/potato_mine"
    },
    "doomshroom_seeds": {
      "textures": "textures/items/doomshroom"
    },
    "gloomshroom_seeds": {
      "textures": "textures/items/gloomshroom"
    },
    "gravebuster_seeds": {
      "textures": "textures/items/gravebuster"
    },
    "birth_sunflower_seeds": {
      "textures": "textures/items/birth_sunflower"
    },
    "pumpkin_seeds": {
      "textures": "textures/items/pumpkin"
    },
    "blockbuster_seeds": {
      "textures": "textures/items/blockbuster"
	},
    "megagatling_seeds": {
      "textures": "textures/items/megagatling"
	},
    "marigold_seeds": {
      "textures": "textures/items/marigold"
    },
	"fireboal_seeds": {
      "textures": "textures/items/fireboal"
    },
	"grasswalk": {
      "textures": "textures/items/grasswalk"
    },
	"dryland": {
      "textures": "textures/items/dryland"
    },
	"zoyl": {
      "textures": "textures/items/zoyl"
    },
	"zombie_time": {
      "textures": "textures/items/zombie_time"
    },
	"bad_bash": {
      "textures": "textures/items/bad_bash"
    },
	"wabby_wabbo": {
      "textures": "textures/items/wabby_wabbo"
    }
  }
}