{
	"resource_pack_name": "pvzbe",
	"texture_name": "atlas.terrain",
	"padding": 8,
	"num_mip_levels": 4,
	"texture_data": {
	"air": {
      "textures": "textures/blocks/air"
    },
	"sprout": {
      "textures": "textures/blocks/sprout"
    },
	"garden_table": {
      "textures": "textures/blocks/garden_table"
	},
	"gramophone": {
      "textures": "textures/blocks/gramophone"
	},
	"grasswalk": {
      "textures": "textures/blocks/grasswalk"
	},
	"dryland": {
      "textures": "textures/blocks/dryland"
	},
	"zoyl": {
      "textures": "textures/blocks/zoyl"
	},
	"zombie_time": {
      "textures": "textures/blocks/zombie_time"
	},
	"bad_bash": {
      "textures": "textures/blocks/bad_bash"
	},
	"wabby_wabbo": {
      "textures": "textures/blocks/wabby_wabbo"
	},
	"wooden_pot": {
      "textures": "textures/blocks/wooden_pot"
	  },
	"normal_pot": {
      "textures": "textures/blocks/normal_pot"
	  },
	"golden_pot": {
      "textures": "textures/blocks/golden_pot"
	  },
	"egypt_gravestone": {
      "textures": "textures/blocks/egypt_gravestone"
	  },
	"egypt_slot": {
      "textures": "textures/blocks/egypt_slot/egypt_slot"
	  },
	"egypt_slot_bl": {
      "textures": "textures/blocks/egypt_slot/egypt_slot_bl"
	  },
	"egypt_slot_br": {
      "textures": "textures/blocks/egypt_slot/egypt_slot_br"
	  },
	"egypt_slot_tl": {
      "textures": "textures/blocks/egypt_slot/egypt_slot_tl"
	  },
	"egypt_slot_tr": {
      "textures": "textures/blocks/egypt_slot/egypt_slot_tr"
	  },
	"egypt_slot_top": {
      "textures": "textures/blocks/egypt_slot/egypt_slot_top"
	  },
	"egypt_slot_bottom": {
      "textures": "textures/blocks/egypt_slot/egypt_slot_bottom"
	  },
	"egypt_slot_left": {
      "textures": "textures/blocks/egypt_slot/egypt_slot_left"
	  },
	"egypt_slot_right": {
      "textures": "textures/blocks/egypt_slot/egypt_slot_right"
	  },
	"egypt_slot_center": {
      "textures": "textures/blocks/egypt_slot/egypt_slot_center"
	  },
	"cyan_egypt_slot": {
      "textures": "textures/blocks/egypt_slot/cyan_egypt_slot"
	  },
	"cyan_egypt_slot_bl": {
      "textures": "textures/blocks/egypt_slot/cyan_egypt_slot_bl"
	  },
	"cyan_egypt_slot_br": {
      "textures": "textures/blocks/egypt_slot/cyan_egypt_slot_br"
	  },
	"cyan_egypt_slot_tl": {
      "textures": "textures/blocks/egypt_slot/cyan_egypt_slot_tl"
	  },
	"cyan_egypt_slot_tr": {
      "textures": "textures/blocks/egypt_slot/cyan_egypt_slot_tr"
	  },
	"cyan_egypt_slot_top": {
      "textures": "textures/blocks/egypt_slot/cyan_egypt_slot_top"
	  },
	"cyan_egypt_slot_bottom": {
      "textures": "textures/blocks/egypt_slot/cyan_egypt_slot_bottom"
	  },
	"cyan_egypt_slot_left": {
      "textures": "textures/blocks/egypt_slot/cyan_egypt_slot_left"
	  },
	"cyan_egypt_slot_right": {
      "textures": "textures/blocks/egypt_slot/cyan_egypt_slot_right"
	  },
	"cyan_egypt_slot_center": {
      "textures": "textures/blocks/egypt_slot/cyan_egypt_slot_center"
	  },
  "lawn_grass_side": {
       "textures": "textures/blocks/skull/lawn_grass_side"
	  },
   "lawn_grass_top": {
       "textures": "textures/blocks/skull/lawn_grass_top"
	  },
  "skull_off": {
       "textures": "textures/blocks/skull/skull_off"
	  },
  "skull_glow": {
       "textures": "textures/blocks/skull/skull_glow"
	  },
  "skull_lit": {
       "textures": "textures/blocks/skull/skull_lit"
	  },
  "skull_on": {
       "textures": "textures/blocks/skull/skull_on"
	  },
  "skull_lit_off": {
       "textures": "textures/blocks/skull/skull_lit_off"
	  }
	}
}