{
	"format_version": "1.12.0",
	"minecraft:geometry": [
		{
			"description": {
				"identifier": "geometry.bone",
				"texture_width": 16,
				"texture_height": 16,
				"visible_bounds_width": 3,
				"visible_bounds_height": 2.5,
				"visible_bounds_offset": [0, 0.75, 0]
			},
			"bones": [
				{
					"name": "bone",
					"pivot": [7, 0, -7],
					"rotation": [-90, -45, 0],
					"cubes": [
						{
							"origin": [0, 5, -14],
							"size": [1, 1, 1],
							"uv": {
								"north": {"uv": [0, 11], "uv_size": [1, 1]},
								"east": {"uv": [0, 11], "uv_size": [1, 1]},
								"south": {"uv": [0, 11], "uv_size": [1, 1]},
								"west": {"uv": [0, 11], "uv_size": [1, 1]},
								"up": {"uv": [1, 12], "uv_size": [-1, -1]},
								"down": {"uv": [1, 12], "uv_size": [-1, -1]}
							}
						},
						{
							"origin": [0, 4, -14],
							"size": [1, 1, 1],
							"uv": {
								"north": {"uv": [0, 12], "uv_size": [1, 1]},
								"east": {"uv": [0, 12], "uv_size": [1, 1]},
								"south": {"uv": [0, 12], "uv_size": [1, 1]},
								"west": {"uv": [0, 12], "uv_size": [1, 1]},
								"up": {"uv": [1, 13], "uv_size": [-1, -1]},
								"down": {"uv": [1, 13], "uv_size": [-1, -1]}
							}
						},
						{
							"origin": [1, 3, -14],
							"size": [1, 1, 1],
							"uv": {
								"north": {"uv": [1, 13], "uv_size": [1, 1]},
								"east": {"uv": [1, 13], "uv_size": [1, 1]},
								"south": {"uv": [1, 13], "uv_size": [1, 1]},
								"west": {"uv": [1, 13], "uv_size": [1, 1]},
								"up": {"uv": [2, 14], "uv_size": [-1, -1]},
								"down": {"uv": [2, 14], "uv_size": [-1, -1]}
							}
						},
						{
							"origin": [1, 4, -14],
							"size": [1, 1, 1],
							"uv": {
								"north": {"uv": [1, 12], "uv_size": [1, 1]},
								"east": {"uv": [1, 12], "uv_size": [1, 1]},
								"south": {"uv": [1, 12], "uv_size": [1, 1]},
								"west": {"uv": [1, 12], "uv_size": [1, 1]},
								"up": {"uv": [2, 13], "uv_size": [-1, -1]},
								"down": {"uv": [2, 13], "uv_size": [-1, -1]}
							}
						},
						{
							"origin": [1, 5, -14],
							"size": [1, 1, 1],
							"uv": {
								"north": {"uv": [1, 11], "uv_size": [1, 1]},
								"east": {"uv": [1, 11], "uv_size": [1, 1]},
								"south": {"uv": [1, 11], "uv_size": [1, 1]},
								"west": {"uv": [1, 11], "uv_size": [1, 1]},
								"up": {"uv": [2, 12], "uv_size": [-1, -1]},
								"down": {"uv": [2, 12], "uv_size": [-1, -1]}
							}
						},
						{
							"origin": [1, 6, -14],
							"size": [1, 1, 1],
							"uv": {
								"north": {"uv": [1, 10], "uv_size": [1, 1]},
								"east": {"uv": [1, 10], "uv_size": [1, 1]},
								"south": {"uv": [1, 10], "uv_size": [1, 1]},
								"west": {"uv": [1, 10], "uv_size": [1, 1]},
								"up": {"uv": [2, 11], "uv_size": [-1, -1]},
								"down": {"uv": [2, 11], "uv_size": [-1, -1]}
							}
						},
						{
							"origin": [2, 3, -14],
							"size": [1, 1, 1],
							"uv": {
								"north": {"uv": [2, 13], "uv_size": [1, 1]},
								"east": {"uv": [2, 13], "uv_size": [1, 1]},
								"south": {"uv": [2, 13], "uv_size": [1, 1]},
								"west": {"uv": [2, 13], "uv_size": [1, 1]},
								"up": {"uv": [3, 14], "uv_size": [-1, -1]},
								"down": {"uv": [3, 14], "uv_size": [-1, -1]}
							}
						},
						{
							"origin": [3, 2, -14],
							"size": [1, 1, 1],
							"uv": {
								"north": {"uv": [3, 14], "uv_size": [1, 1]},
								"east": {"uv": [3, 14], "uv_size": [1, 1]},
								"south": {"uv": [3, 14], "uv_size": [1, 1]},
								"west": {"uv": [3, 14], "uv_size": [1, 1]},
								"up": {"uv": [4, 15], "uv_size": [-1, -1]},
								"down": {"uv": [4, 15], "uv_size": [-1, -1]}
							}
						},
						{
							"origin": [4, 2, -14],
							"size": [1, 1, 1],
							"uv": {
								"north": {"uv": [4, 14], "uv_size": [1, 1]},
								"east": {"uv": [4, 14], "uv_size": [1, 1]},
								"south": {"uv": [4, 14], "uv_size": [1, 1]},
								"west": {"uv": [4, 14], "uv_size": [1, 1]},
								"up": {"uv": [5, 15], "uv_size": [-1, -1]},
								"down": {"uv": [5, 15], "uv_size": [-1, -1]}
							}
						},
						{
							"origin": [4, 3, -14],
							"size": [1, 1, 1],
							"uv": {
								"north": {"uv": [4, 13], "uv_size": [1, 1]},
								"east": {"uv": [4, 13], "uv_size": [1, 1]},
								"south": {"uv": [4, 13], "uv_size": [1, 1]},
								"west": {"uv": [4, 13], "uv_size": [1, 1]},
								"up": {"uv": [5, 14], "uv_size": [-1, -1]},
								"down": {"uv": [5, 14], "uv_size": [-1, -1]}
							}
						},
						{
							"origin": [5, 3, -14],
							"size": [1, 1, 1],
							"uv": {
								"north": {"uv": [5, 13], "uv_size": [1, 1]},
								"east": {"uv": [5, 13], "uv_size": [1, 1]},
								"south": {"uv": [5, 13], "uv_size": [1, 1]},
								"west": {"uv": [5, 13], "uv_size": [1, 1]},
								"up": {"uv": [6, 14], "uv_size": [-1, -1]},
								"down": {"uv": [6, 14], "uv_size": [-1, -1]}
							}
						},
						{
							"origin": [5, 4, -14],
							"size": [1, 1, 1],
							"uv": {
								"north": {"uv": [5, 12], "uv_size": [1, 1]},
								"east": {"uv": [5, 12], "uv_size": [1, 1]},
								"south": {"uv": [5, 12], "uv_size": [1, 1]},
								"west": {"uv": [5, 12], "uv_size": [1, 1]},
								"up": {"uv": [6, 13], "uv_size": [-1, -1]},
								"down": {"uv": [6, 13], "uv_size": [-1, -1]}
							}
						},
						{
							"origin": [5, 5, -14],
							"size": [1, 1, 1],
							"uv": {
								"north": {"uv": [5, 11], "uv_size": [1, 1]},
								"east": {"uv": [5, 11], "uv_size": [1, 1]},
								"south": {"uv": [5, 11], "uv_size": [1, 1]},
								"west": {"uv": [5, 11], "uv_size": [1, 1]},
								"up": {"uv": [6, 12], "uv_size": [-1, -1]},
								"down": {"uv": [6, 12], "uv_size": [-1, -1]}
							}
						},
						{
							"origin": [5, 6, -14],
							"size": [1, 1, 1],
							"uv": {
								"north": {"uv": [5, 10], "uv_size": [1, 1]},
								"east": {"uv": [5, 10], "uv_size": [1, 1]},
								"south": {"uv": [5, 10], "uv_size": [1, 1]},
								"west": {"uv": [5, 10], "uv_size": [1, 1]},
								"up": {"uv": [6, 11], "uv_size": [-1, -1]},
								"down": {"uv": [6, 11], "uv_size": [-1, -1]}
							}
						},
						{
							"origin": [6, 6, -14],
							"size": [1, 1, 1],
							"uv": {
								"north": {"uv": [6, 10], "uv_size": [1, 1]},
								"east": {"uv": [6, 10], "uv_size": [1, 1]},
								"south": {"uv": [6, 10], "uv_size": [1, 1]},
								"west": {"uv": [6, 10], "uv_size": [1, 1]},
								"up": {"uv": [7, 11], "uv_size": [-1, -1]},
								"down": {"uv": [7, 11], "uv_size": [-1, -1]}
							}
						},
						{
							"origin": [6, 7, -14],
							"size": [1, 1, 1],
							"uv": {
								"north": {"uv": [6, 9], "uv_size": [1, 1]},
								"east": {"uv": [6, 9], "uv_size": [1, 1]},
								"south": {"uv": [6, 9], "uv_size": [1, 1]},
								"west": {"uv": [6, 9], "uv_size": [1, 1]},
								"up": {"uv": [7, 10], "uv_size": [-1, -1]},
								"down": {"uv": [7, 10], "uv_size": [-1, -1]}
							}
						},
						{
							"origin": [7, 7, -14],
							"size": [1, 1, 1],
							"uv": {
								"north": {"uv": [7, 9], "uv_size": [1, 1]},
								"east": {"uv": [7, 9], "uv_size": [1, 1]},
								"south": {"uv": [7, 9], "uv_size": [1, 1]},
								"west": {"uv": [7, 9], "uv_size": [1, 1]},
								"up": {"uv": [8, 10], "uv_size": [-1, -1]},
								"down": {"uv": [8, 10], "uv_size": [-1, -1]}
							}
						},
						{
							"origin": [7, 8, -14],
							"size": [1, 1, 1],
							"uv": {
								"north": {"uv": [7, 8], "uv_size": [1, 1]},
								"east": {"uv": [7, 8], "uv_size": [1, 1]},
								"south": {"uv": [7, 8], "uv_size": [1, 1]},
								"west": {"uv": [7, 8], "uv_size": [1, 1]},
								"up": {"uv": [8, 9], "uv_size": [-1, -1]},
								"down": {"uv": [8, 9], "uv_size": [-1, -1]}
							}
						},
						{
							"origin": [8, 8, -14],
							"size": [1, 1, 1],
							"uv": {
								"north": {"uv": [8, 8], "uv_size": [1, 1]},
								"east": {"uv": [8, 8], "uv_size": [1, 1]},
								"south": {"uv": [8, 8], "uv_size": [1, 1]},
								"west": {"uv": [8, 8], "uv_size": [1, 1]},
								"up": {"uv": [9, 9], "uv_size": [-1, -1]},
								"down": {"uv": [9, 9], "uv_size": [-1, -1]}
							}
						},
						{
							"origin": [8, 9, -14],
							"size": [1, 1, 1],
							"uv": {
								"north": {"uv": [8, 7], "uv_size": [1, 1]},
								"east": {"uv": [8, 7], "uv_size": [1, 1]},
								"south": {"uv": [8, 7], "uv_size": [1, 1]},
								"west": {"uv": [8, 7], "uv_size": [1, 1]},
								"up": {"uv": [9, 8], "uv_size": [-1, -1]},
								"down": {"uv": [9, 8], "uv_size": [-1, -1]}
							}
						},
						{
							"origin": [9, 9, -14],
							"size": [1, 1, 1],
							"uv": {
								"north": {"uv": [9, 7], "uv_size": [1, 1]},
								"east": {"uv": [9, 7], "uv_size": [1, 1]},
								"south": {"uv": [9, 7], "uv_size": [1, 1]},
								"west": {"uv": [9, 7], "uv_size": [1, 1]},
								"up": {"uv": [10, 8], "uv_size": [-1, -1]},
								"down": {"uv": [10, 8], "uv_size": [-1, -1]}
							}
						},
						{
							"origin": [9, 10, -14],
							"size": [1, 1, 1],
							"uv": {
								"north": {"uv": [9, 6], "uv_size": [1, 1]},
								"east": {"uv": [9, 6], "uv_size": [1, 1]},
								"south": {"uv": [9, 6], "uv_size": [1, 1]},
								"west": {"uv": [9, 6], "uv_size": [1, 1]},
								"up": {"uv": [10, 7], "uv_size": [-1, -1]},
								"down": {"uv": [10, 7], "uv_size": [-1, -1]}
							}
						},
						{
							"origin": [10, 10, -14],
							"size": [1, 1, 1],
							"uv": {
								"north": {"uv": [10, 6], "uv_size": [1, 1]},
								"east": {"uv": [10, 6], "uv_size": [1, 1]},
								"south": {"uv": [10, 6], "uv_size": [1, 1]},
								"west": {"uv": [10, 6], "uv_size": [1, 1]},
								"up": {"uv": [11, 7], "uv_size": [-1, -1]},
								"down": {"uv": [11, 7], "uv_size": [-1, -1]}
							}
						},
						{
							"origin": [10, 11, -14],
							"size": [1, 1, 1],
							"uv": {
								"north": {"uv": [10, 5], "uv_size": [1, 1]},
								"east": {"uv": [10, 5], "uv_size": [1, 1]},
								"south": {"uv": [10, 5], "uv_size": [1, 1]},
								"west": {"uv": [10, 5], "uv_size": [1, 1]},
								"up": {"uv": [11, 6], "uv_size": [-1, -1]},
								"down": {"uv": [11, 6], "uv_size": [-1, -1]}
							}
						},
						{
							"origin": [11, 11, -14],
							"size": [1, 1, 1],
							"uv": {
								"north": {"uv": [11, 5], "uv_size": [1, 1]},
								"east": {"uv": [11, 5], "uv_size": [1, 1]},
								"south": {"uv": [11, 5], "uv_size": [1, 1]},
								"west": {"uv": [11, 5], "uv_size": [1, 1]},
								"up": {"uv": [12, 6], "uv_size": [-1, -1]},
								"down": {"uv": [12, 6], "uv_size": [-1, -1]}
							}
						},
						{
							"origin": [12, 11, -14],
							"size": [1, 1, 1],
							"uv": {
								"north": {"uv": [12, 5], "uv_size": [1, 1]},
								"east": {"uv": [12, 5], "uv_size": [1, 1]},
								"south": {"uv": [12, 5], "uv_size": [1, 1]},
								"west": {"uv": [12, 5], "uv_size": [1, 1]},
								"up": {"uv": [13, 6], "uv_size": [-1, -1]},
								"down": {"uv": [13, 6], "uv_size": [-1, -1]}
							}
						},
						{
							"origin": [13, 11, -14],
							"size": [1, 1, 1],
							"uv": {
								"north": {"uv": [13, 5], "uv_size": [1, 1]},
								"east": {"uv": [13, 5], "uv_size": [1, 1]},
								"south": {"uv": [13, 5], "uv_size": [1, 1]},
								"west": {"uv": [13, 5], "uv_size": [1, 1]},
								"up": {"uv": [14, 6], "uv_size": [-1, -1]},
								"down": {"uv": [14, 6], "uv_size": [-1, -1]}
							}
						},
						{
							"origin": [10, 12, -14],
							"size": [1, 1, 1],
							"uv": {
								"north": {"uv": [10, 4], "uv_size": [1, 1]},
								"east": {"uv": [10, 4], "uv_size": [1, 1]},
								"south": {"uv": [10, 4], "uv_size": [1, 1]},
								"west": {"uv": [10, 4], "uv_size": [1, 1]},
								"up": {"uv": [11, 5], "uv_size": [-1, -1]},
								"down": {"uv": [11, 5], "uv_size": [-1, -1]}
							}
						},
						{
							"origin": [11, 12, -14],
							"size": [1, 1, 1],
							"uv": {
								"north": {"uv": [11, 4], "uv_size": [1, 1]},
								"east": {"uv": [11, 4], "uv_size": [1, 1]},
								"south": {"uv": [11, 4], "uv_size": [1, 1]},
								"west": {"uv": [11, 4], "uv_size": [1, 1]},
								"up": {"uv": [12, 5], "uv_size": [-1, -1]},
								"down": {"uv": [12, 5], "uv_size": [-1, -1]}
							}
						},
						{
							"origin": [12, 12, -14],
							"size": [1, 1, 1],
							"uv": {
								"north": {"uv": [12, 4], "uv_size": [1, 1]},
								"east": {"uv": [12, 4], "uv_size": [1, 1]},
								"south": {"uv": [12, 4], "uv_size": [1, 1]},
								"west": {"uv": [12, 4], "uv_size": [1, 1]},
								"up": {"uv": [13, 5], "uv_size": [-1, -1]},
								"down": {"uv": [13, 5], "uv_size": [-1, -1]}
							}
						},
						{
							"origin": [13, 12, -14],
							"size": [1, 1, 1],
							"uv": {
								"north": {"uv": [13, 4], "uv_size": [1, 1]},
								"east": {"uv": [13, 4], "uv_size": [1, 1]},
								"south": {"uv": [13, 4], "uv_size": [1, 1]},
								"west": {"uv": [13, 4], "uv_size": [1, 1]},
								"up": {"uv": [14, 5], "uv_size": [-1, -1]},
								"down": {"uv": [14, 5], "uv_size": [-1, -1]}
							}
						},
						{
							"origin": [14, 12, -14],
							"size": [1, 1, 1],
							"uv": {
								"north": {"uv": [14, 4], "uv_size": [1, 1]},
								"east": {"uv": [14, 4], "uv_size": [1, 1]},
								"south": {"uv": [14, 4], "uv_size": [1, 1]},
								"west": {"uv": [14, 4], "uv_size": [1, 1]},
								"up": {"uv": [15, 5], "uv_size": [-1, -1]},
								"down": {"uv": [15, 5], "uv_size": [-1, -1]}
							}
						},
						{
							"origin": [10, 13, -14],
							"size": [1, 1, 1],
							"uv": {
								"north": {"uv": [10, 3], "uv_size": [1, 1]},
								"east": {"uv": [10, 3], "uv_size": [1, 1]},
								"south": {"uv": [10, 3], "uv_size": [1, 1]},
								"west": {"uv": [10, 3], "uv_size": [1, 1]},
								"up": {"uv": [11, 4], "uv_size": [-1, -1]},
								"down": {"uv": [11, 4], "uv_size": [-1, -1]}
							}
						},
						{
							"origin": [11, 13, -14],
							"size": [1, 1, 1],
							"uv": {
								"north": {"uv": [11, 3], "uv_size": [1, 1]},
								"east": {"uv": [11, 3], "uv_size": [1, 1]},
								"south": {"uv": [11, 3], "uv_size": [1, 1]},
								"west": {"uv": [11, 3], "uv_size": [1, 1]},
								"up": {"uv": [12, 4], "uv_size": [-1, -1]},
								"down": {"uv": [12, 4], "uv_size": [-1, -1]}
							}
						},
						{
							"origin": [12, 13, -14],
							"size": [1, 1, 1],
							"uv": {
								"north": {"uv": [12, 3], "uv_size": [1, 1]},
								"east": {"uv": [12, 3], "uv_size": [1, 1]},
								"south": {"uv": [12, 3], "uv_size": [1, 1]},
								"west": {"uv": [12, 3], "uv_size": [1, 1]},
								"up": {"uv": [13, 4], "uv_size": [-1, -1]},
								"down": {"uv": [13, 4], "uv_size": [-1, -1]}
							}
						},
						{
							"origin": [13, 13, -14],
							"size": [1, 1, 1],
							"uv": {
								"north": {"uv": [13, 3], "uv_size": [1, 1]},
								"east": {"uv": [13, 3], "uv_size": [1, 1]},
								"south": {"uv": [13, 3], "uv_size": [1, 1]},
								"west": {"uv": [13, 3], "uv_size": [1, 1]},
								"up": {"uv": [14, 4], "uv_size": [-1, -1]},
								"down": {"uv": [14, 4], "uv_size": [-1, -1]}
							}
						},
						{
							"origin": [14, 13, -14],
							"size": [1, 1, 1],
							"uv": {
								"north": {"uv": [14, 3], "uv_size": [1, 1]},
								"east": {"uv": [14, 3], "uv_size": [1, 1]},
								"south": {"uv": [14, 3], "uv_size": [1, 1]},
								"west": {"uv": [14, 3], "uv_size": [1, 1]},
								"up": {"uv": [15, 4], "uv_size": [-1, -1]},
								"down": {"uv": [15, 4], "uv_size": [-1, -1]}
							}
						},
						{
							"origin": [10, 14, -14],
							"size": [1, 1, 1],
							"uv": {
								"north": {"uv": [10, 2], "uv_size": [1, 1]},
								"east": {"uv": [10, 2], "uv_size": [1, 1]},
								"south": {"uv": [10, 2], "uv_size": [1, 1]},
								"west": {"uv": [10, 2], "uv_size": [1, 1]},
								"up": {"uv": [11, 3], "uv_size": [-1, -1]},
								"down": {"uv": [11, 3], "uv_size": [-1, -1]}
							}
						},
						{
							"origin": [11, 14, -14],
							"size": [1, 1, 1],
							"uv": {
								"north": {"uv": [11, 2], "uv_size": [1, 1]},
								"east": {"uv": [11, 2], "uv_size": [1, 1]},
								"south": {"uv": [11, 2], "uv_size": [1, 1]},
								"west": {"uv": [11, 2], "uv_size": [1, 1]},
								"up": {"uv": [12, 3], "uv_size": [-1, -1]},
								"down": {"uv": [12, 3], "uv_size": [-1, -1]}
							}
						},
						{
							"origin": [12, 14, -14],
							"size": [1, 1, 1],
							"uv": {
								"north": {"uv": [12, 2], "uv_size": [1, 1]},
								"east": {"uv": [12, 2], "uv_size": [1, 1]},
								"south": {"uv": [12, 2], "uv_size": [1, 1]},
								"west": {"uv": [12, 2], "uv_size": [1, 1]},
								"up": {"uv": [13, 3], "uv_size": [-1, -1]},
								"down": {"uv": [13, 3], "uv_size": [-1, -1]}
							}
						},
						{
							"origin": [13, 14, -14],
							"size": [1, 1, 1],
							"uv": {
								"north": {"uv": [13, 2], "uv_size": [1, 1]},
								"east": {"uv": [13, 2], "uv_size": [1, 1]},
								"south": {"uv": [13, 2], "uv_size": [1, 1]},
								"west": {"uv": [13, 2], "uv_size": [1, 1]},
								"up": {"uv": [14, 3], "uv_size": [-1, -1]},
								"down": {"uv": [14, 3], "uv_size": [-1, -1]}
							}
						},
						{
							"origin": [10, 15, -14],
							"size": [1, 1, 1],
							"uv": {
								"north": {"uv": [10, 1], "uv_size": [1, 1]},
								"east": {"uv": [10, 1], "uv_size": [1, 1]},
								"south": {"uv": [10, 1], "uv_size": [1, 1]},
								"west": {"uv": [10, 1], "uv_size": [1, 1]},
								"up": {"uv": [11, 2], "uv_size": [-1, -1]},
								"down": {"uv": [11, 2], "uv_size": [-1, -1]}
							}
						},
						{
							"origin": [11, 15, -14],
							"size": [1, 1, 1],
							"uv": {
								"north": {"uv": [11, 1], "uv_size": [1, 1]},
								"east": {"uv": [11, 1], "uv_size": [1, 1]},
								"south": {"uv": [11, 1], "uv_size": [1, 1]},
								"west": {"uv": [11, 1], "uv_size": [1, 1]},
								"up": {"uv": [12, 2], "uv_size": [-1, -1]},
								"down": {"uv": [12, 2], "uv_size": [-1, -1]}
							}
						},
						{
							"origin": [12, 15, -14],
							"size": [1, 1, 1],
							"uv": {
								"north": {"uv": [12, 1], "uv_size": [1, 1]},
								"east": {"uv": [12, 1], "uv_size": [1, 1]},
								"south": {"uv": [12, 1], "uv_size": [1, 1]},
								"west": {"uv": [12, 1], "uv_size": [1, 1]},
								"up": {"uv": [13, 2], "uv_size": [-1, -1]},
								"down": {"uv": [13, 2], "uv_size": [-1, -1]}
							}
						},
						{
							"origin": [9, 11, -14],
							"size": [1, 1, 1],
							"uv": {
								"north": {"uv": [9, 5], "uv_size": [1, 1]},
								"east": {"uv": [9, 5], "uv_size": [1, 1]},
								"south": {"uv": [9, 5], "uv_size": [1, 1]},
								"west": {"uv": [9, 5], "uv_size": [1, 1]},
								"up": {"uv": [10, 6], "uv_size": [-1, -1]},
								"down": {"uv": [10, 6], "uv_size": [-1, -1]}
							}
						},
						{
							"origin": [9, 12, -14],
							"size": [1, 1, 1],
							"uv": {
								"north": {"uv": [9, 4], "uv_size": [1, 1]},
								"east": {"uv": [9, 4], "uv_size": [1, 1]},
								"south": {"uv": [9, 4], "uv_size": [1, 1]},
								"west": {"uv": [9, 4], "uv_size": [1, 1]},
								"up": {"uv": [10, 5], "uv_size": [-1, -1]},
								"down": {"uv": [10, 5], "uv_size": [-1, -1]}
							}
						},
						{
							"origin": [9, 13, -14],
							"size": [1, 1, 1],
							"uv": {
								"north": {"uv": [9, 3], "uv_size": [1, 1]},
								"east": {"uv": [9, 3], "uv_size": [1, 1]},
								"south": {"uv": [9, 3], "uv_size": [1, 1]},
								"west": {"uv": [9, 3], "uv_size": [1, 1]},
								"up": {"uv": [10, 4], "uv_size": [-1, -1]},
								"down": {"uv": [10, 4], "uv_size": [-1, -1]}
							}
						},
						{
							"origin": [9, 14, -14],
							"size": [1, 1, 1],
							"uv": {
								"north": {"uv": [9, 2], "uv_size": [1, 1]},
								"east": {"uv": [9, 2], "uv_size": [1, 1]},
								"south": {"uv": [9, 2], "uv_size": [1, 1]},
								"west": {"uv": [9, 2], "uv_size": [1, 1]},
								"up": {"uv": [10, 3], "uv_size": [-1, -1]},
								"down": {"uv": [10, 3], "uv_size": [-1, -1]}
							}
						},
						{
							"origin": [8, 10, -14],
							"size": [1, 1, 1],
							"uv": {
								"north": {"uv": [8, 6], "uv_size": [1, 1]},
								"east": {"uv": [8, 6], "uv_size": [1, 1]},
								"south": {"uv": [8, 6], "uv_size": [1, 1]},
								"west": {"uv": [8, 6], "uv_size": [1, 1]},
								"up": {"uv": [9, 7], "uv_size": [-1, -1]},
								"down": {"uv": [9, 7], "uv_size": [-1, -1]}
							}
						},
						{
							"origin": [8, 11, -14],
							"size": [1, 1, 1],
							"uv": {
								"north": {"uv": [8, 5], "uv_size": [1, 1]},
								"east": {"uv": [8, 5], "uv_size": [1, 1]},
								"south": {"uv": [8, 5], "uv_size": [1, 1]},
								"west": {"uv": [8, 5], "uv_size": [1, 1]},
								"up": {"uv": [9, 6], "uv_size": [-1, -1]},
								"down": {"uv": [9, 6], "uv_size": [-1, -1]}
							}
						},
						{
							"origin": [7, 9, -14],
							"size": [1, 1, 1],
							"uv": {
								"north": {"uv": [7, 7], "uv_size": [1, 1]},
								"east": {"uv": [7, 7], "uv_size": [1, 1]},
								"south": {"uv": [7, 7], "uv_size": [1, 1]},
								"west": {"uv": [7, 7], "uv_size": [1, 1]},
								"up": {"uv": [8, 8], "uv_size": [-1, -1]},
								"down": {"uv": [8, 8], "uv_size": [-1, -1]}
							}
						},
						{
							"origin": [7, 10, -14],
							"size": [1, 1, 1],
							"uv": {
								"north": {"uv": [7, 6], "uv_size": [1, 1]},
								"east": {"uv": [7, 6], "uv_size": [1, 1]},
								"south": {"uv": [7, 6], "uv_size": [1, 1]},
								"west": {"uv": [7, 6], "uv_size": [1, 1]},
								"up": {"uv": [8, 7], "uv_size": [-1, -1]},
								"down": {"uv": [8, 7], "uv_size": [-1, -1]}
							}
						},
						{
							"origin": [6, 8, -14],
							"size": [1, 1, 1],
							"uv": {
								"north": {"uv": [6, 8], "uv_size": [1, 1]},
								"east": {"uv": [6, 8], "uv_size": [1, 1]},
								"south": {"uv": [6, 8], "uv_size": [1, 1]},
								"west": {"uv": [6, 8], "uv_size": [1, 1]},
								"up": {"uv": [7, 9], "uv_size": [-1, -1]},
								"down": {"uv": [7, 9], "uv_size": [-1, -1]}
							}
						},
						{
							"origin": [6, 9, -14],
							"size": [1, 1, 1],
							"uv": {
								"north": {"uv": [6, 7], "uv_size": [1, 1]},
								"east": {"uv": [6, 7], "uv_size": [1, 1]},
								"south": {"uv": [6, 7], "uv_size": [1, 1]},
								"west": {"uv": [6, 7], "uv_size": [1, 1]},
								"up": {"uv": [7, 8], "uv_size": [-1, -1]},
								"down": {"uv": [7, 8], "uv_size": [-1, -1]}
							}
						},
						{
							"origin": [5, 7, -14],
							"size": [1, 1, 1],
							"uv": {
								"north": {"uv": [5, 9], "uv_size": [1, 1]},
								"east": {"uv": [5, 9], "uv_size": [1, 1]},
								"south": {"uv": [5, 9], "uv_size": [1, 1]},
								"west": {"uv": [5, 9], "uv_size": [1, 1]},
								"up": {"uv": [6, 10], "uv_size": [-1, -1]},
								"down": {"uv": [6, 10], "uv_size": [-1, -1]}
							}
						},
						{
							"origin": [5, 8, -14],
							"size": [1, 1, 1],
							"uv": {
								"north": {"uv": [5, 8], "uv_size": [1, 1]},
								"east": {"uv": [5, 8], "uv_size": [1, 1]},
								"south": {"uv": [5, 8], "uv_size": [1, 1]},
								"west": {"uv": [5, 8], "uv_size": [1, 1]},
								"up": {"uv": [6, 9], "uv_size": [-1, -1]},
								"down": {"uv": [6, 9], "uv_size": [-1, -1]}
							}
						},
						{
							"origin": [4, 4, -14],
							"size": [1, 1, 1],
							"uv": {
								"north": {"uv": [4, 12], "uv_size": [1, 1]},
								"east": {"uv": [4, 12], "uv_size": [1, 1]},
								"south": {"uv": [4, 12], "uv_size": [1, 1]},
								"west": {"uv": [4, 12], "uv_size": [1, 1]},
								"up": {"uv": [5, 13], "uv_size": [-1, -1]},
								"down": {"uv": [5, 13], "uv_size": [-1, -1]}
							}
						},
						{
							"origin": [4, 5, -14],
							"size": [1, 1, 1],
							"uv": {
								"north": {"uv": [4, 11], "uv_size": [1, 1]},
								"east": {"uv": [4, 11], "uv_size": [1, 1]},
								"south": {"uv": [4, 11], "uv_size": [1, 1]},
								"west": {"uv": [4, 11], "uv_size": [1, 1]},
								"up": {"uv": [5, 12], "uv_size": [-1, -1]},
								"down": {"uv": [5, 12], "uv_size": [-1, -1]}
							}
						},
						{
							"origin": [4, 6, -14],
							"size": [1, 1, 1],
							"uv": {
								"north": {"uv": [4, 10], "uv_size": [1, 1]},
								"east": {"uv": [4, 10], "uv_size": [1, 1]},
								"south": {"uv": [4, 10], "uv_size": [1, 1]},
								"west": {"uv": [4, 10], "uv_size": [1, 1]},
								"up": {"uv": [5, 11], "uv_size": [-1, -1]},
								"down": {"uv": [5, 11], "uv_size": [-1, -1]}
							}
						},
						{
							"origin": [4, 7, -14],
							"size": [1, 1, 1],
							"uv": {
								"north": {"uv": [4, 9], "uv_size": [1, 1]},
								"east": {"uv": [4, 9], "uv_size": [1, 1]},
								"south": {"uv": [4, 9], "uv_size": [1, 1]},
								"west": {"uv": [4, 9], "uv_size": [1, 1]},
								"up": {"uv": [5, 10], "uv_size": [-1, -1]},
								"down": {"uv": [5, 10], "uv_size": [-1, -1]}
							}
						},
						{
							"origin": [3, 3, -14],
							"size": [1, 1, 1],
							"uv": {
								"north": {"uv": [3, 13], "uv_size": [1, 1]},
								"east": {"uv": [3, 13], "uv_size": [1, 1]},
								"south": {"uv": [3, 13], "uv_size": [1, 1]},
								"west": {"uv": [3, 13], "uv_size": [1, 1]},
								"up": {"uv": [4, 14], "uv_size": [-1, -1]},
								"down": {"uv": [4, 14], "uv_size": [-1, -1]}
							}
						},
						{
							"origin": [3, 4, -14],
							"size": [1, 1, 1],
							"uv": {
								"north": {"uv": [3, 12], "uv_size": [1, 1]},
								"east": {"uv": [3, 12], "uv_size": [1, 1]},
								"south": {"uv": [3, 12], "uv_size": [1, 1]},
								"west": {"uv": [3, 12], "uv_size": [1, 1]},
								"up": {"uv": [4, 13], "uv_size": [-1, -1]},
								"down": {"uv": [4, 13], "uv_size": [-1, -1]}
							}
						},
						{
							"origin": [3, 5, -14],
							"size": [1, 1, 1],
							"uv": {
								"north": {"uv": [3, 11], "uv_size": [1, 1]},
								"east": {"uv": [3, 11], "uv_size": [1, 1]},
								"south": {"uv": [3, 11], "uv_size": [1, 1]},
								"west": {"uv": [3, 11], "uv_size": [1, 1]},
								"up": {"uv": [4, 12], "uv_size": [-1, -1]},
								"down": {"uv": [4, 12], "uv_size": [-1, -1]}
							}
						},
						{
							"origin": [3, 6, -14],
							"size": [1, 1, 1],
							"uv": {
								"north": {"uv": [3, 10], "uv_size": [1, 1]},
								"east": {"uv": [3, 10], "uv_size": [1, 1]},
								"south": {"uv": [3, 10], "uv_size": [1, 1]},
								"west": {"uv": [3, 10], "uv_size": [1, 1]},
								"up": {"uv": [4, 11], "uv_size": [-1, -1]},
								"down": {"uv": [4, 11], "uv_size": [-1, -1]}
							}
						},
						{
							"origin": [3, 7, -14],
							"size": [1, 1, 1],
							"uv": {
								"north": {"uv": [3, 9], "uv_size": [1, 1]},
								"east": {"uv": [3, 9], "uv_size": [1, 1]},
								"south": {"uv": [3, 9], "uv_size": [1, 1]},
								"west": {"uv": [3, 9], "uv_size": [1, 1]},
								"up": {"uv": [4, 10], "uv_size": [-1, -1]},
								"down": {"uv": [4, 10], "uv_size": [-1, -1]}
							}
						},
						{
							"origin": [2, 4, -14],
							"size": [1, 1, 1],
							"uv": {
								"north": {"uv": [2, 12], "uv_size": [1, 1]},
								"east": {"uv": [2, 12], "uv_size": [1, 1]},
								"south": {"uv": [2, 12], "uv_size": [1, 1]},
								"west": {"uv": [2, 12], "uv_size": [1, 1]},
								"up": {"uv": [3, 13], "uv_size": [-1, -1]},
								"down": {"uv": [3, 13], "uv_size": [-1, -1]}
							}
						},
						{
							"origin": [2, 5, -14],
							"size": [1, 1, 1],
							"uv": {
								"north": {"uv": [2, 11], "uv_size": [1, 1]},
								"east": {"uv": [2, 11], "uv_size": [1, 1]},
								"south": {"uv": [2, 11], "uv_size": [1, 1]},
								"west": {"uv": [2, 11], "uv_size": [1, 1]},
								"up": {"uv": [3, 12], "uv_size": [-1, -1]},
								"down": {"uv": [3, 12], "uv_size": [-1, -1]}
							}
						},
						{
							"origin": [2, 6, -14],
							"size": [1, 1, 1],
							"uv": {
								"north": {"uv": [2, 10], "uv_size": [1, 1]},
								"east": {"uv": [2, 10], "uv_size": [1, 1]},
								"south": {"uv": [2, 10], "uv_size": [1, 1]},
								"west": {"uv": [2, 10], "uv_size": [1, 1]},
								"up": {"uv": [3, 11], "uv_size": [-1, -1]},
								"down": {"uv": [3, 11], "uv_size": [-1, -1]}
							}
						}
					]
				}
			]
		}
	]
}