{
	"format_version": "1.12.0",
	"minecraft:geometry": [
		{
			"description": {
				"identifier": "geometry.boomerang",
				"texture_width": 16,
				"texture_height": 8,
				"visible_bounds_width": 2,
				"visible_bounds_height": 2.5,
				"visible_bounds_offset": [0, 0.75, 0]
			},
			"bones": [
				{
					"name": "boomerang",
					"pivot": [1, 6, 0],
					"rotation": [0, 90, 0],
					"cubes": [
						{"origin": [-3.6383, 1.328, -1.5], "size": [4, 1, 1], "pivot": [1, 6, 0], "rotation": [0, 0, -35], "uv": [3, 0]},
						{"origin": [4.38006, 3.3, -1.5], "size": [3, 1, 1], "inflate": -0.01, "pivot": [1, 6, 0], "rotation": [0, 0, 37.5], "uv": [4, 6]}
					]
				}
			]
		}
	]
}