{
	"format_version": "1.12.0",
	"minecraft:geometry": [
		{
			"description": {
				"identifier": "geometry.cabbage",
				"texture_width": 32,
				"texture_height": 32,
				"visible_bounds_width": 3,
				"visible_bounds_height": 3.5,
				"visible_bounds_offset": [0, 1.25, 0]
			},
			"bones": [
				{
					"name": "cabagge",
					"pivot": [0, 11, 0],
					"cubes": [
						{"origin": [-2.5, 0, -2.5], "size": [5, 5, 5], "uv": [0, 0]},
						{"origin": [-2.5, 0, -2.5], "size": [5, 5, 5], "inflate": 0.1, "uv": [0, 11]},
						{"origin": [-2.5, 0, -2.5], "size": [5, 3, 5], "inflate": 0.2, "uv": [0, 24]}
					]
				}
			]
		}
	]
}