{
	"format_version": "1.12.0",
	"minecraft:geometry": [
		{
			"description": {
				"identifier": "geometry.gloomspore",
				"texture_width": 32,
				"texture_height": 16,
				"visible_bounds_width": 2,
				"visible_bounds_height": 2.5,
				"visible_bounds_offset": [0, 0.75, 0]
			},
			"bones": [
				{
					"name": "pea",
					"pivot": [0, 3, 0],
					"cubes": [
						{"origin": [-4, 0, -4], "size": [8, 8, 8], "inflate": -0.01, "uv": [0, 0]}
					]
				},
				{
					"name": "sporeA",
					"parent": "pea",
					"pivot": [2, 3, -2],
					"cubes": [
						{"origin": [-1, -1, -7], "size": [8, 8, 8], "inflate": -1.5, "uv": [0, 0]}
					]
				},
				{
					"name": "sporeB",
					"parent": "pea",
					"pivot": [-2, 3, 2],
					"cubes": [
						{"origin": [-6, -1, -2], "size": [8, 8, 8], "inflate": -1, "uv": [0, 0]}
					]
				}
			]
		}
	]
}