{
	"format_version": "1.12.0",
	"minecraft:geometry": [
		{
			"description": {
				"identifier": "geometry.note",
				"texture_width": 15,
				"texture_height": 15,
				"visible_bounds_width": 2,
				"visible_bounds_height": 2.5,
				"visible_bounds_offset": [0, 0.75, 0]
			},
			"bones": [
				{
					"name": "note",
					"pivot": [0.5, 8.5, 0],
					"cubes": [
						{
							"origin": [-7.5, 0.5, 0],
							"size": [15, 15, 0],
							"uv": {
								"north": {"uv": [0, 0], "uv_size": [15, 15]},
								"east": {"uv": [0, 0], "uv_size": [0, 0]},
								"south": {"uv": [0, 0], "uv_size": [0, 0]},
								"west": {"uv": [0, 0], "uv_size": [0, 0]},
								"up": {"uv": [0, 0], "uv_size": [0, 0]},
								"down": {"uv": [0, 0], "uv_size": [0, 0]}
							}
						}
					]
				}
			]
		}
	]
}