{
	"format_version": "1.12.0",
	"minecraft:geometry": [
		{
			"description": {
				"identifier": "geometry.root",
				"texture_width": 64,
				"texture_height": 64,
				"visible_bounds_width": 3,
				"visible_bounds_height": 3,
				"visible_bounds_offset": [0, 0.5, 0]
			},
			"bones": [
				{
					"name": "root",
					"pivot": [0, 0, 0],
					"cubes": [
						{"origin": [-1.5, 0, -1.5], "size": [3, 5, 3], "uv": [52, 43]},
						{"origin": [-0.25, 4.5, -1], "size": [0, 3, 2], "pivot": [0, 0, 0], "rotation": [0, 0, 15], "uv": [4, 1]}
					]
				},
				{
					"name": "body",
					"parent": "root",
					"pivot": [0, 5, 0],
					"cubes": [
						{"origin": [-1, 5, -1], "size": [2, 5, 2], "uv": [56, 27]},
						{"origin": [-1, 6.5, 0.75], "size": [2, 3, 0], "pivot": [0, 0, 0], "rotation": [15, 0, 0], "uv": [4, 6]}
					]
				},
				{
					"name": "peak",
					"parent": "body",
					"pivot": [0, 10, 0],
					"cubes": [
						{"origin": [-1, -1, -15], "size": [2, 2, 5], "pivot": [0, 0, 0], "rotation": [-90, 0, 0], "uv": [50, 20]}
					]
				},
				{
					"name": "pointA",
					"parent": "peak",
					"pivot": [0, 15, 0],
					"cubes": [
						{"origin": [-1, 15, -1], "size": [2, 2, 2], "uv": [56, 16]}
					]
				}
			]
		}
	]
}