{
	"file_path": "C:\\Users\\TJ\\AppData\\Local\\Packages\\Microsoft.MinecraftUWP_8wekyb3d8bbwe\\LocalState\\games\\com.mojang\\development_behavior_packs\\Mobs BP/entities/passive_mobs/bat.json",
	"file_type": "entity",
	"format_version": 1,
	"file_uuid": "af06b86b_0c0f_49e1_906d_f0006a67b300",
	"file_version": 3,
	"cache_content": {
		"children": [
			{
				"data": "1.16.0",
				"key": "format_version"
			},
			{
				"open": {
					"format_version": "1.16.0",
					"minecraft:entity": {
						"description": {
							"identifier": "minecraft:bat",
							"is_spawnable": true,
							"is_summonable": true,
							"is_experimental": false
						},
						"component_groups": {
							"mobs:black": {
								"minecraft:skin_id": {
									"value": 0
								}
							},
							"mobs:brown": {
								"minecraft:skin_id": {
									"value": 1
								}
							}
						},
						"components": {
							"minecraft:type_family": {
								"family": [
									"bat",
									"mob"
								]
							},
							"minecraft:breathable": {
								"total_supply": 15,
								"suffocate_time": 0
							},
							"minecraft:collision_box": {
								"width": 0.5,
								"height": 0.9
							},
							"minecraft:damage_sensor": {
								"triggers": {
									"cause": "fall",
									"deals_damage": false
								}
							},
							"minecraft:hurt_on_condition": {
								"damage_conditions": [
									{
										"filters": {
											"test": "in_lava",
											"subject": "self",
											"operator": "==",
											"value": true
										},
										"cause": "lava",
										"damage_per_tick": 4
									}
								]
							},
							"minecraft:movement": {
								"value": 0.1
							},
							"minecraft:navigation.float": {
								"can_path_over_water": true
							},
							"minecraft:movement.basic": {},
							"minecraft:jump.static": {},
							"minecraft:despawn": {
								"despawn_from_distance": {}
							},
							"minecraft:behavior.float": {
								"priority": 0
							},
							"minecraft:behavior.float_wander": {
								"xz_dist": 10,
								"y_dist": 7,
								"y_offset": -2,
								"random_reselect": true,
								"float_duration": [
									0.1,
									0.35
								]
							},
							"minecraft:can_fly": {},
							"minecraft:health": {
								"value": 6,
								"max": 6
							},
							"minecraft:nameable": {},
							"minecraft:physics": {},
							"minecraft:conditional_bandwidth_optimization": {}
						},
						"events": {
							"minecraft:entity_spawned": {
								"randomize": [
									{
										"weight": 1,
										"add": {
											"component_groups": [
												"mobs:black"
											]
										}
									},
									{
										"weight": 1,
										"add": {
											"component_groups": [
												"mobs:brown"
											]
										}
									}
								]
							}
						}
					}
				},
				"key": "minecraft:entity",
				"children": [
					{
						"open": {
							"description": {
								"identifier": "minecraft:bat",
								"is_spawnable": true,
								"is_summonable": true,
								"is_experimental": false
							},
							"component_groups": {
								"mobs:black": {
									"minecraft:skin_id": {
										"value": 0
									}
								},
								"mobs:brown": {
									"minecraft:skin_id": {
										"value": 1
									}
								}
							},
							"components": {
								"minecraft:type_family": {
									"family": [
										"bat",
										"mob"
									]
								},
								"minecraft:breathable": {
									"total_supply": 15,
									"suffocate_time": 0
								},
								"minecraft:collision_box": {
									"width": 0.5,
									"height": 0.9
								},
								"minecraft:damage_sensor": {
									"triggers": {
										"cause": "fall",
										"deals_damage": false
									}
								},
								"minecraft:hurt_on_condition": {
									"damage_conditions": [
										{
											"filters": {
												"test": "in_lava",
												"subject": "self",
												"operator": "==",
												"value": true
											},
											"cause": "lava",
											"damage_per_tick": 4
										}
									]
								},
								"minecraft:movement": {
									"value": 0.1
								},
								"minecraft:navigation.float": {
									"can_path_over_water": true
								},
								"minecraft:movement.basic": {},
								"minecraft:jump.static": {},
								"minecraft:despawn": {
									"despawn_from_distance": {}
								},
								"minecraft:behavior.float": {
									"priority": 0
								},
								"minecraft:behavior.float_wander": {
									"xz_dist": 10,
									"y_dist": 7,
									"y_offset": -2,
									"random_reselect": true,
									"float_duration": [
										0.1,
										0.35
									]
								},
								"minecraft:can_fly": {},
								"minecraft:health": {
									"value": 6,
									"max": 6
								},
								"minecraft:nameable": {},
								"minecraft:physics": {},
								"minecraft:conditional_bandwidth_optimization": {}
							},
							"events": {
								"minecraft:entity_spawned": {
									"randomize": [
										{
											"weight": 1,
											"add": {
												"component_groups": [
													"mobs:black"
												]
											}
										},
										{
											"weight": 1,
											"add": {
												"component_groups": [
													"mobs:brown"
												]
											}
										}
									]
								}
							}
						},
						"key": "description",
						"is_minified": true,
						"children": {
							"identifier": "minecraft:bat",
							"is_spawnable": true,
							"is_summonable": true,
							"is_experimental": false
						}
					},
					{
						"open": {
							"description": {
								"identifier": "minecraft:bat",
								"is_spawnable": true,
								"is_summonable": true,
								"is_experimental": false
							},
							"component_groups": {
								"mobs:black": {
									"minecraft:skin_id": {
										"value": 0
									}
								},
								"mobs:brown": {
									"minecraft:skin_id": {
										"value": 1
									}
								}
							},
							"components": {
								"minecraft:type_family": {
									"family": [
										"bat",
										"mob"
									]
								},
								"minecraft:breathable": {
									"total_supply": 15,
									"suffocate_time": 0
								},
								"minecraft:collision_box": {
									"width": 0.5,
									"height": 0.9
								},
								"minecraft:damage_sensor": {
									"triggers": {
										"cause": "fall",
										"deals_damage": false
									}
								},
								"minecraft:hurt_on_condition": {
									"damage_conditions": [
										{
											"filters": {
												"test": "in_lava",
												"subject": "self",
												"operator": "==",
												"value": true
											},
											"cause": "lava",
											"damage_per_tick": 4
										}
									]
								},
								"minecraft:movement": {
									"value": 0.1
								},
								"minecraft:navigation.float": {
									"can_path_over_water": true
								},
								"minecraft:movement.basic": {},
								"minecraft:jump.static": {},
								"minecraft:despawn": {
									"despawn_from_distance": {}
								},
								"minecraft:behavior.float": {
									"priority": 0
								},
								"minecraft:behavior.float_wander": {
									"xz_dist": 10,
									"y_dist": 7,
									"y_offset": -2,
									"random_reselect": true,
									"float_duration": [
										0.1,
										0.35
									]
								},
								"minecraft:can_fly": {},
								"minecraft:health": {
									"value": 6,
									"max": 6
								},
								"minecraft:nameable": {},
								"minecraft:physics": {},
								"minecraft:conditional_bandwidth_optimization": {}
							},
							"events": {
								"minecraft:entity_spawned": {
									"randomize": [
										{
											"weight": 1,
											"add": {
												"component_groups": [
													"mobs:black"
												]
											}
										},
										{
											"weight": 1,
											"add": {
												"component_groups": [
													"mobs:brown"
												]
											}
										}
									]
								}
							}
						},
						"key": "component_groups",
						"children": [
							{
								"open": {
									"mobs:black": {
										"minecraft:skin_id": {
											"value": 0
										}
									},
									"mobs:brown": {
										"minecraft:skin_id": {
											"value": 1
										}
									}
								},
								"key": "mobs:black",
								"children": [
									{
										"open": {
											"minecraft:skin_id": {
												"value": 0
											}
										},
										"key": "minecraft:skin_id",
										"is_minified": true,
										"children": {
											"value": 0
										}
									}
								]
							},
							{
								"open": {
									"mobs:black": {
										"minecraft:skin_id": {
											"value": 0
										}
									},
									"mobs:brown": {
										"minecraft:skin_id": {
											"value": 1
										}
									}
								},
								"key": "mobs:brown",
								"children": [
									{
										"open": {
											"minecraft:skin_id": {
												"value": 1
											}
										},
										"key": "minecraft:skin_id",
										"is_minified": true,
										"children": {
											"value": 1
										}
									}
								]
							}
						]
					},
					{
						"open": {
							"description": {
								"identifier": "minecraft:bat",
								"is_spawnable": true,
								"is_summonable": true,
								"is_experimental": false
							},
							"component_groups": {
								"mobs:black": {
									"minecraft:skin_id": {
										"value": 0
									}
								},
								"mobs:brown": {
									"minecraft:skin_id": {
										"value": 1
									}
								}
							},
							"components": {
								"minecraft:type_family": {
									"family": [
										"bat",
										"mob"
									]
								},
								"minecraft:breathable": {
									"total_supply": 15,
									"suffocate_time": 0
								},
								"minecraft:collision_box": {
									"width": 0.5,
									"height": 0.9
								},
								"minecraft:damage_sensor": {
									"triggers": {
										"cause": "fall",
										"deals_damage": false
									}
								},
								"minecraft:hurt_on_condition": {
									"damage_conditions": [
										{
											"filters": {
												"test": "in_lava",
												"subject": "self",
												"operator": "==",
												"value": true
											},
											"cause": "lava",
											"damage_per_tick": 4
										}
									]
								},
								"minecraft:movement": {
									"value": 0.1
								},
								"minecraft:navigation.float": {
									"can_path_over_water": true
								},
								"minecraft:movement.basic": {},
								"minecraft:jump.static": {},
								"minecraft:despawn": {
									"despawn_from_distance": {}
								},
								"minecraft:behavior.float": {
									"priority": 0
								},
								"minecraft:behavior.float_wander": {
									"xz_dist": 10,
									"y_dist": 7,
									"y_offset": -2,
									"random_reselect": true,
									"float_duration": [
										0.1,
										0.35
									]
								},
								"minecraft:can_fly": {},
								"minecraft:health": {
									"value": 6,
									"max": 6
								},
								"minecraft:nameable": {},
								"minecraft:physics": {},
								"minecraft:conditional_bandwidth_optimization": {}
							},
							"events": {
								"minecraft:entity_spawned": {
									"randomize": [
										{
											"weight": 1,
											"add": {
												"component_groups": [
													"mobs:black"
												]
											}
										},
										{
											"weight": 1,
											"add": {
												"component_groups": [
													"mobs:brown"
												]
											}
										}
									]
								}
							}
						},
						"key": "components",
						"is_minified": true,
						"children": {
							"minecraft:type_family": {
								"family": [
									"bat",
									"mob"
								]
							},
							"minecraft:breathable": {
								"total_supply": 15,
								"suffocate_time": 0
							},
							"minecraft:collision_box": {
								"width": 0.5,
								"height": 0.9
							},
							"minecraft:damage_sensor": {
								"triggers": {
									"cause": "fall",
									"deals_damage": false
								}
							},
							"minecraft:hurt_on_condition": {
								"damage_conditions": [
									{
										"filters": {
											"test": "in_lava",
											"subject": "self",
											"operator": "==",
											"value": true
										},
										"cause": "lava",
										"damage_per_tick": 4
									}
								]
							},
							"minecraft:movement": {
								"value": 0.1
							},
							"minecraft:navigation.float": {
								"can_path_over_water": true
							},
							"minecraft:movement.basic": {},
							"minecraft:jump.static": {},
							"minecraft:despawn": {
								"despawn_from_distance": {}
							},
							"minecraft:behavior.float": {
								"priority": 0
							},
							"minecraft:behavior.float_wander": {
								"xz_dist": 10,
								"y_dist": 7,
								"y_offset": -2,
								"random_reselect": true,
								"float_duration": [
									0.1,
									0.35
								]
							},
							"minecraft:can_fly": {},
							"minecraft:health": {
								"value": 6,
								"max": 6
							},
							"minecraft:nameable": {},
							"minecraft:physics": {},
							"minecraft:conditional_bandwidth_optimization": {}
						}
					},
					{
						"open": {
							"description": {
								"identifier": "minecraft:bat",
								"is_spawnable": true,
								"is_summonable": true,
								"is_experimental": false
							},
							"component_groups": {
								"mobs:black": {
									"minecraft:skin_id": {
										"value": 0
									}
								},
								"mobs:brown": {
									"minecraft:skin_id": {
										"value": 1
									}
								}
							},
							"components": {
								"minecraft:type_family": {
									"family": [
										"bat",
										"mob"
									]
								},
								"minecraft:breathable": {
									"total_supply": 15,
									"suffocate_time": 0
								},
								"minecraft:collision_box": {
									"width": 0.5,
									"height": 0.9
								},
								"minecraft:damage_sensor": {
									"triggers": {
										"cause": "fall",
										"deals_damage": false
									}
								},
								"minecraft:hurt_on_condition": {
									"damage_conditions": [
										{
											"filters": {
												"test": "in_lava",
												"subject": "self",
												"operator": "==",
												"value": true
											},
											"cause": "lava",
											"damage_per_tick": 4
										}
									]
								},
								"minecraft:movement": {
									"value": 0.1
								},
								"minecraft:navigation.float": {
									"can_path_over_water": true
								},
								"minecraft:movement.basic": {},
								"minecraft:jump.static": {},
								"minecraft:despawn": {
									"despawn_from_distance": {}
								},
								"minecraft:behavior.float": {
									"priority": 0
								},
								"minecraft:behavior.float_wander": {
									"xz_dist": 10,
									"y_dist": 7,
									"y_offset": -2,
									"random_reselect": true,
									"float_duration": [
										0.1,
										0.35
									]
								},
								"minecraft:can_fly": {},
								"minecraft:health": {
									"value": 6,
									"max": 6
								},
								"minecraft:nameable": {},
								"minecraft:physics": {},
								"minecraft:conditional_bandwidth_optimization": {}
							},
							"events": {
								"minecraft:entity_spawned": {
									"randomize": [
										{
											"weight": 1,
											"add": {
												"component_groups": [
													"mobs:black"
												]
											}
										},
										{
											"weight": 1,
											"add": {
												"component_groups": [
													"mobs:brown"
												]
											}
										}
									]
								}
							}
						},
						"key": "events",
						"children": [
							{
								"open": {
									"minecraft:entity_spawned": {
										"randomize": [
											{
												"weight": 1,
												"add": {
													"component_groups": [
														"mobs:black"
													]
												}
											},
											{
												"weight": 1,
												"add": {
													"component_groups": [
														"mobs:brown"
													]
												}
											}
										]
									}
								},
								"key": "minecraft:entity_spawned",
								"children": [
									{
										"open": {
											"randomize": [
												{
													"weight": 1,
													"add": {
														"component_groups": [
															"mobs:black"
														]
													}
												},
												{
													"weight": 1,
													"add": {
														"component_groups": [
															"mobs:brown"
														]
													}
												}
											]
										},
										"key": "randomize",
										"children": [
											{
												"open": [
													{
														"weight": 1,
														"add": {
															"component_groups": [
																"mobs:black"
															]
														}
													},
													{
														"weight": 1,
														"add": {
															"component_groups": [
																"mobs:brown"
															]
														}
													}
												],
												"children": [
													{
														"data": "1",
														"key": "weight"
													},
													{
														"open": {
															"weight": 1,
															"add": {
																"component_groups": [
																	"mobs:black"
																]
															}
														},
														"key": "add",
														"children": [
															{
																"open": {
																	"component_groups": [
																		"mobs:black"
																	]
																},
																"key": "component_groups",
																"is_minified": true,
																"children": [
																	"mobs:black"
																]
															}
														]
													}
												]
											},
											{
												"open": [
													{
														"weight": 1,
														"add": {
															"component_groups": [
																"mobs:black"
															]
														}
													},
													{
														"weight": 1,
														"add": {
															"component_groups": [
																"mobs:brown"
															]
														}
													}
												],
												"children": [
													{
														"data": "1",
														"key": "weight"
													},
													{
														"open": {
															"weight": 1,
															"add": {
																"component_groups": [
																	"mobs:brown"
																]
															}
														},
														"key": "add",
														"children": [
															{
																"open": {
																	"component_groups": [
																		"mobs:brown"
																	]
																},
																"key": "component_groups",
																"is_minified": true,
																"children": [
																	"mobs:brown"
																]
															}
														]
													}
												]
											}
										]
									}
								]
							}
						]
					}
				]
			}
		]
	}
}