{
	"file_path": "C:\\Users\\TJ\\AppData\\Local\\Packages\\Microsoft.MinecraftUWP_8wekyb3d8bbwe\\LocalState\\games\\com.mojang\\development_behavior_packs\\Mobs BP/entities/passive_mobs/pig.json",
	"file_type": "entity",
	"format_version": 1,
	"file_uuid": "bb115aa6_8259_4c45_94af_d7e673157a7c",
	"file_version": 5,
	"cache_content": {
		"children": [
			{
				"data": "1.16.0",
				"key": "format_version"
			},
			{
				"open": {
					"format_version": "1.16.0",
					"minecraft:entity": {
						"description": {
							"identifier": "minecraft:pig",
							"is_spawnable": true,
							"is_summonable": true,
							"is_experimental": false
						},
						"component_groups": {
							"minecraft:pig_baby": {
								"minecraft:is_baby": {},
								"minecraft:scale": {
									"value": 0.5
								},
								"minecraft:ageable": {
									"duration": 1200,
									"feed_items": [
										"carrot",
										"beetroot",
										"potato"
									],
									"grow_up": {
										"event": "minecraft:ageable_grow_up",
										"target": "self"
									}
								},
								"minecraft:behavior.follow_parent": {
									"priority": 6,
									"speed_multiplier": 1.1
								}
							},
							"minecraft:pig_transform": {
								"minecraft:transformation": {
									"into": "minecraft:pig_zombie",
									"delay": 0.5
								}
							},
							"minecraft:pig_adult": {
								"minecraft:experience_reward": {
									"on_bred": "Math.Random(1,7)",
									"on_death": "query.last_hit_by_player ? Math.Random(1,3) : 0"
								},
								"minecraft:loot": {
									"table": "loot_tables/entities/pig.json"
								},
								"minecraft:behavior.breed": {
									"priority": 4,
									"speed_multiplier": 1
								},
								"minecraft:breedable": {
									"require_tame": false,
									"breeds_with": {
										"mate_type": "minecraft:pig",
										"baby_type": "minecraft:pig",
										"breed_event": {
											"event": "minecraft:entity_born",
											"target": "baby"
										}
									},
									"breed_items": [
										"carrot",
										"beetroot",
										"potato"
									]
								}
							},
							"minecraft:pig_unsaddled": {
								"minecraft:interact": {
									"interactions": [
										{
											"on_interact": {
												"filters": {
													"test": "has_equipment",
													"subject": "other",
													"domain": "hand",
													"value": "saddle"
												},
												"event": "minecraft:on_saddled"
											},
											"use_item": true,
											"play_sounds": "saddle",
											"interact_text": "action.interact.saddle"
										}
									]
								},
								"minecraft:rideable": {
									"seat_count": 1,
									"family_types": [
										"zombie"
									],
									"seats": {
										"position": [
											0,
											0.63,
											0
										]
									}
								}
							},
							"minecraft:pig_saddled": {
								"minecraft:is_saddled": {},
								"minecraft:loot": {
									"table": "loot_tables/entities/pig_saddled.json"
								},
								"minecraft:boostable": {
									"speed_multiplier": 2,
									"duration": 3,
									"boost_items": [
										{
											"item": "carrotOnAStick",
											"damage": 2,
											"replace_item": "fishing_rod"
										}
									]
								},
								"minecraft:rideable": {
									"seat_count": 1,
									"interact_text": "action.interact.mount",
									"family_types": [
										"player"
									],
									"seats": {
										"position": [
											0,
											0.63,
											0
										]
									}
								},
								"minecraft:item_controllable": {
									"control_items": "carrotOnAStick"
								},
								"minecraft:behavior.controlled_by_player": {
									"priority": 0
								}
							},
							"mobs:default": {
								"minecraft:skin_id": {
									"value": 0
								}
							},
							"mobs:pink": {
								"minecraft:skin_id": {
									"value": 1
								}
							}
						},
						"components": {
							"minecraft:damage_sensor": {
								"triggers": {
									"on_damage": {
										"filters": [
											{
												"test": "is_family",
												"subject": "other",
												"value": "lightning"
											},
											{
												"test": "is_difficulty",
												"operator": "!=",
												"value": "peaceful"
											}
										],
										"event": "become_zombie"
									},
									"deals_damage": false
								}
							},
							"minecraft:type_family": {
								"family": [
									"pig",
									"mob"
								]
							},
							"minecraft:breathable": {
								"total_supply": 15,
								"suffocate_time": 0
							},
							"minecraft:nameable": {},
							"minecraft:health": {
								"value": 10,
								"max": 10
							},
							"minecraft:hurt_on_condition": {
								"damage_conditions": [
									{
										"filters": {
											"test": "in_lava",
											"subject": "self",
											"operator": "==",
											"value": true
										},
										"cause": "lava",
										"damage_per_tick": 4
									}
								]
							},
							"minecraft:movement": {
								"value": 0.25
							},
							"minecraft:navigation.walk": {
								"can_path_over_water": true,
								"avoid_water": true,
								"avoid_damage_blocks": true
							},
							"minecraft:movement.basic": {},
							"minecraft:jump.static": {},
							"minecraft:can_climb": {},
							"minecraft:collision_box": {
								"width": 0.9,
								"height": 0.9
							},
							"minecraft:leashable": {
								"soft_distance": 4,
								"hard_distance": 6,
								"max_distance": 10
							},
							"minecraft:balloonable": {
								"mass": 0.75
							},
							"minecraft:despawn": {
								"despawn_from_distance": {}
							},
							"minecraft:behavior.mount_pathing": {
								"priority": 1,
								"speed_multiplier": 1.25,
								"target_dist": 0,
								"track_target": true
							},
							"minecraft:behavior.float": {
								"priority": 2
							},
							"minecraft:behavior.panic": {
								"priority": 3,
								"speed_multiplier": 1.25
							},
							"minecraft:behavior.tempt": {
								"priority": 5,
								"speed_multiplier": 1.2,
								"items": [
									"potato",
									"carrot",
									"beetroot",
									"carrotOnAStick"
								]
							},
							"minecraft:behavior.random_stroll": {
								"priority": 7,
								"speed_multiplier": 1
							},
							"minecraft:behavior.look_at_player": {
								"priority": 8,
								"look_distance": 6,
								"probability": 0.02
							},
							"minecraft:behavior.random_look_around": {
								"priority": 9
							},
							"minecraft:physics": {},
							"minecraft:pushable": {
								"is_pushable": true,
								"is_pushable_by_piston": true
							},
							"minecraft:conditional_bandwidth_optimization": {}
						},
						"events": {
							"become_zombie": {
								"remove": {},
								"add": {
									"component_groups": [
										"minecraft:pig_transform"
									]
								}
							},
							"minecraft:entity_spawned": {
								"randomize": [
									{
										"weight": 95,
										"randomize": [
											{
												"weight": 50,
												"remove": {},
												"add": {
													"component_groups": [
														"minecraft:pig_adult",
														"minecraft:pig_unsaddled",
														"mobs:default"
													]
												}
											},
											{
												"weight": 50,
												"remove": {},
												"add": {
													"component_groups": [
														"minecraft:pig_adult",
														"minecraft:pig_unsaddled",
														"mobs:pink"
													]
												}
											}
										]
									},
									{
										"weight": 5,
										"randomize": [
											{
												"weight": 50,
												"remove": {},
												"add": {
													"component_groups": [
														"minecraft:pig_baby",
														"mobs:default"
													]
												}
											},
											{
												"weight": 50,
												"remove": {},
												"add": {
													"component_groups": [
														"minecraft:pig_baby",
														"mobs:pink"
													]
												}
											}
										]
									}
								]
							},
							"minecraft:entity_born": {
								"randomize": [
									{
										"weight": 50,
										"remove": {},
										"add": {
											"component_groups": [
												"minecraft:pig_baby",
												"mobs:default"
											]
										}
									},
									{
										"weight": 50,
										"remove": {},
										"add": {
											"component_groups": [
												"minecraft:pig_baby",
												"mobs:pink"
											]
										}
									}
								]
							},
							"minecraft:ageable_grow_up": {
								"remove": {
									"component_groups": [
										"minecraft:pig_baby"
									]
								},
								"add": {
									"component_groups": [
										"minecraft:pig_adult",
										"minecraft:pig_unsaddled"
									]
								}
							},
							"minecraft:on_saddled": {
								"remove": {
									"component_groups": [
										"minecraft:pig_unsaddled"
									]
								},
								"add": {
									"component_groups": [
										"minecraft:pig_saddled"
									]
								}
							}
						}
					}
				},
				"key": "minecraft:entity",
				"children": [
					{
						"key": "description",
						"is_minified": true,
						"children": {
							"identifier": "minecraft:pig",
							"is_spawnable": true,
							"is_summonable": true,
							"is_experimental": false
						}
					},
					{
						"open": {
							"description": {
								"identifier": "minecraft:pig",
								"is_spawnable": true,
								"is_summonable": true,
								"is_experimental": false
							},
							"component_groups": {
								"minecraft:pig_baby": {
									"minecraft:is_baby": {},
									"minecraft:scale": {
										"value": 0.5
									},
									"minecraft:ageable": {
										"duration": 1200,
										"feed_items": [
											"carrot",
											"beetroot",
											"potato"
										],
										"grow_up": {
											"event": "minecraft:ageable_grow_up",
											"target": "self"
										}
									},
									"minecraft:behavior.follow_parent": {
										"priority": 6,
										"speed_multiplier": 1.1
									}
								},
								"minecraft:pig_transform": {
									"minecraft:transformation": {
										"into": "minecraft:pig_zombie",
										"delay": 0.5
									}
								},
								"minecraft:pig_adult": {
									"minecraft:experience_reward": {
										"on_bred": "Math.Random(1,7)",
										"on_death": "query.last_hit_by_player ? Math.Random(1,3) : 0"
									},
									"minecraft:loot": {
										"table": "loot_tables/entities/pig.json"
									},
									"minecraft:behavior.breed": {
										"priority": 4,
										"speed_multiplier": 1
									},
									"minecraft:breedable": {
										"require_tame": false,
										"breeds_with": {
											"mate_type": "minecraft:pig",
											"baby_type": "minecraft:pig",
											"breed_event": {
												"event": "minecraft:entity_born",
												"target": "baby"
											}
										},
										"breed_items": [
											"carrot",
											"beetroot",
											"potato"
										]
									}
								},
								"minecraft:pig_unsaddled": {
									"minecraft:interact": {
										"interactions": [
											{
												"on_interact": {
													"filters": {
														"test": "has_equipment",
														"subject": "other",
														"domain": "hand",
														"value": "saddle"
													},
													"event": "minecraft:on_saddled"
												},
												"use_item": true,
												"play_sounds": "saddle",
												"interact_text": "action.interact.saddle"
											}
										]
									},
									"minecraft:rideable": {
										"seat_count": 1,
										"family_types": [
											"zombie"
										],
										"seats": {
											"position": [
												0,
												0.63,
												0
											]
										}
									}
								},
								"minecraft:pig_saddled": {
									"minecraft:is_saddled": {},
									"minecraft:loot": {
										"table": "loot_tables/entities/pig_saddled.json"
									},
									"minecraft:boostable": {
										"speed_multiplier": 2,
										"duration": 3,
										"boost_items": [
											{
												"item": "carrotOnAStick",
												"damage": 2,
												"replace_item": "fishing_rod"
											}
										]
									},
									"minecraft:rideable": {
										"seat_count": 1,
										"interact_text": "action.interact.mount",
										"family_types": [
											"player"
										],
										"seats": {
											"position": [
												0,
												0.63,
												0
											]
										}
									},
									"minecraft:item_controllable": {
										"control_items": "carrotOnAStick"
									},
									"minecraft:behavior.controlled_by_player": {
										"priority": 0
									}
								},
								"mobs:default": {
									"minecraft:skin_id": {
										"value": 0
									}
								},
								"mobs:pink": {
									"minecraft:skin_id": {
										"value": 1
									}
								}
							},
							"components": {
								"minecraft:damage_sensor": {
									"triggers": {
										"on_damage": {
											"filters": [
												{
													"test": "is_family",
													"subject": "other",
													"value": "lightning"
												},
												{
													"test": "is_difficulty",
													"operator": "!=",
													"value": "peaceful"
												}
											],
											"event": "become_zombie"
										},
										"deals_damage": false
									}
								},
								"minecraft:type_family": {
									"family": [
										"pig",
										"mob"
									]
								},
								"minecraft:breathable": {
									"total_supply": 15,
									"suffocate_time": 0
								},
								"minecraft:nameable": {},
								"minecraft:health": {
									"value": 10,
									"max": 10
								},
								"minecraft:hurt_on_condition": {
									"damage_conditions": [
										{
											"filters": {
												"test": "in_lava",
												"subject": "self",
												"operator": "==",
												"value": true
											},
											"cause": "lava",
											"damage_per_tick": 4
										}
									]
								},
								"minecraft:movement": {
									"value": 0.25
								},
								"minecraft:navigation.walk": {
									"can_path_over_water": true,
									"avoid_water": true,
									"avoid_damage_blocks": true
								},
								"minecraft:movement.basic": {},
								"minecraft:jump.static": {},
								"minecraft:can_climb": {},
								"minecraft:collision_box": {
									"width": 0.9,
									"height": 0.9
								},
								"minecraft:leashable": {
									"soft_distance": 4,
									"hard_distance": 6,
									"max_distance": 10
								},
								"minecraft:balloonable": {
									"mass": 0.75
								},
								"minecraft:despawn": {
									"despawn_from_distance": {}
								},
								"minecraft:behavior.mount_pathing": {
									"priority": 1,
									"speed_multiplier": 1.25,
									"target_dist": 0,
									"track_target": true
								},
								"minecraft:behavior.float": {
									"priority": 2
								},
								"minecraft:behavior.panic": {
									"priority": 3,
									"speed_multiplier": 1.25
								},
								"minecraft:behavior.tempt": {
									"priority": 5,
									"speed_multiplier": 1.2,
									"items": [
										"potato",
										"carrot",
										"beetroot",
										"carrotOnAStick"
									]
								},
								"minecraft:behavior.random_stroll": {
									"priority": 7,
									"speed_multiplier": 1
								},
								"minecraft:behavior.look_at_player": {
									"priority": 8,
									"look_distance": 6,
									"probability": 0.02
								},
								"minecraft:behavior.random_look_around": {
									"priority": 9
								},
								"minecraft:physics": {},
								"minecraft:pushable": {
									"is_pushable": true,
									"is_pushable_by_piston": true
								},
								"minecraft:conditional_bandwidth_optimization": {}
							},
							"events": {
								"become_zombie": {
									"remove": {},
									"add": {
										"component_groups": [
											"minecraft:pig_transform"
										]
									}
								},
								"minecraft:entity_spawned": {
									"randomize": [
										{
											"weight": 95,
											"randomize": [
												{
													"weight": 50,
													"remove": {},
													"add": {
														"component_groups": [
															"minecraft:pig_adult",
															"minecraft:pig_unsaddled",
															"mobs:default"
														]
													}
												},
												{
													"weight": 50,
													"remove": {},
													"add": {
														"component_groups": [
															"minecraft:pig_adult",
															"minecraft:pig_unsaddled",
															"mobs:pink"
														]
													}
												}
											]
										},
										{
											"weight": 5,
											"randomize": [
												{
													"weight": 50,
													"remove": {},
													"add": {
														"component_groups": [
															"minecraft:pig_baby",
															"mobs:default"
														]
													}
												},
												{
													"weight": 50,
													"remove": {},
													"add": {
														"component_groups": [
															"minecraft:pig_baby",
															"mobs:pink"
														]
													}
												}
											]
										}
									]
								},
								"minecraft:entity_born": {
									"randomize": [
										{
											"weight": 50,
											"remove": {},
											"add": {
												"component_groups": [
													"minecraft:pig_baby",
													"mobs:default"
												]
											}
										},
										{
											"weight": 50,
											"remove": {},
											"add": {
												"component_groups": [
													"minecraft:pig_baby",
													"mobs:pink"
												]
											}
										}
									]
								},
								"minecraft:ageable_grow_up": {
									"remove": {
										"component_groups": [
											"minecraft:pig_baby"
										]
									},
									"add": {
										"component_groups": [
											"minecraft:pig_adult",
											"minecraft:pig_unsaddled"
										]
									}
								},
								"minecraft:on_saddled": {
									"remove": {
										"component_groups": [
											"minecraft:pig_unsaddled"
										]
									},
									"add": {
										"component_groups": [
											"minecraft:pig_saddled"
										]
									}
								}
							}
						},
						"key": "component_groups",
						"children": [
							{
								"key": "minecraft:pig_baby",
								"is_minified": true,
								"children": {
									"minecraft:is_baby": {},
									"minecraft:scale": {
										"value": 0.5
									},
									"minecraft:ageable": {
										"duration": 1200,
										"feed_items": [
											"carrot",
											"beetroot",
											"potato"
										],
										"grow_up": {
											"event": "minecraft:ageable_grow_up",
											"target": "self"
										}
									},
									"minecraft:behavior.follow_parent": {
										"priority": 6,
										"speed_multiplier": 1.1
									}
								}
							},
							{
								"key": "minecraft:pig_transform",
								"is_minified": true,
								"children": {
									"minecraft:transformation": {
										"into": "minecraft:pig_zombie",
										"delay": 0.5
									}
								}
							},
							{
								"key": "minecraft:pig_adult",
								"is_minified": true,
								"children": {
									"minecraft:experience_reward": {
										"on_bred": "Math.Random(1,7)",
										"on_death": "query.last_hit_by_player ? Math.Random(1,3) : 0"
									},
									"minecraft:loot": {
										"table": "loot_tables/entities/pig.json"
									},
									"minecraft:behavior.breed": {
										"priority": 4,
										"speed_multiplier": 1
									},
									"minecraft:breedable": {
										"require_tame": false,
										"breeds_with": {
											"mate_type": "minecraft:pig",
											"baby_type": "minecraft:pig",
											"breed_event": {
												"event": "minecraft:entity_born",
												"target": "baby"
											}
										},
										"breed_items": [
											"carrot",
											"beetroot",
											"potato"
										]
									}
								}
							},
							{
								"key": "minecraft:pig_unsaddled",
								"is_minified": true,
								"children": {
									"minecraft:interact": {
										"interactions": [
											{
												"on_interact": {
													"filters": {
														"test": "has_equipment",
														"subject": "other",
														"domain": "hand",
														"value": "saddle"
													},
													"event": "minecraft:on_saddled"
												},
												"use_item": true,
												"play_sounds": "saddle",
												"interact_text": "action.interact.saddle"
											}
										]
									},
									"minecraft:rideable": {
										"seat_count": 1,
										"family_types": [
											"zombie"
										],
										"seats": {
											"position": [
												0,
												0.63,
												0
											]
										}
									}
								}
							},
							{
								"key": "minecraft:pig_saddled",
								"is_minified": true,
								"children": {
									"minecraft:is_saddled": {},
									"minecraft:loot": {
										"table": "loot_tables/entities/pig_saddled.json"
									},
									"minecraft:boostable": {
										"speed_multiplier": 2,
										"duration": 3,
										"boost_items": [
											{
												"item": "carrotOnAStick",
												"damage": 2,
												"replace_item": "fishing_rod"
											}
										]
									},
									"minecraft:rideable": {
										"seat_count": 1,
										"interact_text": "action.interact.mount",
										"family_types": [
											"player"
										],
										"seats": {
											"position": [
												0,
												0.63,
												0
											]
										}
									},
									"minecraft:item_controllable": {
										"control_items": "carrotOnAStick"
									},
									"minecraft:behavior.controlled_by_player": {
										"priority": 0
									}
								}
							},
							{
								"key": "mobs:default",
								"children": [
									{
										"open": {
											"minecraft:skin_id": {
												"value": 0
											}
										},
										"key": "minecraft:skin_id",
										"is_minified": true,
										"children": {
											"value": 0
										}
									}
								]
							},
							{
								"key": "mobs:pink",
								"children": [
									{
										"open": {
											"minecraft:skin_id": {
												"value": 1
											}
										},
										"key": "minecraft:skin_id",
										"is_minified": true,
										"children": {
											"value": 1
										}
									}
								]
							}
						]
					},
					{
						"key": "components",
						"is_minified": true,
						"children": {
							"minecraft:damage_sensor": {
								"triggers": {
									"on_damage": {
										"filters": [
											{
												"test": "is_family",
												"subject": "other",
												"value": "lightning"
											},
											{
												"test": "is_difficulty",
												"operator": "!=",
												"value": "peaceful"
											}
										],
										"event": "become_zombie"
									},
									"deals_damage": false
								}
							},
							"minecraft:type_family": {
								"family": [
									"pig",
									"mob"
								]
							},
							"minecraft:breathable": {
								"total_supply": 15,
								"suffocate_time": 0
							},
							"minecraft:nameable": {},
							"minecraft:health": {
								"value": 10,
								"max": 10
							},
							"minecraft:hurt_on_condition": {
								"damage_conditions": [
									{
										"filters": {
											"test": "in_lava",
											"subject": "self",
											"operator": "==",
											"value": true
										},
										"cause": "lava",
										"damage_per_tick": 4
									}
								]
							},
							"minecraft:movement": {
								"value": 0.25
							},
							"minecraft:navigation.walk": {
								"can_path_over_water": true,
								"avoid_water": true,
								"avoid_damage_blocks": true
							},
							"minecraft:movement.basic": {},
							"minecraft:jump.static": {},
							"minecraft:can_climb": {},
							"minecraft:collision_box": {
								"width": 0.9,
								"height": 0.9
							},
							"minecraft:leashable": {
								"soft_distance": 4,
								"hard_distance": 6,
								"max_distance": 10
							},
							"minecraft:balloonable": {
								"mass": 0.75
							},
							"minecraft:despawn": {
								"despawn_from_distance": {}
							},
							"minecraft:behavior.mount_pathing": {
								"priority": 1,
								"speed_multiplier": 1.25,
								"target_dist": 0,
								"track_target": true
							},
							"minecraft:behavior.float": {
								"priority": 2
							},
							"minecraft:behavior.panic": {
								"priority": 3,
								"speed_multiplier": 1.25
							},
							"minecraft:behavior.tempt": {
								"priority": 5,
								"speed_multiplier": 1.2,
								"items": [
									"potato",
									"carrot",
									"beetroot",
									"carrotOnAStick"
								]
							},
							"minecraft:behavior.random_stroll": {
								"priority": 7,
								"speed_multiplier": 1
							},
							"minecraft:behavior.look_at_player": {
								"priority": 8,
								"look_distance": 6,
								"probability": 0.02
							},
							"minecraft:behavior.random_look_around": {
								"priority": 9
							},
							"minecraft:physics": {},
							"minecraft:pushable": {
								"is_pushable": true,
								"is_pushable_by_piston": true
							},
							"minecraft:conditional_bandwidth_optimization": {}
						}
					},
					{
						"open": {
							"description": {
								"identifier": "minecraft:pig",
								"is_spawnable": true,
								"is_summonable": true,
								"is_experimental": false
							},
							"component_groups": {
								"minecraft:pig_baby": {
									"minecraft:is_baby": {},
									"minecraft:scale": {
										"value": 0.5
									},
									"minecraft:ageable": {
										"duration": 1200,
										"feed_items": [
											"carrot",
											"beetroot",
											"potato"
										],
										"grow_up": {
											"event": "minecraft:ageable_grow_up",
											"target": "self"
										}
									},
									"minecraft:behavior.follow_parent": {
										"priority": 6,
										"speed_multiplier": 1.1
									}
								},
								"minecraft:pig_transform": {
									"minecraft:transformation": {
										"into": "minecraft:pig_zombie",
										"delay": 0.5
									}
								},
								"minecraft:pig_adult": {
									"minecraft:experience_reward": {
										"on_bred": "Math.Random(1,7)",
										"on_death": "query.last_hit_by_player ? Math.Random(1,3) : 0"
									},
									"minecraft:loot": {
										"table": "loot_tables/entities/pig.json"
									},
									"minecraft:behavior.breed": {
										"priority": 4,
										"speed_multiplier": 1
									},
									"minecraft:breedable": {
										"require_tame": false,
										"breeds_with": {
											"mate_type": "minecraft:pig",
											"baby_type": "minecraft:pig",
											"breed_event": {
												"event": "minecraft:entity_born",
												"target": "baby"
											}
										},
										"breed_items": [
											"carrot",
											"beetroot",
											"potato"
										]
									}
								},
								"minecraft:pig_unsaddled": {
									"minecraft:interact": {
										"interactions": [
											{
												"on_interact": {
													"filters": {
														"test": "has_equipment",
														"subject": "other",
														"domain": "hand",
														"value": "saddle"
													},
													"event": "minecraft:on_saddled"
												},
												"use_item": true,
												"play_sounds": "saddle",
												"interact_text": "action.interact.saddle"
											}
										]
									},
									"minecraft:rideable": {
										"seat_count": 1,
										"family_types": [
											"zombie"
										],
										"seats": {
											"position": [
												0,
												0.63,
												0
											]
										}
									}
								},
								"minecraft:pig_saddled": {
									"minecraft:is_saddled": {},
									"minecraft:loot": {
										"table": "loot_tables/entities/pig_saddled.json"
									},
									"minecraft:boostable": {
										"speed_multiplier": 2,
										"duration": 3,
										"boost_items": [
											{
												"item": "carrotOnAStick",
												"damage": 2,
												"replace_item": "fishing_rod"
											}
										]
									},
									"minecraft:rideable": {
										"seat_count": 1,
										"interact_text": "action.interact.mount",
										"family_types": [
											"player"
										],
										"seats": {
											"position": [
												0,
												0.63,
												0
											]
										}
									},
									"minecraft:item_controllable": {
										"control_items": "carrotOnAStick"
									},
									"minecraft:behavior.controlled_by_player": {
										"priority": 0
									}
								},
								"mobs:default": {
									"minecraft:skin_id": {
										"value": 0
									}
								},
								"mobs:pink": {
									"minecraft:skin_id": {
										"value": 1
									}
								}
							},
							"components": {
								"minecraft:damage_sensor": {
									"triggers": {
										"on_damage": {
											"filters": [
												{
													"test": "is_family",
													"subject": "other",
													"value": "lightning"
												},
												{
													"test": "is_difficulty",
													"operator": "!=",
													"value": "peaceful"
												}
											],
											"event": "become_zombie"
										},
										"deals_damage": false
									}
								},
								"minecraft:type_family": {
									"family": [
										"pig",
										"mob"
									]
								},
								"minecraft:breathable": {
									"total_supply": 15,
									"suffocate_time": 0
								},
								"minecraft:nameable": {},
								"minecraft:health": {
									"value": 10,
									"max": 10
								},
								"minecraft:hurt_on_condition": {
									"damage_conditions": [
										{
											"filters": {
												"test": "in_lava",
												"subject": "self",
												"operator": "==",
												"value": true
											},
											"cause": "lava",
											"damage_per_tick": 4
										}
									]
								},
								"minecraft:movement": {
									"value": 0.25
								},
								"minecraft:navigation.walk": {
									"can_path_over_water": true,
									"avoid_water": true,
									"avoid_damage_blocks": true
								},
								"minecraft:movement.basic": {},
								"minecraft:jump.static": {},
								"minecraft:can_climb": {},
								"minecraft:collision_box": {
									"width": 0.9,
									"height": 0.9
								},
								"minecraft:leashable": {
									"soft_distance": 4,
									"hard_distance": 6,
									"max_distance": 10
								},
								"minecraft:balloonable": {
									"mass": 0.75
								},
								"minecraft:despawn": {
									"despawn_from_distance": {}
								},
								"minecraft:behavior.mount_pathing": {
									"priority": 1,
									"speed_multiplier": 1.25,
									"target_dist": 0,
									"track_target": true
								},
								"minecraft:behavior.float": {
									"priority": 2
								},
								"minecraft:behavior.panic": {
									"priority": 3,
									"speed_multiplier": 1.25
								},
								"minecraft:behavior.tempt": {
									"priority": 5,
									"speed_multiplier": 1.2,
									"items": [
										"potato",
										"carrot",
										"beetroot",
										"carrotOnAStick"
									]
								},
								"minecraft:behavior.random_stroll": {
									"priority": 7,
									"speed_multiplier": 1
								},
								"minecraft:behavior.look_at_player": {
									"priority": 8,
									"look_distance": 6,
									"probability": 0.02
								},
								"minecraft:behavior.random_look_around": {
									"priority": 9
								},
								"minecraft:physics": {},
								"minecraft:pushable": {
									"is_pushable": true,
									"is_pushable_by_piston": true
								},
								"minecraft:conditional_bandwidth_optimization": {}
							},
							"events": {
								"become_zombie": {
									"remove": {},
									"add": {
										"component_groups": [
											"minecraft:pig_transform"
										]
									}
								},
								"minecraft:entity_spawned": {
									"randomize": [
										{
											"weight": 95,
											"randomize": [
												{
													"weight": 50,
													"remove": {},
													"add": {
														"component_groups": [
															"minecraft:pig_adult",
															"minecraft:pig_unsaddled",
															"mobs:default"
														]
													}
												},
												{
													"weight": 50,
													"remove": {},
													"add": {
														"component_groups": [
															"minecraft:pig_adult",
															"minecraft:pig_unsaddled",
															"mobs:pink"
														]
													}
												}
											]
										},
										{
											"weight": 5,
											"randomize": [
												{
													"weight": 50,
													"remove": {},
													"add": {
														"component_groups": [
															"minecraft:pig_baby",
															"mobs:default"
														]
													}
												},
												{
													"weight": 50,
													"remove": {},
													"add": {
														"component_groups": [
															"minecraft:pig_baby",
															"mobs:pink"
														]
													}
												}
											]
										}
									]
								},
								"minecraft:entity_born": {
									"randomize": [
										{
											"weight": 50,
											"remove": {},
											"add": {
												"component_groups": [
													"minecraft:pig_baby",
													"mobs:default"
												]
											}
										},
										{
											"weight": 50,
											"remove": {},
											"add": {
												"component_groups": [
													"minecraft:pig_baby",
													"mobs:pink"
												]
											}
										}
									]
								},
								"minecraft:ageable_grow_up": {
									"remove": {
										"component_groups": [
											"minecraft:pig_baby"
										]
									},
									"add": {
										"component_groups": [
											"minecraft:pig_adult",
											"minecraft:pig_unsaddled"
										]
									}
								},
								"minecraft:on_saddled": {
									"remove": {
										"component_groups": [
											"minecraft:pig_unsaddled"
										]
									},
									"add": {
										"component_groups": [
											"minecraft:pig_saddled"
										]
									}
								}
							}
						},
						"key": "events",
						"children": [
							{
								"key": "become_zombie",
								"is_minified": true,
								"children": {
									"remove": {},
									"add": {
										"component_groups": [
											"minecraft:pig_transform"
										]
									}
								}
							},
							{
								"open": {
									"become_zombie": {
										"remove": {},
										"add": {
											"component_groups": [
												"minecraft:pig_transform"
											]
										}
									},
									"minecraft:entity_spawned": {
										"randomize": [
											{
												"weight": 95,
												"randomize": [
													{
														"weight": 50,
														"remove": {},
														"add": {
															"component_groups": [
																"minecraft:pig_adult",
																"minecraft:pig_unsaddled",
																"mobs:default"
															]
														}
													},
													{
														"weight": 50,
														"remove": {},
														"add": {
															"component_groups": [
																"minecraft:pig_adult",
																"minecraft:pig_unsaddled",
																"mobs:pink"
															]
														}
													}
												]
											},
											{
												"weight": 5,
												"randomize": [
													{
														"weight": 50,
														"remove": {},
														"add": {
															"component_groups": [
																"minecraft:pig_baby",
																"mobs:default"
															]
														}
													},
													{
														"weight": 50,
														"remove": {},
														"add": {
															"component_groups": [
																"minecraft:pig_baby",
																"mobs:pink"
															]
														}
													}
												]
											}
										]
									},
									"minecraft:entity_born": {
										"randomize": [
											{
												"weight": 50,
												"remove": {},
												"add": {
													"component_groups": [
														"minecraft:pig_baby",
														"mobs:default"
													]
												}
											},
											{
												"weight": 50,
												"remove": {},
												"add": {
													"component_groups": [
														"minecraft:pig_baby",
														"mobs:pink"
													]
												}
											}
										]
									},
									"minecraft:ageable_grow_up": {
										"remove": {
											"component_groups": [
												"minecraft:pig_baby"
											]
										},
										"add": {
											"component_groups": [
												"minecraft:pig_adult",
												"minecraft:pig_unsaddled"
											]
										}
									},
									"minecraft:on_saddled": {
										"remove": {
											"component_groups": [
												"minecraft:pig_unsaddled"
											]
										},
										"add": {
											"component_groups": [
												"minecraft:pig_saddled"
											]
										}
									}
								},
								"key": "minecraft:entity_spawned",
								"children": [
									{
										"open": {
											"randomize": [
												{
													"weight": 95,
													"randomize": [
														{
															"weight": 50,
															"remove": {},
															"add": {
																"component_groups": [
																	"minecraft:pig_adult",
																	"minecraft:pig_unsaddled",
																	"mobs:default"
																]
															}
														},
														{
															"weight": 50,
															"remove": {},
															"add": {
																"component_groups": [
																	"minecraft:pig_adult",
																	"minecraft:pig_unsaddled",
																	"mobs:pink"
																]
															}
														}
													]
												},
												{
													"weight": 5,
													"randomize": [
														{
															"weight": 50,
															"remove": {},
															"add": {
																"component_groups": [
																	"minecraft:pig_baby",
																	"mobs:default"
																]
															}
														},
														{
															"weight": 50,
															"remove": {},
															"add": {
																"component_groups": [
																	"minecraft:pig_baby",
																	"mobs:pink"
																]
															}
														}
													]
												}
											]
										},
										"key": "randomize",
										"children": [
											{
												"open": [
													{
														"weight": 95,
														"randomize": [
															{
																"weight": 50,
																"remove": {},
																"add": {
																	"component_groups": [
																		"minecraft:pig_adult",
																		"minecraft:pig_unsaddled",
																		"mobs:default"
																	]
																}
															},
															{
																"weight": 50,
																"remove": {},
																"add": {
																	"component_groups": [
																		"minecraft:pig_adult",
																		"minecraft:pig_unsaddled",
																		"mobs:pink"
																	]
																}
															}
														]
													},
													{
														"weight": 5,
														"randomize": [
															{
																"weight": 50,
																"remove": {},
																"add": {
																	"component_groups": [
																		"minecraft:pig_baby",
																		"mobs:default"
																	]
																}
															},
															{
																"weight": 50,
																"remove": {},
																"add": {
																	"component_groups": [
																		"minecraft:pig_baby",
																		"mobs:pink"
																	]
																}
															}
														]
													}
												],
												"children": [
													{
														"data": "95",
														"key": "weight"
													},
													{
														"open": {
															"weight": 95,
															"randomize": [
																{
																	"weight": 50,
																	"remove": {},
																	"add": {
																		"component_groups": [
																			"minecraft:pig_adult",
																			"minecraft:pig_unsaddled",
																			"mobs:default"
																		]
																	}
																},
																{
																	"weight": 50,
																	"remove": {},
																	"add": {
																		"component_groups": [
																			"minecraft:pig_adult",
																			"minecraft:pig_unsaddled",
																			"mobs:pink"
																		]
																	}
																}
															]
														},
														"key": "randomize",
														"children": [
															{
																"open": [
																	{
																		"weight": 50,
																		"remove": {},
																		"add": {
																			"component_groups": [
																				"minecraft:pig_adult",
																				"minecraft:pig_unsaddled",
																				"mobs:default"
																			]
																		}
																	},
																	{
																		"weight": 50,
																		"remove": {},
																		"add": {
																			"component_groups": [
																				"minecraft:pig_adult",
																				"minecraft:pig_unsaddled",
																				"mobs:pink"
																			]
																		}
																	}
																],
																"children": [
																	{
																		"data": "50",
																		"key": "weight"
																	},
																	{
																		"key": "remove",
																		"is_minified": true,
																		"children": {}
																	},
																	{
																		"open": {
																			"weight": 50,
																			"remove": {},
																			"add": {
																				"component_groups": [
																					"minecraft:pig_adult",
																					"minecraft:pig_unsaddled",
																					"mobs:default"
																				]
																			}
																		},
																		"key": "add",
																		"children": [
																			{
																				"open": {
																					"component_groups": [
																						"minecraft:pig_adult",
																						"minecraft:pig_unsaddled",
																						"mobs:default"
																					]
																				},
																				"key": "component_groups",
																				"is_minified": true,
																				"children": [
																					"minecraft:pig_adult",
																					"minecraft:pig_unsaddled",
																					"mobs:default"
																				]
																			}
																		]
																	}
																]
															},
															{
																"open": [
																	{
																		"weight": 50,
																		"remove": {},
																		"add": {
																			"component_groups": [
																				"minecraft:pig_adult",
																				"minecraft:pig_unsaddled",
																				"mobs:default"
																			]
																		}
																	},
																	{
																		"weight": 50,
																		"remove": {},
																		"add": {
																			"component_groups": [
																				"minecraft:pig_adult",
																				"minecraft:pig_unsaddled",
																				"mobs:pink"
																			]
																		}
																	}
																],
																"children": [
																	{
																		"data": "50",
																		"key": "weight"
																	},
																	{
																		"key": "remove",
																		"is_minified": true,
																		"children": {}
																	},
																	{
																		"open": {
																			"weight": 50,
																			"remove": {},
																			"add": {
																				"component_groups": [
																					"minecraft:pig_adult",
																					"minecraft:pig_unsaddled",
																					"mobs:pink"
																				]
																			}
																		},
																		"key": "add",
																		"children": [
																			{
																				"open": {
																					"component_groups": [
																						"minecraft:pig_adult",
																						"minecraft:pig_unsaddled",
																						"mobs:pink"
																					]
																				},
																				"key": "component_groups",
																				"is_minified": true,
																				"children": [
																					"minecraft:pig_adult",
																					"minecraft:pig_unsaddled",
																					"mobs:pink"
																				]
																			}
																		]
																	}
																]
															}
														]
													}
												]
											},
											{
												"open": [
													{
														"weight": 95,
														"randomize": [
															{
																"weight": 50,
																"remove": {},
																"add": {
																	"component_groups": [
																		"minecraft:pig_adult",
																		"minecraft:pig_unsaddled",
																		"mobs:default"
																	]
																}
															},
															{
																"weight": 50,
																"remove": {},
																"add": {
																	"component_groups": [
																		"minecraft:pig_adult",
																		"minecraft:pig_unsaddled",
																		"mobs:pink"
																	]
																}
															}
														]
													},
													{
														"weight": 5,
														"randomize": [
															{
																"weight": 50,
																"remove": {},
																"add": {
																	"component_groups": [
																		"minecraft:pig_baby",
																		"mobs:default"
																	]
																}
															},
															{
																"weight": 50,
																"remove": {},
																"add": {
																	"component_groups": [
																		"minecraft:pig_baby",
																		"mobs:pink"
																	]
																}
															}
														]
													}
												],
												"children": [
													{
														"data": "5",
														"key": "weight"
													},
													{
														"open": {
															"weight": 5,
															"randomize": [
																{
																	"weight": 50,
																	"remove": {},
																	"add": {
																		"component_groups": [
																			"minecraft:pig_baby",
																			"mobs:default"
																		]
																	}
																},
																{
																	"weight": 50,
																	"remove": {},
																	"add": {
																		"component_groups": [
																			"minecraft:pig_baby",
																			"mobs:pink"
																		]
																	}
																}
															]
														},
														"key": "randomize",
														"children": [
															{
																"open": [
																	{
																		"weight": 50,
																		"remove": {},
																		"add": {
																			"component_groups": [
																				"minecraft:pig_baby",
																				"mobs:default"
																			]
																		}
																	},
																	{
																		"weight": 50,
																		"remove": {},
																		"add": {
																			"component_groups": [
																				"minecraft:pig_baby",
																				"mobs:pink"
																			]
																		}
																	}
																],
																"children": [
																	{
																		"data": "50",
																		"key": "weight"
																	},
																	{
																		"key": "remove",
																		"is_minified": true,
																		"children": {}
																	},
																	{
																		"open": {
																			"weight": 50,
																			"remove": {},
																			"add": {
																				"component_groups": [
																					"minecraft:pig_baby",
																					"mobs:default"
																				]
																			}
																		},
																		"key": "add",
																		"children": [
																			{
																				"open": {
																					"component_groups": [
																						"minecraft:pig_baby",
																						"mobs:default"
																					]
																				},
																				"key": "component_groups",
																				"is_minified": true,
																				"children": [
																					"minecraft:pig_baby",
																					"mobs:default"
																				]
																			}
																		]
																	}
																]
															},
															{
																"open": [
																	{
																		"weight": 50,
																		"remove": {},
																		"add": {
																			"component_groups": [
																				"minecraft:pig_baby",
																				"mobs:default"
																			]
																		}
																	},
																	{
																		"weight": 50,
																		"remove": {},
																		"add": {
																			"component_groups": [
																				"minecraft:pig_baby",
																				"mobs:pink"
																			]
																		}
																	}
																],
																"children": [
																	{
																		"data": "50",
																		"key": "weight"
																	},
																	{
																		"key": "remove",
																		"is_minified": true,
																		"children": {}
																	},
																	{
																		"open": {
																			"weight": 50,
																			"remove": {},
																			"add": {
																				"component_groups": [
																					"minecraft:pig_baby",
																					"mobs:pink"
																				]
																			}
																		},
																		"key": "add",
																		"children": [
																			{
																				"open": {
																					"component_groups": [
																						"minecraft:pig_baby",
																						"mobs:pink"
																					]
																				},
																				"key": "component_groups",
																				"is_minified": true,
																				"children": [
																					"minecraft:pig_baby",
																					"mobs:pink"
																				]
																			}
																		]
																	}
																]
															}
														]
													}
												]
											}
										]
									}
								]
							},
							{
								"open": {
									"become_zombie": {
										"remove": {},
										"add": {
											"component_groups": [
												"minecraft:pig_transform"
											]
										}
									},
									"minecraft:entity_spawned": {
										"randomize": [
											{
												"weight": 95,
												"randomize": [
													{
														"weight": 50,
														"remove": {},
														"add": {
															"component_groups": [
																"minecraft:pig_adult",
																"minecraft:pig_unsaddled",
																"mobs:default"
															]
														}
													},
													{
														"weight": 50,
														"remove": {},
														"add": {
															"component_groups": [
																"minecraft:pig_adult",
																"minecraft:pig_unsaddled",
																"mobs:pink"
															]
														}
													}
												]
											},
											{
												"weight": 5,
												"randomize": [
													{
														"weight": 50,
														"remove": {},
														"add": {
															"component_groups": [
																"minecraft:pig_baby",
																"mobs:default"
															]
														}
													},
													{
														"weight": 50,
														"remove": {},
														"add": {
															"component_groups": [
																"minecraft:pig_baby",
																"mobs:pink"
															]
														}
													}
												]
											}
										]
									},
									"minecraft:entity_born": {
										"randomize": [
											{
												"weight": 50,
												"remove": {},
												"add": {
													"component_groups": [
														"minecraft:pig_baby",
														"mobs:default"
													]
												}
											},
											{
												"weight": 50,
												"remove": {},
												"add": {
													"component_groups": [
														"minecraft:pig_baby",
														"mobs:pink"
													]
												}
											}
										]
									},
									"minecraft:ageable_grow_up": {
										"remove": {
											"component_groups": [
												"minecraft:pig_baby"
											]
										},
										"add": {
											"component_groups": [
												"minecraft:pig_adult",
												"minecraft:pig_unsaddled"
											]
										}
									},
									"minecraft:on_saddled": {
										"remove": {
											"component_groups": [
												"minecraft:pig_unsaddled"
											]
										},
										"add": {
											"component_groups": [
												"minecraft:pig_saddled"
											]
										}
									}
								},
								"key": "minecraft:entity_born",
								"children": [
									{
										"open": {
											"randomize": [
												{
													"weight": 50,
													"remove": {},
													"add": {
														"component_groups": [
															"minecraft:pig_baby",
															"mobs:default"
														]
													}
												},
												{
													"weight": 50,
													"remove": {},
													"add": {
														"component_groups": [
															"minecraft:pig_baby",
															"mobs:pink"
														]
													}
												}
											]
										},
										"key": "randomize",
										"children": [
											{
												"open": [
													{
														"weight": 50,
														"remove": {},
														"add": {
															"component_groups": [
																"minecraft:pig_baby",
																"mobs:default"
															]
														}
													},
													{
														"weight": 50,
														"remove": {},
														"add": {
															"component_groups": [
																"minecraft:pig_baby",
																"mobs:pink"
															]
														}
													}
												],
												"children": [
													{
														"data": "50",
														"key": "weight"
													},
													{
														"open": {
															"weight": 50,
															"remove": {},
															"add": {
																"component_groups": [
																	"minecraft:pig_baby",
																	"mobs:default"
																]
															}
														},
														"key": "remove",
														"is_minified": true,
														"children": {}
													},
													{
														"open": {
															"weight": 50,
															"remove": {},
															"add": {
																"component_groups": [
																	"minecraft:pig_baby",
																	"mobs:default"
																]
															}
														},
														"key": "add",
														"children": [
															{
																"open": {
																	"component_groups": [
																		"minecraft:pig_baby",
																		"mobs:default"
																	]
																},
																"key": "component_groups",
																"is_minified": true,
																"children": [
																	"minecraft:pig_baby",
																	"mobs:default"
																]
															}
														]
													}
												]
											},
											{
												"open": [
													{
														"weight": 50,
														"remove": {},
														"add": {
															"component_groups": [
																"minecraft:pig_baby",
																"mobs:default"
															]
														}
													},
													{
														"weight": 50,
														"remove": {},
														"add": {
															"component_groups": [
																"minecraft:pig_baby",
																"mobs:pink"
															]
														}
													}
												],
												"children": [
													{
														"data": "50",
														"key": "weight"
													},
													{
														"open": {
															"weight": 50,
															"remove": {},
															"add": {
																"component_groups": [
																	"minecraft:pig_baby",
																	"mobs:pink"
																]
															}
														},
														"key": "remove",
														"is_minified": true,
														"children": {}
													},
													{
														"open": {
															"weight": 50,
															"remove": {},
															"add": {
																"component_groups": [
																	"minecraft:pig_baby",
																	"mobs:pink"
																]
															}
														},
														"key": "add",
														"children": [
															{
																"open": {
																	"component_groups": [
																		"minecraft:pig_baby",
																		"mobs:pink"
																	]
																},
																"key": "component_groups",
																"is_minified": true,
																"children": [
																	"minecraft:pig_baby",
																	"mobs:pink"
																]
															}
														]
													}
												]
											}
										]
									}
								]
							},
							{
								"key": "minecraft:ageable_grow_up",
								"is_minified": true,
								"children": {
									"remove": {
										"component_groups": [
											"minecraft:pig_baby"
										]
									},
									"add": {
										"component_groups": [
											"minecraft:pig_adult",
											"minecraft:pig_unsaddled"
										]
									}
								}
							},
							{
								"key": "minecraft:on_saddled",
								"is_minified": true,
								"children": {
									"remove": {
										"component_groups": [
											"minecraft:pig_unsaddled"
										]
									},
									"add": {
										"component_groups": [
											"minecraft:pig_saddled"
										]
									}
								}
							}
						]
					}
				]
			}
		]
	}
}