{
  "format_version": "1.10.0",
  "minecraft:client_entity": {
    "description": {
      "identifier": "serp:fume_spore",
      "textures": {
    "default": "empty"
      },
      "geometry": {
    "default": "geometry.empty"
      },
      "render_controllers": [ "controller.render.default" ],
      "animations": {
    "particle": "controller.animation.serp_particle"
      },
      "particle_effects": {
        "particle": "serp:fume"
      },
      "scripts": {
        "animate": ["particle"]
      }
    }
  }
} 