{
	"format_version": "1.8.0",
	"animations": {
		"animation.bigbeetle.fly": {
			"animation_length": 1000,
			"bones": {
				"left_elitra": {
					"rotation": {
						"0.0": [0, 0, 0],
						"0.0833": [20, 15, 0],
						"0.2": [40, 25, 0]
					}
				},
				"right_elitra": {
					"rotation": {
						"0.0": [0, 0, 0],
						"0.0833": [20, -15, 0],
						"0.2": [40, -25, 0]
					}
				},
				"left_wings": {
					"rotation": {
						"0.0": [0, 0, 0],
						"0.1167": [-20, 0, 0],
						"0.2": [-40, 0, 0],
						"0.2833": ["-30-Math.cos(query.anim_time*5000)*10", 0, 0]
					}
				},
				"right_wings": {
					"rotation": {
						"0.0": [0, 0, 0],
						"0.1167": [-20, 0, 0],
						"0.2": [-40, 0, 0],
						"0.2833": ["-30-Math.cos(query.anim_time*5000)*10", 0, 0]
					}
				},
				"body": {
					"rotation": {
						"0.0": [0, 0, 0],
						"0.2333": [-20, 0, 0]
					},
					"position": {
						"0.0": [0, 0, 0],
						"0.2333": [0, "3-Math.cos(query.anim_time*400)*2", 0]
					}
				},
				"head": {
					"rotation": {
						"0.0": [0, 0, 0],
						"0.2333": [10, 0, 0]
					}
				}
			}
		},
		"animation.bigbeetle.bite": {
			"animation_length": 0.33333,
			"bones": {
				"right_mandible": {
					"rotation": {
						"0.0": [0, 0, 0],
						"0.2917": [0, -30, 0]
					}
				},
				"left_mandible": {
					"rotation": {
						"0.0": [0, 0, 0],
						"0.2917": [0, 30, 0]
					}
				}
			}
		},
		"animation.bigbeetle.walk": {
			"loop": true,
			"bones": {
				"leg0": {
					"rotation": [0, "-math.abs(math.cos(query.anim_time * 76.34 + 90 * 0) * 22.92)", "math.abs(math.sin(query.anim_time * 138.17 + 90 * 0) * 22.92)"]
				},
				"leg1": {
					"rotation": [0, "math.abs(math.cos(query.anim_time * 76.34 + 90 * 0) * 22.92)", "-math.abs(math.sin(query.anim_time * 138.17 + 90 * 0) * 22.92)"]
				},
				"leg2": {
					"rotation": [0, "-math.abs(math.cos(query.anim_time * 76.34 + 90 * 1) * 22.92)", "math.abs(math.sin(query.anim_time * 138.17 + 90 * 1) * 22.92)"]
				},
				"leg3": {
					"rotation": [0, "math.abs(math.cos(query.anim_time * 76.34 + 90 * 1) * 22.92)", "-math.abs(math.sin(query.anim_time * 138.17 + 90 * 1) * 22.92)"]
				},
				"leg4": {
					"rotation": [0, "-math.abs(math.cos(query.anim_time * 76.34 + 90 * 0) * 22.92)", "math.abs(math.sin(query.anim_time * 138.17 + 90 * 0) * 22.92)"]
				},
				"leg5": {
					"rotation": [0, "math.abs(math.cos(query.anim_time * 76.34 + 90 * 0) * 22.92)", "-math.abs(math.sin(query.anim_time * 138.17 + 90 * 0) * 22.92)"]
				}
			}
		}
	}
}