{
	"format_version": "1.8.0",
	"animations": {
		"animation.chouris.static": {
			"loop": true,
			"animation_length": 2.0833,
			"bones": {
				"body": {
					"position": {
						"0.0": [0, 0, 0],
						"0.3167": [0, -6.5, 0],
						"0.5667": [0, -5.5, 0],
						"0.8": [0, -5.5, 0],
						"0.9667": [0, -17.5, 0],
						"1.1167": [0, -10.29, 0],
						"1.3667": [0, 0, 0],
						"1.6": [0, 2, 0],
						"1.8333": [0, 2, 0],
						"2.0833": [0, 0, 0]
					},
					"scale": {
						"0.2833": [1, 1, 1],
						"0.3167": [1, 1, 1],
						"0.6833": [1.2, 0.8, 1.2],
						"0.8": [1.2, 0.8, 1.2],
						"0.9667": [0.6, 1.5, 0.6],
						"1.1167": [0.6, 1.5, 0.6],
						"1.3667": [1, 1, 1]
					}
				},
				"bubble2": {
					"position": {
						"0.0": [0, 0, 0],
						"0.3167": [0, -6.5, 0],
						"0.5667": [0, -5.5, 0],
						"0.8": [0, -5.5, 0],
						"0.9667": [0, -17.5, 0],
						"1.1167": [0, -10.29, 0],
						"1.3667": [0, 0, 0],
						"1.6": [0, 2, 0],
						"1.8333": [0, 2, 0],
						"2.0833": [0, 0, 0]
					},
					"scale": {
						"0.2833": [1, 1, 1],
						"0.3167": [1, 1, 1],
						"0.6833": [1.2, 0.8, 1.2],
						"0.8": [1.2, 0.8, 1.2],
						"0.9667": [0.6, 1.5, 0.6],
						"1.1167": [0.6, 1.5, 0.6],
						"1.3667": [1, 1, 1]
					}
				},
				"s1": {
					"rotation": {
						"0.8": [0, 0, 0],
						"0.9667": [-20, 0, 0],
						"1.2833": [-20, 0, 0],
						"1.6": [0, 0, 0]
					},
					"position": {
						"0.0": [0, 0, 0],
						"0.3167": [0, -6.5, 0],
						"0.6": [0, -5.5, 0],
						"0.8": [0, -5.5, 0],
						"0.9667": [0, -17, 0],
						"1.1167": [0, -10, 0],
						"1.3667": [0, 0, 0],
						"1.6": [0, 2, 0],
						"1.8333": [0, 2, 0],
						"2.0833": [0, 0, 0]
					}
				},
				"s2": {
					"rotation": {
						"0.8": [0, 0, 0],
						"0.9667": [-20, 0, 0],
						"1.2833": [-20, 0, 0],
						"1.6": [0, 0, 0]
					},
					"position": {
						"0.0": [0, 0, 0],
						"0.3167": [0, -6.5, 0],
						"0.6": [0, -5.5, 0],
						"0.8": [0, -5.5, 0],
						"0.9667": [0, -17, 0],
						"1.1167": [0, -10, 0],
						"1.3667": [0, 0, 0],
						"1.6": [0, 2, 0],
						"1.8333": [0, 2, 0],
						"2.0833": [0, 0, 0]
					}
				},
				"s3": {
					"rotation": {
						"0.8": [0, 0, 0],
						"0.9667": [20, 0, 0],
						"1.2833": [20, 0, 0],
						"1.6": [0, 0, 0]
					},
					"position": {
						"0.0": [0, 0, 0],
						"0.3167": [0, -6.5, 0],
						"0.6": [0, -5.5, 0],
						"0.8": [0, -5.5, 0],
						"0.9667": [0, -17, 0],
						"1.1167": [0, -10, 0],
						"1.3667": [0, 0, 0],
						"1.6": [0, 2, 0],
						"1.8333": [0, 2, 0],
						"2.0833": [0, 0, 0]
					}
				},
				"s4": {
					"rotation": {
						"0.8": [0, 0, 0],
						"0.9667": [20, 0, 0],
						"1.2833": [20, 0, 0],
						"1.6": [0, 0, 0]
					},
					"position": {
						"0.0": [0, 0, 0],
						"0.3167": [0, -6.5, 0],
						"0.6": [0, -5.5, 0],
						"0.8": [0, -5.5, 0],
						"0.9667": [0, -17, 0],
						"1.1167": [0, -10, 0],
						"1.3667": [0, 0, 0],
						"1.6": [0, 2, 0],
						"1.8333": [0, 2, 0],
						"2.0833": [0, 0, 0]
					}
				}
			},
			"sound_effects": {
				"0.9667": {
					"effect": "puff_sound"
				}
			},
			"particle_effects": {
				"0.9667": {
					"effect": "particle_idle",
					"locator": "particle_idle"
				}
			}
		},
		"animation.chouris.death": {
			"loop": true,
			"animation_length": 4,
			"bones": {
				"body": {
					"position": {
						"0.0": [0, 0, 0],
						"0.2083": [0, -10.5, 0],
						"0.25": [0, -700, 0]
					},
					"scale": {
						"0.0": [1, 1, 1],
						"0.2083": [1.6, 1.6, 1.6],
						"0.25": [0, 0, 0]
					}
				},
				"bubble2": {
					"position": {
						"0.0": [0, 0, 0],
						"0.2083": [0, -10.5, 0],
						"0.25": [0, -700, 0]
					},
					"scale": {
						"0.0": [1, 1, 1],
						"0.2083": [1.6, 1.6, 1.6],
						"0.25": [0, 0, 0]
					}
				},
				"s1": {
					"position": {
						"0.0": [0, 0, 0],
						"0.2083": [0, -9.5, 0],
						"0.25": [0, -700, 0]
					}
				},
				"s2": {
					"position": {
						"0.0": [0, 0, 0],
						"0.2083": [0, -9.5, 0],
						"0.25": [0, -700, 0]
					}
				},
				"s3": {
					"position": {
						"0.0": [0, 0, 0],
						"0.2083": [0, -9.5, 0],
						"0.25": [0, -700, 0]
					}
				},
				"s4": {
					"position": {
						"0.0": [0, 0, 0],
						"0.2083": [0, -9.5, 0],
						"0.25": [0, -700, 0]
					}
				}
			},
			"particle_effects": {
				"0.2083": {
					"effect": "particle_death",
					"locator": "particle_death"
				}
			}
		}
	}
}