{
	"format_version": "1.8.0",
	"animations": {
		"animation.ficre.living": {
			"loop": true,
			"animation_length": 0.36,
			"bones": {
				"bone": {
					"rotation": {
						"0.0": [0, 0, 0],
						"0.0833": [0, 10, 10],
						"0.1667": [0, 0, 0],
						"0.2333": [0, -10, -10],
						"0.3167": [0, 0, 0]
					}
				}
			}
		},
		"animation.ficre.walk": {
			"loop": true,
			"animation_length": 0.28,
			"bones": {
				"legr": {
					"rotation": {
						"0.0": [0, 0, 0],
						"0.0833": [-10, 0, 0],
						"0.1667": [10, 0, 0]
					}
				},
				"legl": {
					"rotation": {
						"0.0": [0, 0, 0],
						"0.0833": [10, 0, 0],
						"0.1667": [-10, 0, 0]
					}
				}
			}
		},
		"animation.ficre.jump": {
			"loop": true,
			"animation_length": 0.24,
			"bones": {
				"bone": {
					"rotation": {
						"0.0": [0, 0, 0],
						"0.1667": [0, 0, 0]
					},
					"position": {
						"0.0": [0, 0, -1],
						"0.1667": [0, 2, -2]
					}
				},
				"legr": {
					"rotation": {
						"0.0": [0, 0, 0],
						"0.0833": [10, 0, 0]
					},
					"position": {
						"0.0": [0, 0, -1],
						"0.1667": [0, 2, -2]
					}
				},
				"legl": {
					"rotation": {
						"0.0": [0, 0, 0],
						"0.0833": [10, 0, 0]
					},
					"position": {
						"0.0": [0, 0, -1],
						"0.1667": [0, 2, -2]
					}
				}
			}
		}
	}
}