{
	"format_version": "1.8.0",
	"animations": {
		"animation.hyena.baby": {
			"loop": true,
			"bones": {
				"head": {
					"scale": 1.4
				},
				"neck": {
					"scale": 1.4
				}
			}
		},
		"animation.hyena.sit": {
			"loop": true,
			"bones": {
				"head": {
					"position": [0, -1, 0]
				},
				"neck": {
					"position": [0, -1, 0]
				},
				"body": {
					"rotation": [-25, 0, 0],
					"position": [0, -3, -1]
				},
				"upperBody": {
					"rotation": [-15, 0, 0],
					"position": [0, -1, 0]
				},
				"leg0": {
					"rotation": [-90, 0, 0],
					"position": [0, -7, -1]
				},
				"leg1": {
					"rotation": [-90, 0, 0],
					"position": [0, -7, -1]
				},
				"tail": {
					"position": [0, -7, -1]
				},
				"fur": {
					"rotation": [-17.5, 0, 0],
					"position": [0, -3, -0.5]
				}
			}
		},
		"animation.hyena.base": {
			"loop": true
		},
		"animation.hyena.walk": {
			"loop": true,
			"bones": {
				"leg0": {
					"rotation": ["math.cos(query.anim_time * 200) * -20.0", 0, 0]
				},
				"leg1": {
					"rotation": ["math.cos(query.anim_time * 200) * 20.0", 0, 0]
				},
				"leg2": {
					"rotation": ["math.cos(query.anim_time * 200) * -20.0", 0, 0]
				},
				"leg3": {
					"rotation": ["math.cos(query.anim_time * 200) * 20.0", 0, 0]
				},
				"tail": {
					"rotation": [0, "math.cos(query.anim_time * 200) * 20.0", 0]
				}
			}
		},
		"animation.hyena.shake": {
			"loop": true,
			"bones": {
				"head": {
					"rotation": [0, 0, "math.cos(query.anim_time * 600) * -9.0"]
				},
				"body": {
					"rotation": [0, 0, "math.cos(query.anim_time * 600) * -9.0"]
				},
				"upperBody": {
					"rotation": [0, 0, "math.cos(query.anim_time * 600) * 9.0"]
				}
			}
		}
	}
}