{
	"format_version": "1.8.0",
	"animations": {
		"animation.illusionist.general": {
			"loop": true,
			"animation_length": 29.37,
			"bones": {
				"arms": {
					"rotation": ["-42.97 - this", "- this", "- this"],
					"position": [0, "-3- this", "-1.0 - this"],
					"scale": 1
				},
				"leftArm": {
					"scale": 0
				},
				"rightArm": {
					"scale": 0
				},
				"rightItem": {
					"scale": 1
				},
				"rightItem2": {
					"scale": 1
				},
				"rightItem3": {
					"scale": 1
				},
				"rightItem4": {
					"scale": 1
				},
				"rightItem5": {
					"scale": 1
				},
				"arms2": {
					"rotation": ["-42.97 - this", "- this", "- this"],
					"position": [0, "-3- this", "-1.0 - this"],
					"scale": 1
				},
				"rightArm2": {
					"scale": 0
				},
				"leftArm2": {
					"scale": 0
				},
				"arms3": {
					"rotation": ["-42.97 - this", "- this", "- this"],
					"position": [0, "-3- this", "-1.0 - this"],
					"scale": 1
				},
				"rightArm3": {
					"scale": 0
				},
				"leftArm3": {
					"scale": 0
				},
				"arms4": {
					"rotation": ["-42.97 - this", "- this", "- this"],
					"position": [0, "-3- this", "-1.0 - this"],
					"scale": 1
				},
				"rightArm4": {
					"scale": 0
				},
				"leftArm4": {
					"scale": 0
				},
				"arms5": {
					"rotation": ["-42.97 - this", "- this", "- this"],
					"position": [0, "-3- this", "-1.0 - this"],
					"scale": 1
				},
				"rightArm5": {
					"scale": 0
				},
				"leftArm5": {
					"scale": 0
				}
			}
		},
		"animation.illusionist.invisible": {
			"loop": true,
			"bones": {
				"arms": {
					"rotation": ["-42.97 - this", "- this", "- this"],
					"position": [0, "-3- this", "-1.0 - this"],
					"scale": 1
				},
				"leftArm": {
					"scale": 0
				},
				"rightArm": {
					"scale": 0
				},
				"rightItem": {
					"scale": 0
				},
				"rightItem2": {
					"scale": 0
				},
				"rightItem3": {
					"scale": 0
				},
				"rightItem4": {
					"scale": 0
				},
				"rightItem5": {
					"scale": 0
				},
				"arms2": {
					"rotation": ["-42.97 - this", "- this", "- this"],
					"position": [0, "-3- this", "-1.0 - this"],
					"scale": 1
				},
				"rightArm2": {
					"scale": 0
				},
				"leftArm2": {
					"scale": 0
				},
				"arms3": {
					"rotation": ["-42.97 - this", "- this", "- this"],
					"position": [0, "-3- this", "-1.0 - this"],
					"scale": 1
				},
				"rightArm3": {
					"scale": 0
				},
				"leftArm3": {
					"scale": 0
				},
				"arms4": {
					"rotation": ["-42.97 - this", "- this", "- this"],
					"position": [0, "-3- this", "-1.0 - this"],
					"scale": 1
				},
				"rightArm4": {
					"scale": 0
				},
				"leftArm4": {
					"scale": 0
				},
				"arms5": {
					"rotation": ["-42.97 - this", "- this", "- this"],
					"position": [0, "-3- this", "-1.0 - this"],
					"scale": 1
				},
				"rightArm5": {
					"scale": 0
				},
				"leftArm5": {
					"scale": 0
				}
			}
		},
		"animation.illusionist.look_at_target": {
			"loop": true,
			"bones": {
				"head": {
					"rotation": ["query.target_x_rotation - this", "query.target_y_rotation - this", 0]
				},
				"head2": {
					"rotation": ["query.target_x_rotation - this", "query.target_y_rotation - this", 0]
				},
				"head3": {
					"rotation": ["query.target_x_rotation - this", "query.target_y_rotation - this", 0]
				},
				"head4": {
					"rotation": ["query.target_x_rotation - this", "query.target_y_rotation - this", 0]
				},
				"head5": {
					"rotation": ["query.target_x_rotation - this", "query.target_y_rotation - this", 0]
				}
			}
		},
		"animation.illusionist.move": {
			"loop": true,
			"anim_time_update": "query.modified_distance_moved",
			"bones": {
				"leg0": {
					"rotation": ["(math.cos(query.anim_time * 38.17) * 40.0) - this", "-this", 0]
				},
				"leg1": {
					"rotation": ["(math.cos(query.anim_time * 38.17 + 180) * 40.0) - this", "-this", 0]
				},
				"leg2": {
					"rotation": ["(math.cos(query.anim_time * 38.17) * 40.0) - this", "-this", 0]
				},
				"leg3": {
					"rotation": ["(math.cos(query.anim_time * 38.17 + 180) * 40.0) - this", "-this", 0]
				},
				"leg4": {
					"rotation": ["(math.cos(query.anim_time * 38.17) * 40.0) - this", "-this", 0]
				},
				"leg5": {
					"rotation": ["(math.cos(query.anim_time * 38.17 + 180) * 40.0) - this", "-this", 0]
				},
				"leg6": {
					"rotation": ["(math.cos(query.anim_time * 38.17) * 40.0) - this", "-this", 0]
				},
				"leg7": {
					"rotation": ["(math.cos(query.anim_time * 38.17 + 180) * 40.0) - this", "-this", 0]
				},
				"leg8": {
					"rotation": ["(math.cos(query.anim_time * 38.17) * 40.0) - this", "-this", 0]
				},
				"leg9": {
					"rotation": ["(math.cos(query.anim_time * 38.17 + 180) * 40.0) - this", "-this", 0]
				}
			}
		},
		"animation.illusionist.shaking_target": {
			"loop": true,
			"animation_length": 0.28,
			"bones": {
				"arms": {
					"rotation": ["-42.97 - this", "- this", "- this"],
					"position": [0, "-3- this", "-1.0 - this"],
					"scale": 1
				},
				"leftArm": {
					"scale": 0
				},
				"rightArm": {
					"scale": 0
				},
				"rightItem": {
					"scale": 1
				},
				"rightItem2": {
					"scale": 1
				},
				"rightItem3": {
					"scale": 1
				},
				"rightItem4": {
					"scale": 1
				},
				"rightItem5": {
					"scale": 1
				},
				"body2": {
					"position": {
						"0.0": [0, 0, 0],
						"0.08": [0.5, 0, 0],
						"0.16": [0.25, 0, -1],
						"0.24": [0, 0, 0]
					},
					"scale": 1
				},
				"body3": {
					"position": {
						"0.0": [0, 0, 0],
						"0.08": [0, 0.5, 0],
						"0.16": [0, 0.25, -1],
						"0.24": [0, 0, 0]
					},
					"scale": 1
				},
				"body4": {
					"position": {
						"0.0": [0, 0, 0],
						"0.08": [0, 0, 0.5],
						"0.16": [0, 0, -0.5],
						"0.24": [0, 0, 0]
					},
					"scale": 1
				},
				"body5": {
					"position": {
						"0.0": [0, 0, 0],
						"0.08": [-0.5, 0, 0],
						"0.16": [-0.25, 0, 1],
						"0.24": [0, 0, 0]
					},
					"scale": 1
				},
				"arms2": {
					"rotation": ["-42.97 - this", "- this", "- this"],
					"position": [0, "-3- this", "-1.0 - this"],
					"scale": 1
				},
				"rightArm2": {
					"scale": 0
				},
				"leftArm2": {
					"scale": 0
				},
				"arms3": {
					"rotation": ["-42.97 - this", "- this", "- this"],
					"position": [0, "-3- this", "-1.0 - this"],
					"scale": 1
				},
				"rightArm3": {
					"scale": 0
				},
				"leftArm3": {
					"scale": 0
				},
				"arms4": {
					"rotation": ["-42.97 - this", "- this", "- this"],
					"position": [0, "-3- this", "-1.0 - this"],
					"scale": 1
				},
				"rightArm4": {
					"scale": 0
				},
				"leftArm4": {
					"scale": 0
				},
				"arms5": {
					"rotation": ["-42.97 - this", "- this", "- this"],
					"position": [0, "-3- this", "-1.0 - this"],
					"scale": 1
				},
				"rightArm5": {
					"scale": 0
				},
				"leftArm5": {
					"scale": 0
				}
			}
		},
		"animation.illusionist.shoot": {
			"loop": true,
			"bones": {
				"arms": {
					"scale": 0
				},
				"leftArm": {
					"rotation": ["15+query.target_x_rotation - 90.0 - math.sin(query.life_time * 76.8) * 2.865 - this", "query.target_y_rotation + 28.65", "-(math.cos(query.life_time * 103.2) * 2.865) - 2.865"]
				},
				"rightArm": {
					"rotation": ["query.target_x_rotation - 90.0 + math.sin(query.life_time * 76.8) * 2.865 - this", "query.target_y_rotation - 5.73", "(math.cos(query.life_time * 103.2) * 2.865) + 2.865"]
				},
				"rightItem": {
					"scale": 1
				},
				"rightItem2": {
					"scale": 1
				},
				"rightItem3": {
					"scale": 1
				},
				"rightItem4": {
					"scale": 1
				},
				"rightItem5": {
					"scale": 1
				},
				"arms2": {
					"scale": 0
				},
				"rightArm2": {
					"rotation": ["query.target_x_rotation - 90.0 + math.sin(query.life_time * 76.8) * 2.865 - this", "query.target_y_rotation - 5.73", "(math.cos(query.life_time * 103.2) * 2.865) + 2.865"]
				},
				"leftArm2": {
					"rotation": ["15+query.target_x_rotation - 90.0 - math.sin(query.life_time * 76.8) * 2.865 - this", "query.target_y_rotation + 28.65", "-(math.cos(query.life_time * 103.2) * 2.865) - 2.865"]
				},
				"arms3": {
					"scale": 0
				},
				"rightArm3": {
					"rotation": ["query.target_x_rotation - 90.0 + math.sin(query.life_time * 76.8) * 2.865 - this", "query.target_y_rotation - 5.73", "(math.cos(query.life_time * 103.2) * 2.865) + 2.865"]
				},
				"leftArm3": {
					"rotation": ["15+query.target_x_rotation - 90.0 - math.sin(query.life_time * 76.8) * 2.865 - this", "query.target_y_rotation + 28.65", "-(math.cos(query.life_time * 103.2) * 2.865) - 2.865"]
				},
				"arms4": {
					"scale": 0
				},
				"rightArm4": {
					"rotation": ["query.target_x_rotation - 90.0 + math.sin(query.life_time * 76.8) * 2.865 - this", "query.target_y_rotation - 5.73", "(math.cos(query.life_time * 103.2) * 2.865) + 2.865"]
				},
				"leftArm4": {
					"rotation": ["15+query.target_x_rotation - 90.0 - math.sin(query.life_time * 76.8) * 2.865 - this", "query.target_y_rotation + 28.65", "-(math.cos(query.life_time * 103.2) * 2.865) - 2.865"]
				},
				"arms5": {
					"scale": 0
				},
				"rightArm5": {
					"rotation": ["query.target_x_rotation - 90.0 + math.sin(query.life_time * 76.8) * 2.865 - this", "query.target_y_rotation - 5.73", "(math.cos(query.life_time * 103.2) * 2.865) + 2.865"]
				},
				"leftArm5": {
					"rotation": ["15+query.target_x_rotation - 90.0 - math.sin(query.life_time * 76.8) * 2.865 - this", "query.target_y_rotation + 28.65", "-(math.cos(query.life_time * 103.2) * 2.865) - 2.865"]
				}
			}
		},
		"animation.illusionist.casting": {
			"loop": true,
			"bones": {
				"arms": {
					"scale": 0
				},
				"leftArm": {
					"rotation": ["math.cos(query.life_time * 763.4) * 14.3239 - this", "-this", "-135.0 - this"],
					"scale": 1
				},
				"rightArm": {
					"rotation": ["math.cos(query.life_time * 763.4) * 14.3239 - this", "-this", "135.0 - this"],
					"scale": 1
				},
				"rightItem": {
					"scale": 1
				},
				"rightItem2": {
					"scale": 1
				},
				"rightItem3": {
					"scale": 1
				},
				"rightItem4": {
					"scale": 1
				},
				"rightItem5": {
					"scale": 1
				},
				"body2": {
					"scale": 0
				},
				"body3": {
					"scale": 0
				},
				"body4": {
					"scale": 0
				},
				"body5": {
					"scale": 0
				}
			}
		},
		"animation.illusionist.shaking": {
			"loop": true,
			"animation_length": 0.28,
			"bones": {
				"body2": {
					"position": {
						"0.0": [0, 0, 0],
						"0.08": [0.5, 0, 0],
						"0.16": [0.25, 0, -1],
						"0.24": [0, 0, 0]
					},
					"scale": 1
				},
				"body3": {
					"position": {
						"0.0": [0, 0, 0],
						"0.08": [0, 0.5, 0],
						"0.16": [0, 0.25, -1],
						"0.24": [0, 0, 0]
					},
					"scale": 1
				},
				"body4": {
					"position": {
						"0.0": [0, 0, 0],
						"0.08": [0, 0, 0.5],
						"0.16": [0, 0, -0.5],
						"0.24": [0, 0, 0]
					},
					"scale": 1
				},
				"body5": {
					"position": {
						"0.0": [0, 0, 0],
						"0.08": [-0.5, 0, 0],
						"0.16": [-0.25, 0, 1],
						"0.24": [0, 0, 0]
					},
					"scale": 1
				}
			}
		},
		"animation.illusionist.mirror": {
			"loop": "hold_on_last_frame",
			"animation_length": 0.2,
			"bones": {
				"body": {
					"scale": 0
				},
				"body2": {
					"position": {
						"0.0": [0, 0, 0],
						"0.16": [42, 6, -29]
					}
				},
				"body3": {
					"position": {
						"0.0": [0, 0, 0],
						"0.16": [27, 0, 64]
					}
				},
				"body4": {
					"position": {
						"0.0": [0, 0, 0],
						"0.16": [78, 0, 0]
					}
				},
				"body5": {
					"position": {
						"0.0": [0, 0, 0],
						"0.16": [-26, 15, 79]
					}
				}
			}
		},
		"animation.illusionist.mirror2": {
			"loop": "hold_on_last_frame",
			"animation_length": 0.2,
			"bones": {
				"body": {
					"scale": 0
				},
				"body2": {
					"position": {
						"0.0": [0, 0, 0],
						"0.16": [75, 0, 13]
					}
				},
				"body3": {
					"position": {
						"0.0": [0, 0, 0],
						"0.16": [3, 9, -42]
					}
				},
				"body4": {
					"position": {
						"0.0": [0, 0, 0],
						"0.16": [-60, 0, 33]
					}
				},
				"body5": {
					"position": {
						"0.0": [0, 0, 0],
						"0.16": [25, 5, 48]
					}
				}
			}
		},
		"animation.illusionist.mirror3": {
			"loop": "hold_on_last_frame",
			"animation_length": 0.2,
			"bones": {
				"body": {
					"scale": 0
				},
				"body2": {
					"position": {
						"0.0": [0, 0, 0],
						"0.16": [13, 0, 28]
					}
				},
				"body3": {
					"position": {
						"0.0": [0, 0, 0],
						"0.16": [-15, 9, -42]
					}
				},
				"body4": {
					"position": {
						"0.0": [0, 0, 0],
						"0.16": [-60, 0, 6]
					}
				},
				"body5": {
					"position": {
						"0.0": [0, 0, 0],
						"0.16": [66, 0, 48]
					}
				}
			}
		},
		"animation.illusionist.mirror4": {
			"loop": "hold_on_last_frame",
			"animation_length": 0.2,
			"bones": {
				"body": {
					"scale": 0
				},
				"body2": {
					"position": {
						"0.0": [0, 0, 0],
						"0.16": [-69, 4, 28]
					}
				},
				"body3": {
					"position": {
						"0.0": [0, 0, 0],
						"0.16": [-15, 0, 93]
					}
				},
				"body4": {
					"position": {
						"0.0": [0, 0, 0],
						"0.16": [27, 0, -42]
					}
				},
				"body5": {
					"position": {
						"0.0": [0, 0, 0],
						"0.16": [46, 0, 48]
					}
				}
			}
		},
		"animation.illusionist.mirror5": {
			"loop": "hold_on_last_frame",
			"animation_length": 0.2,
			"bones": {
				"body": {
					"scale": 0
				},
				"body2": {
					"position": {
						"0.0": [0, 0, 0],
						"0.16": [6, 0, 97]
					}
				},
				"body3": {
					"position": {
						"0.0": [0, 0, 0],
						"0.16": [-45, 0, 40]
					}
				},
				"body4": {
					"position": {
						"0.0": [0, 0, 0],
						"0.16": [-27, 0, -42]
					}
				},
				"body5": {
					"position": {
						"0.0": [0, 0, 0],
						"0.16": [11, 0, 48]
					}
				}
			}
		},
		"animation.illusionist.mirror6": {
			"loop": "hold_on_last_frame",
			"animation_length": 0.2,
			"bones": {
				"body": {
					"scale": 0
				},
				"body2": {
					"position": {
						"0.0": [0, 0, 0],
						"0.16": [70, 0, 7]
					}
				},
				"body3": {
					"position": {
						"0.0": [0, 0, 0],
						"0.16": [47, 0, -102]
					}
				},
				"body4": {
					"position": {
						"0.0": [0, 0, 0],
						"0.16": [48, 0, 38]
					}
				},
				"body5": {
					"position": {
						"0.0": [0, 0, 0],
						"0.16": [11, 0, -41]
					}
				}
			}
		},
		"animation.illusionist.mirror7": {
			"loop": "hold_on_last_frame",
			"animation_length": 0.2,
			"bones": {
				"body": {
					"scale": 0
				},
				"body2": {
					"position": {
						"0.0": [0, 0, 0],
						"0.16": [-24, 16, 97]
					}
				},
				"body3": {
					"position": {
						"0.0": [0, 0, 0],
						"0.16": [-42, 0, 40]
					}
				},
				"body4": {
					"position": {
						"0.0": [0, 0, 0],
						"0.16": [-39, 0, -42]
					}
				},
				"body5": {
					"position": {
						"0.0": [0, 0, 0],
						"0.16": [45, 0, 48]
					}
				}
			}
		},
		"animation.illusionist.mirror8": {
			"loop": "hold_on_last_frame",
			"animation_length": 0.2,
			"bones": {
				"body": {
					"scale": 0
				},
				"body2": {
					"position": {
						"0.0": [0, 0, 0],
						"0.16": [59, 0, 0]
					}
				},
				"body3": {
					"position": {
						"0.0": [0, 0, 0],
						"0.16": [-79, 0, 2]
					}
				},
				"body4": {
					"position": {
						"0.0": [0, 0, 0],
						"0.16": [-32, 0, -17]
					}
				},
				"body5": {
					"position": {
						"0.0": [0, 0, 0],
						"0.16": [25, 0, -6]
					}
				}
			}
		},
		"animation.illusionist.mirror9": {
			"loop": "hold_on_last_frame",
			"animation_length": 0.2,
			"bones": {
				"body": {
					"scale": 0
				},
				"body2": {
					"position": {
						"0.0": [0, 0, 0],
						"0.16": [-49, 11, -56]
					}
				},
				"body3": {
					"position": {
						"0.0": [0, 0, 0],
						"0.16": [-3, 0, 57]
					}
				},
				"body4": {
					"position": {
						"0.0": [0, 0, 0],
						"0.16": [48, 0, 25]
					}
				},
				"body5": {
					"position": {
						"0.0": [0, 0, 0],
						"0.16": [-25, 4, -35]
					}
				}
			}
		},
		"animation.illusionist.mirror10": {
			"loop": "hold_on_last_frame",
			"animation_length": 0.2,
			"bones": {
				"body": {
					"scale": 0
				},
				"body2": {
					"position": {
						"0.0": [0, 0, 0],
						"0.16": [-23, 0, -7]
					}
				},
				"body3": {
					"position": {
						"0.0": [0, 0, 0],
						"0.16": [48, 0, 8]
					}
				},
				"body4": {
					"position": {
						"0.0": [0, 0, 0],
						"0.16": [-27, 0, 66]
					}
				},
				"body5": {
					"position": {
						"0.0": [0, 0, 0],
						"0.16": [11, 0, -58]
					}
				}
			}
		}
	}
}