{
	"format_version": "1.8.0",
	"animations": {
		"animation.lilyfin.swim": {
			"loop": true,
			"bones": {
				"tail": {
					"rotation": ["-6 * math.cos(query.life_time * 600.8)", 0, 0]
				},
				"tail_fin": {
					"rotation": ["-12 * math.cos(query.life_time * 600.8)", 0, 0]
				},
				"left_fin": {
					"rotation": [0, "-12 * math.cos(query.life_time * 400.8)", 0]
				},
				"left_fin2": {
					"rotation": [0, "12 * math.cos(query.life_time * 400.8)", 0]
				},
				"right_fin": {
					"rotation": [0, "-12 * math.cos(query.life_time * 400.8)", 0]
				},
				"right_fin2": {
					"rotation": [0, "12 * math.cos(query.life_time * 400.8)", 0]
				}
			}
		},
		"animation.lilyfin.walk": {
			"loop": true,
			"bones": {
				"left_fin": {
					"rotation": [0, "12 * math.cos(query.life_time * 600.8)", 0]
				},
				"left_fin2": {
					"rotation": [0, "12 * math.cos(query.life_time * 600.8)", 0]
				},
				"right_fin": {
					"rotation": [0, "-12 * math.cos(query.life_time * 600.8)", 0]
				},
				"right_fin2": {
					"rotation": [0, "-12 * math.cos(query.life_time * 600.8)", 0]
				}
			}
		},
		"animation.lilyfin.bite": {
			"loop": true,
			"animation_length": 0.36,
			"bones": {
				"down": {
					"rotation": {
						"0.0": [0, 0, 0],
						"0.1667": [12, 0, 0],
						"0.3167": [0, 0, 0]
					}
				},
				"up": {
					"rotation": {
						"0.0": [0, 0, 0],
						"0.1667": [-16, 0, 0],
						"0.3167": [0, 0, 0]
					}
				}
			}
		}
	}
}