{
	"format_version": "1.8.0",
	"animations": {
		"animation.raven.base": {
			"loop": true,
			"bones": {
				"body": {
					"rotation": [0, 0, 0],
					"position": [0, 0.3, 0]
				},
				"head": {
					"rotation": [0, 0, 0],
					"position": [0, 0, 0]
				},
				"leg0": {
					"rotation": [-16.713, 0, 0],
					"position": [0, 0, -0.5]
				},
				"leg1": {
					"rotation": [-16.713, 0, 0],
					"position": [0, 0, -0.5]
				},
				"tail": {
					"position": [0, 0, 0]
				},
				"wing0": {
					"rotation": [-5, -180, 0],
					"position": [0, -0.35, 0]
				},
				"wing1": {
					"rotation": [-5, -180, 0],
					"position": [0, -0.35, 0]
				}
			}
		},
		"animation.raven.dance": {
			"loop": true,
			"bones": {
				"body": {
					"position": ["variable.dance.x-this", "variable.dance.y", 0]
				},
				"head": {
					"rotation": ["-this", "-this", "variable.dance.y*23.0 - this"]
				},
				"leg0": {
					"rotation": [0, 0, "-20.0 - this"],
					"position": ["-variable.dance.x", "-variable.dance.y", 0]
				},
				"leg1": {
					"rotation": [0, 0, "20.0 - this"],
					"position": ["-variable.dance.x", "-variable.dance.y", 0]
				},
				"tail": {
					"rotation": ["60.0 - this", 0, 0]
				},
				"wing0": {
					"rotation": [0, 0, "-5.0 - variable.wing_flap"]
				},
				"wing1": {
					"rotation": [0, 0, "5.0 + variable.wing_flap"]
				}
			}
		},
		"animation.raven.sitting": {
			"loop": true,
			"bones": {
				"body": {
					"position": [0, -0.8, 0]
				},
				"leg0": {
					"rotation": [90, 0, 0]
				},
				"leg1": {
					"rotation": [90, 0, 0]
				},
				"tail": {
					"rotation": ["30.0 - this", 0, 0]
				},
				"wing0": {
					"rotation": [0, 0, "-5.0-this"]
				},
				"wing1": {
					"rotation": [0, 0, "5.0-this"]
				},
				"head": {
					"position": [0, -1, 0]
				}
			}
		},
		"animation.raven.baby": {
			"loop": true,
			"bones": {
				"head": {
					"scale": 1.2
				}
			}
		},
		"animation.raven.flying": {
			"loop": true,
			"bones": {
				"wing0": {
					"rotation": [0, "-20.0 + math.cos(query.anim_time * 1400) * 27.0", "-52.0 + math.cos(query.anim_time * 1400) * 27.0"],
					"position": [0, 0, 0]
				},
				"wing1": {
					"rotation": [0, "20.0 - math.cos(query.anim_time * 1400) * 27.0", "52.0 - math.cos(query.anim_time * 1400) * 27.0"]
				},
				"tail": {
					"rotation": ["18.0 + math.cos(query.anim_time * 38.17) * 17.0", 0, 0]
				},
				"leg0": {
					"rotation": [20, 0, 0]
				},
				"leg1": {
					"rotation": [20, 0, 0]
				}
			}
		}
	}
}