{
	"format_version": "1.8.0",
	"animations": {
		"animation.sand_shark.swim": {
			"loop": true,
			"bones": {
				"tail": {
					"rotation": [0, "-4 * math.cos(query.life_time * 343.8)", 0]
				},
				"tail_fin": {
					"rotation": ["-11.46 * math.cos(query.life_time * 343.8)", 0, 0]
				},
				"left_fin": {
					"rotation": [0, "12 * math.cos(query.life_time * 343.8)", 0]
				},
				"right_fin": {
					"rotation": [0, "12 * math.cos(query.life_time * 343.8)", 0]
				}
			}
		},
		"animation.sand_shark.bite": {
			"loop": true,
			"animation_length": 0.36,
			"bones": {
				"nose": {
					"rotation": {
						"0.0": [0, 0, 0],
						"0.1667": [-12, 0, 0],
						"0.3167": [0, 0, 0]
					}
				},
				"bone": {
					"rotation": {
						"0.0": [0, 0, 0],
						"0.1667": [12, 0, 0],
						"0.3167": [0, 0, 0]
					}
				}
			}
		}
	}
}