{
	"format_version": "1.8.0",
	"animations": {
		"animation.snake.meandering": {
			"loop": true,
			"bones": {
				"bodyPart_0": {
					"rotation": [0, "4 * math.cos(query.life_time * 343.8)", 0]
				},
				"tongue": {
					"position": [0, 0, "2 * math.cos(query.life_time * 200)"]
				},
				"bodyPart_1": {
					"rotation": [0, "-2 * math.cos(query.life_time * 343.8)", 0]
				},
				"bodyPart_3": {
					"rotation": [0, "2 * math.cos(query.life_time * 343.8)", 0]
				},
				"bodyPart_4": {
					"rotation": [0, "-2 * math.cos(query.life_time * 343.8)", 0]
				},
				"bodyPart_5": {
					"rotation": [0, "2 * math.cos(query.life_time * 343.8)", 0]
				},
				"bodyPart_6": {
					"rotation": [0, "-4 * math.cos(query.life_time * 343.8)", 0]
				}
			}
		}
	}
}