{
	"format_version": "1.8.0",
	"animations": {
		"animation.snowing.bite": {
			"animation_length": 0.33333,
			"bones": {
				"fang": {
					"rotation": {
						"0.0": [0, 0, 0],
						"0.1667": [20, 0, 0],
						"0.3333": [0, 0, 0]
					}
				}
			}
		},
		"animation.snowing.walk": {
			"loop": true,
			"animation_length": 0.25,
			"bones": {
				"leftLeg": {
					"rotation": {
						"0.0": [0, 0, 0],
						"0.0833": [10, 0, 0],
						"0.2083": [-10, 0, 0]
					}
				},
				"rightLeg": {
					"rotation": {
						"0.0": [0, 0, 0],
						"0.0833": [-10, 0, 0],
						"0.2083": [10, 0, 0]
					}
				}
			}
		}
	}
}