{
	"format_version": "1.8.0",
	"animations": {
		"animation.spider.walk": {
			"loop": true,
			"animation_length": 4.84,
			"anim_time_update": "query.modified_distance_moved",
			"bones": {
				"leg0": {
					"rotation": [0, "-math.abs(math.cos(query.anim_time * 76.34 + 90 * 0) * 22.92)", "math.abs(math.sin(query.anim_time * 38.17 + 90 * 0) * 22.92)"]
				},
				"leg1": {
					"rotation": [0, "math.abs(math.cos(query.anim_time * 76.34 + 90 * 0) * 22.92)", "-math.abs(math.sin(query.anim_time * 38.17 + 90 * 0) * 22.92)"]
				},
				"leg2": {
					"rotation": [0, "-math.abs(math.cos(query.anim_time * 76.34 + 90 * 1) * 22.92)", "math.abs(math.sin(query.anim_time * 38.17 + 90 * 1) * 22.92)"]
				},
				"leg3": {
					"rotation": [0, "math.abs(math.cos(query.anim_time * 76.34 + 90 * 1) * 22.92)", "-math.abs(math.sin(query.anim_time * 38.17 + 90 * 1) * 22.92)"]
				},
				"leg4": {
					"rotation": [0, "-math.abs(math.cos(query.anim_time * 76.34 + 90 * 2) * 22.92)", "math.abs(math.sin(query.anim_time * 38.17 + 90 * 2) * 22.92)"]
				},
				"leg5": {
					"rotation": [0, "math.abs(math.cos(query.anim_time * 76.34 + 90 * 2) * 22.92)", "-math.abs(math.sin(query.anim_time * 38.17 + 90 * 2) * 22.92)"]
				},
				"leg6": {
					"rotation": [0, "-math.abs(math.cos(query.anim_time * 76.34 + 90 * 3) * 22.92)", "math.abs(math.sin(query.anim_time * 38.17 + 90 * 3) * 22.92)"]
				},
				"leg7": {
					"rotation": [0, "math.abs(math.cos(query.anim_time * 76.34 + 90 * 3) * 22.92)", "-math.abs(math.sin(query.anim_time * 38.17 + 90 * 3) * 22.92)"]
				},
				"body1": {
					"rotation": {
						"0.0": [0, 0, 0],
						"2.0833": [-12.5, 0, 0],
						"4.1667": [7.5, 0, 0],
						"4.8": [-2.5, 0, 0]
					}
				},
				"bone": {
					"rotation": {
						"0.8333": [-72.5, 10, 0],
						"1.8": [-57.5, 35, 0],
						"3.0": [-72.5, 10, 0],
						"4.7167": [-57.5, 35, 0]
					}
				},
				"bone2": {
					"rotation": {
						"0.8333": [-72.5, -12.5, 0],
						"1.8": [-57.5, -35, 0],
						"3.0": [-72.5, -12.5, 0],
						"4.7167": [-57.5, -35, 0]
					}
				}
			}
		},
		"animation.spider.look_at_target": {
			"loop": true,
			"bones": {
				"head": {
					"rotation": ["query.target_x_rotation", "query.target_y_rotation", 0]
				}
			}
		},
		"animation.spider.default_leg_pose": {
			"loop": true,
			"bones": {
				"leg0": {
					"rotation": [0, "45.0 - this", "8 - this"]
				},
				"leg1": {
					"rotation": [0, "-45.0 - this", "-8 - this"]
				},
				"leg2": {
					"rotation": [0, "22.5 - this", "4 - this"]
				},
				"leg3": {
					"rotation": [0, "-22.5 - this", "-4 - this"]
				},
				"leg4": {
					"rotation": [0, "-22.5 - this", "4 - this"]
				},
				"leg5": {
					"rotation": [0, "22.5 - this", "-4 - this"]
				},
				"leg6": {
					"rotation": [0, "-45.0 - this", "8 - this"]
				},
				"leg7": {
					"rotation": [0, "45.0 - this", "-8 - this"]
				}
			}
		}
	}
}