{
	"format_version": "1.8.0",
	"animations": {
		"animation.trader.bob": {
			"loop": true,
			"bones": {
				"rightItem": {
					"position": [-7, 6, -6]
				},
				"leftarm" : {
					"rotation" : [ 0.0, 0.0, "((math.cos(query.life_time * 103.2) * 2.865) + 2.865) *-1.0" ]
				},
				"rightarm" : {
					"rotation" : [ 0.0, 0.0, "(math.cos(query.life_time * 103.2) * 2.865) + 2.865" ]
				},
				"arms" : {
					"position" : [ 0, "22.0 - this", "-1.0 - this" ],
					"rotation" : [ "-42.97 - this", 0.0, 0.0 ]
				}
			}
		}
	}
}