{
	"format_version": "1.8.0",
	"animations": {
		"animation.trader.bow_and_arrow.v1": {
			"loop": true,
			"bones": {
				"leftArm": {
					"rotation": ["query.target_x_rotation - 90.0 - math.sin(query.life_time * 76.8) * 2.865 - this", "query.target_y_rotation + 28.65", "-(math.cos(query.life_time * 103.2) * 2.865) - 2.865"]
				},
				"rightArm": {
					"rotation": ["query.target_x_rotation - 90.0 + math.sin(query.life_time * 76.8) * 2.865 - this", "query.target_y_rotation - 5.73", "(math.cos(query.life_time * 103.2) * 2.865) + 2.865"]
				}
			}
		},
		"animation.trader.bow_and_arrow.v2": {
			"loop": true,
			"animation_length": 0.08,
			"bones": {
				"leftArm": {
					"rotation": [-65, 40, 10]
				},
				"rightArm": {
					"rotation": [-70, -10, -10]
				}
			}
		},
		"animation.trader.crossbow.hold": {
			"loop": true,
			"bones": {
				"leftArm": {
					"rotation": ["-85.94 + query.target_x_rotation -this", "34.38 + math.clamp(query.target_y_rotation, -45, 25) -this", 0]
				},
				"rightArm": {
					"rotation": ["-90.0 + 5.73 + query.target_x_rotation -this", "-17.19 + math.clamp(query.target_y_rotation, -25, 45) -this", 0]
				}
			}
		},
		"animation.trader.crossbow.hold.v2": {
			"loop": true,
			"bones": {
				"leftArm": {
					"rotation": ["query.target_x_rotation - 85.94 - math.sin(query.life_time * 76.8) * 2.865 - this", "query.target_y_rotation + 34.38", "-(math.cos(query.life_time * 103.2) * 2.865) - 2.865"]
				},
				"rightArm": {
					"rotation": ["query.target_x_rotation - 90.0 + math.sin(query.life_time * 76.8) * 2.865 - this", "query.target_y_rotation - 17.19", "(math.cos(query.life_time * 103.2) * 2.865) + 2.865"]
				}
			}
		},
		"animation.trader.crossbow.charge": {
			"loop": true,
			"bones": {
				"leftArm": {
					"rotation": ["math.lerp(-90.0 + 34.38, -90.0, variable.crossbow_charge)  -this", "math.lerp(22.92, 48.70, variable.crossbow_charge) -this", 0]
				},
				"rightArm": {
					"rotation": ["-90.0 + 34.38 -this", "-45.84 -this", 0]
				}
			}
		},
		"animation.trader.crossbow.charge.v.2": {
			"loop": true,
			"bones": {
				"leftArm": {
					"rotation": ["query.target_x_rotation - 85.94 - math.sin(query.life_time * 76.8) * 2.865 - this", "query.target_y_rotation + 34.38", "-(math.cos(query.life_time * 103.2) * 2.865) - 2.865"]
				},
				"rightArm": {
					"rotation": ["query.target_x_rotation - 90.0 + math.sin(query.life_time * 76.8) * -24.865 - this", "query.target_y_rotation - 45.19", "(math.cos(query.life_time * 103.2) * 2.865) + 19"]
				}
			}
		}
	}
}