{
	"format_version": "1.8.0",
	"animations": {
		"animation.valhalla.vine.move": {
			"loop": true,
			"animation_length": 0.48,
			"bones": {
				"base": {
					"rotation": {
						"0.0": [60, 0, 0],
						"0.2333": [70, 0, 0],
						"0.2833": [75, 0, 0],
						"0.3167": [80, 0, 0],
						"0.4": [90, 0, 0],
						"0.4833": [120, 0, 0]
					},
					"position": {
						"0.0": [0, 0, 0],
						"0.2833": [0, 1, -1],
						"0.3167": [0, 2, -2],
						"0.3667": [0, 2, -3],
						"0.4": [0, 2, -4],
						"0.4833": [0, 1, -10]
					}
				},
				"mid_base": {
					"rotation": {
						"0.0333": [0, 0, 0],
						"0.1167": [5, 0, 0],
						"0.2333": [10, 0, 0],
						"0.2833": [5, 0, 0],
						"0.3167": [6, 0, 0],
						"0.4": [11, 0, 0],
						"0.4833": [1, 0, 0]
					},
					"position": {
						"0.0": [0, -3.5, 0],
						"0.0833": [0, -2.5, 0],
						"0.1667": [0, -1.5, 0],
						"0.2333": [0, -0.5, 0],
						"0.2833": [0, -1.5, 0],
						"0.3667": [0, -2.5, 0],
						"0.4833": [0, -3.5, 0]
					}
				},
				"mid_top": {
					"rotation": {
						"0.0333": [0, 0, 0],
						"0.1167": [10, 0, 0],
						"0.2333": [15, 0, 0],
						"0.2833": [20, 0, 0],
						"0.4": [20, 0, 0],
						"0.4833": [10, 0, 0]
					},
					"position": {
						"0.0": [0, -4, 0],
						"0.0833": [0, -2, 0],
						"0.1667": [0, -1, 0],
						"0.2333": [0, 0, 0],
						"0.2833": [0, 0, 0],
						"0.3167": [0, -1, 0.3],
						"0.3667": [0, -1.6, 0.4],
						"0.4833": [0, -3.6, 0.4]
					}
				},
				"top": {
					"rotation": {
						"0.0333": [0, 0, 0],
						"0.1167": [10, 0, 0],
						"0.2333": [15, 0, 0],
						"0.2833": [20, 0, 0],
						"0.4": [10, 0, 0],
						"0.4833": [5, 0, 0]
					},
					"position": {
						"0.0": [0, -4, 0],
						"0.0833": [0, -2.3, 0],
						"0.1667": [0, -1.3, 0],
						"0.2333": [0, -0.3, 0],
						"0.4": [0, -1.3, 0],
						"0.4833": [0, -4.3, 0]
					}
				}
			}
		}
	}
}