{
  "namespace":"server_form",

  "main_screen_content":{
    "type":"panel","size":[0,0],
    "controls":[
        {
      "server_form_factory":{
    "type":"factory",
    "control_ids":{
    "long_form":"@server_form.advanced",
    "custom_form":"@server_form.custom_form"
          }
        }
      }
    ]
  },
  "advanced":{
    "type":"panel","size":[0,0],
    "controls":[
    {"long_form@server_form.long_form":{"layer":1}},
    {"dave_intro":{
    "type":"image","texture":"textures/ui/dave_hud",
    "size":["410px","410px"],"layer":3,
    "offset":["-83px","1px"],
      "bindings":[
    {"binding_name":"#title_text"},
    {"binding_type":"view","source_property_name":"(not(#title_text=(#title_text-'crazy_dave.'-'')))","target_property_name":"#visible"}
          ]
        }
      }
    ]
  }
}