{
	"format_version": "1.8.0",
	"animations": {
		"animation.asset.default": {
			"loop": true,
			"bones": {
				"rightarm": {
					"rotation": [
						-40,
						0,
						0
					]
				},
				"leftarm": {
					"rotation": [
						-40,
						0,
						0
					]
				},
				"asset": {
					"rotation": [
						5,
						0,
						0
					]
				}
			}
		},
		"animation.asset.attack": {
			"loop": true,
			"animation_length": 3.2,
			"bones": {
				"body": {
					"rotation": {
						"0.0": [
							12.5,
							0,
							0
						],
						"1.4": [
							12.5,
							0,
							0
						],
						"1.56": [
							15,
							0,
							0
						],
						"1.72": [
							12.5,
							0,
							0
						]
					},
					"position": [
						0,
						-3,
						-6
					]
				},
				"leftLeg": {
					"rotation": [
						-17.5,
						0,
						0
					],
					"position": [
						0,
						3.7,
						-1
					]
				},
				"rightLeg": {
					"rotation": [
						35,
						0,
						0
					],
					"position": [
						0,
						0.9,
						-2
					]
				},
				"rightarm": {
					"rotation": {
						"0.0": [
							-75,
							-7.5,
							12.5
						],
						"1.4": [
							-75,
							-7.5,
							12.5
						],
						"1.56": [
							-52.5,
							2.5,
							12.5
						],
						"1.72": [
							-75,
							2.5,
							12.5
						],
						"1.8": [
							-75,
							-10,
							12.5
						],
						"2.08": [
							-75,
							-10,
							12.5
						],
						"2.28": [
							-45,
							0,
							12.5
						],
						"2.96": [
							-45,
							0,
							12.5
						],
						"3.04": [
							-55,
							0,
							12.5
						],
						"3.2": [
							-45,
							0,
							12.5
						]
					}
				},
				"leftarm": {
					"rotation": {
						"0.0": [
							-55,
							0,
							-12.5
						],
						"0.52": [
							-47.5,
							0,
							-12.5
						],
						"1.04": [
							-37.5,
							0,
							-12.5
						],
						"1.56": [
							-62.5,
							0,
							-12.5
						],
						"2.08": [
							-50,
							0,
							-12.5
						]
					}
				},
				"asset": {
					"rotation": {
						"0.0": [
							-2.5,
							0,
							0
						],
						"3.0": [
							-2.5,
							0,
							0
						]
					},
					"position": [
						0,
						0,
						0
					]
				},
				"cung": {
					"rotation": {
						"0.0": [
							0,
							0,
							0
						],
						"2.0": [
							0,
							-20,
							0
						],
						"3.0": [
							0,
							-20,
							0
						],
						"3.04": [
							0,
							5,
							0
						],
						"3.12": [
							0,
							0,
							0
						]
					}
				},
				"day": {
					"rotation": {
						"0.0": [
							0,
							0,
							0
						],
						"2.0": [
							0,
							45,
							0
						],
						"3.0": [
							0,
							45,
							0
						],
						"3.04": [
							0,
							-7.5,
							0
						],
						"3.12": [
							0,
							0,
							0
						]
					}
				},
				"cung2": {
					"rotation": {
						"0.0": [
							0,
							0,
							0
						],
						"2.0": [
							0,
							20,
							0
						],
						"3.0": [
							0,
							20,
							0
						],
						"3.04": [
							0,
							-5,
							0
						],
						"3.12": [
							0,
							0,
							0
						]
					}
				},
				"day2": {
					"rotation": {
						"0.0": [
							0,
							0,
							0
						],
						"2.0": [
							0,
							-45,
							0
						],
						"3.0": [
							0,
							-45,
							0
						],
						"3.04": [
							0,
							7.5,
							0
						],
						"3.12": [
							0,
							0,
							0
						]
					}
				},
				"cuc": {
					"position": {
						"0.0": [
							0,
							0,
							0
						],
						"2.0": [
							0,
							0,
							14
						],
						"3.0": [
							0,
							0,
							14
						],
						"3.04": [
							0,
							0,
							-2
						],
						"3.12": [
							0,
							0,
							0
						]
					}
				},
				"keo": {
					"scale": {
						"0.0": [
							1,
							1,
							1
						],
						"2.0": [
							1,
							1,
							0.46
						],
						"3.0": [
							1,
							1,
							0.46
						],
						"3.04": [
							1,
							1,
							1.11
						],
						"3.12": [
							1,
							1,
							1.01
						]
					}
				},
				"xoay": {
					"rotation": {
						"0.0": [
							0,
							0,
							0
						],
						"2.0": [
							-90,
							0,
							0
						]
					}
				},
				"xoay2": {
					"rotation": {
						"0.0": [
							0,
							0,
							0
						],
						"2.0": [
							-90,
							0,
							0
						],
						"2.96": [
							-90,
							0,
							0
						],
						"3.04": [
							-77.5,
							0,
							0
						],
						"3.2": [
							-90,
							0,
							0
						]
					}
				},
				"muiten": {
					"rotation": [
						0,
						0,
						0
					],
					"position": {
						"0.0": [
							0,
							0,
							0
						],
						"2.0": [
							0,
							0,
							14
						],
						"3.0": [
							0,
							0,
							14
						],
						"3.04": [
							0,
							0,
							-3
						]
					}
				}
			}
		},
		"animation.asset.walk": {
			"loop": true,
			"anim_time_update": "query.modified_distance_moved",
			"bones": {
				"banh": {
					"rotation": [
						"query.modified_distance_moved*38",
						0,
						0
					]
				},
				"banh2": {
					"rotation": [
						"query.modified_distance_moved*38",
						0,
						0
					]
				}
			}
		},
		"animation.asset.run": {
			"loop": true,
			"bones": {
				"leftLeg": {
					"rotation": [
						"variable.tcos0*-1.4",
						0,
						0
					]
				},
				"rightLeg": {
					"rotation": [
						"variable.tcos0*1.4",
						0,
						0
					]
				}
			}
		},
		"animation.asset.load": {
			"loop": true,
			"bones": {
				"cung": {
					"rotation": [
						0,
						-25,
						0
					]
				},
				"day": {
					"rotation": [
						0,
						52.5,
						0
					]
				},
				"cung2": {
					"rotation": [
						0,
						25,
						0
					]
				},
				"day2": {
					"rotation": [
						0,
						-52.5,
						0
					]
				},
				"cuc": {
					"position": [
						0,
						0,
						16
					]
				},
				"keo": {
					"scale": [
						1,
						1,
						0.4
					]
				},
				"xoay": {
					"rotation": [
						-180,
						0,
						0
					]
				},
				"xoay2": {
					"rotation": [
						-180,
						0,
						0
					]
				},
				"muiten": {
					"position": [
						0,
						0,
						17
					]
				}
			}
		},
		"animation.asset.target": {
			"loop": true,
			"bones": {
				"rightarm": {
					"rotation": [
						-17.5,
						0,
						0
					]
				},
				"leftarm": {
					"rotation": [
						-62.5,
						0,
						0
					],
					"position": [
						0,
						-1,
						-3
					]
				}
			}
		}
	}
}