{
	"format_version": "1.8.0",
	"animations": {
		"animation.crossbow_heavy.shooting": {
			"loop": true,
			"animation_length": 4,
			"bones": {
				"chot": {
					"rotation": {
						"1.92": [
							0,
							0,
							0
						],
						"2.16": [
							-40,
							0,
							0
						],
						"3.56": [
							-40,
							0,
							0
						],
						"3.64": [
							15,
							0,
							0
						],
						"3.72": [
							0,
							0,
							0
						]
					}
				},
				"cung1": {
					"rotation": {
						"0.0": [
							0,
							0,
							0
						],
						"2.0": [
							0,
							7.5,
							0
						],
						"3.64": [
							0,
							7.5,
							0
						],
						"3.76": [
							0,
							-5,
							0
						],
						"3.84": [
							0,
							0,
							0
						]
					}
				},
				"day1": {
					"rotation": {
						"0.0": [
							0,
							0,
							0
						],
						"2.0": [
							0,
							-35,
							0
						],
						"3.64": [
							0,
							-35,
							0
						],
						"3.76": [
							0,
							7.5,
							0
						],
						"3.84": [
							0,
							0,
							0
						]
					}
				},
				"cung": {
					"rotation": {
						"0.0": [
							0,
							0,
							0
						],
						"2.0": [
							0,
							-7.5,
							0
						],
						"3.64": [
							0,
							-7.5,
							0
						],
						"3.76": [
							0,
							5,
							0
						],
						"3.84": [
							0,
							0,
							0
						]
					}
				},
				"day": {
					"rotation": {
						"0.0": [
							0,
							0,
							0
						],
						"2.0": [
							0,
							35,
							0
						],
						"3.64": [
							0,
							35,
							0
						],
						"3.76": [
							0,
							-7.5,
							0
						],
						"3.84": [
							0,
							0,
							0
						]
					}
				}
			}
		},
		"animation.crossbow_heavy.attack": {
			"loop": true,
			"bones": {
				"cung1": {
					"rotation": [
						0,
						15,
						0
					]
				},
				"day1": {
					"rotation": [
						0,
						-40,
						0
					]
				},
				"cung": {
					"rotation": [
						0,
						-15,
						0
					]
				},
				"day": {
					"rotation": [
						0,
						40,
						0
					]
				}
			}
		}
	}
}