{
	"format_version": "1.8.0",
	"animations": {
		"animation.iron_villager.end": {
			"loop": "hold_on_last_frame",
			"animation_length": 0.72,
			"bones": {
				"rightarm": {
					"rotation": {
						"0.0": [
							0,
							0,
							0
						],
						"0.28": [
							-126,
							-7.7,
							0
						],
						"0.48": [
							-75,
							-27.5,
							0
						]
					}
				},
				"spear": {
					"rotation": {
						"0.0": [
							0,
							0,
							0
						],
						"0.48": [
							-15,
							0,
							0
						]
					},
					"position": {
						"0.0": [
							0,
							0,
							5
						],
						"0.48": [
							0,
							-2,
							5
						]
					}
				},
				"leftarm": {
					"rotation": {
						"0.0": [
							0,
							0,
							0
						],
						"0.24": [
							-47.5,
							0,
							0
						],
						"0.44": [
							-95,
							0,
							0
						],
						"0.72": [
							"-95",
							35,
							0
						]
					},
					"position": [
						0,
						0,
						0
					],
					"scale": 1
				}
			}
		}
	}
}