{
	"format_version": "1.8.0",
	"animations": {
		"animation.guard.attack": {
			"loop": "hold_on_last_frame",
			"animation_length": 0.72,
			"bones": {
				"body": {
					"rotation": {
						"0.0": [
							0,
							0,
							0
						],
						"0.24": [
							"0-this",
							"17.5-this",
							"0-this"
						],
						"0.36": [
							"0-this",
							"-27.5-this",
							"0-this"
						],
						"0.72": [
							0,
							0,
							0
						]
					}
				},
				"leftLeg": {
					"rotation": {
						"0.0": [
							0,
							0,
							0
						],
						"0.24": [
							"0-this",
							"-12.5-this",
							"0-this"
						],
						"0.36": [
							"12.5-this",
							"10-this",
							"0-this"
						],
						"0.72": [
							0,
							0,
							0
						]
					}
				},
				"rightLeg": {
					"rotation": {
						"0.0": [
							0,
							0,
							0
						],
						"0.24": [
							"15-this",
							"0-this",
							"0-this"
						],
						"0.36": [
							"-7.5-this",
							"20-this",
							"0-this"
						],
						"0.72": [
							0,
							0,
							0
						]
					}
				},
				"rightarm": {
					"rotation": {
						"0.0": [
							0,
							0,
							0
						],
						"0.24": [
							"42.5-this",
							"0-this",
							"0-this"
						],
						"0.36": [
							"-57.5-this",
							"22.5-this",
							"0-this"
						],
						"0.72": [
							0,
							0,
							0
						]
					},
					"position": {
						"0.0": [
							0,
							0,
							0
						],
						"0.72": [
							0,
							0,
							0
						]
					}
				},
				"rightItem": {
					"rotation": {
						"0.0": [
							0,
							0,
							0
						],
						"0.24": [
							-37.5,
							0,
							0
						],
						"0.36": [
							55,
							0,
							0
						],
						"0.72": [
							0,
							0,
							0
						]
					}
				},
				"leftarm": {
					"rotation": {
						"0.0": [
							0,
							0,
							0
						],
						"0.24": [
							"-62.5-this",
							"0-this",
							"0-this"
						],
						"0.36": [
							"57.5-this",
							"0-this",
							"0-this"
						],
						"0.72": [
							0,
							0,
							0
						]
					}
				}
			}
		}
	}
}