{
	"format_version": "1.8.0",
	"animations": {
		"animation.horse_car.walk": {
			"loop": true,
			"anim_time_update": "query.modified_distance_moved",
			"bones": {
				"banh": {
					"rotation": [
						"math.cos(query.anim_time*48.17)*20",
						0,
						0
					]
				},
				"banh2": {
					"rotation": [
						"math.cos(query.anim_time*48.17)*20",
						0,
						0
					]
				},
				"banh3": {
					"rotation": [
						"math.cos(query.anim_time*48.17)*20",
						0,
						0
					]
				},
				"banh4": {
					"rotation": [
						"math.cos(query.anim_time*48.17)*20",
						0,
						0
					]
				}
			}
		},
		"animation.horse_car.open": {
			"loop": true,
			"bones": {
				"cua": {
					"rotation": [
						-132.5,
						0,
						0
					]
				}
			}
		},
		"animation.horse_car.run": {
			"loop": true,
			"animation_length": 0.32,
			"bones": {
				"Tail": {
					"rotation": {
						"0.0": [
							7.5,
							0,
							0
						],
						"0.16": [
							0,
							0,
							0
						],
						"0.32": [
							7.5,
							0,
							0
						]
					}
				},
				"Neck": {
					"rotation": {
						"0.0": [
							0,
							0,
							0
						],
						"0.16": [
							10,
							0,
							0
						],
						"0.32": [
							0,
							0,
							0
						]
					}
				}
			}
		},
		"animation.horse_car.move": {
			"loop": true,
			"bones": {
				"LegBL": {
					"rotation": [
						"variable.tcos0*-1.4",
						0,
						0
					]
				},
				"LegBR": {
					"rotation": [
						"variable.tcos0*1.4",
						0,
						0
					]
				},
				"LegFL": {
					"rotation": [
						"variable.tcos0*1.4",
						0,
						0
					]
				},
				"LegFR": {
					"rotation": [
						"variable.tcos0*-1.4",
						0,
						0
					]
				}
			}
		},
		"animation.horse_car.eat": {
			"loop": true,
			"animation_length": 1.04,
			"bones": {
				"Tail": {
					"rotation": {
						"0.0": [
							0,
							0,
							0
						],
						"0.52": [
							0,
							0,
							0
						],
						"0.64": [
							0,
							0,
							-25
						],
						"0.72": [
							0,
							0,
							12.5
						],
						"0.84": [
							0,
							0,
							0
						]
					}
				},
				"Neck": {
					"rotation": {
						"0.0": [
							92.5,
							0,
							0
						],
						"0.2": [
							90,
							0,
							0
						],
						"0.52": [
							95,
							0,
							0
						],
						"0.72": [
							92.5,
							0,
							0
						],
						"1.04": [
							95,
							0,
							0
						]
					}
				}
			}
		},
		"animation.horse_car.default": {
			"loop": true,
			"animation_length": 2.08,
			"bones": {
				"Tail": {
					"rotation": {
						"0.0": [
							0,
							0,
							0
						],
						"1.4": [
							0,
							0,
							0
						],
						"1.56": [
							0,
							0,
							-7.5
						],
						"1.64": [
							0,
							0,
							-25
						],
						"1.8": [
							0,
							0,
							17.5
						],
						"1.88": [
							0,
							0,
							0
						]
					}
				},
				"Neck": {
					"rotation": {
						"0.0": [
							0,
							0,
							0
						],
						"1.04": [
							2.5,
							0,
							0
						],
						"2.08": [
							0,
							0,
							0
						]
					}
				}
			}
		}
	}
}