{
	"format_version": "1.8.0",
	"animations": {
		"animation.evoker_legend.shootice": {
			"loop": true,
			"bones": {
				"rightArm": {
					"rotation": [
						"query.target_x_rotation-90+math.sin(query.life_time*76.8)*2.865-this",
						"query.target_y_rotation-20",
						"(math.cos(query.life_time*103.2)*2.865)+2.865"
					]
				},
				"leftArm": {
					"rotation": [
						"query.target_x_rotation-90-math.sin(query.life_time*76.8)*2.865-this",
						"query.target_y_rotation+20",
						"-(math.cos(query.life_time*103.2)*2.865)-2.865"
					]
				}
			}
		}
	}
}