{
	"format_version": "1.8.0",
	"animations": {
		"animation.iron_villager.attack": {
			"loop": true,
			"bones": {
				"rightarm": {
					"rotation": [
						"17.5+(variable.attack2*2.2-variable.attack*0.4)+variable.x_bob-this",
						"variable.attack2*0.6-5.73-this",
						"variable.z_bob-this"
					]
				},
				"spear": {
					"rotation": [
						-12.5,
						0,
						0
					]
				},
				"leftarm": {
					"rotation": [
						"-35-this",
						"45-this",
						"0-this"
					],
					"position": [
						0,
						-1,
						-2
					]
				},
				"sheld": {
					"rotation": {
						"0.0": {
							"post": [
								-50,
								40,
								25
							],
							"lerp_mode": "catmullrom"
						}
					},
					"position": [
						2,
						0,
						0
					]
				}
			}
		}
	}
}