{
	"format_version": "1.8.0",
	"animations": {
		"animation.illager_pirate.reload": {
			"loop": "hold_on_last_frame",
			"animation_length": 4,
			"bones": {
				"rightarm": {
					"rotation": {
						"0.0": [
							0,
							0,
							0
						],
						"0.52": [
							"-53.984-this",
							"-48.072-this",
							"48.7015-this"
						],
						"3.64": [
							"-53.98-this",
							"-48.07-this",
							"48.7-this"
						],
						"4.0": [
							"query.target_x_rotation-90+math.sin(query.life_time*76.8)*2.865-this",
							"query.target_y_rotation-20",
							"(math.cos(query.life_time*103.2)*2.865)+2.865"
						]
					}
				},
				"rightItem": {
					"rotation": {
						"0.0": [
							0,
							0,
							0
						],
						"0.52": [
							-97.5,
							0,
							0
						],
						"3.64": [
							-97.5,
							0,
							0
						],
						"4.0": [
							0,
							0,
							0
						]
					}
				},
				"leftarm": {
					"rotation": {
						"0.0": [
							0,
							0,
							0
						],
						"0.52": [
							"-93.8342-this",
							"3.2115-this",
							"39.8925-this"
						],
						"1.56": [
							"-72.4079-this",
							"0.3509-this",
							"66.8348-this"
						],
						"2.08": [
							"-102.4079-this",
							"0.3509-this",
							"66.8348-this"
						],
						"3.12": [
							"-79.9079-this",
							"0.3509-this",
							"66.8348-this"
						],
						"3.64": [
							"-92.4079-this",
							"0.3509-this",
							"66.8348-this"
						],
						"4.0": [
							"query.target_x_rotation-90-math.sin(query.life_time*76.8)*2.865-this",
							"query.target_y_rotation+20",
							"-(math.cos(query.life_time*103.2)*2.865)-2.865"
						]
					}
				}
			}
		},
		"animation.illager_pirate.swim": {
			"loop": true,
			"bones": {
				"waist": {
					"rotation": [
						"variable.swim_amount*(90+query.target_x_rotation)",
						0,
						0
					],
					"position": [
						0,
						"variable.swim_amount*-10-this",
						"variable.swim_amount*9-this"
					]
				},
				"leftLeg": {
					"rotation": [
						"math.lerp(this,math.cos(query.life_time*390+180)*0.3,variable.swim_amount)-this",
						0,
						0
					]
				},
				"rightLeg": {
					"rotation": [
						"math.lerp(this,math.cos(query.life_time*390)*0.3,variable.swim_amount)",
						0,
						0
					]
				},
				"rightarm": {
					"rotation": [
						"math.lerp(this,-180,variable.swim_amount)-(variable.swim_amount*((math.sin(variable.attack_time*180)*57.3)*1.2-(math.sin((1-(1-variable.attack_time)*(1-variable.attack_time))*180)*57.3)*0.4))+(variable.swim_amount*(math.sin(query.life_time*76.776372)*2.865))-this",
						"math.lerp(this,14.325,variable.swim_amount)-this",
						"math.lerp(this,-14.325,variable.swim_amount)+(variable.swim_amount*(math.cos(query.life_time*103.13244)*2.865+2.865))-this"
					]
				},
				"leftarm": {
					"rotation": [
						"math.lerp(this,-180,variable.swim_amount)-(variable.swim_amount*((math.sin(variable.attack_time*180)*57.3)*1.2-(math.sin((1-(1-variable.attack_time)*(1-variable.attack_time))*180)*57.3)*0.4))-(variable.swim_amount*(math.sin(query.life_time*76.776372)*2.865))-this",
						"math.lerp(this,-14.325,variable.swim_amount)-this",
						"math.lerp(this,14.325,variable.swim_amount)-(variable.swim_amount*(math.cos(query.life_time*103.13244)*2.865+2.865))-this"
					]
				}
			}
		},
		"animation.illager_pirate.attack": {
			"loop": true,
			"animation_length": 0.52,
			"bones": {
				"body": {
					"rotation": {
						"0.0": [
							0,
							0,
							0
						],
						"0.36": [
							-5,
							0,
							0
						],
						"0.44": [
							2.5,
							0,
							0
						],
						"0.52": [
							0,
							0,
							0
						]
					}
				},
				"leftLeg": {
					"rotation": {
						"0.0": [
							0,
							0,
							0
						],
						"0.36": [
							-7.5,
							0,
							0
						],
						"0.44": [
							5,
							0,
							0
						],
						"0.52": [
							0,
							0,
							0
						]
					}
				},
				"rightLeg": {
					"rotation": {
						"0.0": [
							0,
							0,
							0
						],
						"0.36": [
							17.5,
							0,
							0
						],
						"0.44": [
							-7.5,
							0,
							0
						],
						"0.52": [
							0,
							0,
							0
						]
					}
				},
				"rightarm": {
					"rotation": {
						"0.0": [
							0,
							0,
							0
						],
						"0.16": [
							-148.47758,
							-6.94899,
							-21.86915
						],
						"0.36": [
							-163.47758,
							-6.94899,
							-21.86915
						],
						"0.4": [
							13.16943,
							-5.52665,
							8.28061
						],
						"0.52": [
							0,
							0,
							0
						]
					}
				},
				"leftarm": {
					"rotation": {
						"0.0": [
							0,
							0,
							0
						],
						"0.32": [
							13.36965,
							6.86379,
							-26.69458
						],
						"0.52": [
							0,
							0,
							0
						]
					}
				}
			}
		}
	}
}