{
	"format_version": "1.8.0",
	"animations": {
		"animation.pillager_guard.attack": {
			"loop": true,
			"animation_length": 0.8,
			"bones": {
				"body": {
					"rotation": {
						"0.0": [
							0,
							0,
							0
						],
						"0.28": [
							"0-this",
							"32.5-this",
							"0-this"
						],
						"0.44": [
							"0-this",
							"-7.5-this",
							"0-this"
						],
						"0.8": [
							0,
							"0-this",
							0
						]
					},
					"position": {
						"0.0": [
							0,
							0,
							0
						],
						"0.8": [
							0,
							0,
							0
						]
					}
				},
				"leftLeg": {
					"rotation": {
						"0.0": [
							0,
							0,
							0
						],
						"0.28": [
							"0-this",
							"-30-this",
							"0-this"
						],
						"0.44": [
							"20-this",
							"-this",
							"0-this"
						],
						"0.8": [
							0,
							0,
							0
						]
					},
					"position": {
						"0.0": [
							0,
							0,
							0
						],
						"0.8": [
							0,
							0,
							0
						]
					}
				},
				"rightLeg": {
					"rotation": {
						"0.0": [
							0,
							0,
							0
						],
						"0.28": [
							"20-this",
							"-25-this",
							"0-this"
						],
						"0.44": [
							"-20-this",
							"-this",
							"0-this"
						],
						"0.8": [
							0,
							0,
							0
						]
					},
					"position": {
						"0.0": [
							0,
							0,
							0
						],
						"0.8": [
							0,
							0,
							0
						]
					}
				},
				"rightarm": {
					"rotation": {
						"0.0": [
							0,
							0,
							0
						],
						"0.28": [
							"27.5-this",
							"-32.5-this",
							"22.5-this"
						],
						"0.44": [
							"-57.5-this",
							"5-this",
							"0-this"
						],
						"0.8": [
							0,
							0,
							0
						]
					},
					"position": {
						"0.0": [
							0,
							0,
							0
						],
						"0.8": [
							0,
							0,
							0
						]
					}
				},
				"rightItem": {
					"rotation": {
						"0.0": [
							0,
							0,
							0
						],
						"0.28": [
							"-32.5-this",
							"0-this",
							"0-this"
						],
						"0.44": [
							"45-this",
							"0-this",
							"0-this"
						],
						"0.8": [
							"0-this",
							0,
							0
						]
					},
					"position": {
						"0.0": [
							0,
							0,
							0
						],
						"0.8": [
							0,
							0,
							0
						]
					}
				},
				"leftarm": {
					"rotation": {
						"0.0": [
							0,
							0,
							0
						],
						"0.28": [
							"-45-this",
							"35-this",
							0
						],
						"0.44": [
							"45-this",
							"2.5-this",
							0
						],
						"0.8": [
							0,
							0,
							0
						]
					},
					"position": {
						"0.0": [
							0,
							0,
							0
						],
						"0.8": [
							0,
							0,
							0
						]
					}
				}
			}
		}
	}
}