{
	"format_version": "1.8.0",
	"animations": {
		"animation.pillager_musket.first_person_main_hand": {
			"loop": true,
			"bones": {
				"rightItem": {
					"rotation": [
						"c.is_first_person?150:0",
						"c.is_first_person?0:0",
						"c.is_first_person?55:0"
					],
					"position": [
						"c.is_first_person?0:0",
						"c.is_first_person?0:0",
						"c.is_first_person?2:0"
					],
					"scale": 1.5
				}
			}
		},
		"animation.pillager_musket.third_person_main_hand": {
			"loop": true,
			"bones": {
				"rightItem": {
					"rotation": [
						90,
						0,
						90
					]
				}
			}
		}
	}
}