{
	"format_version": "1.8.0",
	"animations": {
		"animation.pillager_desert.attack": {
			"loop": true,
			"animation_length": 0.52,
			"bones": {
				"body": {
					"rotation": {
						"0.0": [
							0,
							0,
							0
						],
						"0.24": [
							0,
							22.5,
							0
						],
						"0.32": [
							0,
							-25,
							0
						],
						"0.52": [
							0,
							0,
							0
						]
					}
				},
				"leftLeg": {
					"rotation": {
						"0.0": [
							0,
							0,
							0
						],
						"0.24": [
							0,
							-20,
							0
						],
						"0.32": [
							20,
							17.5,
							0
						],
						"0.52": [
							0,
							0,
							0
						]
					}
				},
				"rightLeg": {
					"rotation": {
						"0.0": [
							0,
							0,
							0
						],
						"0.24": [
							15,
							-20,
							0
						],
						"0.32": [
							-7.5,
							22.5,
							0
						],
						"0.52": [
							0,
							0,
							0
						]
					}
				},
				"rightarm": {
					"rotation": {
						"0.0": [
							0,
							0,
							0
						],
						"0.24": [
							"47.5-this",
							"-this",
							"65-this"
						],
						"0.32": [
							"-62.5-this",
							"-7.5-this",
							"65-this"
						],
						"0.52": [
							0,
							0,
							0
						]
					}
				},
				"leftarm": {
					"rotation": {
						"0.0": [
							0,
							0,
							0
						],
						"0.24": [
							-32.5,
							0,
							-10
						],
						"0.32": [
							47.5,
							0,
							-10
						],
						"0.52": [
							0,
							0,
							0
						]
					}
				},
				"rightItem": {
					"rotation": {
						"0.0": [
							0,
							0,
							0
						],
						"0.24": [
							"27.5-this",
							"-this",
							"-this"
						],
						"0.32": [
							"70-this",
							"-this",
							"-this"
						],
						"0.52": [
							0,
							0,
							0
						]
					}
				}
			}
		}
	}
}