{
	"format_version": "1.8.0",
	"animations": {
		"animation.pillager_general.summon": {
			"animation_length": 2,
			"bones": {
				"rightarm": {
					"rotation": {
						"0.0": [
							0,
							0,
							0
						],
						"0.52": [
							-142.5,
							0,
							0
						],
						"1.04": [
							-179.93,
							0,
							0
						],
						"1.8": [
							-179.93,
							0,
							0
						],
						"2.0": [
							0,
							0,
							0
						]
					},
					"position": {
						"0.0": [
							0,
							0,
							0
						],
						"0.52": [
							0,
							0,
							0
						],
						"0.68": [
							0,
							-1,
							0
						],
						"0.88": [
							0,
							1,
							0
						],
						"1.12": [
							0,
							0,
							0
						],
						"1.28": [
							0,
							-1,
							0
						],
						"1.48": [
							0,
							1,
							0
						]
					}
				}
			}
		}
	}
}