{
	"format_version": "1.8.0",
	"animations": {
		"animation.rocket_pillager.load": {
			"loop": true,
			"animation_length": 2,
			"bones": {
				"rightarm": {
					"rotation": {
						"0.0": [
							0,
							0,
							0
						],
						"0.5": [
							-67.69002,
							-25.71543,
							-10.09541
						],
						"1.0": [
							-63.33882,
							-54.04717,
							1.41189
						],
						"1.2083": [
							-58.50102,
							6.18957,
							1.85216
						],
						"1.2917": [
							-55.34695,
							12.56461,
							5.85874
						],
						"1.5": [
							-34.28912,
							7.02514,
							-2.59375
						],
						"2.0": [
							0,
							0,
							0
						]
					},
					"position": {
						"0.6667": [
							0,
							0,
							0
						],
						"1.0": [
							2,
							-1,
							-2
						],
						"1.2083": [
							0,
							0,
							0
						],
						"1.5": [
							0,
							0,
							0
						],
						"2.0": [
							0,
							0,
							0
						]
					}
				},
				"leftarm": {
					"rotation": {
						"0.0": [
							0,
							0,
							0
						],
						"0.2917": [
							-62.5,
							0,
							0
						],
						"1.5": [
							-62.5,
							0,
							0
						],
						"2.0": [
							0,
							0,
							0
						]
					},
					"position": {
						"0.0": [
							0,
							0,
							0
						],
						"0.4167": [
							0,
							-1,
							-2
						],
						"1.5": [
							0,
							-1,
							-2
						],
						"2.0": [
							0,
							0,
							0
						]
					}
				}
			}
		}
	}
}