{
	"format_version": "1.8.0",
	"animations": {
		"animation.iron_villager.start": {
			"loop": "hold_on_last_frame",
			"animation_length": 1,
			"bones": {
				"head": {
					"rotation": {
						"0.0": [
							20,
							0,
							0
						],
						"0.52": [
							20,
							0,
							0
						],
						"0.68": [
							0,
							0,
							0
						],
						"1.0": [
							0,
							0,
							0
						]
					}
				},
				"rightarm": {
					"rotation": {
						"0.0": [
							-75,
							-27.5,
							0
						],
						"0.52": [
							-75,
							-27.5,
							0
						],
						"0.76": [
							-107.84,
							-23.04,
							0
						],
						"1.0": [
							0,
							0,
							0
						]
					}
				},
				"spear": {
					"rotation": {
						"0.0": [
							-15,
							0,
							0
						],
						"0.52": [
							-15,
							0,
							0
						],
						"0.76": [
							15.91,
							0,
							0
						],
						"1.0": [
							0,
							0,
							0
						]
					},
					"position": {
						"0.0": [
							0,
							-2,
							5
						],
						"0.52": [
							0,
							-2,
							5
						],
						"0.76": [
							0,
							1.32,
							5
						],
						"1.0": [
							0,
							0,
							5
						]
					}
				},
				"leftarm": {
					"rotation": {
						"0.0": [
							-72.5,
							22.5,
							0
						],
						"0.52": [
							-72.5,
							22.5,
							0
						],
						"1.0": [
							0,
							0,
							0
						]
					}
				}
			}
		}
	}
}