{
	"format_version": "1.8.0",
	"animations": {
		"animation.tru.spawn": {
			"loop": "hold_on_last_frame",
			"animation_length": 0.36,
			"bones": {
				"1": {
					"rotation": {
						"0.0": [
							0,
							0,
							-15
						],
						"0.16": [
							0,
							0,
							-15
						],
						"0.24": [
							0,
							0,
							25
						],
						"0.32": [
							0,
							0,
							0
						]
					}
				},
				"2": {
					"rotation": {
						"0.0": [
							0,
							0,
							15
						],
						"0.16": [
							0,
							0,
							15
						],
						"0.24": [
							0,
							0,
							-25
						],
						"0.32": [
							0,
							0,
							0
						]
					}
				},
				"body": {
					"rotation": {
						"0.0": [
							0,
							0,
							0
						],
						"1.0": [
							0,
							0,
							0
						],
						"2.0": [
							0,
							0,
							0
						]
					},
					"position": {
						"0.0": [
							0,
							-27,
							0
						],
						"0.16": [
							0,
							2,
							0
						],
						"0.28": [
							0,
							0,
							0
						]
					},
					"scale": 1
				}
			}
		},
		"animation.tru.end": {
			"loop": "hold_on_last_frame",
			"animation_length": 0.4,
			"bones": {
				"1": {
					"rotation": {
						"0.0": [
							0,
							0,
							0
						],
						"0.12": [
							0,
							0,
							42.5
						],
						"0.28": [
							0,
							0,
							105.71
						],
						"0.4": [
							0,
							0,
							0
						]
					}
				},
				"2": {
					"rotation": {
						"0.0": [
							0,
							0,
							0
						],
						"0.12": [
							0,
							0,
							-35
						],
						"0.28": [
							0,
							0,
							-100
						],
						"0.4": [
							0,
							0,
							0
						]
					}
				},
				"body": {
					"rotation": {
						"0.0": [
							0,
							0,
							0
						],
						"1.0": [
							0,
							0,
							0
						],
						"2.0": [
							0,
							0,
							0
						]
					},
					"position": {
						"0.0": [
							0,
							0,
							0
						],
						"0.4": [
							0,
							-27,
							0
						]
					},
					"scale": 1
				}
			}
		}
	}
}