{
	"format_version": "1.8.0",
	"animations": {
		"animation.viking_boat.move": {
			"loop": true,
			"bones": {
				"1": {
					"rotation": [
						-12.5,
						0,
						0
					]
				},
				"2": {
					"rotation": [
						12.5,
						0,
						0
					]
				},
				"3": {
					"rotation": [
						10,
						0,
						0
					]
				},
				"4": {
					"rotation": [
						-20,
						0,
						0
					]
				},
				"5": {
					"rotation": [
						10,
						0,
						0
					]
				},
				"6": {
					"rotation": [
						10,
						0,
						0
					]
				},
				"7": {
					"rotation": [
						30,
						0,
						0
					]
				},
				"cayd": {
					"rotation": [
						-10,
						0,
						0
					]
				},
				"cayd2": {
					"rotation": [
						-27.5,
						0,
						0
					]
				}
			}
		},
		"animation.viking_boat.stand": {
			"loop": true,
			"bones": {
				"1": {
					"scale": [
						1,
						0.1,
						1
					]
				},
				"4": {
					"scale": [
						1,
						0.2,
						1
					]
				},
				"cayd2": {
					"scale": [
						1,
						5,
						1
					]
				},
				"cayd": {
					"position": [
						0,
						-8,
						0
					],
					"scale": [
						1,
						10,
						1
					]
				}
			}
		},
		"animation.viking_boat.default": {
			"loop": true,
			"animation_length": 5,
			"bones": {
				"body": {
					"rotation": {
						"0.0": [
							0,
							0,
							0
						],
						"1.56": [
							0,
							0,
							-5
						],
						"3.12": [
							0,
							0,
							5
						],
						"5.0": [
							0,
							0,
							0
						]
					}
				}
			}
		}
	}
}