{
	"format_version": "1.8.0",
	"animations": {
		"animation.villagercannon.move": {
			"loop": true,
			"bones": {
				"leftLeg": {
					"rotation": [
						"variable.tcos0*-1.4",
						0,
						0
					]
				},
				"rightLeg": {
					"rotation": [
						"variable.tcos0*1.4",
						0,
						0
					]
				},
				"banh": {
					"rotation": [
						"query.modified_distance_moved*38",
						0,
						0
					]
				},
				"banh1": {
					"rotation": [
						"query.modified_distance_moved*38",
						0,
						0
					]
				}
			}
		},
		"animation.villagercannon.default": {
			"loop": true,
			"bones": {
				"rightarm": {
					"rotation": [
						-5,
						0,
						0
					]
				},
				"leftarm": {
					"rotation": [
						-5,
						0,
						0
					]
				},
				"cannon": {
					"rotation": [
						2.5,
						0,
						0
					]
				}
			}
		},
		"animation.villagercannon.load": {
			"loop": true,
			"animation_length": 1.5,
			"bones": {
				"rightarm": {
					"rotation": {
						"0.0": [
							0,
							0,
							0
						],
						"0.3333": [
							-43.21918,
							-13.99545,
							-14.43276
						],
						"0.8333": [
							-70.75741,
							-24.42374,
							-4.26305
						],
						"1.25": [
							-70.75741,
							-24.42374,
							-4.26305
						],
						"1.5": [
							0,
							0,
							0
						]
					},
					"position": {
						"0.5833": [
							0,
							0,
							0
						],
						"0.8333": [
							0,
							0,
							-2
						],
						"1.25": [
							0,
							0,
							-2
						],
						"1.5": [
							0,
							0,
							0
						]
					}
				},
				"leftarm": {
					"rotation": {
						"0.0": [
							0,
							0,
							0
						],
						"0.3333": [
							-69.19995,
							26.94622,
							13.71217
						],
						"0.5": [
							-69.19995,
							26.94622,
							13.71217
						],
						"0.8333": [
							-44.19995,
							26.94622,
							13.71217
						],
						"1.25": [
							-44.19995,
							26.94622,
							13.71217
						],
						"1.5": [
							0,
							0,
							0
						]
					}
				}
			}
		},
		"animation.villagercannon.notarget": {
			"loop": true,
			"bones": {
				"rightarm": {
					"rotation": [
						-17.5,
						0,
						0
					]
				},
				"leftarm": {
					"rotation": [
						-17.5,
						0,
						0
					]
				},
				"cannon": {
					"rotation": [
						7.5,
						0,
						0
					]
				}
			}
		},
		"animation.villagercannon.sung": {
			"loop": true,
			"bones": {
				"sung": {
					"rotation": [
						"query.target_x_rotation",
						0,
						0
					]
				}
			}
		}
	}
}