{
	"format_version": "1.8.0",
	"animations": {
		"animation.villager_pistol.attack": {
			"loop": true,
			"animation_length": 2.6,
			"bones": {
				"rightarm": {
					"rotation": {
						"0.0": [
							"-42.5-this",
							"-35-this",
							"-this"
						],
						"0.52": [
							"-62.5-this",
							"-45-this",
							"-15-this"
						],
						"1.56": [
							"-62.5-this",
							"-45-this",
							"-15-this"
						],
						"2.08": [
							"query.target_x_rotation-90+math.sin(query.life_time*76.8)*2.865-this",
							"query.target_y_rotation-5.73",
							"(math.cos(query.life_time*103.2)*2.865)+2.865"
						]
					},
					"position": {
						"0.0": [
							0,
							0,
							0
						],
						"0.52": [
							1,
							0,
							-2
						],
						"1.56": [
							1,
							0,
							-2
						],
						"2.08": [
							0,
							0,
							0
						]
					}
				},
				"rightItem": {
					"rotation": {
						"0.0": [
							0,
							0,
							0
						],
						"0.52": [
							-75,
							0,
							0
						],
						"1.56": [
							-75,
							0,
							0
						],
						"2.08": [
							0,
							0,
							0
						]
					}
				},
				"leftarm": {
					"rotation": {
						"0.0": [
							"-95-this",
							"-this",
							"-this"
						],
						"0.52": [
							"-110-this",
							"22.5-this",
							"-this"
						],
						"0.68": [
							"-110-this",
							"22.5-this",
							"-this"
						],
						"0.8": [
							"-117.5-this",
							"22.5-this",
							"-this"
						],
						"1.04": [
							"-105-this",
							"22.5-this",
							"-this"
						],
						"1.32": [
							"-117.5-this",
							"22.5-this",
							"-this"
						],
						"1.56": [
							"-107.5-this",
							"22.5-this",
							"-this"
						],
						"2.08": [
							"query.target_x_rotation-90-math.sin(query.life_time*76.8)*2.865-this",
							"query.target_y_rotation+28.65",
							"-(math.cos(query.life_time*103.2)*2.865)-2.865"
						]
					}
				}
			}
		},
		"animation.villager_pistol.reloading": {
			"loop": "hold_on_last_frame",
			"animation_length": 4.52,
			"bones": {
				"rightarm": {
					"rotation": {
						"0.0": [
							0,
							0,
							0
						],
						"0.52": [
							"-57.5-this",
							"-this",
							"-this"
						],
						"0.8": [
							"-38.7352-this",
							"-30.8922-this",
							"-22.4056-this"
						],
						"1.08": [
							"-33.9054-this",
							"-49.8626-this",
							"4.2233-this"
						],
						"4.52": [
							"-33.9054-this",
							"-49.8626-this",
							"4.2233-this"
						]
					}
				},
				"rightItem": {
					"rotation": {
						"0.0": [
							0,
							0,
							0
						],
						"0.8": [
							0,
							0,
							0
						],
						"1.04": [
							-62.5,
							0,
							0
						],
						"4.52": [
							-62.5,
							0,
							0
						]
					}
				},
				"leftarm": {
					"rotation": {
						"0.0": [
							0,
							0,
							0
						],
						"1.04": [
							"-this",
							"-this",
							"-this"
						],
						"1.56": [
							"-110.6469-this",
							"14.0761-this",
							"-5.2362-this"
						],
						"2.08": [
							"-83.798-this",
							"20.8291-this",
							"17.2924-this"
						],
						"2.28": [
							"-78.798-this",
							"20.8291-this",
							"17.2924-this"
						],
						"2.8": [
							"-106.298-this",
							"20.8291-this",
							"17.2924-this"
						],
						"2.96": [
							"-108.798-this",
							"20.8291-this",
							"17.2924-this"
						],
						"3.4": [
							"-91.298-this",
							"20.8291-this",
							"17.2924-this"
						],
						"3.56": [
							"-83.798-this",
							"20.8291-this",
							"17.2924-this"
						],
						"4.0": [
							"-108.798-this",
							"20.8291-this",
							"17.2924-this"
						],
						"4.16": [
							"-116.298-this",
							"20.8291-this",
							"17.2924-this"
						],
						"4.52": [
							"-82.1733-this",
							"7.2731-this",
							"23.9305-this"
						]
					}
				}
			}
		}
	}
}