{
	"format_version": "1.8.0",
	"animations": {
		"animation.villager_bow.charge": {
			"loop": true,
			"animation_length": 0.24,
			"bones": {
				"rightarm": {
					"rotation": {
						"0.0": [
							0,
							0,
							0
						],
						"0.24": [
							-40,
							-32.5,
							0
						]
					}
				},
				"leftarm": {
					"rotation": {
						"0.0": [
							0,
							0,
							0
						],
						"0.24": [
							-50,
							7.5,
							55
						]
					}
				}
			}
		},
		"animation.villagersoldier.ride": {
			"loop": true,
			"bones": {
				"body": {
					"position": [
						0,
						-8,
						0
					]
				}
			}
		},
		"animation.villagersoldier.charge": {
			"loop": true,
			"bones": {
				"rightarm": {
					"rotation": [
						"-39.2018-this",
						"-30.2446-this",
						"-7.349-this"
					]
				},
				"leftarm": {
					"rotation": [
						"-52.1883-this",
						"21.9109-this",
						"37.8117-this"
					]
				}
			}
		}
	}
}