{
	"format_version": "1.8.0",
	"animations": {
		"animation.villager_knight.attack": {
			"loop": true,
			"animation_length": 1,
			"bones": {
				"body": {
					"rotation": {
						"0.0": [
							0,
							0,
							0
						],
						"0.52": [
							0,
							"22.5-this",
							0
						],
						"0.6": [
							0,
							"-15-this",
							0
						],
						"1.0": [
							0,
							0,
							0
						]
					},
					"position": {
						"0.0": [
							0,
							0,
							0
						],
						"0.52": [
							0,
							0,
							2
						],
						"0.6": [
							0,
							0,
							-3
						],
						"1.0": [
							0,
							0,
							0
						]
					}
				},
				"leftLeg": {
					"rotation": {
						"0.0": [
							0,
							0,
							0
						],
						"0.52": [
							"17.5-this",
							"-12.5-this",
							0
						],
						"0.6": [
							"-20-this",
							"2.5-this",
							0
						],
						"1.0": [
							0,
							0,
							0
						]
					}
				},
				"rightLeg": {
					"rotation": {
						"0.0": [
							0,
							0,
							0
						],
						"0.52": [
							"-17.5-this",
							"-20-this",
							0
						],
						"0.6": [
							"17.5-this",
							"10-this",
							"2.5-this"
						],
						"1.0": [
							0,
							0,
							0
						]
					}
				},
				"rightarm": {
					"rotation": {
						"0.0": [
							0,
							0,
							0
						],
						"0.52": [
							"57.5-this",
							"-12.5-this",
							"7.5-this"
						],
						"0.6": [
							-72.5,
							"12.5-this",
							"7.5-this"
						],
						"1.0": [
							0,
							0,
							0
						]
					}
				},
				"rightItem": {
					"rotation": {
						"0.0": [
							0,
							0,
							0
						],
						"0.52": [
							"-42.5-this",
							"0-this",
							"0-this"
						],
						"0.6": [
							"67.5-this",
							"0-this",
							"0-this"
						],
						"1.0": [
							0,
							0,
							0
						]
					}
				},
				"leftarm": {
					"rotation": {
						"0.0": [
							0,
							0,
							0
						],
						"0.52": [
							"-67.5-this",
							"-15-this",
							0
						],
						"0.6": [
							"47.5-this",
							"-15-this",
							0
						],
						"1.0": [
							0,
							0,
							0
						]
					}
				}
			}
		},
		"animation.villager_knight.attack3": {
			"loop": true,
			"animation_length": 1,
			"bones": {
				"body": {
					"rotation": {
						"0.0": [
							0,
							0,
							0
						],
						"0.36": [
							-7.5,
							0,
							0
						],
						"0.52": [
							-10,
							0,
							0
						],
						"0.6": [
							10,
							0,
							0
						],
						"0.76": [
							12.5,
							0,
							0
						],
						"1.0": [
							0,
							0,
							0
						]
					}
				},
				"rightLeg": {
					"rotation": {
						"0.0": [
							0,
							0,
							0
						],
						"0.36": [
							12.5,
							0,
							0
						],
						"0.52": [
							15,
							0,
							0
						],
						"0.6": [
							-7.5,
							0,
							0
						],
						"0.76": [
							-10,
							0,
							0
						],
						"1.0": [
							0,
							0,
							0
						]
					}
				},
				"rightarm": {
					"rotation": {
						"0.0": [
							0,
							0,
							0
						],
						"0.36": [
							-130,
							0,
							0
						],
						"0.52": [
							-197.5,
							0,
							0
						],
						"0.6": [
							-47.5,
							0,
							0
						],
						"0.76": [
							30,
							0,
							0
						],
						"1.0": [
							0,
							0,
							0
						]
					}
				},
				"leftarm": {
					"rotation": {
						"0.0": [
							0,
							0,
							0
						],
						"0.36": [
							-50,
							0,
							0
						],
						"0.52": [
							-57.5,
							0,
							0
						],
						"0.6": [
							25,
							0,
							0
						],
						"0.76": [
							35,
							0,
							0
						],
						"1.0": [
							0,
							0,
							0
						]
					}
				}
			}
		}
	}
}