{
	"format_version": "1.8.0",
	"animations": {
		"animation.villager_soldier_musket.attack": {
			"loop": true,
			"animation_length": 2.08,
			"bones": {
				"rightarm": {
					"rotation": {
						"0.0": [
							"-65-this",
							"-27.5-this",
							"-this"
						],
						"0.72": [
							"-65-this",
							"-27.5-this",
							"-this"
						],
						"1.04": [
							"-37.5-this",
							"-27.5-this",
							"-this"
						],
						"1.28": [
							"-37.5-this",
							"-27.5-this",
							"-this"
						],
						"1.56": [
							"-32.5-this",
							"-27.5-this",
							"-this"
						],
						"1.84": [
							"-32.5-this",
							"-27.5-this",
							"-this"
						],
						"2.08": [
							"-37.5-this",
							"-27.5-this",
							"-this"
						]
					}
				},
				"leftarm": {
					"rotation": {
						"0.0": [
							"-80-this",
							"27.5-this",
							"35-this"
						],
						"0.52": [
							"-80-this",
							"45-this",
							"35-this"
						],
						"0.72": [
							"-80-this",
							"32.5-this",
							"35-this"
						],
						"1.04": [
							"-60-this",
							"32.5-this",
							"35-this"
						],
						"1.28": [
							"-60-this",
							"32.5-this",
							"35-this"
						],
						"1.56": [
							"-56.3307-this",
							"17.0254-this",
							"25.953-this"
						],
						"1.84": [
							"-56.3307-this",
							"17.0254-this",
							"25.953-this"
						],
						"2.08": [
							"-55.0816-this",
							"29.2605-this",
							"35.4197-this"
						]
					}
				}
			}
		},
		"animation.villager_soldier_musket.default": {
			"loop": true,
			"bones": {
				"rightarm": {
					"rotation": [
						"-27.4106-this",
						"-2.3064-this",
						"-4.4375-this"
					]
				},
				"rightItem": {
					"rotation": [
						-160,
						"-this",
						"-this"
					],
					"position": [
						0,
						1,
						-4
					]
				}
			}
		}
	}
}