{
	"format_version": "1.8.0",
	"animations": {
		"animation.villager.sit": {
			"loop": "hold_on_last_frame",
			"animation_length": 0.36,
			"bones": {
				"body": {
					"rotation": {
						"0.0": [
							0,
							0,
							0
						],
						"1.0": [
							0,
							0,
							0
						],
						"2.0": [
							0,
							0,
							0
						]
					},
					"position": {
						"0.0": [
							0,
							0,
							0
						],
						"0.36": [
							0,
							-10,
							0
						]
					}
				},
				"leftLeg": {
					"rotation": {
						"0.0": [
							0,
							0,
							0
						],
						"0.36": [
							-90,
							-10,
							0
						]
					}
				},
				"rightLeg": {
					"rotation": {
						"0.0": [
							0,
							0,
							0
						],
						"0.36": [
							-90,
							17.5,
							0
						]
					},
					"position": {
						"0.0": [
							0,
							0,
							0
						],
						"1.0": [
							0,
							0,
							0
						],
						"2.0": [
							0,
							0,
							0
						]
					}
				},
				"rightarm": {
					"rotation": {
						"0.0": [
							0,
							0,
							0
						],
						"0.36": [
							-47.5,
							-20,
							0
						]
					},
					"position": {
						"0.0": [
							0,
							0,
							0
						],
						"1.0": [
							0,
							0,
							0
						],
						"2.0": [
							0,
							0,
							0
						]
					}
				},
				"leftarm": {
					"rotation": {
						"0.0": [
							0,
							0,
							0
						],
						"0.36": [
							-52.5,
							27.5,
							0
						]
					},
					"position": {
						"0.0": [
							0,
							0,
							0
						],
						"1.0": [
							0,
							0,
							0
						],
						"2.0": [
							0,
							0,
							0
						]
					}
				}
			}
		},
		"animation.villager.sheild": {
			"loop": true,
			"bones": {
				"leftarm": {
					"rotation": [
						"-75-this",
						0,
						0
					]
				},
				"leftItem": {
					"rotation": [
						0,
						12.5,
						90
					],
					"position": [
						0,
						-2,
						0
					]
				}
			}
		}
	}
}