{
	"file_path": "C:\\Users\\TJ\\AppData\\Local\\Packages\\Microsoft.MinecraftUWP_8wekyb3d8bbwe\\LocalState\\games\\com.mojang\\development_resource_packs\\Mobs RP\\entity\\illagers\\evocation_illager.entity.json",
	"file_type": "client_entity",
	"format_version": 1,
	"file_uuid": "2e279b53_ae89_4d26_9921_639258d5b3c9",
	"file_version": 0,
	"cache_content": {
		"children": [
			{
				"data": "1.8.0",
				"key": "format_version"
			},
			{
				"open": {
					"format_version": "1.8.0",
					"minecraft:client_entity": {
						"description": {
							"identifier": "minecraft:evocation_illager",
							"materials": {
								"default": "evoker"
							},
							"textures": {
								"default": "textures/entity/illager/evoker"
							},
							"geometry": {
								"default": "geometry.evoker"
							},
							"scripts": {
								"scale": 0.9375
							},
							"animations": {
								"general": "animation.evoker.general.v1.0",
								"casting": "animation.evoker.casting.v1.0",
								"look_at_target": "animation.humanoid.look_at_target.default.v1.0",
								"move": "animation.villager.move"
							},
							"animation_controllers": [
								{
									"general": "controller.animation.evoker.general.v1.0"
								},
								{
									"move": "controller.animation.villager.move"
								}
							],
							"particle_effects": {
								"spell": "minecraft:evoker_spell"
							},
							"render_controllers": [
								"controller.render.evoker"
							],
							"spawn_egg": {
								"texture": "spawn_egg",
								"texture_index": 40
							}
						}
					}
				},
				"key": "minecraft:client_entity",
				"children": [
					{
						"open": {
							"description": {
								"identifier": "minecraft:evocation_illager",
								"materials": {
									"default": "evoker"
								},
								"textures": {
									"default": "textures/entity/illager/evoker"
								},
								"geometry": {
									"default": "geometry.evoker"
								},
								"scripts": {
									"scale": 0.9375
								},
								"animations": {
									"general": "animation.evoker.general.v1.0",
									"casting": "animation.evoker.casting.v1.0",
									"look_at_target": "animation.humanoid.look_at_target.default.v1.0",
									"move": "animation.villager.move"
								},
								"animation_controllers": [
									{
										"general": "controller.animation.evoker.general.v1.0"
									},
									{
										"move": "controller.animation.villager.move"
									}
								],
								"particle_effects": {
									"spell": "minecraft:evoker_spell"
								},
								"render_controllers": [
									"controller.render.evoker"
								],
								"spawn_egg": {
									"texture": "spawn_egg",
									"texture_index": 40
								}
							}
						},
						"key": "description",
						"children": [
							{
								"data": "minecraft:evocation_illager",
								"key": "identifier"
							},
							{
								"key": "materials",
								"is_minified": true,
								"children": {
									"default": "evoker"
								}
							},
							{
								"key": "textures",
								"is_minified": true,
								"children": {
									"default": "textures/entity/illager/evoker"
								}
							},
							{
								"open": {
									"identifier": "minecraft:evocation_illager",
									"materials": {
										"default": "evoker"
									},
									"textures": {
										"default": "textures/entity/illager/evoker"
									},
									"geometry": {
										"default": "geometry.evoker"
									},
									"scripts": {
										"scale": 0.9375
									},
									"animations": {
										"general": "animation.evoker.general.v1.0",
										"casting": "animation.evoker.casting.v1.0",
										"look_at_target": "animation.humanoid.look_at_target.default.v1.0",
										"move": "animation.villager.move"
									},
									"animation_controllers": [
										{
											"general": "controller.animation.evoker.general.v1.0"
										},
										{
											"move": "controller.animation.villager.move"
										}
									],
									"particle_effects": {
										"spell": "minecraft:evoker_spell"
									},
									"render_controllers": [
										"controller.render.evoker"
									],
									"spawn_egg": {
										"texture": "spawn_egg",
										"texture_index": 40
									}
								},
								"key": "geometry",
								"is_minified": true,
								"children": {
									"default": "geometry.evoker"
								}
							},
							{
								"key": "scripts",
								"is_minified": true,
								"children": {
									"scale": 0.9375
								}
							},
							{
								"key": "animations",
								"is_minified": true,
								"children": {
									"general": "animation.evoker.general.v1.0",
									"casting": "animation.evoker.casting.v1.0",
									"look_at_target": "animation.humanoid.look_at_target.default.v1.0",
									"move": "animation.villager.move"
								}
							},
							{
								"key": "animation_controllers",
								"is_minified": true,
								"children": [
									{
										"general": "controller.animation.evoker.general.v1.0"
									},
									{
										"move": "controller.animation.villager.move"
									}
								]
							},
							{
								"key": "particle_effects",
								"is_minified": true,
								"children": {
									"spell": "minecraft:evoker_spell"
								}
							},
							{
								"key": "render_controllers",
								"is_minified": true,
								"children": [
									"controller.render.evoker"
								]
							},
							{
								"key": "spawn_egg",
								"is_minified": true,
								"children": {
									"texture": "spawn_egg",
									"texture_index": 40
								}
							}
						]
					}
				]
			}
		]
	}
}