{
   "mv:copper_encased_pumpkin" : {
      "sound" : "copper",
      "textures" : {
         "down" : "copper_up",
         "east" : "copper_side",
         "north" : "copper_side",
         "south" : "copper_face",
         "up" : "copper_up",
         "west" : "copper_side"
      }
   },
   "mv:tuff_encased_pumpkin" : {
      "sound" : "tuff",
      "textures" : {
         "down" : "tuff_up",
         "east" : "tuff_side",
         "north" : "tuff_side",
         "south" : "tuff_face",
         "up" : "tuff_up",
         "west" : "tuff_side"
      }
   }
}