{
  "entity_sounds": {
    "entities": {
      "mv:moobloom": {
        "volume": 1.0,
        "pitch": [
          0.8,
          1.2
        ],
        "events": {
          "ambient": "mob.cow.say",
          "hurt": "mob.cow.hurt",
          "death": "mob.cow.hurt",
          "step": {
            "sound": "mob.cow.step",
            "volume": 0.15,
            "pitch": 1.0
          }
        }
      },
         "mv:penguin" : {
            "events" : {
               "ambient" : "mob.bat.idle",
               "death" : "mob.dolphin.death",
               "hurt" : "mob.dolphin.hurt"
            },
            "pitch" : [ 0.960, 1.340 ],
            "volume" : 0.5
         },
         "mv:crab" : {
            "events" : {
               "ambient" : "mob.skeleton.say",
               "death" : "mob.skeleton.say",
               "hurt" : "mob.skeleton.say",
               "step" : {
                  "pitch" : [ 0.80, 1.0 ],
                  "sound" : "mob.spider.step",
                  "volume" : 0.350
               }
            },
            "pitch" : [ 0.3, 0.5 ],
            "volume" : 0.75
         },
      "mv:copper_golem": {
        "volume": 1.0,
        "pitch": [
          1.6,
          1.8
        ],
        "events": {
          "ambient": "mob.irongolem.say",
          "hurt": "mob.irongolem.hit",
          "death": "mob.irongolem.death",
          "step": {
            "sound": "mob.irongolem.walk",
            "volume": 1.0,
            "pitch": 1.4
          },
          "throw": {
            "sound": "mob.irongolem.throw",
            "volume": 1.0,
            "pitch": 1.4
          }
        }
      },
      "mv:tuff_golem": {
        "volume": 1.0,
        "pitch": [
          0.6,
          0.7
        ],
        "events": {
          "ambient": "mob.irongolem.say",
          "hurt": "mob.irongolem.hit",
          "death": "mob.irongolem.death",
          "step": {
            "sound": "mob.irongolem.walk",
            "volume": 1.0,
            "pitch": 1.4
          },
          "throw": {
            "sound": "mob.irongolem.throw",
            "volume": 1.0,
            "pitch": 1.4
          }
        }
      },
         "mv:glare" : {
            "events" : {
               "ambient" : "mob.sniffer.idle",
               "death" : "mob.sniffer.death",
               "eat" : "mob.sniffer.eat",
               "hurt" : "mob.sniffer.hurt"
            },
            "pitch" : [ 1.6, 1.7 ],
            "volume" : 0.2
         },
			"mv:rascal": {
				"events" : {
                           "ambient" : "mob.fox.ambient",
                           "death" : "mob.fox.death",
                           "eat" : "mob.fox.eat",
                           "hurt" : "mob.fox.hurt",
                           "step" : {
                              "pitch" : [ 0.90, 1.10 ],
                              "sound" : "mob.cow.step",
                              "volume" : 0.1
                           }
                        },
                        "pitch" : [ 1.6, 2.0 ],
                        "volume" : 0.35
			},
      "mv:iceologer" : {
            "events" : {
               "ambient" : "mob.evocation_illager.ambient",
               "ambient.in.raid" : {
                  "pitch" : [ 0.80, 1.0 ],
                  "sound" : "mob.evocation_illager.ambient",
                  "volume" : 3.0
               },
               "celebrate" : "mob.evocation_illager.celebrate",
               "death" : "mob.evocation_illager.death",
               "hurt" : "mob.evocation_illager.hurt",
               "prepare.attack" : "mob.evocation_illager.prepare_attack",
               "prepare.summon" : "mob.evocation_illager.prepare_summon",
               "prepare.wololo" : "mob.evocation_illager.prepare_wololo",
               "cast.spell" : "mob.evocation_illager.cast_spell"
            },
            "pitch" : [ 0.8, 1.0 ],
            "volume" : 1.0
         }
  }
}
}