{
	"format_version": "1.10.0",
	"geometry.brickhead": {
		"texturewidth": 64,
		"textureheight": 64,
		"visible_bounds_width": 2,
		"visible_bounds_height": 4,
		"visible_bounds_offset": [0, 2, 0],
		"bones": [
			{
				"name": "head",
				"pivot": [0, 24, 0],
				"cubes": [
					{"origin": [-5, 23, -5], "size": [10, 10, 10], "uv": [0, 0], "inflate": 0.2},
					{"origin": [-1, 33, -1], "size": [2, 3, 2], "uv": [0, 0], "inflate": 0.2},
					{"origin": [-4, 26, -4], "size": [8, 6, 8], "uv": [0, 50], "inflate": 1.51},
					{"origin": [-5.5, 30.5, -5.5], "size": [5, 3, 5], "uv": [15, 24]},
					{"origin": [0.5, 30.5, -5.5], "size": [5, 3, 5], "uv": [15, 24]},
					{"origin": [2, 31, -5], "size": [4, 3, 3], "uv": [50, 11]},
					{"origin": [0.23205, 25.13397, -5.5], "size": [16, 16, 4], "uv": [24, 32], "inflate": -2, "mirror": true},
					{"origin": [-5.5, 22.5, -5.5], "size": [5, 3, 5], "uv": [15, 24]},
					{"origin": [-5.5, 22.5, 0.5], "size": [5, 3, 5], "uv": [15, 24]},
					{"origin": [-5.5, 30.5, 0.5], "size": [5, 3, 5], "uv": [15, 24]},
					{"origin": [0.5, 30.5, 0.5], "size": [5, 3, 5], "uv": [15, 24]},
					{"origin": [0.5, 22.5, -5.5], "size": [5, 3, 5], "uv": [15, 24]},
					{"origin": [0.5, 22.5, 0.5], "size": [5, 3, 5], "uv": [15, 24]},
					{"origin": [-5.5, 26.5, -5.5], "size": [2, 3, 11], "uv": [38, 18]},
					{"origin": [-1.5, 26.5, 4.5], "size": [3, 3, 1], "uv": [6, 28]},
					{"origin": [-2.5, 26.5, 4.5], "size": [1, 3, 1], "uv": [8, 28]},
					{"origin": [1.5, 26.5, 4.5], "size": [1, 3, 1], "uv": [6, 28]},
					{"origin": [3.5, 26.5, -5.5], "size": [2, 3, 11], "uv": [38, 18]}
				]
			}
		]
	}
}