{
	"format_version": "1.10.0",
	"geometry.conehead": {
		"texturewidth": 64,
		"textureheight": 32,
		"visible_bounds_width": 2,
		"visible_bounds_height": 4,
		"visible_bounds_offset": [0, 2, 0],
		"bones": [
			{
				"name": "head",
				"pivot": [0, 23, 0]
			},
			{
				"name": "bone",
				"parent": "head",
				"pivot": [0, -1, -4],
				"rotation": [-7.5, 0, 0],
				"cubes": [
					{"origin": [-5, 30, -9], "size": [10, 3, 10], "uv": [0, 0]},
					{"origin": [-5, 30, -12], "size": [10, 0, 3], "uv": [-3, 13]},
					{"origin": [-5, 30, 1], "size": [10, 0, 3], "uv": [17, 13], "mirror": true},
					{"origin": [-8, 30, -9], "size": [3, 0, 10], "uv": [-10, 17]},
					{"origin": [5, 30, -9], "size": [3, 0, 10], "uv": [-10, 17], "mirror": true}
				]
			},
			{
				"name": "bone2",
				"parent": "head",
				"pivot": [0, -1, -4],
				"rotation": [-7.5, 0, 0],
				"cubes": [
					{"origin": [-4, 33, -8], "size": [8, 5, 8], "uv": [0, 19]}
				]
			},
			{
				"name": "bone3",
				"parent": "head",
				"pivot": [0, -1, -4],
				"rotation": [-7.5, 0, 0],
				"cubes": [
					{"origin": [-3, 38, -7], "size": [6, 6, 6], "uv": [40, 20]},
					{"origin": [-2, 44, -6], "size": [4, 3, 4], "uv": [48, 0]}
				]
			}
		]
	}
}