{
	"format_version": "1.10.0",
	"geometry.mummy_conehead": {
		"texturewidth": 64,
		"textureheight": 32,
		"visible_bounds_width": 2,
		"visible_bounds_height": 4,
		"visible_bounds_offset": [0, 2, 0],
		"bones": [
			{
				"name": "head",
				"pivot": [0, 23, 0]
			},
			{
				"name": "bone",
				"parent": "head",
				"pivot": [0, -1, -4],
				"rotation": [-7.5, 0, 0],
				"cubes": [
					{"origin": [-5, 30, -9], "size": [10, 3, 10], "uv": [0, 0]}
				]
			},
			{
				"name": "bone2",
				"parent": "head",
				"pivot": [0, -1, -4],
				"rotation": [-7.5, 0, 0],
				"cubes": [
					{"origin": [-4, 33, -8], "size": [8, 5, 8], "uv": [0, 19]},
					{"origin": [-1, 33, -9.7], "size": [2, 2, 2], "uv": [56, 15], "inflate": -0.26},
					{"origin": [-1, 34, -10.7], "size": [2, 5, 2], "uv": [0, 0], "inflate": -0.25},
					{"origin": [-1, 38, -12], "size": [2, 2, 3], "uv": [32, 0], "inflate": -0.26},
					{"origin": [-3, 35, -9.6], "size": [6, 5, 1], "uv": [50, 8], "inflate": -0.25}
				]
			},
			{
				"name": "bone3",
				"parent": "head",
				"pivot": [0, -1, -4],
				"rotation": [-7.5, 0, 0],
				"cubes": [
					{"origin": [-3, 38, -7], "size": [6, 6, 6], "uv": [40, 20]},
					{"origin": [-2, 44, -6], "size": [4, 3, 4], "uv": [48, 0]}
				]
			}
		]
	}
}