{
	"format_version": "1.10.0",
	"geometry.mummy_buckethead": {
		"texturewidth": 64,
		"textureheight": 32,
		"visible_bounds_width": 2,
		"visible_bounds_height": 4,
		"visible_bounds_offset": [0, 2, 0],
		"bones": [
			{
				"name": "head",
				"pivot": [0, 23, 0]
			},
			{
				"name": "bone",
				"parent": "head",
				"pivot": [0, -1, -4],
				"rotation": [-7.5, 0, 0],
				"cubes": [
					{"origin": [-5, 29, -9], "size": [10, 10, 10], "uv": [0, 0], "inflate": 0.05},
					{"origin": [-5, 39, -9], "size": [10, 0, 10], "uv": [24, 22], "inflate": -0.01}
				]
			},
			{
				"name": "bone2",
				"parent": "head",
				"pivot": [0, -1, -4],
				"rotation": [-45, 0, 0],
				"cubes": [
					{"origin": [5, 22, -22], "size": [1, 3, 1], "uv": [60, 0]},
					{"origin": [5, 22, -26], "size": [1, 3, 1], "uv": [60, 0]},
					{"origin": [5, 21, -26], "size": [1, 1, 5], "uv": [52, 0]},
					{"origin": [5, 25, -26], "size": [1, 1, 5], "uv": [52, 0]}
				]
			}
		]
	}
}