{
	"format_version": "1.10.0",
	"geometry.pyramidhead": {
		"texturewidth": 64,
		"textureheight": 64,
		"visible_bounds_width": 2,
		"visible_bounds_height": 4,
		"visible_bounds_offset": [0, 2, 0],
		"bones": [
			{
				"name": "head",
				"pivot": [0, 24, 0],
				"cubes": [
					{"origin": [-5, 27, -5], "size": [10, 5, 10], "uv": [0, 21], "inflate": 0.25},
					{"origin": [-3.5, 32.5, -3.5], "size": [7, 5, 7], "uv": [0, 8], "inflate": 0.25},
					{"origin": [-2, 38, -2], "size": [4, 3, 4], "uv": [0, 0], "inflate": 0.25},
					{"origin": [-6, 22.5, -6], "size": [12, 4, 12], "uv": [0, 39], "inflate": 0.25}
				]
			}
		]
	}
}