{
	"format_version": "1.10.0",
	"geometry.ra_helmet": {
		"texturewidth": 64,
		"textureheight": 32,
		"visible_bounds_width": 3,
		"visible_bounds_height": 3,
		"visible_bounds_offset": [0, 1.5, 0],
		"bones": [
			{
				"name": "head",
				"pivot": [0, 24, 0],
				"cubes": [
					{"origin": [-5, 28, -5], "size": [10, 7, 10], "uv": [0, 0]},
					{"origin": [5, 20.5, -4], "size": [4, 14, 1], "uv": [0, 17], "mirror": true},
					{"origin": [-9, 20.5, -4], "size": [4, 14, 1], "uv": [0, 17]},
					{"origin": [-9, 33.5, -4], "size": [1, 1, 1], "uv": [60, 30]},
					{"origin": [8, 33.5, -4], "size": [1, 1, 1], "uv": [60, 30], "mirror": true}
				]
			},
			{
				"name": "bone5",
				"parent": "head",
				"pivot": [7, 4, 7],
				"rotation": [30, 30, 0]
			},
			{
				"name": "bone4",
				"parent": "head",
				"pivot": [-9, 4, 6],
				"rotation": [30, -30, 0]
			},
			{
				"name": "bone3",
				"parent": "head",
				"pivot": [0, 29, 0],
				"rotation": [30, 0, 0],
				"cubes": [
					{"origin": [-1.5, 32.13397, -6.5], "size": [3, 2, 4], "uv": [50, 0], "inflate": 0.01}
				]
			},
			{
				"name": "bone6",
				"parent": "head",
				"pivot": [0, 28, 0],
				"rotation": [30, 0, 0],
				"cubes": [
					{"origin": [-1.5, 31.13397, -4.5], "size": [3, 2, 2], "uv": [54, 7], "inflate": -0.01}
				]
			},
			{
				"name": "bone",
				"parent": "head",
				"pivot": [0, 24, -4],
				"rotation": [0, 45, 0]
			},
			{
				"name": "bone2",
				"parent": "head",
				"pivot": [11, 24, 6],
				"rotation": [0, -45, 0]
			}
		]
	}
}