{
	"format_version": "1.10.0",
	"geometry.tomb_helmet": {
		"texturewidth": 64,
		"textureheight": 32,
		"visible_bounds_width": 3,
		"visible_bounds_height": 3,
		"visible_bounds_offset": [0, 1.5, 0],
		"bones": [
			{
				"name": "head",
				"pivot": [0, 24, 0],
				"cubes": [
					{"origin": [-5, 28, -5], "size": [10, 7, 10], "uv": [0, 0]},
					{"origin": [-7, 34, -2], "size": [3, 6, 1], "uv": [0, 0]},
					{"origin": [4, 34, -2], "size": [3, 6, 1], "uv": [0, 0], "mirror": true},
					{"origin": [-3.5, 28, -11], "size": [7, 4, 6], "uv": [12, 22]},
					{"origin": [5, 20.5, -4], "size": [4, 14, 1], "uv": [0, 17], "mirror": true},
					{"origin": [-9, 20.5, -4], "size": [4, 14, 1], "uv": [0, 17]},
					{"origin": [-9, 33.5, -4], "size": [1, 1, 1], "uv": [60, 30]},
					{"origin": [-7, 39, -2], "size": [1, 1, 1], "uv": [60, 30]},
					{"origin": [6, 39, -2], "size": [1, 1, 1], "uv": [60, 30], "mirror": true},
					{"origin": [-7, 34, -2], "size": [1, 1, 1], "uv": [56, 30]},
					{"origin": [6, 34, -2], "size": [1, 1, 1], "uv": [56, 30], "mirror": true},
					{"origin": [8, 33.5, -4], "size": [1, 1, 1], "uv": [60, 30], "mirror": true}
				]
			}
		]
	}
}