{
    "pools": [
        {
            "rolls": 5,
            "entries": [
                {
                    "type": "item",
                    "name": "minecraft:red_flower",
                    "weight": 1,
                    "functions": [
                      {
                        "function": "minecraft:set_data_from_color_index"
                      },
                      {
                            "function": "set_count",
                            "count": {
                                "min": 1,
                                "max": 1
                            }
                        },
                        {
                     	"function": "set_data",	
                     	"data": 4
                        }
                    ]
                }
            ]
        }
    ]
}