{
  "pools": [
    {
      "rolls": 1,
      "entries": [
        {
          "type": "item",
          "name": "minecraft:diamond_sword",
          "weight": 1,
          "functions": [
            {
              "function": "specific_enchants",
              "enchants": [
                {
                  "id": "fire_aspect",
                  "level": [
                    2,
                    2
                  ]
                },
                {
                  "id": "sharpness",
                  "level": [
                    3,
                    5
                  ]
                }
              ]
            }
          ]
        }
      ]
    },
    {
      "rolls": 1,
      "entries": [
        {
          "type": "item",
          "name": "minecraft:shield",
          "weight": 1,
          "functions": [
            {
              "function": "looting_enchant",
              "count": {
                "min": 0,
                "max": 1
              }
            },
            {
              "function": "enchant_random_gear",
              "chance": 100
            }
          ]
        }
      ]
    }
  ]
}