{
  "pools": [
    {
      "rolls": 1,
      "entries": [
        {
          "type": "item",
          "name": "minecraft:bow",
          "weight": 1,
          "functions": [
            {
              "function": "specific_enchants",
              "enchants": [
                {
                  "id": "power",
                  "level": [
                    3,
                    5
                  ]
                },
                {
                  "id": "infinite",
                  "level": [
                    1,
                    1
                  ]
                },
                {
                  "id": "flame",
                  "level": [
                    1,
                    1
                  ]
                }
              ]
            }
          ]
        }
      ]
    }
  ]
}