{
  "pools": [
    {
      "rolls": 1,
      "entries": [
        {
          "type": "item",
          "name": "minecraft:diamond_sword",
          "weight": 1,
          "functions": [
            {
              "function": "specific_enchants",
              "enchants": [
                {
                  "id": "fire_aspect",
                  "level": [
                    2,
                    2
                  ]
                },
                {
                  "id": "sharpness",
                  "level": [
                    3,
                    5
                  ]
                }
              ]
            }
          ]
        }
      ]
    }
  ]
}