{
  "pools": [
    {
      "rolls": 1,
      "entries": [
        {
          "type": "item",
          "name": "minecraft:crossbow",
          "weight": 1,
          "functions": [
            {
              "function": "specific_enchants",
              "enchants": [
                {
                  "id": "quick_charge",
                  "level": [
                    3,
                    3
                  ]
                },
                {
                  "id": "unbreaking",
                  "level": [
                    1,
                    3
                  ]
                }
              ]
            }
          ]
        }
      ]
    }
  ]
}