{
    "pools": [
        {
            "rolls": 1,
            "entries": [
                {
                    "type": "item",
                    "name": "minecraft:diamond_sword",
                    "weight": 1,
                    "functions": [
                        {
                            "function": "specific_enchants",
                            "enchants": [
                                {
                                    "id": "fire_aspect",
                                    "level": [1, 3]
                                },
                                {
                                    "id": "sharpness",
                                    "level": [1, 5]
                                }
                            ]
                        }
                    ]
                },
                {
                    "type": "item",
                    "name": "minecraft:book",
                    "weight": 5,
                    "functions": [
                        {
                            "function": "specific_enchants",
                            "enchants": [
                                {
                                    "id": "fire_aspect",
                                    "level": [1, 3]
                                }
                            ]
                        }
                    ]
                },
                {
                  "type": "item",
                  "name": "minecraft:iron_boots",
                  "weight": 8,
                    "functions": [
                        {
                            "function": "specific_enchants",
                            "enchants": [
                                {
                                    "id": "protection",
                                    "level": [1, 3]
                                }
                            ]
                        }
                    ]
                },
                {
                    "type": "item",
                    "name": "minecraft:potion",
                    "weight": 10,
                    "functions": [
                        {
                            "function": "set_data",
                            "data": 12
                        }
                    ]
                },
                {
                    "type": "item",
                    "name": "minecraft:splash_potion",
                    "weight": 10,
                    "functions": [
                        {
                            "function": "set_data",
                            "data": 12
                        }
                    ]
                },                
                {
                    "type": "item",
                    "name": "minecraft:dirt",
                    "weight": 10,
                    "functions": [
                        {
                            "function": "set_count",
                            "count": {
                                "min": 9,
                                "max": 36
                            }
                        }
                    ]
                },
                {
                    "type": "item",
                    "name": "minecraft:totem_of_undying",
                    "weight": 70,
                    "functions": [
                        {
                            "function": "set_count",
                            "count": {
                                "min": 1,
                                "max": 1
                            }
                        }
                    ]
                },   
                {
                    "type": "item",
                    "name": "minecraft:saddle",
                    "weight": 5,
                    "functions": [
                        {
                            "function": "set_count",
                            "count": {
                                "min": 1,
                                "max": 1
                            }
                        }
                    ]
                },                                 
                {
                    "type": "item",
                    "name": "minecraft:cooked_beef",
                    "weight": 20,
                    "functions": [
                        {
                            "function": "set_count",
                            "count": {
                                "min": 2,
                                "max": 6
                            }
                        }
                    ]
                },    
                {
                    "type": "item",
                    "name": "minecraft:ender_pearl",
                    "weight": 20,
                    "functions": [
                        {
                            "function": "set_count",
                            "count": {
                                "min": 4,
                                "max": 8
                            }
                        }
                    ]
                },    
                {
                    "type": "item",
                    "name": "minecraft:string",
                    "weight": 20,
                    "functions": [
                        {
                            "function": "set_count",
                            "count": {
                                "min": 8,
                                "max": 24
                            }
                        }
                    ]
                },    
                {
                    "type": "item",
                    "name": "minecraft:iron_sword",
                    "weight": 5,
                    "functions": [
                        {
                            "function": "set_count",
                            "count": {
                                "min": 1,
                                "max": 1
                            }
                        }
                    ]
                },    
                {
                    "type": "item",
                    "name": "minecraft:gravel",
                    "weight": 40,
                    "functions": [
                        {
                            "function": "set_count",
                            "count": {
                                "min": 8,
                                "max": 16
                            }
                        }
                    ]
                },  
                {
                    "type": "item",
                    "name": "minecraft:leather",
                    "weight": 40,
                    "functions": [
                        {
                            "function": "set_count",
                            "count": {
                                "min": 4,
                                "max": 10
                            }
                        }
                    ]
                },                   
                {
                    "type": "item",
                    "name": "minecraft:planks",
                    "weight": 40,
                    "functions": [
                        {
                            "function": "set_count",
                            "count": {
                                "min": 4,
                                "max": 16
                            }
                        }
                    ]
                }, 
                {
                    "type": "item",
                    "name": "minecraft:stick",
                    "weight": 40
                }, 
                {
                    "type": "item",
                    "name": "minecraft:wool",
                    "weight": 40,
                    "functions": [
                        {
                            "function": "set_count",
                            "count": {
                                "min": 1,
                                "max": 3
                            }
                        }
                    ]
                }, 
                {
                    "type": "item",
                    "name": "minecraft:sand",
                    "weight": 40,
                    "functions": [
                        {
                            "function": "set_count",
                            "count": {
                                "min": 4,
                                "max": 16
                            }
                        }
                    ]
                } 
            ]
        }
    ]
}
