{
  "pools": [
    {
        "rolls": 1,
        "entries": [
            {
                "type": "item",
                "name": "minecraft:emerald",
                "weight": 3,
                "functions": [
                    {
                        "function": "set_count",
                        "count": {
                            "min": 1,
                            "max": 3
                        }
                    },
                    {
                        "function": "looting_enchant",
                        "count": {
                            "min": 0,
                            "max": 1
                        }
                    }
                ]
            }
        ],
        "conditions": [
            {
                "condition": "killed_by_player"
            }
        ]
    },
    {
        "rolls": 1,
        "entries": [
            {
                "type": "item",
                "name": "minecraft:horsearmoriron",
                "weight": 1,
                "functions": [
                    {
                        "function": "set_count",
                        "count": {
                            "min": 0,
                            "max": 1
                        }
                    },
                    {
                        "function": "looting_enchant",
                        "count": {
                            "min": 0,
                            "max": 1
                        }
                    }
                ]
            }
        ],
        "conditions": [
            {
                "condition": "killed_by_player"
            }
        ]
    }
  ]
}
