{
  "format_version": "1.16.100",
  "minecraft:item": {
    "description": {
      "identifier": "plant:cherry_bomb",
      "category": "Nature"
    },
    "components": {
      "minecraft:display_name":{"value":"entity.plant:cherry_bomb.name"},
	  "minecraft:creative_category":{"parent":"itemGroup.name.spawn_eggs"},
    "minecraft:render_offsets": {
        "main_hand": {
"first_person":{"scale":[0.002,0.002,0.002]},
"third_person":{"scale":[0.005,0.005,0.005]}}},
      "minecraft:max_stack_size": 64,
	  "minecraft:projectile":{
	  "projectile_entity":"plant:cherry_bomb"
	  },
	  "minecraft:throwable":{
		"do_swing_animation":true,
		"launch_power_scale":2
	  },
	"minecraft:icon":{"texture": "cherry_bomb"}
    }
  }
}