{
  "format_version": "1.16.100",
  "minecraft:item": {
    "description": {
      "identifier": "plant:repeater",
      "category": "Nature"
    },
    "components": {
      "minecraft:display_name":{"value":"entity.plant:repeater.name"},
	  "minecraft:creative_category":{"parent":"itemGroup.name.spawn_eggs"},
    "minecraft:render_offsets": {
        "main_hand": {
"first_person":{"scale":[0.002,0.002,0.002]},
"third_person":{"scale":[0.005,0.005,0.005]}}},
      "minecraft:max_stack_size": 64,
      "minecraft:entity_placer":{
    "entity" : "plant:repeater",
    "use_on" : ["minecraft:grass","minecraft:flower_pot","minecraft:waterlily"]
      },
	"minecraft:icon":{"texture": "repeater"}
    }
  }
}