{
  "format_version": "1.16.0",
  "minecraft:entity": {
    "description": {
      "identifier": "mobs:zombie_pig",
      "is_spawnable": true,
      "is_summonable": true,
      "is_experimental": false
    },
    "component_groups": {
      "minecraft:pig_zombie_baby": {
        "minecraft:experience_reward": {
          "on_death": "query.last_hit_by_player ? 12 + (query.equipment_count * Math.Random(1,3)) : 0"
        },
        "minecraft:is_baby": {
        },
        "minecraft:scale": {
          "value": 0.5
        }
      },

      "minecraft:pig_zombie_adult": {
        "minecraft:rideable": {
          "seat_count": 1,
          "family_types": [
            "zombie"
          ],
          "seats": {
            "position": [ 0.0, 1.1, -0.35 ],
            "lock_rider_rotation": 0
          }
        },
        "minecraft:experience_reward": {
          "on_death": "query.last_hit_by_player ? 5 + (query.equipment_count * Math.Random(1,3)) : 0"
        }
      },
      "minecraft:pig_zombie_angry": {
        "minecraft:angry": {
          "duration": 25,
          "broadcast_anger": true,
          "broadcast_range": 20,
          "broadcast_targets": [
            "zombie_pig_wild"
          ],
          "calm_event": {
            "event": "minecraft:on_calm",
            "target": "self"
          }
        }
      },
       "mobs:pig_wild": {
         "minecraft:tameable": {
           "probability": 1,
           "tame_items": [
             "golden_carrot"
           ],
           "tame_event": {
             "event": "minecraft:on_tame",
             "target": "self"
           }
         },
			"minecraft:rideable": {
				"seat_count": 1,
				"family_types": [
					"pig_zombie"
				],
				"seats": {
					"position": [
						0,
						0.63,
						0
					]
				}
	   	}
      },
      "mobs:pig_tame": {
         "minecraft:health": {
           "value": 16,
           "max": 16
         },
         "minecraft:is_tamed": {
         },
         "minecraft:type_family": {
           "family": [ "zombie_pig", "mob" ]
         },
   	   "minecraft:healable": {
   	  		"force_use": false,
   			"items": [
	   	  		{
	   		  		"item": "golden_carrot",
	   		   	"heal_amount": 9
	   		  	}
	     		]
     		},
			"minecraft:behavior.owner_hurt_by_target": {
				"priority": 1,
				"entity_types": [
					{
						"filters": {
							"all_of": [
								{
									"test": "is_family",
									"subject": "other",
									"operator": "!=",
									"value": "creeper"
								}
							]
						}
					}
				]
			},
			"minecraft:behavior.owner_hurt_target": {
				"priority": 2
			}
       },
      "minecraft:pig_zombie_calm": {
        "minecraft:on_target_acquired": {
          "event": "minecraft:become_angry",
          "target": "self"
        }
      },
      "minecraft:strider_jockey": {
        "minecraft:equipment": {
          "table": "loot_tables/entities/zombified_piglin_rider_gear.json"
        }
      }
    },

    "components": {
      "minecraft:breathable": {
        "total_supply": 15,
        "suffocate_time": 0,
        "breathes_water": true
      },
      "minecraft:equip_item": {
      },
      "minecraft:collision_box": {
        "width": 0.9,
        "height": 0.9
      },
		"minecraft:behavior.tempt": {
			"priority": 3,
			"speed_multiplier": 1.2,
			"items": [
				"golden_carrot"
			]
		},
		"minecraft:leashable": {
			"soft_distance": 4,
			"hard_distance": 6,
			"max_distance": 10
		},
      "minecraft:nameable": {
      },
      "minecraft:navigation.walk": {
        "is_amphibious": true,
        "can_pass_doors": true,
        "can_open_doors": true,
        "avoid_water": true,
        "avoid_portals": true
      },
      "minecraft:movement.basic": {
      },
      "minecraft:jump.static": {
      },
      "minecraft:can_climb": {
      },
      "minecraft:fire_immune": {
      },
      "minecraft:type_family": {
        "family": [ "zombie_pig_wild", "zoglin", "mob" ]
      },
      "minecraft:health": {
        "value": 12,
        "max": 12
      },
      "minecraft:movement": {
        "value": 0.23
      },
      "minecraft:attack": {
        "damage": 5
      },
      "minecraft:despawn": {
        "despawn_from_distance": {}
      },
      "minecraft:behavior.hurt_by_target": {
        "priority": 1
      },
      "minecraft:behavior.mount_pathing": {
        "priority": 2,
        "speed_multiplier": 1.25,
        "target_dist": 0,
        "track_target": true
      },
      "minecraft:behavior.melee_attack": {
        "priority": 4,
        "speed_multiplier": 1.5
      },
      "minecraft:behavior.stomp_turtle_egg": {
        "priority": 5,
        "speed_multiplier": 1,
        "search_range": 10,
        "search_height": 2,
        "goal_radius": 1.14,
        "interval": 20
      },
      "minecraft:behavior.random_stroll": {
        "priority": 7,
        "speed_multiplier": 1.0
      },
      "minecraft:behavior.look_at_player": {
        "priority": 8,
        "look_distance": 6.0,
        "probability": 0.02
      },
      "minecraft:behavior.random_look_around": {
        "priority": 9
      },
      "minecraft:physics": {
      },
      "minecraft:pushable": {
        "is_pushable": true,
        "is_pushable_by_piston": true
      },
      "minecraft:conditional_bandwidth_optimization": {
      }
    },


    "events": {
      "minecraft:entity_transformed": {
        "sequence": [
          {
            "filters": {
              "test": "has_component",
              "subject": "other",
              "value": "minecraft:is_baby"
            },
            "add": {
              "component_groups": [
                "minecraft:pig_zombie_baby"
              ]
            }
          },
          {
            "filters": {
              "test": "has_component",
              "subject": "other",
              "operator": "!=",
              "value": "minecraft:is_baby"
            },
            "add": {
              "component_groups": [
                "minecraft:pig_zombie_adult"
              ]
            }
          },
         {
            "filters": {
              "test": "has_component",
              "subject": "other",
              "operator": "!=",
              "value": "minecraft:is_tamed"
            },
            "add": {
              "component_groups": [
                "minecraft:pig_zombie_calm"
              ]
            }
          },
         {
            "filters": {
              "test": "has_component",
              "subject": "other",
              "operator": "==",
              "value": "minecraft:is_tamed"
            },
            "add": {
              "component_groups": [
                "mobs:pig_wild"
              ]
            }
          }
        ]
      },
      "minecraft:entity_spawned": {
        "randomize": [
          {
            "weight": 85,
            "remove": {
            },
            "add": {
              "component_groups": [
                "minecraft:pig_zombie_adult",
                "minecraft:pig_zombie_calm"
              ]
            }
          },
          {
            "weight": 15,
            "remove": {
            },
            "add": {
              "component_groups": [
                "minecraft:pig_zombie_baby",
                "minecraft:pig_zombie_calm"
              ]
            }
          }
        ]
      },
      "minecraft:on_calm": {
        "remove": {
          "component_groups": [
            "minecraft:pig_zombie_angry"
          ]
        },
        "add": {
          "component_groups": [
            "minecraft:pig_zombie_calm"
          ]
        }
      },
      "minecraft:become_angry": {
        "remove": {
          "component_groups": [
            "minecraft:pig_zombie_calm"
          ]
        },
        "add": {
          "component_groups": [
            "minecraft:pig_zombie_angry"
          ]
        }
      },
      "minecraft:on_tame": {
        "remove": {
          "component_groups": [
            "mobs:pig_wild"
          ]
        },
        "add": {
          "component_groups": [
            "mobs:pig_tame"
          ]
        }
      }
    }
  }
}