{
	"format_version": "1.16.100",
	"minecraft:block": {
		"description": {
			"identifier": "mobs:golden_fungus",
			"category": "nature"
		},
		"components": {
			"minecraft:material_instances": {
				"*": {
					"texture": "golden_fungus",
					"render_method": "alpha_test"
				}
			},
			"minecraft:pick_collision": {
				"origin": [
					-4,
					0,
					-4
				],
				"size": [
					8,
					14,
					8
				]
			},
			"minecraft:loot": "loot_tables/blocks/golden_fungus.json",
			"minecraft:geometry": "geometry.som",
			"minecraft:destroy_time": 0.01,
			"minecraft:entity_collision": false,
			"minecraft:friction": 0.6,
			"minecraft:placement_filter": {
				"conditions": [
					{
						"block_filter": [
							"netherrack",
							"nether_gold_ore",
							"crimson_nylium",
							"warped_nylium"
						],
						"allowed_faces": [
							"up"
						]
					}
				]
			},
			"minecraft:breakonpush": true,
			"minecraft:breathability": "air",
			"minecraft:block_light_absorption": 0,
			"minecraft:on_interact": {
				"event": "bone_meal",
				"condition": "query.get_equipped_item_name('main_hand') == 'bone_meal'"
			}
		},
		"events": {
			"grow_natural": {
				"run_command": {
					"command": [
						"fill ~ ~ ~ ~ ~ ~ air",
						"structure load apple_tree_1 ~-2~~-2"
					],
					"target": "self"
				}
			},
			"bone_meal": {
				"sequence": [
					{
						"decrement_stack": {}
					},
					{
						"run_command": {
							"command": [
								"particle minecraft:crop_growth_emitter ~~~"
							]
						}
					},
					{
						"trigger": {
							"event": "grow_natural"
						}
					}
				]
			}
		}
	}
}