{
	"format_version": "1.16.100",
	"minecraft:block": {
		"description": {
			"identifier": "mobs:golden_planks",
			"category": "construction"
		},
		"components": {
			"minecraft:material_instances": {
				"*": {
					"texture": "golden_planks",
					"render_method": "alpha_test"
				}
			},
			"minecraft:loot": "loot_tables/blocks/golden_planks.json",
			"minecraft:destroy_time": 1,
			"minecraft:entity_collision": true,
			"minecraft:friction": 0.6,
			"minecraft:block_light_absorption": 1,
			"minecraft:explosion_resistance": 2,
			"tag:wood": {}
		},
		"events": {
		}
	}
}