{
  "format_version": "1.10.0",
  "animation_controllers": {
    "controller.animation.illusioners.attack": {
      "initial_state": "default",
      "states": {
        "ranged_charge": {
          "animations": [
            "crossbow_charge",
            "look_at_target"
          ],
          "transitions": [
            {
              "default": "variable.attack_state \u003d\u003d 0  ||  query.is_admiring"
            },
            {
              "ranged_hold": "variable.attack_state \u003d\u003d 1"
            },
            {
              "casting": "query.is_casting"
            },
            {
              "knockback": "query.is_roaring"
            }
          ]
        },
        "default": {
          "animations": [
            "look_at_target",
            "general"
          ],
          "transitions": [
            {
              "ranged_hold": "query.variant \u003d\u003d 0 \u0026\u0026 variable.attack_state \u003d\u003d 1 \u0026\u0026 !query.is_admiring"
            },
            {
              "ranged_charge": "query.variant \u003d\u003d 0 \u0026\u0026 variable.attack_state \u003d\u003d 2 \u0026\u0026 !query.is_admiring"
            },
            {
              "hand_attack": "variable.has_target \u0026\u0026 query.variant \u003d\u003d 1 \u0026\u0026 !query.is_item_equipped \u0026\u0026 variable.attack_time \u003e\u003d 0.0 \u0026\u0026 !query.is_admiring"
            },
            {
              "melee_attack": "variable.has_target \u0026\u0026 query.variant \u003d\u003d 1 \u0026\u0026 query.is_item_equipped \u0026\u0026 variable.attack_time \u003e\u003d 0.0 \u0026\u0026 !query.is_admiring"
            },
            {
              "spear_melee_attack": "variable.has_target \u0026\u0026 query.variant \u003d\u003d 3 \u0026\u0026 query.is_item_equipped \u0026\u0026 variable.attack_time \u003e\u003d 0.0 \u0026\u0026 !query.is_admiring"
            },
            {
              "hand_attack_3": "variable.has_target \u0026\u0026 query.variant \u003d\u003d 3 \u0026\u0026 !query.is_item_equipped \u0026\u0026 variable.attack_time \u003e\u003d 0.0 \u0026\u0026 !query.is_admiring"
            },
            {
              "hand_attack_2": "variable.has_target \u0026\u0026 query.variant \u003d\u003d 2 \u0026\u0026 !query.is_item_equipped \u0026\u0026 variable.attack_time \u003e\u003d 0.0 \u0026\u0026 !query.is_admiring"
            },
            {
              "bow_attack": "variable.has_target \u0026\u0026 query.variant \u003d\u003d 2 \u0026\u0026 query.is_item_equipped \u0026\u0026 variable.attack_time \u003e\u003d 0.0 \u0026\u0026 !query.is_admiring"
            },
            {
              "casting": "query.is_casting"
            },
            {
              "knockback": "query.is_roaring"
            }
          ]
        },
        "casting": {
          "animations": [
            "look_at_target",
            "summon"
          ],
          "particle_effects": [
            {
              "effect": "spell",
              "locator": "left_hand"
            },
            {
              "effect": "spell",
              "locator": "right_hand"
            }
          ],
          "transitions": [
            {
              "default": "!query.is_casting"
            }
          ],
          "blend_transition": 0.2
        },
        "knockback": {
          "animations": [
            "look_at_target",
            "knockback"
          ],
          "particle_effects": [
            {
              "effect": "spell",
              "locator": "left_leg"
            },
            {
              "effect": "spell",
              "locator": "right_leg"
            }
          ],
          "transitions": [
            {
              "default": "!query.is_roaring"
            }
          ],
          "blend_transition": 0.2
        },
        "ranged_hold": {
          "animations": [
            "crossbow_hold",
            "look_at_target"
          ],
          "transitions": [
            {
              "default": "variable.attack_state \u003d\u003d 0  ||  query.is_admiring || query.get_equipped_item_name !\u003d \u0027crossbow\u0027"
            },
            {
              "ranged_charge": "variable.attack_state \u003d\u003d 2"
            },
            {
              "casting": "query.is_casting"
            },
            {
              "knockback": "query.is_roaring"
            }
          ]
        },
        "bow_attack": {
          "animations": [
            "bow_attack",
            "look_at_target"
          ],
          "transitions": [
            {
              "default": "query.is_admiring || query.get_equipped_item_name !\u003d \u0027bow\u0027 || !variable.has_target "
            },
            {
              "casting": "query.is_casting"
            },
            {
              "knockback": "query.is_roaring"
            }
          ]
        },
        "melee_attack": {
          "animations": [
            "melee_attack",
            "look_at_target"
          ],
          "transitions": [
            {
              "default": "!query.is_item_equipped || !variable.has_target || variable.attack_time \u003c 0.0 ||  query.is_admiring || !variable.weapons"
            },
            {
              "casting": "query.is_casting"
            },
            {
              "knockback": "query.is_roaring"
            }
          ]
        },
        "spear_melee_attack": {
          "animations": [
            "spear_melee_attack",
            "look_at_target"
          ],
          "transitions": [
            {
              "default": "!query.is_item_equipped || !variable.has_target || variable.attack_time \u003c 0.0 ||  query.is_admiring || !variable.spear"
            },
            {
              "casting": "query.is_casting"
            },
            {
              "knockback": "query.is_roaring"
            }
          ]
        },
        "hand_attack": {
          "animations": [
            "hand_attack",
            "look_at_target"
          ],
          "transitions": [
            {
              "default": "query.is_item_equipped || !variable.has_target || variable.attack_time \u003c 0.0 ||  query.is_admiring"
            },
            {
              "casting": "query.is_casting"
            },
            {
              "knockback": "query.is_roaring"
            }
          ]
        },
        "hand_attack_2": {
          "animations": [
            "hand_attack",
            "look_at_target"
          ],
          "transitions": [
            {
              "default": "query.is_item_equipped || !variable.has_target || variable.attack_time \u003c 0.0 ||  query.is_admiring"
            },
            {
              "casting": "query.is_casting"
            },
            {
              "knockback": "query.is_roaring"
            }
          ]
        },
        "hand_attack_3": {
          "animations": [
            "hand_attack",
            "look_at_target"
          ],
          "transitions": [
            {
              "default": "query.is_item_equipped || !variable.has_target || variable.attack_time \u003c 0.0 ||  query.is_admiring"
            },
            {
              "casting": "query.is_casting"
            },
            {
              "knockback": "query.is_roaring"
            }
          ]
        }
      }
    }
  }
}