{
	"format_version" : "1.10.0",
	"animation_controllers" : {
		"controller.animation.smith.base" : {
			"initial_state" : "default",
			"states" : {
				"default" : {
					"animations" : [
						"base",
						{
							"look_at_target" : "!query.is_sleeping"
						}
					]
				}
			}
		},
		"controller.animation.smith.move" : {
			"initial_state" : "default",
			"states" : {
				"default" : {
					"animations" : [
						{
							"move" : "query.modified_move_speed"
						}
					],
					"transitions" : [
						{
							"get_in_bed" : "query.is_sleeping"
						}
					]
				},
				"get_in_bed" : {
					"animations" : [ "get_in_bed" ],
					"transitions" : [
						{
							"default" : "!query.is_sleeping"
						}
					]
				}
			}
		}
	}
}
