{
  "format_version": "1.16.0",
  "minecraft:entity": {
    "description": {
      "identifier": "mobs:chouris",
      "is_spawnable": true,
      "is_summonable": true,
      "is_experimental": false,
		"scripts": {
			"animate": [
				"defend",
				"die"
			]
		},
		"animations": {
			"defend": "controller.animation.chouris_effect",
			"die": "controller.animation.chouris.die"
		}
    },
    "component_groups": {
      "minecraft:scooped_up": {
        "minecraft:instant_despawn": {
          "remove_child_entities": false
        }
      },
      "mobs:chouris_calm": {
			"minecraft:damage_sensor": {
				"triggers": [
					{
						"on_damage": {
							"filters": {
								"test": "has_damage",
								"subject": "self",
								"value": "all"
							},
							"event": "mobs:angry"
						},
						"deals_damage": true
					}
				]
			},
        "minecraft:entity_sensor": {
          "sensor_range": 1,
          "relative_range": false,
          "minimum_count": 1,
          "event_filters": {
            "any_of": [
              { "all_of": [
                { "test": "is_family", "subject": "other", "value": "player" },
                { "none_of": 
                  { "test": "has_ability", "subject": "other", "value": "instabuild" } 
                }
              ]},
              { "all_of": [
                { "test": "is_family", "subject": "other", "operator": "!=", "value": "inanimed" },
              { "test": "is_family", "subject": "other", "operator": "!=", "value": "chouris" }
              ]}
            ]
          },
          "event": "minecraft:start_half_puff"
        },
        "minecraft:mob_effect": {
          "effect_range": 1,
          "mob_effect": "slowness",
          "effect_time": 7,
          "entity_filter": {
            "any_of": [
              { "test": "is_family", "subject": "other", "value": "player" },
              { "test": "is_family", "subject": "other", "value": "monster" },
              { "test": "is_family", "subject": "other", "value": "mob" }
            ],
            "none_of": [
              { "test": "is_family", "subject": "other", "operator": "==", "value": "chouris" }
            ]
          }
        },
        "minecraft:mark_variant": {
          "value": 0
        }
      },
      "mobs:chouris_defend": {
        "minecraft:area_attack" : {
          "damage_range": 2,
          "damage_per_tick": 2,
          "cause": "contact",
          "entity_filter": {
            "any_of": [
              { "test": "is_family", "subject": "other", "value": "player" },
              { "test": "is_family", "subject": "other", "value": "monster" },
              { "test": "is_family", "subject": "other", "value": "mob" }
            ],
            "none_of": [
              { "test": "is_family", "subject": "other", "operator": "==", "value": "chouris" }
            ]
          }
        },
        "minecraft:timer": {
          "looping": false,
          "time": 0.7,
          "time_down_event": {
            "event": "mobs:calmed"
          }
        },
        "minecraft:mark_variant": {
          "value": 1
        }
      },
      "mobs:chouris_scale_1": {
			"minecraft:scale": {
				"value": 0.7
			},
        "minecraft:health": {
          "value": 10,
          "max": 10
        },
        "minecraft:ageable": {
          "duration": 1200,
          "feedItems": [
            {
              "item": "slime",
              "growth": 1
            }
          ],
          "grow_up": {
            "event": "minecraft:ageable_grow_up",
            "target": "self"
          }
        },
        "minecraft:interact": {
          "interactions": [
            {
              "cooldown": 1,
              "use_item": true,
              "hurt_item": 1,
              "play_sounds": "bucket.fill.water",
              "interact_text": "action.interact.scoop",
              "transform_to_item": "mobs:chouris_bucket",
              "on_interact": {
                "filters": {
                  "all_of": [
                    { "test": "has_equipment", "subject": "other", "domain": "hand", "value": "bucket"},
                    { "test" :  "is_family", "subject" : "other", "value" :  "player"}
                  ]
                },
                "event": "minecraft:on_scoop",
                "target": "self"
              }
            }
          ]
        }
      },
      "mobs:chouris_scale_2": {
			"minecraft:scale": {
				"value": 0.85
			},
        "minecraft:health": {
          "value": 8,
          "max": 8
        },
        "minecraft:loot": {
          "table": "loot_tables/entities/slime.json"
        },
        "minecraft:variant": {
          "value": 1
        }
      },
      "mobs:chouris_scale_3": {
			"minecraft:scale": {
				"value": 1
			},
        "minecraft:health": {
          "value": 12,
          "max": 12
        },
        "minecraft:loot": {
          "table": "loot_tables/entities/slime.json"
        },
        "minecraft:variant": {
          "value": 1
        }
      },
      "mobs:chouris_scale_4": {
			"minecraft:scale": {
				"value": 1.15
			},
        "minecraft:health": {
          "value": 14,
          "max": 14
        },
        "minecraft:loot": {
          "table": "loot_tables/entities/slime.json"
        },
        "minecraft:variant": {
          "value": 1
        }
      },
      "mobs:chouris_scale_5": {
			"minecraft:scale": {
				"value": 1.3
			},
        "minecraft:health": {
          "value": 16,
          "max": 16
        },
        "minecraft:loot": {
          "table": "loot_tables/entities/slime.json"
        },
        "minecraft:variant": {
          "value": 1
        }
      }
    },
    "components": {
      "minecraft:experience_reward": {
        "on_death": "query.last_hit_by_player ? 1 + (query.equipment_count * Math.Random(1,3)) : 0"
      },
      "minecraft:breathable": {
        "total_supply": 15,
        "suffocate_time": 0
      },
      "minecraft:nameable": {
      },
      "minecraft:health": {
        "value": 10,
        "max": 10
      },
      "minecraft:collision_box": {
        "width": 0.8,
        "height": 0.8
      },
      "minecraft:movement": {
        "value": 0.003
      },
      "minecraft:navigation.float": {
        "can_path_over_water": true
      },
      "minecraft:behavior.float_wander": {
        "priority": 2,
        "must_reach": true
      },
      "minecraft:despawn": {
        "despawn_from_distance": {}
      },
      "minecraft:can_fly": {
      },
      "minecraft:type_family": {
        "family": [ "chouris", "mob" ]
      },
      "minecraft:damage_sensor": {
        "triggers": {
          "cause": "fall",
          "deals_damage": false
        }
      },
		"minecraft:leashable": {
			"soft_distance": 5,
			"hard_distance": 4,
			"max_distance": 8
		},
      "minecraft:jump.static": {
      },
      "minecraft:behavior.float": {
        "priority": 0
      },
      "minecraft:follow_range": {
        "value": 64,
        "max": 64
      },
      "minecraft:physics": {
      },
      "minecraft:pushable": {
        "is_pushable": true,
        "is_pushable_by_piston": true
      },
      "minecraft:conditional_bandwidth_optimization": {
      }
    },
    "events": {
		"minecraft:entity_spawned": {
			"randomize": [
				{
					"weight": 10,
					"add": {
						"component_groups": [
							"mobs:chouris_calm",
							"mobs:chouris_scale_1"
						]
					}
				},
				{
					"weight": 10,
					"add": {
						"component_groups": [
							"mobs:chouris_calm",
							"mobs:chouris_scale_2"
						]
					}
				},
				{
					"weight": 10,
					"add": {
						"component_groups": [
							"mobs:chouris_calm",
							"mobs:chouris_scale_3"
						]
					}
				},
				{
					"weight": 10,
					"add": {
						"component_groups": [
							"mobs:chouris_calm",
							"mobs:chouris_scale_4"
						]
					}
				},
				{
					"weight": 10,
					"add": {
						"component_groups": [
							"mobs:chouris_calm",
							"mobs:chouris_scale_5"
						]
					}
				}
			]
		},
		"minecraft:entity_transformed": {
			"add": {
				"component_groups": [
					"mobs:chouris_calm",
					"mobs:chouris_scale_1"
				]
			}
		},
		"minecraft:ageable_grow_up": {
			"randomize": [
				{
					"weight": 10,
					"remove": {
						"component_groups": [
							"mobs:chouris_scale_1"
						]
					},
					"add": {
						"component_groups": [
							"mobs:chouris_calm",
							"mobs:chouris_scale_2"
						]
					}
				},
				{
					"weight": 10,
					"remove": {
						"component_groups": [
							"mobs:chouris_scale_1"
						]
					},
					"add": {
						"component_groups": [
							"mobs:chouris_calm",
							"mobs:chouris_scale_3"
						]
					}
				},
				{
					"weight": 10,
					"remove": {
						"component_groups": [
							"mobs:chouris_scale_1"
						]
					},
					"add": {
						"component_groups": [
							"mobs:chouris_calm",
							"mobs:chouris_scale_4"
						]
					}
				},
				{
					"weight": 10,
					"remove": {
						"component_groups": [
							"mobs:chouris_scale_1"
						]
					},
					"add": {
						"component_groups": [
							"mobs:chouris_calm",
							"mobs:chouris_scale_5"
						]
					}
				}
			]
		},
	  "minecraft:on_scoop": {
        "add": {
          "component_groups": [
            "minecraft:scooped_up"
          ]
        }
      },
   	"mobs:calmed": {
			"remove": {
				"component_groups": [
					"mobs:chouris_defend"
				]
			},
			"add": {
				"component_groups": [
					"mobs:chouris_calm"
				]
			}
      },
   	"mobs:angry": {
			"add": {
				"component_groups": [
					"mobs:chouris_defend"
				]
			},
			"remove": {
				"component_groups": [
					"mobs:chouris_calm"
				]
			}
      }
    }
  }
}