{
  "format_version": "1.16.0",
  "minecraft:entity": {
    "description": {
      "identifier": "mobs:custom_hoglin",
      "is_spawnable": false,
      "is_summonable": true,
      "is_experimental": false
    },

    "component_groups": {
      "angry_hoglin": {
        "minecraft:angry": {
          "duration": 40,
          "broadcast_anger": true,
          "broadcast_range": 16,
           "broadcast_targets": [
            "trader"
          ],
          "calm_event": {
            "event": "become_calm_event",
            "target": "self"
          },
          "angry_sound": "angry",
          "sound_interval": {
            "range_min": 2.0,
            "range_max": 5.0
          }
        }
      },
      "mobs:trader_hoglin": {
        "minecraft:collision_box": {
          "width": 1.1,
          "height": 1.4
        },
        "minecraft:movement": {
          "value": 0.3
        },
        "minecraft:rideable": {
           "seat_count": 1,
           "family_types": [
             "trader_piglin"
           ],
           "seats": {
             "position": [ 0, 1.55, -0.3 ],
             "lock_rider_rotation": 0
           }
         },
			"minecraft:behavior.mount_pathing": {
				"priority": 4,
				"speed_multiplier": 1,
				"target_dist": 0.2,
				"track_target": true
        }
      }
    },

    "components": {
      "minecraft:nameable": {
      },
      "minecraft:health": {
        "value": 40,
        "max": 40
      },
      "minecraft:experience_reward": {
        "on_bred": "Math.Random(1,7)",
        "on_death": "query.last_hit_by_player ? 5 : 0"
      },
      "minecraft:behavior.melee_attack": {
        "priority": 2,
        "speed_multiplier": 1.2,
        "reach_multiplier": 2.5,
        "cooldown_time": 2
      },
      "minecraft:type_family": {
        "family": [ "hoglin_trader", "trader", "mob" ]
      },
      "minecraft:attack": {
        "damage": [ 3, 9 ]
      },
		"minecraft:behavior.hurt_by_target": {
			"priority": 3,
			"entity_types": {
				"filters": {
					"test": "is_family",
					"subject": "other",
					"operator": "!=",
					"value": "trader"
				},
	   		"max_dist": 64
   		}
		},
      "minecraft:knockback_resistance": {
        "value": 0.5
      },
      "minecraft:breathable": {
        "total_supply": 15,
        "suffocate_time": 0
      },
      "minecraft:hurt_on_condition": {
        "damage_conditions": [
          {
            "filters": {
              "test": "in_lava",
              "subject": "self",
              "operator": "==",
              "value": true
            },
            "cause": "lava",
            "damage_per_tick": 2
          }
        ]
      },
      "minecraft:follow_range": {
        "value": 32
      },
		"minecraft:on_target_acquired": {
			"event": "become_angry_event",
			"target": "self"
		},
		"minecraft:on_target_escape": {
			"event": "become_calm_event",
			"target": "self"
		},
      "minecraft:navigation.walk": {
        "can_path_over_water": true,
        "avoid_water": true,
        "avoid_damage_blocks": true
      },
      "minecraft:movement.basic": {
      },
      "minecraft:jump.static": {
      },
      "minecraft:can_climb": {
      },
      "minecraft:leashable": {
        "soft_distance": 4.0,
        "hard_distance": 6.0,
        "max_distance": 10.0
      },
      "minecraft:behavior.random_stroll": {
        "priority": 11,
        "speed_multiplier": 0.6
      },
      "minecraft:behavior.random_look_around": {
        "priority": 9
      },
      "minecraft:behavior.look_at_player": {
        "priority": 8,
        "look_distance": 6.0,
        "probability": 0.02
      },
      "minecraft:physics": {
      },
      "minecraft:pushable": {
        "is_pushable": true,
        "is_pushable_by_piston": true
      },
      "minecraft:conditional_bandwidth_optimization": {
      }
    },

    "events": {
		"mobs:from_trader_piglin": {
			"add": {
				"component_groups": [
					"mobs:trader_hoglin"
				]
			}
		},
      "stop_zombification_event": {
        "add": {
          "component_groups": [
            "zombification_sensor"
          ]
        },
        "remove": {
          "component_groups": [
            "start_zombification"
          ]
        }
      },
      "become_zombie_event": {
        "add": {
          "component_groups": [
            "become_zombie"
          ]
        }
      },
      "start_zombification_event": {
        "add": {
          "component_groups": [
            "start_zombification"
          ]
        },
        "remove": {
          "component_groups": [
            "zombification_sensor"
          ]
        }
      },
      "become_angry_event": {
        "add": {
          "component_groups": [
            "angry_hoglin"
          ]
        }
      },
      "become_calm_event": {
        "remove": {
          "component_groups": [
            "angry_hoglin"
          ]
        }
      }
    }  
  }
}
