{
  "format_version": "1.16.0",
  "minecraft:entity": {
    "description": {
      "identifier": "mobs:small_slime",
		"runtime_identifier": "minecraft:rabbit",
      "is_spawnable": false,
      "is_summonable": false,
      "is_experimental": false
    },
    "component_groups": {
      "minecraft:scooped_up": {
        "minecraft:instant_despawn": {
          "remove_child_entities": false
        }
      },
		"mobs:slime_jump": {
			"minecraft:spell_effects": {
				"add_effects": [
					{
						"effect": "jump_boost",
						"amplifier": 3,
						"duration": 300,
						"visible": 0
					}
				]
			}
		},
      "minecraft:slime_small_semitamed": {
        "minecraft:type_family": {
          "family": [ "slime", "mob" ]
        },
        "minecraft:collision_box": {
          "width": 0.52,
          "height": 0.52
        },
        "minecraft:health": {
          "value": 1,
          "max": 1
        },
          "minecraft:scale": {
            "value": 1
         },
        "minecraft:movement": {
          "value": 0.2
        },
        "minecraft:attack": {
          "damage": 0
        },
        "minecraft:loot": {
          "table": "loot_tables/entities/slime.json"
        }
      },
      "minecraft:slime_calm": {
        "minecraft:movement.jump": {
          "jump_delay": [ 0.5, 1.5 ]
        }
      },
      "minecraft:slime_aggressive": {
        "minecraft:movement.jump": {
          "jump_delay": [ 0.16, 0.5 ]
        }
      }
    },

    "components": {
      "minecraft:experience_reward": {
        "on_death": "query.last_hit_by_player ? query.variant : 0"
      },
      "minecraft:type_family": {
        "family": [ "slime", "monster", "mob" ]
      },
      "minecraft:timer": {
        "time": 250,
        "looping": true,
	     "time_down_event": {
	     "event": "mobs:reset_effect"
	      }
      },
      "minecraft:breathable": {
        "total_supply": 15,
        "suffocate_time": 0
      },
      "minecraft:movement": {
        "value": 0.2
      },
      "minecraft:navigation.walk": {
        "can_path_over_water": true,
        "avoid_water": true
      },
      "minecraft:movement.skip": {
      },
      "minecraft:jump.dynamic": {
      },
      "minecraft:can_climb": {
      },
      "minecraft:hurt_on_condition": {
        "damage_conditions": [
          {
            "filters": { "test": "in_lava", "subject": "self", "operator": "==", "value": true },
            "cause": "lava",
            "damage_per_tick": 4
          }
        ]
      },
      "minecraft:on_target_acquired": {
        "event": "minecraft:become_aggressive",
        "target": "self"
      },
      "minecraft:on_target_escape": {
        "event": "minecraft:become_calm",
        "target": "self"
      },
      "minecraft:interact": {
        "interactions": [
          {
            "cooldown": 1,
            "use_item": true,
            "hurt_item": 1,
            "play_sounds": "bucket.fill.water",
            "interact_text": "action.interact.scoop",
            "transform_to_item": "mobs:slime_bucket",
            "on_interact": {
              "filters": {
                "all_of": [
                  { "test": "has_equipment", "subject": "other", "domain": "hand", "value": "bucket"},
                  { "test" :  "is_family", "subject" : "other", "value" :  "player"}
                ]
              },
              "event": "minecraft:on_scoop",
              "target": "self"
            }
          }
        ]
      },
      "minecraft:nameable": {
      },
      "minecraft:behavior.float": {
        "priority": 0
      },
      "minecraft:behavior.melee_attack": {
        "priority": 3
      },
      "minecraft:behavior.random_stroll": {
        "priority": 3,
        "speed_multiplier": 1.0
      },
      "minecraft:behavior.look_at_player": {
        "priority": 5,
        "look_distance": 6.0,
        "probability": 0.02
      },
      "minecraft:behavior.random_look_around": {
        "priority": 6
      },
      "minecraft:physics": {
      },
      "minecraft:pushable": {
        "is_pushable": true,
        "is_pushable_by_piston": true
      },
      "minecraft:conditional_bandwidth_optimization": {
      }
    },

    "events": {
      "minecraft:entity_spawned": {
        "add": {
          "component_groups": [
            "minecraft:slime_calm",
            "mobs:slime_jump",
            "minecraft:slime_small_semitamed"
          ]
        }
      },
		"minecraft:entity_transformed": {
        "add": {
          "component_groups": [
            "minecraft:slime_calm",
            "mobs:slime_jump",
            "minecraft:slime_small_semitamed"
          ]
        }
		},
	  "minecraft:on_scoop": {
        "add": {
          "component_groups": [
            "minecraft:scooped_up"
          ]
        }
      },
      "minecraft:become_calm": {
        "add": {
          "component_groups": [
            "minecraft:slime_calm"
          ]
        }
      },
      "mobs:reset_effect": {
        "add": {
          "component_groups": [
            "mobs:slime_jump"
          ]
        }
      },
      "minecraft:become_aggressive": {
        "add": {
          "component_groups": [
            "minecraft:slime_aggressive"
          ]
        }
      }
    }
  }
}