{
  "format_version": "1.16.0",
  "minecraft:entity": {
    "description": {
      "identifier": "mobs:snake",
      "is_spawnable": true,
      "is_summonable": true,
      "is_experimental": false
    },
    "component_groups": {
		"mobs:desert_skin": {
			"minecraft:skin_id": {
				"value": 1
			 }
	  	 }
    },
    "components": {
      "minecraft:breathable": {
        "total_supply": 15,
        "suffocate_time": 0
      },
      "minecraft:nameable": {
      },
      "minecraft:type_family": {
        "family": [ "snake", "mob" ]
      },
      "minecraft:collision_box": {
        "width": 0.8,
        "height": 0.5
      },

      "minecraft:movement": {
        "value": 0.28
      },
      "minecraft:navigation.walk": {
        "can_path_over_water": true
      },
      "minecraft:movement.basic": {
      },
      "minecraft:jump.static": {
      },
      "minecraft:can_climb": {
      },
      "minecraft:health": {
        "value": 12,
        "max": 12
      },
		"minecraft:skin_id": {
			"value": 0
		},
      "minecraft:hurt_on_condition": {
        "damage_conditions": [
          {
            "filters": { "test": "in_lava", "subject": "self", "operator": "==", "value": true },
            "cause": "lava",
            "damage_per_tick": 4
          }
        ]
      },
      "minecraft:attack": {
        "damage": 4,
        "effect_name": "fatal_poison",
        "effect_duration": 7
      },
      "minecraft:despawn": {
        "despawn_from_distance": {}
      },
      "minecraft:behavior.float": {
        "priority": 0
      },
      "minecraft:behavior.melee_attack": {
        "priority": 3,
        "track_target": true
      },
      "minecraft:behavior.nearest_attackable_target": {
        "priority": 2,
        "must_see": true,
        "within_radius": 16.0,
        "entity_types": [
          {
            "filters": {
              "any_of": [
                {
                  "test": "is_family",
                  "subject": "other",
                  "value": "chicken"
                },
                {
                  "test": "is_family",
                  "subject": "other",
                  "value": "rabbit"
                }
              ]
            },
            "max_dist": 16
          },
          {
            "filters": {
              "any_of": [
                {
                  "test": "is_family",
                  "subject": "other",
                  "value": "player"
                }
              ]
            },
            "max_dist": 4
          },
          {
            "filters": {
              "all_of": [
                {
                  "test": "is_family",
                  "subject": "other",
                  "value": "mob"
                },
                {
                  "test": "is_family",
                  "subject": "other",
                  "operator": "!=",
                  "value": "snake"
                }
              ]
            },
            "max_dist": 2
          }
        ]
      },
		"minecraft:behavior.hurt_by_target": {
			"priority": 1
      },
      "minecraft:behavior.random_stroll": {
        "priority": 6,
        "speed_multiplier": 1
      },
      "minecraft:physics": {
      },
      "minecraft:pushable": {
        "is_pushable": true,
        "is_pushable_by_piston": true
      }
    },
    "events": {
		"minecraft:entity_spawned": {
			"sequence": [
				{
					"filters": {
						"any_of": [
							{
								"test": "has_biome_tag",
								"operator": "==",
								"value": "desert"
							},
							{
								"test": "has_biome_tag",
								"operator": "==",
								"value": "desert_hills"
							},
							{
								"test": "has_biome_tag",
								"operator": "==",
								"value": "mesa"
							},
							{
								"test": "has_biome_tag",
								"operator": "==",
								"value": "mesa_plateu"
							},
							{
								"test": "has_biome_tag",
								"operator": "==",
								"value": "mesa_plateu_mutated"
							},
							{
								"test": "has_biome_tag",
								"operator": "==",
								"value": "mesa_plateu_stone"
							},
							{
								"test": "has_biome_tag",
								"operator": "==",
								"value": "mesa_plateu_stone_mutated"
							},
							{
								"test": "has_biome_tag",
								"operator": "==",
								"value": "mesa_bryce"
							}
						]
					},
					"add": {
						"component_groups": [
							"mobs:desert_skin"
						]
					}
				}
			]
      }
    }
  }
}