{
  "format_version": "1.16.0",
  "minecraft:entity": {
    "description": {
      "identifier": "minecraft:spider",
      "is_spawnable": true,
      "is_summonable": true,
      "is_experimental": false,
		"scripts": {
			"animate": [
				"wather",
				"bridge_execute_commands"
			]
		},
		"animations": {
		   "wather": "controller.animation.wather",
			"bridge_execute_commands": "controller.animation.bridge_flamelarva.execute_commands"
		}
	},
 	"component_groups": {
  	  	"mobs:baby_tameable": {
	  		"minecraft:tameable": {
		  		"probability": 0.35,
	   		"tame_items": [
	   		"poisonous_potato"
            ],
		   	"tame_event": {
		  			"event": "mobs:on_tame",
			  		"target": "self"
		  		}
	  		},
         "minecraft:behavior.tempt": {
           "priority": 3,
           "speed_multiplier": 1.1,
           "items": [
             "poisonous_potato"
           ]
        }
   	},	
     	"mobs:baby_tame": {
	  		"minecraft:is_tamed": {},
        	"minecraft:type_family": {
	     	  "family":[ "spider", "arthropod", "mob", "parrot_tame" ]          
         },
		  	"minecraft:health": {
	   		"value": 12,
	   		"max": 12
     	  	},
         "minecraft:attack": {
           "damage": 3
         },
         "minecraft:on_target_acquired": {
         },
			"minecraft:behavior.hurt_by_target": {
				"priority": 2
			},
         "minecraft:behavior.tempt": {
           "priority": 3,
           "speed_multiplier": 1.1,
           "items": [
             "poisonous_potato"
           ]
        },
   	   "minecraft:healable": {
	     		"force_use": false,
   			"items": [
	    	   	{
	   			  	"item": "poisonous_potato",
		   	  		"heal_amount": 3,
		   	   	"effects": [
	   			  		{
		     		   		"name": "regeneration",
				   	  		"amplifier": 0,
			      			"duration": 10
			  	   		}
		   	  		]
		     		},
		     		{
	   		  		"item": "rotten_flesh",
			      	"heal_amount": 2
	   		  	}
	     		]
     		},
         "minecraft:behavior.find_mount": {
           "priority": 5,
           "avoid_water": true,
           "mount_distance": 2.0
        },
			"minecraft:sittable": {},
			"minecraft:behavior.follow_owner": {
		   	"priority": 3,
		   	"speed_multiplier": 1,
				"start_distance": 16,
			   "stop_distance": 4
			},
			"minecraft:behavior.owner_hurt_by_target": {
			   "priority": 1
			},
			"minecraft:leashable": {
				"soft_distance": 4,
				"hard_distance": 6,
				"max_distance": 10
			},
			"minecraft:environment_sensor": {
				"triggers": [
					{
						"filters": {
							"all_of": [
								{
									"test": "is_riding",
									"subject": "self",
									"operator": "=="
								},
		        				{
				   	   		"any_of": [
				      				{
						       			"test": "is_family",
					      				"subject": "self",
						   	   		"operator": "!=",
						      			"value": "parrot_tame"
				   		   		},
				 	      			{
						       			"test": "is_sneaking",
					      				"subject": "other",
						   	   		"operator": "=="
				   	    			}
			   	   			]
		   	   			}
							]
						},
						"event": "mobs:dismount"
					}
				]
			}
		},
		"bridge:execute_command_id_1": {
			"minecraft:skin_id": {
				"value": 1
			}
		},
		"bridge:execute_no_command": {
				"minecraft:skin_id": {
				"value": 0
			}
		},
      "mobs:normal_spider_tame": {
        "minecraft:rideable": {
          "seat_count": 1,
          "family_types": [
            "player"
          ],
          "seats": {
            "position": [ 0.0, 0.54, 0.0 ]
          }
        },
			"minecraft:mark_variant": {
				"value": 1
			},
			"minecraft:environment_sensor": {
				"triggers": [
					{
						"filters": {
							"all_of": [
								{
									"test": "is_riding",
									"subject": "self",
									"operator": "=="
								},
		        				{
				   	   		"any_of": [
				      				{
						       			"test": "is_family",
					      				"subject": "self",
						   	   		"operator": "!=",
						      			"value": "parrot_tame"
				   		   		},
				 	      			{
						       			"test": "is_sneaking",
					      				"subject": "other",
						   	   		"operator": "=="
				   	    			}
			   	   			]
		   	   			}
							]
						},
						"event": "mobs:dismount"
					}
				]
			},
	   	"minecraft:input_ground_controlled": {},
			"minecraft:can_power_jump": {},
   		"minecraft:behavior.player_ride_tamed": {},
			"minecraft:jump.static": {},
			"minecraft:horse.jump_strength": {
				"value": {
					"range_min": 0.6,
					"range_max": 1
				}
			},
   	   "minecraft:healable": {
	     		"force_use": false,
   			"items": [
	    	   	{
	   			  	"item": "poisonous_potato",
		   	  		"heal_amount": 3,
		   	   	"effects": [
	   			  		{
		     		   		"name": "regeneration",
				   	  		"amplifier": 0,
			      			"duration": 10
			  	   		}
		   	  		]
		     		},
		     		{
	   		  		"item": "rotten_flesh",
			      	"heal_amount": 2
	   		  	}
	     		]
     		},
			"minecraft:leashable": {
				"soft_distance": 4,
				"hard_distance": 6,
				"max_distance": 10
			},
        	"minecraft:type_family": {
	     	  "family":[ "spider", "arthropod", "mob", "spider_tame" ]          
         },
		  	"minecraft:health": {
	   		"value": 18,
	   		"max": 18
     	  	},
         "minecraft:attack": {
           "damage": 4
         },
			"minecraft:sittable": {},
			"minecraft:behavior.follow_owner": {
		   	"priority": 4,
		   	"speed_multiplier": 1,
				"start_distance": 12,
			   "stop_distance": 2
			},
	  		"minecraft:is_tamed": {},
			"minecraft:variant": {
				"value": 2
			},
          "minecraft:scale": {
            "value": 1
         },
			"minecraft:behavior.owner_hurt_by_target": {
			   "priority": 1
			},
			"minecraft:behavior.owner_hurt_target": {
			   "priority": 2
			}
      },
      "mobs:normal_spider_tame_to_mother": {
        "minecraft:rideable": {
          "seat_count": 1,
          "family_types": [
            "player"
          ],
          "seats": {
            "position": [ 0.0, 0.54, 0.0 ]
          }
        },
        	"minecraft:type_family": {
	     	  "family":[ "spider", "arthropod", "mob", "spider_tame" ]          
         },
		  	"minecraft:health": {
	   		"value": 18,
	   		"max": 18
     	  	},
			"minecraft:environment_sensor": {
				"triggers": [
					{
						"filters": {
							"all_of": [
								{
									"test": "is_riding",
									"subject": "self",
									"operator": "=="
								},
		        				{
				   	   		"any_of": [
				      				{
						       			"test": "is_family",
					      				"subject": "self",
						   	   		"operator": "!=",
						      			"value": "parrot_tame"
				   		   		},
				 	      			{
						       			"test": "is_sneaking",
					      				"subject": "other",
						   	   		"operator": "=="
				   	    			}
			   	   			]
		   	   			}
							]
						},
						"event": "mobs:dismount"
					}
				]
			},
			"minecraft:sittable": {},
	   	"minecraft:input_ground_controlled": {},
			"minecraft:can_power_jump": {},
   		"minecraft:behavior.player_ride_tamed": {},
			"minecraft:jump.static": {},
			"minecraft:horse.jump_strength": {
				"value": {
					"range_min": 0.6,
					"range_max": 1
				}
			},
         "minecraft:attack": {
           "damage": 4
         },
   	   "minecraft:healable": {
	     		"force_use": false,
   			"items": [
	    	   	{
	   			  	"item": "poisonous_potato",
		   	  		"heal_amount": 3,
		   	   	"effects": [
	   			  		{
		     		   		"name": "regeneration",
				   	  		"amplifier": 0,
			      			"duration": 10
			  	   		}
		   	  		]
		     		},
		     		{
	   		  		"item": "rotten_flesh",
			      	"heal_amount": 2
	   		  	}
	     		]
     		},
			"minecraft:leashable": {
				"soft_distance": 4,
				"hard_distance": 6,
				"max_distance": 10
			},
    		"minecraft:is_tamed": {},
			"minecraft:variant": {
				"value": 2
			},
          "minecraft:scale": {
            "value": 1
         },
			"minecraft:behavior.follow_owner": {
		   	"priority": 4,
		   	"speed_multiplier": 1,
				"start_distance": 12,
			   "stop_distance": 2
			},
			"minecraft:behavior.owner_hurt_by_target": {
			   "priority": 1
			},
			"minecraft:behavior.owner_hurt_target": {
			   "priority": 2
			},
			"minecraft:ageable": {
				"duration": 1200,
				"feed_items": [
					"poisonous_potato"
				],
				"grow_up": {
					"event": "mobs:grow_up_to_mother_tame",
					"target": "self"
				}
			}
      },
      "mobs:spider_mother_tame": {
        "minecraft:rideable": {
          "seat_count": 1,
          "family_types": [
            "player"
          ],
          "seats": {
            "position": [ 0.0, 0.7, 0.0 ]
          }
        },
			"minecraft:mark_variant": {
				"value": 2
			},
        	"minecraft:type_family": {
	     	  "family":[ "spider", "arthropod", "mob", "spider_tame" ]          
         },
			"minecraft:sittable": {},
			"minecraft:behavior.follow_owner": {
		   	"priority": 5,
		   	"speed_multiplier": 1,
				"start_distance": 10,
			   "stop_distance": 2
			},
	  		"minecraft:is_tamed": {},
	   	"minecraft:input_ground_controlled": {},
			"minecraft:can_power_jump": {},
   		"minecraft:behavior.player_ride_tamed": {},
			"minecraft:jump.static": {},
			"minecraft:horse.jump_strength": {
				"value": {
					"range_min": 0.7,
					"range_max": 1.2
				}
			},	
   	   "minecraft:healable": {
	     		"force_use": false,
   			"items": [
	    	   	{
	   			  	"item": "poisonous_potato",
		   	  		"heal_amount": 3,
		   	   	"effects": [
	   			  		{
		     		   		"name": "regeneration",
				   	  		"amplifier": 0,
			      			"duration": 10
			  	   		}
		   	  		]
		     		},
		     		{
	   		  		"item": "rotten_flesh",
			      	"heal_amount": 2
	   		  	}
	     		]
     		},
			"minecraft:leashable": {
				"soft_distance": 4,
				"hard_distance": 6,
				"max_distance": 10
			},
    		"minecraft:is_tamed": {},
			"minecraft:behavior.owner_hurt_by_target": {
			   "priority": 1
			},
			"minecraft:behavior.owner_hurt_target": {
			   "priority": 3
			},
         "minecraft:health": {
           "value": 30,
           "max": 30
         },
         "minecraft:attack": {
           "damage": 6,
           "effect_name": "poison",
           "effect_duration": 10
         },
          "minecraft:scale": {
            "value": 1.5
         }
      },
      "minecraft:spider_jockey": {
        "minecraft:addrider": {
          "entity_type": "minecraft:skeleton"
        },
        "minecraft:rideable": {
          "seat_count": 1,
          "family_types": [
            "skeleton"
          ],
          "seats": {
            "position": [ 0.0, 0.54, 0.0 ]
          }
        }
      },

      "minecraft:spider_stray_jockey": {
        "minecraft:addrider": {
          "entity_type": "minecraft:skeleton.stray"
        },
        "minecraft:rideable": {
          "seat_count": 1,
          "family_types": [
            "skeleton"
          ],
          "seats": {
            "position": [ 0.0, 0.54, 0.0 ]
          }
        }
      },

      "minecraft:spider_wither_jockey": {
        "minecraft:addrider": {
          "entity_type": "minecraft:skeleton.wither"
        },
        "minecraft:rideable": {
          "seat_count": 1,
          "family_types": [
            "skeleton"
          ],
          "seats": {
            "position": [ 0.0, 0.54, 0.0 ]
          }
        }
      },
      "mobs:mother_spider": {
         "minecraft:type_family": {
           "family": [ "family_spider", "spider", "mother_spider", "monster", "mob", "arthropod" ]
         },
         "minecraft:health": {
           "value": 30,
           "max": 30
         },
         "minecraft:attack": {
           "damage": 6,
           "effect_name": "poison",
           "effect_duration": 10

         },
        "minecraft:behavior.nearest_attackable_target": {
          "priority": 2,
          "must_see": true,
          "entity_types": [
            {
              "filters": {
                "any_of": [
                  {
                    "test": "is_family",
                    "subject": "other",
                    "value": "player"
                  },
                  {
                    "test": "is_family",
                    "subject": "other",
                    "value": "snowgolem"
                  },
                  {
                    "test": "is_family",
                    "subject": "other",
                    "value": "irongolem"
                  }
                ]
              },
              "max_dist": 12
            }
          ]
        },
          "minecraft:scale": {
            "value": 1.5
         },
         "minecraft:rideable": {
           "seat_count": 2,
           "family_types": [
             "baby_spider"
           ],
				"pull_in_entities": true,
           "seats": [
				{
					"position": [
						0.0,
						0.7,
						0
					],
             "lock_rider_rotation": 1
				},
				{
					"position": [
						0,
						1.1,
						-0.6
					],
             "lock_rider_rotation": 1
				}
         ]
       },
			"minecraft:addrider": {
				"entity_type": "minecraft:spider",
				"spawn_event": "mobs:spawned_baby"
			},
        "minecraft:on_target_acquired": {
          "event": "minecraft:become_angry"

        },
         "minecraft:spawn_entity": {
           "entities": [
             {
               "min_wait_time": 0,
               "max_wait_time": 0,
               "spawn_entity": "spider",
               "spawn_event": "mobs:spawned_baby",
               "single_use": true,
               "num_to_spawn": 4,
               "should_leash": false
             }
           ]
         }
      },
      "mobs:mother_spider_with_friend": {
         "minecraft:type_family": {
           "family": [ "family_spider", "spider", "mother_spider", "monster", "mob", "arthropod" ]
         },
         "minecraft:health": {
           "value": 30,
           "max": 30
         },
         "minecraft:attack": {
           "damage": 6,
           "effect_name": "poison",
           "effect_duration": 10
         },
			"minecraft:behavior.hurt_by_target": {
				"priority": 2,
				"reselect_targets": true,
				"must_see": true,
				"entity_types": [
					{
						"filters": {
							"all_of": [
								{
									"test": "is_family",
									"subject": "other",
									"operator": "!=",
									"value": "creeper"
								},
								{
									"test": "is_family",
									"subject": "other",
									"operator": "!=",
									"value": "skeleton"
								}
							]
						}
					}
				]
			},
        "minecraft:behavior.avoid_mob_type": {
          "priority": 3,
          "entity_types": [
            {
              "filters": {
                "test": "is_family",
                "subject": "other",
                "value": "wolf"
              },
              "max_dist": 6,
              "walk_speed_multiplier": 1.2,
              "sprint_speed_multiplier": 1.2
            }
          ]
        },
        "minecraft:behavior.nearest_attackable_target": {
          "priority": 2,
          "must_see": true,
          "attack_interval": 5,
          "entity_types": [
            {
              "filters": {
                "any_of": [
                  {
                    "test": "is_family",
                    "subject": "other",
                    "value": "player"
                  },
                  {
                    "test": "is_family",
                    "subject": "other",
                    "value": "snowgolem"
                  },
                  {
                    "test": "is_family",
                    "subject": "other",
                    "value": "irongolem"
                  }
                ]
              },
              "max_dist": 6
            }
          ]
        },
          "minecraft:scale": {
            "value": 1.5
         },
         "minecraft:rideable": {
           "seat_count": 1,
           "family_types": [
             "skeleton"
           ],
				"pull_in_entities": true,
           "seats": {
            "position": [ 0.0, 0.7, 0.0 ]
         }
       },
			"minecraft:addrider": {
				"entity_type": "skeleton",
				"spawn_event": "mobs:spawned_friend"
			},
        "minecraft:on_target_acquired": {
          "event": "minecraft:become_angry"
        },
         "minecraft:spawn_entity": {
           "entities": [

             {
               "min_wait_time": 0,
               "max_wait_time": 0,
               "spawn_entity": "spider",
               "spawn_event": "mobs:spawned_baby",
               "single_use": true,
               "num_to_spawn": 5,
               "should_leash": false
             }
           ]
         }
      },
      "mobs:baby_spider": {
			"minecraft:is_baby": {},
         "minecraft:type_family": {
           "family": [ "family_spider", "spider", "baby_spider", "monster", "mob", "arthropod" ]
         },
			"minecraft:variant": {
				"value": 1
			},
			"minecraft:behavior.hurt_by_target": {
				"priority": 2,
				"reselect_targets": true,
				"must_see": true,
				"entity_types": [
					{
						"filters": {
							"all_of": [
								{
									"test": "is_family",
									"subject": "other",
									"operator": "!=",
									"value": "creeper"
								},
								{
									"test": "is_family",
									"subject": "other",
									"operator": "!=",
									"value": "skeleton"
								}
							]
						}
					}
				]
			},
			"minecraft:ageable": {
				"duration": 1200,
				"feed_items": [
					"poisonous_potato"
				],
				"grow_up": {
					"event": "mobs:grow_up",
					"target": "self"
				}
			},
         "minecraft:health": {
           "value": 12,
           "max": 12
         },
         "minecraft:attack": {
           "damage": 3
         },
          "minecraft:scale": {
            "value": 0.5
         },
        "minecraft:on_target_acquired": {
          "event": "minecraft:become_angry"
        },
         "minecraft:behavior.find_mount": {
           "priority": 4,
           "avoid_water": true,
           "mount_distance": 3.0
         },
        "minecraft:behavior.follow_parent": {
          "priority": 7,
          "speed_multiplier": 1.0
        }
      },
      "minecraft:spider_neutral": {
        "minecraft:environment_sensor": {
          "triggers": {
            "filters": {
              "test": "is_brightness",
              "operator": "<",
              "value": 0.49
            },
            "event": "minecraft:become_hostile"
          }
        }
      },
      "mobs:to_mother_wild": {
			"minecraft:ageable": {
				"duration": 1200,
				"grow_up": {
					"event": "mobs:grow_up_to_mother_wild",
					"target": "self"
		  		}
         }
      },
      "minecraft:spider_hostile": {
        "minecraft:environment_sensor": {
          "triggers": {
            "filters": {
              "test": "is_brightness",
              "operator": ">",
              "value": 0.49
            },
            "event": "minecraft:become_neutral"
          }
        },
        "minecraft:behavior.nearest_attackable_target": {
          "priority": 2,
          "must_see": true,
          "attack_interval": 5,
          "entity_types": [
            {
              "filters": {
                "any_of": [
                  {
                    "test": "is_family",
                    "subject": "other",
                    "value": "player"
                  },
                  {
                    "test": "is_family",
                    "subject": "other",
                    "value": "snowgolem"
                  },
                  {
                    "test": "is_family",
                    "subject": "other",
                    "value": "irongolem"

                  }
                ]
              },
              "max_dist": 16
            }
          ]
        }
      },
      "minecraft:spider_default": {
         "minecraft:type_family": {
           "family": [ "spider", "monster", "mob", "arthropod" ]
          },
          "minecraft:health": {
            "value": 18,
            "max": 18
          },
	   		"minecraft:variant": {
		   		"value": 2
	   		},
          "minecraft:attack": {
            "damage": 4
          },
          "minecraft:scale": {
            "value": 1
         },
         "minecraft:rideable": {
           "seat_count": 1,
           "family_types": [
             "zombie"
           ],
           "seats": {
             "position": [ 0.0, 0.54, -0.1 ]
           }
         }
      },
      "minecraft:spider_defend": {
        "minecraft:angry": {
          "duration": 20,
          "broadcastAnger": true,
          "broadcastRange": 18,
          "broadcast_targets": [
            "family_spider"
          ],
          "calm_event": {
            "event": "minecraft:become_calm",
            "target": "self"
          }
        }
      }
    },

    "components": {
      "minecraft:experience_reward": {
        "on_death": "query.last_hit_by_player ? 5 : 0"
      },
      "minecraft:nameable": {
      },
      "minecraft:type_family": {
        "family": [ "spider", "monster", "mob", "arthropod" ]
      },
      "minecraft:breathable": {
        "total_supply": 15,
        "suffocate_time": 0
      },
		"minecraft:behavior.stay_while_sitting": {
			"priority": 3
		},
      "minecraft:loot": {
        "table": "loot_tables/entities/spider.json"
      },
		"minecraft:behavior.breed": {
			"priority": 2,
			"speed_multiplier": 1
		},
      "minecraft:collision_box": {
        "width": 1.45,
        "height": 0.85
      },
      "minecraft:health": {
        "value": 18,
        "max": 18
      },
      "minecraft:hurt_on_condition": {
        "damage_conditions": [
          {
            "filters": { "test": "in_lava", "subject": "self", "operator": "==", "value": true },
            "cause": "lava",
            "damage_per_tick": 4
          }
        ]
      },
		"minecraft:damage_sensor": {
			"triggers": {
				"cause": "fall",
				"deals_damage": false
			}
		},
      "minecraft:movement": {
        "value": 0.3
      },
      "minecraft:behavior.leap_at_target": {
        "priority": 6,
        "yd": 0.4,
        "must_be_on_ground": false
      },
      "minecraft:behavior.melee_attack": {
        "priority": 3,
        "track_target": false,
        "reach_multiplier": 0.8
      },
      "minecraft:navigation.climb": {
        "can_path_over_water": true
      },
      "minecraft:movement.basic": {
      },
      "minecraft:jump.static": {
      },
      "minecraft:can_climb": {
      },
      "minecraft:attack": {
        "damage": 3
      },
      "minecraft:despawn": {
        "despawn_from_distance": {}
      },
      "minecraft:behavior.float": {
        "priority": 1
      },
      "minecraft:behavior.mount_pathing": {
        "priority": 5,
        "speed_multiplier": 1.25,
        "target_dist": 0.0,
        "track_target": true
      },
      "minecraft:behavior.random_stroll": {
        "priority": 6,
        "speed_multiplier": 0.8
      },
      "minecraft:behavior.look_at_player": {
        "priority": 7,
        "look_distance": 6.0,
        "probability": 0.02
      },
      "minecraft:behavior.random_look_around": {
        "priority": 7
      },
      "minecraft:behavior.hurt_by_target": {
        "priority": 1

      },
      "minecraft:physics": {
      },
      "minecraft:pushable": {
        "is_pushable": true,
        "is_pushable_by_piston": true
      },
      "minecraft:conditional_bandwidth_optimization": {
      }
    },

    "events": {
      "minecraft:entity_spawned": {
        "randomize": [
          {
            "weight": 5,
            "randomize": [
              {
                "weight": 80,
                "filters": {
                  "all_of": [
                    {
                      "test": "is_daytime",
                      "value": false
                    },
                    {
                      "test": "is_snow_covered",
                      "value": true
                    },
                    {
                      "test": "is_underground",
                      "value": false
                    }
                  ]
                },
                "remove": {},
                "add": {
                  "component_groups": [
                    "minecraft:spider_stray_jockey",
                    "minecraft:spider_neutral",
		   	   	  "minecraft:spider_default"
                  ]
                }
              },
              {
                "weight": 80,
                "filters": {
                  "test": "is_biome",
                  "value": "the_nether"
                },
                "remove": {},
                "add": {
                  "component_groups": [
                    "minecraft:spider_wither_jockey",
                    "minecraft:spider_neutral",
			      	  "minecraft:spider_default"
                  ]
                }
              },
              {
                "weight": 20,
                "filters": {
                  "any_of": [
                    {
                      "test": "is_daytime",
                      "value": false
                    },
                    {
                      "test": "is_underground",
                      "value": true
                    }
                  ]
                },
                "remove": {},
                "add": {
                  "component_groups": [
                    "minecraft:spider_jockey",
                    "minecraft:spider_neutral",
		   	   	  "minecraft:spider_default"
                  ]
                }
              }
            ]
          },
          {
            "weight": 100,
            "remove": {},
            "add": {
              "component_groups": [
                "minecraft:spider_neutral",
			   	  "minecraft:spider_default"
              ]
            }
          },
          {
            "weight": 10,
            "remove": {},
            "add": {
              "component_groups": [
                "mobs:mother_spider"
              ]
            }
          },
          {
            "weight": 2,
            "remove": {},
            "add": {
              "component_groups": [
                "mobs:mother_spider_with_friend"
              ]
            }
          },
          {
            "weight": 10,
            "remove": {},
            "add": {
              "component_groups": [
                "mobs:baby_spider",
                "mobs:baby_tameable"
              ]
            }
          }
        ]
      },
      "mobs:spawned_baby": {
        "add": {
          "component_groups": [
            "mobs:baby_spider",
            "mobs:baby_tameable"
          ]
        }
      },
      "mobs:spawned_mother_with_friend": {
        "add": {
          "component_groups": [
            "mobs:mother_spider_with_friend"
          ]
        }
      },
      "mobs:on_tame": {
        "remove": {
          "component_groups": [
            "mobs:baby_tameable"
          ]
        },
        "add": {
          "component_groups": [
            "mobs:baby_tame"
          ]
        }
      },
      "minecraft:entity_born": {
        "add": {
          "component_groups": [
            "mobs:baby_spider",
            "mobs:baby_tame"
          ]
        }
      },
		"mobs:grow_up": {
			"sequence": [
				{
					"filters": {
						"test": "has_component",
						"subject": "self",
						"operator": "!=",
						"value": "minecraft:is_tamed"
					},
					"randomize": [
						{
							"weight": 1,
							"remove": {
								"component_groups": [
									"mobs:baby_tameable",
									"mobs:baby_spider"
								]
							},
							"add": {
								"component_groups": [
				   				"minecraft:spider_neutral",
									"mobs:to_mother_wild",
									"minecraft:spider_default"
								]
							}
						},
						{
							"weight": 1,
							"remove": {
								"component_groups": [
									"mobs:baby_tameable",
									"mobs:baby_spider"
								]
							},
							"add": {
								"component_groups": [
									"minecraft:spider_neutral",
									"minecraft:spider_default"
								]
							}
						}
					]
				},
				{
					"filters": {
						"test": "has_component",
						"subject": "self",
						"operator": "==",
						"value": "minecraft:is_tamed"
					},
					"randomize": [
						{
							"weight": 3,
							"remove": {
								"component_groups": [
									"mobs:baby_spider",
									"mobs:baby_tame"
								]
							},
							"add": {
								"component_groups": [
									"mobs:normal_spider_tame"
								]
							}
						},
						{
							"weight": 1,
							"remove": {
								"component_groups": [
									"mobs:baby_spider",
									"mobs:baby_tame"
								]
							},
							"add": {
								"component_groups": [
									"mobs:normal_spider_tame_to_mother"
								]
							}
						}
					]
				}
			]
		},
      "mobs:grow_up_to_mother_wild": {
        "remove": {
          "component_groups": [
            "mobs:grow_up_to_mother_wild",
   			"minecraft:spider_neutral",
   			"minecraft:spider_hostile",
   			"minecraft:spider_default"
          ]
        },
        "add": {
          "component_groups": [
            "mobs:mother_spider"
          ]
        }
      },
      "mobs:grow_up_to_mother_tame": {
        "remove": {
          "component_groups": [
   			"mobs:normal_spider_tame_to_mother"
          ]
        },
        "add": {
          "component_groups": [
            "mobs:spider_mother_tame"
          ]
        }
      },
      "minecraft:become_hostile": {
        "remove": {
          "component_groups": [

            "minecraft:spider_neutral"
          ]
        },
        "add": {
          "component_groups": [
            "minecraft:spider_hostile"
          ]
        }
      },
      "minecraft:become_neutral": {
        "remove": {
          "component_groups": [
            "minecraft:spider_hostile"
          ]
        },
        "add": {
          "component_groups": [
            "minecraft:spider_neutral"
          ]
        }
      },
		"mobs:dismount": {
			"add": {
				"component_groups": [
					"bridge:execute_command_id_1"
				]
			}
		},
		"bridge:remove_command_id_1": {
			"add": {
				"component_groups": [
					"bridge:execute_no_command"
				]
			},
			"remove": {
				"component_groups": [
					"bridge:execute_command_id_1"
				]
			}
		},
      "minecraft:become_angry": {
        "remove": {
          "component_groups": [
            "mobs:baby_tameable"
          ]
        },
        "add": {
          "component_groups": [
            "minecraft:spider_defend"
          ]
        }
      },
      "minecraft:become_calm": {
        "remove": {
          "component_groups": [
            "minecraft:spider_defend"
          ]
        },
        "add": {
          "component_groups": [
            "mobs:baby_tameable"
          ]
        }
      }
    }
  }
}