{
  "format_version": "1.16.0",
  "minecraft:entity": {
    "description": {
      "identifier": "mobs:trader_piglin",
		"runtime_identifier": "minecraft:pillager",
      "is_spawnable": true,
      "is_summonable": true,
      "is_experimental": false
    },

    "component_groups": {
      "managed": {
        "minecraft:managed_wandering_trader": {}
      },
	   "mobs:ranged_mode": {
        "minecraft:shooter": {
        "def": "minecraft:arrow"
      },
		"minecraft:equipment": {
			"table": "loot_tables/entities/pillager_gear.json"
		},
		"minecraft:variant": {
			"value": 0
		},
	  	"minecraft:behavior.charge_held_item": {
	   	"priority": 3,
		  	"items": [
			  	"minecraft:arrow"
	   	]
   	},
      "minecraft:behavior.ranged_attack": {
       "priority": 3,
       "attack_interval_min": 1,
       "attack_interval_max": 1,
       "attack_radius": 17,
       "attack_radius_min": 5,
	    "speed_multiplier": 0.7
         }
       },
       "mobs:melee_mode": {
         "minecraft:attack": {
           "damage": 5
        },
	   	"minecraft:equipment": {
		   	"table": "loot_tables/entities/golden_sword.json"
			},
         "minecraft:behavior.melee_attack": {
           "priority": 3,
           "track_target": false,
		    "speed_multiplier": 0.6
         },
			"minecraft:variant": {
				"value": 1
			}
       },
      "despawning": {
        "minecraft:type_family": {
          "family": [ "trader_piglin", "trader", "wandering_trader_despawning", "mob" ]
        }
      },
      "minecraft:scared": {
        "minecraft:angry": {
          "duration": 24,
          "broadcastAnger": true,
          "broadcastRange": 18,
          "broadcast_targets": [
            "trader"
          ],
          "calm_event": {
            "event": "minecraft:become_calm",
            "target": "self"
          }
        }
      }
    },

    "components": {
      "minecraft:type_family": {
        "family": [ "trader_piglin", "trader", "mob" ]
      },
      "minecraft:is_hidden_when_invisible": {
      },
      "minecraft:timer": {
        "looping": false,
        "random_time_choices": [
          { "weight": 50, "value": 2400 },
          { "weight": 50, "value": 3600 }
        ],
        "time_down_event": {
          "event": "minecraft:start_despawn",
          "target": "self"
        }
      },
      "minecraft:economy_trade_table": {
        "display_name": "entity.mobs:trader_piglin.name",
        "table": "trading/economy_trades/piglin_trader_trades.json",
        "new_screen": true
      },
      "minecraft:breathable": {
        "total_supply": 15,
        "suffocate_time": 0
      },
      "minecraft:health": {
        "value": 26,
        "max": 26
      },
       "minecraft:follow_range": {
         "value": 32
       },
      "minecraft:hurt_on_condition": {
        "damage_conditions": [
          {
            "filters": { "test": "in_lava", "subject": "self", "operator": "==", "value": true },
            "cause": "lava",
            "damage_per_tick": 4
          }
        ]
      },
      "minecraft:collision_box": {
        "width": 0.6,
        "height": 1.9
      },
      "minecraft:movement": {
        "value": 0.5
      },
		"minecraft:equipment": {
			"table": "loot_tables/entities/pillager_gear.json"
		},
	  	"minecraft:target_nearby_sensor": {
		  	"inside_range": 3,
		  	"outside_range": 4,
		   "must_see": true,
		  	"on_inside_range": {
			  	"event": "mobs:switch_to_melee",
		   	"target": "self"
			},
		  	"on_outside_range": {
		   	"event": "mobs:switch_to_ranged",
		  		"target": "self"
		  	}
		},
		"minecraft:on_target_acquired": {
			"event": "minecraft:become_scared",
			"target": "self"
		},
		"minecraft:on_target_escape": {
			"event": "minecraft:become_calm",
			"target": "self"
		},
      "minecraft:navigation.walk": {
        "can_path_over_water": true,
        "can_pass_doors": true,
        "can_open_doors": true,
        "avoid_water": true
      },
      "minecraft:movement.basic": {
      },
      "minecraft:jump.static": {
      },
      "minecraft:can_climb": {
      },
      "minecraft:spawn_entity": {
        "entities": [
          {
             "min_wait_time": 0,
             "max_wait_time": 0,
             "spawn_entity": "mobs:custom_hoglin",
             "spawn_event": "mobs:from_trader_piglin",
             "single_use": true,
            "num_to_spawn": 1,
            "should_leash": true
          }
        ]
      },
      "minecraft:behavior.find_mount": {
        "priority": 3,
        "within_radius": 16
      },
      "minecraft:behavior.float": {
        "priority": 0
      },
      "minecraft:despawn": {
        "remove_child_entities": true,
        "filters": {
          "all_of": [
            {
              "any_of": [
                { "test": "is_family", "subject": "self", "value": "wandering_trader_despawning" },
                { "test": "has_trade_supply", "subject": "self", "value": false }
              ]
            },
            { "test": "distance_to_nearest_player", "operator": ">", "value": 24 }
          ]
        }
      },
      "minecraft:damage_sensor": {
        "triggers": [
          {
            "cause": "entity_attack",
            "deals_damage": true,
            "on_damage": {
              "event": "minecraft:become_scared"
            }
          },
          {
            "cause": "projectile",
            "deals_damage": true,
            "on_damage": {
              "event": "minecraft:become_scared"
            }
          },
          {
            "cause": "magic",
            "deals_damage": true,
            "on_damage": {
              "event": "minecraft:become_scared"
            }
          }
        ]
      },
      "minecraft:behavior.trade_with_player": {
        "priority": 1
      },
      "minecraft:behavior.look_at_trading_player": {
        "priority": 4
      },
      "minecraft:behavior.panic": {
        "priority": 5,
        "speed_multiplier": 0.6
      },
		"minecraft:behavior.hurt_by_target": {
			"priority": 1,
			"entity_types": [
				{
					"filters": {
						"all_of": [
							{
								"test": "is_family",
								"subject": "other",
								"operator": "!=",
								"value": "trader"
							},
							{
								"test": "is_family",
								"subject": "other",
								"operator": "!=",
								"value": "piglin"
							}
						]
					}
				}
			]
      },
      "minecraft:behavior.move_towards_restriction": {
        "priority": 7,
        "speed_multiplier": 0.6
      },
      "minecraft:behavior.look_at_player": {
        "priority": 8,
        "look_distance": 8,
        "probability": 0.02
      },
      "minecraft:behavior.random_look_around": {
        "priority": 9
      },
      "minecraft:physics": {
      },
      "minecraft:pushable": {
        "is_pushable": true,
        "is_pushable_by_piston": true
      }
    },
    "events": {
      "minecraft:scheduled": {
        "add": {
          "component_groups": [
            "managed"
          ]
        }
      },
	   "mobs:switch_to_melee": {
        "remove": {
          "component_groups": [
            "mobs:ranged_mode"
          ]
        },
        "add": {
          "component_groups": [
           "mobs:melee_mode"
          ]
        }
      },
      "mobs:switch_to_ranged": {
        "remove": {
          "component_groups": [
            "mobs:melee_mode"
         ]
       },
       "add": {
         "component_groups": [
            "mobs:ranged_mode"
          ]
        }
      },
      "minecraft:start_despawn": {
        "add": {
          "component_groups": [
            "despawning"
          ]
        }
      },
      "minecraft:become_scared": {
        "add": {
          "component_groups": [
            "minecraft:scared"
          ]
        }
      },
      "minecraft:become_calm": {
        "remove": {
          "component_groups": [
            "minecraft:scared"
          ]
        }
      }
    }
  }
}
