{
	"format_version": "1.16.0",
	"minecraft:entity": {
		"description": {
			"identifier": "mobs:warped_flamoth",
			"runtime_identifier": "minecraft:bee",
			"is_spawnable": true,
			"is_summonable": true,
			"is_experimental": false
		},
		"component_groups": {
			"mobs:flaemoth_regeneration": {
				"minecraft:spell_effects": {
					"add_effects": [
						{
							"effect": "regeneration",
							"amplifier": 1,
							"duration": 4,
							"visible": 0
						},
						{
							"effect": "fire_resistance",
							"amplifier": 0,
							"duration": 30
						}
					]
				}
			},
			"minecraft:wolf_baby": {
				"minecraft:is_baby": {},
				"minecraft:scale": {
					"value": 0.5
				},
				"minecraft:ageable": {
					"duration": 1200,
					"feed_items": [
						"warped_fungus"
					],
					"grow_up": {
						"event": "minecraft:ageable_grow_up",
						"target": "self"
					}
				},
	   		"minecraft:attack": {
			  		"damage": 2
	   		},
	   		"minecraft:behavior.move_to_block": {
			   	"priority": 4,
		   		"tick_interval": 8,
		   		"start_chance": 0.15,
		   		"search_range": 128,
		   		"search_height": 32,
		   		"goal_radius": 0.2,
			   	"stay_duration": 7,
		   		"target_offset": [
			   		0,
				   	0.25,
			   		0
		     		],
		   		"target_blocks": [
				   	"warped_fungus"
		   		],
		   		"on_stay_completed": {
			   		"event": "mobs:regeneration"
		   		},
		   		"target_selection_method": "random",
		   		"speed_multiplier": 1.2
   			}
			},
			"minecraft:wolf_adult": {
			"minecraft:breedable": {
				"require_tame": false,
				"require_full_health": true,
           "causes_pregnancy": true,
				"breeds_with": {
					"mate_type": "mobs:warped_flamoth",
		   		"baby_type": "mobs:warped_flamoth",
					"breed_event": {
						"event": "minecraft:go_to_home",
						"target": "self"
					}
				},
				"breed_items": [
					"warped_fungus"
				]
			},
	   		"minecraft:behavior.move_to_block": {
			   	"priority": 8,
		   		"tick_interval": 7,
		   		"start_chance": 0.3,
		   		"search_range": 128,
		   		"search_height": 32,
		   		"goal_radius": 0.2,
			   	"stay_duration": 7,
		   		"target_offset": [
			   		0,
				   	0.25,
			   		0
		     		],
		   		"target_blocks": [
				   	"warped_fungus"
		   		],
		   		"on_stay_completed": {
			   		"event": "mobs:regeneration"
		   		},
		   		"target_selection_method": "random",
		   		"speed_multiplier": 1.2
   			}
			},
			"minecraft:wolf_angry": {
				"minecraft:angry": {
					"duration": 25,
					"broadcast_anger": false,
					"broadcast_range": 6,
					"calm_event": {
						"event": "minecraft:on_calm",
						"target": "self"
					}
				}
			},
			"minecraft:wolf_wild": {
				"minecraft:tameable": {
					"probability": 0.5,
					"tame_items": "warped_fungus",
					"tame_event": {
						"event": "minecraft:on_tame",
						"target": "self"
					}
				},
				"minecraft:on_target_acquired": {
					"event": "minecraft:become_angry",
					"target": "self"
				}
			},
			"minecraft:wolf_tame": {
				"minecraft:is_tamed": {},
				"minecraft:health": {
					"value": 20,
					"max": 20
				},
				"minecraft:attack": {
					"damage": 4
				},
				"minecraft:behavior.breed": {
					"priority": 2,
					"speed_multiplier": 1
				},
				"minecraft:behavior.owner_hurt_by_target": {
					"priority": 1
				},
				"minecraft:behavior.owner_hurt_target": {
					"priority": 2,
					"reselect_targets": true,
					"must_see": true,
					"entity_types": [
						{
							"filters": {
								"all_of": [
									{
										"test": "is_family",
										"subject": "other",
										"operator": "!=",
										"value": "creeper"
									},
									{
										"test": "is_family",
										"subject": "other",
										"operator": "!=",
										"value": "flamelarva"
									}
								]
							}
						}
					]
				},
				"minecraft:leashable": {
					"soft_distance": 4,
					"hard_distance": 6,
					"max_distance": 10
				}
			},
			"mobs:spawn_baby": {
           "minecraft:spawn_entity": {
             "entities": [
               {
                 "min_wait_time": 1,
                 "max_wait_time": 1,
                 "spawn_entity": "mobs:warped_flamelarva",
                 "spawn_event": "minecraft:entity_spawned",
                 "single_use": true,
                 "num_to_spawn": 1,
                 "should_leash": false
               },
               {
                 "min_wait_time": 2,
                 "max_wait_time": 2,
                 "spawn_entity": "mobs:warped_flamelarva",
                 "spawn_event": "minecraft:entity_spawned",
                 "single_use": true,
                 "num_to_spawn": 1,
                 "should_leash": false
                 }
              ]
           },
      	   "minecraft:timer": {
              "time": 4,
	       	  "looping": false,
	      	  "time_down_event": {
	       	  "event": "minecraft:finish_spawn"
	           }
      	   }
			},
			"mobs:to_home": {
			"minecraft:behavior.move_to_block": {
				"priority": 2,
				"tick_interval": 3,
				"start_chance": 0.7,
				"search_range": 1024,
				"search_height": 75,
				"goal_radius": 0.5,
				"stay_duration": 5,
				"target_offset": [
					0,
					0.25,
					0
				],
				"target_blocks": [
					"shroomlight"
				],
				"on_stay_completed": {
					"event": "minecraft:in_home"
				},
				"target_selection_method": "nearest",
				"speed_multiplier": 1.2
			}
			},
			"mobs:warped_low": {
				"minecraft:scale": {
					"value": 1
				},
				"minecraft:attack": {
					"damage": 3
				},
		   	"minecraft:health": {
	   			"value": 12,
		   		"max": 12
	   		}
			},
			"mobs:warped_mid": {
				"minecraft:scale": {
					"value": 1.15
				},
				"minecraft:attack": {
					"damage": 4
				},
		   	"minecraft:health": {
	   			"value": 16,
		   		"max": 16
	   		}
			},
			"mobs:warped_high": {
				"minecraft:scale": {
					"value": 1.3
				},
				"minecraft:attack": {
					"damage": 5
				},
		   	"minecraft:health": {
	   			"value": 20,
		   		"max": 20
	   		}
			}
		},
		"components": {
			"minecraft:nameable": {},
			"minecraft:type_family": {
				"family": [
					"crimson",
					"mob",
					"flamoth"
				]
			},
			"minecraft:experience_reward": {
				"on_bred": "Math.Random(1,7)",
				"on_death": "query.last_hit_by_player ? Math.Random(1,3) : 0"
			},
			"minecraft:breathable": {
				"total_supply": 15,
				"suffocate_time": 0
			},
			"minecraft:collision_box": {
				"width": 0.6,
				"height": 0.8
			},
			"minecraft:health": {
				"value": 10,
				"max": 10
			},
			"minecraft:behavior.breed": {
				"priority": 2,
				"speed_multiplier": 1
			},
			"minecraft:behavior.tempt": {
				"priority": 3,
				"speed_multiplier": 1.2,
				"items": [
					"warped_fungus"
				]
			},
			"minecraft:hurt_on_condition": {
				"damage_conditions": [
					{
						"filters": {
							"test": "in_lava",
							"subject": "self",
							"operator": "==",
							"value": true
						},
						"cause": "lava",
						"damage_per_tick": 1
					}
				]
			},
         "minecraft:follow_range": {
           "value": 1024
         },
			"minecraft:movement": {
				"value": 0.33
			},
            "minecraft:behavior.random_hover": {
                "priority": 9,
                "xz_dist": 8,
                "y_dist": 10,
                "y_offset": -1,
                "interval": 1,
                "hover_height": [3, 6]
            },
            "minecraft:damage_sensor": {
                "triggers": {
                    "cause": "fall",
                    "deals_damage": false
                }
            },
            "minecraft:flying_speed": {
                "value": 0.22
            },
            "minecraft:behavior.float": {
                "priority": 0
            },
            "minecraft:navigation.hover": {
                "can_path_over_water": true,
                "can_sink": false,
                "can_pass_doors": false,
                "can_path_from_air": true,
                "avoid_water": true,
                "avoid_damage_blocks": true,
                "avoid_sun": false,
                "can_path_over_lava": true
            },
            "minecraft:movement.hover": {},
            "minecraft:jump.static": {},
            "minecraft:can_fly": {
            },
			   "minecraft:healable": {
	   			"force_use": false,
		   		"items": [
				   	{
					   	"item": "warped_fungus",
				   		"heal_amount": 5,
			   			"effects": [
					   		{
						   		"name": "regeneration",
						   		"amplifier": 1,
				   				"duration": 10
				   			},
				   			{
					   			"name": "fire_resistance",
						   		"amplifier": 0,
						   		"duration": 60
					   		}
				   		]
		   			},
			   		{
				   		"item": "red_mushroom",
				   		"heal_amount": 2
			   		},
		   			{
			   			"item": "brown_mushroom",
			   			"heal_amount": 2
			   		},
			   		{
				   		"item": "mobs:golden_fungus",
				   		"heal_amount": 1
			   		},
		   			{
			   			"item": "crimson_fungus",
			   			"heal_amount": 1
			   		}
		   		]
	   		
	   	},
			"minecraft:behavior.stay_while_sitting": {
				"priority": 3
			},
			"minecraft:behavior.melee_attack": {
				"priority": 5,
			   "speed_multiplier": 1.2
			},
			"minecraft:behavior.random_stroll": {
				"priority": 7,
				"speed_multiplier": 1
			},
			"minecraft:behavior.look_at_player": {
				"priority": 6,
				"target_distance": 6,
				"probability": 0.02
			},
			"minecraft:behavior.hurt_by_target": {
				"priority": 3
			},
			"minecraft:physics": {},
			"minecraft:pushable": {
				"is_pushable": true,
				"is_pushable_by_piston": true
			},
			"minecraft:conditional_bandwidth_optimization": {}
		},
		"events": {
			"minecraft:entity_transformed": {
				"sequence": [
					{
						"filters": {
							"test": "has_component",
							"subject": "other",
							"operator": "!=",
							"value": "minecraft:is_tamed"
						},
						"randomize": [
							{
								"weight": 1,
								"remove": {},
								"add": {
									"component_groups": [
										"minecraft:wolf_adult",
										"mobs:warped_low"
									]
								}
							},
							{
								"weight": 1,
								"remove": {},
								"add": {
									"component_groups": [
										"minecraft:wolf_adult",
										"mobs:warped_mid"
									]
								}
							},
							{
								"weight": 1,
								"remove": {},
								"add": {
									"component_groups": [
										"minecraft:wolf_adult",
										"mobs:warped_high"
									]
								}
							}
						]
					},
					{
						"filters": {
							"test": "has_component",
							"subject": "other",
							"operator": "==",
							"value": "minecraft:is_tamed"
						},
						"randomize": [
							{
								"weight": 1,
								"remove": {},
								"add": {
									"component_groups": [
										"minecraft:wolf_adult",
										"minecraft:wolf_tame",
										"mobs:warped_low"
									]
								}
							},
							{
								"weight": 1,
								"remove": {},
								"add": {
									"component_groups": [
										"minecraft:wolf_adult",
										"minecraft:wolf_tame",
										"mobs:warped_mid"
									]
								}
							},
							{
								"weight": 1,
								"remove": {},
								"add": {
									"component_groups": [
										"minecraft:wolf_adult",
										"minecraft:wolf_tame",
										"mobs:warped_high"
									]
								}
							}
						]
					}
				]
			},
			"minecraft:entity_spawned": {
				"randomize": [
					{
						"weight": 9,
						"randomize": [
							{
								"weight": 1,
								"remove": {},
								"add": {
									"component_groups": [
										"minecraft:wolf_adult",
										"mobs:warped_low"
									]
								}
							},
							{
								"weight": 1,
								"remove": {},
								"add": {
									"component_groups": [
										"minecraft:wolf_adult",
										"mobs:warped_mid"
									]
								}
							},
							{
								"weight": 1,
								"remove": {},
								"add": {
									"component_groups": [
										"minecraft:wolf_adult",
										"mobs:warped_high"
									]
								}
							}
						]
					},
					{
						"weight": 0,
						"remove": {},
						"add": {
							"component_groups": [
								"minecraft:wolf_baby",
								"minecraft:wolf_wild"
							]
						}
					}
				]
			},
			"minecraft:entity_born": {
				"remove": {},
				"add": {
					"component_groups": [
						"minecraft:wolf_baby",
						"minecraft:wolf_tame"
					]
				}
			},
			"minecraft:ageable_grow_up": {
				"randomize": [
					{
						"weight": 1,
	          		"remove": {
			       		"component_groups": [
				        		"minecraft:wolf_baby"
			       		]
		       		},
						"add": {
							"component_groups": [
								"minecraft:wolf_adult",
								"mobs:warped_low"
							]
						}
					},
					{
						"weight": 1,
	          		"remove": {
			       		"component_groups": [
				        		"minecraft:wolf_baby"
			       		]
		       		},
						"add": {
							"component_groups": [
								"minecraft:wolf_adult",
								"mobs:warped_mid"
							]
						}
					},
					{
						"weight": 1,
	          		"remove": {
			       		"component_groups": [
				        		"minecraft:wolf_baby"
			       		]
		       		},
						"add": {
							"component_groups": [
								"minecraft:wolf_adult",
								"mobs:warped_high"
							]
						}
					}
				]
			},
			"minecraft:ageable_set_baby": {
				"remove": {
					"component_groups": [
						"minecraft:wolf_adult"
					]
				},
				"add": {
					"component_groups": [
						"minecraft:wolf_baby"
					]
				}
			},
			"minecraft:on_tame": {
				"remove": {
					"component_groups": [
						"minecraft:wolf_wild"
					]
				},
				"add": {
					"component_groups": [
						"minecraft:wolf_tame"
					]
				}
			},
			"minecraft:become_angry": {
				"remove": {
					"component_groups": [
						"minecraft:wolf_wild"
					]
				},
				"add": {
					"component_groups": [
						"minecraft:wolf_angry"
					]
				}
			},
			"minecraft:on_calm": {
				"remove": {
					"component_groups": [
						"minecraft:wolf_angry"
					]
				},
				"add": {
					"component_groups": [
						"minecraft:wolf_wild"
					]
				}
			},
			"minecraft:go_to_home": {
				"remove": {
					"component_groups": [
						"minecraft:wolf_adult"
					]
				},
				"add": {
					"component_groups": [
						"mobs:to_home"
					]
				}
			},
			"minecraft:in_home": {
				"add": {
					"component_groups": [
						"mobs:spawn_baby"
					]
				}
			},
			"minecraft:finish_spawn": {
				"remove": {
					"component_groups": [
						"mobs:to_home",
						"mobs:spawn_baby"
					]
				},
				"add": {
					"component_groups": [
						"minecraft:wolf_adult"
					]
				}
			},
			"mobs:regeneration": {
				"add": {
					"component_groups": [
						"mobs:flaemoth_regeneration"
					]
				}
			}
		}
	}
}