{
	"format_version": "1.10.0",
	"particle_effect": {
		"description": {
			"identifier": "add:team_red_emitter",
			"basic_render_parameters": {
				"material": "particles_alpha",
				"texture": "textures/particles/team_red"
			}
		},
		"components": {
			"minecraft:emitter_rate_steady": {
				"spawn_rate": 4,
				"max_particles": 4
			},
			"minecraft:emitter_lifetime_looping": {
				"active_time": 2
			},
			"minecraft:emitter_shape_point": {
				"offset": [0, 0, 0 ]
			},
			"minecraft:particle_lifetime_expression": {
				"max_lifetime": 2
			},
			"minecraft:particle_initial_spin": {
				"rotation_rate": "5+variable.particle_random_1"
			},
			"minecraft:particle_initial_speed": 0,
			"minecraft:particle_motion_dynamic": {
				"rotation_acceleration": 10
			},
			"minecraft:particle_appearance_billboard": {
				"size": ["(2-variable.particle_age)*0.2", "(2-variable.particle_age)*0.2"],
				"facing_camera_mode": "rotate_xyz",
				"uv": {
					"texture_width": 16,
					"texture_height": 48,
					"uv": [0, 0],
					"uv_size": [16, 16]
				}
			}
		}
	}
}