{
	"format_version": "1.20.30",
	"minecraft:feature_rules": {
		"description": {
			"identifier": "fv:thanhsamac",
			"places_feature": "fv:thanhsamac"
		},
		"conditions": {
			"placement_pass": "after_surface_pass",
			"minecraft:biome_filter": {
				"test": "has_biome_tag",
				"operator": "==",
				"value": "desert"
			}
		},
		"distribution": {
			"iterations": 1,
			"scatter_chance": 5,
			"x": {
				"distribution": "uniform",
				"extent": [
					0,
					16
				]
			},
			"y": "query.heightmap(variable.worldx, variable.worldz) + -1",
			"z": {
				"distribution": "uniform",
				"extent": [
					0,
					16
				]
			}
		}
	}
}