{
	"format_version": "1.20.30",
	"minecraft:feature_rules": {
		"description": {
			"identifier": "fv:thanhtaiga",
			"places_feature": "fv:thanhtaiga"
		},
		"conditions": {
			"placement_pass": "after_surface_pass",
			"minecraft:biome_filter": {
				"any_of": [
					{
						"test": "has_biome_tag",
						"operator": "==",
						"value": "taiga"
					},
					{
						"test": "has_biome_tag",
						"operator": "==",
						"value": "mountains"
					},
					{
						"test": "has_biome_tag",
						"operator": "==",
						"value": "frozen"
					},
					{
						"test": "has_biome_tag",
						"operator": "==",
						"value": "snowy_slopes"
					},
					{
						"test": "has_biome_tag",
						"operator": "==",
						"value": "ice_plains"
					}
				]
			}
		},
		"distribution": {
			"iterations": 1,
			"scatter_chance": 0.4,
			"x": {
				"distribution": "uniform",
				"extent": [
					0,
					16
				]
			},
			"y": "query.heightmap(variable.worldx, variable.worldz) + -1",
			"z": {
				"distribution": "uniform",
				"extent": [
					0,
					16
				]
			}
		}
	}
}