{
  "format_version": "1.10.0",
  "minecraft:client_entity": {
    "description": {
      "identifier": "mobs:illusioner",
      "min_engine_version": "1.8.0",
      "materials": {
        "default": "pillager"
      },
      "textures": {
        "default": "textures/entity/illager/illusioner"
      },
      "geometry": {
        "default": "geometry.illusioner"
      },
      "scripts": {
        "pre_animation": [
          "variable.tcos0 = (Math.cos(query.modified_distance_moved * 38.17) * query.modified_move_speed / variable.gliding_speed_value) * 57.3;"
        ],
        "animate": [
          "controller_general",
          "controller_move"
        ]
      },
      "animations": {
        "general": "animation.illusionist.general",
        "invisible": "animation.illusionist.invisible",
        "casting": "animation.illusionist.casting",
        "shake": "animation.illusionist.shaking",
        "shoot": "animation.illusionist.shoot",
        "look_at_target": "animation.illusionist.look_at_target",
        "move": "animation.illusionist.move",
        "controller_general": "controller.animation.illusionist.general",
        "controller_move": "controller.animation.villager.move"
      },
      "particle_effects": {
        "spell": "minecraft:evoker_spell"
      },
      "render_controllers": [ "controller.render.pillager" ],
      "enable_attachables": true,
      "spawn_egg": {
        "base_color": "#caced1",
        "overlay_color": "#1778D2"
      }
    }
  }
}
