{
  "mob.pvz_peashooter.say": {
    "category": " neutral",
    "sounds": [
      {
        "name": "sounds/mob/pvz_peashooter/say/say",
        "load_on_low_memory": true,
        "stream": true
      }
    ]
  },
  "simple_pea_shot": {
    "category": "neutral",
    "sounds": [
      "sounds/simple_pea_shot"
    ]
  },
  "simple_snowpea_shot": {
    "category": "neutral",
    "sounds": [
      "sounds/simple_snowpea_shot"
    ]
  },
  "mob.simple_crazydave.say": {
    "category": " neutral",
    "sounds": [
      {
        "name": "sounds/mob/simple_crazydave/say/say",
        "load_on_low_memory": true,
        "stream": true
      }
    ]
  },
  "simple_cabbage_shot": {
    "category": "neutral",
    "sounds": [
      "sounds/simple_cabbage_shot"
    ]
  }
}