{
	"format_version": "1.12.0",
	"minecraft:geometry": [
		{
			"description": {
				"identifier": "geometry.bigbeetle",
				"texture_width": 64,
				"texture_height": 32,
				"visible_bounds_width": 3,
				"visible_bounds_height": 2.5,
				"visible_bounds_offset": [0, 0, 0]
			},
			"bones": [
				{
					"name": "body",
					"pivot": [2, 2, 0],
					"cubes": [
						{"origin": [-4, 1.5, -5], "size": [8, 4, 4], "uv": [26, 7]},
						{"origin": [-4, 1.5, -5], "size": [8, 4, 4], "inflate": 0.1, "uv": [0, 11]},
						{"origin": [-4, 1.5, -1], "size": [8, 4, 7], "uv": [0, 0]}
					]
				},
				{
					"name": "head",
					"parent": "body",
					"pivot": [0, 4.5, -5],
					"rotation": [7.5, 0, 0],
					"cubes": [
						{"origin": [-2.25, 1.5, -8], "size": [4.5, 3, 3], "uv": [0, 19]},
						{"origin": [-0.5, 3, -8], "size": [1, 4, 2], "pivot": [0.5, 4.5, -8], "rotation": [35, 0, 0], "uv": [0, 0]}
					],
					"locators": {
						"lead": [0, 1.5, -5]
					}
				},
				{
					"name": "mandibles",
					"parent": "head",
					"pivot": [2, 0, 0]
				},
				{
					"name": "left_mandible",
					"parent": "mandibles",
					"pivot": [1.5, 1.75, -7.5],
					"cubes": [
						{"origin": [0.25, 1.75, -10], "size": [2.5, 0, 3], "uv": [10, 19]}
					]
				},
				{
					"name": "right_mandible",
					"parent": "mandibles",
					"pivot": [-1.5, 1.75, -7.5],
					"cubes": [
						{"origin": [-2.75, 1.75, -10], "size": [2.5, 0, 3], "uv": [8, 19]}
					]
				},
				{
					"name": "wings",
					"parent": "body",
					"pivot": [2, 0, 0]
				},
				{
					"name": "left_elitra",
					"parent": "wings",
					"pivot": [2, 4, -1],
					"cubes": [
						{"origin": [0, 2.5, -1], "size": [4, 3, 7], "inflate": 0.005, "uv": [17, 17]}
					]
				},
				{
					"name": "left_wings",
					"parent": "left_elitra",
					"pivot": [2, 4, -1],
					"cubes": [
						{"origin": [0, 5.5025, -1], "size": [4, 0, 7], "uv": [16, 0]}
					]
				},
				{
					"name": "right_elitra",
					"parent": "wings",
					"pivot": [-2, 4, -1],
					"cubes": [
						{"origin": [-4, 2.5, -1], "size": [4, 3, 7], "inflate": 0.005, "uv": [17, 17], "mirror": true}
					]
				},
				{
					"name": "right_wings",
					"parent": "right_elitra",
					"pivot": [-2, 4, -1],
					"cubes": [
						{"origin": [-4, 5.5025, -1], "size": [4, 0, 7], "uv": [16, 0], "mirror": true}
					]
				},
				{
					"name": "legs",
					"parent": "body",
					"pivot": [2, 0, 0]
				},
				{
					"name": "leg0",
					"parent": "legs",
					"pivot": [-3.5, 2, -4],
					"cubes": [
						{"origin": [-5, -1.5, -4.5], "size": [1, 5, 1], "pivot": [-4, 1.5, -4.5], "rotation": [-30, 0, 60], "uv": [13, 24]}
					]
				},
				{
					"name": "leg1",
					"parent": "legs",
					"pivot": [3.5, 2, -4],
					"cubes": [
						{"origin": [4, -1.5, -4.5], "size": [1, 5, 1], "pivot": [4, 1.5, -4.5], "rotation": [-30, 0, -60], "uv": [13, 24], "mirror": true}
					]
				},
				{
					"name": "leg2",
					"parent": "legs",
					"pivot": [-3.5, 2.04362, -1.99905],
					"cubes": [
						{"origin": [-5, -1.45638, -1.49905], "size": [1, 5, 1], "pivot": [-4, 1.5, -0.5], "rotation": [30, 0, 60], "uv": [13, 24]}
					]
				},
				{
					"name": "leg3",
					"parent": "legs",
					"pivot": [3.5, 2.04362, -1.99905],
					"cubes": [
						{"origin": [4, -1.45638, -1.49905], "size": [1, 5, 1], "pivot": [4, 1.5, -0.5], "rotation": [30, 0, -60], "uv": [13, 24], "mirror": true}
					]
				},
				{
					"name": "leg4",
					"parent": "legs",
					"pivot": [-3.5, 2.04362, 2],
					"cubes": [
						{"origin": [-5, -1.45638, 2.50095], "size": [1, 5, 1], "pivot": [-4, 1.5, 3.5], "rotation": [47.5, 0, 60], "uv": [13, 24]}
					]
				},
				{
					"name": "leg5",
					"parent": "legs",
					"pivot": [3.5, 2.04362, 2],
					"cubes": [
						{"origin": [4, -1.45638, 2.50095], "size": [1, 5, 1], "pivot": [4, 1.5, 3.5], "rotation": [47.5, 0, -60], "uv": [13, 24], "mirror": true}
					]
				}
			]
		}
	]
}