{
	"format_version": "1.12.0",
	"minecraft:geometry": [
		{
			"description": {
				"identifier": "geometry.camel",
				"texture_width": 128,
				"texture_height": 64,
				"visible_bounds_width": 3,
				"visible_bounds_height": 4.5,
				"visible_bounds_offset": [0, 0.75, 0]
			},
			"bones": [
				{
					"name": "head",
					"pivot": [0, 19, -10],
					"cubes": [
						{"origin": [-2, 28.5, -19], "size": [4, 4, 9], "uv": [0, 0]},
						{"origin": [-4, 17, -15], "size": [8, 18, 6], "uv": [0, 14]},
						{"origin": [-4, 15, -14], "size": [8, 5, 7], "uv": [74, 0]},
						{"origin": [-4, 34, -12], "size": [2, 3, 2], "uv": [0, 1]},
						{"origin": [2, 34, -12], "size": [2, 3, 2], "uv": [18, 1]}
					]
				},
				{
					"name": "chest1",
					"pivot": [-8.5, 21, 3],
					"rotation": [0, 90, 0],
					"cubes": [
						{"origin": [-12.5, 13, 3], "size": [8, 8, 3], "uv": [52, 29]}
					]
				},
				{
					"name": "chest2",
					"pivot": [5.5, 21, 3],
					"rotation": [0, 90, 0],
					"cubes": [
						{"origin": [1.5, 13, 3], "size": [8, 8, 3], "uv": [29, 29]}
					]
				},
				{
					"name": "body",
					"pivot": [0, 19, 2],
					"rotation": [90, 0, 0],
					"cubes": [
						{"origin": [-6, 10, -5], "size": [12, 18, 10], "uv": [29, 0]},
						{"origin": [-4, 20.5, 5], "size": [8, 7, 6], "uv": [40, 46]},
						{"origin": [-4, 10.5, 5], "size": [8, 7, 6], "uv": [40, 46]}
					]
				},
				{
					"name": "leg0",
					"pivot": [-3.5, 14, 6],
					"cubes": [
						{"origin": [-5.5, 0, 5], "size": [4, 14, 4], "uv": [17, 41]}
					]
				},
				{
					"name": "leg1",
					"pivot": [3.5, 14, 6],
					"cubes": [
						{"origin": [1.5, 0, 5], "size": [4, 14, 4], "uv": [17, 41], "mirror": true}
					]
				},
				{
					"name": "leg2",
					"pivot": [-3.5, 14, -5],
					"cubes": [
						{"origin": [-5.5, 0, -6], "size": [4, 14, 4], "uv": [0, 41]}
					]
				},
				{
					"name": "leg3",
					"pivot": [3.5, 14, -5],
					"cubes": [
						{"origin": [1.5, 0, -6], "size": [4, 14, 4], "uv": [0, 41], "mirror": true}
					]
				}
			]
		}
	]
}