{
	"format_version": "1.12.0",
	"minecraft:geometry": [
		{
			"description": {
				"identifier": "geometry.chouris",
				"texture_width": 64,
				"texture_height": 64,
				"visible_bounds_width": 4,
				"visible_bounds_height": 4.5,
				"visible_bounds_offset": [0, 0.75, 0]
			},
			"bones": [
				{
					"name": "bb_main",
					"pivot": [0, 0, 0],
					"locators": {
						"particle_idle": [0, 0, 0]
					}
				},
				{
					"name": "body",
					"pivot": [0, 0, 0],
					"cubes": [
						{"origin": [-2.75, 1.25, -2.75], "size": [5.5, 2.5, 5.5], "uv": [0, 16]},
						{"origin": [-3.75, 3.25, -3.75], "size": [7.5, 7.5, 7.5], "uv": [0, 0]}
					],
					"locators": {
						"particle_glow": [0, 0, 0],
						"lead": [0, 0.5, 0]
					}
				},
				{
					"name": "s1",
					"pivot": [1, 2, 1],
					"rotation": [30, 30, 0],
					"cubes": [
						{"origin": [-0.5, -4.75, -0.50735], "size": [2, 6, 2], "uv": [26, 26]}
					]
				},
				{
					"name": "s2",
					"pivot": [-1.5, 2, 1.5],
					"rotation": [30, -30, 0],
					"cubes": [
						{"origin": [-1.75, -4.75, -0.40676], "size": [2, 6, 2], "uv": [8, 23]}
					]
				},
				{
					"name": "s3",
					"pivot": [-1.25, 1.5, -1.25],
					"rotation": [-30, 30, 0],
					"cubes": [
						{"origin": [-1.625, -4.75, -1.76952], "size": [2, 6, 2], "uv": [0, 23]}
					]
				},
				{
					"name": "s4",
					"pivot": [1.25, 2, -1.25],
					"rotation": [-30, -30, 0],
					"cubes": [
						{"origin": [-0.375, -4.75, -1.54294], "size": [2, 6, 2], "uv": [20, 20]}
					]
				}
			]
		}
	]
}