{
	"format_version": "1.12.0",
	"minecraft:geometry": [
		{
			"description": {
				"identifier": "geometry.flamoth",
				"texture_width": 64,
				"texture_height": 64,
				"visible_bounds_width": 3,
				"visible_bounds_height": 2.5,
				"visible_bounds_offset": [0, 0.75, 0]
			},
			"bones": [
				{
					"name": "body",
					"pivot": [0.5, 5, 0],
					"cubes": [
						{"origin": [-2, 3, 3], "size": [4, 4, 4], "uv": [0, 20]},
						{"origin": [-2, 3, -5], "size": [4, 4, 3], "uv": [0, 0]},
						{"origin": [-2, 2, -2], "size": [4, 5, 5], "uv": [13, 14]},
						{"origin": [-2, 2, -2], "size": [4, 5, 5], "inflate": 0.25, "uv": [0, 9]},
						{"origin": [-2.5, 7, -9], "size": [2, 0, 4], "pivot": [-0.5, 7, -5], "rotation": [-15, 12.5, 0], "uv": [2, 28]},
						{"origin": [0.5, 7, -9], "size": [2, 0, 4], "pivot": [0.5, 7, -5], "rotation": [-15, -12.5, 0], "uv": [6, 28]}
					]
				},
				{
					"name": "stinger",
					"parent": "body",
					"pivot": [0.5, 6, 3],
					"cubes": [
						{"origin": [0, 4, 7], "size": [0, 2, 3], "uv": [0, 25]}
					]
				},
				{
					"name": "leftwing_bone",
					"parent": "body",
					"pivot": [2, 7, 2],
					"rotation": [0, 0, -40],
					"cubes": [
						{"origin": [2, 7, -6], "size": [14, 0, 14], "uv": [0, 0]}
					]
				},
				{
					"name": "rightwing_bone",
					"parent": "body",
					"pivot": [-2, 7, 2],
					"rotation": [0, 0, 40],
					"cubes": [
						{"origin": [-16, 7, -6], "size": [14, 0, 14], "uv": [0, 0], "mirror": true}
					]
				},
				{
					"name": "leg_front",
					"parent": "body",
					"pivot": [1, 2, -1],
					"cubes": [
						{"origin": [-3.5, 0, -1.5], "size": [7, 2, 0], "uv": [16, 26]}
					]
				},
				{
					"name": "leg_mid",
					"parent": "body",
					"pivot": [1, 2, 0],
					"cubes": [
						{"origin": [-3.5, 0, 0.5], "size": [7, 2, 0], "uv": [16, 24]}
					]
				},
				{
					"name": "leg_back",
					"parent": "body",
					"pivot": [2, 2, 2],
					"cubes": [
						{"origin": [-3.5, 0, 2.5], "size": [7, 2, 0], "uv": [0, 7]}
					]
				}
			]
		}
	]
}