{
	"format_version": "1.12.0",
	"minecraft:geometry": [
		{
			"description": {
				"identifier": "geometry.flamelarva",
				"texture_width": 64,
				"texture_height": 64,
				"visible_bounds_width": 3,
				"visible_bounds_height": 2.5,
				"visible_bounds_offset": [0, 0.75, 0]
			},
			"bones": [
				{
					"name": "body",
					"pivot": [0.5, 2, 0],
					"cubes": [
						{"origin": [-2, 0, 3], "size": [4, 4, 4], "uv": [0, 20]},
						{"origin": [-2, 0, -5], "size": [4, 4, 3], "uv": [0, 0]},
						{"origin": [-2.25, 0, -2], "size": [4.5, 5, 5], "uv": [13, 14]},
						{"origin": [-2.25, 0, -2], "size": [4.5, 5, 5], "inflate": 0.25, "uv": [0, 9]}
					]
				}
			]
		}
	]
}