{
	"format_version": "1.12.0",
	"minecraft:geometry": [
		{
			"description": {
				"identifier": "geometry.inner_slime",
				"texture_width": 64,
				"texture_height": 32,
				"visible_bounds_width": 2,
				"visible_bounds_height": 1.5,
				"visible_bounds_offset": [0, 0.25, 0]
			},
			"bones": [
				{
					"name": "inner",
					"pivot": [0, 24, 0],
					"cubes": [
						{"origin": [-3, 1, -3], "size": [6, 6, 6], "uv": [0, 16]},
						{"origin": [-3.3, 4, -3.5], "size": [2, 2, 2], "uv": [32, 0]},
						{"origin": [1.3, 4, -3.5], "size": [2, 2, 2], "uv": [32, 4]},
						{"origin": [0, 2, -3.5], "size": [1, 1, 1], "uv": [32, 8]}
					]
				}
			]
		}
	]
}