{
  "format_version": "1.8.0",
  "geometry.outer_slime:geometry.inner_slime": {
    "visible_bounds_width": 1.5,
    "visible_bounds_height": 2,
    "visible_bounds_offset": [ 0, 0.25, 0 ],
    "texturewidth": 64,
    "textureheight": 32,
    "bones": [
		{
			"name": "outer",
			"pivot": [0, 24, 0],
			"cubes": [
				{"origin": [-4, 0, -4], "size": [8, 8, 8], "uv": [0, 0]},
				{"origin": [-3.3, 4, -3.5], "size": [2, 2, 2], "uv": [32, 0]},
				{"origin": [1.3, 4, -3.5], "size": [2, 2, 2], "uv": [32, 4]},
				{"origin": [0, 2, -3.5], "size": [1, 1, 1], "uv": [32, 8]}
			]
		}
    ]
  }
}