{
	"format_version": "1.10.0",
	"geometry.piglin_trader": {
		"texturewidth": 64,
		"textureheight": 64,
		"visible_bounds_width": 2,
		"visible_bounds_height": 4.5,
		"visible_bounds_offset": [0, 0.75, 0],
		"bones": [
			{
				"name": "body",
				"pivot": [0, 24, 0],
				"cubes": [
					{"origin": [-4, 12, -2], "size": [8, 12, 4], "uv": [0, 24]},
					{"origin": [-4, 8, -2], "size": [8, 16, 4], "uv": [0, 40], "inflate": 0.5}
				]
			},
			{
				"name": "head",
				"parent": "body",
				"pivot": [0, 24, 0],
				"cubes": [
					{"origin": [-5, 24, -4], "size": [10, 8, 8], "uv": [0, 0], "inflate": -0.02},
					{"origin": [-5, 24, -4], "size": [10, 8, 8], "uv": [24, 37]},
					{"origin": [-2, 24, -5], "size": [4, 4, 1], "uv": [31, 1]},
					{"origin": [2, 24, -5], "size": [1, 2, 1], "uv": [2, 4]},
					{"origin": [-3, 24, -5], "size": [1, 2, 1], "uv": [2, 0]}
				]
			},
			{
				"name": "leftear",
				"parent": "head",
				"pivot": [5, 30, 0],
				"rotation": [0, 0, -30],
				"cubes": [
					{"origin": [4, 25, -2], "size": [1, 5, 4], "uv": [53, 0]}
				]
			},
			{
				"name": "rightear",
				"parent": "head",
				"pivot": [-5, 30, 0],
				"rotation": [0, 0, 30],
				"cubes": [
					{"origin": [-5, 25, -2], "size": [1, 5, 4], "uv": [41, 0]}
				]
			},
			{
				"name": "rightarm",
				"parent": "body",
				"pivot": [-5, 22, 0],
				"cubes": [
					{"origin": [-8, 12, -2], "size": [4, 12, 4], "uv": [40, 21]}
				]
			},
			{
				"name": "rightItem",
				"parent": "rightarm",
				"pivot": [-6, 15, 1]
			},
			{
				"name": "leftarm",
				"parent": "body",
				"pivot": [5, 22, 0],
				"cubes": [
					{"origin": [4, 12, -2], "size": [4, 12, 4], "uv": [40, 21], "mirror": true}
				]
			},
			{
				"name": "leftItem",
				"parent": "leftarm",
				"pivot": [6, 15, 1]
			},
			{
				"name": "rightleg",
				"parent": "body",
				"pivot": [-1.9, 12, 0],
				"cubes": [
					{"origin": [-4, 0, -2], "size": [4, 12, 4], "uv": [24, 16]}
				]
			},
			{
				"name": "leftleg",
				"parent": "body",
				"pivot": [1.9, 12, 0],
				"cubes": [
					{"origin": [0, 0, -2], "size": [4, 12, 4], "uv": [24, 16], "mirror": true}
				]
			}
		]
	}
}