{
	"format_version": "1.12.0",
	"minecraft:geometry": [
		{
			"description": {
				"identifier": "geometry.piglin",
				"texture_width": 64,
				"texture_height": 64,
				"visible_bounds_width": 3,
				"visible_bounds_height": 3,
				"visible_bounds_offset": [0, 1.5, 0]
			},
			"bones": [
				{
					"name": "body",
					"pivot": [0, 24, 0],
					"cubes": [
						{"origin": [-4, 12, -2], "size": [8, 12, 4], "uv": [16, 16]},
						{"origin": [-4, 12, -2], "size": [8, 12, 4], "inflate": 0.25, "uv": [16, 32]}
					]
				},
				{
					"name": "head",
					"parent": "body",
					"pivot": [0, 24, 0],
					"cubes": [
						{"origin": [-5, 24, -4], "size": [10, 8, 8], "inflate": -0.02, "uv": [0, 0]},
						{"origin": [-2, 24, -5], "size": [4, 4, 1], "uv": [31, 1]},
						{"origin": [2, 24, -5], "size": [1, 2, 1], "uv": [2, 4]},
						{"origin": [-3, 24, -5], "size": [1, 2, 1], "uv": [2, 0]}
					]
				},
				{
					"name": "leftear",
					"parent": "head",
					"pivot": [5, 30, 0],
					"rotation": [0, 0, -30],
					"cubes": [
						{"origin": [4, 25, -2], "size": [1, 5, 4], "uv": [51, 6]}
					]
				},
				{
					"name": "rightear",
					"parent": "head",
					"pivot": [-5, 30, 0],
					"rotation": [0, 0, 30],
					"cubes": [
						{"origin": [-5, 25, -2], "size": [1, 5, 4], "uv": [39, 6]}
					]
				},
				{
					"name": "hair",
					"parent": "head",
					"pivot": [0, 24, 0],
					"cubes": [
						{"origin": [-9, 32, 5], "size": [8, 0, 4], "pivot": [0, 32, 5], "rotation": [0, -90, 90], "uv": [40, 0]},
						{"origin": [-4, 32, 4], "size": [10, 0, 2], "pivot": [0, 32, 5], "rotation": [0, 0, 90], "uv": [40, 4]}
					]
				},
				{
					"name": "rightarm",
					"parent": "body",
					"pivot": [-5, 22, 0],
					"cubes": [
						{"origin": [-8, 12, -2], "size": [4, 12, 4], "uv": [40, 16]},
						{"origin": [-8, 12, -2], "size": [4, 12, 4], "inflate": 0.25, "uv": [40, 32]}
					]
				},
				{
					"name": "rightItem",
					"parent": "rightarm",
					"pivot": [-6, 15, 1]
				},
				{
					"name": "leftarm",
					"parent": "body",
					"pivot": [5, 22, 0],
					"cubes": [
						{"origin": [4, 12, -2], "size": [4, 12, 4], "uv": [32, 48]},
						{"origin": [4, 12, -2], "size": [4, 12, 4], "inflate": 0.25, "uv": [48, 48]}
					]
				},
				{
					"name": "rightleg",
					"parent": "body",
					"pivot": [-1.9, 12, 0],
					"cubes": [
						{"origin": [-4, 0, -2], "size": [4, 12, 4], "uv": [0, 16]},
						{"origin": [-4, 0, -2], "size": [4, 12, 4], "inflate": 0.25, "uv": [0, 32]}
					]
				},
				{
					"name": "leftleg",
					"parent": "body",
					"pivot": [1.9, 12, 0],
					"cubes": [
						{"origin": [0, 0, -2], "size": [4, 12, 4], "uv": [16, 48]},
						{"origin": [0, 0, -2], "size": [4, 12, 4], "inflate": 0.25, "uv": [0, 48]}
					]
				},
				{
					"name": "leftItem",
					"pivot": [6, 15, 1]
				}
			]
		}
	]
}