{
	"format_version": "1.10.0",
	"geometry.polarbear": {
		"texturewidth": 128,
		"textureheight": 64,
		"visible_bounds_width": 6,
		"visible_bounds_height": 3,
		"visible_bounds_offset": [0, 1.5, 0],
		"bones": [
			{
				"name": "body",
				"pivot": [2, 15, 12],
				"cubes": [
					{"origin": [-7, 14, 5], "size": [14, 14, 11], "uv": [0, 19]},
					{"origin": [-6, 28, 5], "size": [12, 12, 10], "uv": [39, 0]}
				],
				"locators": {
					"lead": [0, 11, -15]
				}
			},
			{
				"name": "head",
				"parent": "body",
				"pivot": [0, 14, -16],
				"cubes": [
					{"origin": [-3.5, 10, -19], "size": [7, 7, 7], "uv": [0, 0]},
					{"origin": [-2.5, 10, -22], "size": [5, 3, 3], "uv": [0, 44]}
				]
			},
			{
				"name": "head_sleeping",
				"parent": "head",
				"pivot": [0, 14, -16],
				"cubes": [
					{"origin": [-3.5, 10, -19], "size": [7, 7, 7], "uv": [0, 50]}
				]
			},
			{
				"name": "ear0",
				"parent": "head",
				"pivot": [-3.5, 17, -16.5],
				"cubes": [
					{"origin": [-4.5, 16, -17], "size": [2, 2, 1], "uv": [0, 0]}
				]
			},
			{
				"name": "ear1",
				"parent": "head",
				"pivot": [3.5, 17, -16.5],
				"cubes": [
					{"origin": [2.5, 16, -17], "size": [2, 2, 1], "uv": [26, 0]}
				]
			},
			{
				"name": "rightArm",
				"parent": "head",
				"pivot": [-2.5, 10, -22]
			},
			{
				"name": "rightItem",
				"parent": "rightArm",
				"pivot": [-4, 12.05, -27.6],
				"rotation": [-1.3, -120, 20]
			},
			{
				"name": "leg0",
				"parent": "body",
				"pivot": [-4.5, 10, 6],
				"cubes": [
					{"origin": [-6.5, 0, 4], "size": [4, 10, 8], "uv": [50, 22]}
				]
			},
			{
				"name": "leg1",
				"parent": "body",
				"pivot": [4.5, 10, 6],
				"cubes": [
					{"origin": [2.5, 0, 4], "size": [4, 10, 8], "uv": [50, 22], "mirror": true}
				]
			},
			{
				"name": "leg2",
				"parent": "body",
				"pivot": [-3.5, 10, -8],
				"cubes": [
					{"origin": [-5.5, 0, -10], "size": [4, 10, 6], "uv": [50, 40]}
				]
			},
			{
				"name": "leg3",
				"parent": "body",
				"pivot": [3.5, 10, -8],
				"cubes": [
					{"origin": [1.5, 0, -10], "size": [4, 10, 6], "uv": [50, 40], "mirror": true}
				]
			}
		]
	}
}