{
	"format_version": "1.12.0",
	"minecraft:geometry": [
		{
			"description": {
				"identifier": "geometry.snake",
				"texture_width": 32,
				"texture_height": 32,
				"visible_bounds_width": 4,
				"visible_bounds_height": 1.5,
				"visible_bounds_offset": [0, 0.25, 0]
			},
			"bones": [
				{
					"name": "body",
					"pivot": [0, 4, 4]
				},
				{
					"name": "bodyPart_0",
					"parent": "body",
					"pivot": [-0.5, 1.5, -9.5],
					"cubes": [
						{"origin": [-2.5, 0.5, -12.5], "size": [4, 2, 4], "uv": [16, 0]}
					]
				},
				{
					"name": "tongue",
					"parent": "bodyPart_0",
					"pivot": [-0.5, 1.5, -11.5],
					"cubes": [
						{"origin": [-1, 1.5, -12.5], "size": [1, 0, 2], "uv": [0, 0]}
					]
				},
				{
					"name": "bodyPart_1",
					"parent": "body",
					"pivot": [-0.5, 1.5, -4.5],
					"cubes": [
						{"origin": [-1.5, 0, -9], "size": [2, 3, 5], "uv": [18, 7]}
					]
				},
				{
					"name": "bodyPart_3",
					"parent": "body",
					"pivot": [-0.5, 1.5, 0.5],
					"cubes": [
						{"origin": [-2, 0, -4], "size": [3, 3, 5], "uv": [1, 22]}
					]
				},
				{
					"name": "bodyPart_4",
					"parent": "body",
					"pivot": [-0.5, 1.5, 4.5],
					"cubes": [
						{"origin": [-2.5, 0, 1], "size": [4, 3, 7], "uv": [0, 0]}
					]
				},
				{
					"name": "bodyPart_5",
					"parent": "body",
					"pivot": [-0.25, 1.5, 7.75],
					"cubes": [
						{"origin": [-2, 0, 8], "size": [3, 3, 7], "uv": [0, 11]}
					]
				},
				{
					"name": "bodyPart_6",
					"parent": "body",
					"pivot": [-0.5, 1.5, 15.5]
				},
				{
					"name": "body_tail",
					"parent": "bodyPart_6",
					"pivot": [-0.5, 1.5, 15.5],
					"cubes": [
						{"origin": [-1.5, 0.5, 14.5], "size": [2, 2, 6], "uv": [16, 16]}
					]
				}
			]
		}
	]
}