{
	"format_version": "1.10.0",
	"geometry.spider.v1.8": {
		"texturewidth": 64,
		"textureheight": 32,
		"visible_bounds_width": 3,
		"visible_bounds_height": 2,
		"visible_bounds_offset": [0, 0, 0],
		"bones": [
			{
				"name": "body0",
				"pivot": [0, 9, 0],
				"cubes": [
					{"origin": [-3, 6, -3], "size": [6, 6, 6], "uv": [0, 0]}
				]
			},
			{
				"name": "head",
				"parent": "body0",
				"pivot": [0, 9, -3],
				"cubes": [
					{"origin": [-4, 5, -11], "size": [8, 8, 8], "uv": [32, 4]}
				],
				"locators": {
					"lead": [0, 1, -5]
				}
			},
			{
				"name": "bone2",
				"parent": "head",
				"pivot": [-1.25, 6.75, -10],
				"rotation": [-2, 0, -8],
				"cubes": [
					{"origin": [-3, 3.6, -12], "size": [2, 4, 2], "uv": [24, 5], "inflate": -0.2}
				]
			},
			{
				"name": "bone",
				"parent": "head",
				"pivot": [1.25, 6.75, -10],
				"rotation": [-2, 0, 8],
				"cubes": [
					{"origin": [1, 3.6, -12], "size": [2, 4, 2], "uv": [32, 5], "inflate": -0.2}
				]
			},
			{
				"name": "body1",
				"parent": "body0",
				"pivot": [0, 13, 5],
				"rotation": [27.5, 0, 0],
				"cubes": [
					{"origin": [-5, 7, 1], "size": [10, 8, 12], "uv": [0, 12]}
				]
			},
			{
				"name": "leg0",
				"parent": "body0",
				"pivot": [-4, 9, 2],
				"rotation": [0, 0, 10],
				"cubes": [
					{"origin": [-11, 8, 1], "size": [8, 2, 2], "uv": [18, 0]}
				]
			},
			{
				"name": "leg00",
				"parent": "leg0",
				"pivot": [-11, 9, 2],
				"rotation": [0, 0, -90],
				"cubes": [
					{"origin": [-23.19199, 7.60048, 0.99], "size": [13, 2, 2], "uv": [18, 0], "inflate": -0.02}
				]
			},
			{
				"name": "leg1",
				"parent": "body0",
				"pivot": [4, 9, 2],
				"rotation": [0, 0, -10],
				"cubes": [
					{"origin": [3, 8, 1], "size": [8, 2, 2], "uv": [18, 0]}
				]
			},
			{
				"name": "leg11",
				"parent": "leg1",
				"pivot": [11, 9, 2],
				"rotation": [0, 0, 90],
				"cubes": [
					{"origin": [10.19199, 7.60048, 0.99], "size": [13, 2, 2], "uv": [18, 0], "inflate": -0.02}
				]
			},
			{
				"name": "leg2",
				"parent": "body0",
				"pivot": [-4, 9, 1],
				"rotation": [0, 0, 10],
				"cubes": [
					{"origin": [-11, 8, 0], "size": [8, 2, 2], "uv": [18, 0]}
				]
			},
			{
				"name": "leg22",
				"parent": "leg2",
				"pivot": [-11, 9, 2],
				"rotation": [0, 0, -90],
				"cubes": [
					{"origin": [-23.19199, 7.60048, -0.01], "size": [13, 2, 2], "uv": [18, 0], "inflate": -0.02}
				]
			},
			{
				"name": "leg3",
				"parent": "body0",
				"pivot": [4, 9, 1],
				"rotation": [0, 0, -10],
				"cubes": [
					{"origin": [3, 8, 0], "size": [8, 2, 2], "uv": [18, 0]}
				]
			},
			{
				"name": "leg33",
				"parent": "leg3",
				"pivot": [11, 9, 1],
				"rotation": [0, 0, 90],
				"cubes": [
					{"origin": [10.19199, 7.60048, -0.01], "size": [13, 2, 2], "uv": [18, 0], "inflate": -0.02}
				]
			},
			{
				"name": "leg4",
				"parent": "body0",
				"pivot": [-4, 9, 0],
				"rotation": [0, 0, 10],
				"cubes": [
					{"origin": [-11, 8, -1], "size": [8, 2, 2], "uv": [18, 0]}
				]
			},
			{
				"name": "leg44",
				"parent": "leg4",
				"pivot": [-11, 9, 1],
				"rotation": [0, 0, -90],
				"cubes": [
					{"origin": [-23.19199, 7.60048, -0.99], "size": [13, 2, 2], "uv": [18, 0], "inflate": -0.02}
				]
			},
			{
				"name": "leg5",
				"parent": "body0",
				"pivot": [4, 9, 0],
				"rotation": [0, 0, -10],
				"cubes": [
					{"origin": [3, 8, -1], "size": [8, 2, 2], "uv": [18, 0]}
				]
			},
			{
				"name": "leg55",
				"parent": "leg5",
				"pivot": [11, 9, 0],
				"rotation": [0, 0, 90],
				"cubes": [
					{"origin": [10.19199, 7.60048, -0.99], "size": [13, 2, 2], "uv": [18, 0], "inflate": -0.02}
				]
			},
			{
				"name": "leg6",
				"parent": "body0",
				"pivot": [-4, 9, -1],
				"rotation": [0, 0, 10],
				"cubes": [
					{"origin": [-11, 8, -2], "size": [8, 2, 2], "uv": [18, 0]}
				]
			},
			{
				"name": "leg66",
				"parent": "leg6",
				"pivot": [-11, 9, -1],
				"rotation": [0, 0, -90],
				"cubes": [
					{"origin": [-23.19199, 7.60048, -1.99], "size": [13, 2, 2], "uv": [18, 0], "inflate": -0.02}
				]
			},
			{
				"name": "leg7",
				"parent": "body0",
				"pivot": [4, 9, -1],
				"rotation": [0, 0, -10],
				"cubes": [
					{"origin": [3, 8, -2], "size": [8, 2, 2], "uv": [18, 0]}
				]
			},
			{
				"name": "leg77",
				"parent": "leg7",
				"pivot": [11, 9, -1],
				"rotation": [0, 0, 90],
				"cubes": [
					{"origin": [10.19199, 7.60048, -1.99], "size": [13, 2, 2], "uv": [18, 0], "inflate": -0.02}
				]
			}
		]
	}
}