{
  "format_version": "1.10.0",
  "animation_controllers": {
		"controller.animation.explode": {
			"states": {
				"default": {
					"transitions": [
						{
							"activate": "query.is_baby"
						}
					]
				},
				"activate": {
					"on_entry": [
						"/summon potato:explosion",
						"/particle pvz:potato_explode ~ ~ ~",
						"/kill @s"
					]
				}
			}
		},
		"controller.animation.texplode": {
			"states": {
				"default": {
					"transitions": [
						{
							"activate": "query.is_baby"
						}
					]
				},
				"activate": {
					"on_entry": [
						"/summon potato:texplosion",
						"/particle pvz:potato_explode ~ ~ ~",
						"/kill @s"
					]
				}
			}
		},
    "controller.animation.doom_explode": {
      "states": {
        "default": {
          "transitions": [ { "walking": "(1.0)" } ],
          "on_entry": [ "/kill @s" ]
        },
        "walking": {
          "transitions": [ { "default": "(100.0)" } ]
        }
      }
    }
  }
}