{
  "format_version": "1.10.0",
  "animation_controllers": {
    "controller.animation.bonk_food": {
      "states": {
        "default": {
          "transitions": [
            {
              "walking": "(1.0)"
            }
          ],
          "on_entry": [
            "/playanimation @e[type=pvz:bonk_choy, r=0.5] animation.bonk_choy.food",
            "/playanimation @e[type=taco:bonk_choy, r=0.5] animation.bonk_choy.food"
          ]
        },
        "walking": {
          "transitions": [
            {
              "default": "(1.0)"
            }
          ],
          "on_entry": [
            "/playanimation @e[type=pvz:bonk_choy, r=0.5] animation.bonk_choy.food",
            "/playanimation @e[type=taco:bonk_choy, r=0.5] animation.bonk_choy.food"
          ]
        }
      }
    },
	"controller.animation.sun_food": {
      "states": {
        "default": {
          "transitions": [
            {
              "walking": "(1.0)"
            }
          ],
          "on_entry": [
            "/playanimation @e[type=pvz:sunflower, r=0.5] animation.sunflower.drop",
            "/playanimation @e[type=taco:sunflower, r=0.5] animation.sunflower.drop"
          ]
        },
        "walking": {
          "transitions": [
            {
              "default": "(1.0)"
            }
          ],
          "on_entry": [
            "/playanimation @e[type=pvz:sunflower, r=0.5] animation.sunflower.drop",
            "/playanimation @e[type=taco:sunflower, r=0.5] animation.sunflower.drop"
		  ]
        }
      }
    },
	"controller.animation.twinsun_food": {
      "states": {
        "default": {
          "transitions": [
            {
              "walking": "(1.0)"
            }
          ],
          "on_entry": [
            "/playanimation @e[type=pvz:twinflower, r=0.5] animation.twinflower.drop",
            "/playanimation @e[type=taco:twinflower, r=0.5] animation.twinflower.drop"
          ]
        },
        "walking": {
          "transitions": [
            {
              "default": "(1.0)"
            }
          ],
          "on_entry": [
            "/playanimation @e[type=pvz:twinflower, r=0.5] animation.twinflower.drop",
            "/playanimation @e[type=taco:twinflower, r=0.5] animation.twinflower.drop"
			]
        }
      }
    },
	"controller.animation.birthsun_food": {
      "states": {
        "default": {
          "transitions": [
            {
              "walking": "(1.0)"
            }
          ],
          "on_entry": [
            "/playanimation @e[type=pvz:birth_sunflower, r=1] animation.sunflower.drop",
            "/playanimation @e[type=taco:birth_sunflower, r=0.5] animation.sunflower.drop"
          ]
        },
        "walking": {
          "transitions": [
            {
              "default": "(1.0)"
            }
          ],
          "on_entry": [
            "/playanimation @e[type=pvz:birth_sunflower, r=1] animation.sunflower.drop",
            "/playanimation @e[type=taco:birth_sunflower, r=0.5] animation.sunflower.drop"
			]
        }
      }
    },
	"controller.animation.iceberg": {
      "states": {
        "default": {
          "transitions": [
            {
              "lapis": "query.variant == 1"
            }
          ],
		  "on_entry": [
            "/playanimation @e[type=pvz:lettuce_iceberg, r=1] animation.iceberg_lettuce.food",
            "/playanimation @e[type=taco:lettuce_iceberg, r=1] animation.iceberg_lettuce.food",
			"/playsound mob.iceberg.food @a ~~~"
          ]
        },
        "lapis": {
          "transitions": [
            {
              "default": "query.variant == 0"
            }
          ],
          "on_entry": [
            "/effect @e[family=undead, family=monster, r=45] slowness 60 255 true",
			"/effect @e[family=undead, family=monster, r=45] weakness 60 255 true",
			"/replaceitem entity @e[r=45, type=pvz:explorer_zombie] slot.weapon.mainhand 0 pvz:great_torch_off",
			"/particle pvz:ice_explosion ~ ~ ~"
          ]
        }
      }
    }
  }
}