{
  "format_version": "1.10.0",
  "animation_controllers": {
    "controller.animation.grave": {
      "states": {
        "default": {
          "transitions": [ { "walking": "(1.0)" } ],
          "on_entry": [ 
             "/fill ~ ~ ~ ~ ~-1 ~ air 0 replace pvz:egypt_gravestone",
             "/kill @s"
           ]
        },
        "walking": {
          "transitions": [ { "default": "(100.0)" } ]
        }
      }
    },
   "controller.animation.grave_spawn": {
      "states": {
        "default": {
          "transitions": [ { "walking": "(1.0)" } ],
          "on_entry": [ 
             "/setblock ~ ~ ~ pvz:egypt_gravestone",
             "/kill @s"
           ]
        },
        "walking": {
          "transitions": [ { "default": "(100.0)" } ]
        }
      }
    }
  }
}