{
  "format_version": "1.10.0",
  "animation_controllers": {
    "controller.animation.spawn": {
      "states": {
        "default": {
          "transitions": [ { "walking": "(1.0)" } ],
          "on_entry": [ "/setblock ~ ~ ~ pvz:egypt_gravestone" ]
        },
        "walking": {
          "transitions": [ { "default": "(1.0)" } ],
          "on_entry": [ "/setblock ~ ~ ~ pvz:egypt_gravestone" ]
        }
      }
    },
    "controller.animation.tp": {
      "states": {
        "default": {
          "transitions": [ { "walking": "(1.0)" } ],
          "on_entry": [ "/tp @s ~ ~ ~" ]
        },
        "walking": {
          "transitions": [ { "default": "(1.0)" } ],
          "on_entry": [ "/tp @s ~ ~ ~" ]
        }
      }
    },
    "controller.animation.detect": {
      "states": {
        "default": {
          "transitions": [ { "walking": "(1.0)" } ],
          "on_entry": [ "/execute @s ~ ~ ~ detect ~ ~-0.1 ~ air 0 kill @s" ]
        },
        "walking": {
          "transitions": [ { "default": "(1.0)" } ],
          "on_entry": [ "/execute @s ~ ~ ~ detect ~ ~-0.1 ~ air 0 kill @s" ]
        }
      }
    }
  }
}