{
	"format_version": "1.8.0",
	"animation_controllers": {
		"controller.animation.explode_freeze": {
			"states": {
				"default": {
					"transitions": [
						{
							"activate": "query.is_baby"
						}
					]
				},
				"activate": {
					"on_entry": [
						"/effect @e[c=1, r=2.2, family=undead, family=monster, family=!cleopatra] slowness 25 255 true",
						"/effect @e[c=1, r=2.2, family=cleopatra] slowness 10 1 true",
						"/effect @e[c=1, r=2.2, family=undead, family=monster, family=!cleopatra] weakness 25 255 true",
						"/replaceitem entity @e[c=1, r=2.2, type=pvz:explorer_zombie] slot.weapon.mainhand 0 pvz:great_torch_off",
						"/playsound sound.congelation @a[r=15] ~ ~ ~",
						"/particle pvz:ice_explosion ~ ~ ~",
						"/particle minecraft:egg_destroy_emitter ~ ~ ~",
						"/kill @s"
					]
				}
			}
		},
		"controller.animation.explode_taco_freeze": {
			"states": {
				"default": {
					"transitions": [
						{
							"activate": "query.is_baby"
						}
					]
				},
				"activate": {
					"on_entry": [
						"/effect @e[r=2.2, family=undead, family=monster, family=!cleopatra] slowness 25 255 true",
						"/effect @e[r=2.2, family=undead, family=monster, family=!cleopatra] weakness 25 255 true",
						"/effect @e[r=2.2, family=cleopatra] slowness 30 1 true",
						"/replaceitem entity @e[r=2.2, type=pvz:explorer_zombie] slot.weapon.mainhand 0 pvz:great_torch_off",
						"/playsound sound.congelation @a[r=15] ~ ~ ~",
						"/particle pvz:ice_explosion ~ ~ ~",
						"/particle minecraft:egg_destroy_emitter ~ ~ ~",
						"/kill @s"
					]
				}
			}
		}
	}
}