{
  "format_version": "1.10.0",
  "animation_controllers": {
    "controller.animation.note_purple": {
      "states": {
        "default": {
          "transitions": [
            {
              "lapis": "query.variant == 1"
            }
          ],
		  "on_entry": [
            "/particle pvz:note_purple_explode ~ ~ ~",
			"/effect @e[family=!undead, family=!monster, family=!cleopatra, r=3] levitation 5 0 true"
          ]
        },
        "lapis": {
          "transitions": [
            {
              "default": "query.variant == 0"
            }
          ],
          "on_entry": [
            "/particle pvz:note_purple_explode ~ ~ ~",
			"/effect @e[family=!undead, family=!monster, family=!cleopatra, r=3] levitation 5 0 true"
          ]
        }
      }
    },
    "controller.animation.note_blue": {
      "states": {
        "default": {
          "transitions": [
            {
              "lapis": "query.variant == 1"
            }
          ],
		  "on_entry": [
            "/particle pvz:note_blue_explode ~ ~ ~",
			"/damage @e[family=!undead, family=!monster, family=!cleopatra, r=3] 3 magic"
          ]
        },
        "lapis": {
          "transitions": [
            {
              "default": "query.variant == 0"
            }
          ],
          "on_entry": [
            "/particle pvz:note_blue_explode ~ ~ ~",
			"/damage @e[family=!undead, family=!monster, family=!cleopatra, r=3] 3 magic"
          ]
        }
      }
    },
	"controller.animation.note_green": {
      "states": {
        "default": {
          "transitions": [
            {
              "lapis": "query.variant == 1"
            }
          ],
		  "on_entry": [
            "/particle pvz:note_green_explode ~ ~ ~",
			"/effect @e[family=!undead, family=!monster, family=!cleopatra, r=3] poison 10 0 true"
          ]
        },
        "lapis": {
          "transitions": [
            {
              "default": "query.variant == 0"
            }
          ],
          "on_entry": [
            "/particle pvz:note_green_explode ~ ~ ~",
			"/effect @e[family=!undead, family=!monster, family=!cleopatra, r=3] poison 10 0 true"
          ]
        }
      }
    },
	"controller.animation.note_red": {
      "states": {
        "default": {
          "transitions": [
            {
              "lapis": "query.variant == 1"
            }
          ],
		  "on_entry": [
            "/particle pvz:note_red_explode ~ ~ ~",
			"/execute at @e[family=!undead, family=!monster, family=!cleopatra, r=3] run setblock ~~~ fire"
          ]
        },
        "lapis": {
          "transitions": [
            {
              "default": "query.variant == 0"
            }
          ],
          "on_entry": [
            "/particle pvz:note_red_explode ~ ~ ~",
			"/execute at @e[family=!undead, family=!monster, family=!cleopatra, r=3] run setblock ~~~ fire"
		  ]
        }
      }
    }
  }
}