{
  "format_version":"1.16.0",
  "minecraft:entity":{
    "description":{
      "identifier":"zombie:zombie_basic",
      "is_spawnable":false,
      "is_summonable":true,
      "is_experimental":false,
      "scripts":{"animate":[{"inactive":"!query.is_shaking"}]},
      "animations":{"inactive":"controller.animation.inactive","timer":"animation.timer"}
    },
    "component_groups":{
      "serp:burned":{"minecraft:color":{"value":15},"minecraft:ageable":{"duration":1.5,"grow_up":{"event":"serp:clean"}}},
      "serp:frozen":{"minecraft:color":{"value":3},"minecraft:ageable":{"duration":1.5,"grow_up":{"event":"serp:clean"}}},
      "serp:butter":{"minecraft:color":{"value":4},"minecraft:ageable":{"duration":1.5,"grow_up":{"event":"serp:clean"}}},
      "serp:hypnotized":{"minecraft:color":{"value":6},"minecraft:type_family":{"family":["player"]},"minecraft:ageable":{"duration":7,"grow_up":{"event":"serp:death"}}},
      "serp:clean":{"minecraft:color":{"value":0}},
      "serp:basic":{"minecraft:skin_id":{"value":0},"minecraft:health":{"value":20}},
      "serp:cone":{"minecraft:skin_id":{"value":1},"minecraft:health":{"value":20}},
      "serp:bucket":{"minecraft:skin_id":{"value":2},"minecraft:health":{"value":40}},
      "serp:flag":{"minecraft:skin_id":{"value":3},"minecraft:is_illager_captain":{},"minecraft:health":{"value":40}},
      "serp:door":{"minecraft:is_saddled":{},"minecraft:skin_id":{"value":4},"minecraft:health":{"value":60}},
      "serp:death":{"minecraft:is_shaking":{},"minecraft:transformation":{"into":"serp:despawn","delay":0.8},"minecraft:movement":{"value":0}}
    },
    "components":{
      "minecraft:type_family":{"family":["pvzzombie","monster","mob"]},
      "minecraft:behavior.follow_target_captain":{"priority":5,"speed_multiplier":1,"within_radius":64,"follow_distance":5},
      "minecraft:collision_box":{"width":0.7,"height":1.9},
      "minecraft:movement":{"value":0.25},
      "minecraft:knockback_resistance":{"value":0.7},
      "minecraft:movement.basic":{},
      "minecraft:navigation.walk":{"is_amphibious":true,"can_pass_doors":true,"can_walk":true,"can_break_doors":true},
      "minecraft:annotation.break_door":{},
      "minecraft:jump.static":{},
      "minecraft:can_climb":{},
      "minecraft:health":{"value":20},
      "minecraft:damage_sensor":{
        "triggers":[
{"on_damage":{"filters":{"any_of":[{"test":"has_tag","value":"death"},{"all_of":[{"test":"has_tag","value":"hypnotized"},{"test":"is_family","subject":"other","value":"plants"}]}]}},"deals_damage":false},
{"on_damage":{"filters":{"all_of":[{"test":"is_skin_id","value":4},{"test":"is_family","subject":"other","value":"fume_shroom"}]}},"damage_multiplier":3},
{"on_damage":{"filters":{"all_of":[{"test":"has_damage","value":"fatal"},{"test":"is_skin_id","operator":"!=","value":0}]},"event":"serp:basic"},"deals_damage":false},
{"on_damage":{"filters":{"all_of":[{"test":"has_damage","value":"fatal"},{"test":"is_skin_id","operator":"=","value":0}]},"event":"serp:death"},"deals_damage":true}
        ]
      },
      "minecraft:hurt_on_condition":{"damage_conditions":[{"filters":{"test":"in_lava"},"cause":"lava","damage_per_tick":4}]},
      "minecraft:breathable":{"total_supply":15,"suffocate_time":0,"breathes_air":true,"breathes_water":false},
      "minecraft:attack":{"damage":3},
      "minecraft:despawn":{"despawn_from_distance":{}},
      "minecraft:behavior.melee_attack":{"priority":3,"cooldown_time":0.8},
      "minecraft:behavior.move_towards_restriction":{"priority":5,"speed_multiplier":1},
      "minecraft:behavior.random_stroll":{"priority":7,"speed_multiplier":1},
      "minecraft:behavior.look_at_entity":{"priority":8,"look_distance":6,"probability":0.02},
      "minecraft:behavior.random_look_around":{"priority":9},
      "minecraft:behavior.hurt_by_target":{"priority":4},
      "minecraft:behavior.nearest_attackable_target":{
        "priority":1,"must_see":true,"reselect_targets":true,"within_radius":25,"must_see_forget_duration":17,
        "entity_types":[
{"filters":{"all_of":[{"test":"has_tag","operator":"!=","value":"hypnotized"},{"test":"is_family","subject":"other","value":"plants"}]},"max_dist":20},
{"filters":{"all_of":[{"test":"has_tag","value":"hypnotized"},{"test":"is_family","subject":"other","value":"monster"}]},"max_dist":20},
{"filters":{"all_of":[{"test":"has_tag","operator":"!=","value":"hypnotized"},{"any_of":[{"test":"is_family","subject":"other","value":"player"},{"test":"is_family","subject":"other","value":"snowgolem"},{"test":"is_family","subject":"other","value":"irongolem"},{"test":"is_family","subject":"other","value":"villager"},{"test":"is_family","subject":"other","value":"wandering_trader"}]}]},"max_dist":15,"must_see":false}
        ]
      },
      "minecraft:loot":{"table":"loot_tables/entities/zombie.json"},
      "minecraft:physics":{},
      "minecraft:behavior.float":{"priority":0},
      "minecraft:pushable":{"is_pushable":true,"is_pushable_by_piston":true},
      "minecraft:conditional_bandwidth_optimization":{}
    },

    "events":{
      "minecraft:entity_spawned":{
        "randomize":[
{"weight":60},
{"weight":20,"add":{"component_groups":["serp:conehead"]}},
{"weight":10,"add":{"component_groups":["serp:bucket"]}},
{"weight":10,"add":{"component_groups":["serp:door"]}}
        ]
      },
      "serp:burned":{
"add":{"component_groups":["serp:burned"]}
      },
      "serp:frozen":{
"add":{"component_groups":["serp:frozen"]}
      },
      "serp:butter":{
"add":{"component_groups":["serp:butter"]}
      },
      "serp:hypnotized":{
"add":{"component_groups":["serp:hypnotized"]}
      },
      "serp:clean":{
"remove":{"component_groups":["serp:burned","serp:frozen","serp:butter"]},
"add":{"component_groups":["serp:clean"]}
      },
      "serp:basic":{
"remove":{"component_groups":["serp:cone","serp:bucket","serp:flag","serp:door"]},
"add":{"component_groups":["serp:basic"]},
"run_command":{"command":["effect @s instant_health 2 99 true"]}
      },
      "serp:cone":{
"add":{"component_groups":["serp:cone"]}
      },
      "serp:bucket":{
"add":{"component_groups":["serp:bucket"]}
      },
      "serp:door":{
"add":{"component_groups":["serp:door"]}
      },
      "serp:flag":{
"add":{"component_groups":["serp:flag"]},
"run_command":{"command":["playsound mob.pvz.start @p ~~~ 2"]}
      },
      "serp:death":{
"add":{"component_groups":["serp:death"]}
      }
    }
  }
}