{
  "entity_sounds": {
    "entities": {
      "telur:ragatha": {
        "volume": 1.0,
        "pitch": [
          0.8,
          1.2
        ],
        "events": {
          "ambient": "mob.telur_ragatha.idle",
          "death": "mob.humanoid.death",
          "death.to.zombie": "mob.villager.death",
          "haggle": "mob.humanoid.haggle",
          "haggle.no": "mob.humanoid.no",
          "haggle.yes": "mob.humanoid.yes",
          "hurt": "mob.humanoid.hit"
        }
      },
      "telur:jax": {
        "volume": 1.0,
        "pitch": [
          0.8,
          1.2
        ],
        "events": {
          "ambient": "mob.humanoid.idle",
          "death": "mob.humanoid.death",
          "death.to.zombie": "mob.humanoid.death",
          "haggle": "mob.humanoid.haggle",
          "haggle.no": "mob.humanoid.no",
          "haggle.yes": "mob.humanoid.yes",
          "hurt": "mob.telur_jax.hit"
        }
      },
      "telur:caine": {
        "volume": 1.0,
        "pitch": [
          0.8,
          1.2
        ],
        "events": {
          "ambient": "mob.telur_caine.idle",
          "death": "mob.humanoid.death",
          "death.to.zombie": "mob.humanoid.death",
          "haggle": "mob.humanoid.haggle",
          "haggle.no": "mob.humanoid.no",
          "haggle.yes": "mob.humanoid.yes",
          "hurt": "mob.humanoid.hit"
        }
      },
      "telur:gangel": {
        "volume": 1.0,
        "pitch": [
          0.8,
          1.2
        ],
        "events": {
          "ambient": "mob.humanoid.idle",
          "death": "mob.humanoid.death",
          "death.to.zombie": "mob.villager.death",
          "haggle": "mob.humanoid.haggle",
          "haggle.no": "mob.humanoid.no",
          "haggle.yes": "mob.humanoid.yes",
          "hurt": "mob.telur_gangel.hit"
        }
      },
      "telur:pomni": {
        "volume": 1.0,
        "pitch": [
          0.8,
          1.2
        ],
        "events": {
          "ambient": "mob.humanoid.idle",
          "death": "mob.humanoid.death",
          "death.to.zombie": "mob.humanoid.death",
          "haggle": "mob.humanoid.haggle",
          "haggle.no": "mob.humanoid.no",
          "haggle.yes": "mob.humanoid.yes",
          "hurt": "mob.telur_pomni.hit"
        }
      },
      "telur:zooble": {
        "volume": 1.0,
        "pitch": [
          0.8,
          1.2
        ],
        "events": {
          "ambient": "mob.telur_zooble.idle",
          "death": "mob.humanoid.death",
          "death.to.zombie": "mob.humanoid.death",
          "haggle": "mob.humanoid.haggle",
          "haggle.no": "mob.humanoid.no",
          "haggle.yes": "mob.humanoid.yes",
          "hurt": "mob.humanoid.hit"
        }
      },
      "telur:kaufmo": {
        "volume": 1.0,
        "pitch": [
          0.8,
          1.2
        ],
        "events": {
          "ambient": "mob.telur_kaufmo.idle",
          "death": "mob.humanoid.death",
          "death.to.zombie": "mob.humanoid.death",
          "haggle": "mob.humanoid.haggle",
          "haggle.no": "mob.humanoid.no",
          "haggle.yes": "mob.humanoid.yes",
          "hurt": "mob.humanoid.hit"
        }
      },
      "telur:kinger": {
        "volume": 1.0,
        "pitch": [
          0.8,
          1.2
        ],
        "events": {
          "ambient": "mob.telur_kinger.idle",
          "death": "mob.humanoid.death",
          "death.to.zombie": "mob.humanoid.death",
          "haggle": "mob.humanoid.haggle",
          "haggle.no": "mob.humanoid.no",
          "haggle.yes": "mob.humanoid.yes",
          "hurt": "mob.telur_kinger.hit"
        }
      }
    }
  }
}