{
  "resource_pack_name": "vanilla",
  "texture_name": "atlas.items",
  "texture_data": {
    "stick_team_blue": {
      "textures": "textures/sticks/blue"
    },
    "stick_team_red": {
      "textures": "textures/sticks/red"
    },
    "rider_setter": {
      "textures": "textures/sticks/rider_setter"
    },
    "debug_entity": {
      "textures": "textures/sticks/debug_entity"
    },
    "tamer_setter": {
      "textures": "textures/sticks/tamer"
    },
    "killer_stick": {
      "textures": "textures/sticks/killer"
    },
    "raid_stick": {
      "textures": "textures/sticks/group"
    },
    "raid_initializer": {
      "textures": "textures/sticks/target"
    },
    "equipment_editor": {
      "textures": "textures/sticks/equipment"
    }
  }
}