{
	"file_path": "C:\\Users\\TJ\\AppData\\Local\\Packages\\Microsoft.MinecraftUWP_8wekyb3d8bbwe\\LocalState\\games\\com.mojang\\development_resource_packs\\Mobs RP\\entity\\villagers\\hunter.entity.json",
	"file_type": "client_entity",
	"format_version": 1,
	"file_uuid": "69dc0ad1_5edb_4ce3_b827_80d039159a66",
	"file_version": 5,
	"cache_content": {
		"children": [
			{
				"data": "1.8.0",
				"key": "format_version"
			},
			{
				"open": {
					"format_version": "1.8.0",
					"minecraft:client_entity": {
						"description": {
							"identifier": "mobs:hunter",
							"materials": {
								"default": "villager_v2"
							},
							"textures": {
								"default": "textures/entity/villagers/hunter"
							},
							"geometry": {
								"default": "geometry.valhalla.archer"
							},
							"scripts": {
								"scale": 0.9375,
								"pre_animation": [
									"variable.num_professions = 15;",
									"variable.num_tiers = 3;",
									"variable.profession_index = (query.variant < variable.num_professions ? query.variant : 0);",
									"variable.level_index = query.trade_tier;"
								]
							},
							"animations": {
								"general": "animation.villager.general",
								"look_at_target": "animation.common.look_at_target",
								"move": "animation.villager.move",
								"raise_arms": "animation.villager.raise_arms",
								"baby_transform": "animation.villager.baby_transform",
								"get_in_bed": "animation.villager.get_in_bed"
							},
							"animation_controllers": [
								{
									"general": "controller.animation.villager_v2.general"
								},
								{
									"move": "controller.animation.villager_v2.move"
								},
								{
									"raise_arms": "controller.animation.villager_v2.raise_arms"
								},
								{
									"baby": "controller.animation.villager_v2.baby"
								}
							],
							"render_controllers": [
								"controller.render.hunter"
							],
							"spawn_egg": {
								"texture": "spawn_egg",
								"texture_index": 14
							}
						}
					}
				},
				"key": "minecraft:client_entity",
				"children": [
					{
						"open": {
							"description": {
								"identifier": "mobs:hunter",
								"materials": {
									"default": "villager_v2"
								},
								"textures": {
									"default": "textures/entity/villagers/hunter"
								},
								"geometry": {
									"default": "geometry.valhalla.archer"
								},
								"scripts": {
									"scale": 0.9375,
									"pre_animation": [
										"variable.num_professions = 15;",
										"variable.num_tiers = 3;",
										"variable.profession_index = (query.variant < variable.num_professions ? query.variant : 0);",
										"variable.level_index = query.trade_tier;"
									]
								},
								"animations": {
									"general": "animation.villager.general",
									"look_at_target": "animation.common.look_at_target",
									"move": "animation.villager.move",
									"raise_arms": "animation.villager.raise_arms",
									"baby_transform": "animation.villager.baby_transform",
									"get_in_bed": "animation.villager.get_in_bed"
								},
								"animation_controllers": [
									{
										"general": "controller.animation.villager_v2.general"
									},
									{
										"move": "controller.animation.villager_v2.move"
									},
									{
										"raise_arms": "controller.animation.villager_v2.raise_arms"
									},
									{
										"baby": "controller.animation.villager_v2.baby"
									}
								],
								"render_controllers": [
									"controller.render.hunter"
								],
								"spawn_egg": {
									"texture": "spawn_egg",
									"texture_index": 14
								}
							}
						},
						"key": "description",
						"children": [
							{
								"open": {
									"identifier": "mobs:hunter",
									"materials": {
										"default": "villager_v2"
									},
									"textures": {
										"default": "textures/entity/villagers/hunter"
									},
									"geometry": {
										"default": "geometry.valhalla.archer"
									},
									"scripts": {
										"scale": 0.9375,
										"pre_animation": [
											"variable.num_professions = 15;",
											"variable.num_tiers = 3;",
											"variable.profession_index = (query.variant < variable.num_professions ? query.variant : 0);",
											"variable.level_index = query.trade_tier;"
										]
									},
									"animations": {
										"general": "animation.villager.general",
										"look_at_target": "animation.common.look_at_target",
										"move": "animation.villager.move",
										"raise_arms": "animation.villager.raise_arms",
										"baby_transform": "animation.villager.baby_transform",
										"get_in_bed": "animation.villager.get_in_bed"
									},
									"animation_controllers": [
										{
											"general": "controller.animation.villager_v2.general"
										},
										{
											"move": "controller.animation.villager_v2.move"
										},
										{
											"raise_arms": "controller.animation.villager_v2.raise_arms"
										},
										{
											"baby": "controller.animation.villager_v2.baby"
										}
									],
									"render_controllers": [
										"controller.render.hunter"
									],
									"spawn_egg": {
										"texture": "spawn_egg",
										"texture_index": 14
									}
								},
								"data": "mobs:hunter",
								"key": "identifier"
							},
							{
								"open": {
									"identifier": "mobs:hunter",
									"materials": {
										"default": "villager_v2"
									},
									"textures": {
										"default": "textures/entity/villagers/hunter"
									},
									"geometry": {
										"default": "geometry.valhalla.archer"
									},
									"scripts": {
										"scale": 0.9375,
										"pre_animation": [
											"variable.num_professions = 15;",
											"variable.num_tiers = 3;",
											"variable.profession_index = (query.variant < variable.num_professions ? query.variant : 0);",
											"variable.level_index = query.trade_tier;"
										]
									},
									"animations": {
										"general": "animation.villager.general",
										"look_at_target": "animation.common.look_at_target",
										"move": "animation.villager.move",
										"raise_arms": "animation.villager.raise_arms",
										"baby_transform": "animation.villager.baby_transform",
										"get_in_bed": "animation.villager.get_in_bed"
									},
									"animation_controllers": [
										{
											"general": "controller.animation.villager_v2.general"
										},
										{
											"move": "controller.animation.villager_v2.move"
										},
										{
											"raise_arms": "controller.animation.villager_v2.raise_arms"
										},
										{
											"baby": "controller.animation.villager_v2.baby"
										}
									],
									"render_controllers": [
										"controller.render.hunter"
									],
									"spawn_egg": {
										"texture": "spawn_egg",
										"texture_index": 14
									}
								},
								"key": "materials",
								"is_minified": true,
								"children": {
									"default": "villager_v2"
								}
							},
							{
								"open": {
									"identifier": "mobs:hunter",
									"materials": {
										"default": "villager_v2"
									},
									"textures": {
										"default": "textures/entity/villagers/hunter"
									},
									"geometry": {
										"default": "geometry.valhalla.archer"
									},
									"scripts": {
										"scale": 0.9375,
										"pre_animation": [
											"variable.num_professions = 15;",
											"variable.num_tiers = 3;",
											"variable.profession_index = (query.variant < variable.num_professions ? query.variant : 0);",
											"variable.level_index = query.trade_tier;"
										]
									},
									"animations": {
										"general": "animation.villager.general",
										"look_at_target": "animation.common.look_at_target",
										"move": "animation.villager.move",
										"raise_arms": "animation.villager.raise_arms",
										"baby_transform": "animation.villager.baby_transform",
										"get_in_bed": "animation.villager.get_in_bed"
									},
									"animation_controllers": [
										{
											"general": "controller.animation.villager_v2.general"
										},
										{
											"move": "controller.animation.villager_v2.move"
										},
										{
											"raise_arms": "controller.animation.villager_v2.raise_arms"
										},
										{
											"baby": "controller.animation.villager_v2.baby"
										}
									],
									"render_controllers": [
										"controller.render.hunter"
									],
									"spawn_egg": {
										"texture": "spawn_egg",
										"texture_index": 14
									}
								},
								"key": "textures",
								"is_minified": true,
								"children": {
									"default": "textures/entity/villagers/hunter"
								}
							},
							{
								"open": {
									"identifier": "mobs:hunter",
									"materials": {
										"default": "villager_v2"
									},
									"textures": {
										"default": "textures/entity/villagers/hunter"
									},
									"geometry": {
										"default": "geometry.valhalla.archer"
									},
									"scripts": {
										"scale": 0.9375,
										"pre_animation": [
											"variable.num_professions = 15;",
											"variable.num_tiers = 3;",
											"variable.profession_index = (query.variant < variable.num_professions ? query.variant : 0);",
											"variable.level_index = query.trade_tier;"
										]
									},
									"animations": {
										"general": "animation.villager.general",
										"look_at_target": "animation.common.look_at_target",
										"move": "animation.villager.move",
										"raise_arms": "animation.villager.raise_arms",
										"baby_transform": "animation.villager.baby_transform",
										"get_in_bed": "animation.villager.get_in_bed"
									},
									"animation_controllers": [
										{
											"general": "controller.animation.villager_v2.general"
										},
										{
											"move": "controller.animation.villager_v2.move"
										},
										{
											"raise_arms": "controller.animation.villager_v2.raise_arms"
										},
										{
											"baby": "controller.animation.villager_v2.baby"
										}
									],
									"render_controllers": [
										"controller.render.hunter"
									],
									"spawn_egg": {
										"texture": "spawn_egg",
										"texture_index": 14
									}
								},
								"key": "geometry",
								"is_minified": true,
								"children": {
									"default": "geometry.valhalla.archer"
								}
							},
							{
								"key": "scripts",
								"is_minified": true,
								"children": {
									"scale": 0.9375,
									"pre_animation": [
										"variable.num_professions = 15;",
										"variable.num_tiers = 3;",
										"variable.profession_index = (query.variant < variable.num_professions ? query.variant : 0);",
										"variable.level_index = query.trade_tier;"
									]
								}
							},
							{
								"key": "animations",
								"is_minified": true,
								"children": {
									"general": "animation.villager.general",
									"look_at_target": "animation.common.look_at_target",
									"move": "animation.villager.move",
									"raise_arms": "animation.villager.raise_arms",
									"baby_transform": "animation.villager.baby_transform",
									"get_in_bed": "animation.villager.get_in_bed"
								}
							},
							{
								"open": {
									"identifier": "mobs:hunter",
									"materials": {
										"default": "villager_v2"
									},
									"textures": {
										"default": "textures/entity/villagers/hunter"
									},
									"geometry": {
										"default": "geometry.valhalla.archer"
									},
									"scripts": {
										"scale": 0.9375,
										"pre_animation": [
											"variable.num_professions = 15;",
											"variable.num_tiers = 3;",
											"variable.profession_index = (query.variant < variable.num_professions ? query.variant : 0);",
											"variable.level_index = query.trade_tier;"
										]
									},
									"animations": {
										"general": "animation.villager.general",
										"look_at_target": "animation.common.look_at_target",
										"move": "animation.villager.move",
										"raise_arms": "animation.villager.raise_arms",
										"baby_transform": "animation.villager.baby_transform",
										"get_in_bed": "animation.villager.get_in_bed"
									},
									"animation_controllers": [
										{
											"general": "controller.animation.villager_v2.general"
										},
										{
											"move": "controller.animation.villager_v2.move"
										},
										{
											"raise_arms": "controller.animation.villager_v2.raise_arms"
										},
										{
											"baby": "controller.animation.villager_v2.baby"
										}
									],
									"render_controllers": [
										"controller.render.hunter"
									],
									"spawn_egg": {
										"texture": "spawn_egg",
										"texture_index": 14
									}
								},
								"key": "animation_controllers",
								"is_minified": true,
								"children": [
									{
										"general": "controller.animation.villager_v2.general"
									},
									{
										"move": "controller.animation.villager_v2.move"
									},
									{
										"raise_arms": "controller.animation.villager_v2.raise_arms"
									},
									{
										"baby": "controller.animation.villager_v2.baby"
									}
								]
							},
							{
								"open": {
									"identifier": "mobs:hunter",
									"materials": {
										"default": "villager_v2"
									},
									"textures": {
										"default": "textures/entity/villagers/hunter"
									},
									"geometry": {
										"default": "geometry.valhalla.archer"
									},
									"scripts": {
										"scale": 0.9375,
										"pre_animation": [
											"variable.num_professions = 15;",
											"variable.num_tiers = 3;",
											"variable.profession_index = (query.variant < variable.num_professions ? query.variant : 0);",
											"variable.level_index = query.trade_tier;"
										]
									},
									"animations": {
										"general": "animation.villager.general",
										"look_at_target": "animation.common.look_at_target",
										"move": "animation.villager.move",
										"raise_arms": "animation.villager.raise_arms",
										"baby_transform": "animation.villager.baby_transform",
										"get_in_bed": "animation.villager.get_in_bed"
									},
									"animation_controllers": [
										{
											"general": "controller.animation.villager_v2.general"
										},
										{
											"move": "controller.animation.villager_v2.move"
										},
										{
											"raise_arms": "controller.animation.villager_v2.raise_arms"
										},
										{
											"baby": "controller.animation.villager_v2.baby"
										}
									],
									"render_controllers": [
										"controller.render.hunter"
									],
									"spawn_egg": {
										"texture": "spawn_egg",
										"texture_index": 14
									}
								},
								"key": "render_controllers",
								"is_minified": true,
								"children": [
									"controller.render.hunter"
								]
							},
							{
								"open": {
									"identifier": "mobs:hunter",
									"materials": {
										"default": "villager_v2"
									},
									"textures": {
										"default": "textures/entity/villagers/hunter"
									},
									"geometry": {
										"default": "geometry.valhalla.archer"
									},
									"scripts": {
										"scale": 0.9375,
										"pre_animation": [
											"variable.num_professions = 15;",
											"variable.num_tiers = 3;",
											"variable.profession_index = (query.variant < variable.num_professions ? query.variant : 0);",
											"variable.level_index = query.trade_tier;"
										]
									},
									"animations": {
										"general": "animation.villager.general",
										"look_at_target": "animation.common.look_at_target",
										"move": "animation.villager.move",
										"raise_arms": "animation.villager.raise_arms",
										"baby_transform": "animation.villager.baby_transform",
										"get_in_bed": "animation.villager.get_in_bed"
									},
									"animation_controllers": [
										{
											"general": "controller.animation.villager_v2.general"
										},
										{
											"move": "controller.animation.villager_v2.move"
										},
										{
											"raise_arms": "controller.animation.villager_v2.raise_arms"
										},
										{
											"baby": "controller.animation.villager_v2.baby"
										}
									],
									"render_controllers": [
										"controller.render.hunter"
									],
									"spawn_egg": {
										"texture": "spawn_egg",
										"texture_index": 14
									}
								},
								"key": "spawn_egg",
								"is_minified": true,
								"children": {
									"texture": "spawn_egg",
									"texture_index": 14
								}
							}
						]
					}
				]
			}
		]
	}
}