{
	"file_path": "C:\\Users\\TJ\\AppData\\Local\\Packages\\Microsoft.MinecraftUWP_8wekyb3d8bbwe\\LocalState\\games\\com.mojang\\development_resource_packs\\Mobs RP\\entity\\iron_golem.entity.json.json",
	"file_type": "client_entity",
	"format_version": 1,
	"file_uuid": "b8f1039c_0c2a_481e_aec3_20627b21f2c4",
	"file_version": 9,
	"cache_content": {
		"children": [
			{
				"data": "1.10.0",
				"key": "format_version"
			},
			{
				"open": {
					"format_version": "1.10.0",
					"minecraft:client_entity": {
						"description": {
							"identifier": "minecraft:iron_golem",
							"materials": {
								"default": "iron_golem"
							},
							"textures": {
								"desert": "textures/entity/creatures/iron_golem/desert",
								"jungle": "textures/entity/creatures/iron_golem/jungle",
								"plains": "textures/entity/iron_golem",
								"savanna": "textures/entity/creatures/iron_golem/savanna",
								"snow": "textures/entity/creatures/iron_golem/snow",
								"swamp": "textures/entity/creatures/iron_golem/swamp",
								"taiga": "textures/entity/creatures/iron_golem/taiga"
							},
							"geometry": {
								"default": "geometry.irongolem"
							},
							"animations": {
								"walk": "animation.iron_golem.walk",
								"move": "animation.iron_golem.move",
								"walk_to_target": "animation.iron_golem.walk_to_target",
								"move_to_target": "animation.iron_golem.move_to_target",
								"attack": "animation.iron_golem.attack",
								"flower": "animation.iron_golem.flower",
								"look_at_target": "animation.common.look_at_target",
								"move_controller": "controller.animation.iron_golem.move",
								"arm_controller": "controller.animation.iron_golem.arm_movement"
							},
							"scripts": {
								"pre_animation": [
									"variable.modified_tcos0 = Math.clamp(((Math.cos(query.modified_distance_moved * 13.5) * Math.min(query.modified_move_speed, 0.6) / variable.gliding_speed_value) * 25.0), -12.5, 12.5);"
								],
								"animate": [
									"look_at_target",
									"move_controller",
									"arm_controller"
								]
							},
							"render_controllers": [
								"controller.render.iron_golem"
							]
						}
					}
				},
				"key": "minecraft:client_entity",
				"children": [
					{
						"open": {
							"description": {
								"identifier": "minecraft:iron_golem",
								"materials": {
									"default": "iron_golem"
								},
								"textures": {
									"desert": "textures/entity/creatures/iron_golem/desert",
									"jungle": "textures/entity/creatures/iron_golem/jungle",
									"plains": "textures/entity/iron_golem",
									"savanna": "textures/entity/creatures/iron_golem/savanna",
									"snow": "textures/entity/creatures/iron_golem/snow",
									"swamp": "textures/entity/creatures/iron_golem/swamp",
									"taiga": "textures/entity/creatures/iron_golem/taiga"
								},
								"geometry": {
									"default": "geometry.irongolem"
								},
								"animations": {
									"walk": "animation.iron_golem.walk",
									"move": "animation.iron_golem.move",
									"walk_to_target": "animation.iron_golem.walk_to_target",
									"move_to_target": "animation.iron_golem.move_to_target",
									"attack": "animation.iron_golem.attack",
									"flower": "animation.iron_golem.flower",
									"look_at_target": "animation.common.look_at_target",
									"move_controller": "controller.animation.iron_golem.move",
									"arm_controller": "controller.animation.iron_golem.arm_movement"
								},
								"scripts": {
									"pre_animation": [
										"variable.modified_tcos0 = Math.clamp(((Math.cos(query.modified_distance_moved * 13.5) * Math.min(query.modified_move_speed, 0.6) / variable.gliding_speed_value) * 25.0), -12.5, 12.5);"
									],
									"animate": [
										"look_at_target",
										"move_controller",
										"arm_controller"
									]
								},
								"render_controllers": [
									"controller.render.iron_golem"
								]
							}
						},
						"key": "description",
						"children": [
							{
								"data": "minecraft:iron_golem",
								"key": "identifier"
							},
							{
								"open": {
									"identifier": "minecraft:iron_golem",
									"materials": {
										"default": "iron_golem"
									},
									"textures": {
										"desert": "textures/entity/creatures/iron_golem/desert",
										"jungle": "textures/entity/creatures/iron_golem/jungle",
										"plains": "textures/entity/iron_golem",
										"savanna": "textures/entity/creatures/iron_golem/savanna",
										"snow": "textures/entity/creatures/iron_golem/snow",
										"swamp": "textures/entity/creatures/iron_golem/swamp",
										"taiga": "textures/entity/creatures/iron_golem/taiga"
									},
									"geometry": {
										"default": "geometry.irongolem"
									},
									"animations": {
										"walk": "animation.iron_golem.walk",
										"move": "animation.iron_golem.move",
										"walk_to_target": "animation.iron_golem.walk_to_target",
										"move_to_target": "animation.iron_golem.move_to_target",
										"attack": "animation.iron_golem.attack",
										"flower": "animation.iron_golem.flower",
										"look_at_target": "animation.common.look_at_target",
										"move_controller": "controller.animation.iron_golem.move",
										"arm_controller": "controller.animation.iron_golem.arm_movement"
									},
									"scripts": {
										"pre_animation": [
											"variable.modified_tcos0 = Math.clamp(((Math.cos(query.modified_distance_moved * 13.5) * Math.min(query.modified_move_speed, 0.6) / variable.gliding_speed_value) * 25.0), -12.5, 12.5);"
										],
										"animate": [
											"look_at_target",
											"move_controller",
											"arm_controller"
										]
									},
									"render_controllers": [
										"controller.render.iron_golem"
									]
								},
								"key": "materials",
								"is_minified": true,
								"children": {
									"default": "iron_golem"
								}
							},
							{
								"open": {
									"identifier": "minecraft:iron_golem",
									"materials": {
										"default": "iron_golem"
									},
									"textures": {
										"desert": "textures/entity/creatures/iron_golem/desert",
										"jungle": "textures/entity/creatures/iron_golem/jungle",
										"plains": "textures/entity/iron_golem",
										"savanna": "textures/entity/creatures/iron_golem/savanna",
										"snow": "textures/entity/creatures/iron_golem/snow",
										"swamp": "textures/entity/creatures/iron_golem/swamp",
										"taiga": "textures/entity/creatures/iron_golem/taiga"
									},
									"geometry": {
										"default": "geometry.irongolem"
									},
									"animations": {
										"walk": "animation.iron_golem.walk",
										"move": "animation.iron_golem.move",
										"walk_to_target": "animation.iron_golem.walk_to_target",
										"move_to_target": "animation.iron_golem.move_to_target",
										"attack": "animation.iron_golem.attack",
										"flower": "animation.iron_golem.flower",
										"look_at_target": "animation.common.look_at_target",
										"move_controller": "controller.animation.iron_golem.move",
										"arm_controller": "controller.animation.iron_golem.arm_movement"
									},
									"scripts": {
										"pre_animation": [
											"variable.modified_tcos0 = Math.clamp(((Math.cos(query.modified_distance_moved * 13.5) * Math.min(query.modified_move_speed, 0.6) / variable.gliding_speed_value) * 25.0), -12.5, 12.5);"
										],
										"animate": [
											"look_at_target",
											"move_controller",
											"arm_controller"
										]
									},
									"render_controllers": [
										"controller.render.iron_golem"
									]
								},
								"key": "textures",
								"is_minified": true,
								"children": {
									"desert": "textures/entity/creatures/iron_golem/desert",
									"jungle": "textures/entity/creatures/iron_golem/jungle",
									"plains": "textures/entity/iron_golem",
									"savanna": "textures/entity/creatures/iron_golem/savanna",
									"snow": "textures/entity/creatures/iron_golem/snow",
									"swamp": "textures/entity/creatures/iron_golem/swamp",
									"taiga": "textures/entity/creatures/iron_golem/taiga"
								}
							},
							{
								"open": {
									"identifier": "minecraft:iron_golem",
									"materials": {
										"default": "iron_golem"
									},
									"textures": {
										"desert": "textures/entity/creatures/iron_golem/desert",
										"jungle": "textures/entity/creatures/iron_golem/jungle",
										"plains": "textures/entity/iron_golem",
										"savanna": "textures/entity/creatures/iron_golem/savanna",
										"snow": "textures/entity/creatures/iron_golem/snow",
										"swamp": "textures/entity/creatures/iron_golem/swamp",
										"taiga": "textures/entity/creatures/iron_golem/taiga"
									},
									"geometry": {
										"default": "geometry.irongolem"
									},
									"animations": {
										"walk": "animation.iron_golem.walk",
										"move": "animation.iron_golem.move",
										"walk_to_target": "animation.iron_golem.walk_to_target",
										"move_to_target": "animation.iron_golem.move_to_target",
										"attack": "animation.iron_golem.attack",
										"flower": "animation.iron_golem.flower",
										"look_at_target": "animation.common.look_at_target",
										"move_controller": "controller.animation.iron_golem.move",
										"arm_controller": "controller.animation.iron_golem.arm_movement"
									},
									"scripts": {
										"pre_animation": [
											"variable.modified_tcos0 = Math.clamp(((Math.cos(query.modified_distance_moved * 13.5) * Math.min(query.modified_move_speed, 0.6) / variable.gliding_speed_value) * 25.0), -12.5, 12.5);"
										],
										"animate": [
											"look_at_target",
											"move_controller",
											"arm_controller"
										]
									},
									"render_controllers": [
										"controller.render.iron_golem"
									]
								},
								"key": "geometry",
								"is_minified": true,
								"children": {
									"default": "geometry.irongolem"
								}
							},
							{
								"open": {
									"identifier": "minecraft:iron_golem",
									"materials": {
										"default": "iron_golem"
									},
									"textures": {
										"desert": "textures/entity/creatures/iron_golem/desert",
										"jungle": "textures/entity/creatures/iron_golem/jungle",
										"plains": "textures/entity/iron_golem",
										"savanna": "textures/entity/creatures/iron_golem/savanna",
										"snow": "textures/entity/creatures/iron_golem/snow",
										"swamp": "textures/entity/creatures/iron_golem/swamp",
										"taiga": "textures/entity/creatures/iron_golem/taiga"
									},
									"geometry": {
										"default": "geometry.irongolem"
									},
									"animations": {
										"walk": "animation.iron_golem.walk",
										"move": "animation.iron_golem.move",
										"walk_to_target": "animation.iron_golem.walk_to_target",
										"move_to_target": "animation.iron_golem.move_to_target",
										"attack": "animation.iron_golem.attack",
										"flower": "animation.iron_golem.flower",
										"look_at_target": "animation.common.look_at_target",
										"move_controller": "controller.animation.iron_golem.move",
										"arm_controller": "controller.animation.iron_golem.arm_movement"
									},
									"scripts": {
										"pre_animation": [
											"variable.modified_tcos0 = Math.clamp(((Math.cos(query.modified_distance_moved * 13.5) * Math.min(query.modified_move_speed, 0.6) / variable.gliding_speed_value) * 25.0), -12.5, 12.5);"
										],
										"animate": [
											"look_at_target",
											"move_controller",
											"arm_controller"
										]
									},
									"render_controllers": [
										"controller.render.iron_golem"
									]
								},
								"key": "animations",
								"is_minified": true,
								"children": {
									"walk": "animation.iron_golem.walk",
									"move": "animation.iron_golem.move",
									"walk_to_target": "animation.iron_golem.walk_to_target",
									"move_to_target": "animation.iron_golem.move_to_target",
									"attack": "animation.iron_golem.attack",
									"flower": "animation.iron_golem.flower",
									"look_at_target": "animation.common.look_at_target",
									"move_controller": "controller.animation.iron_golem.move",
									"arm_controller": "controller.animation.iron_golem.arm_movement"
								}
							},
							{
								"open": {
									"identifier": "minecraft:iron_golem",
									"materials": {
										"default": "iron_golem"
									},
									"textures": {
										"desert": "textures/entity/creatures/iron_golem/desert",
										"jungle": "textures/entity/creatures/iron_golem/jungle",
										"plains": "textures/entity/iron_golem",
										"savanna": "textures/entity/creatures/iron_golem/savanna",
										"snow": "textures/entity/creatures/iron_golem/snow",
										"swamp": "textures/entity/creatures/iron_golem/swamp",
										"taiga": "textures/entity/creatures/iron_golem/taiga"
									},
									"geometry": {
										"default": "geometry.irongolem"
									},
									"animations": {
										"walk": "animation.iron_golem.walk",
										"move": "animation.iron_golem.move",
										"walk_to_target": "animation.iron_golem.walk_to_target",
										"move_to_target": "animation.iron_golem.move_to_target",
										"attack": "animation.iron_golem.attack",
										"flower": "animation.iron_golem.flower",
										"look_at_target": "animation.common.look_at_target",
										"move_controller": "controller.animation.iron_golem.move",
										"arm_controller": "controller.animation.iron_golem.arm_movement"
									},
									"scripts": {
										"pre_animation": [
											"variable.modified_tcos0 = Math.clamp(((Math.cos(query.modified_distance_moved * 13.5) * Math.min(query.modified_move_speed, 0.6) / variable.gliding_speed_value) * 25.0), -12.5, 12.5);"
										],
										"animate": [
											"look_at_target",
											"move_controller",
											"arm_controller"
										]
									},
									"render_controllers": [
										"controller.render.iron_golem"
									]
								},
								"key": "scripts",
								"is_minified": true,
								"children": {
									"pre_animation": [
										"variable.modified_tcos0 = Math.clamp(((Math.cos(query.modified_distance_moved * 13.5) * Math.min(query.modified_move_speed, 0.6) / variable.gliding_speed_value) * 25.0), -12.5, 12.5);"
									],
									"animate": [
										"look_at_target",
										"move_controller",
										"arm_controller"
									]
								}
							},
							{
								"key": "render_controllers",
								"is_minified": true,
								"children": [
									"controller.render.iron_golem"
								]
							}
						]
					}
				]
			}
		]
	}
}