{
	"file_path": "C:\\Users\\TJ\\AppData\\Local\\Packages\\Microsoft.MinecraftUWP_8wekyb3d8bbwe\\LocalState\\games\\com.mojang\\development_resource_packs\\Mobs RP\\entity\\knight.entity.json",
	"file_type": "client_entity",
	"format_version": 1,
	"file_uuid": "81e6f873_302d_41f3_81c8_566ec71d0bf4",
	"file_version": 17,
	"cache_content": {
		"children": [
			{
				"data": "1.8.0",
				"key": "format_version"
			},
			{
				"open": {
					"format_version": "1.8.0",
					"minecraft:client_entity": {
						"description": {
							"identifier": "valhalla:knight",
							"materials": {
								"default": "skeleton"
							},
							"textures": {
								"base": "textures/entity/valhalla/guard/guard_base",
								"chain": "textures/entity/valhalla/guard/guard_chain",
								"iron": "textures/entity/valhalla/guard/guard_iron",
								"diamond": "textures/entity/valhalla/guard/guard_diamond",
								"netherite": "textures/entity/valhalla/guard/guard_netherite"
							},
							"geometry": {
								"default": "geometry.valhalla.guard"
							},
							"scripts": {
								"pre_animation": [
									"variable.tcos0 = (Math.cos(query.modified_distance_moved * 38.17) * query.modified_move_speed / variable.gliding_speed_value) * 57.3;"
								]
							},
							"animations": {
								"humanoid_base_pose": "animation.humanoid.base_pose.v1.0",
								"look_at_target_default": "animation.humanoid.look_at_target.default.v1.0",
								"look_at_target_gliding": "animation.humanoid.look_at_target.gliding.v1.0",
								"look_at_target_swimming": "animation.humanoid.look_at_target.swimming.v1.0",
								"move": "animation.humanoid.move.v1.0",
								"riding.arms": "animation.humanoid.riding.arms.v1.0",
								"riding.legs": "animation.humanoid.riding.legs.v1.0",
								"holding": "animation.humanoid.holding.v1.0",
								"brandish_spear": "animation.humanoid.brandish_spear.v1.0",
								"charging": "animation.humanoid.charging.v1.0",
								"attack.rotations": "animation.humanoid.attack.rotations.v1.0",
								"sneaking": "animation.humanoid.sneaking.v1.0",
								"bob": "animation.humanoid.bob.v1.0",
								"damage_nearby_mobs": "animation.humanoid.damage_nearby_mobs.v1.0",
								"swimming": "animation.humanoid.swimming.v1.0",
								"use_item_progress": "animation.humanoid.use_item_progress.v1.0",
								"wither_skeleton_attack": "animation.vindicator.attack",
								"attack_rotations": "animation.drowned.attack.rotations.v1.0"
							},
							"animation_controllers": [
								{
									"humanoid_base_pose": "controller.animation.humanoid.base_pose"
								},
								{
									"look_at_target": "controller.animation.humanoid.look_at_target"
								},
								{
									"move": "controller.animation.humanoid.move"
								},
								{
									"riding": "controller.animation.humanoid.riding"
								},
								{
									"holding": "controller.animation.humanoid.holding"
								},
								{
									"brandish_spear": "controller.animation.humanoid.brandish_spear"
								},
								{
									"charging": "controller.animation.humanoid.charging"
								},
								{
									"attack": "controller.animation.humanoid.attack"
								},
								{
									"sneaking": "controller.animation.humanoid.sneaking"
								},
								{
									"damage_nearby_mobs": "controller.animation.humanoid.damage_nearby_mobs"
								},
								{
									"swimming": "controller.animation.humanoid.swimming"
								},
								{
									"use_item_progress": "controller.animation.humanoid.use_item_progress"
								},
								{
									"wither_skeleton_attack": "controller.animation.wither_skeleton.attack"
								}
							],
							"render_controllers": [
								"controller.render.valhalla.guard"
							],
							"enable_attachables": true,
							"spawn_egg": {
								"base_color": "#FFFFFF",
								"overlay_color": "#0000FF"
							}
						}
					}
				},
				"key": "minecraft:client_entity",
				"children": [
					{
						"open": {
							"description": {
								"identifier": "valhalla:knight",
								"materials": {
									"default": "skeleton"
								},
								"textures": {
									"base": "textures/entity/valhalla/guard/guard_base",
									"chain": "textures/entity/valhalla/guard/guard_chain",
									"iron": "textures/entity/valhalla/guard/guard_iron",
									"diamond": "textures/entity/valhalla/guard/guard_diamond",
									"netherite": "textures/entity/valhalla/guard/guard_netherite"
								},
								"geometry": {
									"default": "geometry.valhalla.guard"
								},
								"scripts": {
									"pre_animation": [
										"variable.tcos0 = (Math.cos(query.modified_distance_moved * 38.17) * query.modified_move_speed / variable.gliding_speed_value) * 57.3;"
									]
								},
								"animations": {
									"humanoid_base_pose": "animation.humanoid.base_pose.v1.0",
									"look_at_target_default": "animation.humanoid.look_at_target.default.v1.0",
									"look_at_target_gliding": "animation.humanoid.look_at_target.gliding.v1.0",
									"look_at_target_swimming": "animation.humanoid.look_at_target.swimming.v1.0",
									"move": "animation.humanoid.move.v1.0",
									"riding.arms": "animation.humanoid.riding.arms.v1.0",
									"riding.legs": "animation.humanoid.riding.legs.v1.0",
									"holding": "animation.humanoid.holding.v1.0",
									"brandish_spear": "animation.humanoid.brandish_spear.v1.0",
									"charging": "animation.humanoid.charging.v1.0",
									"attack.rotations": "animation.humanoid.attack.rotations.v1.0",
									"sneaking": "animation.humanoid.sneaking.v1.0",
									"bob": "animation.humanoid.bob.v1.0",
									"damage_nearby_mobs": "animation.humanoid.damage_nearby_mobs.v1.0",
									"swimming": "animation.humanoid.swimming.v1.0",
									"use_item_progress": "animation.humanoid.use_item_progress.v1.0",
									"wither_skeleton_attack": "animation.vindicator.attack",
									"attack_rotations": "animation.drowned.attack.rotations.v1.0"
								},
								"animation_controllers": [
									{
										"humanoid_base_pose": "controller.animation.humanoid.base_pose"
									},
									{
										"look_at_target": "controller.animation.humanoid.look_at_target"
									},
									{
										"move": "controller.animation.humanoid.move"
									},
									{
										"riding": "controller.animation.humanoid.riding"
									},
									{
										"holding": "controller.animation.humanoid.holding"
									},
									{
										"brandish_spear": "controller.animation.humanoid.brandish_spear"
									},
									{
										"charging": "controller.animation.humanoid.charging"
									},
									{
										"attack": "controller.animation.humanoid.attack"
									},
									{
										"sneaking": "controller.animation.humanoid.sneaking"
									},
									{
										"damage_nearby_mobs": "controller.animation.humanoid.damage_nearby_mobs"
									},
									{
										"swimming": "controller.animation.humanoid.swimming"
									},
									{
										"use_item_progress": "controller.animation.humanoid.use_item_progress"
									},
									{
										"wither_skeleton_attack": "controller.animation.wither_skeleton.attack"
									}
								],
								"render_controllers": [
									"controller.render.valhalla.guard"
								],
								"enable_attachables": true,
								"spawn_egg": {
									"base_color": "#FFFFFF",
									"overlay_color": "#0000FF"
								}
							}
						},
						"key": "description",
						"is_minified": true,
						"children": {
							"identifier": "valhalla:knight",
							"materials": {
								"default": "skeleton"
							},
							"textures": {
								"base": "textures/entity/valhalla/guard/guard_base",
								"chain": "textures/entity/valhalla/guard/guard_chain",
								"iron": "textures/entity/valhalla/guard/guard_iron",
								"diamond": "textures/entity/valhalla/guard/guard_diamond",
								"netherite": "textures/entity/valhalla/guard/guard_netherite"
							},
							"geometry": {
								"default": "geometry.valhalla.guard"
							},
							"scripts": {
								"pre_animation": [
									"variable.tcos0 = (Math.cos(query.modified_distance_moved * 38.17) * query.modified_move_speed / variable.gliding_speed_value) * 57.3;"
								]
							},
							"animations": {
								"humanoid_base_pose": "animation.humanoid.base_pose.v1.0",
								"look_at_target_default": "animation.humanoid.look_at_target.default.v1.0",
								"look_at_target_gliding": "animation.humanoid.look_at_target.gliding.v1.0",
								"look_at_target_swimming": "animation.humanoid.look_at_target.swimming.v1.0",
								"move": "animation.humanoid.move.v1.0",
								"riding.arms": "animation.humanoid.riding.arms.v1.0",
								"riding.legs": "animation.humanoid.riding.legs.v1.0",
								"holding": "animation.humanoid.holding.v1.0",
								"brandish_spear": "animation.humanoid.brandish_spear.v1.0",
								"charging": "animation.humanoid.charging.v1.0",
								"attack.rotations": "animation.humanoid.attack.rotations.v1.0",
								"sneaking": "animation.humanoid.sneaking.v1.0",
								"bob": "animation.humanoid.bob.v1.0",
								"damage_nearby_mobs": "animation.humanoid.damage_nearby_mobs.v1.0",
								"swimming": "animation.humanoid.swimming.v1.0",
								"use_item_progress": "animation.humanoid.use_item_progress.v1.0",
								"wither_skeleton_attack": "animation.vindicator.attack",
								"attack_rotations": "animation.drowned.attack.rotations.v1.0"
							},
							"animation_controllers": [
								{
									"humanoid_base_pose": "controller.animation.humanoid.base_pose"
								},
								{
									"look_at_target": "controller.animation.humanoid.look_at_target"
								},
								{
									"move": "controller.animation.humanoid.move"
								},
								{
									"riding": "controller.animation.humanoid.riding"
								},
								{
									"holding": "controller.animation.humanoid.holding"
								},
								{
									"brandish_spear": "controller.animation.humanoid.brandish_spear"
								},
								{
									"charging": "controller.animation.humanoid.charging"
								},
								{
									"attack": "controller.animation.humanoid.attack"
								},
								{
									"sneaking": "controller.animation.humanoid.sneaking"
								},
								{
									"damage_nearby_mobs": "controller.animation.humanoid.damage_nearby_mobs"
								},
								{
									"swimming": "controller.animation.humanoid.swimming"
								},
								{
									"use_item_progress": "controller.animation.humanoid.use_item_progress"
								},
								{
									"wither_skeleton_attack": "controller.animation.wither_skeleton.attack"
								}
							],
							"render_controllers": [
								"controller.render.valhalla.guard"
							],
							"enable_attachables": true,
							"spawn_egg": {
								"base_color": "#FFFFFF",
								"overlay_color": "#0000FF"
							}
						}
					}
				]
			}
		]
	}
}