{
  "format_version": "1.12",
  "minecraft:recipe_shaped": {
    "description": {
      "identifier": "chainmail_helmet"
    },
    "tags": [
      "crafting_table"
    ],
    "pattern": [
      "ABA",
      "B B"
    ],
    "key": {
      "A": {
        "item": "minecraft:iron_nugget",
        "data": 0
      },
      "B": {
        "item": "minecraft:chain",
        "data": 0
      }
    },
    "result": {
      "item": "minecraft:chainmail_helmet",
      "count": 1,
      "data": 0
    }
  }
}