{
  "format_version": "1.12",
  "minecraft:recipe_shaped": {
    "description": {
      "identifier": "chainmail_leggings"
    },
    "tags": [
      "crafting_table"
    ],
    "pattern": [
      "ABA",
      "B B",
      "A A"
    ],
    "key": {
      "A": {
        "item": "minecraft:chain",
        "data": 0
      },
      "B": {
        "item": "minecraft:iron_nugget",
        "data": 0
      }
    },
    "result": {
      "item": "minecraft:chainmail_leggings",
      "count": 1,
      "data": 0
    }
  }
}