{
  "format_version": "1.12",
  "minecraft:recipe_shaped": {
    "description": {
      "identifier": "chainmail_chestplate"
    },
    "tags": [
      "crafting_table"
    ],
    "pattern": [
      "A A",
      "BAB",
      "ABA"
    ],
    "key": {
      "A": {
        "item": "minecraft:chain",
        "data": 0
      },
      "B": {
        "item": "minecraft:iron_nugget",
        "data": 0
      }
    },
    "result": {
      "item": "minecraft:chainmail_chestplate",
      "count": 1,
      "data": 0
    }
  }
}