{
  "format_version": "1.12",
  "minecraft:recipe_shaped": {
    "description": {
      "identifier": "minecraft:shield_from_crimson_planks"
    },
    "tags": [
      "crafting_table"
    ],
    "pattern": [
      "ABA",
      "CDC",
      " B "
    ],
    "key": {
      "A": {
        "item": "minecraft:iron_ingot"
      },
      "B": {
        "item": "minecraft:iron_nugget"
      },
      "C": {
        "item": "minecraft:stick"
      },
      "D": {
        "item": "minecraft:crimson_hyphae"
      }
    },
    "result": {
      "item": "minecraft:shield",
      "count": 1,
      "data": 0
    }
  }
}