{
  "format_version": "1.16.0",
  "minecraft:entity": {
    "description": {
      "identifier": "mobs:raven",
   	"runtime_identifier": "minecraft:parrot",
      "is_spawnable": true,
      "is_summonable": true,
      "is_experimental": false
    },
    "component_groups": {
      "minecraft:parrot_adult": {
        "minecraft:experience_reward": {
          "on_death": "query.last_hit_by_player ? Math.Random(1,3) : 0"
        },
        "minecraft:scale": {
          "value": 1.5
        },
        "minecraft:loot": {
          "table": "loot_tables/entities/parrot.json"
        },
        "minecraft:behavior.breed": {
          "priority": 2,
          "speed_multiplier": 1.0
        },
        "minecraft:breedable": {
          "require_tame": true,
          "require_full_health": true,
          "breeds_with": {
            "mate_type": "mobs:raven",
            "baby_type": "mobs:raven",
            "breed_event": {
              "event": "mobs:entity_born",
              "target": "baby"
            }
          },
          "breed_items": [ "wheat", "rotten_flesh", "spider_eye", "bread" ]
        }
      },
      "mobs:parrot_baby": {
        "minecraft:scale": {
          "value": 0.9
        },
        "minecraft:is_baby": {
        },
        "minecraft:ageable": {
          "duration": 1200,
          "feedItems": [
            {
              "item": "rotten_flesh",
              "growth": 0.12
            },
            {
              "item": "wheat",
              "growth": 0.12
            },
            {
              "item": "spider_eye",
              "growth": 0.12
            },
            {
              "item": "bread",
              "growth": 0.12
            }
          ],
          "grow_up": {
            "event": "mobs:ageable_grow_up",
            "target": "self"
          }
        }
      },
      "minecraft:parrot_wild": {
        "minecraft:type_family": {
          "family": [ "raven_wild", "raven", "mob" ]
        },
         "minecraft:behavior.raid_garden": {
           "priority": 3,
           "blocks": [
             "minecraft:wheat"
           ],
          "speed_multiplier": 1.2,
           "search_range": 64,
           "search_height": 18,
           "goal_radius": 0.8,
           "max_to_eat": 0
         },
      "minecraft:behavior.follow_caravan":{
        "priority":2,
        "sprint_speed_multiplier":0.8,
        "entity_count": 16,
        "entity_types": {
          "filters": { "test" :  "is_family", "subject" : "other", "value" :  "raven_wild"}
        }
      },
        "minecraft:angry": {
          "duration": 18,
          "broadcast_anger": true,
          "broadcast_range": 10,
          "broadcast_targets": [
            "raven_wild"
          ]
        },
        "minecraft:tameable": {
          "probability": 0.33,
          "tame_items": [
            "wheat",
            "rotten_flesh",
            "spider_eye",
            "bread"
          ],
          "tame_event": {
            "event": "minecraft:on_tame",
            "target": "self"
          }
        },
         "minecraft:behavior.avoid_mob_type": {
           "priority": 2,
           "entity_types": [
             {
               "filters": {
                 "any_of": [
                  {
                    "test": "is_family",
                    "subject": "other",
                     "value": "player"
                   },
                   {
                     "test": "is_family",
                     "subject": "other",
                     "value": "villager"
                   },
                   {
                     "test": "is_family",
                     "subject": "other",
                     "value": "irongolem"
                   },
                   {
                     "test": "is_family",
                     "subject": "other",
                     "value": "snowgolem"
                   }
                 ]
               },
               "max_dist": 10
             }
           ],
           "avoid_mob_sound": "retreat",
           "sound_interval": {
             "range_min": 2.0,
             "range_max": 4.0
           }
         },
			"minecraft:behavior.hurt_by_target": {
				"priority": 1
			},
         "minecraft:behavior.avoid_block": {
           "priority": 2,
           "tick_interval": 5,
           "search_range": 20,
           "search_height": 10,
           "target_selection_method": "nearest",
           "avoid_block_sound": "retreat",
           "target_blocks": [
             "carved_pumpkin",
             "lit_pumpkin"
           ]
         },
        "minecraft:behavior.random_fly": {
          "priority": 3,
          "xz_dist": 15,
          "y_dist": 1,
          "y_offset": 0,
          "speed_multiplier": 1.0,
          "can_land_on_trees": true,
          "avoid_damage_blocks": true
        }
      },
      "minecraft:parrot_tame": {
        "minecraft:type_family": {
          "family": [ "parrot_tame", "raven_tame", "raven", "mob" ]
        },
        "minecraft:health": {
          "value": 12,
          "max": 12
        },
        "minecraft:is_tamed": {
        },
        "minecraft:behavior.follow_owner": {
          "priority": 2,
          "speed_multiplier": 1.0,
          "start_distance": 6,
          "stop_distance": 1
        },
        "minecraft:sittable": {
        },
        "minecraft:behavior.stay_while_sitting": {
          "priority": 1
        },
        "minecraft:behavior.find_mount": {
          "priority": 4,
          "within_radius": 16,
          "avoid_water": true,
          "start_delay": 100,
          "target_needed": false,
          "mount_distance": 2.0
        }
      }
    },

    "components": {
      "minecraft:breathable": {
        "total_supply": 15,
        "suffocate_time": 0
      },
      "minecraft:collision_box": {
        "width": 0.5,
        "height": 1
      },
      "minecraft:nameable": {
      },
      "minecraft:health": {
        "value": 8,
        "max": 8
      },
      "minecraft:behavior.melee_attack": {
        "priority": 1,
        "speed_multiplier": 1.2
      },
      "minecraft:hurt_on_condition": {
        "damage_conditions": [
          {
            "filters": { "test": "in_lava", "subject": "self", "operator": "==", "value": true },
            "cause": "lava",
            "damage_per_tick": 4
          }
        ]
      },
      "minecraft:movement": {
        "value": 0.67
      },
		"minecraft:behavior.tempt": {
			"priority": 2,
			"speed_multiplier": 1.2,
			"items": [
            "rotten_flesh",
            "wheat",
            "spider_eye",
            "bread"
			]
		},
      "minecraft:damage_sensor": {
        "triggers": {
          "cause": "fall",
          "deals_damage": false
        }
      },
		"minecraft:follow_range": {
			"value": 64
		},
      "minecraft:jump.static": {
      },
      "minecraft:can_fly": {
      },
      "minecraft:navigation.fly": {
        "can_path_over_water": true,
        "can_path_from_air": true
      },
      "minecraft:movement.fly": {
      },
      "minecraft:physics": {
      },
      "minecraft:pushable": {
        "is_pushable": true,
        "is_pushable_by_piston": true
      },
      "minecraft:despawn": {
        "despawn_from_distance": {}
      },
      "minecraft:behavior.float": {
        "priority": 0
      },
      "minecraft:behavior.panic": {
        "priority": 0,
        "speed_multiplier": 1.25
      },
      "minecraft:behavior.look_at_player": {
        "priority": 3,
        "look_distance": 8.0
      },
      "minecraft:conditional_bandwidth_optimization": {
      },
      "minecraft:healable": {
        "force_use": false,
        "filters": { "test": "is_riding", "operator": "!=", "value": true },
        "items": [
          {
            "item": "cookie",
            "heal_amount": 1,
            "effects": [
              {
                "name": "regeneration",
                "chance": 0.6,
                "duration": 5,
                "amplifier": 2
              }
            ]
          },
          {
            "item": "wheat",
            "heal_amount": 3
          },
          {
            "item": "rotten_flesh",
            "heal_amount": 3
          },
          {
            "item": "spider_eye",
            "heal_amount": 3
          },
          {
            "item": "bread",
            "heal_amount": 3
          }
        ]
      },
      "minecraft:leashable": {
        "soft_distance": 4.0,
        "hard_distance": 6.0,
        "max_distance": 10.0
      }
    },

    "events": {
      "minecraft:entity_spawned": {
        "randomize": [
          {
            "weight": 20,
            "add": {
              "component_groups": [
                "minecraft:parrot_adult",
                "minecraft:parrot_wild"
              ]
            }
          },
          {
            "weight": 2,
            "add": {
              "component_groups": [
                "mobs:parrot_baby",
                "minecraft:parrot_wild"
              ]
            }
          }
        ]
      },
      "minecraft:on_tame": {
        "remove": {
          "component_groups": [
            "minecraft:parrot_wild"
          ]
        },
        "add": {
          "component_groups": [
            "minecraft:parrot_tame"
          ]
        }
      },
      "mobs:ageable_grow_up": {
        "remove": {
          "component_groups": [
            "mobs:parrot_baby"
          ]
        },
        "add": {
          "component_groups": [
            "minecraft:parrot_adult"
          ]
        }
      },
      "mobs:entity_born": {
        "add": {
          "component_groups": [
            "minecraft:parrot_tame",
            "mobs:parrot_baby"
          ]
        }
      }
    }
  }
}
