{"format_version":"1.12.0","minecraft:geometry":[{"description":{"identifier":"geometry.yg_gangle_abstracted","texture_width":64,"texture_height":64,"visible_bounds_width":3,"visible_bounds_height":5.5,"visible_bounds_offset":[0,2.25,0]},"bones":[{"name":"Root"},{"name":"Body","pivot":[0,19,0],"cubes":[{"origin":[-3,19,-3],"size":[6,13,6],"uv":[0,0],"inflate":0},{"origin":[-5,32,-1],"size":[10,0,2],"uv":[16,0],"inflate":0},{"origin":[-1,31.13393,-1.64054],"size":[2,3,0],"pivot":[0,32.63393,-1.64054],"rotation":[-65,0,0],"uv":[26,19],"inflate":0},{"origin":[-1,33.17705,-0.79505],"size":[2,3,0],"pivot":[0,34.67705,-0.79505],"rotation":[20,0,0],"uv":[16,26],"inflate":0},{"origin":[-1,34.83606,-3.4727],"size":[2,5,0],"pivot":[0,37.33606,-3.4727],"rotation":[60,0,0],"uv":[12,26],"inflate":0}],"parent":"Root"},{"name":"Head","pivot":[0,38,-6],"cubes":[{"origin":[-4.37008,35,-6.19718],"size":[5,7,1],"pivot":[-1.87008,38.5,-5.69718],"rotation":[0,20,0],"uv":[0,19],"inflate":0},{"origin":[-3.40023,33,-6.36819],"size":[4,2,1],"pivot":[-1.40023,34,-5.86819],"rotation":[0,20,0],"uv":[18,2],"inflate":0},{"origin":[-2.43039,32,-6.5392],"size":[3,1,1],"pivot":[-0.93039,32.5,-6.0392],"rotation":[0,20,0],"uv":[20,24],"inflate":0},{"origin":[0.04667,32,-6.5392],"size":[3,1,1],"pivot":[1.54667,32.5,-6.0392],"rotation":[0,-20,0],"uv":[20,24],"inflate":0,"mirror":true},{"origin":[-0.01364,35,-6.19718],"size":[5,7,1],"pivot":[2.48636,38.5,-5.69718],"rotation":[0,-20,0],"uv":[0,19],"inflate":0,"mirror":true},{"origin":[0.01652,33,-6.36819],"size":[4,2,1],"pivot":[2.01652,34,-5.86819],"rotation":[0,-20,0],"uv":[18,2],"inflate":0,"mirror":true},{"origin":[-3.85071,35.12178,-5.81077],"size":[1,2,0],"pivot":[-3.35071,36.12178,-5.81077],"rotation":[0,15,12.5],"uv":[20,26],"inflate":0},{"origin":[3.63914,35.12178,-5.81077],"size":[1,2,0],"pivot":[4.13914,36.12178,-5.81077],"rotation":[0,-15,-12.5],"uv":[20,26],"inflate":0,"mirror":true}],"parent":"Body","locators":{"abstraction":[0,36,0]}},{"name":"Rightarm","pivot":[-3.5,31.5,1],"cubes":[{"origin":[-5.5,25,0],"size":[2,7,0],"uv":[24,12],"inflate":0}],"parent":"Body"},{"name":"bone","pivot":[-4.5,25,0],"cubes":[{"origin":[-5.5,18,0],"size":[2,7,0],"uv":[24,5],"inflate":0}],"parent":"Rightarm"},{"name":"bone2","pivot":[-4.5,18,0],"cubes":[{"origin":[-6,13,0],"size":[3,5,0],"uv":[20,19],"inflate":0}],"parent":"bone"},{"name":"Leftarm","pivot":[3.5,31.5,1],"cubes":[{"origin":[3.5,25,0],"size":[2,7,0],"uv":[24,12],"inflate":0,"mirror":true}],"parent":"Body"},{"name":"bone5","pivot":[4.5,25,0],"cubes":[{"origin":[3.5,18,0],"size":[2,7,0],"uv":[24,5],"inflate":0,"mirror":true}],"parent":"Leftarm"},{"name":"bone6","pivot":[4.5,18,0],"cubes":[{"origin":[3,13,0],"size":[3,5,0],"uv":[20,19],"inflate":0,"mirror":true}],"parent":"bone5"},{"name":"Rightleg","pivot":[-2,18.5,0],"cubes":[{"origin":[-3,12,0],"size":[2,7,0],"uv":[16,19],"inflate":0}],"parent":"Root"},{"name":"bone3","pivot":[-2,12,0],"cubes":[{"origin":[-3,5,0],"size":[2,7,0],"uv":[12,19],"inflate":0}],"parent":"Rightleg"},{"name":"bone4","pivot":[-2,5,0],"cubes":[{"origin":[-3.5,0,0],"size":[3,5,0],"uv":[0,0],"inflate":0}],"parent":"bone3"},{"name":"Leftleg","pivot":[2,18.5,0],"cubes":[{"origin":[1,12,0],"size":[2,7,0],"uv":[16,19],"inflate":0,"mirror":true}],"parent":"Root"},{"name":"bone7","pivot":[2,12,0],"cubes":[{"origin":[1,5,0],"size":[2,7,0],"uv":[12,19],"inflate":0,"mirror":true}],"parent":"Leftleg"},{"name":"bone8","pivot":[2,5,0],"cubes":[{"origin":[0.5,0,0],"size":[3,5,0],"uv":[0,0],"inflate":0,"mirror":true}],"parent":"bone7"}]}]}