{"format_version":"1.12.0","minecraft:geometry":[{"description":{"identifier":"geometry.yg_kinger_abstracted","texture_width":128,"texture_height":128,"visible_bounds_width":3,"visible_bounds_height":5.5,"visible_bounds_offset":[0,2.25,0]},"bones":[{"name":"Root"},{"name":"Body","cubes":[{"origin":[-5.5,0,-5.5],"size":[11,22,11],"uv":[0,0],"inflate":0},{"origin":[-2,4,-6],"size":[4,18,2],"uv":[58,53],"inflate":0},{"origin":[-6,0,-6],"size":[12,4,12],"uv":[32,21],"inflate":0}],"parent":"Root"},{"name":"Body2","pivot":[0,22,0],"cubes":[{"origin":[-5,21,-5],"size":[10,14,10],"uv":[0,33],"inflate":0},{"origin":[-7,33,-6],"size":[4,4,12],"pivot":[-5,35,0],"rotation":[12.5,0,0],"uv":[40,37],"inflate":0},{"origin":[3,33,-6],"size":[4,4,12],"pivot":[5,35,0],"rotation":[12.5,0,0],"uv":[40,37],"inflate":0,"mirror":true},{"origin":[-3.1,31.9178,-5.88148],"size":[3,4,2],"pivot":[-1.6,33.9178,-4.88148],"rotation":[12.5,0,0],"uv":[0,0],"inflate":0},{"origin":[0.1,31.9178,-5.88148],"size":[3,4,2],"pivot":[1.6,33.9178,-4.88148],"rotation":[12.5,0,0],"uv":[0,0],"inflate":0,"mirror":true},{"origin":[-2,22,-6.3],"size":[4,13,2],"uv":[39,68],"inflate":0},{"origin":[-3,33.86576,1.90518],"size":[6,4,4],"pivot":[0,35.86576,3.90518],"rotation":[12.5,0,0],"uv":[0,67],"inflate":0}],"parent":"Body"},{"name":"Head","pivot":[0,33,0],"cubes":[{"origin":[-3,35,-3],"size":[6,9,6],"uv":[34,53],"inflate":0},{"origin":[-3.24,43.88,-3.24],"size":[6.48,3.24,6.48],"uv":[0,57],"inflate":0},{"origin":[-3.24,51.88,-3.24],"size":[6.48,1.24,6.48],"uv":[60,37],"inflate":0},{"origin":[-3.564,46.858,-3.564],"size":[7.128,5.764,7.128],"uv":[44,0],"inflate":0},{"origin":[-3.36,41.94,-3.36],"size":[6.72,1.12,6.72],"uv":[60,37],"inflate":0},{"origin":[-3.54,37.91,-3.54],"size":[7.08,1.18,7.08],"uv":[44,12],"inflate":0},{"origin":[-3.24,39.3,-3.24],"size":[6.48,1.08,6.48],"uv":[60,37],"inflate":0},{"origin":[-2,53,-2],"size":[4,1,4],"uv":[33,0],"inflate":0},{"origin":[-1,54,-0.5],"size":[2,6,1],"uv":[0,33],"inflate":0},{"origin":[-3,56,-0.5],"size":[2,2,1],"uv":[42,37],"inflate":0},{"origin":[1,56,-0.5],"size":[2,2,1],"uv":[0,40],"inflate":0}],"parent":"Body2","locators":{"abstraction":[0,36,0]}},{"name":"Eyeball","pivot":[-3,47,-2.43333],"cubes":[{"origin":[-5,45,-6],"size":[4,4,4],"uv":[68,8],"inflate":0},{"origin":[-4.34,45.66,-6.1],"size":[2.68,2.68,0],"uv":[7,6],"inflate":0},{"origin":[-3.5,46.5,-6.2],"size":[1,1,0],"uv":[0,0],"inflate":0}],"parent":"Head","rotation":[0,7.5,0]},{"name":"Eyeball2","pivot":[3,49,-2.43333],"cubes":[{"origin":[1,47,-6],"size":[4,4,4],"uv":[68,8],"inflate":0,"mirror":true},{"origin":[1.66,47.66,-6.1],"size":[2.68,2.68,0],"uv":[7,6],"inflate":0,"mirror":true},{"origin":[2.5,48.5,-6.2],"size":[1,1,0],"uv":[0,0],"inflate":0,"mirror":true}],"parent":"Head","rotation":[0,-7.5,0]},{"name":"Rightarm","pivot":[-8.5,23.5,-4],"cubes":[{"origin":[-11,22,-11],"size":[5,3,5],"uv":[19,63],"inflate":0},{"origin":[-11.33682,22.67365,-12.92542],"size":[2,2,2],"pivot":[-10.33682,23.67365,-11.92542],"rotation":[-10,20,0],"uv":[33,5],"inflate":0},{"origin":[-11.95735,22.3342,-15.1303],"size":[2,2,3],"pivot":[-10.95735,23.3342,-13.6303],"rotation":[22.5,20,0],"uv":[0,6],"inflate":0},{"origin":[-7.04265,22.3342,-15.1303],"size":[2,2,3],"pivot":[-6.04265,23.3342,-13.6303],"rotation":[22.5,-20,0],"uv":[0,6],"inflate":0},{"origin":[-7.66318,22.67365,-12.92542],"size":[2,2,2],"pivot":[-6.66318,23.67365,-11.92542],"rotation":[-10,-20,0],"uv":[33,5],"inflate":0},{"origin":[-6.43425,22.29094,-8.79764],"size":[2,2,2],"pivot":[-5.43425,23.29094,-7.79764],"rotation":[14.30484,-34.59775,-3.90218],"uv":[33,5],"inflate":0},{"origin":[-5.37849,21.35858,-10.73266],"size":[2,2,3],"pivot":[-4.37849,22.35858,-9.23266],"rotation":[39.30484,-34.59775,-3.90218],"uv":[0,6],"inflate":0},{"origin":[-9.5,22.84202,-12.93969],"size":[2,2,2],"pivot":[-8.5,23.84202,-11.93969],"rotation":[-20,0,0],"uv":[33,5],"inflate":0},{"origin":[-9.5,22.54409,-14.90613],"size":[2,2,3],"pivot":[-8.5,23.54409,-13.40613],"rotation":[27.5,0,0],"uv":[0,6],"inflate":0},{"origin":[-10.5,21.5,-6],"size":[4,4,2],"uv":[30,37],"inflate":0}],"parent":"Body2"},{"name":"Leftarm","pivot":[8.5,23.5,-4],"cubes":[{"origin":[6,22,-11],"size":[5,3,5],"uv":[19,63],"inflate":0,"mirror":true},{"origin":[9.33682,22.67365,-12.92542],"size":[2,2,2],"pivot":[10.33682,23.67365,-11.92542],"rotation":[-10,-20,0],"uv":[33,5],"inflate":0,"mirror":true},{"origin":[9.95735,22.3342,-15.1303],"size":[2,2,3],"pivot":[10.95735,23.3342,-13.6303],"rotation":[22.5,-20,0],"uv":[0,6],"inflate":0,"mirror":true},{"origin":[5.04265,22.3342,-15.1303],"size":[2,2,3],"pivot":[6.04265,23.3342,-13.6303],"rotation":[22.5,20,0],"uv":[0,6],"inflate":0,"mirror":true},{"origin":[5.66318,22.67365,-12.92542],"size":[2,2,2],"pivot":[6.66318,23.67365,-11.92542],"rotation":[-10,20,0],"uv":[33,5],"inflate":0,"mirror":true},{"origin":[4.43425,22.29094,-8.79764],"size":[2,2,2],"pivot":[5.43425,23.29094,-7.79764],"rotation":[14.30484,34.59775,3.90218],"uv":[33,5],"inflate":0,"mirror":true},{"origin":[3.37849,21.35858,-10.73266],"size":[2,2,3],"pivot":[4.37849,22.35858,-9.23266],"rotation":[39.30484,34.59775,3.90218],"uv":[0,6],"inflate":0,"mirror":true},{"origin":[7.5,22.84202,-12.93969],"size":[2,2,2],"pivot":[8.5,23.84202,-11.93969],"rotation":[-20,0,0],"uv":[33,5],"inflate":0,"mirror":true},{"origin":[7.5,22.5441,-14.90613],"size":[2,2,3],"pivot":[8.5,23.5441,-13.40613],"rotation":[27.5,0,0],"uv":[0,6],"inflate":0,"mirror":true},{"origin":[6.5,21.5,-6],"size":[4,4,2],"uv":[30,37],"inflate":0,"mirror":true}],"parent":"Body2"}]}]}