{"format_version":"1.12.0","minecraft:geometry":[{"description":{"identifier":"geometry.yg_ragatha_abstracted","texture_width":128,"texture_height":128,"visible_bounds_width":3,"visible_bounds_height":4.5,"visible_bounds_offset":[0,1.75,0]},"bones":[{"name":"Root"},{"name":"Body","pivot":[0,21.375,0],"cubes":[{"origin":[-3.5616,26.7192,-3.5616],"size":[7.1232,1.5616,7.1232],"uv":[36,0],"inflate":0},{"origin":[-4.56,22.86,-4.56],"size":[9.12,4.28,9.12],"uv":[0,38],"inflate":0},{"origin":[-5,18,-5],"size":[10,5,10],"uv":[0,23],"inflate":0},{"origin":[-6,7,-6],"size":[12,11,12],"uv":[0,0],"inflate":0}],"parent":"Root"},{"name":"Body2","pivot":[0.5,28,0],"cubes":[{"origin":[-1.5,37,-1.5],"size":[3,4,3],"uv":[32,63],"inflate":0},{"origin":[-3.5,31,-3.5],"size":[7,7,7],"uv":[41,16],"inflate":0},{"origin":[-3,28,-3],"size":[6,3,6],"uv":[58,2],"inflate":0}],"parent":"Body"},{"name":"Head","pivot":[0,39,0],"cubes":[{"origin":[-4.5,39,-4],"size":[9,8,8],"uv":[32,30],"inflate":0},{"origin":[-4,41,-4.1],"size":[3,3,0],"uv":[4,26],"inflate":0},{"origin":[1,41,-4.1],"size":[3,3,0],"uv":[4,23],"inflate":0},{"origin":[-0.5,41.5,-4.1],"size":[1,1,0],"uv":[9,0],"inflate":0},{"origin":[1.3,41.5,-4.2],"size":[2,2,0],"uv":[4,29],"inflate":0},{"origin":[-3,41,-4.2],"size":[1,3,0],"pivot":[-2.5,42.5,-4.2],"rotation":[0,0,-45],"uv":[0,0],"inflate":0},{"origin":[-3,41,-4.2],"size":[1,3,0],"pivot":[-2.5,42.5,-4.2],"rotation":[0,0,47.5],"uv":[0,0],"inflate":0},{"origin":[-4.5,46.99239,-1.82569],"size":[9,4,0],"pivot":[0,48.99239,-1.82569],"rotation":[-5,0,0],"uv":[36,8],"inflate":0},{"origin":[-5.20751,38.89439,-4.34183],"size":[2,8,0],"pivot":[-4.20751,42.89439,-4.34183],"rotation":[-4.9905,-0.21782,10.00473],"uv":[0,23],"inflate":0},{"origin":[3.20751,38.89439,-4.34183],"size":[2,8,0],"pivot":[4.20751,42.89439,-4.34183],"rotation":[-4.9905,0.21782,-10.00473],"uv":[0,23],"inflate":0,"mirror":true},{"origin":[-5,44,-3],"size":[2,8,0],"pivot":[-4,48,-3],"rotation":[0,0,-65],"uv":[0,23],"inflate":0},{"origin":[3,44,-3],"size":[2,8,0],"pivot":[4,48,-3],"rotation":[0,0,65],"uv":[0,23],"inflate":0,"mirror":true},{"origin":[-6.51312,39.07048,-4.0858],"size":[2,8,0],"pivot":[-5.51312,43.07048,-4.0858],"rotation":[-2.44081,0.54094,27.48848],"uv":[0,23],"inflate":0},{"origin":[4.51312,39.07048,-4.0858],"size":[2,8,0],"pivot":[5.51312,43.07048,-4.0858],"rotation":[-2.44081,-0.54094,-27.48848],"uv":[0,23],"inflate":0,"mirror":true},{"origin":[-3.47179,44.00449,-4.40613],"size":[7,3,1],"pivot":[0.02821,45.50449,-3.90613],"rotation":[-14.88912,0.04997,-1.04838],"uv":[58,30],"inflate":0},{"origin":[-4.5,37.89472,2.7966],"size":[9,9,2],"pivot":[0,42.39472,3.7966],"rotation":[10,0,0],"uv":[0,51],"inflate":0},{"origin":[-3.5,38.9218,3.60685],"size":[7,8,2],"pivot":[0,42.9218,4.60685],"rotation":[22.5,0,0],"uv":[62,11],"inflate":0},{"origin":[-5.49768,37.89023,-4],"size":[2,9,8],"pivot":[-4.49768,42.39023,0],"rotation":[0,0,12.5],"uv":[28,46],"inflate":0},{"origin":[3.49768,37.89023,-4],"size":[2,9,8],"pivot":[4.49768,42.39023,0],"rotation":[0,0,-12.5],"uv":[28,46],"inflate":0,"mirror":true},{"origin":[-6.2685,40.93253,-3],"size":[2,6,6],"pivot":[-5.2685,43.93253,0],"rotation":[0,0,32.5],"uv":[16,57],"inflate":0},{"origin":[4.2685,40.93253,-3],"size":[2,6,6],"pivot":[5.2685,43.93253,0],"rotation":[0,0,-32.5],"uv":[16,57],"inflate":0,"mirror":true}],"parent":"Body2","locators":{"abstraction":[0,36,0]}},{"name":"Rightarm","pivot":[-3.5,37,0],"cubes":[{"origin":[-7,32,-2],"size":[4,6,4],"uv":[0,62],"inflate":0},{"origin":[-6.59,29.88,-1.59],"size":[3.18,3.24,3.18],"uv":[44,63],"inflate":0},{"origin":[-6.749,29.768,-1.749],"size":[3.498,1.464,3.498],"uv":[40,46],"inflate":0},{"origin":[-6.5,27,-1.5],"size":[3,3,3],"uv":[63,43],"inflate":0}],"parent":"Body2"},{"name":"bone2","pivot":[-5,27.5,0],"cubes":[{"origin":[-6.68,17.52,-1.68],"size":[3.36,9.96,3.36],"uv":[0,0],"inflate":0}],"parent":"Rightarm"},{"name":"Leftarm","pivot":[3.5,37,0],"cubes":[{"origin":[3,32,-2],"size":[4,6,4],"uv":[0,62],"inflate":0,"mirror":true},{"origin":[3.41,29.88,-1.59],"size":[3.18,3.24,3.18],"uv":[44,63],"inflate":0,"mirror":true},{"origin":[3.251,29.768,-1.749],"size":[3.498,1.464,3.498],"uv":[40,46],"inflate":0,"mirror":true},{"origin":[3.5,27,-1.5],"size":[3,3,3],"uv":[63,43],"inflate":0,"mirror":true}],"parent":"Body2"},{"name":"bone4","pivot":[5,27.5,0],"cubes":[{"origin":[3.32,17.52,-1.68],"size":[3.36,9.96,3.36],"uv":[0,0],"inflate":0,"mirror":true}],"parent":"Leftarm"},{"name":"Rightleg","pivot":[-2.5,22.5,0],"cubes":[{"origin":[-4.5,14,-2],"size":[4,9,4],"uv":[60,59],"inflate":0}],"parent":"Root"},{"name":"bone3","pivot":[-2.52,14,0],"cubes":[{"origin":[-4.84,0.04,-2.32],"size":[4.64,13.92,4.64],"uv":[48,46],"inflate":0}],"parent":"Rightleg"},{"name":"Leftleg","pivot":[2.5,22.5,0],"cubes":[{"origin":[0.5,14,-2],"size":[4,9,4],"uv":[60,59],"inflate":0,"mirror":true}],"parent":"Root"},{"name":"bone5","pivot":[2.52,14,0],"cubes":[{"origin":[0.2,0.04,-2.32],"size":[4.64,13.92,4.64],"uv":[48,46],"inflate":0,"mirror":true}],"parent":"Leftleg"}]}]}