{"format_version":"1.12.0","minecraft:geometry":[{"description":{"identifier":"geometry.yg_zooble_abstracted","texture_width":64,"texture_height":64,"visible_bounds_width":3,"visible_bounds_height":4.5,"visible_bounds_offset":[0,1.75,0]},"bones":[{"name":"Root"},{"name":"Body","pivot":[0,19,0],"cubes":[{"origin":[-3.24,18.72,-3.24],"size":[6.48,3.56,6.48],"uv":[34,36],"inflate":0},{"origin":[-3,22,-3],"size":[6,5,6],"uv":[24,18],"inflate":0}],"parent":"Root"},{"name":"Body2","pivot":[0,27,0],"cubes":[{"origin":[-0.5,37,-0.5],"size":[1,1,1],"uv":[0,42],"inflate":0},{"origin":[-0.33554,35.25816,-0.5],"size":[1,2,1],"pivot":[0.16446,36.75816,0],"rotation":[0,0,-25],"uv":[40,9],"inflate":0},{"origin":[0.17232,33.70442,-0.5],"size":[1,2,1],"pivot":[0.67232,35.20442,0],"rotation":[0,0,10],"uv":[34,37],"inflate":0},{"origin":[-1.5,34,-1.5],"size":[3,1,3],"uv":[42,4],"inflate":0},{"origin":[-3.24,26.72,-3.24],"size":[6.48,7.56,6.48],"uv":[0,18],"inflate":0},{"origin":[-12,33,0],"size":[10,4,0],"pivot":[-1.5,30.5,-3.3],"rotation":[0,0,2.5],"uv":[42,0],"inflate":0},{"origin":[-4,28,-3.3],"size":[5,5,0],"pivot":[-1.5,30.5,-3.3],"rotation":[0,0,7.5],"uv":[14,31],"inflate":0}],"parent":"Body"},{"name":"Head","pivot":[0,38,0],"cubes":[{"origin":[-8,38,-4],"size":[16,1,8],"uv":[0,9],"inflate":0},{"origin":[-6,39,-4],"size":[13,7,0],"uv":[26,29],"inflate":0},{"origin":[-6,39,4],"size":[13,7,0],"uv":[26,29],"inflate":0},{"origin":[-6,38.5,-7],"size":[4,4,4],"uv":[40,9],"inflate":0},{"origin":[-6.28,41.43,-7.28],"size":[4.56,2.14,4.56],"uv":[42,18],"inflate":0},{"origin":[3,39.5,-6],"size":[3,3,3],"uv":[18,18],"inflate":0},{"origin":[2.7,42.3,-6.3],"size":[3.6,1.4,3.6],"uv":[48,24],"inflate":0},{"origin":[7,39,-4],"size":[1,8,8],"uv":[16,29],"inflate":0},{"origin":[-9.26067,43.97863,-4],"size":[17,1,8],"pivot":[3.23933,44.47863,0],"rotation":[0,0,-27.5],"uv":[0,0],"inflate":0},{"origin":[3.73933,44.97863,0],"size":[1,5,0],"uv":[6,0],"inflate":0},{"origin":[-4.11589,41.22601,0],"size":[1,2,0],"pivot":[-3.61589,41.72601,0],"rotation":[0,0,-20],"uv":[6,5],"inflate":0},{"origin":[-8.49159,41.77731,0],"size":[5,1,0],"pivot":[-5.99159,42.27731,0],"rotation":[0,0,-12.5],"uv":[48,28],"inflate":0},{"origin":[-8.75279,42.84958,0],"size":[5,1,0],"pivot":[-6.25279,43.34958,0],"rotation":[0,0,-37.5],"uv":[14,36],"inflate":0},{"origin":[-9.99028,43.70542,0],"size":[6,1,0],"pivot":[-7.49028,44.20542,0],"rotation":[0,0,-12.5],"uv":[48,17],"inflate":0},{"origin":[-10.96304,45.30895,0],"size":[6,1,0],"pivot":[-7.46304,45.80895,0],"rotation":[0,0,-40],"uv":[26,36],"inflate":0},{"origin":[-8.90339,47.01874,0],"size":[3,1,0],"pivot":[-8.40339,47.51874,0],"rotation":[0,0,5],"uv":[0,23],"inflate":0},{"origin":[3.89212,48.65095,0],"size":[1,4,0],"pivot":[3.39212,49.15095,0],"rotation":[0,0,-50],"uv":[14,37],"inflate":0},{"origin":[3.58653,48.65095,0],"size":[1,4,0],"pivot":[5.08653,49.15095,0],"rotation":[0,0,50],"uv":[4,18],"inflate":0}],"parent":"Body2","locators":{"abstraction":[0,36,0]}},{"name":"Rightarm","pivot":[-3,32.5,0],"cubes":[{"origin":[-4,24,-0.5],"size":[1,9,1],"uv":[50,49],"inflate":0}],"parent":"Body2"},{"name":"bone2","pivot":[-3.5,24.5,0],"cubes":[{"origin":[-4.19,16.48,-0.69],"size":[1.38,8.04,1.38],"uv":[8,51],"inflate":0},{"origin":[-4.76,15.86,-1.28],"size":[2.56,1.28,2.56],"uv":[51,4],"inflate":0},{"origin":[-5,13.5,-2],"size":[3,3,4],"pivot":[-1.5,16.5,0],"rotation":[0,0,-5],"uv":[14,45],"inflate":0}],"parent":"Rightarm"},{"name":"Leftarm","pivot":[3,32.5,0],"cubes":[{"origin":[3,26,-1],"size":[2,7,2],"uv":[42,45],"inflate":0}],"parent":"Body2"},{"name":"bone3","pivot":[4,26,0],"cubes":[{"origin":[2.7,23.7,-1.3],"size":[2.6,2.6,2.6],"uv":[0,9],"inflate":0},{"origin":[3.32,19.48,-0.69],"size":[1.38,4.04,1.38],"uv":[0,18],"inflate":0},{"origin":[3.113,23.324,-0.897],"size":[1.794,1.352,1.794],"uv":[34,40],"inflate":0},{"origin":[2.9576,16.9904,-1.0212],"size":[2.0424,2.0192,2.0424],"uv":[0,13],"inflate":0},{"origin":[2.74,18.86,-1.28],"size":[2.56,1.28,2.56],"uv":[24,45],"inflate":0},{"origin":[2.5,12.5,-2],"size":[3,5,4],"uv":[0,42],"inflate":0}],"parent":"Leftarm"},{"name":"Rightleg","pivot":[-2.5,19,0],"cubes":[{"origin":[-4,11,0],"size":[3,8,0],"uv":[0,0],"inflate":0},{"origin":[-3.5,10,-1],"size":[2,2,2],"uv":[0,9],"inflate":0}],"parent":"Root"},{"name":"bone4","pivot":[-2.5,10,0],"cubes":[{"origin":[-8,0,0],"size":[7,11,0],"uv":[0,31],"inflate":0}],"parent":"Rightleg"},{"name":"Leftleg","pivot":[2.5,19,0],"cubes":[{"origin":[2,11,-0.5],"size":[1,8,1],"uv":[4,51],"inflate":0}],"parent":"Root"},{"name":"bone5","pivot":[2.5,11,0],"cubes":[{"origin":[1.81,2.91,-0.69],"size":[1.38,8.18,1.38],"uv":[0,51],"inflate":0},{"origin":[1,0,-2.5],"size":[3,2,4],"uv":[28,45],"inflate":0},{"origin":[1.5,2,-1],"size":[2,1,2],"uv":[10,43],"inflate":0},{"origin":[0.49,-0.34,-4.84],"size":[4.02,2.68,2.68],"uv":[50,45],"inflate":0}],"parent":"Leftleg"}]}]}