{
  "tiers": [
    {
      "total_exp_required": 0,
      "groups": [
        {
          "num_to_select": 1,
          "trades": [
            {
              "wants": [
                {
                  "item": "minecraft:bread",
                  "quantity": 8,
                  "price_multiplier": 0.05
                }
              ],
              "gives": [
                {
                  "item": "minecraft:emerald",
                  "quantity": 1
                }
              ],
              "trader_exp": 2,
              "max_uses": 16,
              "reward_exp": true
            },
            {
              "wants": [
                {
                  "choice": [
                    {
                      "item": "minecraft:double_plant:0",
                      "quantity": 8,
                      "price_multiplier": 0.05
                    },
                    {
                      "item": "minecraft:double_plant:1",
                      "quantity": 8,
                      "price_multiplier": 0.05
                    },
                    {
                      "item": "minecraft:double_plant:4",
                      "quantity": 8,
                      "price_multiplier": 0.05
                    },
                    {
                      "item": "minecraft:double_plant:5",
                      "quantity": 8,
                      "price_multiplier": 0.05
                    }
                  ]
                }
              ],
              "gives": [
                {
                  "item": "minecraft:emerald",
                  "quantity": 5
                }
              ],
              "trader_exp": 2,
              "max_uses": 16,
              "reward_exp": true
            }
          ]
        },
        {
          "num_to_select": 1,
          "trades": [
            {
              "wants": [
                {
                  "item": "minecraft:emerald",
                  "quantity": 1,
                  "price_multiplier": 0.05
                },
                {
                  "item": "minecraft:glass_bottle",
                  "quantity": 1
                }
              ],
              "gives": [
                {
                  "item": "minecraft:honey_bottle",
                  "quantity": 1
                }
              ],
              "trader_exp": 1,
              "max_uses": 16,
              "reward_exp": true
            },
            {
              "wants": [
                {
                  "item": "minecraft:glass",
                  "quantity": 12,
                  "price_multiplier": 0.05
                }
              ],
              "gives": [
                {
                  "item": "minecraft:emerald",
                  "quantity": 2
                }
              ],
              "trader_exp": 1,
              "max_uses": 16,
              "reward_exp": true
            }
          ]
        }
      ]
    },
    {
      "total_exp_required": 10,
      "groups": [
        {
          "num_to_select": 1,
          "trades": [
            {
              "wants": [
                {
                  "item": "minecraft:glass_bottle",
                  "quantity": 22,
                  "price_multiplier": 0.05
                }
              ],
              "gives": [
                {
                  "item": "minecraft:emerald",
                  "quantity": 3
                }
              ],
              "trader_exp": 10,
              "max_uses": 12,
              "reward_exp": true
            },
            {
              "wants": [
                {
                  "item": "minecraft:emerald",
                  "quantity": 5,
                  "price_multiplier": 0.05
                }
              ],
              "gives": [
                 {
                   "item": "minecraft:red_flower",
                  "quantity": 7,
                   "functions": [
                     {
                       "function": "random_block_state",
                       "block_state": "flower_type",
                       "values": {
                         "min": 0,
                         "max": 10
                       }
                     }
                   ]
                 }
              ],
              "trader_exp": 10,
              "max_uses": 12,
              "reward_exp": true
            }
          ]
        },
        {
          "num_to_select": 1,
          "trades": [
            {
              "wants": [
                {
                  "item": "minecraft:emerald",
                  "quantity": 2,
                  "price_multiplier": 0.05
                }
              ],
              "gives": [
                {
                  "item": "minecraft:shears",
                  "quantity": 1
                }
              ],
              "trader_exp": 8,
              "max_uses": 16,
              "reward_exp": true
            }
          ]
        }
      ]
    },
    {
      "total_exp_required": 70,
      "groups": [
        {
          "num_to_select": 1,
          "trades": [
            {
              "wants": [
                {
                  "item": "minecraft:honeycomb",
                  "quantity": 18,
                  "price_multiplier": 0.05
                }
              ],
              "gives": [
                {
                  "item": "minecraft:emerald",
                  "quantity": 3
                }
              ],
              "trader_exp": 20,
              "max_uses": 12,
              "reward_exp": true
            }
          ]
        },
        {
          "num_to_select": 1,
          "trades": [
            {
              "wants": [
                {
                  "item": "minecraft:emerald",
                  "quantity": 18,
                  "price_multiplier": 0.05
                }
              ],
              "gives": [
                {
                  "item": "minecraft:honey_block",
                  "quantity": 2
                }
              ],
              "trader_exp": 10,
              "max_uses": 12,
              "reward_exp": true
            },
            {
              "wants": [
                {
                  "item": "minecraft:emerald",
                  "quantity": 3,
                  "price_multiplier": 0.05
                }
              ],
              "gives": [
                {
                  "item": "minecraft:campfire",
                  "quantity": 1
                }
              ],
              "trader_exp": 24,
              "max_uses": 12,
              "reward_exp": true
            }
          ]
        }
      ]
    },
    {
      "total_exp_required": 150,
      "groups": [
        {
          "num_to_select": 1,
          "trades": [
            {
              "wants": [
                {
                  "item": "minecraft:beehive",
                  "quantity": 3,
                  "price_multiplier": 0.05
                }
              ],
              "gives": [
                {
                  "item": "minecraft:emerald",
                  "quantity": 3
                }
              ],
              "trader_exp": 28,
              "max_uses": 12,
              "reward_exp": true
            }
          ]
        },
        {
          "num_to_select": 1,
          "trades": [
            {
              "wants": [
                {
                  "item": "minecraft:emerald",
                  "quantity": 4,
                  "price_multiplier": 0.05
                }
              ],
              "gives": [
                {
                  "item": "minecraft:honeycomb_block",
                  "quantity": 2
                }
              ],
              "trader_exp": 22,
              "max_uses": 12,
              "reward_exp": true
            },
            {
              "wants": [
                {
                  "item": "minecraft:emerald",
                  "quantity": 2,
                  "price_multiplier": 0.05
                }
              ],
              "gives": [
                {
                  "item": "minecraft:sweet_berries",
                  "quantity": 8
                }
              ],
              "trader_exp": 22,
              "max_uses": 12,
              "reward_exp": true
            }
          ]
        }
      ]
    },
    {
      "total_exp_required": 250,
      "groups": [
        {
          "num_to_select": 1,
          "trades": [
            {
              "wants": [
                {
                  "item": "minecraft:emerald",
                  "quantity": 4,
                  "price_multiplier": 0.05
                }
              ],
              "gives": [
                {
                  "item": "minecraft:bee_nest",
                  "quantity": 1
                }
              ],
              "trader_exp": 30,
              "max_uses": 12,
              "reward_exp": true
            },
            {
              "wants": [
                {
                  "item": "minecraft:honey_bottle",
                  "quantity": 3,
                  "price_multiplier": 0.05
                }
              ],
              "gives": [
                {
                  "item": "minecraft:emerald",
                  "quantity": 1
                },
                {
                  "item": "minecraft:glass_bottle",
                  "quantity": 4
                }
              ],
              "trader_exp": 30,
              "max_uses": 12,
              "reward_exp": true
            }
          ]
        }
      ]
    }
  ]
}
