{
  "tiers": [
    {
      "groups": [
        {
          "num_to_select": 3,
          "trades": [
            {
              "max_uses": 8,
              "wants": [
                {
                  "item": "minecraft:gold_ingot",
                  "quantity": 5
                }
              ],
              "gives": [
                {
                  "item": "minecraft:emerald",
                  "quantity": 8
                }
              ]
            },
            {
              "max_uses": 8,
              "wants": [
                {
                  "item": "minecraft:coal:1",
                  "quantity": 18
                }
              ],
              "gives": [
                {
                  "item": "minecraft:emerald"
                }
              ]
            },
            {
              "max_uses": 4,
              "wants": [
                {
                  "item": "minecraft:iron_shovel"
                }
              ],
              "gives": [
                {
                  "item": "minecraft:emerald",
                  "quantity": 5
                }
              ]
            },
            {
              "max_uses": 12,
              "wants": [
                {
                  "item": "minecraft:stick",
                  "quantity": 32
                }
              ],
              "gives": [
                {
                  "item": "minecraft:emerald",
                  "quantity": 1
                }
              ]
            },
            {
              "max_uses": 4,
              "wants": [
                {
                  "item": "minecraft:bow",
                  "quantity": 1
                }
              ],
              "gives": [
                {
                  "item": "minecraft:emerald",
                  "quantity": 3
                }
              ]
            },
            {
              "max_uses": 12,
              "wants": [
                {
                  "item": "minecraft:string",
                  "quantity": 36
                }
              ],
              "gives": [
                {
                  "item": "minecraft:emerald",
                  "quantity": 2
                }
              ]
            },
            {
              "max_uses": 8,
              "wants": [
                {
                  "item": "minecraft:feather",
                  "quantity": 30
                }
              ],
              "gives": [
                {
                  "item": "minecraft:emerald",
                  "quantity": 2
                }
              ]
            }
          ]
        },
        {
          "num_to_select": 2,
          "trades": [
            {
              "max_uses": 2,
              "wants": [
                {
                  "item": "minecraft:emerald",
                  "quantity": 48
                }
              ],
              "gives": [
                {
                  "choice": [
                    {
                      "item": "minecraft:diamond_sword",
                      "quantity": 1
                    },
                    {
                      "item": "minecraft:diamond_pickaxe",
                      "quantity": 1
                    }
                  ]
                }
              ]
            },
            {
              "max_uses": 2,
              "wants": [
                {
                  "item": "minecraft:emerald",
                  "quantity": 3
                }
              ],
              "gives": [
                {
                  "item": "minecraft:diamond"
                }
              ]
            },
            {
              "max_uses": 1,
              "wants": [
                {
                  "item": "minecraft:emerald",
                  "quantity": 48
                }
              ],
              "gives": [
                {
                  "item": "minecraft:trident",
                  "quantity": 6
                }
              ]
            },
            {
              "max_uses": 8,
              "wants": [
                {
                  "item": "minecraft:emerald",
                  "quantity": 12
                }
              ],
              "gives": [
                {
                  "item": "minecraft:coal:0",
                  "quantity": 6
                }
              ]
            },
            {
              "max_uses": 10,
              "wants": [
                {
                  "item": "minecraft:emerald",
                  "quantity": 2
                }
              ],
              "gives": [
                {
                  "item": "minecraft:lead"
                }
              ]
            }
          ]
        },
        {
          "num_to_select": 1,
          "trades": [
            {
              "max_uses": 3,
              "wants": [
                {
                  "item": "minecraft:emerald",
                  "quantity": 12,
                  "price_multiplier": 0.2
                }
              ],
              "gives": [
                {
                  "item": "minecraft:diamond_axe",
                  "quantity": 1,
                  "functions": [
                    {
                      "function": "enchant_with_levels",
                      "treasure": false,
                      "levels": {
                        "min": 15,
                        "max": 30
                      }
                    }
                  ]
                }
              ]
            },
            {
              "max_uses": 2,
              "wants": [
                {
                  "item": "minecraft:emerald",
                  "quantity": 60
                }
              ],
              "gives": [
                {
                  "item": "minecraft:netherite_shovel"
                }
              ]
            }
          ]
        }
      ]
    }
  ]
}