{
  "tiers": [
    {
      "groups": [
        {
          "num_to_select": 3,
          "trades": [
            {
              "max_uses": 5,
              "wants": [
                {
                  "item": "minecraft:emerald",
                  "quantity": 8
                }
              ],
              "gives": [
                {
                  "item": "minecraft:gold_ingot",
                  "quantity": 5
                }
              ]
            },
            {
              "max_uses": 8,
              "wants": [
                {
                  "item": "minecraft:crimson_fungus",
                  "quantity": 20
                }
              ],
              "gives": [
                {
                  "item": "minecraft:gold_ingot"
                }
              ]
            },
            {
              "max_uses": 8,
              "wants": [
                {
                  "item": "minecraft:warped_fungus",
                  "quantity": 20
                }
              ],
              "gives": [
                {
                  "item": "minecraft:gold_ingot"
                }
              ]
            },
            {
              "max_uses": 6,
              "wants": [
                {
                  "item": "minecraft:bucket",
                  "quantity": 3
                }
              ],
              "gives": [
                {
                  "item": "minecraft:gold_ingot"
                }
              ]
            },
            {
              "max_uses": 10,
              "wants": [
                {
                  "item": "minecraft:quartz",
                  "quantity": 40
                }
              ],
              "gives": [
                {
                  "item": "minecraft:gold_ingot",
                  "quantity": 3
                }
              ]
            },
            {
              "max_uses": 10,
              "wants": [
                {
                  "item": "minecraft:string",
                  "quantity": 36
                }
              ],
              "gives": [
                {
                  "item": "minecraft:gold_ingot",
                  "quantity": 4
                }
              ]
            },
            {
              "max_uses": 8,
              "wants": [
                {
                  "item": "minecraft:nether_wart",
                  "quantity": 30
                }
              ],
              "gives": [
                {
                  "item": "minecraft:gold_ingot",
                  "quantity": 2
                }
              ]
            }
          ]
        },
        {
          "num_to_select": 2,
          "trades": [
            {
              "max_uses": 4,
              "wants": [
                {
                  "item": "minecraft:gold_ingot",
                  "quantity": 32
                }
              ],
              "gives": [
                {
                  "choice": [
                    {
                      "item": "minecraft:diamond",
                      "quantity": 1
                    },
                    {
                      "item": "minecraft:iron_ingot",
                      "quantity": 24
                    }
                  ]
                }
              ]
            },
            {
              "max_uses": 8,
              "wants": [
                {
                  "item": "minecraft:gold_ingot",
                  "quantity": 3
                }
              ],
              "gives": [
                {
                  "item": "minecraft:potion"
                }
              ]
            },
            {
              "max_uses": 6,
              "wants": [
                {
                  "item": "minecraft:gold_ingot",
                  "quantity": 18
                }
              ],
              "gives": [
                {
                  "item": "mobs:golden_stem",
                  "quantity": 6
                }
              ]
            },
            {
              "max_uses": 6,
              "wants": [
                {
                  "item": "minecraft:gold_ingot",
                  "quantity": 12
                }
              ],
              "gives": [
                {
                  "item": "mobs:golden_fungus",
                  "quantity": 6
                }
              ]
            },
            {
              "max_uses": 10,
              "wants": [
                {
                  "item": "minecraft:gold_ingot",
                  "quantity": 2
                }
              ],
              "gives": [
                {
                  "item": "minecraft:lead"
                }
              ]
            }
          ]
        },
        {
          "num_to_select": 1,
          "trades": [
            {
              "max_uses": 3,
              "wants": [
                {
                  "item": "minecraft:gold_ingot",
                  "quantity": 8,
                  "price_multiplier": 0.2
                }
              ],
              "gives": [
                {
                  "item": "minecraft:golden_sword",
                  "quantity": 1,
                  "functions": [
                    {
                      "function": "enchant_with_levels",
                      "treasure": false,
                      "levels": {
                        "min": 5,
                        "max": 19
                      }
                    }
                  ]
                }
              ]
            },
            {
              "max_uses": 2,
              "wants": [
                {
                  "item": "minecraft:gold_ingot",
                  "quantity": 48
                }
              ],
              "gives": [
                {
                  "item": "minecraft:netherite_hoe"
                }
              ]
            }
          ]
        }
      ]
    }
  ]
}