{
  "mob.telur_ragatha.idle1": {
    "category": " neutral",
    "sounds": [
      "sounds/mob/telur_ragatha/idle/idle1"
    ]
  },
  "mob.telur_ragatha.idle2": {
    "category": " neutral",
    "sounds": [
      "sounds/mob/telur_ragatha/idle/idle2"
    ]
  },
  "mob.telur_pomni.idle": {
    "category": " neutral",
    "sounds": [
      "sounds/mob/telur_pomni/idle/idle1"
    ]
  },
  "mob.telur_pomni.hit": {
    "category": " neutral",
    "sounds": [
      "sounds/mob/telur_pomni/hit/hit1"
    ]
  },
  "mob.telur_jax.idle2": {
    "category": " neutral",
    "sounds": [
      "sounds/mob/telur_jax/idle/idle2"
    ]
  },
  "mob.telur_jax.idle1": {
    "category": " neutral",
    "sounds": [
      "sounds/mob/telur_jax/idle/idle1"
    ]
  },
  "mob.telur_jax.hit": {
    "category": " neutral",
    "sounds": [
      "sounds/mob/telur_jax/hit/hit1"
    ]
  },
  "mob.telur_caine.idle1": {
    "category": " neutral",
    "sounds": [
      "sounds/mob/telur_caine/idle/idle1"
    ]
  },
  "mob.telur_caine.idle2": {
    "category": " neutral",
    "sounds": [
      "sounds/mob/telur_caine/idle/idle2"
    ]
  },
  "mob.telur_caine.idle3": {
    "category": " neutral",
    "sounds": [
      "sounds/mob/telur_caine/idle/idle3"
    ]
  },
  "mob.telur_zooble.idle1": {
    "category": " neutral",
    "sounds": [
      "sounds/mob/telur_zooble/idle/idle1"
    ]
  },
  "mob.telur_zooble.idle2": {
    "category": " neutral",
    "sounds": [
      "sounds/mob/telur_zooble/idle/idle2"
    ]
  },
  "mob.telur_gangel.idle": {
    "category": " neutral",
    "sounds": [
      "sounds/mob/telur_gangel/idle/idle1"
    ]
  },
  "mob.telur_kaude.death": {
    "category": " neutral",
    "sounds": [
      "sounds/mob/telur_kaude/death/death"
    ]
  },
  "mob.telur_kinger.idle2": {
    "category": " neutral",
    "sounds": [
      "sounds/mob/telur_kinger/idle/idle1"
    ]
  },
  "mob.telur_kinger.hit": {
    "category": " neutral",
    "sounds": [
      "sounds/mob/telur_kinger/hit/hit1"
    ]
  },
  "mob.telur_kaufmo.idle": {
    "category": " neutral",
    "sounds": [
      "sounds/mob/telur_kaufmo/idle/idle1"
    ]
  },
  "mob.telur_bubble.idle": {
    "category": " neutral",
    "sounds": [
      "sounds/mob/telur_bubble/idle/idle1"
    ]
  }
}