{
  "resource_pack_name": "vanilla",
  "texture_name": "atlas.items",
  "texture_data": {
    "egg_camel": {
      "textures": "textures/items/egg_camel"
    },
    "egg_lion": {
      "textures": "textures/items/egg_lion"
    },
    "egg_penguin": {
      "textures": "textures/items/egg_penguin"
    },
    "egg_tiger": {
      "textures": "textures/items/egg_tiger"
    },
    "egg_elephant": {
      "textures": "textures/items/egg_elephant"
    },
    "egg_deer": {
      "textures": "textures/items/egg_deer"
    },
    "egg_panther": {
      "textures": "textures/items/egg_panther"
    },
    "egg_frog": {
      "textures": "textures/items/egg_frog"
    },
    "egg_crocodile": {
      "textures": "textures/items/egg_crocodile"
    },
    "egg_mouse": {
      "textures": "textures/items/egg_mouse"
    },
    "gallardo": {
      "textures": "textures/items/gallardo"
    },
    "bench": {
      "textures": "textures/items/bench"
    },
    "christmas_tree": {
      "textures": "textures/items/christmas_tree"
    },
    "tivi": {
      "textures": "textures/items/tivi"
    },
    "closet": {
      "textures": "textures/items/closet"
    },
    "laptop": {
      "textures": "textures/items/laptop"
    },
    "piano": {
      "textures": "textures/items/piano"
    },
    "armchairs": {
      "textures": "textures/items/armchairs"
    },
    "chair": {
      "textures": "textures/items/chair"
    },
    "big_table": {
      "textures": "textures/items/big_table"
    },
    "small_table": {
      "textures": "textures/items/small_table"
    },
    "drone": {
      "textures": "textures/items/drone"
    },
    "colorful_gifts": {
      "textures": "textures/items/colorful_gifts"
    },
    "simple_pea": {
      "textures": "textures/items/pamobile/simple_pea"
    },
    "simple:peashooter": {
      "textures": "textures/items/pamobile/simple_peashooter"
    },
    "simple:sunflower": {
      "textures": "textures/items/pamobile/simple_sunflower"
    },
    "simple:wallnut": {
      "textures": "textures/items/pamobile/simple_wallnut"
    },
    "simple:potatomine": {
      "textures": "textures/items/pamobile/simple_potatomine"
    },
    "simple:cherrybomb": {
      "textures": "textures/items/pamobile/simple_cherrybomb"
    },
    "simple_snowpea": {
      "textures": "textures/items/pamobile/simple_snowpea"
    },
    "simple:potatomineready": {
      "textures": "textures/items/pamobile/simple_potatomineready"
    },
    "simple:snow_peashooter": {
      "textures": "textures/items/pamobile/simple_snow_peashooter"
    },
    "simple:chomper_eat": {
      "textures": "textures/items/pamobile/simple_chomper_eat"
    },
    "simple:sun": {
      "textures": "textures/items/pamobile/simple_sun"
    },
    "simple:repeater": {
      "textures": "textures/items/pamobile/simple_repeater"
    },
    "simple:chomper": {
      "textures": "textures/items/pamobile/simple_chomper"
    },
    "simple:crazydave": {
      "textures": "textures/items/pamobile/simple_crazydave"
    },
    "simple_plantshuvul": {
      "textures": "textures/items/pamobile/simple_plantshuvul"
    },
    "simple:zombie": {
      "textures": "textures/items/pamobile/simple_zombie"
    },
    "simple:coneheadzombie": {
      "textures": "textures/items/pamobile/simple_coneheadzombie"
    },
    "simple:gravelvl1": {
      "textures": "textures/items/pamobile/simple_gravelvl1"
    },
    "simple:bucketheadzombie": {
      "textures": "textures/items/pamobile/simple_bucketheadzombie"
    },
    "simple:flagzombie": {
      "textures": "textures/items/pamobile/simple_flagzombie"
    },
    "simple_cabbage": {
      "textures": "textures/items/pamobile/simple_cabbage"
    },
    "simple:cabbagepult": {
      "textures": "textures/items/pamobile/simple_cabbagepult"
    }
  }
}