{
  "format_version": "1.12.0",
  "minecraft:geometry": [
    {
      "description": {
        "identifier": "geometry.f_boris",
        "texture_width": 256,
        "texture_height": 256,
        "visible_bounds_width": 5,
        "visible_bounds_height": 5,
        "visible_bounds_offset": [
          0,
          1.5,
          0
        ]
      },
      "bones": [
        {
          "name": "body",
          "pivot": [
            0,
            17,
            0
          ],
          "cubes": [
            {
              "origin": [
                -7,
                5,
                -2
              ],
              "size": [
                14,
                23,
                6
              ],
              "uv": {
                "north": {
                  "uv": [
                    0,
                    0
                  ],
                  "uv_size": [
                    14,
                    23
                  ]
                },
                "east": {
                  "uv": [
                    20,
                    0
                  ],
                  "uv_size": [
                    6,
                    23
                  ]
                },
                "south": {
                  "uv": [
                    14,
                    0
                  ],
                  "uv_size": [
                    14,
                    23
                  ]
                },
                "west": {
                  "uv": [
                    17,
                    0
                  ],
                  "uv_size": [
                    6,
                    23
                  ]
                },
                "up": {
                  "uv": [
                    14,
                    23
                  ],
                  "uv_size": [
                    -14,
                    -7
                  ]
                },
                "down": {
                  "uv": [
                    14,
                    6
                  ],
                  "uv_size": [
                    14,
                    -6
                  ]
                }
              }
            },
            {
              "origin": [
                -7,
                5,
                -3
              ],
              "size": [
                5,
                24,
                4
              ],
              "uv": {
                "north": {
                  "uv": [
                    17,
                    0
                  ],
                  "uv_size": [
                    4,
                    21
                  ]
                },
                "east": {
                  "uv": [
                    17,
                    0
                  ],
                  "uv_size": [
                    6,
                    20
                  ]
                },
                "south": {
                  "uv": [
                    18,
                    0
                  ],
                  "uv_size": [
                    4,
                    21
                  ]
                },
                "west": {
                  "uv": [
                    21,
                    0
                  ],
                  "uv_size": [
                    5,
                    21
                  ]
                },
                "up": {
                  "uv": [
                    18,
                    0
                  ],
                  "uv_size": [
                    5,
                    4
                  ]
                },
                "down": {
                  "uv": [
                    23,
                    4
                  ],
                  "uv_size": [
                    5,
                    -4
                  ]
                }
              }
            },
            {
              "origin": [
                2,
                5,
                -3
              ],
              "size": [
                5,
                24,
                4
              ],
              "uv": {
                "north": {
                  "uv": [
                    17,
                    0
                  ],
                  "uv_size": [
                    4,
                    21
                  ]
                },
                "east": {
                  "uv": [
                    17,
                    0
                  ],
                  "uv_size": [
                    6,
                    20
                  ]
                },
                "south": {
                  "uv": [
                    18,
                    0
                  ],
                  "uv_size": [
                    4,
                    21
                  ]
                },
                "west": {
                  "uv": [
                    21,
                    0
                  ],
                  "uv_size": [
                    5,
                    21
                  ]
                },
                "up": {
                  "uv": [
                    18,
                    0
                  ],
                  "uv_size": [
                    5,
                    4
                  ]
                },
                "down": {
                  "uv": [
                    23,
                    4
                  ],
                  "uv_size": [
                    5,
                    -4
                  ]
                }
              }
            },
            {
              "origin": [
                3,
                28,
                -4
              ],
              "size": [
                9,
                7,
                9
              ],
              "pivot": [
                0,
                9,
                0
              ],
              "rotation": [
                -0.55691,
                0.62504,
                4.92643
              ],
              "uv": {
                "north": {
                  "uv": [
                    30,
                    68
                  ],
                  "uv_size": [
                    8,
                    7
                  ]
                },
                "east": {
                  "uv": [
                    60,
                    8
                  ],
                  "uv_size": [
                    9,
                    7
                  ]
                },
                "south": {
                  "uv": [
                    68,
                    36
                  ],
                  "uv_size": [
                    8,
                    7
                  ]
                },
                "west": {
                  "uv": [
                    62,
                    15
                  ],
                  "uv_size": [
                    9,
                    7
                  ]
                },
                "up": {
                  "uv": [
                    54,
                    21
                  ],
                  "uv_size": [
                    8,
                    9
                  ]
                },
                "down": {
                  "uv": [
                    54,
                    39
                  ],
                  "uv_size": [
                    8,
                    -9
                  ]
                }
              }
            },
            {
              "origin": [
                -8,
                28,
                -4
              ],
              "size": [
                8,
                7,
                9
              ],
              "pivot": [
                0,
                9,
                0
              ],
              "rotation": [
                -0.73709,
                0.39688,
                -15.07309
              ],
              "uv": {
                "north": {
                  "uv": [
                    75,
                    51
                  ],
                  "uv_size": [
                    7,
                    7
                  ]
                },
                "east": {
                  "uv": [
                    62,
                    22
                  ],
                  "uv_size": [
                    9,
                    7
                  ]
                },
                "south": {
                  "uv": [
                    76,
                    7
                  ],
                  "uv_size": [
                    7,
                    7
                  ]
                },
                "west": {
                  "uv": [
                    62,
                    22
                  ],
                  "uv_size": [
                    9,
                    7
                  ]
                },
                "up": {
                  "uv": [
                    53,
                    63
                  ],
                  "uv_size": [
                    7,
                    9
                  ]
                },
                "down": {
                  "uv": [
                    53,
                    72
                  ],
                  "uv_size": [
                    7,
                    -9
                  ]
                }
              }
            }
          ]
        },
        {
          "name": "bodyArmor",
          "parent": "body",
          "pivot": [
            -3,
            28,
            -3
          ],
          "cubes": [
            {
              "origin": [
                -2,
                11.38933,
                -2.51332
              ],
              "size": [
                4,
                17,
                0
              ],
              "uv": {
                "north": {
                  "uv": [
                    49,
                    57
                  ],
                  "uv_size": [
                    4,
                    17
                  ]
                },
                "east": {
                  "uv": [
                    0,
                    0
                  ],
                  "uv_size": [
                    0,
                    17
                  ]
                },
                "south": {
                  "uv": [
                    26,
                    59
                  ],
                  "uv_size": [
                    4,
                    17
                  ]
                },
                "west": {
                  "uv": [
                    0,
                    0
                  ],
                  "uv_size": [
                    0,
                    17
                  ]
                },
                "up": {
                  "uv": [
                    0,
                    0
                  ],
                  "uv_size": [
                    4,
                    0
                  ]
                },
                "down": {
                  "uv": [
                    0,
                    0
                  ],
                  "uv_size": [
                    4,
                    0
                  ]
                }
              }
            }
          ]
        },
        {
          "name": "belt",
          "parent": "body",
          "pivot": [
            0,
            33,
            0
          ]
        },
        {
          "name": "rightArm",
          "parent": "body",
          "pivot": [
            -7,
            29,
            0
          ],
          "cubes": [
            {
              "origin": [
                -13,
                13,
                -3
              ],
              "size": [
                6,
                15,
                7
              ],
              "uv": {
                "north": {
                  "uv": [
                    21,
                    4
                  ],
                  "uv_size": [
                    6,
                    15
                  ]
                },
                "east": {
                  "uv": [
                    14,
                    4
                  ],
                  "uv_size": [
                    7,
                    15
                  ]
                },
                "south": {
                  "uv": [
                    18,
                    5
                  ],
                  "uv_size": [
                    6,
                    15
                  ]
                },
                "west": {
                  "uv": [
                    17,
                    4
                  ],
                  "uv_size": [
                    7,
                    15
                  ]
                },
                "up": {
                  "uv": [
                    18,
                    0
                  ],
                  "uv_size": [
                    6,
                    7
                  ]
                },
                "down": {
                  "uv": [
                    17,
                    10
                  ],
                  "uv_size": [
                    6,
                    -7
                  ]
                }
              }
            },
            {
              "origin": [
                -13.2,
                17,
                -3.3
              ],
              "size": [
                6.5,
                8,
                7.5
              ],
              "uv": {
                "north": {
                  "uv": [
                    63,
                    22
                  ],
                  "uv_size": [
                    8,
                    7
                  ]
                },
                "east": {
                  "uv": [
                    62,
                    22
                  ],
                  "uv_size": [
                    8,
                    8
                  ]
                },
                "south": {
                  "uv": [
                    62,
                    22
                  ],
                  "uv_size": [
                    7,
                    8
                  ]
                },
                "west": {
                  "uv": [
                    62,
                    22
                  ],
                  "uv_size": [
                    8,
                    7
                  ]
                },
                "up": {
                  "uv": [
                    53,
                    63
                  ],
                  "uv_size": [
                    7,
                    8
                  ]
                },
                "down": {
                  "uv": [
                    53,
                    71
                  ],
                  "uv_size": [
                    7,
                    -8
                  ]
                }
              }
            }
          ]
        },
        {
          "name": "rightItem",
          "parent": "rightArm",
          "pivot": [
            -9,
            13,
            1
          ]
        },
        {
          "name": "rightArmArmor",
          "parent": "rightArm",
          "pivot": [
            -11,
            14,
            0
          ],
          "cubes": [
            {
              "origin": [
                -13,
                4,
                -3
              ],
              "size": [
                6,
                8,
                7
              ],
              "uv": {
                "north": {
                  "uv": [
                    13,
                    73
                  ],
                  "uv_size": [
                    6,
                    8
                  ]
                },
                "east": {
                  "uv": [
                    13,
                    73
                  ],
                  "uv_size": [
                    7,
                    8
                  ]
                },
                "south": {
                  "uv": [
                    75,
                    43
                  ],
                  "uv_size": [
                    6,
                    8
                  ]
                },
                "west": {
                  "uv": [
                    14,
                    73
                  ],
                  "uv_size": [
                    7,
                    8
                  ]
                },
                "up": {
                  "uv": [
                    67,
                    78
                  ],
                  "uv_size": [
                    6,
                    7
                  ]
                },
                "down": {
                  "uv": [
                    46,
                    81
                  ],
                  "uv_size": [
                    6,
                    -7
                  ]
                }
              }
            },
            {
              "origin": [
                -11,
                1,
                -1
              ],
              "size": [
                3,
                4,
                3
              ],
              "uv": {
                "north": {
                  "uv": [
                    13,
                    73
                  ],
                  "uv_size": [
                    6,
                    8
                  ]
                },
                "east": {
                  "uv": [
                    13,
                    73
                  ],
                  "uv_size": [
                    7,
                    8
                  ]
                },
                "south": {
                  "uv": [
                    75,
                    43
                  ],
                  "uv_size": [
                    6,
                    8
                  ]
                },
                "west": {
                  "uv": [
                    14,
                    73
                  ],
                  "uv_size": [
                    7,
                    8
                  ]
                },
                "up": {
                  "uv": [
                    67,
                    78
                  ],
                  "uv_size": [
                    6,
                    7
                  ]
                },
                "down": {
                  "uv": [
                    46,
                    81
                  ],
                  "uv_size": [
                    6,
                    -7
                  ]
                }
              }
            },
            {
              "origin": [
                -13.2,
                7,
                -3.3
              ],
              "size": [
                6.5,
                8,
                7.5
              ],
              "uv": {
                "north": {
                  "uv": [
                    63,
                    22
                  ],
                  "uv_size": [
                    8,
                    7
                  ]
                },
                "east": {
                  "uv": [
                    62,
                    22
                  ],
                  "uv_size": [
                    8,
                    8
                  ]
                },
                "south": {
                  "uv": [
                    62,
                    22
                  ],
                  "uv_size": [
                    7,
                    8
                  ]
                },
                "west": {
                  "uv": [
                    62,
                    22
                  ],
                  "uv_size": [
                    8,
                    7
                  ]
                },
                "up": {
                  "uv": [
                    53,
                    63
                  ],
                  "uv_size": [
                    7,
                    8
                  ]
                },
                "down": {
                  "uv": [
                    53,
                    71
                  ],
                  "uv_size": [
                    7,
                    -8
                  ]
                }
              }
            }
          ]
        },
        {
          "name": "bone14",
          "parent": "rightArmArmor",
          "pivot": [
            -9.50025,
            1.08733,
            0.02786
          ],
          "cubes": [
            {
              "origin": [
                -6,
                -11.5,
                3
              ],
              "size": [
                2,
                8,
                6
              ],
              "pivot": [
                -3,
                -2,
                0
              ],
              "rotation": [
                -59.28451,
                12.04823,
                96.68325
              ],
              "uv": {
                "north": {
                  "uv": [
                    22,
                    55
                  ],
                  "uv_size": [
                    2,
                    9
                  ]
                },
                "east": {
                  "uv": [
                    12,
                    55
                  ],
                  "uv_size": [
                    7,
                    9
                  ]
                },
                "south": {
                  "uv": [
                    24,
                    55
                  ],
                  "uv_size": [
                    2,
                    9
                  ]
                },
                "west": {
                  "uv": [
                    19,
                    55
                  ],
                  "uv_size": [
                    7,
                    9
                  ]
                },
                "up": {
                  "uv": [
                    30,
                    76
                  ],
                  "uv_size": [
                    2,
                    7
                  ]
                },
                "down": {
                  "uv": [
                    34,
                    83
                  ],
                  "uv_size": [
                    2,
                    -7
                  ]
                }
              }
            },
            {
              "origin": [
                -14,
                -13.5,
                5
              ],
              "size": [
                2,
                7,
                2
              ],
              "pivot": [
                -3,
                -2,
                0
              ],
              "rotation": [
                -80.07947,
                -27.99726,
                76.92347
              ],
              "uv": [
                63,
                22
              ]
            },
            {
              "origin": [
                -9,
                -5.5,
                3
              ],
              "size": [
                2,
                7,
                2
              ],
              "pivot": [
                -3,
                -2,
                0
              ],
              "rotation": [
                -130.07947,
                -27.99726,
                76.92347
              ],
              "uv": [
                63,
                22
              ]
            },
            {
              "origin": [
                -18.73649,
                -6.1215,
                -9.23651
              ],
              "size": [
                2,
                6,
                2
              ],
              "pivot": [
                -15,
                1,
                -7
              ],
              "rotation": [
                -80.78894,
                -18.13542,
                78.72746
              ],
              "uv": [
                63,
                22
              ]
            },
            {
              "origin": [
                -9.30571,
                -11.72819,
                3.66624
              ],
              "size": [
                2,
                5,
                2
              ],
              "pivot": [
                -3,
                -2,
                -10
              ],
              "rotation": [
                -52.87047,
                -20.16387,
                83.74113
              ],
              "uv": [
                63,
                22
              ]
            },
            {
              "origin": [
                -7,
                -12.5,
                5
              ],
              "size": [
                2,
                6,
                2
              ],
              "pivot": [
                -3,
                -2,
                0
              ],
              "rotation": [
                -80.74664,
                18.91215,
                84.63976
              ],
              "uv": [
                13,
                73
              ]
            },
            {
              "origin": [
                -7,
                -16.5,
                6
              ],
              "size": [
                2,
                6,
                2
              ],
              "pivot": [
                -3,
                -2,
                0
              ],
              "rotation": [
                -70.74664,
                18.91215,
                84.63976
              ],
              "uv": [
                13,
                73
              ]
            },
            {
              "origin": [
                -7,
                -19.5,
                3
              ],
              "size": [
                2,
                6,
                2
              ],
              "pivot": [
                -3,
                -2,
                0
              ],
              "rotation": [
                -42.58871,
                20.61469,
                86.58512
              ],
              "uv": [
                13,
                73
              ]
            }
          ]
        },
        {
          "name": "leftArm",
          "parent": "body",
          "pivot": [
            7,
            27,
            0
          ],
          "cubes": [
            {
              "origin": [
                8.8,
                17,
                -3.3
              ],
              "size": [
                6.5,
                9,
                7.5
              ],
              "pivot": [
                12.05,
                21,
                0.45
              ],
              "rotation": [
                0,
                0,
                -15
              ],
              "uv": {
                "north": {
                  "uv": [
                    7,
                    73
                  ],
                  "uv_size": [
                    7,
                    8
                  ]
                },
                "east": {
                  "uv": [
                    0,
                    61
                  ],
                  "uv_size": [
                    8,
                    8
                  ]
                },
                "south": {
                  "uv": [
                    14,
                    73
                  ],
                  "uv_size": [
                    7,
                    8
                  ]
                },
                "west": {
                  "uv": [
                    0,
                    61
                  ],
                  "uv_size": [
                    8,
                    8
                  ]
                },
                "up": {
                  "uv": [
                    45,
                    74
                  ],
                  "uv_size": [
                    7,
                    8
                  ]
                },
                "down": {
                  "uv": [
                    45,
                    82
                  ],
                  "uv_size": [
                    7,
                    -8
                  ]
                }
              }
            },
            {
              "origin": [
                7,
                16,
                -3
              ],
              "size": [
                6,
                12,
                7
              ],
              "uv": {
                "north": {
                  "uv": [
                    19,
                    4
                  ],
                  "uv_size": [
                    6,
                    15
                  ]
                },
                "east": {
                  "uv": [
                    18,
                    5
                  ],
                  "uv_size": [
                    7,
                    15
                  ]
                },
                "south": {
                  "uv": [
                    19,
                    4
                  ],
                  "uv_size": [
                    6,
                    15
                  ]
                },
                "west": {
                  "uv": [
                    18,
                    4
                  ],
                  "uv_size": [
                    7,
                    15
                  ]
                },
                "up": {
                  "uv": [
                    18,
                    7
                  ],
                  "uv_size": [
                    6,
                    7
                  ]
                },
                "down": {
                  "uv": [
                    22,
                    15
                  ],
                  "uv_size": [
                    6,
                    -7
                  ]
                }
              }
            },
            {
              "origin": [
                7,
                13,
                -3
              ],
              "size": [
                6,
                3,
                7
              ],
              "uv": [
                102,
                0
              ]
            }
          ]
        },
        {
          "name": "leftArmArmor",
          "parent": "leftArm",
          "pivot": [
            10,
            12,
            0
          ],
          "cubes": [
            {
              "origin": [
                7,
                12,
                -3
              ],
              "size": [
                6,
                1,
                7
              ],
              "inflate": 0.15,
              "uv": {
                "north": {
                  "uv": [
                    54,
                    51
                  ],
                  "uv_size": [
                    6,
                    12
                  ]
                },
                "east": {
                  "uv": [
                    47,
                    45
                  ],
                  "uv_size": [
                    7,
                    12
                  ]
                },
                "south": {
                  "uv": [
                    43,
                    57
                  ],
                  "uv_size": [
                    6,
                    12
                  ]
                },
                "west": {
                  "uv": [
                    53,
                    0
                  ],
                  "uv_size": [
                    7,
                    12
                  ]
                },
                "up": {
                  "uv": [
                    58,
                    80
                  ],
                  "uv_size": [
                    6,
                    7
                  ]
                },
                "down": {
                  "uv": [
                    6,
                    88
                  ],
                  "uv_size": [
                    6,
                    -7
                  ]
                }
              }
            },
            {
              "origin": [
                7,
                3,
                -3
              ],
              "size": [
                6,
                9,
                7
              ],
              "uv": {
                "north": {
                  "uv": [
                    76,
                    58
                  ],
                  "uv_size": [
                    6,
                    8
                  ]
                },
                "east": {
                  "uv": [
                    30,
                    75
                  ],
                  "uv_size": [
                    7,
                    8
                  ]
                },
                "south": {
                  "uv": [
                    0,
                    77
                  ],
                  "uv_size": [
                    6,
                    8
                  ]
                },
                "west": {
                  "uv": [
                    75,
                    43
                  ],
                  "uv_size": [
                    7,
                    8
                  ]
                },
                "up": {
                  "uv": [
                    12,
                    81
                  ],
                  "uv_size": [
                    6,
                    7
                  ]
                },
                "down": {
                  "uv": [
                    81,
                    73
                  ],
                  "uv_size": [
                    6,
                    -7
                  ]
                }
              }
            },
            {
              "origin": [
                9,
                1,
                -1
              ],
              "size": [
                3,
                9,
                3
              ],
              "uv": {
                "north": {
                  "uv": [
                    76,
                    58
                  ],
                  "uv_size": [
                    6,
                    8
                  ]
                },
                "east": {
                  "uv": [
                    30,
                    75
                  ],
                  "uv_size": [
                    7,
                    8
                  ]
                },
                "south": {
                  "uv": [
                    0,
                    77
                  ],
                  "uv_size": [
                    6,
                    8
                  ]
                },
                "west": {
                  "uv": [
                    75,
                    43
                  ],
                  "uv_size": [
                    7,
                    8
                  ]
                },
                "up": {
                  "uv": [
                    12,
                    81
                  ],
                  "uv_size": [
                    6,
                    7
                  ]
                },
                "down": {
                  "uv": [
                    81,
                    73
                  ],
                  "uv_size": [
                    6,
                    -7
                  ]
                }
              }
            },
            {
              "origin": [
                6.8,
                7,
                -3.3
              ],
              "size": [
                4.5,
                8,
                1.5
              ],
              "pivot": [
                3,
                1,
                0
              ],
              "rotation": [
                0,
                0,
                5
              ],
              "uv": {
                "north": {
                  "uv": [
                    82,
                    28
                  ],
                  "uv_size": [
                    5,
                    8
                  ]
                },
                "east": {
                  "uv": [
                    23,
                    84
                  ],
                  "uv_size": [
                    2,
                    8
                  ]
                },
                "south": {
                  "uv": [
                    82,
                    36
                  ],
                  "uv_size": [
                    5,
                    8
                  ]
                },
                "west": {
                  "uv": [
                    25,
                    84
                  ],
                  "uv_size": [
                    2,
                    8
                  ]
                },
                "up": {
                  "uv": [
                    38,
                    67
                  ],
                  "uv_size": [
                    5,
                    2
                  ]
                },
                "down": {
                  "uv": [
                    30,
                    88
                  ],
                  "uv_size": [
                    5,
                    -2
                  ]
                }
              }
            }
          ]
        },
        {
          "name": "bone13",
          "parent": "leftArmArmor",
          "pivot": [
            9,
            2,
            0
          ],
          "cubes": [
            {
              "origin": [
                6,
                -0.5,
                -10
              ],
              "size": [
                7,
                2,
                8
              ],
              "pivot": [
                3,
                1,
                0
              ],
              "rotation": [
                -10,
                -22.5,
                0
              ],
              "uv": {
                "north": {
                  "uv": [
                    78,
                    85
                  ],
                  "uv_size": [
                    7,
                    2
                  ]
                },
                "east": {
                  "uv": [
                    82,
                    64
                  ],
                  "uv_size": [
                    11,
                    2
                  ]
                },
                "south": {
                  "uv": [
                    85,
                    80
                  ],
                  "uv_size": [
                    7,
                    2
                  ]
                },
                "west": {
                  "uv": [
                    84,
                    15
                  ],
                  "uv_size": [
                    11,
                    2
                  ]
                },
                "up": {
                  "uv": [
                    12,
                    53
                  ],
                  "uv_size": [
                    7,
                    11
                  ]
                },
                "down": {
                  "uv": [
                    19,
                    64
                  ],
                  "uv_size": [
                    7,
                    -11
                  ]
                }
              }
            },
            {
              "origin": [
                -8,
                -5.5,
                -11
              ],
              "size": [
                2,
                7,
                2
              ],
              "pivot": [
                -3,
                -2,
                0
              ],
              "rotation": [
                -61.64332,
                4.66416,
                96.0381
              ],
              "uv": [
                63,
                22
              ]
            },
            {
              "origin": [
                -12,
                -13.5,
                -16
              ],
              "size": [
                2,
                5,
                2
              ],
              "pivot": [
                -3,
                -2,
                0
              ],
              "rotation": [
                -80.07947,
                -27.99726,
                76.92347
              ],
              "uv": [
                63,
                22
              ]
            },
            {
              "origin": [
                -4,
                -12.5,
                -16
              ],
              "size": [
                2,
                6,
                2
              ],
              "pivot": [
                -3,
                -2,
                0
              ],
              "rotation": [
                -80.74664,
                18.91215,
                84.63976
              ],
              "uv": [
                13,
                73
              ]
            },
            {
              "origin": [
                -5,
                -17.5,
                -17
              ],
              "size": [
                2,
                7,
                2
              ],
              "pivot": [
                -3,
                -2,
                0
              ],
              "rotation": [
                -95.74664,
                18.91215,
                84.63976
              ],
              "uv": [
                13,
                73
              ]
            },
            {
              "origin": [
                -13,
                -16.5,
                -20
              ],
              "size": [
                2,
                7,
                2
              ],
              "pivot": [
                -3,
                -2,
                0
              ],
              "rotation": [
                -84.82017,
                -32.97788,
                76.41287
              ],
              "uv": [
                63,
                22
              ]
            },
            {
              "origin": [
                -9,
                -20.5,
                -20
              ],
              "size": [
                2,
                6,
                2
              ],
              "pivot": [
                -3,
                -2,
                0
              ],
              "rotation": [
                -102.57947,
                -27.99726,
                76.92347
              ],
              "uv": [
                63,
                22
              ]
            },
            {
              "origin": [
                -4,
                -22.5,
                -13
              ],
              "size": [
                2,
                6,
                2
              ],
              "pivot": [
                -3,
                -2,
                0
              ],
              "rotation": [
                -123.24664,
                18.91215,
                84.63976
              ],
              "uv": [
                13,
                73
              ]
            }
          ]
        },
        {
          "name": "head",
          "parent": "body",
          "pivot": [
            0,
            33,
            0
          ]
        },
        {
          "name": "head2",
          "parent": "head",
          "pivot": [
            0,
            29,
            0
          ],
          "cubes": [
            {
              "origin": [
                -2,
                27,
                -7
              ],
              "size": [
                4,
                1,
                8
              ],
              "uv": [
                0,
                170
              ]
            },
            {
              "origin": [
                -0.8,
                28,
                -8
              ],
              "size": [
                2,
                1,
                9
              ],
              "pivot": [
                0,
                28,
                -5
              ],
              "rotation": [
                25,
                0,
                0
              ],
              "uv": [
                41,
                145
              ]
            },
            {
              "origin": [
                -2,
                27,
                -5
              ],
              "size": [
                4,
                5,
                1
              ],
              "uv": [
                55,
                207
              ]
            },
            {
              "origin": [
                -4.5,
                31,
                -7
              ],
              "size": [
                10,
                6,
                8
              ],
              "uv": {
                "north": {
                  "uv": [
                    8,
                    136
                  ],
                  "uv_size": [
                    10,
                    5
                  ]
                },
                "east": {
                  "uv": [
                    0,
                    136
                  ],
                  "uv_size": [
                    8,
                    5
                  ]
                },
                "south": {
                  "uv": [
                    26,
                    136
                  ],
                  "uv_size": [
                    10,
                    5
                  ]
                },
                "west": {
                  "uv": [
                    18,
                    136
                  ],
                  "uv_size": [
                    8,
                    5
                  ]
                },
                "up": {
                  "uv": [
                    8,
                    128
                  ],
                  "uv_size": [
                    10,
                    8
                  ]
                },
                "down": {
                  "uv": [
                    18,
                    136
                  ],
                  "uv_size": [
                    10,
                    -8
                  ]
                }
              }
            },
            {
              "origin": [
                -2.5,
                31.4,
                -8
              ],
              "size": [
                5,
                2,
                1
              ],
              "uv": [
                20,
                141
              ]
            },
            {
              "origin": [
                -2.6,
                31.3,
                -8.2
              ],
              "size": [
                5.2,
                2.2,
                1.2
              ],
              "uv": [
                116,
                253
              ]
            },
            {
              "origin": [
                31.4,
                19,
                -7.2
              ],
              "size": [
                2.2,
                2.2,
                1.2
              ],
              "pivot": [
                0,
                -6,
                -3
              ],
              "rotation": [
                0,
                0,
                -47.5
              ],
              "uv": [
                167,
                253
              ]
            },
            {
              "origin": [
                -5.6,
                33.7,
                -1.2
              ],
              "size": [
                11.2,
                3.2,
                7.2
              ],
              "pivot": [
                0,
                -6,
                -3
              ],
              "rotation": [
                10,
                0,
                0
              ],
              "uv": [
                220,
                246
              ]
            },
            {
              "origin": [
                -0.86603,
                33.5,
                -7.5
              ],
              "size": [
                1,
                3,
                1
              ],
              "pivot": [
                -1,
                33,
                -8
              ],
              "rotation": [
                0,
                0,
                -22.5
              ],
              "uv": [
                24,
                144
              ]
            },
            {
              "origin": [
                2.5,
                31,
                -7.5
              ],
              "size": [
                3,
                2,
                1
              ],
              "uv": [
                0,
                131
              ]
            },
            {
              "origin": [
                -5.5,
                31,
                -7.5
              ],
              "size": [
                3,
                2,
                1
              ],
              "uv": [
                0,
                128
              ]
            },
            {
              "origin": [
                -2,
                27,
                0
              ],
              "size": [
                4,
                13,
                1
              ],
              "uv": [
                60,
                193
              ]
            },
            {
              "origin": [
                -3,
                35.5,
                -7
              ],
              "size": [
                5,
                5,
                8
              ],
              "uv": [
                24,
                141
              ]
            },
            {
              "origin": [
                1.5,
                27,
                -7
              ],
              "size": [
                4,
                1,
                8
              ],
              "pivot": [
                2,
                27,
                -3
              ],
              "rotation": [
                0,
                0,
                -47.5
              ],
              "uv": [
                32,
                168
              ]
            },
            {
              "origin": [
                1.5,
                27,
                0
              ],
              "size": [
                4,
                9,
                1
              ],
              "pivot": [
                2,
                27,
                -3
              ],
              "rotation": [
                0,
                0,
                -47.5
              ],
              "uv": [
                70,
                193
              ]
            },
            {
              "origin": [
                4.99867,
                29.86065,
                -7
              ],
              "size": [
                4,
                2,
                8
              ],
              "pivot": [
                5,
                29,
                -3
              ],
              "rotation": [
                0,
                0,
                -72.5
              ],
              "uv": [
                16,
                166
              ]
            },
            {
              "origin": [
                4.99867,
                30.86065,
                0
              ],
              "size": [
                6,
                8,
                1
              ],
              "pivot": [
                5,
                29,
                -3
              ],
              "rotation": [
                0,
                0,
                -72.5
              ],
              "uv": [
                67,
                165
              ]
            },
            {
              "origin": [
                8.99867,
                28.86065,
                -7
              ],
              "size": [
                3,
                1,
                8
              ],
              "pivot": [
                5,
                29,
                -3
              ],
              "rotation": [
                0,
                0,
                -87.5
              ],
              "uv": [
                48,
                166
              ]
            },
            {
              "origin": [
                6.52286,
                35.90226,
                -7
              ],
              "size": [
                2,
                1,
                8
              ],
              "pivot": [
                6,
                36,
                -3
              ],
              "rotation": [
                0,
                0,
                -157.5
              ],
              "uv": [
                52,
                175
              ]
            },
            {
              "origin": [
                3.67511,
                35.13689,
                -7
              ],
              "size": [
                2,
                2,
                8
              ],
              "pivot": [
                4,
                36,
                -3
              ],
              "rotation": [
                0,
                0,
                -125
              ],
              "uv": [
                0,
                179
              ]
            },
            {
              "origin": [
                4.0368,
                38.28404,
                -7
              ],
              "size": [
                2,
                3,
                8
              ],
              "pivot": [
                4,
                38,
                -3
              ],
              "rotation": [
                0,
                0,
                -150
              ],
              "uv": [
                48,
                155
              ]
            },
            {
              "origin": [
                2.30475,
                37.28404,
                -7
              ],
              "size": [
                2,
                1,
                8
              ],
              "pivot": [
                2,
                38,
                -3
              ],
              "rotation": [
                0,
                0,
                -110
              ],
              "uv": [
                52,
                129
              ]
            },
            {
              "origin": [
                4.5,
                28.5,
                -7
              ],
              "size": [
                4,
                1,
                8
              ],
              "pivot": [
                2,
                27,
                -3
              ],
              "rotation": [
                0,
                0,
                -137.5
              ],
              "uv": [
                36,
                128
              ]
            },
            {
              "origin": [
                -3.49903,
                41.22462,
                -7
              ],
              "size": [
                5,
                1.3,
                8
              ],
              "pivot": [
                2,
                41,
                -3
              ],
              "rotation": [
                0,
                0,
                -132.5
              ],
              "uv": {
                "north": {
                  "uv": [
                    44,
                    136
                  ],
                  "uv_size": [
                    4,
                    1
                  ]
                },
                "east": {
                  "uv": [
                    36,
                    136
                  ],
                  "uv_size": [
                    8,
                    1
                  ]
                },
                "south": {
                  "uv": [
                    56,
                    136
                  ],
                  "uv_size": [
                    4,
                    1
                  ]
                },
                "west": {
                  "uv": [
                    48,
                    136
                  ],
                  "uv_size": [
                    8,
                    1
                  ]
                },
                "up": {
                  "uv": [
                    44,
                    128
                  ],
                  "uv_size": [
                    4,
                    8
                  ]
                },
                "down": {
                  "uv": [
                    48,
                    136
                  ],
                  "uv_size": [
                    4,
                    -8
                  ]
                }
              }
            },
            {
              "origin": [
                -1.44911,
                25.79764,
                -7
              ],
              "size": [
                8,
                1,
                3
              ],
              "pivot": [
                -2,
                27,
                -3
              ],
              "rotation": [
                0,
                0,
                -110
              ],
              "uv": [
                60,
                152
              ]
            },
            {
              "origin": [
                2.34807,
                27,
                -7
              ],
              "size": [
                8,
                1,
                3
              ],
              "pivot": [
                2,
                27,
                -3
              ],
              "rotation": [
                0,
                0,
                -67.5
              ],
              "uv": [
                54,
                147
              ]
            },
            {
              "origin": [
                1.34807,
                27,
                -5
              ],
              "size": [
                6,
                2,
                1
              ],
              "pivot": [
                2,
                27,
                -3
              ],
              "rotation": [
                0,
                0,
                -67.5
              ],
              "uv": [
                42,
                140
              ]
            },
            {
              "origin": [
                -1.44911,
                25.79764,
                -7
              ],
              "size": [
                7,
                1,
                1
              ],
              "pivot": [
                -2,
                27,
                -3
              ],
              "rotation": [
                0,
                0,
                -117.5
              ],
              "uv": [
                36,
                138
              ]
            },
            {
              "origin": [
                4.5,
                19.5,
                0
              ],
              "size": [
                6,
                9,
                1
              ],
              "pivot": [
                2,
                27,
                -3
              ],
              "rotation": [
                0,
                0,
                -137.5
              ],
              "uv": [
                46,
                193
              ]
            },
            {
              "origin": [
                -5.01212,
                26.24542,
                -7
              ],
              "size": [
                4,
                2,
                8
              ],
              "pivot": [
                -5,
                29,
                -3
              ],
              "rotation": [
                0,
                0,
                -105
              ],
              "uv": {
                "north": {
                  "uv": [
                    17.5,
                    173.5
                  ],
                  "uv_size": [
                    4,
                    1
                  ]
                },
                "east": {
                  "uv": [
                    0,
                    41
                  ],
                  "uv_size": [
                    8,
                    1
                  ]
                },
                "south": {
                  "uv": [
                    20,
                    41
                  ],
                  "uv_size": [
                    4,
                    1
                  ]
                },
                "west": {
                  "uv": [
                    12,
                    41
                  ],
                  "uv_size": [
                    8,
                    1
                  ]
                },
                "up": {
                  "uv": [
                    8,
                    33
                  ],
                  "uv_size": [
                    4,
                    8
                  ]
                },
                "down": {
                  "uv": [
                    12,
                    41
                  ],
                  "uv_size": [
                    4,
                    -8
                  ]
                }
              }
            },
            {
              "origin": [
                -6.13464,
                30.31477,
                -7
              ],
              "size": [
                4,
                2,
                8
              ],
              "pivot": [
                -6,
                33,
                -3
              ],
              "rotation": [
                0.43239,
                -0.28107,
                -92.4473
              ],
              "uv": [
                32,
                158
              ]
            },
            {
              "origin": [
                -5.8,
                32.5,
                -6.97911
              ],
              "size": [
                4.3,
                4,
                8
              ],
              "pivot": [
                -6,
                37,
                -3
              ],
              "rotation": [
                0.17193,
                -0.48621,
                -54.94697
              ],
              "uv": [
                16,
                154
              ]
            },
            {
              "origin": [
                -6.13095,
                32.48542,
                0.02089
              ],
              "size": [
                4,
                4,
                1
              ],
              "pivot": [
                -6,
                37,
                -3
              ],
              "rotation": [
                0.17193,
                -0.48621,
                -54.94697
              ],
              "uv": [
                79,
                136
              ]
            }
          ]
        },
        {
          "name": "bone8",
          "parent": "body",
          "pivot": [
            0,
            18,
            -3
          ]
        },
        {
          "name": "bone9",
          "parent": "body",
          "pivot": [
            -2,
            4,
            0
          ],
          "rotation": [
            0,
            0,
            7.5
          ]
        },
        {
          "name": "bone10",
          "parent": "body",
          "pivot": [
            2,
            4,
            0
          ],
          "rotation": [
            0,
            0,
            -5
          ]
        }
      ]
    }
  ]
}