{
  "format_version": "1.12.0",
  "minecraft:geometry": [
    {
      "description": {
        "identifier": "geometry.f_rod",
        "texture_width": 128,
        "texture_height": 128,
        "visible_bounds_width": 3,
        "visible_bounds_height": 4.5,
        "visible_bounds_offset": [
          0,
          1.75,
          0
        ]
      },
      "bones": [
        {
          "name": "body",
          "pivot": [
            0,
            13,
            0
          ],
          "cubes": [
            {
              "origin": [
                -4,
                13,
                -2
              ],
              "size": [
                8,
                16,
                4
              ],
              "uv": [
                0,
                13
              ]
            },
            {
              "origin": [
                -3,
                29,
                -2
              ],
              "size": [
                6,
                1,
                4
              ],
              "uv": [
                60,
                28
              ]
            },
            {
              "origin": [
                -4.2,
                13,
                -2.7
              ],
              "size": [
                8.6,
                1,
                5
              ],
              "uv": {
                "north": {
                  "uv": [
                    34,
                    29
                  ],
                  "uv_size": [
                    8,
                    1
                  ]
                },
                "east": {
                  "uv": [
                    32,
                    29
                  ],
                  "uv_size": [
                    2,
                    1
                  ]
                },
                "south": {
                  "uv": [
                    44,
                    29
                  ],
                  "uv_size": [
                    8,
                    1
                  ]
                },
                "west": {
                  "uv": [
                    42,
                    29
                  ],
                  "uv_size": [
                    2,
                    1
                  ]
                },
                "up": {
                  "uv": [
                    34,
                    27
                  ],
                  "uv_size": [
                    8,
                    2
                  ]
                },
                "down": {
                  "uv": [
                    42,
                    29
                  ],
                  "uv_size": [
                    8,
                    -2
                  ]
                }
              }
            },
            {
              "origin": [
                -4,
                13,
                -2.5
              ],
              "size": [
                8,
                11,
                1
              ],
              "uv": {
                "north": {
                  "uv": [
                    1,
                    62
                  ],
                  "uv_size": [
                    8,
                    10
                  ]
                },
                "east": {
                  "uv": [
                    0,
                    62
                  ],
                  "uv_size": [
                    1,
                    10
                  ]
                },
                "south": {
                  "uv": [
                    10,
                    62
                  ],
                  "uv_size": [
                    8,
                    10
                  ]
                },
                "west": {
                  "uv": [
                    9,
                    62
                  ],
                  "uv_size": [
                    1,
                    10
                  ]
                },
                "up": {
                  "uv": [
                    1,
                    61
                  ],
                  "uv_size": [
                    8,
                    1
                  ]
                },
                "down": {
                  "uv": [
                    9,
                    62
                  ],
                  "uv_size": [
                    8,
                    -1
                  ]
                }
              }
            }
          ]
        },
        {
          "name": "bodyArmor",
          "parent": "body",
          "pivot": [
            -1,
            29,
            -3
          ],
          "rotation": [
            0,
            0,
            2.5
          ],
          "cubes": [
            {
              "origin": [
                -3.2,
                24.69005,
                -2.59721
              ],
              "size": [
                6.5,
                3,
                0
              ],
              "pivot": [
                -1,
                26.38933,
                0.98668
              ],
              "rotation": [
                -0.3199,
                1.35548,
                -22.30602
              ],
              "uv": [
                76,
                75
              ]
            },
            {
              "origin": [
                -3.19675,
                25.41122,
                -2.51332
              ],
              "size": [
                6.5,
                3,
                0
              ],
              "pivot": [
                -1,
                27.38933,
                0.98668
              ],
              "rotation": [
                0,
                0,
                15
              ],
              "uv": [
                68,
                34
              ]
            }
          ]
        },
        {
          "name": "belt",
          "parent": "body",
          "pivot": [
            0,
            29,
            0
          ]
        },
        {
          "name": "rightArm",
          "parent": "body",
          "pivot": [
            -4,
            28,
            0
          ]
        },
        {
          "name": "rightItem",
          "parent": "rightArm",
          "pivot": [
            -6,
            21,
            1
          ]
        },
        {
          "name": "rightArmArmor",
          "parent": "rightArm",
          "pivot": [
            -4,
            28,
            0
          ],
          "cubes": [
            {
              "origin": [
                -8,
                16,
                -2
              ],
              "size": [
                4,
                9,
                4
              ],
              "uv": {
                "north": {
                  "uv": [
                    36,
                    68
                  ],
                  "uv_size": [
                    3,
                    9
                  ]
                },
                "east": {
                  "uv": [
                    32,
                    68
                  ],
                  "uv_size": [
                    4,
                    9
                  ]
                },
                "south": {
                  "uv": [
                    43,
                    68
                  ],
                  "uv_size": [
                    3,
                    9
                  ]
                },
                "west": {
                  "uv": [
                    39,
                    68
                  ],
                  "uv_size": [
                    4,
                    9
                  ]
                },
                "up": {
                  "uv": [
                    36,
                    64
                  ],
                  "uv_size": [
                    3,
                    4
                  ]
                },
                "down": {
                  "uv": [
                    39,
                    68
                  ],
                  "uv_size": [
                    3,
                    -4
                  ]
                }
              }
            },
            {
              "origin": [
                -8,
                13,
                -2
              ],
              "size": [
                4,
                2,
                4
              ],
              "uv": {
                "north": {
                  "uv": [
                    79,
                    19
                  ],
                  "uv_size": [
                    3,
                    2
                  ]
                },
                "east": {
                  "uv": [
                    75,
                    19
                  ],
                  "uv_size": [
                    4,
                    2
                  ]
                },
                "south": {
                  "uv": [
                    86,
                    19
                  ],
                  "uv_size": [
                    3,
                    2
                  ]
                },
                "west": {
                  "uv": [
                    82,
                    19
                  ],
                  "uv_size": [
                    4,
                    2
                  ]
                },
                "up": {
                  "uv": [
                    79,
                    15
                  ],
                  "uv_size": [
                    3,
                    4
                  ]
                },
                "down": {
                  "uv": [
                    82,
                    19
                  ],
                  "uv_size": [
                    3,
                    -4
                  ]
                }
              }
            },
            {
              "origin": [
                -1,
                15,
                -2
              ],
              "size": [
                3,
                2,
                4
              ],
              "pivot": [
                0,
                6,
                0
              ],
              "rotation": [
                0,
                0,
                -50
              ],
              "uv": {
                "north": {
                  "uv": [
                    78,
                    50
                  ],
                  "uv_size": [
                    3,
                    1
                  ]
                },
                "east": {
                  "uv": [
                    74,
                    50
                  ],
                  "uv_size": [
                    4,
                    1
                  ]
                },
                "south": {
                  "uv": [
                    85,
                    50
                  ],
                  "uv_size": [
                    3,
                    1
                  ]
                },
                "west": {
                  "uv": [
                    81,
                    50
                  ],
                  "uv_size": [
                    4,
                    1
                  ]
                },
                "up": {
                  "uv": [
                    78,
                    46
                  ],
                  "uv_size": [
                    3,
                    4
                  ]
                },
                "down": {
                  "uv": [
                    81,
                    50
                  ],
                  "uv_size": [
                    3,
                    -4
                  ]
                }
              }
            },
            {
              "origin": [
                -8.2,
                15,
                -2.3
              ],
              "size": [
                4.5,
                1,
                4.5
              ],
              "uv": {
                "north": {
                  "uv": [
                    26,
                    80
                  ],
                  "uv_size": [
                    3,
                    1
                  ]
                },
                "east": {
                  "uv": [
                    22,
                    80
                  ],
                  "uv_size": [
                    4,
                    1
                  ]
                },
                "south": {
                  "uv": [
                    33,
                    80
                  ],
                  "uv_size": [
                    3,
                    1
                  ]
                },
                "west": {
                  "uv": [
                    29,
                    80
                  ],
                  "uv_size": [
                    4,
                    1
                  ]
                },
                "up": {
                  "uv": [
                    26,
                    76
                  ],
                  "uv_size": [
                    3,
                    4
                  ]
                },
                "down": {
                  "uv": [
                    29,
                    80
                  ],
                  "uv_size": [
                    3,
                    -4
                  ]
                }
              }
            },
            {
              "origin": [
                -8,
                25,
                -2
              ],
              "size": [
                4,
                4,
                4
              ],
              "uv": {
                "north": {
                  "uv": [
                    68,
                    51
                  ],
                  "uv_size": [
                    3,
                    4
                  ]
                },
                "east": {
                  "uv": [
                    64,
                    51
                  ],
                  "uv_size": [
                    4,
                    4
                  ]
                },
                "south": {
                  "uv": [
                    75,
                    51
                  ],
                  "uv_size": [
                    3,
                    4
                  ]
                },
                "west": {
                  "uv": [
                    71,
                    51
                  ],
                  "uv_size": [
                    4,
                    4
                  ]
                },
                "up": {
                  "uv": [
                    68,
                    47.5
                  ],
                  "uv_size": [
                    3,
                    4
                  ]
                },
                "down": {
                  "uv": [
                    71,
                    51
                  ],
                  "uv_size": [
                    3,
                    -4
                  ]
                }
              }
            },
            {
              "origin": [
                -8.2,
                25,
                -2.3
              ],
              "size": [
                4.5,
                1,
                4.5
              ],
              "uv": {
                "north": {
                  "uv": [
                    80,
                    33
                  ],
                  "uv_size": [
                    3,
                    1
                  ]
                },
                "east": {
                  "uv": [
                    76,
                    33
                  ],
                  "uv_size": [
                    4,
                    1
                  ]
                },
                "south": {
                  "uv": [
                    87,
                    33
                  ],
                  "uv_size": [
                    3,
                    1
                  ]
                },
                "west": {
                  "uv": [
                    83,
                    33
                  ],
                  "uv_size": [
                    4,
                    1
                  ]
                },
                "up": {
                  "uv": [
                    80,
                    29
                  ],
                  "uv_size": [
                    3,
                    4
                  ]
                },
                "down": {
                  "uv": [
                    83,
                    33
                  ],
                  "uv_size": [
                    3,
                    -4
                  ]
                }
              }
            }
          ]
        },
        {
          "name": "leftArm",
          "parent": "body",
          "pivot": [
            4,
            28,
            0
          ],
          "mirror": true
        },
        {
          "name": "leftArmArmor",
          "parent": "leftArm",
          "pivot": [
            4,
            28,
            0
          ],
          "mirror": true,
          "cubes": [
            {
              "origin": [
                4,
                16,
                -2
              ],
              "size": [
                4,
                9,
                4
              ],
              "uv": {
                "north": {
                  "uv": [
                    22,
                    67
                  ],
                  "uv_size": [
                    3,
                    9
                  ]
                },
                "east": {
                  "uv": [
                    18,
                    67
                  ],
                  "uv_size": [
                    4,
                    9
                  ]
                },
                "south": {
                  "uv": [
                    29,
                    67
                  ],
                  "uv_size": [
                    3,
                    9
                  ]
                },
                "west": {
                  "uv": [
                    25,
                    67
                  ],
                  "uv_size": [
                    4,
                    9
                  ]
                },
                "up": {
                  "uv": [
                    22,
                    63
                  ],
                  "uv_size": [
                    3,
                    4
                  ]
                },
                "down": {
                  "uv": [
                    25,
                    67
                  ],
                  "uv_size": [
                    3,
                    -4
                  ]
                }
              }
            },
            {
              "origin": [
                4,
                13,
                -2
              ],
              "size": [
                4,
                2,
                4
              ],
              "uv": {
                "north": {
                  "uv": [
                    72,
                    13
                  ],
                  "uv_size": [
                    3,
                    2
                  ]
                },
                "east": {
                  "uv": [
                    68,
                    13
                  ],
                  "uv_size": [
                    4,
                    2
                  ]
                },
                "south": {
                  "uv": [
                    79,
                    13
                  ],
                  "uv_size": [
                    3,
                    2
                  ]
                },
                "west": {
                  "uv": [
                    75,
                    13
                  ],
                  "uv_size": [
                    4,
                    2
                  ]
                },
                "up": {
                  "uv": [
                    72,
                    9
                  ],
                  "uv_size": [
                    3,
                    4
                  ]
                },
                "down": {
                  "uv": [
                    75,
                    13
                  ],
                  "uv_size": [
                    3,
                    -4
                  ]
                }
              }
            },
            {
              "origin": [
                -4,
                15,
                -2
              ],
              "size": [
                3,
                2,
                4
              ],
              "pivot": [
                0,
                6,
                0
              ],
              "rotation": [
                0,
                0,
                62.5
              ],
              "uv": {
                "north": {
                  "uv": [
                    46,
                    79
                  ],
                  "uv_size": [
                    3,
                    1
                  ]
                },
                "east": {
                  "uv": [
                    42,
                    79
                  ],
                  "uv_size": [
                    4,
                    1
                  ]
                },
                "south": {
                  "uv": [
                    53,
                    79
                  ],
                  "uv_size": [
                    3,
                    1
                  ]
                },
                "west": {
                  "uv": [
                    49,
                    79
                  ],
                  "uv_size": [
                    4,
                    1
                  ]
                },
                "up": {
                  "uv": [
                    46,
                    75
                  ],
                  "uv_size": [
                    3,
                    4
                  ]
                },
                "down": {
                  "uv": [
                    49,
                    79
                  ],
                  "uv_size": [
                    3,
                    -4
                  ]
                }
              }
            },
            {
              "origin": [
                3.8,
                15,
                -2.3
              ],
              "size": [
                4.5,
                1,
                4.5
              ],
              "uv": {
                "north": {
                  "uv": [
                    70,
                    79
                  ],
                  "uv_size": [
                    3,
                    1
                  ]
                },
                "east": {
                  "uv": [
                    66,
                    79
                  ],
                  "uv_size": [
                    4,
                    1
                  ]
                },
                "south": {
                  "uv": [
                    77,
                    79
                  ],
                  "uv_size": [
                    3,
                    1
                  ]
                },
                "west": {
                  "uv": [
                    73,
                    79
                  ],
                  "uv_size": [
                    4,
                    1
                  ]
                },
                "up": {
                  "uv": [
                    70,
                    75
                  ],
                  "uv_size": [
                    3,
                    4
                  ]
                },
                "down": {
                  "uv": [
                    73,
                    79
                  ],
                  "uv_size": [
                    3,
                    -4
                  ]
                }
              }
            },
            {
              "origin": [
                4,
                25,
                -2
              ],
              "size": [
                4,
                4,
                4
              ],
              "uv": {
                "north": {
                  "uv": [
                    68,
                    51
                  ],
                  "uv_size": [
                    3,
                    4
                  ]
                },
                "east": {
                  "uv": [
                    64,
                    51
                  ],
                  "uv_size": [
                    4,
                    4
                  ]
                },
                "south": {
                  "uv": [
                    75,
                    51
                  ],
                  "uv_size": [
                    3,
                    4
                  ]
                },
                "west": {
                  "uv": [
                    71,
                    51
                  ],
                  "uv_size": [
                    4,
                    4
                  ]
                },
                "up": {
                  "uv": [
                    68,
                    47
                  ],
                  "uv_size": [
                    3,
                    4
                  ]
                },
                "down": {
                  "uv": [
                    71,
                    51
                  ],
                  "uv_size": [
                    3,
                    -4
                  ]
                }
              }
            },
            {
              "origin": [
                3.8,
                25,
                -2.3
              ],
              "size": [
                4.5,
                1,
                4.5
              ],
              "uv": {
                "north": {
                  "uv": [
                    12,
                    80
                  ],
                  "uv_size": [
                    3,
                    1
                  ]
                },
                "east": {
                  "uv": [
                    8,
                    80
                  ],
                  "uv_size": [
                    4,
                    1
                  ]
                },
                "south": {
                  "uv": [
                    19,
                    80
                  ],
                  "uv_size": [
                    3,
                    1
                  ]
                },
                "west": {
                  "uv": [
                    15,
                    80
                  ],
                  "uv_size": [
                    4,
                    1
                  ]
                },
                "up": {
                  "uv": [
                    12,
                    76
                  ],
                  "uv_size": [
                    3,
                    4
                  ]
                },
                "down": {
                  "uv": [
                    15,
                    80
                  ],
                  "uv_size": [
                    3,
                    -4
                  ]
                }
              }
            }
          ]
        },
        {
          "name": "head",
          "parent": "body",
          "pivot": [
            0,
            29,
            0
          ]
        },
        {
          "name": "head2",
          "parent": "head",
          "pivot": [
            0,
            29,
            0
          ],
          "cubes": [
            {
              "origin": [
                -2,
                29,
                -4
              ],
              "size": [
                4,
                1,
                8
              ],
              "uv": [
                0,
                42
              ]
            },
            {
              "origin": [
                -0.8,
                30,
                -5
              ],
              "size": [
                2,
                1,
                9
              ],
              "pivot": [
                0,
                30,
                -2
              ],
              "rotation": [
                25,
                0,
                0
              ],
              "uv": [
                41,
                17
              ]
            },
            {
              "origin": [
                -2,
                29,
                -2
              ],
              "size": [
                4,
                5,
                1
              ],
              "uv": [
                55,
                79
              ]
            },
            {
              "origin": [
                -4.5,
                33,
                -4
              ],
              "size": [
                10,
                5,
                8
              ],
              "uv": [
                0,
                0
              ]
            },
            {
              "origin": [
                -2.5,
                33.4,
                -5
              ],
              "size": [
                5,
                2,
                1
              ],
              "uv": [
                20,
                13
              ]
            },
            {
              "origin": [
                -2.6,
                33.3,
                -5.2
              ],
              "size": [
                5.2,
                2.2,
                1.2
              ],
              "uv": [
                116,
                125
              ]
            },
            {
              "origin": [
                -0.86603,
                35.5,
                -4.5
              ],
              "size": [
                1,
                3,
                1
              ],
              "pivot": [
                -1,
                35,
                -5
              ],
              "rotation": [
                0,
                0,
                -22.5
              ],
              "uv": [
                24,
                16
              ]
            },
            {
              "origin": [
                0,
                35.57738,
                -4.5
              ],
              "size": [
                1,
                3,
                1
              ],
              "pivot": [
                1,
                35,
                -5
              ],
              "rotation": [
                0,
                0,
                20
              ],
              "uv": [
                0,
                13
              ]
            },
            {
              "origin": [
                2.5,
                33,
                -4.5
              ],
              "size": [
                3,
                2,
                1
              ],
              "uv": [
                0,
                3
              ]
            },
            {
              "origin": [
                -5.5,
                33,
                -4.5
              ],
              "size": [
                3,
                2,
                1
              ],
              "uv": [
                0,
                0
              ]
            },
            {
              "origin": [
                -2,
                29,
                3
              ],
              "size": [
                4,
                13,
                1
              ],
              "uv": [
                60,
                65
              ]
            },
            {
              "origin": [
                -3,
                37.5,
                -4
              ],
              "size": [
                5,
                5,
                8
              ],
              "uv": [
                24,
                13
              ]
            },
            {
              "origin": [
                -5,
                42,
                -2
              ],
              "size": [
                2,
                4,
                4
              ],
              "pivot": [
                -2,
                43,
                0
              ],
              "rotation": [
                0,
                0,
                -25
              ],
              "uv": [
                72,
                55
              ]
            },
            {
              "origin": [
                -3.5,
                41.5,
                -1
              ],
              "size": [
                1.5,
                4,
                3
              ],
              "pivot": [
                -2,
                43,
                0
              ],
              "rotation": [
                0,
                0,
                -17.5
              ],
              "uv": [
                104,
                121
              ]
            },
            {
              "origin": [
                -3,
                41.5,
                -2
              ],
              "size": [
                2,
                4,
                4
              ],
              "pivot": [
                -2,
                43,
                0
              ],
              "rotation": [
                1.27956,
                1.66944,
                4.71809
              ],
              "uv": [
                0,
                72
              ]
            },
            {
              "origin": [
                1.5,
                29,
                -4
              ],
              "size": [
                4,
                1,
                8
              ],
              "pivot": [
                2,
                29,
                0
              ],
              "rotation": [
                0,
                0,
                -47.5
              ],
              "uv": [
                32,
                40
              ]
            },
            {
              "origin": [
                1.5,
                29,
                3
              ],
              "size": [
                4,
                9,
                1
              ],
              "pivot": [
                2,
                29,
                0
              ],
              "rotation": [
                0,
                0,
                -47.5
              ],
              "uv": [
                70,
                65
              ]
            },
            {
              "origin": [
                4.99867,
                31.86065,
                -4
              ],
              "size": [
                4,
                2,
                8
              ],
              "pivot": [
                5,
                31,
                0
              ],
              "rotation": [
                0,
                0,
                -72.5
              ],
              "uv": [
                16,
                38
              ]
            },
            {
              "origin": [
                4.99867,
                32.86065,
                3
              ],
              "size": [
                6,
                8,
                1
              ],
              "pivot": [
                5,
                31,
                0
              ],
              "rotation": [
                0,
                0,
                -72.5
              ],
              "uv": [
                67,
                37
              ]
            },
            {
              "origin": [
                8.99867,
                30.86065,
                -4
              ],
              "size": [
                3,
                1,
                8
              ],
              "pivot": [
                5,
                31,
                0
              ],
              "rotation": [
                0,
                0,
                -87.5
              ],
              "uv": [
                48,
                38
              ]
            },
            {
              "origin": [
                6.52286,
                37.90226,
                -4
              ],
              "size": [
                2,
                1,
                8
              ],
              "pivot": [
                6,
                38,
                0
              ],
              "rotation": [
                0,
                0,
                -157.5
              ],
              "uv": [
                52,
                47
              ]
            },
            {
              "origin": [
                3.67511,
                37.13689,
                -4
              ],
              "size": [
                2,
                2,
                8
              ],
              "pivot": [
                4,
                38,
                0
              ],
              "rotation": [
                0,
                0,
                -125
              ],
              "uv": [
                0,
                51
              ]
            },
            {
              "origin": [
                4.0368,
                40.28404,
                -4
              ],
              "size": [
                2,
                3,
                8
              ],
              "pivot": [
                4,
                40,
                0
              ],
              "rotation": [
                0,
                0,
                -150
              ],
              "uv": [
                48,
                27
              ]
            },
            {
              "origin": [
                2.30475,
                39.28404,
                -4
              ],
              "size": [
                2,
                1,
                8
              ],
              "pivot": [
                2,
                40,
                0
              ],
              "rotation": [
                0,
                0,
                -110
              ],
              "uv": [
                52,
                1
              ]
            },
            {
              "origin": [
                4.5,
                30.5,
                -4
              ],
              "size": [
                4,
                1,
                8
              ],
              "pivot": [
                2,
                29,
                0
              ],
              "rotation": [
                0,
                0,
                -137.5
              ],
              "uv": [
                36,
                0
              ]
            },
            {
              "origin": [
                -1.44911,
                27.79764,
                -4
              ],
              "size": [
                8,
                1,
                3
              ],
              "pivot": [
                -2,
                29,
                0
              ],
              "rotation": [
                0,
                0,
                -110
              ],
              "uv": [
                60,
                24
              ]
            },
            {
              "origin": [
                2.34807,
                29,
                -4
              ],
              "size": [
                8,
                1,
                3
              ],
              "pivot": [
                2,
                29,
                0
              ],
              "rotation": [
                0,
                0,
                -67.5
              ],
              "uv": [
                54,
                19
              ]
            },
            {
              "origin": [
                1.34807,
                29,
                -2
              ],
              "size": [
                6,
                2,
                1
              ],
              "pivot": [
                2,
                29,
                0
              ],
              "rotation": [
                0,
                0,
                -67.5
              ],
              "uv": [
                42,
                12
              ]
            },
            {
              "origin": [
                -1.44911,
                27.79764,
                -4
              ],
              "size": [
                7,
                1,
                1
              ],
              "pivot": [
                -2,
                29,
                0
              ],
              "rotation": [
                0,
                0,
                -117.5
              ],
              "uv": [
                36,
                10
              ]
            },
            {
              "origin": [
                4.5,
                21.5,
                3
              ],
              "size": [
                6,
                9,
                1
              ],
              "pivot": [
                2,
                29,
                0
              ],
              "rotation": [
                0,
                0,
                -137.5
              ],
              "uv": [
                46,
                65
              ]
            },
            {
              "origin": [
                -5.01212,
                28.24542,
                -4
              ],
              "size": [
                4,
                2,
                8
              ],
              "pivot": [
                -5,
                31,
                0
              ],
              "rotation": [
                0,
                0,
                -105
              ],
              "uv": {
                "north": {
                  "uv": [
                    8,
                    41
                  ],
                  "uv_size": [
                    4,
                    1
                  ]
                },
                "east": {
                  "uv": [
                    0,
                    41
                  ],
                  "uv_size": [
                    8,
                    1
                  ]
                },
                "south": {
                  "uv": [
                    20,
                    41
                  ],
                  "uv_size": [
                    4,
                    1
                  ]
                },
                "west": {
                  "uv": [
                    12,
                    41
                  ],
                  "uv_size": [
                    8,
                    1
                  ]
                },
                "up": {
                  "uv": [
                    8,
                    33
                  ],
                  "uv_size": [
                    4,
                    8
                  ]
                },
                "down": {
                  "uv": [
                    12,
                    41
                  ],
                  "uv_size": [
                    4,
                    -8
                  ]
                }
              }
            },
            {
              "origin": [
                -6.13464,
                32.31477,
                -4
              ],
              "size": [
                4,
                2,
                8
              ],
              "pivot": [
                -6,
                35,
                0
              ],
              "rotation": [
                0.43239,
                -0.28107,
                -92.4473
              ],
              "uv": [
                32,
                30
              ]
            },
            {
              "origin": [
                -5.8,
                34.5,
                -3.97911
              ],
              "size": [
                4.3,
                4,
                8
              ],
              "pivot": [
                -6,
                39,
                0
              ],
              "rotation": [
                0.17193,
                -0.48621,
                -54.94697
              ],
              "uv": [
                16,
                26
              ]
            },
            {
              "origin": [
                -6.13095,
                34.48542,
                3.02089
              ],
              "size": [
                4,
                4,
                1
              ],
              "pivot": [
                -6,
                39,
                0
              ],
              "rotation": [
                0.17193,
                -0.48621,
                -54.94697
              ],
              "uv": [
                79,
                8
              ]
            }
          ]
        },
        {
          "name": "bone8",
          "parent": "body",
          "pivot": [
            0,
            14,
            -3
          ],
          "cubes": [
            {
              "origin": [
                -4.2,
                5,
                -2.5
              ],
              "size": [
                8.4,
                9,
                0
              ],
              "uv": [
                64,
                0
              ]
            }
          ]
        },
        {
          "name": "bone9",
          "parent": "body",
          "pivot": [
            -2,
            0,
            0
          ],
          "rotation": [
            0,
            0,
            7.5
          ],
          "cubes": [
            {
              "origin": [
                -6,
                23,
                -2.5
              ],
              "size": [
                1,
                5.2,
                1
              ],
              "uv": [
                4,
                33
              ]
            }
          ]
        },
        {
          "name": "bone10",
          "parent": "body",
          "pivot": [
            2,
            0,
            0
          ],
          "rotation": [
            0,
            0,
            -5
          ],
          "cubes": [
            {
              "origin": [
                4,
                23,
                -2.5
              ],
              "size": [
                1,
                5.3,
                1
              ],
              "uv": [
                0,
                33
              ]
            }
          ]
        },
        {
          "name": "leftLeg",
          "pivot": [
            1.9,
            13,
            0
          ],
          "mirror": true
        },
        {
          "name": "leftLegging",
          "parent": "leftLeg",
          "pivot": [
            1.9,
            13,
            0
          ],
          "mirror": true,
          "cubes": [
            {
              "origin": [
                -0.1,
                3,
                -2
              ],
              "size": [
                4,
                10,
                4
              ],
              "uv": [
                20,
                47
              ],
              "mirror": false
            }
          ]
        },
        {
          "name": "leftBoot",
          "parent": "leftLegging",
          "pivot": [
            1.9,
            3,
            0
          ],
          "mirror": true,
          "cubes": [
            {
              "origin": [
                -0.1,
                0,
                -4
              ],
              "size": [
                4,
                3,
                6
              ],
              "pivot": [
                0,
                0,
                0
              ],
              "rotation": [
                0,
                -12.5,
                0
              ],
              "uv": [
                52,
                56
              ],
              "mirror": false
            }
          ]
        },
        {
          "name": "leftSock",
          "parent": "leftLeg",
          "pivot": [
            1.9,
            12,
            0
          ],
          "mirror": true
        },
        {
          "name": "rightLeg",
          "pivot": [
            -1.9,
            13,
            0
          ]
        },
        {
          "name": "rightLegging",
          "parent": "rightLeg",
          "pivot": [
            -1.9,
            13,
            0
          ],
          "cubes": [
            {
              "origin": [
                -3.9,
                3,
                -2
              ],
              "size": [
                4,
                10,
                4
              ],
              "uv": [
                20,
                47
              ]
            }
          ]
        },
        {
          "name": "rightBoot",
          "parent": "rightLegging",
          "pivot": [
            -1.9,
            3,
            0
          ],
          "cubes": [
            {
              "origin": [
                -3.9,
                0,
                -4
              ],
              "size": [
                4,
                3,
                6
              ],
              "pivot": [
                0,
                0,
                0
              ],
              "rotation": [
                0,
                5,
                0
              ],
              "uv": [
                54,
                10
              ]
            }
          ]
        },
        {
          "name": "rightSock",
          "parent": "rightLeg",
          "pivot": [
            -1.9,
            12,
            0
          ]
        }
      ]
    }
  ]
}