{
	"format_version": "1.20.30",
	"minecraft:item": {
		"description": {
			"identifier": "fv:book_of_cleric",
			"menu_category": {
				"category": "equipment"
			}
		},
		"components": {
			"minecraft:icon": {
				"texture": "fv_book_of_cleric"
			},
			"minecraft:max_stack_size": 64,
			"minecraft:glint": true,
			"minecraft:on_use": {
				"on_use": {
					"event": "use"
				}
			},
			"minecraft:interact_button": true
		},
		"events": {
			"use": {
				"sequence": [
					{
						"add_mob_effect": {
							"effect": "absorption",
							"amplifier": 2,
							"duration": 30,
							"target": "holder"
						}
					},
					{
						"add_mob_effect": {
							"effect": "resistance",
							"amplifier": 0,
							"duration": 20,
							"target": "holder"
						}
					},
					{
						"add_mob_effect": {
							"effect": "regeneration",
							"amplifier": 1,
							"duration": 10,
							"target": "holder"
						}
					},
					{
						"run_command": {
							"command": [
								"clear @s fv:book_of_cleric 0 1"
							]
						}
					}
				]
			}
		}
	}
}