{
	"format_version": "1.20.30",
	"minecraft:item": {
		"description": {
			"identifier": "fv:captain_scroll",
			"menu_category": {
				"category": "equipment"
			}
		},
		"components": {
			"minecraft:icon": {
				"texture": "fv_captain_scroll"
			},
			"minecraft:max_stack_size": 64,
			"minecraft:glint": true,
			"minecraft:on_use": {
				"on_use": {
					"event": "level_up"
				}
			}
		},
		"events": {
			"level_up": {
				"run_command": {
					"command": [
						"execute if entity @e[family=irongolem,family=swordman,c=1,r=4] run event entity @e[family=irongolem,family=swordman,c=1,r=4] become_captain",
						"execute if entity @e[family=irongolem,family=swordman,c=1,r=4] run playsound random.levelup @a ~ ~ ~ 50",
						"execute if entity @e[family=irongolem,family=swordman,c=1,r=4] run clear @s fv:captain_scroll 0 1",
						"execute unless entity @e[family=irongolem,family=swordman,r=4] run title @s actionbar You need to stay near your swordman soldier"
					]
				}
			}
		}
	}
}