{
	"format_version": "1.20.30",
	"minecraft:item": {
		"description": {
			"identifier": "fv:guard_medal",
			"menu_category": {
				"category": "equipment"
			}
		},
		"components": {
			"minecraft:icon": {
				"texture": "fv_guard_medal"
			},
			"minecraft:glint": true,
			"minecraft:max_stack_size": 16,
			"minecraft:on_use": {
				"on_use": {
					"event": "level_up"
				}
			}
		},
		"events": {
			"level_up": {
				"run_command": {
					"command": [
						"execute if entity @e[family=becomeguard,c=1,r=4] run event entity @e[family=becomeguard,c=1,r=4] become_guard",
						"execute if entity @e[family=becomeguard,c=1,r=4] run playsound beacon.activate @a ~ ~ ~ 50",
						"execute if entity @e[family=becomeguard,c=1,r=4] run clear @s fv:guard_medal 0 1",
						"execute unless entity @e[family=becomeguard,r=4] run title @s actionbar You need to stay near your soldier who you need to upgrade"
					]
				}
			}
		}
	}
}