{
	"format_version": "1.18.0",
	"minecraft:item": {
		"description": {
			"identifier": "rifle:crossbow"
		},
		"components": {
			"minecraft:creative_category": {
				"category": "equipment"
			},
			"minecraft:icon": {
				"texture": "fv_rifle"
			},
			"minecraft:hand_equipped": true,
			"minecraft:max_stack_size": 1,
			"minecraft:shooter": {
				"ammunition": [
					{
						"item": "fv:bullet",
						"search_inventory": true,
						"use_in_creative": true
					}
				],
				"charge_on_draw": true,
				"max_draw_duration": 1.5,
				"launch_power_scale": 1
			},
			"minecraft:use_animation": "crossbow",
			"minecraft:use_duration": 1.5,
			"minecraft:on_use": {
				"on_use": {
					"event": "use"
				}
			},
			"minecraft:durability": {
				"max_durability": 500,
				"damage_chance": {
					"min": 10,
					"max": 20
				}
			}
		},
		"events": {
			"use": {
				"sequence": [
					{
						"condition": "!query.item_is_charged",
						"run_command": {
							"command": [
								"playsound rifle.load @a ~ ~ ~ 20"
							]
						}
					}
				]
			}
		}
	}
}