{
	"format_version": "1.12.0",
	"minecraft:geometry": [
		{
			"description": {
				"identifier": "geometry.conveyor_seed",
				"texture_width": 64,
				"texture_height": 64,
				"visible_bounds_width": 3,
				"visible_bounds_height": 2.5,
				"visible_bounds_offset": [0, 0.75, 0]
			},
			"bones": [
				{
					"name": "block",
					"pivot": [0, 0, 0],
					"cubes": [
						{"origin": [-8, 0, -8], "size": [16, 8, 16], "uv": [0, 0]},
						{"origin": [-8, 8, -8], "size": [16, 3, 16], "inflate": 0.1, "uv": [0, 45]},
						{"origin": [-1, 8, 0], "size": [1, 3, 8], "inflate": 0.1, "uv": [46, 30]},
						{"origin": [-8, 8, -1], "size": [8, 8, 9], "uv": [0, 24]}
					]
				},
				{
					"name": "packet",
					"parent": "block",
					"pivot": [4, 8, 0.9],
					"cubes": [
						{"origin": [-6.5, 8, -0.1], "size": [5, 5, 1], "uv": [52, 24]}
					]
				},
				{
					"name": "packet2",
					"parent": "block",
					"pivot": [4, 8, 1.9],
					"cubes": [
						{"origin": [-6.5, 8, 0.9], "size": [5, 5, 1], "uv": [52, 24]}
					]
				},
				{
					"name": "packet3",
					"parent": "block",
					"pivot": [4, 8, 2.9],
					"cubes": [
						{"origin": [-6.5, 8, 1.9], "size": [5, 5, 1], "uv": [52, 24]}
					]
				},
				{
					"name": "packet4",
					"parent": "block",
					"pivot": [4, 8, 3.9],
					"cubes": [
						{"origin": [-6.5, 8, 2.9], "size": [5, 5, 1], "uv": [52, 24]}
					]
				},
				{
					"name": "packet5",
					"parent": "block",
					"pivot": [4, 8, 4.9],
					"cubes": [
						{"origin": [-6.5, 8, 3.9], "size": [5, 5, 1], "uv": [52, 24]}
					]
				},
				{
					"name": "packet6",
					"parent": "block",
					"pivot": [4, 8, 5.9],
					"cubes": [
						{"origin": [-6.5, 8, 4.9], "size": [5, 5, 1], "uv": [52, 24]}
					]
				},
				{
					"name": "packet7",
					"parent": "block",
					"pivot": [4, 8, 6.9],
					"cubes": [
						{"origin": [-6.5, 8, 5.9], "size": [5, 5, 1], "uv": [52, 24]}
					]
				}
			]
		}
	]
}