{
	"format_version": "1.12.0",
	"minecraft:geometry": [
		{
			"description": {
				"identifier": "geometry.dave",
				"texture_width": 64,
				"texture_height": 64,
				"visible_bounds_width": 3,
				"visible_bounds_height": 3.5,
				"visible_bounds_offset": [0, 1.25, 0]
			},
			"bones": [
				{
					"name": "head",
					"pivot": [0, 24, 0],
					"mirror": true,
					"cubes": [
						{"origin": [-4, 24, -4], "size": [8, 8, 8], "uv": [0, 0], "mirror": false},
						{"origin": [-4.5, 23, -4.5], "size": [9, 4, 5], "uv": [36, 0]},
						{"origin": [-1, 31, -10.5], "size": [2, 1, 6], "uv": [48, 57]},
						{"origin": [-4.5, 29, -4.5], "size": [9, 6, 9], "uv": [0, 49]}
					]
				},
				{
					"name": "body",
					"pivot": [0, 24, 0],
					"mirror": true,
					"cubes": [
						{"origin": [-4, 12, -2], "size": [8, 12, 4], "uv": [16, 16]},
						{"origin": [-4, 13, -3], "size": [8, 8, 1], "uv": [19, 22]}
					]
				},
				{
					"name": "leftArm",
					"pivot": [-5, 22, 0],
					"mirror": true,
					"cubes": [
						{"origin": [-8, 22, -18], "size": [4, 8, 4], "pivot": [0, 6, -16], "rotation": [-45, 0, 0], "uv": [48, 10], "mirror": false},
						{"origin": [2, 46, -8], "size": [4, 6, 3], "inflate": -0.01, "pivot": [15, 29, -5], "rotation": [-5, 0, -90], "uv": [50, 23]}
					]
				},
				{
					"name": "rightArm",
					"pivot": [5, 22, 0],
					"mirror": true,
					"cubes": [
						{"origin": [4, 23, -18], "size": [4, 7, 4], "pivot": [0, 6, -16], "rotation": [-45, 0, 0], "uv": [48, 10]},
						{"origin": [22.4, 6.25, -3.5], "size": [4, 7, 3], "pivot": [19, 24, -5], "rotation": [-10, 0, 90], "uv": [50, 23]}
					]
				},
				{
					"name": "leg0",
					"pivot": [-1.9, 12, 0],
					"mirror": true,
					"cubes": [
						{"origin": [-3.9, 0, -2], "size": [4, 12, 4], "uv": [0, 16], "mirror": false},
						{"origin": [-3.9, 0, -5], "size": [4, 3, 3], "uv": [0, 38], "mirror": false}
					]
				},
				{
					"name": "leg1",
					"pivot": [1.9, 12, 0],
					"mirror": true,
					"cubes": [
						{"origin": [-0.1, 0, -2], "size": [4, 12, 4], "uv": [0, 16]},
						{"origin": [-0.1, 0, -5], "size": [4, 3, 3], "uv": [0, 38]}
					]
				}
			]
		}
	]
}