{
	"format_version": "1.12.0",
	"minecraft:geometry": [
		{
			"description": {
				"identifier": "geometry.doom_explosion",
				"texture_width": 128,
				"texture_height": 128,
				"visible_bounds_width": 5,
				"visible_bounds_height": 7,
				"visible_bounds_offset": [0, 2.5, 0]
			},
			"bones": [
				{
					"name": "bone",
					"pivot": [0, 0, 0],
					"cubes": [
						{
							"origin": [-8, 0.25, -8],
							"size": [16, 16, 16],
							"uv": {
								"north": {"uv": [24, 104], "uv_size": [16, 16]},
								"east": {"uv": [24, 104], "uv_size": [16, 16]},
								"south": {"uv": [24, 104], "uv_size": [16, 16]},
								"west": {"uv": [24, 104], "uv_size": [16, 16]},
								"up": {"uv": [24, 104], "uv_size": [16, 16]},
								"down": {"uv": [24, 120], "uv_size": [16, -16]}
							}
						}
					]
				},
				{
					"name": "bone2",
					"parent": "bone",
					"pivot": [-1.15076, 0, 0.26346],
					"cubes": [
						{
							"origin": [-16, 0, -16],
							"size": [32, 8, 32],
							"uv": {
								"north": {"uv": [96, 0], "uv_size": [32, 8]},
								"east": {"uv": [96, 0], "uv_size": [32, 8]},
								"south": {"uv": [96, 0], "uv_size": [32, 8]},
								"west": {"uv": [96, 0], "uv_size": [32, 8]},
								"up": {"uv": [0, 0], "uv_size": [32, 32]},
								"down": {"uv": [32, 32], "uv_size": [32, -32]}
							}
						},
						{
							"origin": [-26.15076, 0, -0.73654],
							"size": [51, 11, 0],
							"pivot": [-1.15076, 0, 0.26346],
							"rotation": [0, -45, 0],
							"uv": {
								"north": {"uv": [80, 74], "uv_size": [-51, 11]},
								"east": {"uv": [147, 0], "uv_size": [0, 11]},
								"south": {"uv": [128, 86], "uv_size": [0, 0]},
								"west": {"uv": [96, 0], "uv_size": [0, 11]},
								"up": {"uv": [147, 0], "uv_size": [-51, 0]},
								"down": {"uv": [198, 0], "uv_size": [-51, 0]}
							}
						},
						{
							"origin": [-24.84924, 0, -0.73654],
							"size": [51, 11, 0],
							"pivot": [1.15076, 0, 0.26346],
							"rotation": [0, 45, 0],
							"uv": {
								"north": {"uv": [29, 74], "uv_size": [51, 11]},
								"east": {"uv": [96, 0], "uv_size": [0, 11]},
								"south": {"uv": [128, 75], "uv_size": [0, 0]},
								"west": {"uv": [147, 0], "uv_size": [0, 11]},
								"up": {"uv": [96, 0], "uv_size": [51, 0]},
								"down": {"uv": [147, 0], "uv_size": [51, 0]}
							}
						}
					]
				},
				{
					"name": "bone3",
					"parent": "bone",
					"pivot": [0, 0, 0],
					"cubes": [
						{
							"origin": [-6.63604, 16.25, -2.05025],
							"size": [16, 40, 0],
							"pivot": [-1.63604, 0.25, -3.05025],
							"rotation": [0, -45, 0],
							"uv": {
								"north": {"uv": [104, 80], "uv_size": [16, 40]},
								"east": {"uv": [224, 0], "uv_size": [0, 40]},
								"south": {"uv": [128, 61], "uv_size": [0, 0]},
								"west": {"uv": [240, 0], "uv_size": [0, 40]},
								"up": {"uv": [224, 0], "uv_size": [16, 0]},
								"down": {"uv": [240, 0], "uv_size": [16, 0]}
							}
						},
						{
							"origin": [-9.36396, 16.25, -2.05025],
							"size": [16, 40, 0],
							"pivot": [1.63604, 0.25, -3.05025],
							"rotation": [0, 45, 0],
							"uv": {
								"north": {"uv": [104, 80], "uv_size": [16, 40]},
								"east": {"uv": [128, 71], "uv_size": [0, 0]},
								"south": {"uv": [127, 72], "uv_size": [1, -1]},
								"west": {"uv": [127, 72], "uv_size": [0, 0]},
								"up": {"uv": [128, 71], "uv_size": [0, 0]},
								"down": {"uv": [128, 70], "uv_size": [0, 0]}
							}
						},
						{
							"origin": [-8, 40.25, -8],
							"size": [16, 16, 16],
							"uv": {
								"north": {"uv": [0, 104], "uv_size": [16, 16]},
								"east": {"uv": [0, 104], "uv_size": [16, 16]},
								"south": {"uv": [0, 104], "uv_size": [16, 16]},
								"west": {"uv": [0, 104], "uv_size": [16, 16]},
								"up": {"uv": [128, 62], "uv_size": [0, 0]},
								"down": {"uv": [128, 61], "uv_size": [0, 0]}
							}
						}
					]
				},
				{
					"name": "bone4",
					"parent": "bone",
					"pivot": [0, 0, 0],
					"cubes": [
						{
							"origin": [-11, 26.25, -11],
							"size": [22, 8, 22],
							"inflate": 3,
							"uv": {
								"north": {"uv": [106, 40], "uv_size": [22, 8]},
								"east": {"uv": [106, 40], "uv_size": [22, 8]},
								"south": {"uv": [106, 40], "uv_size": [22, 8]},
								"west": {"uv": [106, 40], "uv_size": [22, 8]},
								"up": {"uv": [128, 63], "uv_size": [0, 0]},
								"down": {"uv": [132, 113], "uv_size": [22, -22]}
							}
						}
					]
				},
				{
					"name": "bone5",
					"parent": "bone",
					"pivot": [0, 0, 0],
					"cubes": [
						{
							"origin": [-20, 56, -20],
							"size": [40, 12, 40],
							"uv": {
								"north": {"uv": [88, 12], "uv_size": [40, 12]},
								"east": {"uv": [88, 12], "uv_size": [40, 12]},
								"south": {"uv": [88, 12], "uv_size": [40, 12]},
								"west": {"uv": [88, 12], "uv_size": [40, 12]},
								"up": {"uv": [0, 33], "uv_size": [40, 40]},
								"down": {"uv": [40, 73], "uv_size": [40, -40]}
							}
						},
						{
							"origin": [-14, 68, -14],
							"size": [28, 7, 28],
							"uv": {
								"north": {"uv": [100, 25], "uv_size": [28, 7]},
								"east": {"uv": [100, 25], "uv_size": [28, 7]},
								"south": {"uv": [100, 25], "uv_size": [28, 7]},
								"west": {"uv": [100, 25], "uv_size": [28, 7]},
								"up": {"uv": [0, 74], "uv_size": [28, 28]},
								"down": {"uv": [128, 54], "uv_size": [0, 0]}
							}
						},
						{
							"origin": [-23.84924, 68, -0.73654],
							"size": [49, 11, 0],
							"pivot": [1.15076, 68, 0.26346],
							"rotation": [0, 45, 0],
							"uv": {
								"north": {"uv": [29, 87], "uv_size": [51, 11]},
								"east": {"uv": [127, 61], "uv_size": [0, 0]},
								"south": {"uv": [128, 61], "uv_size": [0, 0]},
								"west": {"uv": [128, 61], "uv_size": [0, 0]},
								"up": {"uv": [128, 60], "uv_size": [0, 0]},
								"down": {"uv": [128, 62], "uv_size": [0, 0]}
							}
						},
						{
							"origin": [-30.84924, 56, -0.73654],
							"size": [7, 15, 0],
							"pivot": [1.15076, 68, 0.26346],
							"rotation": [0, 45, 0],
							"uv": {
								"north": {"uv": [55, 104], "uv_size": [-7, 15]},
								"east": {"uv": [203, 0], "uv_size": [0, 15]},
								"south": {"uv": [128, 68], "uv_size": [0, 0]},
								"west": {"uv": [196, 0], "uv_size": [0, 15]},
								"up": {"uv": [203, 0], "uv_size": [-7, 0]},
								"down": {"uv": [210, 0], "uv_size": [-7, 0]}
							}
						},
						{
							"origin": [25.15076, 56, -0.73654],
							"size": [7, 15, 0],
							"pivot": [1.15076, 68, 0.26346],
							"rotation": [0, 45, 0],
							"uv": {
								"north": {"uv": [48, 104], "uv_size": [7, 15]},
								"east": {"uv": [196, 0], "uv_size": [0, 15]},
								"south": {"uv": [126, 68], "uv_size": [2, 0]},
								"west": {"uv": [203, 0], "uv_size": [0, 15]},
								"up": {"uv": [196, 0], "uv_size": [7, 0]},
								"down": {"uv": [203, 0], "uv_size": [7, 0]}
							}
						},
						{
							"origin": [-25.15076, 68, -0.73654],
							"size": [48, 11, 0],
							"pivot": [-1.15076, 68, 0.26346],
							"rotation": [0, -45, 0],
							"uv": {
								"north": {"uv": [80, 87], "uv_size": [-50, 11]},
								"east": {"uv": [128, 59], "uv_size": [0, 0]},
								"south": {"uv": [128, 58], "uv_size": [0, 0]},
								"west": {"uv": [128, 59], "uv_size": [-1, 0]},
								"up": {"uv": [128, 59], "uv_size": [0, 0]},
								"down": {"uv": [196, 13], "uv_size": [-50, 0]}
							}
						},
						{
							"origin": [22.84924, 56, -0.73654],
							"size": [8, 15, 0],
							"pivot": [-1.15076, 68, 0.26346],
							"rotation": [0, -45, 0],
							"uv": {
								"north": {"uv": [48, 104], "uv_size": [7, 15]},
								"east": {"uv": [196, 0], "uv_size": [0, 15]},
								"south": {"uv": [126, 68], "uv_size": [2, 0]},
								"west": {"uv": [203, 0], "uv_size": [0, 15]},
								"up": {"uv": [196, 0], "uv_size": [7, 0]},
								"down": {"uv": [203, 0], "uv_size": [7, 0]}
							}
						},
						{
							"origin": [-33.15076, 56, -0.73654],
							"size": [8, 15, 0],
							"pivot": [-1.15076, 68, 0.26346],
							"rotation": [0, -45, 0],
							"uv": {
								"north": {"uv": [55, 104], "uv_size": [-7, 15]},
								"east": {"uv": [203, 0], "uv_size": [0, 15]},
								"south": {"uv": [128, 68], "uv_size": [0, 0]},
								"west": {"uv": [196, 0], "uv_size": [0, 15]},
								"up": {"uv": [203, 0], "uv_size": [-7, 0]},
								"down": {"uv": [210, 0], "uv_size": [-7, 0]}
							}
						}
					]
				}
			]
		}
	]
}