{
	"format_version": "1.10.0",
	"geometry.hammer": {
		"texturewidth": 32,
		"textureheight": 32,
		"visible_bounds_width": 7,
		"visible_bounds_height": 3.5,
		"visible_bounds_offset": [0, 1.25, 0],
		"bones": [
			{
				"name": "rightitem",
				"pivot": [-5, 23, -5]
			},
			{
				"name": "Stick",
				"parent": "rightitem",
				"pivot": [-4, 24, -5],
				"rotation": [90, 0, 0],
				"cubes": [
					{"origin": [-6.5, 21.75, -8], "size": [2, 16, 2], "uv": [0, 14], "inflate": -0.25}
				]
			},
			{
				"name": "hammer_head",
				"parent": "Stick",
				"pivot": [-4, 24, 37],
				"cubes": [
					{"origin": [-8, 31.75, -11], "size": [5, 5, 8], "uv": [0, 0], "inflate": 0.3}
				]
			}
		]
	}
}