{
	"format_version": "1.12.0",
	"minecraft:geometry": [
		{
			"description": {
				"identifier": "geometry.star_chest",
				"texture_width": 128,
				"texture_height": 64,
				"visible_bounds_width": 3,
				"visible_bounds_height": 2.5,
				"visible_bounds_offset": [0, 0.75, 0]
			},
			"bones": [
				{
					"name": "block",
					"pivot": [0, 0, 0],
					"cubes": [
						{"origin": [-12, 0, -7], "size": [24, 10, 14], "uv": [0, 0]},
						{"origin": [-12, 1, -7], "size": [2, 9, 14], "inflate": 0.25, "uv": [96, 0]},
						{"origin": [10, 1, -7], "size": [2, 9, 14], "inflate": 0.25, "uv": [96, 0]},
						{"origin": [-2, 1, -7], "size": [4, 9, 1], "inflate": 0.25, "uv": [86, 13]},
						{"origin": [-12, 0, -7], "size": [24, 1, 14], "inflate": 0.5, "uv": [52, 49]}
					]
				},
				{
					"name": "lock",
					"parent": "block",
					"pivot": [0, 10, 7],
					"cubes": [
						{"origin": [-12, 10, -7], "size": [24, 4, 14], "uv": [0, 24]},
						{"origin": [10, 10, -7], "size": [2, 4, 14], "inflate": 0.26, "uv": [96, 23]},
						{"origin": [-12, 10, -7], "size": [2, 4, 14], "inflate": 0.26, "uv": [96, 23]},
						{"origin": [-2, 10, -7], "size": [4, 4, 14], "inflate": 0.24, "uv": [0, 46]},
						{"origin": [-2, 8, -8], "size": [4, 4, 1], "uv": [0, 0]}
					]
				}
			]
		}
	]
}