{
	"format_version": "1.12.0",
	"minecraft:geometry": [
		{
			"description": {
				"identifier": "geometry.throne",
				"texture_width": 64,
				"texture_height": 64,
				"visible_bounds_width": 4,
				"visible_bounds_height": 2.5,
				"visible_bounds_offset": [0, 0.75, 0]
			},
			"bones": [
				{
					"name": "Body",
					"pivot": [0, 0, 0],
					"cubes": [
						{"origin": [-8, 4, -8], "size": [16, 1, 16], "uv": [0, 47]},
						{"origin": [-5, 5, -6], "size": [10, 1, 12], "uv": [0, 34]},
						{"origin": [-7, 5, -6], "size": [2, 4, 12], "uv": [36, 29]},
						{"origin": [5, 5, -6], "size": [2, 4, 12], "uv": [36, 29]},
						{"origin": [-6, 5, 6], "size": [12, 16, 1], "uv": [0, 0]},
						{"origin": [6, 5, 6], "size": [2, 5, 2], "inflate": -0.01, "uv": [56, 55]},
						{"origin": [-7, 5, 7], "size": [14, 17, 1], "uv": [34, 0]},
						{"origin": [-8, 5, 6], "size": [2, 5, 2], "inflate": -0.01, "uv": [56, 55]},
						{"origin": [-8, 18, 6], "size": [2, 4, 1], "uv": [0, 20]},
						{"origin": [6, 18, 6], "size": [2, 4, 1], "uv": [0, 20]},
						{"origin": [-4, 21, 6], "size": [8, 2, 1], "uv": [10, 22]}
					]
				},
				{
					"name": "rightleg",
					"parent": "Body",
					"pivot": [-4, 3, 14],
					"cubes": [
						{"origin": [-9, 0, 7], "size": [2, 4, 2], "uv": [0, 56]}
					]
				},
				{
					"name": "bottomLeft",
					"parent": "rightleg",
					"pivot": [12, 3, -2],
					"cubes": [
						{"origin": [7, 0, -9], "size": [2, 4, 2], "uv": [0, 56]}
					]
				},
				{
					"name": "leftleg",
					"parent": "Body",
					"pivot": [-4, 3, -2],
					"cubes": [
						{"origin": [-9, 0, -9], "size": [2, 4, 2], "uv": [0, 56]}
					]
				},
				{
					"name": "bottomRight",
					"parent": "leftleg",
					"pivot": [-4, 3, 14],
					"cubes": [
						{"origin": [7, 0, 7], "size": [2, 4, 2], "uv": [0, 56]}
					]
				}
			]
		}
	]
}