{
	"format_version": "1.10.0",
	"geometry.torch": {
		"texturewidth": 32,
		"textureheight": 32,
		"visible_bounds_width": 7,
		"visible_bounds_height": 3.5,
		"visible_bounds_offset": [0, 1.25, 0],
		"bones": [
			{
				"name": "rightitem",
				"pivot": [-5, 23, -5]
			},
			{
				"name": "Stick",
				"parent": "rightitem",
				"pivot": [-4, 20, -5],
				"rotation": [90, 0, 0],
				"cubes": [
					{"origin": [-6.5, 17.75, -8], "size": [2, 24, 2], "uv": [0, 6], "inflate": -0.25}
				]
			},
			{
				"name": "Fire",
				"parent": "Stick",
				"pivot": [-4, 20, 37],
				"cubes": [
					{"origin": [-7, 42, -8.5], "size": [3, 1, 3], "uv": [0, 0]},
					{"origin": [-7, 43.25, -8.5], "size": [3, 1, 3], "uv": [0, 0]},
					{"origin": [-7, 44.5, -8.5], "size": [3, 1, 3], "uv": [0, 0]},
					{"origin": [-6.5, 41.75, -8], "size": [2, 4, 2], "uv": [24, 0], "inflate": 0.2},
					{"origin": [-7.5, 41.75, -9], "size": [4, 4, 4], "uv": [16, 24], "inflate": 0.3}
				]
			}
		]
	}
}