{
	"pools": [
		{
			"rolls": 1,
			"entries": [
				{
					"type": "item",
					"name": "fv:levelup_scroll",
					"weight": 60,
					"functions": [
						{
							"function": "set_count",
							"count": {
								"min": 15,
								"max": 20
							}
						}
					]
				},
				{
					"type": "item",
					"name": "fv:captain_scroll",
					"weight": 30,
					"functions": [
						{
							"function": "set_count",
							"count": {
								"min": 5,
								"max": 10
							}
						}
					]
				},
				{
					"type": "item",
					"name": "fv:guard_medal",
					"weight": 10,
					"functions": [
						{
							"function": "set_count",
							"count": {
								"min": 5,
								"max": 10
							}
						}
					]
				}
			]
		},
		{
			"rolls": {
				"min": 2,
				"max": 3
			},
			"entries": [
				{
					"type": "item",
					"name": "fv:enchanted_steel_ingot",
					"weight": 95,
					"functions": [
						{
							"function": "set_count",
							"count": {
								"min": 40,
								"max": 50
							}
						}
					]
				},
				{
					"type": "item",
					"name": "fv:giant_gemheart_broadsword",
					"weight": 5,
					"functions": [
						{
							"function": "enchant_with_levels",
							"levels": {
								"min": 30,
								"max": 50
							}
						}
					]
				}
			]
		},
		{
			"rolls": 1,
			"entries": [
				{
					"type": "item",
					"name": "fv:special_template",
					"weight": 95,
					"functions": [
						{
							"function": "set_count",
							"count": {
								"min": 2,
								"max": 4
							}
						}
					]
				},
				{
					"type": "item",
					"name": "enchanted_golden_apple",
					"weight": 5,
					"functions": [
						{
							"function": "set_count",
							"count": {
								"min": 4,
								"max": 10
							}
						}
					]
				}
			]
		}
	]
}