{
	"pools": [
		{
			"rolls": 1,
			"entries": [
				{
					"type": "item",
					"name": "fv:levelup_scroll",
					"weight": 60,
					"functions": [
						{
							"function": "set_count",
							"count": {
								"min": 3,
								"max": 6
							}
						}
					]
				},
				{
					"type": "item",
					"name": "fv:captain_scroll",
					"weight": 30,
					"functions": [
						{
							"function": "set_count",
							"count": {
								"min": 2,
								"max": 4
							}
						}
					]
				},
				{
					"type": "item",
					"name": "book",
					"weight": 10,
					"functions": [
						{
							"function": "enchant_with_levels",
							"levels": {
								"min": 30,
								"max": 40
							},
							"treasure": true
						}
					]
				}
			]
		},
		{
			"rolls": {
				"min": 2,
				"max": 3
			},
			"entries": [
				{
					"type": "item",
					"name": "fv:enchanted_steel_ingot",
					"weight": 18,
					"functions": [
						{
							"function": "set_count",
							"count": {
								"min": 20,
								"max": 30
							}
						}
					]
				},
				{
					"type": "item",
					"name": "fv:steelblood_vampiric_cleaver",
					"weight": 2,
					"functions": [
						{
							"function": "enchant_with_levels",
							"levels": {
								"min": 30,
								"max": 40
							}
						}
					]
				},
				{
					"type": "item",
					"name": "fv:velocithief_blade",
					"weight": 2,
					"functions": [
						{
							"function": "enchant_with_levels",
							"levels": {
								"min": 30,
								"max": 40
							}
						}
					]
				},
				{
					"type": "item",
					"name": "fv:diamond_big_sword",
					"weight": 3,
					"functions": [
						{
							"function": "enchant_with_levels",
							"levels": {
								"min": 30,
								"max": 40
							}
						}
					]
				},
				{
					"type": "item",
					"name": "fv:diamond_desert_sword",
					"weight": 5,
					"functions": [
						{
							"function": "enchant_with_levels",
							"levels": {
								"min": 30,
								"max": 40
							}
						}
					]
				},
				{
					"type": "item",
					"name": "fv:diamond_hammer",
					"weight": 5,
					"functions": [
						{
							"function": "enchant_with_levels",
							"levels": {
								"min": 30,
								"max": 40
							}
						}
					]
				},
				{
					"type": "item",
					"name": "fv:diamond_saber",
					"weight": 5,
					"functions": [
						{
							"function": "enchant_with_levels",
							"levels": {
								"min": 30,
								"max": 40
							}
						}
					]
				},
				{
					"type": "item",
					"name": "fv:battle_axe_diamond",
					"weight": 10,
					"functions": [
						{
							"function": "enchant_with_levels",
							"levels": {
								"min": 30,
								"max": 40
							}
						}
					]
				},
				{
					"type": "item",
					"name": "fv:diamond_spear",
					"weight": 10,
					"functions": [
						{
							"function": "enchant_with_levels",
							"levels": {
								"min": 30,
								"max": 40
							}
						}
					]
				},
				{
					"type": "item",
					"name": "diamond_sword",
					"weight": 20,
					"functions": [
						{
							"function": "enchant_with_levels",
							"levels": {
								"min": 30,
								"max": 40
							}
						}
					]
				},
				{
					"type": "item",
					"name": "diamond_axe",
					"weight": 20,
					"functions": [
						{
							"function": "enchant_with_levels",
							"levels": {
								"min": 30,
								"max": 40
							}
						}
					]
				}
			]
		},
		{
			"rolls": 1,
			"entries": [
				{
					"type": "item",
					"name": "fv:special_template",
					"weight": 5,
					"functions": [
						{
							"function": "set_count",
							"count": {
								"min": 1,
								"max": 2
							}
						}
					]
				},
				{
					"type": "empty",
					"weight": 95
				}
			]
		}
	]
}