{
	"pools": [
		{
			"rolls": 1,
			"conditions": [
				{
					"condition": "match_tool",
					"item": "minecraft:iron_pickaxe",
					"count": 1
				}
			],
			"entries": [
				{
					"type": "item",
					"name": "fv:raw_tin"
				}
			]
		},
		{
			"rolls": 1,
			"conditions": [
				{
					"condition": "match_tool",
					"item": "minecraft:diamond_pickaxe",
					"count": 1
				}
			],
			"entries": [
				{
					"type": "item",
					"name": "fv:raw_tin"
				}
			]
		},
		{
			"rolls": 1,
			"conditions": [
				{
					"condition": "match_tool",
					"item": "minecraft:netherite_pickaxe",
					"count": 1
				}
			],
			"entries": [
				{
					"type": "item",
					"name": "fv:raw_tin"
				}
			]
		},
		{
			"rolls": 1,
			"conditions": [
				{
					"condition": "match_tool",
					"item": "fv:bronze_pickaxe",
					"count": 1
				}
			],
			"entries": [
				{
					"type": "item",
					"name": "fv:raw_tin"
				}
			]
		}
	]
}