{
	"entity_sounds": {
		"defaults": {
			"volume": 1,
			"pitch": [
				0.8,
				1.2
			],
			"events": {
				"fall.big": {
					"sound": "damage.fallbig",
					"volume": 0.75,
					"pitch": 1
				},
				"fall.small": {
					"sound": "damage.fallsmall",
					"volume": 0.75,
					"pitch": 1
				},
				"splash": {
					"sound": "random.splash",
					"pitch": [
						0.6,
						1.4
					]
				},
				"swim": {
					"sound": "random.swim",
					"pitch": [
						0.6,
						1.4
					]
				},
				"fizz": {
					"sound": "random.fizz",
					"volume": 0.7,
					"pitch": [
						1.2,
						2
					]
				},
				"drink": {
					"sound": "random.drink",
					"volume": 0.5,
					"pitch": [
						0.9,
						1
					]
				},
				"eat": {
					"sound": "random.eat",
					"volume": [
						0.5,
						1.5
					],
					"pitch": [
						0.8,
						1.2
					]
				},
				"ambient": {},
				"flop": {},
				"hurt": "game.player.hurt",
				"death": "game.player.die",
				"ambient.in.water": {},
				"hurt.in.water": {},
				"death.in.water": {},
				"ambient.in.raid": {}
			}
		},
		"entities": {
			"zd:villagersoldier": {
				"events": {
					"ambient": "mob.villager.idle",
					"death": "mob.villager.death",
					"death.to.zombie": "mob.villager.death",
					"haggle": "mob.villager.haggle",
					"angry": "mob.villager.no",
					"haggle.yes": "mob.villager.yes",
					"hurt": "mob.villager.hit",
					"shoot": "crossbow.shoot",
					"item.charge": "crossbow.loading.middle"
				},
				"pitch": [
					0.8,
					1.2
				],
				"volume": 1
			},
			"zd:villager_bow": {
				"events": {
					"ambient": "mob.villager.idle",
					"death": "mob.villager.death",
					"death.to.zombie": "mob.villager.death",
					"haggle": "mob.villager.haggle",
					"angry": "mob.villager.no",
					"haggle.yes": "mob.villager.yes",
					"hurt": "mob.villager.hit",
					"shoot": "random.bow"
				},
				"pitch": [
					0.8,
					1.2
				],
				"volume": 1
			},
			"zd:villager_sword": {
				"events": {
					"ambient": "mob.villager.idle",
					"death": "mob.villager.death",
					"death.to.zombie": "mob.villager.death",
					"haggle": "mob.villager.haggle",
					"angry": "mob.villager.no",
					"haggle.yes": "mob.villager.yes",
					"hurt": "mob.villager.hit"
				},
				"pitch": [
					0.8,
					1.2
				],
				"volume": 1
			},
			"zd:villager_magic": {
				"events": {
					"cast.spell": "mob.evocation_illager.cast_spell",
					"prepare.attack": "mob.evocation_illager.prepare_attack",
					"prepare.summon": "mob.evocation_illager.prepare_summon",
					"prepare.wololo": "mob.evocation_illager.prepare_wololo",
					"ambient": "mob.villager.idle",
					"death": "mob.villager.death",
					"death.to.zombie": "mob.villager.death",
					"haggle": "mob.villager.haggle",
					"angry": "mob.villager.no",
					"haggle.yes": "mob.villager.yes",
					"hurt": "mob.villager.hit"
				},
				"pitch": [
					0.8,
					1.2
				],
				"volume": 1
			},
			"zd:iron_villager": {
				"events": {
					"step": "dig.netherite",
					"hurt": "hit.netherite",
					"death": "mob.irongolem.death"
				},
				"volume": 2,
				"pitch": 1
			},
			"zd:evoker_legend": {
				"events": {
					"ambient": "mob.evocation_illager.ambient",
					"ambient.in.raid": {
						"pitch": [
							0.8,
							1.2
						],
						"sound": "mob.evocation_illager.ambient",
						"volume": 3
					},
					"cast.spell": "mob.evocation_illager.cast_spell",
					"celebrate": "mob.evocation_illager.celebrate",
					"death": "mob.evocation_illager.death",
					"hurt": "mob.evocation_illager.hurt",
					"prepare.attack": "mob.evocation_illager.prepare_attack",
					"prepare.summon": "mob.evocation_illager.prepare_summon",
					"prepare.wololo": "mob.evocation_illager.prepare_wololo"
				},
				"pitch": [
					0.8,
					1.2
				],
				"volume": 1
			},
			"zd:pillager_bandit": {
				"events": {
					"ambient": "mob.pillager.idle",
					"ambient.in.raid": {
						"pitch": [
							0.8,
							1.2
						],
						"sound": "mob.pillager.idle",
						"volume": 3
					},
					"angry": "mob.pillager.celebrate",
					"death": "mob.pillager.death",
					"hurt": "mob.pillager.hurt",
					"shoot": "crossbow.shoot"
				},
				"pitch": [
					0.8,
					1.2
				],
				"volume": 1
			},
			"zd:pillager_general": {
				"events": {
					"ambient": "mob.pillager.idle",
					"ambient.in.raid": {
						"pitch": [
							0.8,
							1.2
						],
						"sound": "mob.pillager.idle",
						"volume": 3
					},
					"angry": "mob.pillager.celebrate",
					"death": "mob.pillager.death",
					"hurt": "mob.pillager.hurt",
					"casting": "mob.pillager.idle"
				},
				"pitch": [
					0.8,
					1.2
				],
				"volume": 1
			},
			"zd:villager_guard": {
				"events": {
					"ambient": "mob.villager.idle",
					"death": "mob.villager.death",
					"death.to.zombie": "mob.villager.death",
					"haggle": "mob.villager.haggle",
					"angry": "mob.villager.no",
					"haggle.yes": "mob.villager.yes",
					"hurt": "mob.villager.hit"
				},
				"pitch": [
					0.8,
					1.2
				],
				"volume": 1
			},
			"zd:pillager_guard": {
				"events": {
					"ambient": "mob.pillager.idle",
					"ambient.in.raid": {
						"pitch": [
							0.8,
							1.2
						],
						"sound": "mob.pillager.idle",
						"volume": 3
					},
					"angry": "mob.pillager.celebrate",
					"death": "mob.pillager.death",
					"hurt": "mob.pillager.hurt",
					"shoot": "crossbow.shoot"
				},
				"pitch": [
					0.8,
					1.2
				],
				"volume": 1
			},
			"zd:healing_villager": {
				"events": {
					"hurt": "hit.copper",
					"death": "dig.copper",
					"ambient": "dig.copper"
				},
				"volume": 1,
				"pitch": [
					0.8,
					1
				]
			},
			"zd:villager_knight": {
				"events": {
					"ambient": "mob.villager.idle",
					"death": "mob.villager.death",
					"death.to.zombie": "mob.villager.death",
					"haggle": "mob.villager.haggle",
					"angry": "mob.villager.no",
					"haggle.yes": "mob.villager.yes",
					"hurt": "mob.villager.hit"
				},
				"pitch": [
					0.8,
					1.2
				],
				"volume": 1
			},
			"zd:villager_soldier_sword": {
				"events": {
					"ambient": "mob.villager.idle",
					"death": "mob.villager.death",
					"death.to.zombie": "mob.villager.death",
					"haggle": "mob.villager.haggle",
					"angry": "mob.villager.no",
					"haggle.yes": "mob.villager.yes",
					"hurt": "mob.villager.hit"
				},
				"pitch": [
					0.8,
					1.2
				],
				"volume": 1
			},
			"zd:villager_soldier_crossbow": {
				"events": {
					"ambient": "mob.villager.idle",
					"death": "mob.villager.death",
					"death.to.zombie": "mob.villager.death",
					"haggle": "mob.villager.haggle",
					"angry": "mob.villager.no",
					"haggle.yes": "mob.villager.yes",
					"hurt": "mob.villager.hit",
					"shoot": "crossbow.shoot"
				},
				"pitch": [
					0.8,
					1.2
				],
				"volume": 1
			},
			"zd:pillager_ranged_general": {
				"events": {
					"ambient": "mob.pillager.idle",
					"ambient.in.raid": {
						"pitch": [
							0.8,
							1.2
						],
						"sound": "mob.pillager.idle",
						"volume": 3
					},
					"angry": "mob.pillager.celebrate",
					"death": "mob.pillager.death",
					"hurt": "mob.pillager.hurt",
					"shoot": "crossbow.shoot"
				},
				"pitch": [
					0.8,
					1.2
				],
				"volume": 1
			},
			"zd:horse_villager": {
				"events": {
					"death": "mob.villager.death",
					"death.to.zombie": "mob.villager.death",
					"haggle": "mob.villager.haggle",
					"angry": "mob.villager.no",
					"haggle.yes": "mob.villager.yes",
					"hurt": "mob.villager.hit",
					"step": "mob.horse.land",
					"ambient": "horse_villager"
				},
				"pitch": [
					0.8,
					1.2
				],
				"volume": 1
			},
			"zd:horse_car": {
				"events": {
					"hurt": "mob.horse.hit",
					"death": "mob.horse.death",
					"ambient": "mob.horse.idle",
					"step": "mob.horse.land"
				},
				"volume": 1,
				"pitch": [
					0.8,
					1.2
				]
			},
			"zd:pillager_small_cannon": {
				"events": {
					"ambient": "mob.pillager.idle",
					"ambient.in.raid": {
						"pitch": [
							0.8,
							1.2
						],
						"sound": "mob.pillager.idle",
						"volume": 3
					},
					"angry": "mob.pillager.celebrate",
					"death": "mob.pillager.death",
					"hurt": "mob.pillager.hurt",
					"shoot": {
						"sound": "firework.launch",
						"volume": 10,
						"pitch": [
							0.8,
							1.2
						]
					},
					"step": {
						"sound": "woodwheel",
						"volume": 5,
						"pitch": [
							1,
							1.2
						]
					}
				},
				"pitch": [
					0.8,
					1.2
				],
				"volume": 1
			},
			"zd:ice_illager": {
				"events": {
					"ambient": "mob.evocation_illager.ambient",
					"ambient.in.raid": {
						"pitch": [
							0.8,
							1.2
						],
						"sound": "mob.evocation_illager.ambient",
						"volume": 3
					},
					"cast.spell": "mob.evocation_illager.cast_spell",
					"celebrate": "mob.evocation_illager.celebrate",
					"death": "mob.evocation_illager.death",
					"hurt": "mob.evocation_illager.hurt",
					"prepare.attack": "mob.evocation_illager.prepare_attack",
					"prepare.summon": "mob.evocation_illager.prepare_summon",
					"prepare.wololo": "mob.evocation_illager.prepare_wololo",
					"shoot": "mob.evocation_illager.cast_spell"
				},
				"pitch": [
					0.8,
					1.2
				],
				"volume": 1
			},
			"zd:asset": {
				"events": {
					"ambient": "mob.villager.idle",
					"death": "mob.villager.death",
					"death.to.zombie": "mob.villager.death",
					"haggle": "mob.villager.haggle",
					"angry": "mob.villager.no",
					"haggle.yes": "mob.villager.yes",
					"hurt": "mob.villager.hit",
					"shoot": "crossbow.shoot",
					"step": {
						"sound": "woodwheel",
						"volume": 5,
						"pitch": [
							0.8,
							1.2
						]
					}
				},
				"pitch": [
					0.8,
					1.2
				],
				"volume": 1
			},
			"zd:cannon": {
				"events": {
					"hurt": "dig.wood",
					"ambient": "dig.wood",
					"death": "dig.wood"
				},
				"volume": 1.5,
				"pitch": [
					0.8,
					1.2
				]
			},
			"zd:villagercannon": {
				"events": {
					"ambient": "mob.villager.idle",
					"death": "mob.villager.death",
					"death.to.zombie": "mob.villager.death",
					"haggle": "mob.villager.haggle",
					"angry": "mob.villager.no",
					"haggle.yes": "mob.villager.yes",
					"hurt": "mob.villager.hit",
					"step": {
						"sound": "woodwheel",
						"volume": 5,
						"pitch": [
							0.8,
							1.2
						]
					},
					"shoot": {
						"sound": "cannon",
						"volume": 20,
						"pitch": [
							0.8,
							1.2
						]
					}
				},
				"pitch": [
					0.8,
					1.2
				],
				"volume": 1
			},
			"zd:heavy_crossbow": {
				"events": {
					"shoot": "crossbow.shoot",
					"hurt": "dig.wood",
					"ambient": "dig.wood",
					"death": "dig.wood"
				},
				"volume": [
					2,
					2.5
				],
				"pitch": [
					1,
					1.1
				]
			},
			"zd:villager_pistol": {
				"events": {
					"ambient": "mob.villager.idle",
					"death": "mob.villager.death",
					"death.to.zombie": "mob.villager.death",
					"haggle": "mob.villager.haggle",
					"angry": "mob.villager.no",
					"haggle.yes": "mob.villager.yes",
					"hurt": "mob.villager.hit",
					"shoot": {
						"sound": "musket",
						"volume": 5,
						"pitch": [
							0.8,
							1.2
						]
					}
				},
				"pitch": [
					0.8,
					1.2
				],
				"volume": 1
			},
			"zd:villager_soldier_musket": {
				"events": {
					"ambient": "mob.villager.idle",
					"death": "mob.villager.death",
					"death.to.zombie": "mob.villager.death",
					"haggle": "mob.villager.haggle",
					"angry": "mob.villager.no",
					"haggle.yes": "mob.villager.yes",
					"hurt": "mob.villager.hit",
					"shoot": {
						"sound": "musket",
						"volume": 5,
						"pitch": [
							0.8,
							1.2
						]
					}
				},
				"pitch": [
					0.8,
					1.2
				],
				"volume": 1
			},
			"zd:pillager_pistol": {
				"events": {
					"ambient": "mob.pillager.idle",
					"ambient.in.raid": {
						"pitch": [
							0.8,
							1.2
						],
						"sound": "mob.pillager.idle",
						"volume": 3
					},
					"angry": "mob.pillager.celebrate",
					"death": "mob.pillager.death",
					"hurt": "mob.pillager.hurt",
					"shoot": {
						"sound": "musket",
						"volume": 5,
						"pitch": [
							0.8,
							1.2
						]
					}
				},
				"pitch": [
					0.8,
					1.2
				],
				"volume": 1
			},
			"zd:pillager_desert": {
				"events": {
					"ambient": "mob.pillager.idle",
					"ambient.in.raid": {
						"pitch": [
							0.8,
							1.2
						],
						"sound": "mob.pillager.idle",
						"volume": 3
					},
					"angry": "mob.pillager.celebrate",
					"death": "mob.pillager.death",
					"hurt": "mob.pillager.hurt",
					"shoot": "crossbow.shoot"
				},
				"pitch": [
					0.8,
					1.2
				],
				"volume": 1
			},
			"zd:villager_hunter": {
				"events": {
					"ambient": "mob.villager.idle",
					"death": "mob.villager.death",
					"death.to.zombie": "mob.villager.death",
					"haggle": "mob.villager.haggle",
					"angry": "mob.villager.no",
					"haggle.yes": "mob.villager.yes",
					"hurt": "mob.villager.hit"
				},
				"pitch": [
					0.8,
					1.2
				],
				"volume": 1
			},
			"zd:pillager_miner": {
				"events": {
					"ambient": "mob.pillager.idle",
					"ambient.in.raid": {
						"pitch": [
							0.8,
							1.2
						],
						"sound": "mob.pillager.idle",
						"volume": 3
					},
					"angry": "mob.pillager.celebrate",
					"death": "mob.pillager.death",
					"hurt": "mob.pillager.hurt",
					"shoot": "crossbow.shoot"
				},
				"pitch": [
					0.8,
					1.2
				],
				"volume": 1
			},
			"zd:pillager_jungle": {
				"events": {
					"ambient": "mob.pillager.idle",
					"ambient.in.raid": {
						"pitch": [
							0.8,
							1.2
						],
						"sound": "mob.pillager.idle",
						"volume": 3
					},
					"angry": "mob.pillager.celebrate",
					"death": "mob.pillager.death",
					"hurt": "mob.pillager.hurt",
					"shoot": "crossbow.shoot"
				},
				"pitch": [
					0.8,
					1.2
				],
				"volume": 1
			},
			"zd:villager_ghost": {
				"events": {
					"ambient": "mob.zombie_villager.say",
					"death": "mob.zombie_villager.death",
					"hurt": "mob.zombie_villager.hurt",
					"step": {
						"pitch": 1,
						"sound": "mob.zombie.step",
						"volume": 0.45
					}
				},
				"pitch": [
					0.8,
					1.2
				],
				"volume": 1
			},
			"zd:zombiepirate": {
				"events": {
					"ambient": "mob.drowned.say",
					"ambient.in.water": "mob.drowned.say_water",
					"death": "mob.drowned.death",
					"death.in.water": "mob.drowned.death_water",
					"hurt": "mob.drowned.hurt",
					"hurt.in.water": "mob.drowned.hurt_water",
					"step": "mob.drowned.step"
				},
				"pitch": [
					0.8,
					1.2
				],
				"volume": 1
			},
			"zd:illager_pirate": {
				"events": {
					"ambient": "mob.pillager.idle",
					"ambient.in.raid": {
						"pitch": [
							0.8,
							1.2
						],
						"sound": "mob.pillager.idle",
						"volume": 3
					},
					"angry": "mob.pillager.celebrate",
					"death": "mob.pillager.death",
					"hurt": "mob.pillager.hurt",
					"shoot": {
						"sound": "musket",
						"volume": 5,
						"pitch": [
							0.8,
							1.2
						]
					}
				},
				"pitch": [
					0.8,
					1.2
				],
				"volume": 1
			},
			"zd:pillager_sailor": {
				"events": {
					"ambient": "mob.pillager.idle",
					"ambient.in.raid": {
						"pitch": [
							0.8,
							1.2
						],
						"sound": "mob.pillager.idle",
						"volume": 3
					},
					"angry": "mob.pillager.celebrate",
					"death": "mob.pillager.death",
					"hurt": "mob.pillager.hurt",
					"shoot": {
						"sound": "musket",
						"volume": 5,
						"pitch": [
							0.8,
							1.2
						]
					}
				},
				"pitch": [
					0.8,
					1.2
				],
				"volume": 1
			},
			"zd:illager_battleship": {
				"events": {
					"shoot": {
						"sound": "cannon2",
						"volume": 10,
						"pitch": [
							0.8,
							1.2
						]
					},
					"hurt": "wood.explosion"
				},
				"volume": [
					1,
					2
				],
				"pitch": [
					0.8,
					1.2
				]
			},
			"zd:battleship": {
				"events": {
					"shoot": {
						"sound": "cannon2",
						"volume": 10,
						"pitch": [
							0.8,
							1.2
						]
					},
					"hurt": "wood.explosion"
				},
				"volume": [
					1,
					2
				],
				"pitch": [
					0.8,
					1.2
				]
			},
			"zd:viking_boat": {
				"events": {
					"shoot": {
						"sound": "cannon2",
						"volume": 10,
						"pitch": [
							0.8,
							1.2
						]
					},
					"hurt": "wood.explosion"
				},
				"volume": [
					1,
					2
				],
				"pitch": [
					0.8,
					1.2
				]
			},
			"zd:villager_navy": {
				"events": {
					"ambient": "mob.villager.idle",
					"death": "mob.villager.death",
					"death.to.zombie": "mob.villager.death",
					"haggle": "mob.villager.haggle",
					"angry": "mob.villager.no",
					"haggle.yes": "mob.villager.yes",
					"hurt": "mob.villager.hit",
					"shoot": {
						"sound": "musket",
						"volume": 5,
						"pitch": [
							0.8,
							1.2
						]
					}
				},
				"pitch": [
					0.8,
					1.2
				],
				"volume": 2
			},
			"zd:fire_fly": {
				"events": {
					"hurt": "random.fizz",
					"death": "random.fizz",
					"shoot": "mob.blaze.shoot",
					"ambient": "fire.fire"
				},
				"pitch": [
					0.8,
					1.2
				],
				"volume": 5
			},
			"zd:shield": {
				"events": {
					"hurt": "item.shield.block",
					"death": "random.break"
				},
				"pitch": [
					0.8,
					1.2
				],
				"volume": 3
			},
			"zd:shield_illager": {
				"events": {
					"hurt": "item.shield.block",
					"death": "random.break"
				},
				"pitch": [
					0.8,
					1.2
				],
				"volume": 3
			},
			"zd:catapult": {
				"events": {
					"hurt": "wood.explosion",
					"death": "wood.explosion",
					"step": "step.wood",
					"shoot": "catapult.shoot"
				},
				"pitch": [
					0.8,
					1.2
				],
				"volume": 3
			},
			"zd:wandering_soldier": {
				"events": {
					"cast.spell": "mob.evocation_illager.cast_spell",
					"prepare.attack": "mob.evocation_illager.prepare_attack",
					"prepare.summon": "mob.evocation_illager.prepare_summon",
					"prepare.wololo": "mob.evocation_illager.prepare_wololo",
					"ambient": "mob.villager.idle",
					"death": "mob.villager.death",
					"death.to.zombie": "mob.villager.death",
					"haggle": "mob.villager.haggle",
					"angry": "mob.villager.no",
					"haggle.yes": "mob.villager.yes",
					"hurt": "mob.villager.hit"
				},
				"pitch": [
					0.8,
					1.2
				],
				"volume": 3
			}
		}
	}
}