{
  "format_version": "1.8.0",
  "minecraft:client_entity": {
    "description": {
      "identifier": "mobs:chouris",
      "materials": { "default": "slime" },
      "textures": {
        "default": "textures/entity/creatures/chouris"
      },
      "geometry": {
        "default": "geometry.chouris"
      },
      "animations": {
        "move": "animation.chouris.static",
        "death": "animation.chouris.death"
      },
      "animation_controllers": [
        { "general": "controller.animation.shark.general" },
        { "death": "controller.animation.special_death" }
      ],
      "render_controllers": [ "controller.render.lilyfin" ],
      "spawn_egg": {
        "texture": "spawn_egg",
        "texture_index": 15
      }
    }
  }
}