{
  "format_version": "1.8.0",
  "minecraft:client_entity": {
    "description": {
      "identifier": "mobs:crimson_flamelarva",
      "materials": {
        "default": "spider"
      },
      "textures": {
        "default": "textures/entity/creatures/flamoth/flamelarva_crimson"
      },
      "geometry": {
        "default": "geometry.flamelarva"
      },
      "animations": {
        "move": "animation.silverfish.move"
      },
      "animation_controllers": [
        { "move": "controller.animation.silverfish.move" }
      ],
      "render_controllers": [ "controller.render.shark" ],
      "spawn_egg": {
        "texture": "spawn_egg",
        "texture_index": 23
      }
    }
  }
}