{
  "format_version": "1.8.0",
  "minecraft:client_entity": {
    "description": {
      "identifier": "mobs:small_slime",
      "materials": {
        "default": "slime_outer"
      },
      "textures": {
        "default": "textures/entity/slime/slime"
      },
      "geometry": {
        "default": "geometry.outer_slime"
      },
      "render_controllers": [
        "controller.render.slime"
      ],
      "spawn_egg": {
        "texture": "spawn_egg",
        "texture_index": 10
      }
    }
  }
}