{
  "format_version": "1.8.0",
  "minecraft:client_entity": {
    "description": {
      "identifier": "mobs:snake",
      "materials": { "default": "silverfish" },
      "textures": {
        "normal": "textures/entity/creatures/coral_snake",
        "desert": "textures/entity/creatures/desert_snake"
      },
      "geometry": {
        "default": "geometry.snake"
      },
      "animations": {
        "move": "animation.snake.meandering"
      },
      "animation_controllers": [
        { "move": "controller.animation.endermite.move" }
      ],
      "render_controllers": [ "controller.render.snake" ],
      "spawn_egg": {
        "texture": "spawn_egg",
        "texture_index": 11
      }
    }
  }
}
