{
	"file_path": "C:\\Users\\TJ\\AppData\\Local\\Packages\\Microsoft.MinecraftUWP_8wekyb3d8bbwe\\LocalState\\games\\com.mojang\\development_resource_packs\\MobsRP\\entity\\great_tusk.entity.json",
	"file_type": "client_entity",
	"format_version": 1,
	"file_uuid": "4abacf2a_0c6d_4e2d_b06c_a9cbe43c894f",
	"file_version": 4,
	"cache_content": {
		"children": [
			{
				"data": "1.10.0",
				"key": "format_version"
			},
			{
				"open": {
					"format_version": "1.10.0",
					"minecraft:client_entity": {
						"description": {
							"identifier": "mobs:great_tusk",
							"materials": {
								"default": "fang"
							},
							"textures": {
								"default": "textures/entity/illager/great_tusk"
							},
							"geometry": {
								"default": "geometry.great_tusk"
							},
							"render_controllers": [
								"controller.render.agent"
							],
							"spawn_egg": {
								"base_color": "#1778D2",
								"overlay_color": "#1778D2"
							}
						}
					}
				},
				"key": "minecraft:client_entity",
				"children": [
					{
						"open": {
							"description": {
								"identifier": "mobs:great_tusk",
								"materials": {
									"default": "fang"
								},
								"textures": {
									"default": "textures/entity/illager/great_tusk"
								},
								"geometry": {
									"default": "geometry.great_tusk"
								},
								"render_controllers": [
									"controller.render.agent"
								],
								"spawn_egg": {
									"base_color": "#1778D2",
									"overlay_color": "#1778D2"
								}
							}
						},
						"key": "description",
						"children": [
							{
								"open": {
									"identifier": "mobs:great_tusk",
									"materials": {
										"default": "fang"
									},
									"textures": {
										"default": "textures/entity/illager/great_tusk"
									},
									"geometry": {
										"default": "geometry.great_tusk"
									},
									"render_controllers": [
										"controller.render.agent"
									],
									"spawn_egg": {
										"base_color": "#1778D2",
										"overlay_color": "#1778D2"
									}
								},
								"data": "mobs:great_tusk",
								"key": "identifier"
							},
							{
								"open": {
									"identifier": "mobs:great_tusk",
									"materials": {
										"default": "fang"
									},
									"textures": {
										"default": "textures/entity/illager/great_tusk"
									},
									"geometry": {
										"default": "geometry.great_tusk"
									},
									"render_controllers": [
										"controller.render.agent"
									],
									"spawn_egg": {
										"base_color": "#1778D2",
										"overlay_color": "#1778D2"
									}
								},
								"key": "materials",
								"is_minified": true,
								"children": {
									"default": "fang"
								}
							},
							{
								"open": {
									"identifier": "mobs:great_tusk",
									"materials": {
										"default": "fang"
									},
									"textures": {
										"default": "textures/entity/illager/great_tusk"
									},
									"geometry": {
										"default": "geometry.great_tusk"
									},
									"render_controllers": [
										"controller.render.agent"
									],
									"spawn_egg": {
										"base_color": "#1778D2",
										"overlay_color": "#1778D2"
									}
								},
								"key": "textures",
								"is_minified": true,
								"children": {
									"default": "textures/entity/illager/great_tusk"
								}
							},
							{
								"open": {
									"identifier": "mobs:great_tusk",
									"materials": {
										"default": "fang"
									},
									"textures": {
										"default": "textures/entity/illager/great_tusk"
									},
									"geometry": {
										"default": "geometry.great_tusk"
									},
									"render_controllers": [
										"controller.render.agent"
									],
									"spawn_egg": {
										"base_color": "#1778D2",
										"overlay_color": "#1778D2"
									}
								},
								"key": "geometry",
								"is_minified": true,
								"children": {
									"default": "geometry.great_tusk"
								}
							},
							{
								"open": {
									"identifier": "mobs:great_tusk",
									"materials": {
										"default": "fang"
									},
									"textures": {
										"default": "textures/entity/illager/great_tusk"
									},
									"geometry": {
										"default": "geometry.great_tusk"
									},
									"render_controllers": [
										"controller.render.agent"
									],
									"spawn_egg": {
										"base_color": "#1778D2",
										"overlay_color": "#1778D2"
									}
								},
								"key": "render_controllers",
								"is_minified": true,
								"children": [
									"controller.render.agent"
								]
							},
							{
								"open": {
									"identifier": "mobs:great_tusk",
									"materials": {
										"default": "fang"
									},
									"textures": {
										"default": "textures/entity/illager/great_tusk"
									},
									"geometry": {
										"default": "geometry.great_tusk"
									},
									"render_controllers": [
										"controller.render.agent"
									],
									"spawn_egg": {
										"base_color": "#1778D2",
										"overlay_color": "#1778D2"
									}
								},
								"key": "spawn_egg",
								"is_minified": true,
								"children": {
									"base_color": "#1778D2",
									"overlay_color": "#1778D2"
								}
							}
						]
					}
				]
			}
		]
	}
}