{
	"format_version": "1.17.0",
	"minecraft:entity": {
		"description": {
			"identifier": "zd:anti",
			"is_summonable": true,
			"is_spawnable": false
		},
		"component_groups": {
			"despawn": {
				"minecraft:instant_despawn": {
					"remove_child_entities": true
				}
			},
			"spawn": {
				"minecraft:spawn_entity": {
					"entities": [
						{
							"should_leash": false,
							"num_to_spawn": 10,
							"min_wait_time": 0,
							"max_wait_time": 0,
							"spawn_entity": "zd:pillager_sailor",
							"single_use": true,
							"spawn_event": "minecraft:entity_spawned"
						}
					]
				}
			}
		},
		"components": {
			"minecraft:timer": {
				"time": 5,
				"time_down_event": {
					"event": "despawn",
					"target": "self"
				}
			}
		},
		"events": {
			"minecraft:entity_spawned": {
				"add": {
					"component_groups": [
						"spawn"
					]
				},
				"run_command": {
					"command": [
						"summon zd:pillager_sailor ~ ~ ~",
						"summon zd:pillager_sailor ~ ~ ~",
						"summon zd:pillager_sailor ~ ~ ~",
						"summon zd:pillager_sailor ~ ~ ~",
						"summon zd:pillager_sailor ~ ~ ~",
						"summon zd:pillager_sailor ~ ~ ~",
						"summon zd:pillager_sailor ~ ~ ~"
					]
				}
			},
			"despawn": {
				"add": {
					"component_groups": [
						"despawn"
					]
				}
			}
		}
	}
}