{
	"format_version": "1.17.0",
	"minecraft:entity": {
		"description": {
			"identifier": "zd:bomshell",
			"runtime_identifier": "minecraft:egg",
			"is_summonable": true,
			"is_spawnable": false,
			"animations": {
				"flame": "animation.smoke"
			},
			"scripts": {
				"animate": [
					"flame"
				]
			}
		},
		"component_groups": {
			"minecraft:exploding": {
				"minecraft:explode": {
					"fuse_length": [
						0.2,
						0.3
					],
					"fuse_lit": true,
					"power": 2.5,
					"causes_fire": false
				}
			}
		},
		"components": {
			"minecraft:collision_box": {
				"width": 0.25,
				"height": 0.25
			},
			"minecraft:projectile": {
				"on_hit": {
					"definition_event": {
						"event_trigger": {
							"event": "minecraft:explode",
							"target": "self"
						},
						"affect_projectile": true
					},
					"particle_on_hit": {
						"num_particles": 10,
						"on_other_hit": true,
						"on_entity_hit": true,
						"particle_type": "largesmoke"
					},
					"impact_damage": {
						"damage": [
							30,
							40
						],
						"knockback": true,
						"power_multiplier": 0.5
					},
					"stick_in_ground": {
						"shake_time": 0.1
					}
				},
				"power": 3,
				"gravity": 0.03,
				"uncertainty_base": 1,
				"uncertainty_multiplier": 1,
				"multiple_targets": true,
				"shoot_target": true,
				"anchor": 1,
				"offset": [
					0,
					0,
					0
				],
				"catch_fire": false,
				"angle_offset": 45
			},
			"minecraft:physics": {},
			"minecraft:pushable": {
				"is_pushable": true,
				"is_pushable_by_piston": true
			},
			"minecraft:conditional_bandwidth_optimization": {
				"default_values": {
					"use_motion_prediction_hints": true,
					"max_optimized_distance": 128
				}
			},
			"minecraft:break_blocks": {
				"breakable_blocks": [
					"bamboo",
					"bamboo_sapling",
					"beetroot",
					"brown_mushroom",
					"carrots",
					"carved_pumpkin",
					"chorus_flower",
					"chorus_plant",
					"deadbush",
					"double_plant",
					"leaves",
					"leaves2",
					"lit_pumpkin",
					"melon_block",
					"melon_stem",
					"potatoes",
					"pumpkin",
					"pumpkin_stem",
					"red_flower",
					"red_mushroom",
					"crimson_fungus",
					"warped_fungus",
					"reeds",
					"sapling",
					"snow_layer",
					"sweet_berry_bush",
					"tallgrass",
					"turtle_egg",
					"vine",
					"waterlily",
					"wheat",
					"yellow_flower",
					"wood",
					"wooden_button",
					"wooden_door",
					"wooden_slab",
					"double_wooden_slab"
				]
			},
			"minecraft:despawn": {
				"filters": {
					"any_of": [
						{
							"all_of": [
								{
									"test": "is_persistent",
									"value": false
								},
								{
									"test": "distance_to_nearest_player",
									"operator": ">",
									"value": 54
								}
							]
						},
						{
							"all_of": [
								{
									"test": "is_persistent",
									"value": false
								},
								{
									"test": "inactivity_timer",
									"subject": "self",
									"value": 30
								},
								{
									"test": "random_chance",
									"value": 800
								},
								{
									"test": "distance_to_nearest_player",
									"operator": ">",
									"value": 32
								}
							]
						}
					]
				}
			}
		},
		"events": {
			"minecraft:explode": {
				"add": {
					"component_groups": [
						"minecraft:exploding"
					]
				}
			}
		}
	}
}