{
	"format_version": "1.17.0",
	"minecraft:entity": {
		"description": {
			"identifier": "zd:bomshell1",
			"is_spawnable": false,
			"is_summonable": true,
			"animations": {
				"flame": "animation.smoke"
			},
			"scripts": {
				"animate": [
					"flame"
				]
			}
		},
		"component_groups": {
			"minecraft:exploding": {
				"minecraft:explode": {
					"fuse_length": 0,
					"fuse_lit": true,
					"power": 3,
					"causes_fire": false,
					"breaks_blocks": false
				}
			}
		},
		"components": {
			"minecraft:collision_box": {
				"width": 0.25,
				"height": 0.25
			},
			"minecraft:type_family": {
				"family": [
					"villager"
				]
			},
			"minecraft:projectile": {
				"on_hit": {
					"definition_event": {
						"event_trigger": {
							"event": "minecraft:explode",
							"target": "self"
						},
						"affect_projectile": true
					},
					"particle_on_hit": {
						"num_particles": 10,
						"on_other_hit": true,
						"on_entity_hit": true,
						"particle_type": "largesmoke"
					},
					"impact_damage": {
						"damage": [
							30,
							40
						],
						"knockback": true,
						"power_multiplier": 0.5
					},
					"stick_in_ground": {
						"shake_time": 0.1
					}
				},
				"power": 0,
				"gravity": 0.02,
				"uncertainty_base": 1,
				"uncertainty_multiplier": 1,
				"multiple_targets": true,
				"shoot_target": true,
				"anchor": 1,
				"offset": [
					0,
					0,
					0
				],
				"catch_fire": false,
				"angle_offset": 45
			},
			"minecraft:physics": {},
			"minecraft:pushable": {
				"is_pushable": true,
				"is_pushable_by_piston": true
			},
			"minecraft:conditional_bandwidth_optimization": {
				"default_values": {
					"use_motion_prediction_hints": true,
					"max_optimized_distance": 128
				}
			},
			"minecraft:despawn": {
				"filters": {
					"any_of": [
						{
							"all_of": [
								{
									"test": "is_persistent",
									"value": false
								},
								{
									"test": "distance_to_nearest_player",
									"operator": ">",
									"value": 54
								}
							]
						},
						{
							"all_of": [
								{
									"test": "is_persistent",
									"value": false
								},
								{
									"test": "inactivity_timer",
									"subject": "self",
									"value": 30
								},
								{
									"test": "random_chance",
									"value": 800
								},
								{
									"test": "distance_to_nearest_player",
									"operator": ">",
									"value": 32
								}
							]
						}
					]
				}
			},
			"minecraft:damage_sensor": {
				"triggers": {
					"cause": "all",
					"deals_damage": false
				}
			}
		},
		"events": {
			"minecraft:explode": {
				"add": {
					"component_groups": [
						"minecraft:exploding"
					]
				}
			}
		}
	}
}