{
	"format_version": "1.17.0",
	"minecraft:entity": {
		"description": {
			"identifier": "zd:cannon",
			"is_summonable": true,
			"is_spawnable": false
		},
		"component_groups": {
			"shoot": {
				"minecraft:spawn_entity": {
					"entities": [
						{
							"should_leash": false,
							"num_to_spawn": 1,
							"min_wait_time": 0,
							"max_wait_time": 0,
							"spawn_entity": "zd:shell",
							"single_use": true
						}
					]
				}
			},
			"drop": {
				"minecraft:spawn_entity": {
					"entities": [
						{
							"num_to_spawn": 1,
							"min_wait_time": 0,
							"max_wait_time": 0,
							"spawn_item": "zd:cannon_villager",
							"single_use": true
						}
					]
				},
				"minecraft:instant_despawn": {
					"remove_child_entities": true
				}
			}
		},
		"components": {
			"minecraft:collision_box": {
				"width": 1,
				"height": 1
			},
			"minecraft:breathable": {
				"total_supply": 15,
				"suffocate_time": 0,
				"breathes_water": true
			},
			"minecraft:physics": {},
			"minecraft:pushable": {
				"is_pushable": false,
				"is_pushable_by_piston": false
			},
			"minecraft:knockback_resistance": {
				"value": 1,
				"max": 1
			},
			"minecraft:rideable": {
				"family_types": [
					"player"
				],
				"crouching_skip_interact": true,
				"seats": [
					{
						"position": [
							0,
							0.4,
							-0.8
						]
					}
				]
			},
			"minecraft:input_ground_controlled": {},
			"minecraft:movement": {
				"value": 0
			},
			"minecraft:environment_sensor": {
				"triggers": [
					{
						"filters": {
							"all_of": [
								{
									"test": "rider_count",
									"subject": "self",
									"operator": "==",
									"value": 1
								}
							]
						},
						"event": "rider_tag",
						"target": "self"
					},
					{
						"filters": {
							"all_of": [
								{
									"test": "rider_count",
									"subject": "self",
									"operator": "==",
									"value": 0
								}
							]
						},
						"event": "rider_tag_remove",
						"target": "self"
					}
				]
			},
			"minecraft:damage_sensor": {
				"triggers": [
					{
						"on_damage": {
							"filters": {
								"test": "has_damage",
								"subject": "self",
								"operator": "==",
								"value": "attack"
							},
							"event": "drop"
						},
						"deals_damage": false
					},
					{
						"on_damage": {},
						"deals_damage": false
					}
				]
			},
			"minecraft:type_family": {
				"family": [
					"cannon"
				]
			}
		},
		"events": {
			"shoot": {
				"add": {
					"component_groups": [
						"shoot"
					]
				}
			},
			"rider_tag": {
				"run_command": {
					"command": [
						"tag @p[r=3,c=1] add rider"
					]
				}
			},
			"rider_tag_remove": {
				"run_command": {
					"command": [
						"tag @p[r=3,c=1] remove rider"
					]
				}
			},
			"drop": {
				"add": {
					"component_groups": [
						"drop"
					]
				}
			}
		}
	}
}