{
	"format_version": "1.17.0",
	"minecraft:entity": {
		"description": {
			"identifier": "zd:cannon_shell",
			"runtime_identifier": "minecraft:egg",
			"is_summonable": true,
			"is_spawnable": false,
			"animations": {
				"flame": "animation.smoke"
			},
			"scripts": {
				"animate": [
					"flame"
				]
			}
		},
		"component_groups": {
			"minecraft:exploding": {
				"minecraft:explode": {
					"fuse_length": 0.1,
					"fuse_lit": true,
					"power": 2.3,
					"causes_fire": false,
					"fire_affected_by_griefing": true,
					"destroy_affected_by_griefing": false,
					"breaks_blocks": false
				}
			},
			"villager": {
				"minecraft:projectile": {
					"on_hit": {
						"definition_event": {
							"event_trigger": {
								"event": "minecraft:explode_villager",
								"target": "self"
							},
							"affect_projectile": true,
							"affect_target": false
						},
						"particle_on_hit": {
							"num_particles": 10,
							"on_other_hit": true,
							"on_entity_hit": true,
							"particle_type": "largesmoke"
						},
						"impact_damage": {
							"damage": [
								10,
								20
							],
							"knockback": true,
							"power_multiplier": 0.5
						}
					},
					"power": 2.5,
					"gravity": 0.03,
					"uncertainty_base": 1,
					"uncertainty_multiplier": 1,
					"multiple_targets": true,
					"shoot_target": true,
					"anchor": 1,
					"offset": [
						0,
						-0.5,
						0.2
					],
					"catch_fire": false
				},
				"minecraft:collision_box": {
					"width": 0.5,
					"height": 0.5
				},
				"minecraft:scale": {
					"value": 1.5
				}
			},
			"minecraft:exploding_villager": {
				"minecraft:explode": {
					"fuse_length": 0.1,
					"fuse_lit": true,
					"power": 2.5,
					"causes_fire": false,
					"fire_affected_by_griefing": true,
					"destroy_affected_by_griefing": false,
					"breaks_blocks": false
				}
			}
		},
		"components": {
			"minecraft:collision_box": {
				"width": 0.25,
				"height": 0.25
			},
			"minecraft:projectile": {
				"on_hit": {
					"definition_event": {
						"event_trigger": {
							"event": "minecraft:explode",
							"target": "self"
						},
						"affect_projectile": true
					},
					"particle_on_hit": {
						"num_particles": 10,
						"on_other_hit": true,
						"on_entity_hit": true,
						"particle_type": "largesmoke"
					},
					"impact_damage": {
						"damage": [
							10,
							20
						],
						"knockback": true,
						"power_multiplier": 0.5
					}
				},
				"power": 2,
				"gravity": 0.03,
				"uncertainty_base": 16,
				"uncertainty_multiplier": 4,
				"multiple_targets": true,
				"shoot_target": true,
				"anchor": 1,
				"offset": [
					0,
					-0.1,
					0.2
				],
				"catch_fire": false,
				"angle_offset": 45
			},
			"minecraft:physics": {},
			"minecraft:pushable": {
				"is_pushable": true,
				"is_pushable_by_piston": true
			},
			"minecraft:conditional_bandwidth_optimization": {
				"default_values": {
					"use_motion_prediction_hints": true,
					"max_optimized_distance": 128
				}
			},
			"minecraft:despawn": {
				"filters": {
					"any_of": [
						{
							"all_of": [
								{
									"test": "is_persistent",
									"value": false
								},
								{
									"test": "distance_to_nearest_player",
									"operator": ">",
									"value": 54
								}
							]
						},
						{
							"all_of": [
								{
									"test": "is_persistent",
									"value": false
								},
								{
									"test": "inactivity_timer",
									"subject": "self",
									"value": 30
								},
								{
									"test": "random_chance",
									"value": 800
								},
								{
									"test": "distance_to_nearest_player",
									"operator": ">",
									"value": 32
								}
							]
						}
					]
				}
			}
		},
		"events": {
			"minecraft:explode": {
				"add": {
					"component_groups": [
						"minecraft:exploding"
					]
				}
			},
			"minecraft:entity_spawned": {
				"sequence": [
					{
						"filters": {
							"test": "is_family",
							"subject": "other",
							"value": "villager"
						},
						"add": {
							"component_groups": [
								"villager"
							]
						}
					}
				]
			},
			"minecraft:explode_villager": {
				"add": {
					"component_groups": [
						"minecraft:exploding_villager"
					]
				}
			}
		}
	}
}