{
	"format_version": "1.17.0",
	"minecraft:entity": {
		"description": {
			"identifier": "zd:desert_army",
			"is_summonable": true,
			"is_spawnable": false
		},
		"component_groups": {},
		"components": {
			"minecraft:transformation": {
				"into": "zd:pillager_desert"
			}
		},
		"events": {
			"minecraft:entity_spawned": {
				"run_command": {
					"command": [
						"summon zd:pillager_desert ~ ~ ~ follow",
						"summon zd:pillager_desert ~ ~ ~ follow",
						"summon zd:pillager_desert ~ ~ ~ follow",
						"summon zd:pillager_desert ~ ~ ~ follow",
						"summon zd:pillager_desert ~ ~ ~ follow"
					]
				}
			}
		}
	}
}