{
	"format_version": "1.13.0",
	"minecraft:entity": {
		"description": {
			"identifier": "zd:flag_red",
			"is_spawnable": false,
			"is_summonable": true,
			"is_experimental": false
		},
		"component_groups": {
			"zd:target": {
				"minecraft:type_family": {
					"family": [
						"red"
					]
				},
				"minecraft:timer": {
					"time": [
						20,
						20
					],
					"time_down_event": {
						"event": "despawn",
						"target": "self"
					}
				}
			},
			"despawn": {
				"minecraft:instant_despawn": {
					"remove_child_entities": true
				}
			}
		},
		"components": {
			"minecraft:collision_box": {
				"width": 0.25,
				"height": 2
			},
			"minecraft:hurt_on_condition": {
				"damage_conditions": [
					{
						"filters": {
							"test": "in_lava",
							"subject": "self",
							"operator": "==",
							"value": true
						},
						"cause": "lava",
						"damage_per_tick": 4
					}
				]
			},
			"minecraft:projectile": {
				"on_hit": {
					"stick_in_ground": {
						"shake_time": 0
					},
					"definition_event": {
						"event_trigger": {
							"event": "target",
							"target": "self"
						},
						"affect_projectile": true
					},
					"arrow_effect": {}
				},
				"hit_sound": "bow.hit",
				"power": 2,
				"gravity": 0.03,
				"uncertainty_base": 0,
				"uncertainty_multiplier": 0,
				"anchor": 1,
				"should_bounce": true,
				"offset": [
					0,
					-0.1,
					0
				]
			},
			"minecraft:physics": {},
			"minecraft:pushable": {
				"is_pushable": false,
				"is_pushable_by_piston": true
			},
			"minecraft:conditional_bandwidth_optimization": {
				"default_values": {
					"max_optimized_distance": 80,
					"max_dropped_ticks": 10,
					"use_motion_prediction_hints": true
				}
			},
			"minecraft:damage_sensor": {
				"triggers": [
					{
						"cause": "all",
						"deals_damage": false
					}
				]
			}
		},
		"events": {
			"target": {
				"add": {
					"component_groups": [
						"zd:target"
					]
				}
			},
			"despawn": {
				"add": {
					"component_groups": [
						"despawn"
					]
				}
			}
		}
	}
}