{
	"format_version": "1.17.0",
	"minecraft:entity": {
		"description": {
			"identifier": "zd:healing_villager",
			"is_summonable": true,
			"is_spawnable": false
		},
		"component_groups": {
			"start": {
				"minecraft:timer": {
					"time": 1,
					"time_down_event": {
						"event": "default",
						"target": "self"
					}
				},
				"minecraft:variant": {
					"value": 0
				}
			},
			"default": {
				"minecraft:mob_effect": {
					"effect_range": 20,
					"mob_effect": "regeneration",
					"effect_time": 1,
					"entity_filter": {
						"any_of": [
							{
								"test": "is_family",
								"subject": "other",
								"value": "player"
							},
							{
								"test": "is_family",
								"subject": "other",
								"value": "villager"
							},
							{
								"test": "is_family",
								"subject": "other",
								"value": "irongolem"
							}
						]
					}
				},
				"minecraft:variant": {
					"value": 1
				}
			},
			"spawn": {
				"minecraft:spawn_entity": {
					"entities": {
						"max_wait_time": 0,
						"min_wait_time": 0,
						"num_to_spawn": 1,
						"single_use": true,
						"spawn_item": "zd:healing_villager"
					}
				},
				"minecraft:instant_despawn": {
					"remove_child_entities": true
				}
			}
		},
		"components": {
			"minecraft:collision_box": {
				"width": 0.6,
				"height": 3.9
			},
			"minecraft:physics": {},
			"minecraft:pushable": {
				"is_pushable": false,
				"is_pushable_by_piston": true
			},
			"minecraft:movement": {
				"value": 0
			},
			"minecraft:scale": {
				"value": 0.5
			},
			"minecraft:navigation.walk": {},
			"minecraft:movement.basic": {},
			"minecraft:health": {
				"value": 150,
				"max": 150
			},
			"minecraft:loot": {
				"table": "loot_tables/healing.json"
			},
			"minecraft:knockback_resistance": {
				"value": 1
			},
			"minecraft:damage_sensor": {
				"triggers": [
					{
						"on_damage": {
							"filters": {
								"all_of": [
									{
										"test": "is_family",
										"subject": "other",
										"operator": "==",
										"value": "villager"
									}
								]
							}
						},
						"deals_damage": false
					},
					{
						"on_damage": {
							"filters": {
								"all_of": [
									{
										"test": "is_family",
										"subject": "other",
										"operator": "==",
										"value": "crossbow"
									}
								]
							}
						},
						"deals_damage": false
					},
					{
						"on_damage": {
							"filters": {
								"all_of": [
									{
										"test": "is_family",
										"subject": "other",
										"value": "player"
									}
								]
							},
							"event": "drop",
							"target": "self"
						},
						"deals_damage": false
					}
				]
			},
			"minecraft:type_family": {
				"family": [
					"villager",
					"irongolem"
				]
			},
			"minecraft:breathable": {
				"breathes_water": true
			}
		},
		"events": {
			"minecraft:entity_spawned": {
				"add": {
					"component_groups": [
						"start"
					]
				}
			},
			"default": {
				"remove": {
					"component_groups": [
						"start"
					]
				},
				"add": {
					"component_groups": [
						"default"
					]
				}
			},
			"drop": {
				"add": {
					"component_groups": [
						"spawn"
					]
				}
			}
		}
	}
}