{
	"format_version": "1.17.0",
	"minecraft:entity": {
		"description": {
			"identifier": "zd:ice",
			"is_summonable": true,
			"is_spawnable": false,
			"runtime_identifier": "minecraft:egg"
		},
		"component_groups": {},
		"components": {
			"minecraft:projectile": {
				"on_hit": {
					"particle_on_hit": {
						"num_particles": 10,
						"on_other_hit": true,
						"on_entity_hit": true,
						"particle_type": "snowballpoof"
					},
					"impact_damage": {
						"knockback": true,
						"power_multiplier": 1.2,
						"damage": [
							5,
							10
						],
						"channeling": true
					},
					"stick_in_ground": {
						"shake_time": 0.1
					}
				},
				"power": 2,
				"gravity": 0.05,
				"uncertainty_base": 16,
				"uncertainty_multiplier": 4,
				"shoot_target": true,
				"anchor": 1,
				"offset": [
					0,
					-0.1,
					0
				],
				"catch_fire": false,
				"multiple_targets": true,
				"shoot_sound": "snow.shoot",
				"hit_sound": "snow.shoot",
				"hit_ground_sound": "snow.shoot"
			},
			"minecraft:physics": {},
			"minecraft:pushable": {
				"is_pushable": true,
				"is_pushable_by_piston": true
			},
			"minecraft:conditional_bandwidth_optimization": {
				"default_values": {
					"use_motion_prediction_hints": true,
					"max_optimized_distance": 128
				}
			},
			"minecraft:scale": {
				"value": 0.5
			}
		},
		"events": {}
	}
}