{
	"format_version": "1.17.0",
	"minecraft:entity": {
		"description": {
			"identifier": "zd:ice_shell",
			"runtime_identifier": "minecraft:egg",
			"is_summonable": true,
			"is_spawnable": false,
			"animations": {
				"flame": "animation.flame"
			},
			"scripts": {
				"animate": [
					"flame"
				]
			}
		},
		"component_groups": {
			"minecraft:exploding": {
				"minecraft:explode": {
					"fuse_length": 0,
					"fuse_lit": true,
					"power": 4,
					"destroy_affected_by_griefing": false,
					"max_resistance": 0.2,
					"breaks_blocks": false,
					"fire_affected_by_griefing": false
				}
			}
		},
		"components": {
			"minecraft:projectile": {
				"on_hit": {
					"definition_event": {
						"event_trigger": {
							"event": "minecraft:explode",
							"target": "self"
						},
						"affect_target": true,
						"affect_projectile": false
					},
					"particle_on_hit": {
						"num_particles": 10,
						"on_other_hit": true,
						"on_entity_hit": true,
						"particle_type": "snowballpoof"
					},
					"mob_effect": {
						"effect": "slowness",
						"duration": 5,
						"amplifier": 2
					},
					"impact_damage": {
						"damage": [
							10,
							20
						],
						"knockback": true,
						"power_multiplier": 1.5
					}
				},
				"power": 0.9,
				"gravity": 0.02,
				"uncertainty_base": 16,
				"uncertainty_multiplier": 4,
				"shoot_target": true,
				"knockback": true,
				"anchor": 1,
				"offset": [
					0,
					8,
					0
				],
				"catch_fire": false,
				"multiple_targets": true
			},
			"minecraft:physics": {},
			"minecraft:pushable": {
				"is_pushable": true,
				"is_pushable_by_piston": true
			},
			"minecraft:conditional_bandwidth_optimization": {
				"default_values": {
					"use_motion_prediction_hints": true,
					"max_optimized_distance": 128
				}
			},
			"minecraft:despawn": {
				"filters": {
					"any_of": [
						{
							"all_of": [
								{
									"test": "is_persistent",
									"value": false
								},
								{
									"test": "distance_to_nearest_player",
									"operator": ">",
									"value": 54
								}
							]
						},
						{
							"all_of": [
								{
									"test": "is_persistent",
									"value": false
								},
								{
									"test": "inactivity_timer",
									"subject": "self",
									"value": 30
								},
								{
									"test": "random_chance",
									"value": 800
								},
								{
									"test": "distance_to_nearest_player",
									"operator": ">",
									"value": 32
								}
							]
						}
					]
				}
			}
		},
		"events": {
			"minecraft:explode": {
				"add": {
					"component_groups": [
						"minecraft:exploding"
					]
				}
			}
		}
	}
}