{
	"format_version": "1.16.0",
	"minecraft:entity": {
		"description": {
			"identifier": "zd:ice_illager",
			"is_spawnable": true,
			"is_summonable": true,
			"is_experimental": false
		},
		"component_groups": {
			"minecraft:celebrate": {
				"minecraft:behavior.celebrate": {
					"priority": 5,
					"celebration_sound": "celebrate",
					"sound_interval": {
						"range_min": 2,
						"range_max": 7
					},
					"jump_interval": {
						"range_min": 1,
						"range_max": 3.5
					},
					"duration": 30,
					"on_celebration_end_event": {
						"event": "minecraft:stop_celebrating",
						"target": "self"
					}
				}
			},
			"minecraft:raid_configuration": {
				"minecraft:dweller": {
					"dwelling_type": "village",
					"dweller_role": "hostile",
					"update_interval_base": 60,
					"update_interval_variant": 40,
					"can_find_poi": false,
					"can_migrate": false,
					"first_founding_reward": 0
				},
				"minecraft:behavior.move_to_village": {
					"priority": 6,
					"speed_multiplier": 0.7
				},
				"minecraft:ambient_sound_interval": {
					"value": 2,
					"range": 4,
					"event_name": "ambient.in.raid"
				}
			},
			"shoot": {
				"minecraft:shooter": {
					"def": "zd:ice_shell"
				},
				"minecraft:behavior.ranged_attack": {
					"priority": 2,
					"attack_interval_max": 5,
					"attack_interval_min": 5,
					"attack_radius": 40,
					"charge_shoot_trigger": 3,
					"speed_multiplier": 0.5
				},
				"minecraft:variant": {
					"value": 0
				}
			},
			"shootice": {
				"minecraft:shooter": {
					"def": "zd:ice"
				},
				"minecraft:behavior.ranged_attack": {
					"priority": 2,
					"attack_interval_max": 1,
					"attack_interval_min": 1,
					"attack_radius": 20,
					"burst_shots": 5,
					"burst_interval": 0.5,
					"speed_multiplier": 1,
					"charge_shoot_trigger": 1
				},
				"minecraft:variant": {
					"value": 1
				}
			}
		},
		"components": {
			"minecraft:is_hidden_when_invisible": {},
			"minecraft:experience_reward": {
				"on_death": 10
			},
			"minecraft:type_family": {
				"family": [
					"evocation_illager",
					"monster",
					"illager",
					"mob",
					"ice"
				]
			},
			"minecraft:breathable": {
				"total_supply": 15,
				"suffocate_time": 0
			},
			"minecraft:nameable": {},
			"minecraft:loot": {
				"table": "loot_tables/ice_illager.json"
			},
			"minecraft:health": {
				"value": 24,
				"max": 24
			},
			"minecraft:hurt_on_condition": {
				"damage_conditions": [
					{
						"filters": {
							"test": "in_lava",
							"subject": "self",
							"operator": "==",
							"value": true
						},
						"cause": "lava",
						"damage_per_tick": 4
					}
				]
			},
			"minecraft:collision_box": {
				"width": 0.6,
				"height": 1.9
			},
			"minecraft:movement": {
				"value": 0.35
			},
			"minecraft:navigation.walk": {
				"can_path_over_water": true,
				"can_pass_doors": true,
				"can_open_doors": true,
				"avoid_water": true
			},
			"minecraft:movement.basic": {},
			"minecraft:jump.static": {},
			"minecraft:can_climb": {},
			"minecraft:behavior.float": {
				"priority": 0
			},
			"minecraft:behavior.send_event": {
				"priority": 3,
				"event_choices": [
					{
						"min_activation_range": 0,
						"max_activation_range": 16,
						"cooldown_time": 5,
						"cast_duration": 3,
						"particle_color": "#FFB38033",
						"weight": 3,
						"filters": {
							"all_of": [
								{
									"test": "is_family",
									"subject": "other",
									"value": "sheep"
								},
								{
									"test": "is_color",
									"subject": "other",
									"value": "blue"
								}
							]
						},
						"start_sound_event": "cast.spell",
						"sequence": [
							{
								"base_delay": 2,
								"event": "wololo",
								"sound_event": "prepare.wololo"
							}
						]
					},
					{
						"min_activation_range": 0,
						"max_activation_range": 64,
						"cooldown_time": 5,
						"cast_duration": 3,
						"particle_color": "#FFB38033",
						"weight": 2,
						"filters": {
							"all_of": [
								{
									"test": "is_family",
									"subject": "other",
									"value": "skeleton"
								},
								{
									"test": "is_family",
									"subject": "other",
									"operator": "!=",
									"value": "stray"
								}
							]
						},
						"start_sound_event": "cast.spell",
						"sequence": [
							{
								"base_delay": 2,
								"event": "wololo",
								"sound_event": "prepare.wololo"
							}
						]
					}
				]
			},
			"minecraft:behavior.avoid_mob_type": {
				"priority": 5,
				"entity_types": [
					{
						"filters": {
							"test": "is_family",
							"subject": "other",
							"value": "player"
						},
						"max_dist": 8,
						"walk_speed_multiplier": 0.6,
						"sprint_speed_multiplier": 1
					},
					{
						"filters": {
							"test": "is_family",
							"subject": "other",
							"value": "villager"
						},
						"max_dist": 8,
						"walk_speed_multiplier": 0.6,
						"sprint_speed_multiplier": 1
					}
				]
			},
			"minecraft:behavior.random_stroll": {
				"priority": 8,
				"speed_multiplier": 0.6
			},
			"minecraft:behavior.nearest_attackable_target": {
				"priority": 2,
				"entity_types": [
					{
						"filters": {
							"any_of": [
								{
									"test": "is_family",
									"subject": "other",
									"value": "player"
								},
								{
									"test": "is_family",
									"subject": "other",
									"value": "snowgolem"
								},
								{
									"test": "is_family",
									"subject": "other",
									"value": "irongolem"
								},
								{
									"test": "is_family",
									"subject": "other",
									"value": "wandering_trader"
								}
							]
						},
						"max_dist": 50
					},
					{
						"filters": {
							"all_of": [
								{
									"test": "is_family",
									"subject": "other",
									"value": "villager"
								},
								{
									"test": "has_component",
									"subject": "other",
									"operator": "!=",
									"value": "minecraft:is_baby"
								}
							]
						},
						"max_dist": 50
					}
				],
				"must_see": true
			},
			"minecraft:behavior.look_at_player": {
				"priority": 9,
				"look_distance": 3,
				"probability": 1
			},
			"minecraft:behavior.look_at_entity": {
				"priority": 10,
				"look_distance": 8,
				"filters": {
					"test": "is_family",
					"subject": "other",
					"value": "mob"
				}
			},
			"minecraft:behavior.hurt_by_target": {
				"priority": 1
			},
			"minecraft:persistent": {},
			"minecraft:physics": {},
			"minecraft:pushable": {
				"is_pushable": true,
				"is_pushable_by_piston": true
			},
			"minecraft:follow_range": {
				"value": 64
			},
			"minecraft:conditional_bandwidth_optimization": {},
			"minecraft:damage_sensor": {
				"triggers": [
					{
						"on_damage": {
							"filters": {
								"all_of": [
									{
										"test": "is_family",
										"subject": "other",
										"operator": "==",
										"value": "illager"
									},
									{
										"test": "has_damage",
										"value": "entity_attack"
									}
								]
							}
						},
						"deals_damage": false
					},
					{
						"on_damage": {
							"filters": {
								"all_of": [
									{
										"test": "is_family",
										"subject": "other",
										"operator": "==",
										"value": "ice"
									},
									{
										"test": "has_damage",
										"value": "entity_explosion"
									}
								]
							}
						},
						"deals_damage": false
					}
				]
			},
			"minecraft:target_nearby_sensor": {
				"inside_range": 15,
				"outside_range": 16,
				"on_inside_range": {
					"event": "shootice",
					"target": "self"
				},
				"on_outside_range": {
					"event": "shoot",
					"target": "self"
				}
			}
		},
		"events": {
			"minecraft:spawn_for_raid": {
				"add": {
					"component_groups": [
						"minecraft:raid_configuration"
					]
				}
			},
			"minecraft:start_celebrating": {
				"add": {
					"component_groups": [
						"minecraft:celebrate"
					]
				}
			},
			"minecraft:stop_celebrating": {
				"remove": {
					"component_groups": [
						"minecraft:celebrate"
					]
				}
			},
			"minecraft:entity_spawned": {
				"add": {
					"component_groups": [
						"shoot"
					]
				}
			},
			"shoot": {
				"remove": {
					"component_groups": [
						"shootice"
					]
				},
				"add": {
					"component_groups": [
						"shoot"
					]
				}
			},
			"shootice": {
				"remove": {
					"component_groups": [
						"shoot"
					]
				},
				"add": {
					"component_groups": [
						"shootice"
					]
				}
			}
		}
	}
}