{
	"format_version": "1.17.0",
	"minecraft:entity": {
		"description": {
			"identifier": "zd:magic_fire",
			"is_summonable": true,
			"is_spawnable": false,
			"runtime_identifier": "minecraft:arrow",
			"animations": {
				"fire_magic": "animation.fire_magic",
				"firely": "animation.firely"
			},
			"scripts": {
				"animate": [
					"fire_magic",
					"firely"
				]
			}
		},
		"component_groups": {
			"despawn": {
				"minecraft:instant_despawn": {
					"remove_child_entities": true
				}
			}
		},
		"components": {
			"minecraft:projectile": {
				"on_hit": {
					"particle_on_hit": {
						"num_particles": 10,
						"on_other_hit": true,
						"on_entity_hit": true,
						"particle_type": "flame"
					},
					"impact_damage": {
						"knockback": true,
						"power_multiplier": 1.2,
						"damage": [
							3,
							4
						],
						"channeling": true
					},
					"stick_in_ground": {
						"shake_time": 0.1
					}
				},
				"power": 1.6,
				"gravity": 0,
				"uncertainty_base": 16,
				"uncertainty_multiplier": 4,
				"shoot_target": true,
				"anchor": 1,
				"offset": [
					0,
					-0.1,
					0
				],
				"catch_fire": true,
				"multiple_targets": true
			},
			"minecraft:physics": {},
			"minecraft:pushable": {
				"is_pushable": true,
				"is_pushable_by_piston": true
			},
			"minecraft:conditional_bandwidth_optimization": {
				"default_values": {
					"use_motion_prediction_hints": true,
					"max_optimized_distance": 128
				}
			},
			"minecraft:despawn": {
				"filters": {
					"any_of": [
						{
							"all_of": [
								{
									"test": "is_persistent",
									"value": false
								},
								{
									"test": "distance_to_nearest_player",
									"operator": ">",
									"value": 54
								}
							]
						},
						{
							"all_of": [
								{
									"test": "is_persistent",
									"value": false
								},
								{
									"test": "inactivity_timer",
									"subject": "self",
									"value": 30
								},
								{
									"test": "random_chance",
									"value": 800
								},
								{
									"test": "distance_to_nearest_player",
									"operator": ">",
									"value": 32
								}
							]
						}
					]
				}
			},
			"minecraft:timer": {
				"time": 4,
				"time_down_event": {
					"event": "zd:despawn",
					"target": "self"
				}
			}
		},
		"events": {
			"zd:despawn": {
				"add": {
					"component_groups": [
						"despawn"
					]
				}
			}
		}
	}
}