{
	"format_version": "1.17.0",
	"minecraft:entity": {
		"description": {
			"identifier": "zd:muiten",
			"is_summonable": true,
			"is_spawnable": false,
			"runtime_identifier": "minecraft:arrow"
		},
		"component_groups": {
			"crossbow": {
				"minecraft:projectile": {
					"on_hit": {
						"particle_on_hit": {
							"num_particles": 10,
							"on_other_hit": true,
							"on_entity_hit": true,
							"particle_type": "largesmoke"
						},
						"impact_damage": {
							"knockback": true,
							"power_multiplier": 1.2,
							"damage": [
								40,
								60
							]
						},
						"stick_in_ground": {
							"shake_time": 0.35
						},
						"definition_event": {
							"event_trigger": {
								"event": "time",
								"target": "self"
							},
							"affect_projectile": true
						}
					},
					"power": 5,
					"gravity": 0.05,
					"uncertainty_base": 1,
					"uncertainty_multiplier": 0,
					"knockback": true,
					"anchor": 1,
					"offset": [
						0,
						0,
						0
					],
					"multiple_targets": true,
					"is_dangerous": true,
					"should_bounce": true,
					"hit_sound": "bow.hit"
				}
			},
			"zd:despawn": {
				"minecraft:instant_despawn": {
					"remove_child_entities": true
				}
			},
			"time": {
				"minecraft:timer": {
					"time": 0.5,
					"time_down_event": {
						"event": "zd:despawn",
						"target": "self"
					}
				}
			}
		},
		"components": {
			"minecraft:projectile": {
				"on_hit": {
					"particle_on_hit": {
						"num_particles": 10,
						"on_other_hit": true,
						"on_entity_hit": true,
						"particle_type": "largesmoke"
					},
					"impact_damage": {
						"knockback": true,
						"power_multiplier": 1.2,
						"damage": [
							40,
							60
						]
					},
					"stick_in_ground": {
						"shake_time": 0.35
					},
					"definition_event": {
						"event_trigger": {
							"event": "time",
							"target": "self"
						},
						"affect_projectile": true
					}
				},
				"power": 5,
				"gravity": 0.05,
				"uncertainty_base": 1,
				"uncertainty_multiplier": 0,
				"knockback": true,
				"anchor": 1,
				"offset": [
					0,
					-0.5,
					0
				],
				"multiple_targets": true,
				"is_dangerous": true,
				"should_bounce": true,
				"hit_sound": "bow.hit"
			},
			"minecraft:physics": {},
			"minecraft:pushable": {
				"is_pushable": true,
				"is_pushable_by_piston": true
			},
			"minecraft:conditional_bandwidth_optimization": {
				"default_values": {
					"use_motion_prediction_hints": true,
					"max_optimized_distance": 128
				}
			},
			"minecraft:collision_box": {
				"width": 0.25,
				"height": 0.25
			},
			"minecraft:despawn": {
				"filters": {
					"any_of": [
						{
							"all_of": [
								{
									"test": "is_persistent",
									"value": false
								},
								{
									"test": "distance_to_nearest_player",
									"operator": ">",
									"value": 54
								}
							]
						},
						{
							"all_of": [
								{
									"test": "is_persistent",
									"value": false
								},
								{
									"test": "inactivity_timer",
									"subject": "self",
									"value": 30
								},
								{
									"test": "random_chance",
									"value": 800
								},
								{
									"test": "distance_to_nearest_player",
									"operator": ">",
									"value": 32
								}
							]
						}
					]
				}
			}
		},
		"events": {
			"minecraft:entity_spawned": {
				"sequence": [
					{
						"filters": {
							"test": "is_family",
							"subject": "other",
							"value": "crossbow"
						},
						"add": {
							"component_groups": [
								"crossbow"
							]
						}
					}
				]
			},
			"zd:despawn": {
				"add": {
					"component_groups": [
						"zd:despawn"
					]
				}
			},
			"time": {
				"add": {
					"component_groups": [
						"time"
					]
				}
			}
		}
	}
}