{
	"format_version": "1.16.0",
	"minecraft:entity": {
		"description": {
			"identifier": "zd:pillager_ranged_general",
			"is_spawnable": true,
			"is_summonable": true,
			"is_experimental": false
		},
		"component_groups": {
			"angry": {
				"minecraft:angry": {
					"duration": 30,
					"broadcast_anger": true,
					"broadcast_anger_on_attack": false,
					"broadcast_anger_on_being_attacked": false,
					"broadcast_range": 16,
					"broadcast_targets": [
						"illager"
					],
					"calm_event": {
						"event": "become_calm_event",
						"target": "self"
					},
					"filters": {
						"all_of": [
							{
								"test": "is_family",
								"subject": "other",
								"operator": "!=",
								"value": "illager"
							}
						]
					},
					"angry_sound": "angry",
					"sound_interval": {
						"range_min": 2,
						"range_max": 5
					}
				}
			},
			"alert_for_attack_targets": {
				"minecraft:behavior.nearest_prioritized_attackable_target": {
					"priority": 3,
					"within_radius": 30,
					"persist_time": 2,
					"must_see": true,
					"entity_types": [
						{
							"filters": {
								"test": "is_family",
								"subject": "other",
								"value": "player"
							},
							"max_dist": 30,
							"priority": 0
						},
						{
							"filters": {
								"test": "is_family",
								"subject": "other",
								"value": "villager"
							},
							"max_dist": 30,
							"priority": 1
						},
						{
							"filters": {
								"test": "is_family",
								"subject": "other",
								"value": "irongolem"
							},
							"max_dist": 30,
							"priority": 2
						}
					]
				},
				"minecraft:target_nearby_sensor": {
					"inside_range": 4,
					"outside_range": 5,
					"on_inside_range": {
						"event": "inside",
						"target": "self"
					},
					"on_outside_range": {
						"event": "outside",
						"target": "self"
					}
				}
			},
			"go_back_to_spawn": {
				"minecraft:behavior.go_home": {
					"priority": 6,
					"interval": 200,
					"speed_multiplier": 0.6,
					"goal_radius": 4,
					"on_failed": {
						"event": "go_back_to_spawn_failed",
						"target": "self"
					}
				}
			},
			"ranged_unit": {
				"minecraft:behavior.ranged_attack": {
					"priority": 4,
					"attack_interval_min": 1,
					"attack_interval_max": 1,
					"attack_radius": 20,
					"speed_multiplier": 1
				},
				"minecraft:behavior.charge_held_item": {
					"priority": 5,
					"items": [
						"minecraft:arrow"
					]
				},
				"minecraft:shooter": {
					"def": "minecraft:arrow"
				},
				"minecraft:variant": {
					"value": 0
				}
			},
			"minecraft:celebrate": {
				"minecraft:behavior.celebrate": {
					"priority": 5,
					"celebration_sound": "celebrate",
					"sound_interval": {
						"range_min": 2,
						"range_max": 7
					},
					"jump_interval": {
						"range_min": 1,
						"range_max": 3.5
					},
					"duration": 30,
					"on_celebration_end_event": {
						"event": "minecraft:stop_celebrating",
						"target": "self"
					}
				}
			},
			"minecraft:raid_configuration": {
				"minecraft:dweller": {
					"dwelling_type": "village",
					"dweller_role": "hostile",
					"update_interval_base": 60,
					"update_interval_variant": 40,
					"can_find_poi": false,
					"can_migrate": false,
					"first_founding_reward": 0
				},
				"minecraft:loot": {
					"table": "loot_tables/entities/pillager_raid.json"
				},
				"minecraft:ambient_sound_interval": {
					"value": 2,
					"range": 4,
					"event_name": "ambient.in.raid"
				}
			},
			"ranged_1": {
				"minecraft:variant": {
					"value": 0
				},
				"minecraft:behavior.ranged_attack": {
					"priority": 4,
					"attack_interval_min": 1,
					"attack_interval_max": 1,
					"attack_radius": 20,
					"speed_multiplier": 1
				},
				"minecraft:shooter": {
					"def": "zd:rocket"
				},
				"minecraft:behavior.charge_held_item": {
					"priority": 5,
					"items": [
						"minecraft:fireworks"
					]
				}
			}
		},
		"components": {
			"minecraft:is_hidden_when_invisible": {},
			"minecraft:collision_box": {
				"width": 0.6,
				"height": 1.9
			},
			"minecraft:type_family": {
				"family": [
					"pillager",
					"illager",
					"monster",
					"mob",
					"captain"
				]
			},
			"minecraft:home": {},
			"minecraft:conditional_bandwidth_optimization": {},
			"minecraft:experience_reward": {
				"on_death": "query.last_hit_by_player?20:0"
			},
			"minecraft:on_target_acquired": {
				"event": "become_angry_event",
				"target": "self"
			},
			"minecraft:breathable": {
				"total_supply": 15,
				"suffocate_time": 0
			},
			"minecraft:health": {
				"value": 30,
				"max": 30
			},
			"minecraft:hurt_on_condition": {
				"damage_conditions": [
					{
						"filters": {
							"test": "in_lava",
							"subject": "self",
							"operator": "==",
							"value": true
						},
						"cause": "lava",
						"damage_per_tick": 4
					}
				]
			},
			"minecraft:loot": {
				"table": "loot_tables/pillager_bandit.json"
			},
			"minecraft:movement": {
				"value": 0.35
			},
			"minecraft:navigation.walk": {
				"can_path_over_water": true,
				"can_open_doors": true,
				"avoid_water": true
			},
			"minecraft:annotation.open_door": {},
			"minecraft:movement.basic": {},
			"minecraft:jump.static": {},
			"minecraft:nameable": {},
			"minecraft:despawn": {
				"despawn_from_distance": {
					"max_distance": 3000,
					"min_distance": 1200
				}
			},
			"minecraft:behavior.hurt_by_target": {
				"priority": 1
			},
			"minecraft:behavior.random_stroll": {
				"priority": 7,
				"speed_multiplier": 0.6
			},
			"minecraft:behavior.look_at_player": {
				"priority": 8,
				"look_distance": 8
			},
			"minecraft:behavior.random_look_around": {
				"priority": 9
			},
			"minecraft:physics": {},
			"minecraft:pushable": {
				"is_pushable": true,
				"is_pushable_by_piston": true
			},
			"minecraft:follow_range": {
				"value": 64
			},
			"minecraft:behavior.float": {
				"priority": 0
			},
			"minecraft:behavior.move_to_village": {
				"priority": 5,
				"speed_multiplier": 1,
				"goal_radius": 2
			},
			"minecraft:damage_sensor": {
				"triggers": [
					{
						"on_damage": {
							"filters": {
								"all_of": [
									{
										"test": "is_family",
										"subject": "other",
										"operator": "==",
										"value": "illager"
									},
									{
										"test": "has_damage",
										"value": "entity_attack"
									}
								]
							}
						},
						"deals_damage": false
					},
					{
						"on_damage": {
							"filters": {
								"all_of": [
									{
										"test": "is_family",
										"subject": "other",
										"operator": "==",
										"value": "ice"
									},
									{
										"test": "has_damage",
										"value": "entity_explosion"
									}
								]
							}
						},
						"deals_damage": false
					}
				]
			},
			"minecraft:equipment": {
				"table": "loot_tables/pillager_crossbow.json",
				"slot_drop_chance": [
					{
						"slot": "slot.weapon.mainhand",
						"drop_chance": 0.2
					}
				]
			}
		},
		"events": {
			"minecraft:entity_spawned": {
				"add": {
					"component_groups": [
						"alert_for_attack_targets",
						"go_back_to_spawn",
						"minecraft:raid_configuration"
					]
				}
			},
			"become_angry_event": {
				"add": {
					"component_groups": [
						"angry"
					]
				}
			},
			"become_calm_event": {
				"remove": {
					"component_groups": [
						"angry"
					]
				},
				"add": {
					"component_groups": [
						"alert_for_attack_targets"
					]
				}
			},
			"go_back_to_spawn_failed": {
				"remove": {
					"component_groups": [
						"go_back_to_spawn"
					]
				}
			},
			"minecraft:start_celebrating": {
				"add": {
					"component_groups": [
						"minecraft:celebrate"
					]
				}
			},
			"minecraft:stop_celebrating": {
				"remove": {
					"component_groups": [
						"minecraft:celebrate"
					]
				}
			},
			"minecraft:entity_transformed": {
				"add": {
					"component_groups": [
						"alert_for_attack_targets",
						"go_back_to_spawn",
						"minecraft:raid_configuration"
					]
				}
			},
			"inside": {
				"remove": {
					"component_groups": [
						"ranged_1"
					]
				},
				"add": {
					"component_groups": [
						"ranged_unit"
					]
				}
			},
			"outside": {
				"remove": {
					"component_groups": [
						"ranged_unit"
					]
				},
				"add": {
					"component_groups": [
						"ranged_1"
					]
				}
			},
			"minecraft:spawn_for_raid": {
				"trigger": "minecraft:entity_spawned"
			}
		}
	}
}