{
	"format_version": "1.16.0",
	"minecraft:entity": {
		"description": {
			"identifier": "zd:pillager_small_cannon",
			"is_spawnable": true,
			"is_summonable": true,
			"is_experimental": false,
			"animations": {
				"attack": "controller.animation.attack"
			},
			"scripts": {
				"animate": [
					"attack"
				]
			}
		},
		"component_groups": {
			"melee_unit": {
				"minecraft:shooter": {
					"def": "zd:rocket"
				},
				"minecraft:behavior.ranged_attack": {
					"priority": 4,
					"attack_interval_max": 5,
					"attack_interval_min": 5,
					"attack_radius": 50,
					"speed_multiplier": 0.5,
					"charge_shoot_trigger": 2,
					"burst_shots": 10,
					"burst_interval": 0.2
				}
			},
			"angry": {
				"minecraft:angry": {
					"duration": 30,
					"broadcast_anger": true,
					"broadcast_anger_on_attack": false,
					"broadcast_anger_on_being_attacked": false,
					"broadcast_range": 30,
					"broadcast_targets": [
						"illager"
					],
					"calm_event": {
						"event": "become_calm_event",
						"target": "self"
					},
					"filters": {
						"all_of": [
							{
								"test": "is_family",
								"subject": "other",
								"operator": "!=",
								"value": "illager"
							}
						]
					},
					"angry_sound": "angry",
					"sound_interval": {
						"range_min": 2,
						"range_max": 5
					}
				}
			},
			"alert_for_attack_targets": {
				"minecraft:behavior.nearest_prioritized_attackable_target": {
					"priority": 3,
					"within_radius": 50,
					"persist_time": 2,
					"must_see": true,
					"entity_types": [
						{
							"filters": {
								"test": "is_family",
								"subject": "other",
								"value": "player"
							},
							"max_dist": 50,
							"priority": 0
						},
						{
							"filters": {
								"test": "is_family",
								"subject": "other",
								"value": "villager"
							},
							"max_dist": 50,
							"priority": 1
						},
						{
							"filters": {
								"test": "is_family",
								"subject": "other",
								"value": "irongolem"
							},
							"max_dist": 50,
							"priority": 2
						}
					]
				}
			},
			"go_back_to_spawn": {
				"minecraft:behavior.go_home": {
					"priority": 6,
					"interval": 200,
					"speed_multiplier": 0.6,
					"goal_radius": 4,
					"on_failed": {
						"event": "go_back_to_spawn_failed",
						"target": "self"
					}
				}
			}
		},
		"components": {
			"minecraft:is_hidden_when_invisible": {},
			"minecraft:collision_box": {
				"width": 1,
				"height": 1.9
			},
			"minecraft:type_family": {
				"family": [
					"pillager",
					"illager",
					"monster",
					"illagercannon"
				]
			},
			"minecraft:home": {},
			"minecraft:conditional_bandwidth_optimization": {},
			"minecraft:experience_reward": {
				"on_death": "query.last_hit_by_player?20:0"
			},
			"minecraft:on_target_acquired": {
				"event": "become_angry_event",
				"target": "self"
			},
			"minecraft:breathable": {
				"total_supply": 15,
				"suffocate_time": 0
			},
			"minecraft:health": {
				"value": 50,
				"max": 50
			},
			"minecraft:hurt_on_condition": {
				"damage_conditions": [
					{
						"filters": {
							"test": "in_lava",
							"subject": "self",
							"operator": "==",
							"value": true
						},
						"cause": "lava",
						"damage_per_tick": 4
					}
				]
			},
			"minecraft:loot": {
				"table": "loot_tables/pillager_bandit.json"
			},
			"minecraft:movement": {
				"value": 0.5
			},
			"minecraft:navigation.walk": {
				"can_path_over_water": true,
				"can_open_doors": true,
				"avoid_water": true
			},
			"minecraft:annotation.open_door": {},
			"minecraft:movement.basic": {},
			"minecraft:jump.static": {},
			"minecraft:nameable": {},
			"minecraft:despawn": {
				"filters": {
					"any_of": [
						{
							"all_of": [
								{
									"test": "is_persistent",
									"value": false
								},
								{
									"test": "distance_to_nearest_player",
									"operator": ">",
									"value": 54
								}
							]
						},
						{
							"all_of": [
								{
									"test": "is_persistent",
									"value": false
								},
								{
									"test": "inactivity_timer",
									"subject": "self",
									"value": 30
								},
								{
									"test": "random_chance",
									"value": 800
								},
								{
									"test": "distance_to_nearest_player",
									"operator": ">",
									"value": 32
								}
							]
						}
					]
				}
			},
			"minecraft:behavior.hurt_by_target": {
				"priority": 1
			},
			"minecraft:behavior.random_stroll": {
				"priority": 7,
				"speed_multiplier": 0.6
			},
			"minecraft:behavior.look_at_player": {
				"priority": 8,
				"look_distance": 8
			},
			"minecraft:behavior.random_look_around": {
				"priority": 9
			},
			"minecraft:physics": {},
			"minecraft:pushable": {
				"is_pushable": true,
				"is_pushable_by_piston": true
			},
			"minecraft:follow_range": {
				"value": 64
			},
			"minecraft:damage_sensor": {
				"triggers": [
					{
						"on_damage": {
							"filters": {
								"all_of": [
									{
										"test": "is_family",
										"subject": "other",
										"operator": "==",
										"value": "illager"
									},
									{
										"test": "has_damage",
										"value": "entity_attack"
									}
								]
							}
						},
						"deals_damage": false
					},
					{
						"on_damage": {
							"filters": {
								"all_of": [
									{
										"test": "is_family",
										"subject": "other",
										"operator": "==",
										"value": "ice"
									},
									{
										"test": "has_damage",
										"value": "entity_explosion"
									}
								]
							}
						},
						"deals_damage": false
					}
				]
			},
			"minecraft:behavior.move_to_village": {
				"priority": 5,
				"speed_multiplier": 0.8,
				"goal_radius": 2
			},
			"minecraft:knockback_resistance": {
				"value": 0.5,
				"max": 0.5
			}
		},
		"events": {
			"minecraft:entity_spawned": {
				"add": {
					"component_groups": [
						"alert_for_attack_targets",
						"melee_unit",
						"go_back_to_spawn"
					]
				}
			},
			"become_angry_event": {
				"add": {
					"component_groups": [
						"angry"
					]
				}
			},
			"become_calm_event": {
				"remove": {
					"component_groups": [
						"angry"
					]
				},
				"add": {
					"component_groups": [
						"alert_for_attack_targets"
					]
				}
			},
			"go_back_to_spawn_failed": {
				"remove": {
					"component_groups": [
						"go_back_to_spawn"
					]
				}
			},
			"minecraft:spawn_for_raid": {
				"trigger": "minecraft:entity_spawned"
			}
		}
	}
}