{
	"format_version": "1.16.0",
	"minecraft:entity": {
		"description": {
			"identifier": "zd:pillager_general",
			"is_spawnable": true,
			"is_summonable": true,
			"is_experimental": false,
			"animations": {
				"armor": "animation.netherite.armor"
			},
			"scripts": {
				"animate": [
					"armor"
				]
			}
		},
		"component_groups": {
			"melee_unit": {
				"minecraft:attack": {
					"damage": 15
				},
				"minecraft:variant": {
					"value": 1
				},
				"minecraft:timer": {
					"random_time_choices": [
						{
							"weight": 1,
							"value": 15
						},
						{
							"weight": 1,
							"value": 20
						},
						{
							"weight": 1,
							"value": 17
						}
					],
					"time_down_event": {
						"event": "summon",
						"target": "self"
					}
				},
				"minecraft:behavior.delayed_attack": {
					"priority": 4,
					"speed_multiplier": 1.2,
					"attack_duration": 0.52,
					"hit_delay_pct": 0.32,
					"reach_multiplier": 5,
					"track_target": true,
					"require_complete_path": true
				}
			},
			"angry": {
				"minecraft:angry": {
					"duration": 30,
					"broadcast_anger": true,
					"broadcast_anger_on_attack": false,
					"broadcast_anger_on_being_attacked": false,
					"broadcast_range": 16,
					"broadcast_targets": [
						"illager"
					],
					"calm_event": {
						"event": "become_calm_event",
						"target": "self"
					},
					"filters": {
						"all_of": [
							{
								"test": "is_family",
								"subject": "other",
								"operator": "!=",
								"value": "illager"
							}
						]
					},
					"angry_sound": "angry",
					"sound_interval": {
						"range_min": 2,
						"range_max": 5
					}
				}
			},
			"go_back_to_spawn": {
				"minecraft:behavior.go_home": {
					"priority": 6,
					"interval": 200,
					"speed_multiplier": 0.6,
					"goal_radius": 4,
					"on_failed": {
						"event": "go_back_to_spawn_failed",
						"target": "self"
					}
				}
			},
			"summon_unit": {
				"minecraft:behavior.summon_entity": {
					"priority": 4,
					"summon_choices": [
						{
							"do_casting": true,
							"min_activation_range": 0,
							"max_activation_range": 30,
							"cooldown_time": 20,
							"weight": 1,
							"cast_duration": 2,
							"start_sound_event": "casting",
							"sequence": [
								{
									"shape": "circle",
									"base_delay": 1,
									"delay_per_summon": 0,
									"target": "self",
									"num_entities_spawned": 8,
									"size": 4,
									"entity_lifespan": -1,
									"entity_type": "zd:pillager_bandit"
								},
								{
									"shape": "circle",
									"base_delay": 0.5,
									"delay_per_summon": 0,
									"target": "self",
									"num_entities_spawned": 4,
									"size": 2,
									"entity_lifespan": -1,
									"entity_type": "zd:pillager_guard"
								}
							]
						}
					]
				},
				"minecraft:variant": {
					"value": 0
				},
				"minecraft:timer": {
					"random_time_choices": [
						{
							"weight": 1,
							"value": 7
						},
						{
							"weight": 1,
							"value": 10
						}
					],
					"time_down_event": {
						"event": "melee",
						"target": "self"
					}
				},
				"minecraft:spell_effects": {
					"add_effects": [
						{
							"effect": "regeneration",
							"duration": 20,
							"amplifier": 2,
							"visible": false
						}
					],
					"remove_effects": [
						"resistance"
					]
				}
			}
		},
		"components": {
			"minecraft:is_hidden_when_invisible": {},
			"minecraft:collision_box": {
				"width": 0.6,
				"height": 1.9
			},
			"minecraft:type_family": {
				"family": [
					"pillager",
					"illager",
					"monster",
					"mob"
				]
			},
			"minecraft:home": {},
			"minecraft:conditional_bandwidth_optimization": {},
			"minecraft:experience_reward": {
				"on_death": "query.last_hit_by_player?100:0"
			},
			"minecraft:on_target_acquired": {
				"event": "become_angry_event",
				"target": "self"
			},
			"minecraft:breathable": {
				"total_supply": 15,
				"suffocate_time": 0
			},
			"minecraft:health": {
				"value": 300,
				"max": 300
			},
			"minecraft:hurt_on_condition": {
				"damage_conditions": [
					{
						"filters": {
							"test": "in_lava",
							"subject": "self",
							"operator": "==",
							"value": true
						},
						"cause": "lava",
						"damage_per_tick": 4
					}
				]
			},
			"minecraft:movement": {
				"value": 0.35
			},
			"minecraft:navigation.walk": {
				"can_path_over_water": true,
				"can_open_doors": true,
				"avoid_water": true
			},
			"minecraft:annotation.open_door": {},
			"minecraft:movement.basic": {},
			"minecraft:jump.static": {},
			"minecraft:nameable": {},
			"minecraft:behavior.hurt_by_target": {
				"priority": 1
			},
			"minecraft:behavior.random_stroll": {
				"priority": 7,
				"speed_multiplier": 0.6
			},
			"minecraft:behavior.look_at_player": {
				"priority": 8,
				"look_distance": 8
			},
			"minecraft:behavior.random_look_around": {
				"priority": 9
			},
			"minecraft:physics": {},
			"minecraft:pushable": {
				"is_pushable": true,
				"is_pushable_by_piston": true
			},
			"minecraft:follow_range": {
				"value": 64
			},
			"minecraft:boss": {
				"should_darken_sky": false,
				"hud_range": 50,
				"name": "General"
			},
			"minecraft:scale": {
				"value": 1.2
			},
			"minecraft:equipment": {
				"table": "loot_tables/pillager_axe_netherite.json",
				"slot_drop_chance": [
					{
						"slot": "slot.weapon.mainhand",
						"drop_chance": 0.4
					},
					{
						"slot": "slot.armor.chest",
						"drop_chance": 100
					}
				]
			},
			"minecraft:damage_sensor": {
				"triggers": [
					{
						"on_damage": {
							"filters": {
								"all_of": [
									{
										"test": "is_family",
										"subject": "other",
										"operator": "==",
										"value": "illager"
									},
									{
										"test": "has_damage",
										"value": "entity_attack"
									}
								]
							}
						},
						"deals_damage": false
					},
					{
						"on_damage": {
							"filters": {
								"all_of": [
									{
										"test": "is_family",
										"subject": "other",
										"operator": "==",
										"value": "ice"
									},
									{
										"test": "has_damage",
										"value": "entity_explosion"
									}
								]
							}
						},
						"deals_damage": false
					}
				]
			},
			"minecraft:behavior.move_to_village": {
				"priority": 6,
				"speed_multiplier": 1.2
			},
			"minecraft:behavior.nearest_attackable_target": {
				"priority": 1,
				"set_persistent": true,
				"must_see": true,
				"must_reach": true,
				"entity_types": [
					{
						"filters": {
							"any_of": [
								{
									"test": "is_family",
									"subject": "other",
									"value": "player"
								},
								{
									"test": "is_family",
									"subject": "other",
									"value": "villager"
								},
								{
									"test": "is_family",
									"subject": "other",
									"value": "irongolem"
								}
							]
						},
						"must_see": true,
						"walk_speed_multiplier": 1,
						"sprint_speed_multiplier": 1,
						"max_dist": 30
					}
				]
			},
			"minecraft:loot": {
				"table": "loot_tables/pillager_general.json"
			},
			"minecraft:knockback_resistance": {
				"value": 0.8,
				"max": 0.8
			}
		},
		"events": {
			"minecraft:entity_spawned": {
				"randomize": [
					{
						"weight": 1,
						"add": {
							"component_groups": [
								"melee_unit",
								"go_back_to_spawn"
							]
						}
					},
					{
						"weight": 1,
						"add": {
							"component_groups": [
								"summon_unit",
								"go_back_to_spawn"
							]
						}
					}
				]
			},
			"become_angry_event": {
				"add": {
					"component_groups": [
						"angry"
					]
				}
			},
			"become_calm_event": {
				"remove": {
					"component_groups": [
						"angry"
					]
				}
			},
			"go_back_to_spawn_failed": {
				"remove": {
					"component_groups": [
						"go_back_to_spawn"
					]
				}
			},
			"melee": {
				"remove": {
					"component_groups": [
						"summon_unit"
					]
				},
				"add": {
					"component_groups": [
						"melee_unit"
					]
				}
			},
			"summon": {
				"remove": {
					"component_groups": [
						"melee_unit"
					]
				},
				"add": {
					"component_groups": [
						"summon_unit"
					]
				}
			}
		}
	}
}