{
	"format_version": "1.17.0",
	"minecraft:entity": {
		"description": {
			"identifier": "zd:pillager_army",
			"is_summonable": true,
			"is_spawnable": false
		},
		"component_groups": {},
		"components": {
			"minecraft:physics": {},
			"minecraft:pushable": {
				"is_pushable": true,
				"is_pushable_by_piston": true
			},
			"minecraft:transformation": {
				"into": "minecraft:ravager"
			}
		},
		"events": {
			"minecraft:entity_spawned": {
				"run_command": {
					"command": [
						"summon zd:pillager_guard ~ ~ ~",
						"summon zd:pillager_bandit ~ ~ ~",
						"summon zd:evoker_legend ~ ~ ~",
						"summon zd:pillager_ranged_general ~ ~ ~",
						"summon zd:pillager_small_cannon ~ ~ ~",
						"summon zd:pillager_small_cannon ~ ~ ~",
						"summon zd:pillager_pistol ~ ~ ~ minecraft:spawn_for_raid"
					]
				}
			},
			"minecraft:spawn_for_raid": {
				"trigger": "minecraft:entity_spawned"
			}
		}
	}
}