{
	"format_version": "1.16.0",
	"minecraft:entity": {
		"description": {
			"identifier": "zd:pillager_guard",
			"is_spawnable": true,
			"is_summonable": true,
			"is_experimental": false,
			"animations": {
				"armor": "animation.diamond.armor",
				"shield": "animation.shield"
			},
			"scripts": {
				"animate": [
					{
						"shield": "query.is_stunned"
					},
					"armor"
				]
			}
		},
		"component_groups": {
			"melee_unit": {
				"minecraft:attack": {
					"damage": 7
				},
				"minecraft:variant": {
					"value": 1
				},
				"minecraft:equipment": {
					"table": "loot_tables/guard.json"
				}
			},
			"angry": {
				"minecraft:angry": {
					"duration": 30,
					"broadcast_anger": true,
					"broadcast_anger_on_attack": false,
					"broadcast_anger_on_being_attacked": false,
					"broadcast_range": 16,
					"broadcast_targets": [
						"illager"
					],
					"calm_event": {
						"event": "become_calm_event",
						"target": "self"
					},
					"filters": {
						"all_of": [
							{
								"test": "is_family",
								"subject": "other",
								"operator": "!=",
								"value": "illager"
							}
						]
					},
					"angry_sound": "angry",
					"sound_interval": {
						"range_min": 2,
						"range_max": 5
					}
				}
			},
			"go_back_to_spawn": {
				"minecraft:behavior.go_home": {
					"priority": 6,
					"interval": 200,
					"speed_multiplier": 0.6,
					"goal_radius": 4,
					"on_failed": {
						"event": "go_back_to_spawn_failed",
						"target": "self"
					}
				}
			},
			"sheild": {
				"minecraft:addrider": {
					"entity_type": "zd:shield_illager"
				},
				"minecraft:is_stunned": {},
				"minecraft:rideable": {
					"family_types": [
						"shield"
					],
					"seat_count": 1,
					"seats": [
						{
							"position": [
								0,
								0,
								0.4
							]
						}
					]
				},
				"minecraft:timer": {
					"time": [
						10,
						12
					],
					"time_down_event": {
						"event": "cooldown",
						"target": "self"
					}
				}
			},
			"cooldown": {
				"minecraft:timer": {
					"time": [
						5,
						10
					],
					"time_down_event": {
						"event": "shield",
						"target": "self"
					}
				}
			}
		},
		"components": {
			"minecraft:is_hidden_when_invisible": {},
			"minecraft:collision_box": {
				"width": 0.6,
				"height": 1.9
			},
			"minecraft:type_family": {
				"family": [
					"pillager",
					"illager",
					"monster",
					"mob"
				]
			},
			"minecraft:home": {},
			"minecraft:conditional_bandwidth_optimization": {},
			"minecraft:experience_reward": {
				"on_death": "query.last_hit_by_player?20:0"
			},
			"minecraft:on_target_acquired": {
				"event": "become_angry_event",
				"target": "self"
			},
			"minecraft:breathable": {
				"total_supply": 15,
				"suffocate_time": 0
			},
			"minecraft:health": {
				"value": 60,
				"max": 60
			},
			"minecraft:hurt_on_condition": {
				"damage_conditions": [
					{
						"filters": {
							"test": "in_lava",
							"subject": "self",
							"operator": "==",
							"value": true
						},
						"cause": "lava",
						"damage_per_tick": 4
					}
				]
			},
			"minecraft:loot": {
				"table": "loot_tables/entities/pillager.json"
			},
			"minecraft:movement": {
				"value": 0.35
			},
			"minecraft:navigation.walk": {
				"can_path_over_water": true,
				"can_open_doors": true,
				"avoid_water": true
			},
			"minecraft:annotation.open_door": {},
			"minecraft:movement.basic": {},
			"minecraft:jump.static": {},
			"minecraft:nameable": {},
			"minecraft:despawn": {
				"despawn_from_distance": {
					"max_distance": 3000,
					"min_distance": 1200
				}
			},
			"minecraft:behavior.hurt_by_target": {
				"priority": 1
			},
			"minecraft:behavior.random_stroll": {
				"priority": 8,
				"speed_multiplier": 0.6
			},
			"minecraft:behavior.look_at_player": {
				"priority": 9,
				"look_distance": 8
			},
			"minecraft:behavior.random_look_around": {
				"priority": 10
			},
			"minecraft:physics": {},
			"minecraft:pushable": {
				"is_pushable": true,
				"is_pushable_by_piston": true
			},
			"minecraft:follow_range": {
				"value": 64
			},
			"minecraft:behavior.delayed_attack": {
				"priority": 3,
				"speed_multiplier": 1.2,
				"require_complete_path": false,
				"track_target": true,
				"reach_multiplier": 4,
				"attack_duration": 0.8,
				"hit_delay_pct": 0.43
			},
			"minecraft:behavior.nearest_attackable_target": {
				"priority": 2,
				"must_reach": true,
				"reselect_targets": true,
				"persist_time": 0,
				"entity_types": [
					{
						"filters": {
							"any_of": [
								{
									"test": "is_family",
									"subject": "other",
									"value": "villager"
								},
								{
									"test": "is_family",
									"subject": "other",
									"value": "player"
								},
								{
									"test": "is_family",
									"subject": "other",
									"value": "irongolem"
								}
							]
						},
						"max_dist": 20
					}
				],
				"must_see": true
			},
			"minecraft:damage_sensor": {
				"triggers": [
					{
						"on_damage": {
							"filters": {
								"all_of": [
									{
										"test": "is_family",
										"subject": "other",
										"operator": "==",
										"value": "illager"
									},
									{
										"test": "has_damage",
										"value": "entity_attack"
									}
								]
							}
						},
						"deals_damage": false
					},
					{
						"on_damage": {
							"filters": {
								"all_of": [
									{
										"test": "is_family",
										"subject": "other",
										"operator": "==",
										"value": "ice"
									},
									{
										"test": "has_damage",
										"value": "entity_explosion"
									}
								]
							}
						},
						"deals_damage": false
					}
				]
			},
			"minecraft:behavior.move_to_village": {
				"priority": 4,
				"speed_multiplier": 1,
				"goal_radius": 2
			},
			"minecraft:behavior.float": {
				"priority": 0
			}
		},
		"events": {
			"minecraft:entity_spawned": {
				"add": {
					"component_groups": [
						"melee_unit",
						"go_back_to_spawn"
					]
				}
			},
			"become_angry_event": {
				"add": {
					"component_groups": [
						"angry",
						"sheild"
					]
				}
			},
			"become_calm_event": {
				"remove": {
					"component_groups": [
						"angry",
						"sheild",
						"cooldown"
					]
				}
			},
			"go_back_to_spawn_failed": {
				"remove": {
					"component_groups": [
						"go_back_to_spawn"
					]
				}
			},
			"minecraft:spawn_for_raid": {
				"trigger": "minecraft:entity_spawned"
			},
			"shield": {
				"add": {
					"component_groups": [
						"sheild"
					]
				},
				"remove": {
					"component_groups": [
						"cooldown"
					]
				}
			},
			"cooldown": {
				"add": {
					"component_groups": [
						"cooldown"
					]
				},
				"remove": {
					"component_groups": [
						"sheild"
					]
				}
			}
		}
	}
}