{
	"format_version": "1.17.0",
	"minecraft:entity": {
		"description": {
			"identifier": "zd:pistol_army",
			"is_summonable": true,
			"is_spawnable": false
		},
		"component_groups": {},
		"components": {
			"minecraft:transformation": {
				"into": "zd:pillager_pistol"
			}
		},
		"events": {
			"minecraft:entity_spawned": {
				"randomize": [
					{
						"weight": 1,
						"run_command": {
							"command": [
								"summon zd:pillager_pistol ~ ~ ~",
								"summon zd:pillager_pistol ~ ~ ~",
								"summon zd:pillager_pistol ~ ~ ~",
								"summon zd:pillager_pistol ~ ~ ~",
								"summon zd:pillager_pistol ~ ~ ~",
								"summon zd:pillager_pistol ~ ~ ~ minecraft:promote_to_illager_captain"
							]
						}
					}
				]
			}
		}
	}
}