{
	"format_version": "1.17.0",
	"minecraft:entity": {
		"description": {
			"identifier": "zd:pistol_shell",
			"is_summonable": true,
			"is_spawnable": false,
			"runtime_identifier": "minecraft:snowball"
		},
		"component_groups": {
			"minecraft:exploding": {
				"minecraft:instant_despawn": {
					"remove_child_entities": true
				},
				"minecraft:break_blocks": {
					"breakable_blocks": [
						"minecraft:glass",
						"minecraft:tinted_glass",
						"minecraft:glass_pane",
						"minecraft:stained_glass_pane",
						"minecraft:hard_stained_glass_pane",
						"minecraft:stained_glass",
						"minecraft:hard_glass",
						"minecraft:hard_stained_glass"
					]
				}
			},
			"player": {
				"minecraft:projectile": {
					"on_hit": {
						"definition_event": {
							"event_trigger": {
								"event": "timer",
								"target": "self"
							},
							"affect_target": true,
							"affect_projectile": true
						},
						"particle_on_hit": {
							"num_particles": 10,
							"on_other_hit": true,
							"on_entity_hit": true,
							"particle_type": "largesmoke"
						},
						"impact_damage": {
							"damage": [
								15,
								25
							],
							"knockback": true,
							"power_multiplier": 0.5,
							"destroy_on_hit": true,
							"destroy_on_hit_requres_damage": true
						},
						"stick_in_ground": {
							"shake_time": 0.1
						}
					},
					"power": 5,
					"gravity": 0.05,
					"uncertainty_base": 0,
					"uncertainty_multiplier": 0,
					"shoot_target": true,
					"knockback": true,
					"anchor": 1,
					"offset": [
						0,
						0,
						0
					],
					"catch_fire": false,
					"is_dangerous": true
				}
			},
			"timer": {
				"minecraft:timer": {
					"time": 0.3,
					"time_down_event": {
						"event": "minecraft:explode",
						"target": "self"
					}
				}
			}
		},
		"components": {
			"minecraft:collision_box": {
				"width": 0.5,
				"height": 0.5
			},
			"minecraft:projectile": {
				"on_hit": {
					"definition_event": {
						"event_trigger": {
							"event": "timer",
							"target": "self"
						},
						"affect_target": true,
						"affect_projectile": true
					},
					"particle_on_hit": {
						"num_particles": 10,
						"on_other_hit": true,
						"on_entity_hit": true,
						"particle_type": "largesmoke"
					},
					"impact_damage": {
						"damage": [
							13,
							20
						],
						"knockback": true,
						"power_multiplier": 0.5,
						"destroy_on_hit": true,
						"destroy_on_hit_requres_damage": true
					},
					"stick_in_ground": {
						"shake_time": 0.1
					}
				},
				"power": 5,
				"gravity": 0.05,
				"uncertainty_base": 0,
				"uncertainty_multiplier": 0,
				"shoot_target": true,
				"knockback": true,
				"anchor": 1,
				"offset": [
					0,
					-0.1,
					0
				],
				"catch_fire": false,
				"is_dangerous": true
			},
			"minecraft:physics": {},
			"minecraft:pushable": {
				"is_pushable": true,
				"is_pushable_by_piston": true
			},
			"minecraft:conditional_bandwidth_optimization": {
				"default_values": {
					"use_motion_prediction_hints": true,
					"max_optimized_distance": 128
				}
			},
			"minecraft:scale": {
				"value": 0.5
			}
		},
		"events": {
			"minecraft:explode": {
				"add": {
					"component_groups": [
						"minecraft:exploding"
					]
				}
			},
			"minecraft:entity_spawned": {
				"sequence": [
					{
						"filters": {
							"test": "is_family",
							"subject": "other",
							"value": "player"
						},
						"add": {
							"component_groups": [
								"player"
							]
						}
					}
				]
			},
			"timer": {
				"add": {
					"component_groups": [
						"timer"
					]
				}
			}
		}
	}
}