{
	"format_version": "1.17.0",
	"minecraft:entity": {
		"description": {
			"identifier": "zd:rocket",
			"is_spawnable": false,
			"is_summonable": true,
			"is_experimental": false,
			"runtime_identifier": "minecraft:arrow",
			"animations": {
				"firework": "animation.firework"
			},
			"scripts": {
				"animate": [
					"firework"
				]
			}
		},
		"component_groups": {
			"minecraft:exploding": {
				"minecraft:explode": {
					"fuse_length": 0.2,
					"fuse_lit": true,
					"power": 0.8,
					"causes_fire": false,
					"fire_affected_by_griefing": true,
					"destroy_affected_by_griefing": false,
					"breaks_blocks": false
				}
			},
			"zd:exploding": {
				"minecraft:explode": {
					"fuse_length": 0,
					"fuse_lit": true,
					"power": 1.2,
					"causes_fire": true,
					"fire_affected_by_griefing": true,
					"destroy_affected_by_griefing": false,
					"breaks_blocks": false
				}
			},
			"illagercannon": {
				"minecraft:projectile": {
					"on_hit": {
						"definition_event": {
							"event_trigger": {
								"event": "zd:explore",
								"target": "self"
							},
							"affect_target": true,
							"affect_projectile": false
						},
						"particle_on_hit": {
							"num_particles": 10,
							"on_other_hit": true,
							"on_entity_hit": true,
							"particle_type": "smoke"
						},
						"impact_damage": {
							"damage": [
								5,
								10
							],
							"power_multiplier": 10
						}
					},
					"power": 2.5,
					"gravity": 0.02,
					"uncertainty_base": 16,
					"uncertainty_multiplier": 4,
					"shoot_target": true,
					"anchor": 1,
					"offset": [
						0,
						-0.5,
						0
					],
					"catch_fire": true
				},
				"minecraft:scale": {
					"value": 1.3
				}
			}
		},
		"components": {
			"minecraft:collision_box": {
				"width": 0.25,
				"height": 0.25
			},
			"minecraft:projectile": {
				"on_hit": {
					"definition_event": {
						"event_trigger": {
							"event": "minecraft:explode",
							"target": "self"
						},
						"affect_target": true,
						"affect_projectile": false
					},
					"particle_on_hit": {
						"num_particles": 10,
						"on_other_hit": true,
						"on_entity_hit": true,
						"particle_type": "smoke"
					}
				},
				"power": 1.6,
				"gravity": 0.05,
				"uncertainty_base": 4,
				"uncertainty_multiplier": 4,
				"shoot_target": true,
				"anchor": 1,
				"offset": [
					0,
					-0.1,
					0
				],
				"catch_fire": true
			},
			"minecraft:physics": {},
			"minecraft:pushable": {
				"is_pushable": true,
				"is_pushable_by_piston": true
			},
			"minecraft:conditional_bandwidth_optimization": {
				"default_values": {
					"use_motion_prediction_hints": true,
					"max_optimized_distance": 128
				}
			},
			"minecraft:despawn": {
				"filters": {
					"any_of": [
						{
							"all_of": [
								{
									"test": "is_persistent",
									"value": false
								},
								{
									"test": "distance_to_nearest_player",
									"operator": ">",
									"value": 54
								}
							]
						},
						{
							"all_of": [
								{
									"test": "is_persistent",
									"value": false
								},
								{
									"test": "inactivity_timer",
									"subject": "self",
									"value": 30
								},
								{
									"test": "random_chance",
									"value": 800
								},
								{
									"test": "distance_to_nearest_player",
									"operator": ">",
									"value": 32
								}
							]
						}
					]
				}
			}
		},
		"events": {
			"minecraft:explode": {
				"add": {
					"component_groups": [
						"minecraft:exploding"
					]
				}
			},
			"zd:explore": {
				"add": {
					"component_groups": [
						"zd:exploding"
					]
				}
			},
			"minecraft:entity_spawned": {
				"sequence": [
					{
						"filters": {
							"test": "is_family",
							"subject": "other",
							"value": "illagercannon"
						},
						"add": {
							"component_groups": [
								"illagercannon"
							]
						}
					}
				]
			}
		}
	}
}