{
	"format_version": "1.17.0",
	"minecraft:entity": {
		"description": {
			"identifier": "zd:shell",
			"is_summonable": true,
			"is_spawnable": false,
			"runtime_identifier": "minecraft:snowball",
			"animations": {
				"flame": "animation.smoke"
			},
			"scripts": {
				"animate": [
					"flame"
				]
			}
		},
		"component_groups": {
			"minecraft:exploding": {
				"minecraft:explode": {
					"fuse_length": 0,
					"fuse_lit": true,
					"power": 2,
					"causes_fire": false,
					"fire_affected_by_griefing": true,
					"destroy_affected_by_griefing": false,
					"max_resistance": 0.2,
					"breaks_blocks": false
				}
			},
			"zd:timer": {
				"minecraft:timer": {
					"time": [
						0.1,
						0.3
					],
					"time_down_event": {
						"event": "minecraft:explode",
						"target": "self"
					}
				}
			}
		},
		"components": {
			"minecraft:collision_box": {
				"width": 0.5,
				"height": 0.5
			},
			"minecraft:projectile": {
				"on_hit": {
					"definition_event": {
						"event_trigger": {
							"event": "timer",
							"target": "self"
						},
						"affect_target": true,
						"affect_projectile": true
					},
					"particle_on_hit": {
						"num_particles": 10,
						"on_other_hit": true,
						"on_entity_hit": true,
						"particle_type": "largesmoke"
					},
					"impact_damage": {
						"damage": [
							20,
							25
						],
						"knockback": true,
						"power_multiplier": 0.5
					},
					"stick_in_ground": {
						"shake_time": 0.1
					}
				},
				"power": 5,
				"gravity": 0.03,
				"uncertainty_base": 1,
				"uncertainty_multiplier": 2,
				"shoot_target": true,
				"anchor": 1,
				"offset": [
					0,
					0,
					0
				],
				"catch_fire": false
			},
			"minecraft:physics": {},
			"minecraft:pushable": {
				"is_pushable": true,
				"is_pushable_by_piston": true
			},
			"minecraft:conditional_bandwidth_optimization": {
				"default_values": {
					"use_motion_prediction_hints": true,
					"max_optimized_distance": 128
				}
			}
		},
		"events": {
			"minecraft:explode": {
				"add": {
					"component_groups": [
						"minecraft:exploding"
					]
				}
			},
			"timer": {
				"add": {
					"component_groups": [
						"zd:timer"
					]
				}
			}
		}
	}
}