{
	"format_version": "1.17.0",
	"minecraft:entity": {
		"description": {
			"identifier": "zd:summon_villager",
			"is_summonable": true,
			"is_spawnable": false
		},
		"component_groups": {
			"villager": {
				"minecraft:transformation": {
					"into": "minecraft:iron_golem"
				}
			}
		},
		"components": {
			"minecraft:collision_box": {
				"width": 0.1,
				"height": 0.1
			}
		},
		"events": {
			"minecraft:entity_spawned": {
				"add": {
					"component_groups": [
						"villager"
					]
				},
				"run_command": {
					"command": [
						"summon villager ~ ~ ~ minecraft:spawn_from_village",
						"summon villager ~ ~ ~ minecraft:spawn_from_village",
						"summon villager ~ ~ ~ minecraft:spawn_from_village",
						"summon villager ~ ~ ~ minecraft:spawn_from_village",
						"summon villager ~ ~ ~ minecraft:spawn_from_village",
						"summon villager ~ ~ ~ minecraft:spawn_from_village",
						"summon zd:iron_villager ~ ~ ~",
						"summon zd:iron_villager ~ ~ ~",
						"summon zd:iron_villager ~ ~ ~"
					]
				}
			}
		}
	}
}