{
	"format_version": "1.17.0",
	"minecraft:entity": {
		"description": {
			"identifier": "zd:tru",
			"is_summonable": false,
			"is_spawnable": false,
			"runtime_identifier": "minecraft:evocation_fang",
			"animations": {
				"spawn": "controller.animation.tru"
			},
			"scripts": {
				"animate": [
					{
						"spawn": "query.variant==0"
					}
				]
			}
		},
		"component_groups": {
			"spawn": {
				"minecraft:timer": {
					"time": 0.12,
					"time_down_event": {
						"event": "stand",
						"target": "self"
					}
				},
				"minecraft:variant": {
					"value": 0
				}
			},
			"stand": {
				"minecraft:timer": {
					"time": 0.25,
					"time_down_event": {
						"event": "end",
						"target": "self"
					}
				},
				"minecraft:area_attack": {
					"damage_range": 0.3,
					"damage_per_tick": 30,
					"cause": "contact",
					"entity_filter": {
						"any_of": [
							{
								"test": "is_family",
								"subject": "other",
								"value": "monster"
							},
							{
								"test": "is_family",
								"subject": "other",
								"value": "illager"
							},
							{
								"test": "is_family",
								"subject": "other",
								"value": "zombie"
							}
						]
					}
				}
			},
			"end": {
				"minecraft:timer": {
					"time": 0.4
				},
				"minecraft:variant": {
					"value": 1
				}
			}
		},
		"components": {
			"minecraft:collision_box": {
				"width": 0.75,
				"height": 2.5
			},
			"minecraft:damage_sensor": {
				"triggers": [
					{
						"cause": "all",
						"deals_damage": false
					}
				]
			},
			"minecraft:scale": {
				"value": 1.5
			}
		},
		"events": {
			"minecraft:entity_spawned": {
				"add": {
					"component_groups": [
						"spawn"
					]
				}
			},
			"stand": {
				"remove": {
					"component_groups": [
						"spawn"
					]
				},
				"add": {
					"component_groups": [
						"stand"
					]
				}
			},
			"end": {
				"remove": {
					"component_groups": [
						"stand"
					]
				},
				"add": {
					"component_groups": [
						"end"
					]
				}
			}
		}
	}
}