{
	"format_version": "1.16.100",
	"minecraft:entity": {
		"description": {
			"identifier": "zd:viking_boat",
			"is_spawnable": false,
			"is_summonable": true,
			"is_experimental": false
		},
		"component_groups": {
			"minecraft:floating": {
				"minecraft:buoyant": {
					"base_buoyancy": 1,
					"apply_gravity": true,
					"simulate_waves": true,
					"big_wave_probability": 0.03,
					"big_wave_speed": 20,
					"liquid_blocks": [
						"minecraft:water",
						"minecraft:flowing_water"
					]
				}
			},
			"minecraft:can_ride": {
				"minecraft:rideable": {
					"seat_count": 3,
					"interact_text": "action.interact.ride.boat",
					"pull_in_entities": true,
					"family_types": [
						"player",
						"villager",
						"illager"
					],
					"seats": [
						{
							"position": [
								0,
								0.1,
								-1.3
							]
						},
						{
							"position": [
								0,
								0,
								-0.1
							]
						},
						{
							"position": [
								0,
								0.1,
								0.9
							]
						}
					]
				}
			},
			"minecraft:above_bubble_column_down": {
				"minecraft:buoyant": {
					"base_buoyancy": 1,
					"apply_gravity": true,
					"simulate_waves": false,
					"liquid_blocks": [
						"minecraft:water",
						"minecraft:flowing_water"
					],
					"drag_down_on_buoyancy_removed": 0.7
				},
				"minecraft:timer": {
					"looping": false,
					"time": 3,
					"time_down_event": {
						"event": "minecraft:sink",
						"target": "self"
					}
				},
				"minecraft:out_of_control": {}
			},
			"minecraft:above_bubble_column_up": {
				"minecraft:buoyant": {
					"base_buoyancy": 1,
					"apply_gravity": true,
					"simulate_waves": false,
					"liquid_blocks": [
						"minecraft:water",
						"minecraft:flowing_water"
					],
					"drag_down_on_buoyancy_removed": 0.7
				},
				"minecraft:out_of_control": {}
			},
			"stand": {
				"minecraft:is_tamed": {}
			},
			"drop_item": {
				"minecraft:spawn_entity": {
					"entities": [
						{
							"num_to_spawn": 1,
							"min_wait_time": 0,
							"max_wait_time": 0,
							"spawn_item": "zd:viking_boat",
							"single_use": true
						}
					]
				},
				"minecraft:instant_despawn": {}
			}
		},
		"components": {
			"minecraft:type_family": {
				"family": [
					"boat",
					"inanimate"
				]
			},
			"minecraft:collision_box": {
				"width": 1.2,
				"height": 4
			},
			"minecraft:hurt_on_condition": {
				"damage_conditions": [
					{
						"filters": {
							"test": "in_lava",
							"subject": "self",
							"operator": "==",
							"value": true
						},
						"cause": "lava",
						"damage_per_tick": 4
					}
				]
			},
			"minecraft:loot": {
				"table": "loot_tables/entities/boat.json"
			},
			"minecraft:leashable": {
				"soft_distance": 4,
				"hard_distance": 6,
				"max_distance": 10
			},
			"minecraft:rideable": {
				"seat_count": 3,
				"interact_text": "action.interact.ride.boat",
				"pull_in_entities": true,
				"seats": [
					{
						"position": [
							0,
							0.1,
							-1.3
						]
					},
					{
						"position": [
							0,
							0,
							-0.1
						]
					},
					{
						"position": [
							0,
							0.1,
							0.9
						]
					}
				],
				"family_types": [
					"player",
					"villager",
					"illager"
				]
			},
			"minecraft:is_stackable": {},
			"minecraft:physics": {},
			"minecraft:pushable": {
				"is_pushable": true,
				"is_pushable_by_piston": true
			},
			"minecraft:buoyant": {
				"base_buoyancy": 1,
				"apply_gravity": true,
				"simulate_waves": true,
				"big_wave_probability": 0.03,
				"big_wave_speed": 20,
				"liquid_blocks": [
					"minecraft:water",
					"minecraft:flowing_water"
				]
			},
			"minecraft:conditional_bandwidth_optimization": {
				"default_values": {
					"max_optimized_distance": 60,
					"max_dropped_ticks": 20,
					"use_motion_prediction_hints": true
				},
				"conditional_values": [
					{
						"max_optimized_distance": 0,
						"max_dropped_ticks": 0,
						"use_motion_prediction_hints": true,
						"conditional_values": [
							{
								"test": "is_moving",
								"subject": "self",
								"operator": "==",
								"value": true
							}
						]
					}
				]
			},
			"minecraft:inside_block_notifier": {
				"block_list": [
					{
						"block": {
							"name": "minecraft:bubble_column",
							"states": {
								"drag_down": true
							}
						},
						"entered_block_event": {
							"event": "minecraft:entered_bubble_column_down",
							"target": "self"
						},
						"exited_block_event": {
							"event": "minecraft:exited_bubble_column",
							"target": "self"
						}
					},
					{
						"block": {
							"name": "minecraft:bubble_column",
							"states": {
								"drag_down": false
							}
						},
						"entered_block_event": {
							"event": "minecraft:entered_bubble_column_up",
							"target": "self"
						},
						"exited_block_event": {
							"event": "minecraft:exited_bubble_column",
							"target": "self"
						}
					}
				]
			},
			"minecraft:input_ground_controlled": {},
			"minecraft:environment_sensor": {
				"triggers": [
					{
						"filters": {
							"all_of": [
								{
									"test": "rider_count",
									"subject": "self",
									"operator": "==",
									"value": 1
								}
							]
						},
						"event": "no_stand",
						"target": "self"
					},
					{
						"filters": {
							"all_of": [
								{
									"test": "rider_count",
									"subject": "self",
									"operator": "==",
									"value": 0
								}
							]
						},
						"event": "stand",
						"target": "self"
					}
				]
			},
			"minecraft:damage_sensor": {
				"triggers": [
					{
						"on_damage": {
							"filters": {
								"test": "has_damage",
								"subject": "self",
								"operator": "==",
								"value": "attack"
							},
							"event": "drop"
						},
						"deals_damage": false
					},
					{
						"on_damage": {},
						"deals_damage": false
					}
				]
			},
			"minecraft:movement": {
				"value": 0
			},
			"minecraft:underwater_movement": {
				"value": 0.3
			},
			"minecraft:navigation.walk": {
				"can_sink": false
			},
			"minecraft:scale": {
				"value": 1.2
			}
		},
		"events": {
			"minecraft:entered_bubble_column_down": {
				"remove": {
					"component_groups": [
						"minecraft:floating"
					]
				},
				"add": {
					"component_groups": [
						"minecraft:above_bubble_column_down"
					]
				}
			},
			"minecraft:entered_bubble_column_up": {
				"remove": {
					"component_groups": [
						"minecraft:floating"
					]
				},
				"add": {
					"component_groups": [
						"minecraft:above_bubble_column_up"
					]
				}
			},
			"minecraft:exited_bubble_column": {
				"remove": {
					"component_groups": [
						"minecraft:above_bubble_column_down",
						"minecraft:above_bubble_column_up"
					]
				},
				"add": {
					"component_groups": [
						"minecraft:floating",
						"minecraft:can_ride"
					]
				}
			},
			"minecraft:sink": {
				"remove": {
					"component_groups": [
						"minecraft:floating",
						"minecraft:can_ride",
						"minecraft:above_bubble_column_down",
						"minecraft:above_bubble_column_up"
					]
				}
			},
			"minecraft:entity_spawned": {
				"add": {
					"component_groups": [
						"minecraft:floating",
						"minecraft:can_ride"
					]
				}
			},
			"stand": {
				"add": {
					"component_groups": [
						"stand"
					]
				}
			},
			"no_stand": {
				"remove": {
					"component_groups": [
						"stand"
					]
				}
			},
			"drop": {
				"add": {
					"component_groups": [
						"drop_item"
					]
				}
			}
		}
	}
}