{
	"format_version": "1.16.0",
	"minecraft:entity": {
		"description": {
			"identifier": "zd:villager_navy",
			"is_spawnable": true,
			"is_summonable": true,
			"is_experimental": false,
			"animations": {
				"reload": "controller.animation.musket.load"
			},
			"scripts": {
				"animate": [
					"reload"
				]
			}
		},
		"component_groups": {
			"minecraft:ranged_attack": {
				"minecraft:behavior.ranged_attack": {
					"priority": 4,
					"attack_interval_min": 1,
					"attack_interval_max": 1,
					"attack_radius": 30,
					"charge_shoot_trigger": 4
				},
				"minecraft:shooter": {
					"def": "zd:musket_shell"
				},
				"minecraft:variant": {
					"value": 0
				},
				"minecraft:equipment": {
					"table": "loot_tables/musket.json"
				}
			},
			"minecraft:melee_attack": {
				"minecraft:attack": {
					"damage": 3
				},
				"minecraft:variant": {
					"value": 1
				},
				"minecraft:equipment": {
					"table": "loot_tables/rapier.json"
				},
				"minecraft:behavior.delayed_attack": {
					"priority": 3,
					"speed_multiplier": 1.2,
					"require_complete_path": true,
					"reach_multiplier": 2.5,
					"attack_duration": 0.52,
					"hit_delay_pct": 0.38,
					"track_target": true
				}
			}
		},
		"components": {
			"minecraft:is_hidden_when_invisible": {},
			"minecraft:experience_reward": {
				"on_death": "query.last_hit_by_player?(query.is_baby?12:5)+(math.die_roll(query.equipment_count,1,3)):0"
			},
			"minecraft:equip_item": {},
			"minecraft:collision_box": {
				"width": 0.6,
				"height": 1.9
			},
			"minecraft:type_family": {
				"family": [
					"villager",
					"navy",
					"mob"
				]
			},
			"minecraft:variant": {
				"value": 0
			},
			"minecraft:breathable": {
				"total_supply": 15,
				"suffocate_time": 0,
				"breathes_water": true
			},
			"minecraft:health": {
				"value": 25,
				"max": 25
			},
			"minecraft:conditional_bandwidth_optimization": {},
			"minecraft:hurt_on_condition": {
				"damage_conditions": [
					{
						"filters": {
							"test": "in_lava",
							"subject": "self",
							"operator": "==",
							"value": true
						},
						"cause": "lava",
						"damage_per_tick": 4
					}
				]
			},
			"minecraft:movement": {
				"value": 0.35
			},
			"minecraft:movement.basic": {},
			"minecraft:jump.static": {},
			"minecraft:nameable": {},
			"minecraft:behavior.hurt_by_target": {
				"priority": 1,
				"entity_types": {
					"filters": {
						"test": "is_family",
						"subject": "other",
						"operator": "!=",
						"value": "illager"
					},
					"max_dist": 64
				}
			},
			"minecraft:behavior.nearest_attackable_target": {
				"priority": 2,
				"must_see": true,
				"reselect_targets": true,
				"within_radius": 30,
				"entity_types": [
					{
						"filters": {
							"any_of": [
								{
									"test": "is_family",
									"subject": "other",
									"value": "illager"
								},
								{
									"test": "is_family",
									"subject": "other",
									"value": "monster"
								},
								{
									"test": "is_family",
									"subject": "other",
									"value": "zombie"
								}
							]
						},
						"max_dist": 32
					},
					{
						"filters": {
							"all_of": [
								{
									"test": "is_family",
									"subject": "other",
									"value": "monster"
								},
								{
									"test": "is_family",
									"subject": "other",
									"operator": "!=",
									"value": "creeper"
								}
							]
						},
						"max_dist": 32
					}
				]
			},
			"minecraft:behavior.equip_item": {
				"priority": 3
			},
			"minecraft:behavior.random_stroll": {
				"priority": 8,
				"speed_multiplier": 1
			},
			"minecraft:behavior.look_at_player": {
				"priority": 9,
				"look_distance": 8
			},
			"minecraft:behavior.random_look_around": {
				"priority": 10
			},
			"minecraft:physics": {},
			"minecraft:pushable": {
				"is_pushable": true,
				"is_pushable_by_piston": true
			},
			"minecraft:follow_range": {
				"value": 64
			},
			"minecraft:behavior.move_to_village": {
				"priority": 5,
				"speed_multiplier": 1,
				"goal_radius": 2
			},
			"minecraft:dweller": {
				"dwelling_type": "village",
				"dweller_role": "defender",
				"update_interval_base": 60,
				"update_interval_variant": 40,
				"can_find_poi": false,
				"can_migrate": true,
				"first_founding_reward": 0
			},
			"minecraft:navigation.walk": {
				"is_amphibious": true,
				"can_open_doors": true,
				"can_pass_doors": true
			},
			"minecraft:behavior.float": {
				"priority": 1
			},
			"minecraft:behavior.open_door": {
				"priority": 1,
				"close_door_after": true
			},
			"minecraft:damage_sensor": {
				"triggers": [
					{
						"on_damage": {
							"filters": {
								"all_of": [
									{
										"test": "is_family",
										"subject": "other",
										"operator": "==",
										"value": "zombie"
									},
									{
										"test": "has_damage",
										"value": "fatal"
									}
								]
							},
							"event": "become_zombie_event"
						}
					},
					{
						"on_damage": {
							"filters": {
								"all_of": [
									{
										"test": "is_family",
										"subject": "other",
										"operator": "==",
										"value": "villager"
									},
									{
										"test": "has_damage",
										"value": "entity_attack"
									}
								]
							}
						},
						"deals_damage": false
					},
					{
						"on_damage": {
							"filters": {
								"all_of": [
									{
										"test": "is_family",
										"subject": "other",
										"operator": "==",
										"value": "crossbow"
									},
									{
										"test": "has_damage",
										"value": "entity_attack"
									}
								]
							}
						},
						"deals_damage": false
					}
				]
			},
			"minecraft:behavior.tempt": {
				"priority": 5,
				"items": [
					"zd:medal"
				],
				"speed_multiplier": 1.2
			}
		},
		"events": {
			"minecraft:entity_spawned": {
				"randomize": [
					{
						"weight": 1,
						"add": {
							"component_groups": [
								"minecraft:ranged_attack"
							]
						}
					},
					{
						"weight": 1,
						"add": {
							"component_groups": [
								"minecraft:melee_attack"
							]
						}
					}
				]
			},
			"minecraft:calm": {
				"remove": {
					"component_groups": [
						"minecraft:melee_attack",
						"minecraft:ranged_attack"
					]
				}
			}
		}
	}
}