{
	"format_version": "1.17.0",
	"minecraft:entity": {
		"description": {
			"identifier": "zd:villager_soldier_musket",
			"is_spawnable": true,
			"is_summonable": true,
			"is_experimental": false,
			"animations": {
				"load": "controller.animation.musket.load"
			},
			"scripts": {
				"animate": [
					"load"
				]
			}
		},
		"component_groups": {
			"become_zombie": {
				"minecraft:transformation": {
					"keep_level": true,
					"preserve_equipment": true,
					"into": "minecraft:zombie_villager_v2",
					"transformation_sound": "death.to.zombie"
				}
			},
			"angry": {
				"minecraft:angry": {
					"duration": 30,
					"broadcast_anger": true,
					"broadcast_anger_on_attack": false,
					"broadcast_anger_on_being_attacked": false,
					"broadcast_range": 8,
					"broadcast_targets": [
						"villager"
					],
					"calm_event": {
						"event": "become_calm_event",
						"target": "self"
					},
					"filters": {
						"all_of": [
							{
								"test": "is_family",
								"subject": "other",
								"operator": "!=",
								"value": "villager"
							}
						]
					},
					"angry_sound": "angry",
					"sound_interval": {
						"range_min": 2,
						"range_max": 5
					}
				},
				"minecraft:spell_effects": {
					"add_effects": [
						{
							"effect": "resistance",
							"duration": 30,
							"amplifier": 2,
							"visible": false,
							"ambient": true
						}
					]
				}
			},
			"alert_for_attack_targets": {
				"minecraft:behavior.nearest_prioritized_attackable_target": {
					"priority": 3,
					"persist_time": 2,
					"must_see": true,
					"entity_types": [
						{
							"filters": {
								"test": "is_family",
								"subject": "other",
								"value": "zombie"
							},
							"max_dist": 80,
							"priority": 2
						},
						{
							"filters": {
								"test": "is_family",
								"subject": "other",
								"value": "illager"
							},
							"max_dist": 80,
							"priority": 1
						},
						{
							"filters": {
								"all_of": [
									{
										"test": "is_family",
										"subject": "other",
										"value": "monster"
									},
									{
										"test": "is_family",
										"subject": "other",
										"operator": "!=",
										"value": "creeper"
									},
									{
										"test": "is_family",
										"subject": "other",
										"operator": "!=",
										"value": "phantom"
									}
								]
							},
							"max_dist": 80,
							"priority": 4
						}
					]
				}
			},
			"go_back_to_spawn": {
				"minecraft:behavior.go_home": {
					"priority": 6,
					"interval": 200,
					"speed_multiplier": 0.6,
					"goal_radius": 4,
					"on_failed": {
						"event": "go_back_to_spawn_failed",
						"target": "self"
					}
				}
			},
			"desert_villager": {
				"minecraft:mark_variant": {
					"value": 1
				}
			},
			"jungle_villager": {
				"minecraft:mark_variant": {
					"value": 2
				}
			},
			"savanna_villager": {
				"minecraft:mark_variant": {
					"value": 3
				}
			},
			"snow_villager": {
				"minecraft:mark_variant": {
					"value": 4
				}
			},
			"swamp_villager": {
				"minecraft:mark_variant": {
					"value": 5
				}
			},
			"taiga_villager": {
				"minecraft:mark_variant": {
					"value": 6
				}
			},
			"tame": {
				"minecraft:tameable": {
					"probability": 1,
					"tame_items": [
						"minecraft:emerald"
					],
					"tame_event": {
						"event": "tamed",
						"target": "self"
					}
				},
				"minecraft:behavior.move_to_village": {
					"priority": 5,
					"speed_multiplier": 1
				}
			},
			"tamed": {
				"minecraft:is_tamed": {},
				"minecraft:behavior.follow_owner": {
					"priority": 3,
					"speed_multiplier": 1,
					"start_distance": 10,
					"stop_distance": 5
				},
				"minecraft:behavior.owner_hurt_by_target": {
					"priority": 4
				},
				"minecraft:behavior.owner_hurt_target": {
					"priority": 5
				},
				"minecraft:sittable": {},
				"minecraft:behavior.stay_while_sitting": {
					"priority": 0
				}
			},
			"musket": {
				"minecraft:equipment": {
					"table": "loot_tables/musket.json"
				},
				"minecraft:shooter": {
					"def": "zd:musket_shell"
				},
				"minecraft:behavior.ranged_attack": {
					"priority": 4,
					"attack_interval_max": 1,
					"attack_interval_min": 1,
					"attack_radius": 80,
					"speed_multiplier": 1.2,
					"charge_shoot_trigger": 2.08
				}
			},
			"remove": {
				"minecraft:spell_effects": {
					"remove_effects": [
						"resistance"
					]
				}
			}
		},
		"components": {
			"minecraft:is_hidden_when_invisible": {},
			"minecraft:collision_box": {
				"width": 0.6,
				"height": 1.9
			},
			"minecraft:type_family": {
				"family": [
					"villager",
					"mob",
					"firer"
				]
			},
			"minecraft:home": {},
			"minecraft:conditional_bandwidth_optimization": {},
			"minecraft:experience_reward": {
				"on_death": "query.last_hit_by_player?20:0"
			},
			"minecraft:on_target_acquired": {
				"event": "become_angry_event",
				"target": "self"
			},
			"minecraft:breathable": {
				"total_supply": 15,
				"suffocate_time": 0
			},
			"minecraft:health": {
				"value": 40,
				"max": 40
			},
			"minecraft:hurt_on_condition": {
				"damage_conditions": [
					{
						"filters": {
							"test": "in_lava",
							"subject": "self",
							"operator": "==",
							"value": true
						},
						"cause": "lava",
						"damage_per_tick": 4
					}
				]
			},
			"minecraft:movement": {
				"value": 0.35
			},
			"minecraft:navigation.walk": {
				"can_path_over_water": true,
				"can_open_doors": true
			},
			"minecraft:annotation.open_door": {},
			"minecraft:movement.basic": {},
			"minecraft:jump.static": {},
			"minecraft:nameable": {},
			"minecraft:behavior.hurt_by_target": {
				"priority": 1,
				"entity_types": [
					{
						"filters": {
							"all_of": [
								{
									"test": "has_mob_effect",
									"subject": "other",
									"operator": "!=",
									"value": "village_hero"
								},
								{
									"test": "is_family",
									"subject": "other",
									"value": "player"
								}
							]
						}
					}
				]
			},
			"minecraft:behavior.random_stroll": {
				"priority": 7,
				"speed_multiplier": 0.6
			},
			"minecraft:behavior.look_at_player": {
				"priority": 8,
				"look_distance": 8
			},
			"minecraft:behavior.random_look_around": {
				"priority": 9
			},
			"minecraft:physics": {},
			"minecraft:pushable": {
				"is_pushable": true,
				"is_pushable_by_piston": true
			},
			"minecraft:follow_range": {
				"value": 64
			},
			"minecraft:behavior.float": {
				"priority": 0
			},
			"minecraft:behavior.defend_village_target": {
				"priority": 1,
				"entity_types": [
					{
						"filters": {
							"all_of": [
								{
									"test": "has_mob_effect",
									"subject": "other",
									"operator": "!=",
									"value": "village_hero"
								},
								{
									"test": "is_family",
									"subject": "other",
									"value": "player"
								}
							]
						}
					}
				]
			},
			"minecraft:behavior.door_interact": {
				"priority": 0
			},
			"minecraft:damage_sensor": {
				"triggers": [
					{
						"on_damage": {
							"filters": {
								"all_of": [
									{
										"test": "is_family",
										"subject": "other",
										"operator": "==",
										"value": "zombie"
									},
									{
										"test": "has_damage",
										"value": "fatal"
									}
								]
							},
							"event": "become_zombie_event"
						}
					},
					{
						"on_damage": {
							"filters": {
								"all_of": [
									{
										"test": "is_family",
										"subject": "other",
										"operator": "==",
										"value": "villager"
									},
									{
										"test": "has_damage",
										"value": "entity_attack"
									}
								]
							}
						},
						"deals_damage": false
					},
					{
						"on_damage": {
							"filters": {
								"all_of": [
									{
										"test": "is_family",
										"subject": "other",
										"operator": "==",
										"value": "crossbow"
									},
									{
										"test": "has_damage",
										"value": "entity_attack"
									}
								]
							}
						},
						"deals_damage": false
					}
				]
			},
			"minecraft:dweller": {
				"dwelling_type": "village",
				"dweller_role": "defender",
				"can_find_poi": true,
				"can_migrate": true,
				"first_founding_reward": 20,
				"preferred_profession": "weaponsmith"
			},
			"minecraft:healable": {
				"items": [
					{
						"item": "minecraft:cooked_beef",
						"heal_amount": 8
					},
					{
						"item": "minecraft:cooked_porkchop",
						"heal_amount": 7
					},
					{
						"item": "minecraft:cooked_chicken",
						"heal_amount": 5
					},
					{
						"item": "minecraft:cooked_rabbit",
						"heal_amount": 7
					},
					{
						"item": "minecraft:cooked_fish",
						"heal_amount": 4
					},
					{
						"item": "minecraft:cooked_salmon",
						"heal_amount": 8
					}
				]
			},
			"minecraft:behavior.tempt": {
				"priority": 5,
				"items": [
					"zd:medal"
				],
				"speed_multiplier": 1.2
			}
		},
		"events": {
			"minecraft:entity_spawned": {
				"sequence": [
					{
						"add": {
							"component_groups": [
								"alert_for_attack_targets",
								"go_back_to_spawn",
								"tame",
								"musket"
							]
						}
					},
					{
						"filters": {
							"any_of": [
								{
									"test": "has_biome_tag",
									"value": "desert"
								},
								{
									"test": "has_biome_tag",
									"value": "mesa"
								}
							]
						},
						"add": {
							"component_groups": [
								"desert_villager"
							]
						}
					},
					{
						"filters": {
							"test": "has_biome_tag",
							"value": "jungle"
						},
						"add": {
							"component_groups": [
								"jungle_villager"
							]
						}
					},
					{
						"filters": {
							"test": "has_biome_tag",
							"value": "savanna"
						},
						"add": {
							"component_groups": [
								"savanna_villager"
							]
						}
					},
					{
						"filters": {
							"any_of": [
								{
									"all_of": [
										{
											"test": "has_biome_tag",
											"value": "cold"
										},
										{
											"test": "has_biome_tag",
											"operator": "!=",
											"value": "ocean"
										}
									]
								},
								{
									"test": "has_biome_tag",
									"value": "frozen"
								}
							]
						},
						"add": {
							"component_groups": [
								"snow_villager"
							]
						}
					},
					{
						"filters": {
							"test": "has_biome_tag",
							"value": "swamp"
						},
						"add": {
							"component_groups": [
								"swamp_villager"
							]
						}
					},
					{
						"filters": {
							"all_of": [
								{
									"any_of": [
										{
											"test": "has_biome_tag",
											"value": "taiga"
										},
										{
											"test": "has_biome_tag",
											"value": "extreme_hills"
										}
									]
								},
								{
									"test": "has_biome_tag",
									"operator": "!=",
									"value": "cold"
								}
							]
						},
						"add": {
							"component_groups": [
								"taiga_villager"
							]
						}
					}
				]
			},
			"become_angry_event": {
				"add": {
					"component_groups": [
						"angry"
					]
				}
			},
			"become_calm_event": {
				"remove": {
					"component_groups": [
						"angry"
					]
				},
				"add": {
					"component_groups": [
						"alert_for_attack_targets",
						"remove"
					]
				}
			},
			"become_zombie_event": {
				"add": {
					"component_groups": [
						"become_zombie"
					]
				}
			},
			"go_back_to_spawn_failed": {
				"remove": {
					"component_groups": [
						"go_back_to_spawn"
					]
				}
			},
			"minecraft:entity_transformed": {
				"sequence": [
					{
						"add": {
							"component_groups": [
								"alert_for_attack_targets",
								"go_back_to_spawn",
								"tame",
								"musket"
							]
						}
					},
					{
						"filters": {
							"any_of": [
								{
									"test": "has_biome_tag",
									"value": "desert"
								},
								{
									"test": "has_biome_tag",
									"value": "mesa"
								}
							]
						},
						"add": {
							"component_groups": [
								"desert_villager"
							]
						}
					},
					{
						"filters": {
							"test": "has_biome_tag",
							"value": "jungle"
						},
						"add": {
							"component_groups": [
								"jungle_villager"
							]
						}
					},
					{
						"filters": {
							"test": "has_biome_tag",
							"value": "savanna"
						},
						"add": {
							"component_groups": [
								"savanna_villager"
							]
						}
					},
					{
						"filters": {
							"any_of": [
								{
									"all_of": [
										{
											"test": "has_biome_tag",
											"value": "cold"
										},
										{
											"test": "has_biome_tag",
											"operator": "!=",
											"value": "ocean"
										}
									]
								},
								{
									"test": "has_biome_tag",
									"value": "frozen"
								}
							]
						},
						"add": {
							"component_groups": [
								"snow_villager"
							]
						}
					},
					{
						"filters": {
							"test": "has_biome_tag",
							"value": "swamp"
						},
						"add": {
							"component_groups": [
								"swamp_villager"
							]
						}
					},
					{
						"filters": {
							"all_of": [
								{
									"any_of": [
										{
											"test": "has_biome_tag",
											"value": "taiga"
										},
										{
											"test": "has_biome_tag",
											"value": "extreme_hills"
										}
									]
								},
								{
									"test": "has_biome_tag",
									"operator": "!=",
									"value": "cold"
								}
							]
						},
						"add": {
							"component_groups": [
								"taiga_villager"
							]
						}
					}
				]
			},
			"tamed": {
				"remove": {
					"component_groups": [
						"tame"
					]
				},
				"add": {
					"component_groups": [
						"tamed"
					]
				}
			}
		}
	}
}