{
	"format_version": "1.16.0",
	"minecraft:entity": {
		"description": {
			"identifier": "zd:villager_ghost",
			"is_spawnable": true,
			"is_summonable": true,
			"is_experimental": false,
			"runtime_identifier": "minecraft:vex"
		},
		"components": {
			"minecraft:is_hidden_when_invisible": {},
			"minecraft:experience_reward": {
				"on_death": "query.last_hit_by_player?5+(query.equipment_count*math.random(1,3)):0"
			},
			"minecraft:nameable": {},
			"minecraft:type_family": {
				"family": [
					"zombie",
					"monster",
					"mob"
				]
			},
			"minecraft:health": {
				"value": 40,
				"max": 40
			},
			"minecraft:attack": {
				"damage": 7
			},
			"minecraft:collision_box": {
				"width": 0.4,
				"height": 0.8
			},
			"minecraft:movement": {
				"value": 5
			},
			"minecraft:navigation.walk": {
				"can_path_over_water": true
			},
			"minecraft:movement.basic": {},
			"minecraft:jump.static": {},
			"minecraft:can_climb": {},
			"minecraft:fire_immune": {},
			"minecraft:despawn": {
				"despawn_from_distance": {}
			},
			"minecraft:behavior.float": {
				"priority": 0
			},
			"minecraft:behavior.charge_attack": {
				"priority": 4
			},
			"minecraft:behavior.nearest_attackable_target": {
				"priority": 3,
				"entity_types": [
					{
						"filters": {
							"any_of": [
								{
									"test": "is_family",
									"subject": "other",
									"value": "player"
								},
								{
									"test": "is_family",
									"subject": "other",
									"value": "irongolem"
								},
								{
									"test": "is_family",
									"subject": "other",
									"value": "wandering_trader"
								}
							]
						},
						"max_dist": 70
					},
					{
						"filters": {
							"all_of": [
								{
									"test": "is_family",
									"subject": "other",
									"value": "villager"
								},
								{
									"test": "has_component",
									"subject": "other",
									"operator": "!=",
									"value": "minecraft:is_baby"
								}
							]
						},
						"max_dist": 70
					}
				],
				"must_see": true
			},
			"minecraft:behavior.hurt_by_target": {
				"priority": 1
			},
			"minecraft:physics": {
				"has_gravity": false,
				"has_collision": false
			},
			"minecraft:conditional_bandwidth_optimization": {},
			"minecraft:breathable": {
				"breathes_water": true,
				"breathes_solids": true
			},
			"minecraft:behavior.look_at_target": {
				"priority": 9,
				"look_distance": 70,
				"probability": 0.02
			},
			"minecraft:damage_sensor": {
				"triggers": [
					{
						"on_damage": {
							"filters": {
								"all_of": [
									{
										"test": "is_family",
										"subject": "other",
										"operator": "==",
										"value": "illager"
									},
									{
										"test": "has_damage",
										"value": "entity_attack"
									}
								]
							}
						},
						"deals_damage": false
					},
					{
						"on_damage": {
							"filters": {
								"all_of": [
									{
										"test": "is_family",
										"subject": "other",
										"operator": "==",
										"value": "ice"
									},
									{
										"test": "has_damage",
										"value": "entity_explosion"
									}
								]
							}
						},
						"deals_damage": false
					}
				]
			}
		},
		"component_groups": {},
		"events": {}
	}
}