{
	"format_version": "1.16.0",
	"minecraft:entity": {
		"description": {
			"identifier": "zd:villager_magic",
			"is_spawnable": true,
			"is_summonable": true,
			"is_experimental": false
		},
		"component_groups": {
			"desert_villager": {
				"minecraft:mark_variant": {
					"value": 1
				}
			},
			"jungle_villager": {
				"minecraft:mark_variant": {
					"value": 2
				}
			},
			"savanna_villager": {
				"minecraft:mark_variant": {
					"value": 3
				}
			},
			"snow_villager": {
				"minecraft:mark_variant": {
					"value": 4
				}
			},
			"swamp_villager": {
				"minecraft:mark_variant": {
					"value": 5
				}
			},
			"taiga_villager": {
				"minecraft:mark_variant": {
					"value": 6
				}
			},
			"become_zombie": {
				"minecraft:transformation": {
					"into": "minecraft:zombie_villager_v2",
					"keep_level": true
				}
			},
			"trade": {
				"minecraft:behavior.trade_interest": {
					"priority": 5,
					"within_radius": 6,
					"interest_time": 45,
					"remove_item_time": 1,
					"carried_item_switch_time": 2,
					"cooldown": 2
				},
				"minecraft:economy_trade_table": {
					"display_name": "entity.villager.cleric",
					"table": "trading/economy_trades/cleric_trades.json",
					"new_screen": true,
					"persist_trades": true,
					"cured_discount": [
						-100,
						-100
					],
					"max_cured_discount": [
						-500,
						-500
					]
				},
				"minecraft:behavior.trade_with_player": {
					"priority": 0
				}
			}
		},
		"components": {
			"minecraft:is_hidden_when_invisible": {},
			"minecraft:experience_reward": {
				"on_death": 10
			},
			"minecraft:type_family": {
				"family": [
					"villager",
					"mob",
					"magic"
				]
			},
			"minecraft:breathable": {
				"total_supply": 15,
				"suffocate_time": 0
			},
			"minecraft:nameable": {},
			"minecraft:health": {
				"value": 24,
				"max": 24
			},
			"minecraft:hurt_on_condition": {
				"damage_conditions": [
					{
						"filters": {
							"test": "in_lava",
							"subject": "self",
							"operator": "==",
							"value": true
						},
						"cause": "lava",
						"damage_per_tick": 4
					}
				]
			},
			"minecraft:collision_box": {
				"width": 0.6,
				"height": 1.9
			},
			"minecraft:movement": {
				"value": 0.5
			},
			"minecraft:navigation.walk": {
				"can_path_over_water": true,
				"can_pass_doors": true,
				"can_open_doors": true,
				"avoid_water": true
			},
			"minecraft:movement.basic": {},
			"minecraft:jump.static": {},
			"minecraft:can_climb": {},
			"minecraft:behavior.float": {
				"priority": 0
			},
			"minecraft:behavior.summon_entity": {
				"priority": 2,
				"summon_choices": [
					{
						"min_activation_range": 0,
						"max_activation_range": 3,
						"cooldown_time": 3,
						"weight": 3,
						"cast_duration": 2,
						"particle_color": "#FF664D59",
						"start_sound_event": "cast.spell",
						"sequence": [
							{
								"shape": "circle",
								"target": "self",
								"base_delay": 1,
								"delay_per_summon": 0,
								"num_entities_spawned": 8,
								"entity_type": "zd:tru",
								"size": 1.5,
								"entity_lifespan": 0.77,
								"sound_event": "prepare.attack"
							},
							{
								"shape": "circle",
								"target": "self",
								"base_delay": 0.15,
								"delay_per_summon": 0,
								"num_entities_spawned": 12,
								"entity_type": "zd:tru",
								"size": 2.5,
								"entity_lifespan": 0.77,
								"sound_event": "prepare.attack"
							},
							{
								"shape": "circle",
								"target": "self",
								"base_delay": 0.1,
								"delay_per_summon": 0,
								"num_entities_spawned": 15,
								"entity_type": "zd:tru",
								"size": 3,
								"entity_lifespan": 0.77,
								"sound_event": "prepare.attack"
							}
						]
					},
					{
						"min_activation_range": 3,
						"weight": 3,
						"cooldown_time": 3,
						"cast_duration": 2,
						"particle_color": "#FF664D59",
						"start_sound_event": "cast.spell",
						"sequence": [
							{
								"shape": "line",
								"target": "self",
								"base_delay": 1,
								"delay_per_summon": 0.05,
								"num_entities_spawned": 16,
								"entity_type": "zd:tru",
								"size": 20,
								"entity_lifespan": 0.77
							},
							{
								"shape": "line",
								"target": "self",
								"base_delay": 0.15,
								"delay_per_summon": 0.05,
								"num_entities_spawned": 25,
								"entity_type": "zd:tru",
								"size": 25,
								"entity_lifespan": 0.77
							}
						]
					},
					{
						"weight": 1,
						"cooldown_time": 10,
						"cast_duration": 5,
						"particle_color": "#FFB3B3CC",
						"sequence": [
							{
								"shape": "circle",
								"target": "self",
								"base_delay": 3,
								"delay_per_summon": 0.05,
								"num_entities_spawned": 6,
								"entity_type": "zd:fire_fly",
								"size": 4,
								"entity_lifespan": 120
							},
							{
								"shape": "circle",
								"target": "self",
								"base_delay": 0.05,
								"num_entities_spawned": 3,
								"entity_type": "zd:iron_villager",
								"summon_cap": 8,
								"summon_cap_radius": 16,
								"size": 1,
								"sound_event": "prepare.summon",
								"entity_lifespan": 120
							}
						]
					}
				]
			},
			"minecraft:behavior.send_event": {
				"priority": 1,
				"event_choices": [
					{
						"min_activation_range": 0,
						"max_activation_range": 16,
						"cooldown_time": 5,
						"cast_duration": 3,
						"particle_color": "#FFB38033",
						"weight": 3,
						"filters": {
							"all_of": [
								{
									"test": "is_family",
									"subject": "other",
									"value": "zombie_villager"
								}
							]
						},
						"start_sound_event": "cast.spell",
						"sequence": [
							{
								"base_delay": 2,
								"event": "wololo",
								"sound_event": "prepare.wololo"
							}
						]
					}
				]
			},
			"minecraft:behavior.avoid_mob_type": {
				"priority": 5,
				"entity_types": [
					{
						"filters": {
							"any_of": [
								{
									"test": "is_family",
									"subject": "other",
									"value": "zombie"
								},
								{
									"test": "is_family",
									"subject": "other",
									"value": "illager"
								}
							]
						},
						"max_dist": 8,
						"walk_speed_multiplier": 0.6,
						"sprint_speed_multiplier": 1
					}
				]
			},
			"minecraft:behavior.random_stroll": {
				"priority": 8,
				"speed_multiplier": 0.6
			},
			"minecraft:behavior.nearest_attackable_target": {
				"priority": 3,
				"entity_types": [
					{
						"filters": {
							"any_of": [
								{
									"test": "is_family",
									"subject": "other",
									"value": "illager"
								},
								{
									"all_of": [
										{
											"test": "is_family",
											"subject": "other",
											"value": "monster"
										},
										{
											"test": "is_family",
											"subject": "other",
											"operator": "!=",
											"value": "creeper"
										},
										{
											"test": "is_family",
											"subject": "other",
											"operator": "!=",
											"value": "phantom"
										}
									]
								},
								{
									"all_of": [
										{
											"test": "is_family",
											"subject": "other",
											"value": "zombie"
										},
										{
											"test": "is_family",
											"subject": "other",
											"operator": "!=",
											"value": "zombie_villager"
										}
									]
								}
							]
						},
						"max_dist": 20
					}
				],
				"must_see": true
			},
			"minecraft:behavior.look_at_player": {
				"priority": 9,
				"look_distance": 3,
				"probability": 1
			},
			"minecraft:behavior.look_at_entity": {
				"priority": 10,
				"look_distance": 8,
				"filters": {
					"test": "is_family",
					"subject": "other",
					"value": "mob"
				}
			},
			"minecraft:behavior.hurt_by_target": {
				"priority": 2,
				"entity_types": [
					{
						"filters": {
							"all_of": [
								{
									"test": "has_mob_effect",
									"subject": "other",
									"operator": "!=",
									"value": "village_hero"
								},
								{
									"test": "is_family",
									"subject": "other",
									"value": "player"
								}
							]
						}
					}
				]
			},
			"minecraft:persistent": {},
			"minecraft:physics": {},
			"minecraft:pushable": {
				"is_pushable": true,
				"is_pushable_by_piston": true
			},
			"minecraft:follow_range": {
				"value": 64
			},
			"minecraft:conditional_bandwidth_optimization": {},
			"minecraft:damage_sensor": {
				"triggers": [
					{
						"on_damage": {
							"filters": {
								"all_of": [
									{
										"test": "is_family",
										"subject": "other",
										"operator": "==",
										"value": "zombie"
									},
									{
										"test": "has_damage",
										"value": "fatal"
									}
								]
							},
							"event": "become_zombie_event",
							"target": "self"
						}
					},
					{
						"on_damage": {
							"filters": {
								"all_of": [
									{
										"test": "is_family",
										"subject": "other",
										"operator": "==",
										"value": "villager"
									},
									{
										"test": "has_damage",
										"value": "entity_attack"
									}
								]
							}
						},
						"deals_damage": false
					},
					{
						"on_damage": {
							"filters": {
								"all_of": [
									{
										"test": "is_family",
										"subject": "other",
										"operator": "==",
										"value": "crossbow"
									},
									{
										"test": "has_damage",
										"value": "entity_attack"
									}
								]
							}
						},
						"deals_damage": false
					}
				]
			},
			"minecraft:dweller": {
				"dwelling_type": "village",
				"dweller_role": "defender",
				"can_find_poi": true,
				"can_migrate": true,
				"first_founding_reward": 20,
				"preferred_profession": "weaponsmith"
			},
			"minecraft:annotation.open_door": {},
			"minecraft:behavior.open_door": {
				"priority": 0,
				"close_door_after": true
			},
			"minecraft:healable": {
				"items": [
					{
						"item": "minecraft:cooked_beef",
						"heal_amount": 8
					},
					{
						"item": "minecraft:cooked_porkchop",
						"heal_amount": 7
					},
					{
						"item": "minecraft:cooked_chicken",
						"heal_amount": 5
					},
					{
						"item": "minecraft:cooked_rabbit",
						"heal_amount": 7
					},
					{
						"item": "minecraft:cooked_fish",
						"heal_amount": 4
					},
					{
						"item": "minecraft:cooked_salmon",
						"heal_amount": 8
					}
				]
			},
			"minecraft:behavior.move_to_village": {
				"priority": 5,
				"speed_multiplier": 0.8,
				"goal_radius": 2
			},
			"minecraft:behavior.tempt": {
				"priority": 5,
				"items": [
					"zd:medal"
				],
				"speed_multiplier": 1.2
			}
		},
		"events": {
			"minecraft:entity_spawned": {
				"sequence": [
					{
						"add": {
							"component_groups": [
								"trade"
							]
						}
					},
					{
						"filters": {
							"any_of": [
								{
									"test": "has_biome_tag",
									"value": "desert"
								},
								{
									"test": "has_biome_tag",
									"value": "mesa"
								}
							]
						},
						"add": {
							"component_groups": [
								"desert_villager"
							]
						}
					},
					{
						"filters": {
							"test": "has_biome_tag",
							"value": "jungle"
						},
						"add": {
							"component_groups": [
								"jungle_villager"
							]
						}
					},
					{
						"filters": {
							"test": "has_biome_tag",
							"value": "savanna"
						},
						"add": {
							"component_groups": [
								"savanna_villager"
							]
						}
					},
					{
						"filters": {
							"any_of": [
								{
									"all_of": [
										{
											"test": "has_biome_tag",
											"value": "cold"
										},
										{
											"test": "has_biome_tag",
											"operator": "!=",
											"value": "ocean"
										}
									]
								},
								{
									"test": "has_biome_tag",
									"value": "frozen"
								}
							]
						},
						"add": {
							"component_groups": [
								"snow_villager"
							]
						}
					},
					{
						"filters": {
							"test": "has_biome_tag",
							"value": "swamp"
						},
						"add": {
							"component_groups": [
								"swamp_villager"
							]
						}
					},
					{
						"filters": {
							"all_of": [
								{
									"any_of": [
										{
											"test": "has_biome_tag",
											"value": "taiga"
										},
										{
											"test": "has_biome_tag",
											"value": "extreme_hills"
										}
									]
								},
								{
									"test": "has_biome_tag",
									"operator": "!=",
									"value": "cold"
								}
							]
						},
						"add": {
							"component_groups": [
								"taiga_villager"
							]
						}
					}
				]
			},
			"become_zombie_event": {
				"add": {
					"component_groups": [
						"become_zombie"
					]
				}
			},
			"minecraft:entity_transformed": {
				"sequence": [
					{
						"add": {
							"component_groups": [
								"trade"
							]
						}
					},
					{
						"filters": {
							"any_of": [
								{
									"test": "has_biome_tag",
									"value": "desert"
								},
								{
									"test": "has_biome_tag",
									"value": "mesa"
								}
							]
						},
						"add": {
							"component_groups": [
								"desert_villager"
							]
						}
					},
					{
						"filters": {
							"test": "has_biome_tag",
							"value": "jungle"
						},
						"add": {
							"component_groups": [
								"jungle_villager"
							]
						}
					},
					{
						"filters": {
							"test": "has_biome_tag",
							"value": "savanna"
						},
						"add": {
							"component_groups": [
								"savanna_villager"
							]
						}
					},
					{
						"filters": {
							"any_of": [
								{
									"all_of": [
										{
											"test": "has_biome_tag",
											"value": "cold"
										},
										{
											"test": "has_biome_tag",
											"operator": "!=",
											"value": "ocean"
										}
									]
								},
								{
									"test": "has_biome_tag",
									"value": "frozen"
								}
							]
						},
						"add": {
							"component_groups": [
								"snow_villager"
							]
						}
					},
					{
						"filters": {
							"test": "has_biome_tag",
							"value": "swamp"
						},
						"add": {
							"component_groups": [
								"swamp_villager"
							]
						}
					},
					{
						"filters": {
							"all_of": [
								{
									"any_of": [
										{
											"test": "has_biome_tag",
											"value": "taiga"
										},
										{
											"test": "has_biome_tag",
											"value": "extreme_hills"
										}
									]
								},
								{
									"test": "has_biome_tag",
									"operator": "!=",
									"value": "cold"
								}
							]
						},
						"add": {
							"component_groups": [
								"taiga_villager"
							]
						}
					}
				]
			}
		}
	}
}