{
	"format_version": "1.16.0",
	"minecraft:entity": {
		"description": {
			"identifier": "zd:villager_knight",
			"is_spawnable": true,
			"is_summonable": true,
			"is_experimental": false,
			"animations": {
				"armor": "animation.netherite.armor",
				"shield": "animation.shield"
			},
			"scripts": {
				"animate": [
					{
						"shield": "query.is_stunned"
					},
					"armor"
				]
			}
		},
		"component_groups": {
			"become_zombie": {
				"minecraft:transformation": {
					"into": "minecraft:zombie_villager_v2",
					"keep_level": true,
					"preserve_equipment": true
				}
			},
			"melee_1": {
				"minecraft:attack": {
					"damage": 7
				},
				"minecraft:variant": {
					"value": 1
				},
				"minecraft:behavior.delayed_attack": {
					"priority": 3,
					"speed_multiplier": 1.2,
					"require_complete_path": false,
					"track_target": true,
					"hit_delay_pct": 0.59,
					"attack_duration": 1,
					"reach_multiplier": 4
				},
				"minecraft:timer": {
					"random_time_choices": [
						{
							"weight": 50,
							"value": 10
						},
						{
							"weight": 50,
							"value": 12
						}
					],
					"time_down_event": {
						"event": "melee2",
						"target": "self"
					}
				}
			},
			"angry": {
				"minecraft:angry": {
					"duration": 30,
					"broadcast_anger": true,
					"broadcast_anger_on_attack": false,
					"broadcast_anger_on_being_attacked": false,
					"broadcast_range": 8,
					"broadcast_targets": [
						"villager"
					],
					"calm_event": {
						"event": "become_calm_event",
						"target": "self"
					},
					"filters": {
						"all_of": [
							{
								"test": "is_family",
								"subject": "other",
								"operator": "!=",
								"value": "villager"
							}
						]
					},
					"angry_sound": "angry",
					"sound_interval": {
						"range_min": 2,
						"range_max": 5
					}
				}
			},
			"alert_for_attack_targets": {
				"minecraft:behavior.nearest_attackable_target": {
					"priority": 2,
					"must_reach": true,
					"reselect_targets": true,
					"persist_time": 0,
					"entity_types": [
						{
							"filters": {
								"all_of": [
									{
										"test": "is_family",
										"subject": "other",
										"value": "monster"
									},
									{
										"test": "is_family",
										"subject": "other",
										"operator": "!=",
										"value": "creeper"
									},
									{
										"test": "is_family",
										"subject": "other",
										"operator": "!=",
										"value": "phantom"
									}
								]
							},
							"max_dist": 20
						},
						{
							"filters": {
								"any_of": [
									{
										"test": "is_family",
										"subject": "other",
										"value": "illager"
									}
								]
							},
							"max_dist": 20
						}
					],
					"must_see": true
				}
			},
			"go_back_to_spawn": {
				"minecraft:behavior.go_home": {
					"priority": 6,
					"interval": 200,
					"speed_multiplier": 0.6,
					"goal_radius": 4,
					"on_failed": {
						"event": "go_back_to_spawn_failed",
						"target": "self"
					}
				}
			},
			"melee_2": {
				"minecraft:attack": {
					"damage": 9
				},
				"minecraft:variant": {
					"value": 0
				},
				"minecraft:behavior.delayed_attack": {
					"priority": 3,
					"speed_multiplier": 1.2,
					"require_complete_path": false,
					"track_target": true,
					"hit_delay_pct": 0.59,
					"attack_duration": 1,
					"reach_multiplier": 4
				},
				"minecraft:timer": {
					"random_time_choices": [
						{
							"weight": 50,
							"value": 15
						},
						{
							"weight": 50,
							"value": 18
						}
					],
					"time_down_event": {
						"event": "meele1",
						"target": "self"
					}
				}
			},
			"tame": {
				"minecraft:tameable": {
					"probability": 1,
					"tame_items": [
						"minecraft:emerald"
					],
					"tame_event": {
						"event": "tamed",
						"target": "self"
					}
				},
				"minecraft:behavior.move_to_village": {
					"priority": 5,
					"speed_multiplier": 1
				}
			},
			"tamed": {
				"minecraft:is_tamed": {},
				"minecraft:behavior.follow_owner": {
					"priority": 3,
					"speed_multiplier": 1,
					"start_distance": 10,
					"stop_distance": 5
				},
				"minecraft:behavior.owner_hurt_by_target": {
					"priority": 4
				},
				"minecraft:behavior.owner_hurt_target": {
					"priority": 5
				},
				"minecraft:sittable": {},
				"minecraft:behavior.stay_while_sitting": {
					"priority": 0
				}
			},
			"sheild": {
				"minecraft:addrider": {
					"entity_type": "zd:shield"
				},
				"minecraft:is_stunned": {},
				"minecraft:rideable": {
					"family_types": [
						"shield"
					],
					"seat_count": 1,
					"seats": [
						{
							"position": [
								0,
								0,
								0.4
							]
						}
					]
				},
				"minecraft:timer": {
					"time": [
						10,
						12
					],
					"time_down_event": {
						"event": "cooldown",
						"target": "self"
					}
				}
			},
			"cooldown": {
				"minecraft:timer": {
					"time": [
						5,
						10
					],
					"time_down_event": {
						"event": "shield",
						"target": "self"
					}
				}
			}
		},
		"components": {
			"minecraft:is_hidden_when_invisible": {},
			"minecraft:collision_box": {
				"width": 0.6,
				"height": 1.9
			},
			"minecraft:type_family": {
				"family": [
					"villager",
					"mob",
					"irongolem"
				]
			},
			"minecraft:home": {},
			"minecraft:conditional_bandwidth_optimization": {},
			"minecraft:experience_reward": {
				"on_death": "query.last_hit_by_player?20:0"
			},
			"minecraft:on_target_acquired": {
				"event": "become_angry_event",
				"target": "self"
			},
			"minecraft:breathable": {
				"total_supply": 15,
				"suffocate_time": 0
			},
			"minecraft:health": {
				"value": 70,
				"max": 70
			},
			"minecraft:hurt_on_condition": {
				"damage_conditions": [
					{
						"filters": {
							"test": "in_lava",
							"subject": "self",
							"operator": "==",
							"value": true
						},
						"cause": "lava",
						"damage_per_tick": 4
					}
				]
			},
			"minecraft:movement": {
				"value": 0.35
			},
			"minecraft:navigation.walk": {
				"can_path_over_water": true,
				"can_open_doors": true,
				"avoid_water": true
			},
			"minecraft:annotation.open_door": {},
			"minecraft:movement.basic": {},
			"minecraft:jump.static": {},
			"minecraft:nameable": {},
			"minecraft:despawn": {
				"filters": {
					"any_of": [
						{
							"all_of": [
								{
									"test": "is_persistent",
									"value": false
								},
								{
									"test": "distance_to_nearest_player",
									"operator": ">",
									"value": 54
								}
							]
						},
						{
							"all_of": [
								{
									"test": "is_persistent",
									"value": false
								},
								{
									"test": "inactivity_timer",
									"subject": "self",
									"value": 30
								},
								{
									"test": "random_chance",
									"value": 800
								},
								{
									"test": "distance_to_nearest_player",
									"operator": ">",
									"value": 32
								}
							]
						}
					]
				}
			},
			"minecraft:behavior.hurt_by_target": {
				"priority": 1,
				"entity_types": [
					{
						"filters": {
							"all_of": [
								{
									"test": "has_mob_effect",
									"subject": "other",
									"operator": "!=",
									"value": "village_hero"
								},
								{
									"test": "is_family",
									"subject": "other",
									"value": "player"
								}
							]
						}
					}
				]
			},
			"minecraft:behavior.random_stroll": {
				"priority": 7,
				"speed_multiplier": 0.6
			},
			"minecraft:behavior.look_at_player": {
				"priority": 8,
				"look_distance": 8
			},
			"minecraft:behavior.random_look_around": {
				"priority": 9
			},
			"minecraft:physics": {},
			"minecraft:pushable": {
				"is_pushable": true,
				"is_pushable_by_piston": true
			},
			"minecraft:follow_range": {
				"value": 64
			},
			"minecraft:damage_sensor": {
				"triggers": [
					{
						"on_damage": {
							"filters": {
								"all_of": [
									{
										"test": "is_family",
										"subject": "other",
										"operator": "==",
										"value": "zombie"
									},
									{
										"test": "has_damage",
										"value": "fatal"
									}
								]
							},
							"event": "become_zombie_event"
						}
					},
					{
						"on_damage": {
							"filters": {
								"all_of": [
									{
										"test": "is_family",
										"subject": "other",
										"operator": "==",
										"value": "villager"
									},
									{
										"test": "has_damage",
										"value": "entity_attack"
									}
								]
							}
						},
						"deals_damage": false
					},
					{
						"on_damage": {
							"filters": {
								"all_of": [
									{
										"test": "is_family",
										"subject": "other",
										"operator": "==",
										"value": "crossbow"
									},
									{
										"test": "has_damage",
										"value": "entity_attack"
									}
								]
							}
						},
						"deals_damage": false
					}
				]
			},
			"minecraft:dweller": {
				"dwelling_type": "village",
				"dweller_role": "defender",
				"can_find_poi": true,
				"can_migrate": true,
				"first_founding_reward": 20,
				"preferred_profession": "weaponsmith"
			},
			"minecraft:healable": {
				"items": [
					{
						"item": "minecraft:cooked_beef",
						"heal_amount": 8
					},
					{
						"item": "minecraft:cooked_porkchop",
						"heal_amount": 7
					},
					{
						"item": "minecraft:cooked_chicken",
						"heal_amount": 5
					},
					{
						"item": "minecraft:cooked_rabbit",
						"heal_amount": 7
					},
					{
						"item": "minecraft:cooked_salmon",
						"heal_amount": 8
					}
				]
			},
			"minecraft:behavior.move_to_village": {
				"priority": 5,
				"speed_multiplier": 1
			},
			"minecraft:behavior.float": {
				"priority": 0
			},
			"minecraft:behavior.defend_village_target": {
				"priority": 1,
				"entity_types": [
					{
						"filters": {
							"all_of": [
								{
									"test": "has_mob_effect",
									"subject": "other",
									"operator": "!=",
									"value": "village_hero"
								},
								{
									"test": "is_family",
									"subject": "other",
									"value": "player"
								}
							]
						}
					}
				]
			},
			"minecraft:behavior.door_interact": {
				"priority": 0
			},
			"minecraft:equipment": {
				"table": "loot_tables/villager_knight_gear.json"
			},
			"minecraft:behavior.tempt": {
				"priority": 5,
				"items": [
					"zd:medal"
				],
				"speed_multiplier": 1.2
			}
		},
		"events": {
			"minecraft:entity_spawned": {
				"randomize": [
					{
						"add": {
							"component_groups": [
								"melee_1",
								"alert_for_attack_targets",
								"go_back_to_spawn",
								"tame"
							]
						},
						"weight": 1
					},
					{
						"add": {
							"component_groups": [
								"melee_2",
								"alert_for_attack_targets",
								"go_back_to_spawn",
								"tame"
							]
						},
						"weight": 1
					}
				]
			},
			"become_angry_event": {
				"add": {
					"component_groups": [
						"angry",
						"sheild"
					]
				}
			},
			"become_calm_event": {
				"remove": {
					"component_groups": [
						"angry",
						"cooldown",
						"sheild"
					]
				},
				"add": {
					"component_groups": [
						"alert_for_attack_targets"
					]
				}
			},
			"become_zombie_event": {
				"add": {
					"component_groups": [
						"become_zombie"
					]
				}
			},
			"go_back_to_spawn_failed": {
				"remove": {
					"component_groups": [
						"go_back_to_spawn"
					]
				}
			},
			"minecraft:entity_transformed": {
				"randomize": [
					{
						"add": {
							"component_groups": [
								"melee_1",
								"alert_for_attack_targets",
								"go_back_to_spawn",
								"tame"
							]
						},
						"weight": 1
					},
					{
						"add": {
							"component_groups": [
								"melee_2",
								"alert_for_attack_targets",
								"go_back_to_spawn",
								"tame"
							]
						},
						"weight": 1
					}
				]
			},
			"tamed": {
				"remove": {
					"component_groups": [
						"tame"
					]
				},
				"add": {
					"component_groups": [
						"tamed"
					]
				}
			},
			"meele1": {
				"remove": {
					"component_groups": [
						"melee_2"
					]
				},
				"add": {
					"component_groups": [
						"melee_1"
					]
				}
			},
			"melee2": {
				"remove": {
					"component_groups": [
						"melee_1"
					]
				},
				"add": {
					"component_groups": [
						"melee_2"
					]
				}
			},
			"shield": {
				"add": {
					"component_groups": [
						"sheild"
					]
				},
				"remove": {
					"component_groups": [
						"cooldown"
					]
				}
			},
			"cooldown": {
				"add": {
					"component_groups": [
						"cooldown"
					]
				},
				"remove": {
					"component_groups": [
						"sheild"
					]
				}
			}
		}
	}
}