{
  "format_version": "1.10.0",
  "animation_controllers": {
    "controller.animation.peaseed": {
      "states": {
        "default": {
          "transitions": [ { "walking": "(1.0)" } ],
          "on_entry": [ "/give @p pvz:peashooter_seed" ]
        },
        "walking": {
          "transitions": [ { "default": "(1.0)" } ],
          "on_entry": [ "/give @p pvz:peashooter_seed" ]
        }
      }
    },
    "controller.animation.sunseed": {
      "states": {
        "default": {
          "transitions": [ { "walking": "(1.0)" } ],
          "on_entry": [ "/give @p pvz:sunflower_seed" ]
        },
        "walking": {
          "transitions": [ { "default": "(1.0)" } ],
          "on_entry": [ "/give @p pvz:sunflower_seed" ]
        }
      }
    },
    "controller.animation.nutseed": {
      "states": {
        "default": {
          "transitions": [ { "walking": "(1.0)" } ],
          "on_entry": [ "/give @p pvz:wallnut_seed" ]
        },
        "walking": {
          "transitions": [ { "default": "(1.0)" } ],
          "on_entry": [ "/give @p pvz:wallnut_seed" ]
        }
      }
    },
    "controller.animation.potatoseed": {
      "states": {
        "default": {
          "transitions": [ { "walking": "(1.0)" } ],
          "on_entry": [ "/give @p pvz:potatomine_seed" ]
        },
        "walking": {
          "transitions": [ { "default": "(1.0)" } ],
          "on_entry": [ "/give @p pvz:potatomine_seed" ]
        }
      }
    },
    "controller.animation.cabbageseed": {
      "states": {
        "default": {
          "transitions": [ { "walking": "(1.0)" } ],
          "on_entry": [ "/give @p pvz:cabbage_seed" ]
        },
        "walking": {
          "transitions": [ { "default": "(1.0)" } ],
          "on_entry": [ "/give @p pvz:cabbage_seed" ]
        }
      }
    },
    "controller.animation.lettuceseed": {
      "states": {
        "default": {
          "transitions": [ { "walking": "(1.0)" } ],
          "on_entry": [ "/give @p pvz:iceberg_lettuce_seed" ]
        },
        "walking": {
          "transitions": [ { "default": "(1.0)" } ],
          "on_entry": [ "/give @p pvz:iceberg_lettuce_seed" ]
        }
      }
    },
    "controller.animation.bloomerangseed": {
      "states": {
        "default": {
          "transitions": [ { "walking": "(1.0)" } ],
          "on_entry": [ "/give @p pvz:bloomerang_seed" ]
        },
        "walking": {
          "transitions": [ { "default": "(1.0)" } ],
          "on_entry": [ "/give @p pvz:bloomerang_seed" ]
        }
      }
    },
    "controller.animation.bonkseed": {
      "states": {
        "default": {
          "transitions": [ { "walking": "(1.0)" } ],
          "on_entry": [ "/give @p pvz:bonk_choy_seed" ]
        },
        "walking": {
          "transitions": [ { "default": "(1.0)" } ],
          "on_entry": [ "/give @p pvz:bonk_choy_seed" ]
        }
      }
    },
    "controller.animation.repeaterseed": {
      "states": {
        "default": {
          "transitions": [ { "walking": "(1.0)" } ],
          "on_entry": [ "/give @p pvz:repeater_seed" ]
        },
        "walking": {
          "transitions": [ { "default": "(1.0)" } ],
          "on_entry": [ "/give @p pvz:repeater_seed" ]
        }
      }
    },
    "controller.animation.twinflowerseed": {
      "states": {
        "default": {
          "transitions": [ { "walking": "(1.0)" } ],
          "on_entry": [ "/give @p pvz:twinflower_seed" ]
        },
        "walking": {
          "transitions": [ { "default": "(1.0)" } ],
          "on_entry": [ "/give @p pvz:twinflower_seed" ]
        }
      }
    },
    "controller.animation.snowpeaseed": {
      "states": {
        "default": {
          "transitions": [ { "walking": "(1.0)" } ],
          "on_entry": [ "/give @p pvz:snowpea_seed" ]
        },
        "walking": {
          "transitions": [ { "default": "(1.0)" } ],
          "on_entry": [ "/give @p pvz:snowpea_seed" ]
        }
      }
    },
    "controller.animation.gloomshroomseed": {
      "states": {
        "default": {
          "transitions": [ { "walking": "(1.0)" } ],
          "on_entry": [ "/give @p pvz:gloomshroom_seeds" ]
        },
        "walking": {
          "transitions": [ { "default": "(1.0)" } ],
          "on_entry": [ "/give @p pvz:gloomshroom_seeds" ]
        }
      }
    },
    "controller.animation.pumpseed": {
      "states": {
        "default": {
          "transitions": [ { "walking": "(1.0)" } ],
          "on_entry": [ "/give @p pvz:pumpkin_seeds" ]
        },
        "walking": {
          "transitions": [ { "default": "(1.0)" } ],
          "on_entry": [ "/give @p pvz:pumpkin_seeds" ]
        }
      }
    },
    "controller.animation.blockseed": {
      "states": {
        "default": {
          "transitions": [ { "walking": "(1.0)" } ],
          "on_entry": [ "/give @p pvz:blockbuster_seeds" ]
        },
        "walking": {
          "transitions": [ { "default": "(1.0)" } ],
          "on_entry": [ "/give @p pvz:blockbuster_seeds" ]
        }
      }
    }
  }
}