{
	"file_path": "C:\\Users\\TJ\\AppData\\Local\\Packages\\Microsoft.MinecraftUWP_8wekyb3d8bbwe\\LocalState\\games\\com.mojang\\development_resource_packs\\Mobs RP\\render_controllers\\passive_mobs\\bat.render_controllers.json",
	"file_type": "render_controller",
	"format_version": 1,
	"file_uuid": "474b1fc3_9ac7_4bda_baa5_6549c9a9e07a",
	"file_version": 2,
	"cache_content": {
		"children": [
			{
				"data": "1.8.0",
				"key": "format_version"
			},
			{
				"open": {
					"format_version": "1.8.0",
					"render_controllers": {
						"controller.render.bat": {
							"geometry": "Geometry.default",
							"materials": [
								{
									"*": "Material.default"
								}
							],
							"arrays": {
								"textures": {
									"Array.skin": [
										"Texture.black",
										"Texture.brown"
									]
								}
							},
							"textures": [
								"Array.skin[query.skin_id]"
							]
						}
					}
				},
				"key": "render_controllers",
				"children": [
					{
						"open": {
							"controller.render.bat": {
								"geometry": "Geometry.default",
								"materials": [
									{
										"*": "Material.default"
									}
								],
								"arrays": {
									"textures": {
										"Array.skin": [
											"Texture.black",
											"Texture.brown"
										]
									}
								},
								"textures": [
									"Array.skin[query.skin_id]"
								]
							}
						},
						"key": "controller.render.bat",
						"children": [
							{
								"data": "Geometry.default",
								"key": "geometry"
							},
							{
								"open": {
									"geometry": "Geometry.default",
									"materials": [
										{
											"*": "Material.default"
										}
									],
									"arrays": {
										"textures": {
											"Array.skin": [
												"Texture.black",
												"Texture.brown"
											]
										}
									},
									"textures": [
										"Array.skin[query.skin_id]"
									]
								},
								"key": "materials",
								"is_minified": true,
								"children": [
									{
										"*": "Material.default"
									}
								]
							},
							{
								"open": {
									"geometry": "Geometry.default",
									"materials": [
										{
											"*": "Material.default"
										}
									],
									"arrays": {
										"textures": {
											"Array.skin": [
												"Texture.black",
												"Texture.brown"
											]
										}
									},
									"textures": [
										"Array.skin[query.skin_id]"
									]
								},
								"key": "arrays",
								"children": [
									{
										"open": {
											"textures": {
												"Array.skin": [
													"Texture.black",
													"Texture.brown"
												]
											}
										},
										"key": "textures",
										"children": [
											{
												"open": {
													"Array.skin": [
														"Texture.black",
														"Texture.brown"
													]
												},
												"key": "Array.skin",
												"is_minified": true,
												"children": [
													"Texture.black",
													"Texture.brown"
												]
											}
										]
									}
								]
							},
							{
								"open": {
									"geometry": "Geometry.default",
									"materials": [
										{
											"*": "Material.default"
										}
									],
									"arrays": {
										"textures": {
											"Array.skin": [
												"Texture.black",
												"Texture.brown"
											]
										}
									},
									"textures": [
										"Array.skin[query.skin_id]"
									]
								},
								"key": "textures",
								"is_minified": true,
								"children": [
									"Array.skin[query.skin_id]"
								]
							}
						]
					}
				]
			}
		]
	}
}