{
	"file_path": "C:\\Users\\TJ\\AppData\\Local\\Packages\\Microsoft.MinecraftUWP_8wekyb3d8bbwe\\LocalState\\games\\com.mojang\\development_resource_packs\\Mobs RP/render_controllers/passive_mobs/camel.render_controllers.json",
	"file_type": "render_controller",
	"format_version": 1,
	"file_uuid": "8919dd17_3e6c_4cb9_a117_98dbb4a3fc07",
	"file_version": 3,
	"cache_content": {
		"children": [
			{
				"data": "1.8.0",
				"key": "format_version"
			},
			{
				"open": {
					"format_version": "1.8.0",
					"render_controllers": {
						"controller.render.camel": {
							"arrays": {
								"textures": {
									"Array.skin": [
										"Texture.default",
										"Texture.brown"
									],
									"Array.decor": [
										"Texture.decor_none",
										"Texture.decor_white",
										"Texture.decor_orange",
										"Texture.decor_magenta",
										"Texture.decor_light_blue",
										"Texture.decor_yellow",
										"Texture.decor_lime",
										"Texture.decor_pink",
										"Texture.decor_gray",
										"Texture.decor_silver",
										"Texture.decor_cyan",
										"Texture.decor_purple",
										"Texture.decor_blue",
										"Texture.decor_brown",
										"Texture.decor_green",
										"Texture.decor_red",
										"Texture.decor_black"
									]
								}
							},
							"geometry": "Geometry.default",
							"part_visibility": [
								{
									"chest*": "query.is_chested"
								}
							],
							"materials": [
								{
									"*": "Material.default"
								}
							],
							"textures": [
								"Array.skin[query.skin_id]",
								"(query.mark_variant == 1 && variable.DecorTextureIndex == 0) ? Texture.decor_wandering_trader : Array.decor[variable.DecorTextureIndex]",
								"Texture.decor_none"
							]
						}
					}
				},
				"key": "render_controllers",
				"children": [
					{
						"open": {
							"controller.render.camel": {
								"arrays": {
									"textures": {
										"Array.skin": [
											"Texture.default",
											"Texture.brown"
										],
										"Array.decor": [
											"Texture.decor_none",
											"Texture.decor_white",
											"Texture.decor_orange",
											"Texture.decor_magenta",
											"Texture.decor_light_blue",
											"Texture.decor_yellow",
											"Texture.decor_lime",
											"Texture.decor_pink",
											"Texture.decor_gray",
											"Texture.decor_silver",
											"Texture.decor_cyan",
											"Texture.decor_purple",
											"Texture.decor_blue",
											"Texture.decor_brown",
											"Texture.decor_green",
											"Texture.decor_red",
											"Texture.decor_black"
										]
									}
								},
								"geometry": "Geometry.default",
								"part_visibility": [
									{
										"chest*": "query.is_chested"
									}
								],
								"materials": [
									{
										"*": "Material.default"
									}
								],
								"textures": [
									"Array.skin[query.skin_id]",
									"(query.mark_variant == 1 && variable.DecorTextureIndex == 0) ? Texture.decor_wandering_trader : Array.decor[variable.DecorTextureIndex]",
									"Texture.decor_none"
								]
							}
						},
						"key": "controller.render.camel",
						"children": [
							{
								"open": {
									"arrays": {
										"textures": {
											"Array.skin": [
												"Texture.default",
												"Texture.brown"
											],
											"Array.decor": [
												"Texture.decor_none",
												"Texture.decor_white",
												"Texture.decor_orange",
												"Texture.decor_magenta",
												"Texture.decor_light_blue",
												"Texture.decor_yellow",
												"Texture.decor_lime",
												"Texture.decor_pink",
												"Texture.decor_gray",
												"Texture.decor_silver",
												"Texture.decor_cyan",
												"Texture.decor_purple",
												"Texture.decor_blue",
												"Texture.decor_brown",
												"Texture.decor_green",
												"Texture.decor_red",
												"Texture.decor_black"
											]
										}
									},
									"geometry": "Geometry.default",
									"part_visibility": [
										{
											"chest*": "query.is_chested"
										}
									],
									"materials": [
										{
											"*": "Material.default"
										}
									],
									"textures": [
										"Array.skin[query.skin_id]",
										"(query.mark_variant == 1 && variable.DecorTextureIndex == 0) ? Texture.decor_wandering_trader : Array.decor[variable.DecorTextureIndex]",
										"Texture.decor_none"
									]
								},
								"key": "arrays",
								"children": [
									{
										"open": {
											"textures": {
												"Array.skin": [
													"Texture.default",
													"Texture.brown"
												],
												"Array.decor": [
													"Texture.decor_none",
													"Texture.decor_white",
													"Texture.decor_orange",
													"Texture.decor_magenta",
													"Texture.decor_light_blue",
													"Texture.decor_yellow",
													"Texture.decor_lime",
													"Texture.decor_pink",
													"Texture.decor_gray",
													"Texture.decor_silver",
													"Texture.decor_cyan",
													"Texture.decor_purple",
													"Texture.decor_blue",
													"Texture.decor_brown",
													"Texture.decor_green",
													"Texture.decor_red",
													"Texture.decor_black"
												]
											}
										},
										"key": "textures",
										"children": [
											{
												"open": {
													"Array.skin": [
														"Texture.default",
														"Texture.brown"
													],
													"Array.decor": [
														"Texture.decor_none",
														"Texture.decor_white",
														"Texture.decor_orange",
														"Texture.decor_magenta",
														"Texture.decor_light_blue",
														"Texture.decor_yellow",
														"Texture.decor_lime",
														"Texture.decor_pink",
														"Texture.decor_gray",
														"Texture.decor_silver",
														"Texture.decor_cyan",
														"Texture.decor_purple",
														"Texture.decor_blue",
														"Texture.decor_brown",
														"Texture.decor_green",
														"Texture.decor_red",
														"Texture.decor_black"
													]
												},
												"key": "Array.skin",
												"is_minified": true,
												"children": [
													"Texture.default",
													"Texture.brown"
												]
											},
											{
												"key": "Array.decor",
												"is_minified": true,
												"children": [
													"Texture.decor_none",
													"Texture.decor_white",
													"Texture.decor_orange",
													"Texture.decor_magenta",
													"Texture.decor_light_blue",
													"Texture.decor_yellow",
													"Texture.decor_lime",
													"Texture.decor_pink",
													"Texture.decor_gray",
													"Texture.decor_silver",
													"Texture.decor_cyan",
													"Texture.decor_purple",
													"Texture.decor_blue",
													"Texture.decor_brown",
													"Texture.decor_green",
													"Texture.decor_red",
													"Texture.decor_black"
												]
											}
										]
									}
								]
							},
							{
								"data": "Geometry.default",
								"key": "geometry"
							},
							{
								"open": {
									"arrays": {
										"textures": {
											"Array.skin": [
												"Texture.default",
												"Texture.brown"
											],
											"Array.decor": [
												"Texture.decor_none",
												"Texture.decor_white",
												"Texture.decor_orange",
												"Texture.decor_magenta",
												"Texture.decor_light_blue",
												"Texture.decor_yellow",
												"Texture.decor_lime",
												"Texture.decor_pink",
												"Texture.decor_gray",
												"Texture.decor_silver",
												"Texture.decor_cyan",
												"Texture.decor_purple",
												"Texture.decor_blue",
												"Texture.decor_brown",
												"Texture.decor_green",
												"Texture.decor_red",
												"Texture.decor_black"
											]
										}
									},
									"geometry": "Geometry.default",
									"part_visibility": [
										{
											"chest*": "query.is_chested"
										}
									],
									"materials": [
										{
											"*": "Material.default"
										}
									],
									"textures": [
										"Array.skin[query.skin_id]",
										"(query.mark_variant == 1 && variable.DecorTextureIndex == 0) ? Texture.decor_wandering_trader : Array.decor[variable.DecorTextureIndex]",
										"Texture.decor_none"
									]
								},
								"key": "part_visibility",
								"children": [
									{
										"open": [
											{
												"chest*": "query.is_chested"
											}
										],
										"is_minified": true,
										"children": {
											"chest*": "query.is_chested"
										}
									}
								]
							},
							{
								"open": {
									"arrays": {
										"textures": {
											"Array.skin": [
												"Texture.default",
												"Texture.brown"
											],
											"Array.decor": [
												"Texture.decor_none",
												"Texture.decor_white",
												"Texture.decor_orange",
												"Texture.decor_magenta",
												"Texture.decor_light_blue",
												"Texture.decor_yellow",
												"Texture.decor_lime",
												"Texture.decor_pink",
												"Texture.decor_gray",
												"Texture.decor_silver",
												"Texture.decor_cyan",
												"Texture.decor_purple",
												"Texture.decor_blue",
												"Texture.decor_brown",
												"Texture.decor_green",
												"Texture.decor_red",
												"Texture.decor_black"
											]
										}
									},
									"geometry": "Geometry.default",
									"part_visibility": [
										{
											"chest*": "query.is_chested"
										}
									],
									"materials": [
										{
											"*": "Material.default"
										}
									],
									"textures": [
										"Array.skin[query.skin_id]",
										"(query.mark_variant == 1 && variable.DecorTextureIndex == 0) ? Texture.decor_wandering_trader : Array.decor[variable.DecorTextureIndex]",
										"Texture.decor_none"
									]
								},
								"key": "materials",
								"children": [
									{
										"open": [
											{
												"*": "Material.default"
											}
										],
										"is_minified": true,
										"children": {
											"*": "Material.default"
										}
									}
								]
							},
							{
								"open": {
									"arrays": {
										"textures": {
											"Array.skin": [
												"Texture.default",
												"Texture.brown"
											],
											"Array.decor": [
												"Texture.decor_none",
												"Texture.decor_white",
												"Texture.decor_orange",
												"Texture.decor_magenta",
												"Texture.decor_light_blue",
												"Texture.decor_yellow",
												"Texture.decor_lime",
												"Texture.decor_pink",
												"Texture.decor_gray",
												"Texture.decor_silver",
												"Texture.decor_cyan",
												"Texture.decor_purple",
												"Texture.decor_blue",
												"Texture.decor_brown",
												"Texture.decor_green",
												"Texture.decor_red",
												"Texture.decor_black"
											]
										}
									},
									"geometry": "Geometry.default",
									"part_visibility": [
										{
											"chest*": "query.is_chested"
										}
									],
									"materials": [
										{
											"*": "Material.default"
										}
									],
									"textures": [
										"Array.skin[query.skin_id]",
										"(query.mark_variant == 1 && variable.DecorTextureIndex == 0) ? Texture.decor_wandering_trader : Array.decor[variable.DecorTextureIndex]",
										"Texture.decor_none"
									]
								},
								"key": "textures",
								"is_minified": true,
								"children": [
									"Array.skin[query.skin_id]",
									"(query.mark_variant == 1 && variable.DecorTextureIndex == 0) ? Texture.decor_wandering_trader : Array.decor[variable.DecorTextureIndex]",
									"Texture.decor_none"
								]
							}
						]
					}
				]
			}
		]
	}
}