{
	"file_path": "C:\\Users\\TJ\\AppData\\Local\\Packages\\Microsoft.MinecraftUWP_8wekyb3d8bbwe\\LocalState\\games\\com.mojang\\development_resource_packs\\Mobs RP/render_controllers/dog.render_conhtrollers.json",
	"file_type": "render_controller",
	"format_version": 1,
	"file_uuid": "963a34f1_b850_4f41_9d6a_829d9fe71389",
	"file_version": 1,
	"cache_content": {
		"children": [
			{
				"data": "1.8.0",
				"key": "format_version"
			},
			{
				"open": {
					"format_version": "1.8.0",
					"render_controllers": {
						"controller.render.dog": {
							"arrays": {
								"textures": {
									"Array.skins": [
										"Texture.beagle",
										"Texture.border_collie",
										"Texture.dalmation",
										"Texture.doberman",
										"Texture.doge",
										"Texture.husky",
										"Texture.scooby_doo"
									]
								}
							},
							"geometry": "Geometry.default",
							"materials": [
								{
									"*": "Material.default"
								}
							],
							"textures": [
								"Array.skins[query.skin_id]"
							]
						}
					}
				},
				"key": "render_controllers",
				"children": [
					{
						"open": {
							"controller.render.dog": {
								"arrays": {
									"textures": {
										"Array.skins": [
											"Texture.beagle",
											"Texture.border_collie",
											"Texture.dalmation",
											"Texture.doberman",
											"Texture.doge",
											"Texture.husky",
											"Texture.scooby_doo"
										]
									}
								},
								"geometry": "Geometry.default",
								"materials": [
									{
										"*": "Material.default"
									}
								],
								"textures": [
									"Array.skins[query.skin_id]"
								]
							}
						},
						"key": "controller.render.dog",
						"children": [
							{
								"open": {
									"arrays": {
										"textures": {
											"Array.skins": [
												"Texture.beagle",
												"Texture.border_collie",
												"Texture.dalmation",
												"Texture.doberman",
												"Texture.doge",
												"Texture.husky",
												"Texture.scooby_doo"
											]
										}
									},
									"geometry": "Geometry.default",
									"materials": [
										{
											"*": "Material.default"
										}
									],
									"textures": [
										"Array.skins[query.skin_id]"
									]
								},
								"key": "arrays",
								"children": [
									{
										"open": {
											"textures": {
												"Array.skins": [
													"Texture.beagle",
													"Texture.border_collie",
													"Texture.dalmation",
													"Texture.doberman",
													"Texture.doge",
													"Texture.husky",
													"Texture.scooby_doo"
												]
											}
										},
										"key": "textures",
										"children": [
											{
												"open": {
													"Array.skins": [
														"Texture.beagle",
														"Texture.border_collie",
														"Texture.dalmation",
														"Texture.doberman",
														"Texture.doge",
														"Texture.husky",
														"Texture.scooby_doo"
													]
												},
												"key": "Array.skins",
												"is_minified": true,
												"children": [
													"Texture.beagle",
													"Texture.border_collie",
													"Texture.dalmation",
													"Texture.doberman",
													"Texture.doge",
													"Texture.husky",
													"Texture.scooby_doo"
												]
											}
										]
									}
								]
							},
							{
								"data": "Geometry.default",
								"key": "geometry"
							},
							{
								"key": "materials",
								"is_minified": true,
								"children": [
									{
										"*": "Material.default"
									}
								]
							},
							{
								"key": "textures",
								"is_minified": true,
								"children": [
									"Array.skins[query.skin_id]"
								]
							}
						]
					}
				]
			}
		]
	}
}