{
	"file_path": "C:\\Users\\TJ\\AppData\\Local\\Packages\\Microsoft.MinecraftUWP_8wekyb3d8bbwe\\LocalState\\games\\com.mojang\\development_resource_packs\\Mobs RP/render_controllers/passive_mobs/pig.render_controllers.json",
	"file_type": "render_controller",
	"format_version": 1,
	"file_uuid": "060db126_3149_46c0_902f_7e343ddb8973",
	"file_version": 1,
	"cache_content": {
		"children": [
			{
				"data": "1.8.0",
				"key": "format_version"
			},
			{
				"open": {
					"format_version": "1.8.0",
					"render_controllers": {
						"controller.render.pig.v1.8": {
							"arrays": {
								"textures": {
									"Array.skins": [
										"Texture.default",
										"Texture.pink"
									]
								}
							},
							"geometry": "Geometry.default",
							"materials": [
								{
									"*": "Material.default"
								}
							],
							"textures": [
								"Array.skins[query.skin_id]"
							]
						}
					}
				},
				"key": "render_controllers",
				"children": [
					{
						"open": {
							"controller.render.pig.v1.8": {
								"arrays": {
									"textures": {
										"Array.skins": [
											"Texture.default",
											"Texture.pink"
										]
									}
								},
								"geometry": "Geometry.default",
								"materials": [
									{
										"*": "Material.default"
									}
								],
								"textures": [
									"Array.skins[query.skin_id]"
								]
							}
						},
						"key": "controller.render.pig.v1.8",
						"children": [
							{
								"open": {
									"arrays": {
										"textures": {
											"Array.skins": [
												"Texture.default",
												"Texture.pink"
											]
										}
									},
									"geometry": "Geometry.default",
									"materials": [
										{
											"*": "Material.default"
										}
									],
									"textures": [
										"Array.skins[query.skin_id]"
									]
								},
								"key": "arrays",
								"children": [
									{
										"open": {
											"textures": {
												"Array.skins": [
													"Texture.default",
													"Texture.pink"
												]
											}
										},
										"key": "textures",
										"children": [
											{
												"open": {
													"Array.skins": [
														"Texture.default",
														"Texture.pink"
													]
												},
												"key": "Array.skins",
												"is_minified": true,
												"children": [
													"Texture.default",
													"Texture.pink"
												]
											}
										]
									}
								]
							},
							{
								"data": "Geometry.default",
								"key": "geometry"
							},
							{
								"key": "materials",
								"is_minified": true,
								"children": [
									{
										"*": "Material.default"
									}
								]
							},
							{
								"open": {
									"arrays": {
										"textures": {
											"Array.skins": [
												"Texture.default",
												"Texture.pink"
											]
										}
									},
									"geometry": "Geometry.default",
									"materials": [
										{
											"*": "Material.default"
										}
									],
									"textures": [
										"Array.skins[query.skin_id]"
									]
								},
								"key": "textures",
								"is_minified": true,
								"children": [
									"Array.skins[query.skin_id]"
								]
							}
						]
					}
				]
			}
		]
	}
}