{
  "format_version":"1.13.0",
  "minecraft:entity":{
    "description":{
      "identifier":"serp:spore",
      "is_spawnable":false,
      "is_summonable":true,
      "is_experimental":false,
      "runtime_identifier":"minecraft:arrow"
    },
    "component_groups":{
      "serp:despawn":{
	"minecraft:transformation":{"into":"serp:despawn","delay":{"value":0.1}}
      }
    },
    "components":{
      "minecraft:timer":{"looping":false,"time":0.6,"time_down_event":{"event":"serp:remove"}},
      "minecraft:projectile":{
        "on_hit":{
    "impact_damage":{
    "damage":2,"knockback":true,
    "semi_random_diff_damage":false
    },"douse_fire":{}
        },"on_fire_time":0,
    "hit_sound":"slimeball","power":0.6,
    "gravity":0,"offset":[0,0.8,0]
        },
      "minecraft:collision_box":{
        "width":0.3,"height":0.3
      },
      "minecraft:physics":{}
    },
    "events":{
      "serp:remove":{
"add":{"component_groups":["serp:despawn"]}
      }
    }
  }
}