{
  "format_version": "1.16.0",
  "minecraft:entity": {
    "description": {
      "identifier": "minecraft:ghast",
      "is_spawnable": true,
      "is_summonable": true,
      "is_experimental": false
    },
    "components": {
      "minecraft:experience_reward": {
        "on_death": "query.last_hit_by_player ? 7 : 0"
      },
      "minecraft:fire_immune": {},
      "minecraft:nameable": {
        "alwaysShow": false,
        "allowNameTagRenaming": false
      },
      "minecraft:health": {
        "value": 10,
        "max": 10
      },
      "minecraft:collision_box": {
        "height": 4.0,
        "width": 4.0
      },
      "minecraft:movement": {
        "value": 0.03
      },
      "minecraft:navigation.float": {
        "can_path_over_water": true
      },
      "minecraft:behavior.float_wander": {
        "random_reselect": true,
        "priority": 2
      },
      "minecraft:can_fly": {},
      "minecraft:shooter": {
        "type": "Arrow",
        "def": "minecraft:arrow.skeleton"
      },
      "minecraft:type_family": {
        "family": [
          "ghast",
          "monster",
          "mob"
        ]
      },
      "minecraft:damage_sensor": {
        "triggers": {
          "cause": "fall",
          "deals_damage": false
        }
      },
      "minecraft:jump.static": {},
      "minecraft:despawn": {
        "despawn_from_distance": {}
      },
      "minecraft:behavior.float": {
        "priority": 0
      },
      "minecraft:behavior.ranged_attack": {
        "priority": 1,
        "attack_radius": 64,
        "charge_shoot_trigger": 2,
        "charge_charged_trigger": 1
      },
      "minecraft:follow_range": {
        "value": 64,
        "max": 64
      },
      "minecraft:behavior.hurt_by_target": {
        "priority": 3
      },
      "minecraft:behavior.nearest_attackable_target": {
        "priority": 2,
        "entity_types": [
          {
            "filters": {
              "any_of": []
            },
            "max_dist": 28.0,
            "must_see": false
          }
        ],
        "must_see": false,
        "within_radius": 0.0,
        "must_reach": false
      },
      "minecraft:physics": {},
      "minecraft:pushable": {
        "is_pushable": true,
        "is_pushable_by_piston": true
      },
      "minecraft:conditional_bandwidth_optimization": {},
      "minecraft:underwater_movement": {
        "value": 0.02
      },
      "minecraft:flying_speed": {
        "value": 0.02
      },
      "minecraft:scale": {
        "value": 1
      },
      "minecraft:behavior.owner_hurt_by_target": {
        "priority": 1
      },
      "minecraft:behavior.owner_hurt_target": {
        "priority": 2
      },
      "minecraft:movement.generic": {},
      "minecraft:behavior.circle_around_anchor": {
        "priority": 3,
        "radius_range": [
          5.0,
          15.0
        ],
        "radius_change_chance": 250,
        "height_above_target_range": [
          20.0,
          40.0
        ],
        "height_offset_range": [
          -4.0,
          5.0
        ],
        "height_change_chance": 350,
        "goal_radius": 1.0
      },
      "minecraft:movement.glide": {
        "start_speed": 0.1,
        "speed_when_turning": 0.2
      },
      "minecraft:loot": {
        "table": "loot_tables/entities/ghast.json"
      }
    },
    "events": {
      "on:death": {
        "run_command": {
          "command": []
        }
      },
      "on:hurt": {
        "run_command": {
          "command": []
        }
      },
      "on:hurt_by_player": {
        "run_command": {
          "command": []
        }
      },
      "on:ignite": {
        "run_command": {
          "command": []
        }
      },
      "on:target_acquired": {
        "run_command": {
          "command": []
        }
      },
      "on:target_escape": {
        "run_command": {
          "command": []
        }
      },
      "on:wake_with_owner": {
        "run_command": {
          "command": []
        }
      }
    },
    "component_groups": null
  }
}