{
  "format_version": "1.11",
  "minecraft:entity": {
    "description": {
      "identifier": "minecraft:player",
      "is_spawnable": false,
      "is_summonable": false,
      "is_experimental": false,
      "scripts": {
        "animate": [
          "walk",
          "mrspir:villager_head",
          "mrspir:warden_head",
          "mrspir:blaze_head",
          "mrspir:panda_head",
          "mrspir:husk_head",
          "mrspir:ravager_head",
          "mrspir:ghast_head",
          "mrspir:sniffer_head"
        ]
      },
      "animations": {
        "walk": "controller.animation.walk",
        "mrspir:villager_head": "controller.animation.mrspir_villager_head",
        "mrspir:warden_head": "controller.animation.mrspir_warden_head",
        "mrspir:blaze_head": "controller.animation.mrspir_blaze_head",
        "mrspir:panda_head": "controller.animation.mrspir_panda_head",
        "mrspir:husk_head": "controller.animation.mrspir_husk_head",
        "mrspir:ravager_head": "controller.animation.mrspir_ravager_head",
        "mrspir:ghast_head": "controller.animation.mrspir_ghast_head",
        "mrspir:sniffer_head": "controller.animation.mrspir_sniffer_head"
      }
    },
    "component_groups": {
      "pamobile:respawn": {
        "minecraft:mark_variant": {
          "value": 99999
        },
        "minecraft:health": {
          "value": 20,
          "max": 20
        },
        "minecraft:movement": {
          "value": 0.1
        },
        "minecraft:attack": {
          "damage": 1
        },
        "minecraft:spell_effects": {
          "remove_effects": []
        }
      },
      "ammo:1": {
        "minecraft:mark_variant": {
          "value": 1
        }
      },
      "mrspir:villager_head_event_play": {
        "minecraft:health": {
          "value": 22,
          "max": 22
        },
        "minecraft:movement": {
          "value": 0.1
        },
        "minecraft:spell_effects": {
          "add_effects": []
        }
      },
      "mrspir:warden_head_event_play": {
        "minecraft:health": {
          "value": 30,
          "max": 30
        },
        "minecraft:movement": {
          "value": 0.1
        },
        "minecraft:spell_effects": {
          "add_effects": []
        }
      },
      "mrspir:blaze_head_event_play": {
        "minecraft:health": {
          "value": 22,
          "max": 22
        },
        "minecraft:movement": {
          "value": 0.1
        },
        "minecraft:spell_effects": {
          "add_effects": []
        }
      },
      "mrspir:panda_head_event_play": {
        "minecraft:health": {
          "value": 22,
          "max": 22
        },
        "minecraft:movement": {
          "value": 0.1
        },
        "minecraft:spell_effects": {
          "add_effects": []
        }
      },
      "mrspir:husk_head_event_play": {
        "minecraft:health": {
          "value": 22,
          "max": 22
        },
        "minecraft:movement": {
          "value": 0.1
        },
        "minecraft:spell_effects": {
          "add_effects": []
        }
      },
      "mrspir:ravager_head_event_play": {
        "minecraft:health": {
          "value": 22,
          "max": 22
        },
        "minecraft:movement": {
          "value": 0.1
        },
        "minecraft:spell_effects": {
          "add_effects": []
        }
      },
      "mrspir:ghast_head_event_play": {
        "minecraft:health": {
          "value": 22,
          "max": 22
        },
        "minecraft:movement": {
          "value": 0.1
        },
        "minecraft:spell_effects": {
          "add_effects": []
        }
      },
      "mrspir:sniffer_head_event_play": {
        "minecraft:health": {
          "value": 22,
          "max": 22
        },
        "minecraft:movement": {
          "value": 0.1
        },
        "minecraft:spell_effects": {
          "add_effects": []
        }
      }
    },
    "components": {
      "minecraft:type_family": {
        "family": [
          "player"
        ]
      },
      "minecraft:loot": {
        "table": "loot_tables/empty.json"
      },
      "minecraft:collision_box": {
        "width": 0.6,
        "height": 1.8
      },
      "minecraft:can_climb": {},
      "minecraft:movement": {
        "value": 0.1
      },
      "minecraft:environment_sensor": [
        {
          "on_environment": {
            "filters": {
              "any_of": [
                {
                  "test": "is_family",
                  "subject": "self",
                  "value": "player"
                }
              ]
            },
            "event": "pamobile:refresh_player"
          }
        },
        {
          "on_environment": {
            "filters": {
              "all_of": [
                {
                  "test": "has_equipment",
                  "subject": "self",
                  "domain": "hand",
                  "value": "mrspir:villager_head"
                }
              ]
            },
            "event": "mrspir:villager_head_event_hold"
          }
        },
        {
          "on_environment": {
            "filters": {
              "all_of": [
                {
                  "test": "has_equipment",
                  "subject": "self",
                  "domain": "head",
                  "value": "mrspir:villager_head"
                }
              ]
            },
            "event": "mrspir:villager_head_event_play"
          }
        },
        {
          "on_environment": {
            "filters": {
              "all_of": [
                {
                  "test": "has_equipment",
                  "subject": "self",
                  "domain": "hand",
                  "value": "mrspir:warden_head"
                }
              ]
            },
            "event": "mrspir:warden_head_event_hold"
          }
        },
        {
          "on_environment": {
            "filters": {
              "all_of": [
                {
                  "test": "has_equipment",
                  "subject": "self",
                  "domain": "head",
                  "value": "mrspir:warden_head"
                }
              ]
            },
            "event": "mrspir:warden_head_event_play"
          }
        },
        {
          "on_environment": {
            "filters": {
              "all_of": [
                {
                  "test": "has_equipment",
                  "subject": "self",
                  "domain": "hand",
                  "value": "mrspir:blaze_head"
                }
              ]
            },
            "event": "mrspir:blaze_head_event_hold"
          }
        },
        {
          "on_environment": {
            "filters": {
              "all_of": [
                {
                  "test": "has_equipment",
                  "subject": "self",
                  "domain": "head",
                  "value": "mrspir:blaze_head"
                }
              ]
            },
            "event": "mrspir:blaze_head_event_play"
          }
        },
        {
          "on_environment": {
            "filters": {
              "all_of": [
                {
                  "test": "has_equipment",
                  "subject": "self",
                  "domain": "hand",
                  "value": "mrspir:panda_head"
                }
              ]
            },
            "event": "mrspir:panda_head_event_hold"
          }
        },
        {
          "on_environment": {
            "filters": {
              "all_of": [
                {
                  "test": "has_equipment",
                  "subject": "self",
                  "domain": "head",
                  "value": "mrspir:panda_head"
                }
              ]
            },
            "event": "mrspir:panda_head_event_play"
          }
        },
        {
          "on_environment": {
            "filters": {
              "all_of": [
                {
                  "test": "has_equipment",
                  "subject": "self",
                  "domain": "hand",
                  "value": "mrspir:husk_head"
                }
              ]
            },
            "event": "mrspir:husk_head_event_hold"
          }
        },
        {
          "on_environment": {
            "filters": {
              "all_of": [
                {
                  "test": "has_equipment",
                  "subject": "self",
                  "domain": "head",
                  "value": "mrspir:husk_head"
                }
              ]
            },
            "event": "mrspir:husk_head_event_play"
          }
        },
        {
          "on_environment": {
            "filters": {
              "all_of": [
                {
                  "test": "has_equipment",
                  "subject": "self",
                  "domain": "hand",
                  "value": "mrspir:ravager_head"
                }
              ]
            },
            "event": "mrspir:ravager_head_event_hold"
          }
        },
        {
          "on_environment": {
            "filters": {
              "all_of": [
                {
                  "test": "has_equipment",
                  "subject": "self",
                  "domain": "head",
                  "value": "mrspir:ravager_head"
                }
              ]
            },
            "event": "mrspir:ravager_head_event_play"
          }
        },
        {
          "on_environment": {
            "filters": {
              "all_of": [
                {
                  "test": "has_equipment",
                  "subject": "self",
                  "domain": "hand",
                  "value": "mrspir:ghast_head"
                }
              ]
            },
            "event": "mrspir:ghast_head_event_hold"
          }
        },
        {
          "on_environment": {
            "filters": {
              "all_of": [
                {
                  "test": "has_equipment",
                  "subject": "self",
                  "domain": "head",
                  "value": "mrspir:ghast_head"
                }
              ]
            },
            "event": "mrspir:ghast_head_event_play"
          }
        },
        {
          "on_environment": {
            "filters": {
              "all_of": [
                {
                  "test": "has_equipment",
                  "subject": "self",
                  "domain": "hand",
                  "value": "mrspir:sniffer_head"
                }
              ]
            },
            "event": "mrspir:sniffer_head_event_hold"
          }
        },
        {
          "on_environment": {
            "filters": {
              "all_of": [
                {
                  "test": "has_equipment",
                  "subject": "self",
                  "domain": "head",
                  "value": "mrspir:sniffer_head"
                }
              ]
            },
            "event": "mrspir:sniffer_head_event_play"
          }
        }
      ],
      "minecraft:player.saturation": {
        "value": 20
      },
      "minecraft:player.exhaustion": {
        "value": 0,
        "max": 4
      },
      "minecraft:player.level": {
        "value": 0,
        "max": 24791
      },
      "minecraft:player.experience": {
        "value": 0,
        "max": 1
      },
      "minecraft:breathable": {
        "totalSupply": 15,
        "suffocateTime": -1,
        "inhaleTime": 3.75,
        "generatesBubbles": false
      },
      "minecraft:nameable": {
        "alwaysShow": true,
        "allowNameTagRenaming": false
      },
      "minecraft:physics": {},
      "minecraft:insomnia": {
        "days_until_insomnia": 3
      },
      "minecraft:rideable": {
        "seat_count": 2,
        "family_types": [
          "parrot_tame"
        ],
        "pull_in_entities": true,
        "seats": [
          {
            "position": [
              0.4,
              -0.15,
              0.04
            ],
            "min_rider_count": 0,
            "max_rider_count": 0,
            "lock_rider_rotation": 0
          },
          {
            "position": [
              -0.4,
              -0.15,
              0.04
            ],
            "min_rider_count": 1,
            "max_rider_count": 2,
            "lock_rider_rotation": 0
          }
        ]
      },
      "minecraft:scaffolding_climber": {}
    },
    "events": {
      "pamobile:refresh_player": {
        "add": {
          "component_groups": [
            "pamobile:respawn"
          ]
        },
        "remove": {
          "component_groups": [
            "mrspir:villager_head_event_hold",
            "mrspir:villager_head_event_play",
            "mrspir:warden_head_event_hold",
            "mrspir:warden_head_event_play",
            "mrspir:blaze_head_event_hold",
            "mrspir:blaze_head_event_play",
            "mrspir:panda_head_event_hold",
            "mrspir:panda_head_event_play",
            "mrspir:husk_head_event_hold",
            "mrspir:husk_head_event_play",
            "mrspir:ravager_head_event_hold",
            "mrspir:ravager_head_event_play",
            "mrspir:ghast_head_event_hold",
            "mrspir:ghast_head_event_play",
            "mrspir:sniffer_head_event_hold",
            "mrspir:sniffer_head_event_play"
          ]
        }
      },
      "minecraft:entity_spawned": {
        "add": {
          "component_groups": [
            "pamobile:respawn"
          ]
        },
        "remove": {}
      },
      "ammo:1": {
        "remove": {
          "component_groups": [
            "ammo:1"
          ]
        },
        "add": {
          "component_groups": [
            "ammo:1"
          ]
        }
      },
      "ammo:2": {
        "remove": {
          "component_groups": [
            "ammo:2"
          ]
        },
        "add": {
          "component_groups": [
            "ammo:2"
          ]
        }
      },
      "mrspir:villager_head_event_hold": {
        "add": {
          "component_groups": [
            "mrspir:villager_head_event_hold"
          ]
        }
      },
      "mrspir:villager_head_event_play": {
        "add": {
          "component_groups": [
            "mrspir:villager_head_event_play"
          ]
        }
      },
      "mrspir:warden_head_event_hold": {
        "add": {
          "component_groups": [
            "mrspir:warden_head_event_hold"
          ]
        }
      },
      "mrspir:warden_head_event_play": {
        "add": {
          "component_groups": [
            "mrspir:warden_head_event_play"
          ]
        }
      },
      "mrspir:blaze_head_event_hold": {
        "add": {
          "component_groups": [
            "mrspir:blaze_head_event_hold"
          ]
        }
      },
      "mrspir:blaze_head_event_play": {
        "add": {
          "component_groups": [
            "mrspir:blaze_head_event_play"
          ]
        }
      },
      "mrspir:panda_head_event_hold": {
        "add": {
          "component_groups": [
            "mrspir:panda_head_event_hold"
          ]
        }
      },
      "mrspir:panda_head_event_play": {
        "add": {
          "component_groups": [
            "mrspir:panda_head_event_play"
          ]
        }
      },
      "mrspir:husk_head_event_hold": {
        "add": {
          "component_groups": [
            "mrspir:husk_head_event_hold"
          ]
        }
      },
      "mrspir:husk_head_event_play": {
        "add": {
          "component_groups": [
            "mrspir:husk_head_event_play"
          ]
        }
      },
      "mrspir:ravager_head_event_hold": {
        "add": {
          "component_groups": [
            "mrspir:ravager_head_event_hold"
          ]
        }
      },
      "mrspir:ravager_head_event_play": {
        "add": {
          "component_groups": [
            "mrspir:ravager_head_event_play"
          ]
        }
      },
      "mrspir:ghast_head_event_hold": {
        "add": {
          "component_groups": [
            "mrspir:ghast_head_event_hold"
          ]
        }
      },
      "mrspir:ghast_head_event_play": {
        "add": {
          "component_groups": [
            "mrspir:ghast_head_event_play"
          ]
        }
      },
      "mrspir:sniffer_head_event_hold": {
        "add": {
          "component_groups": [
            "mrspir:sniffer_head_event_hold"
          ]
        }
      },
      "mrspir:sniffer_head_event_play": {
        "add": {
          "component_groups": [
            "mrspir:sniffer_head_event_play"
          ]
        }
      }
    }
  }
}