{
	"format_version": "1.13.0",
	"minecraft:entity": {
		"description": {
			"identifier": "fv:mummy_villager",
			"is_spawnable": true,
			"is_summonable": true,
			"is_experimental": false
		},
		"component_groups": {
			"fv:mummy_adult": {
				"minecraft:movement": {
					"value": 0.23
				},
				"minecraft:rideable": {
					"seat_count": 1,
					"family_types": [
						"mummy"
					],
					"seats": {
						"position": [
							0,
							1.1,
							-0.35
						],
						"lock_rider_rotation": 0
					}
				},
				"minecraft:behavior.mount_pathing": {
					"priority": 2,
					"speed_multiplier": 1.25,
					"target_dist": 0,
					"track_target": true
				}
			}
		},
		"components": {
			"minecraft:nameable": {},
			"minecraft:type_family": {
				"family": [
					"mummy",
					"zombie",
					"illager",
					"monster"
				]
			},
			"minecraft:collision_box": {
				"width": 0.6,
				"height": 1.9
			},
			"minecraft:movement.basic": {},
			"minecraft:navigation.walk": {
				"is_amphibious": true,
				"can_pass_doors": true,
				"can_walk": true,
				"can_break_doors": true
			},
			"minecraft:annotation.break_door": {},
			"minecraft:jump.static": {},
			"minecraft:can_climb": {},
			"minecraft:health": {
				"value": 40,
				"max": 40
			},
			"minecraft:hurt_on_condition": {
				"damage_conditions": [
					{
						"filters": {
							"test": "in_lava",
							"subject": "self",
							"operator": "==",
							"value": true
						},
						"cause": "lava",
						"damage_per_tick": 4
					}
				]
			},
			"minecraft:breathable": {
				"total_supply": 15,
				"suffocate_time": 0,
				"breathes_air": true,
				"breathes_water": true
			},
			"minecraft:attack": {
				"damage": 7,
				"effect_name": "wither",
				"effect_duration": 3
			},
			"minecraft:loot": {
				"table": "loot_tables/entities/mummy.json"
			},
			"minecraft:behavior.melee_attack": {
				"priority": 3,
				"speed_multiplier": 1,
				"track_target": false
			},
			"minecraft:behavior.stomp_turtle_egg": {
				"priority": 4,
				"speed_multiplier": 1,
				"search_range": 10,
				"search_height": 3,
				"goal_radius": 1.14,
				"search_count": 4,
				"interval": 20
			},
			"minecraft:behavior.move_towards_restriction": {
				"priority": 5,
				"speed_multiplier": 1
			},
			"minecraft:behavior.random_stroll": {
				"priority": 6,
				"speed_multiplier": 1
			},
			"minecraft:behavior.look_at_player": {
				"priority": 7,
				"look_distance": 6,
				"probability": 0.02
			},
			"minecraft:behavior.random_look_around": {
				"priority": 7
			},
			"minecraft:behavior.hurt_by_target": {
				"priority": 1
			},
			"minecraft:behavior.nearest_attackable_target": {
				"priority": 2,
				"within_radius": 25,
				"reselect_targets": true,
				"entity_types": [
					{
						"filters": {
							"any_of": [
								{
									"test": "is_family",
									"subject": "other",
									"value": "player"
								},
								{
									"test": "is_family",
									"subject": "other",
									"value": "snowgolem"
								},
								{
									"test": "is_family",
									"subject": "other",
									"value": "irongolem"
								}
							]
						},
						"max_dist": 35
					},
					{
						"filters": {
							"any_of": [
								{
									"test": "is_family",
									"subject": "other",
									"value": "villager"
								},
								{
									"test": "is_family",
									"subject": "other",
									"value": "wandering_trader"
								}
							]
						},
						"max_dist": 35,
						"must_see": false
					},
					{
						"filters": {
							"all_of": [
								{
									"test": "is_family",
									"subject": "other",
									"value": "baby_turtle"
								},
								{
									"test": "in_water",
									"subject": "other",
									"operator": "!=",
									"value": true
								}
							]
						},
						"max_dist": 35
					}
				],
				"must_see": true,
				"must_see_forget_duration": 17
			},
			"minecraft:physics": {},
			"minecraft:pushable": {
				"is_pushable": true,
				"is_pushable_by_piston": true
			},
			"minecraft:damage_sensor": {
				"triggers": [
					{
						"on_damage": {
							"filters": {
								"test": "is_family",
								"subject": "other",
								"value": "illager"
							}
						},
						"deals_damage": false
					}
				]
			}
		},
		"events": {
			"minecraft:entity_spawned": {
				"add": {
					"component_groups": [
						"fv:mummy_adult"
					]
				}
			}
		}
	}
}