{
  "format_version": "1.8.0",
  "minecraft:spawn_rules": {
    "description": {
      "identifier": "serp:pvzzombies",
      "population_control": "monster"
    },
    "conditions": [
      {
        "minecraft:spawns_on_surface": {},
        "minecraft:spawns_underground": {},
        "minecraft:weight": {
          "default": 50
        },
        "minecraft:world_age_filter": {
          "min": 300
        },
        "minecraft:permute_type": [
          {
            "weight": 70,
            "entity_type": "zombie:zombie_basic"
          },
          {
            "weight": 15,
            "entity_type": "zombie:zombie_pole_vaulting"
          },
          {
            "weight": 15,
            "entity_type": "zombie:newspaper_zombie"
          },
          {
            "weight": 10,
            "entity_type": "zombie:zombie_all_star"
          }
        ],
        "minecraft:biome_filter": {"test":"has_biome_tag","operator":"==","value":"monster"}
      },
      {
        "minecraft:mob_event_filter": {
          "event": "serp:zombie_horde"
        },
        "minecraft:delay_filter": {
          "min": 300,
          "max": 600,
          "identifier": "serp:zombie_horde",
          "spawn_chance": 100
        },
        "minecraft:world_age_filter": {
          "min": 300
        },
        "minecraft:spawns_on_surface": {},
        "minecraft:spawns_underground": {},
        "minecraft:distance_filter": {
          "min": 16,
          "max": 24
        },
        "minecraft:herd": {
          "min_size": 10,
          "max_size": 15,
          "initial_event": "serp:flag",
          "initial_event_count": 1,
          "event": "minecraft:entity_spawned",
          "event_skip_count": 1
        },
        "minecraft:permute_type": [
          {
            "weight": 60,
            "entity_type": "zombie:zombie_basic"
          },
          {
            "weight": 20,
            "entity_type": "zombie:zombie_pole_vaulting"
          },
          {
            "weight": 15,
            "entity_type": "zombie:newspaper_zombie"
          },
          {
            "weight": 10,
            "entity_type": "zombie:zombie_all_star"
          },
          {
            "weight": 5,
            "entity_type": "zombie:zombie_gargantuar"
          }
        ],
        "minecraft:biome_filter": {"test":"has_biome_tag","operator":"==","value":"monster"}
      }
    ]
  }
}