{"format_version":"1.10.0","particle_effect":{"description":{"identifier":"yg:abstracted","basic_render_parameters":{"material":"particles_alpha","texture":"textures/particles/yg_abstracted"}},"components":{"minecraft:emitter_rate_instant":{"num_particles":10},"minecraft:emitter_lifetime_looping":{"active_time":1},"minecraft:emitter_shape_entity_aabb":{"direction":"outwards"},"minecraft:particle_lifetime_expression":{"max_lifetime":"Math.random(0.1,0)"},"minecraft:particle_initial_speed":1,"minecraft:particle_motion_dynamic":{"linear_drag_coefficient":0.5,"linear_acceleration":[0,"Math.random(-0.1, 0.1)",0]},"minecraft:particle_appearance_billboard":{"facing_camera_mode":"lookat_xyz","size":[0.5,0.5],"uv":{"flipbook":{"base_UV":[0,0],"max_frame":32,"size_UV":[16,16],"step_UV":[0,16],"stretch_to_lifetime":true},"texture_height":192,"texture_width":16}}}}}