{
  "format_version": "1.10.0",
  "animation_controllers": {
    "controller.animation.chouris.die" : {
      "states" : {
        "default" : {
          "transitions" : [
            {
              "die" : "query.is_alive ? 0.0 : 1.0 && query.variant == 1"
            }
          ]
        },
        "die" : {
          "on_entry" : [
            "/summon mobs:chouris ~1~~ minecraft:entity_transformed",
            "/summon mobs:chouris ~-1~~ minecraft:entity_transformed"
          ],
          "transitions" : [
            {
              "default" : "(0.0)"
            }
          ]
        }
      }
    }
  }
}