{
	"format_version": "1.10.0",
	"animation_controllers": {
"controller.animation.inactive":{
    "initial_state":"active",
  "states":{
    "active":{
      "transitions":[{"inactive":"!query.has_target"}]
        },
    "inactive":{
      "animations":["timer"],
      "transitions":[{"active":"query.has_target&&query.anim_time<59"}]
        }
      }
    },
"controller.animation.mower": {
  "states": {
    "default": {
      "transitions": [
      {"1":"query.variant == 1"}]},
        "1": {
      "transitions": [{"default":"(1.0)"}],
      "on_entry":["/function mower"],
      "on_exit":["/function mower"]}
      }
    },
"controller.animation.despawn": {
  "states": {
    "default": {
      "transitions": [
      {"1":"(1.0)"}]},
        "1": {
      "transitions": [{"default":"(1.0)"}],
      "on_entry":["@s despawn"],
      "on_exit":["@s despawn"]}
      }
    }
  }
}