{
   "format_version": "1.10.0",
   "minecraft:client_entity": {
      "description": {
         "identifier": "zm:spider_mom",
         "textures": {
            "default": "textures/entity/spider_mom"
         },
         "materials": {
            "default": "skeleton"
         },
         "geometry": {
            "default": "geometry.spider_mom"
         },
         "render_controllers": [
            "controller.render.default"
         ],
         "animations": {
            "walk": "animation.spider_mom.walk",
            "look_at_target": "animation.common.look_at_target",
            "idle": "animation.spider_mom.idle",
            "move": "controller.animation.granny.move",
            "general": "controller.animation.granny.general",
            "attack": "animation.spider_mom.attack"
         },
         "scripts": {
            "animate": [
               "move",
               "general",
               "look_at_target"
            ],
            "pre_animation": [
               "variable.random = math.round(math.random(0,3));",
               "variable.random1 = math.round(math.random(0,2));",
               "variable.attack = Math.sin(variable.attack_time * 30.0);"
            ],
            "scale": "1"
         },
         "spawn_egg": {
            "overlay_color": "#ffffff",
            "base_color": "#ffffff"
         }
      }
   }
}