{
   "format_version": "1.10.0",
   "minecraft:client_entity": {
      "description": {
         "identifier": "zm:gun",
         "materials": {
            "default": "slime"
         },
         "textures": {
            "default": "textures/entity/pamobile/bullet"
         },
         "geometry": {
            "default": "geometry.pabullet"
         },
         "scripts": {
            "animate": [
               "particles"
            ]
         },
         "animations": {
            "particles": "controller.animation.zm_gun"
         },
         "spawn_egg": {
            "texture": "spawn_egg",
            "texture_index": 99
         },
         "render_controllers": [
            "controller.render.slime"
         ]
      }
   }
}