{
	"format_version": "1.12.0",
	"minecraft:geometry": [
		{
			"description": {
				"identifier": "geometry.pwallnut",
				"texture_width": 64,
				"texture_height": 64,
				"visible_bounds_width": 2,
				"visible_bounds_height": 2.5,
				"visible_bounds_offset": [0, 0.75, 0]
			},
			"bones": [
				{
					"name": "bone",
					"pivot": [0, 0, 0],
					"cubes": [
						{"origin": [-4, 0, -4], "size": [8, 2, 8], "uv": [32, 22]},
						{"origin": [-4, -0.5, -4], "size": [8, 2, 8], "inflate": 0.5, "uv": [32, 54]},
						{"origin": [-4, 13, -4], "size": [8, 2, 8], "uv": [0, 22]},
						{"origin": [-4, 13.5, -4], "size": [8, 2, 8], "inflate": 0.5, "uv": [0, 54]},
						{"origin": [-15, 4, -0.5], "size": [15, 3, 0], "pivot": [0, 0, 0], "rotation": [0, 0, 90], "uv": [30, 0]},
						{"origin": [-15, -7, -0.5], "size": [15, 3, 0], "pivot": [0, 0, 0], "rotation": [0, 0, 90], "uv": [30, 3]},
						{"origin": [-5, 15, -0.5], "size": [10, 3, 0], "uv": [30, 6]},
						{"origin": [-5, 2, -5], "size": [10, 11, 10], "uv": [0, 0]},
						{"origin": [-5, 2, -5], "size": [10, 11, 10], "inflate": 0.5, "uv": [0, 32]}
					]
				}
			]
		}
	]
}