{
  "format_version": "1.13.0",
  "minecraft:entity": {
    "description": {
      "identifier": "pvz:ppumpkin",
      "is_spawnable": false,
      "is_summonable": true,
      "is_experimental": false
    },
    "component_groups": {
	  "minecraft:death": {
		  "minecraft:transformation": {
			  "into": "pvz:pumpkin",
			  "delay": 0
        }
      },
      "minecraft:snowman_sheared": {
			"minecraft:transformation": {
				"into": "anim:no",
				"delay": 0
		   }
      }      
    },

    "components": {
      "minecraft:type_family": {
        "family": [ "snowgolem", "defense", "mob" ]
      },
      "minecraft:rideable": {
        "seat_count": 1,
        "family_types": [
            "plant"
        ],
        "seats": {
          "position": [ 0.0, 0.1, 0.0 ]
        }
      },
      "minecraft:collision_box": {
        "width": 0.25,
        "height": 0.65
      },
      "minecraft:knockback_resistance": {
        "value": 100
      },
      "minecraft:health": {
        "value": 60,
        "max": 60
      },
 		 "minecraft:damage_sensor": {
			 "triggers": [
				 {
					 "on_damage": {
						 "filters": {
							 "with_damage_fatal": true
						 },
						 "event": "minecraft:death_event"
					 },
					 "deals_damage": false
				 }
			 ]
		 },
      "minecraft:hurt_on_condition": {
        "damage_conditions": [
          {
            "filters": { "test": "in_lava", "subject": "self", "operator": "==", "value": true },
            "cause": "lava",
            "damage_per_tick": 4
          }
        ]
      },
      "minecraft:interact": {
        "interactions": [
          {
            "cooldown": 2.5,
            "use_item": false,
            "hurt_item": 1,
            "play_sounds": "shear",
            "interact_text": "action.interact.dig",
            "on_interact": {
              "filters": {
                "all_of": [
                  { "test": "has_equipment", "subject": "other", "domain": "hand", "value": "pvz:garden_shovel"},
                  { "test": "is_family", "subject": "other", "value": "player"},
                  { "test": "has_component", "operator": "!=", "value": "minecraft:is_sheared"}
                ]
              },
              "event": "minecraft:on_sheared",
              "target": "self"
            }
          }
        ]
      },
      "minecraft:loot": {
        "table": "loot_tables/block/empty.json"
      },
      "minecraft:nameable": {
      },
      "minecraft:persistent": {
      },
      "minecraft:physics": {
      },
      "minecraft:pushable": {
        "is_pushable": false,
        "is_pushable_by_piston": true
      }
    },

    "events": {
		"minecraft:death_event": {
			"add": {
				"component_groups": [
					"minecraft:death"
				]
			}
		},
      "minecraft:on_sheared": {
		"run_command": {
		  "command": [
			"give @p pvz:pumpkin_seed"
		  ]
		},
        "remove": {
        },
        "add": {
          "component_groups": [
            "minecraft:snowman_sheared"
          ]
        }
      }
    }
  }
}