{"format_version":"1.10.0","animation_controllers":{"controller.animation.yg_gangle.general":{"states":{"default":{"animations":["gazo_general","look_at_target"],"transitions":[{"hurting":"query.hurt_time > 0"}],"blend_transition":0.1},"hurting":{"animations":["hurt"],"transitions":[{"default":"query.hurt_time <= 0"}]}}},"controller.animation.yg_gangle.move":{"states":{"default":{"animations":[{"moving":"query.modified_move_speed *3"}],"transitions":[{"moving":"query.ground_speed > 3"}],"blend_transition":0.2},"moving":{"animations":["moving"],"transitions":[{"default":"!query.is_moving"}],"blend_transition":0.4}}}}}