{"format_version":"1.10.0","animation_controllers":{"controller.animation.yg_jax.general":{"states":{"default":{"animations":["gazo_general","look_at_target"],"transitions":[{"attack":"variable.attack_time > 0 && variable.random == 0"},{"hurting":"query.hurt_time > 0"}],"blend_transition":0.1},"attack":{"animations":["attack"],"transitions":[{"default":"query.all_animations_finished"}],"blend_transition":0.1},"hurting":{"animations":["hurt"],"transitions":[{"default":"query.hurt_time <= 0"}]}}},"controller.animation.yg_jax.move":{"states":{"default":{"animations":[{"moving":"query.modified_move_speed *3"}],"transitions":[{"moving":"query.ground_speed > 3"}],"blend_transition":0.2},"moving":{"animations":["moving"],"transitions":[{"default":"!query.is_moving"}],"blend_transition":0.4}}}}}