{
  "pools": [
    {
      "rolls": {
        "min": 1,
        "max": 5
      },
      "entries": [
        {
          "type": "item",
          "name": "minecraft:diamond",
          "weight": 5
        },
        {
          "type": "item",
          "name": "minecraft:emerald",
          "weight": 20
        },
        {
          "type": "item",
          "name": "minecraft:iron_ingot",
          "weight": 20
        },
        {
          "type": "item",
          "name": "minecraft:gold_ingot",
          "weight": 20
        },
        {
          "type": "item",
          "name": "minecraft:netherite_scrap",
          "weight": 1
        },
        {
          "type": "item",
          "name": "minecraft:apple",
          "weight": 9
        },
        {
          "type": "item",
          "name": "minecraft:coal",
          "weight": 25
        }
      ]
    }
  ]
}