{
  "format_version": "1.18.10",
  "minecraft:entity": {
    "description": {
      "identifier": "minecraft:iron_golem",
      "is_spawnable": false,
      "is_summonable": true,
      "is_experimental": false
    },
    "component_groups": {
      "spell": {
        "minecraft:mob_effect": {
          "effect_range": 3.24,
          "effect_time": 12,
          "mob_effect": "resistance",
          "entity_filter": {
            "subject": "other",
            "test": "is_family",
            "value": "player",
            "operator": "=="
          }
        }
      },
      "soul": {
        "minecraft:scale": {
          "value": 0.7
        },
        "minecraft:behavior.move_to_block": {
          "priority": 0,
          "tick_interval": 1,
          "start_chance": 1,
          "search_range": 15,
          "search_height": 7,
          "goal_radius": 1.0,
          "stay_duration": 40.0,
          "target_selection_method": "random",
          "target_offset": [
            0,
            1,
            0
          ],
          "target_blocks": [
            "iron_block",
            "gold_block",
            "diamond_block"
          ]
        },
        "minecraft:is_tamed": {},
        "minecraft:boss": {
          "hud_range": 10,
          "name": "Iron golem warrior [Soul]"
        },
        "minecraft:health": {
          "max": 30,
          "value": 30
        },
        "minecraft:loot": {
          "table": "loot_tables/empty.json"
        },
        "minecraft:behavior.hurt_by_target": {
          "priority": 2,
          "entity_types": {
            "filters": {
              "all_of": [
                {
                  "test": "is_family",
                  "subject": "other",
                  "operator": "!=",
                  "value": "player"
                },
                {
                  "test": "is_family",
                  "subject": "other",
                  "operator": "!=",
                  "value": "creeper"
                }
              ]
            }
          }
        }
      },
      "stage1": {
        "minecraft:behavior.move_to_block": {
          "priority": 0,
          "tick_interval": 1,
          "start_chance": 1,
          "search_range": 15,
          "search_height": 7,
          "goal_radius": 1.0,
          "stay_duration": 20.0,
          "target_selection_method": "random",
          "target_offset": [
            0,
            1,
            0
          ],
          "target_blocks": [
            "iron_block",
            "gold_block",
            "diamond_block"
          ]
        },
        "minecraft:is_tamed": {},
        "minecraft:boss": {
          "hud_range": 10,
          "name": "Iron golem warrior [Stage 1]"
        },
        "minecraft:health": {
          "max": 100,
          "value": 100
        },
        "minecraft:behavior.mount_pathing": {
          "priority": 0,
          "speed_multiplier": 1.2,
          "target_dist": 15,
          "track_target": true
        },
        "minecraft:rideable": {
          "seat_count": 1,
          "crouching_skip_interact": true,
          "family_types": [
            "player"
          ],
          "interact_text": "action.interact.ride.horse",
          "seats": {
            "position": [
              0,
              1.6,
              -0.35
            ]
          }
        },
        "minecraft:behavior.player_ride_tamed": {},
        "minecraft:input_ground_controlled": {},
        "minecraft:interact": {
          "interactions": [
            {
              "on_interact": {
                "filters": {
                  "all_of": [
                    {
                      "test": "is_family",
                      "subject": "other",
                      "value": "player"
                    },
                    {
                      "test": "has_equipment",
                      "domain": "hand",
                      "subject": "other",
                      "value": "iron_ingot"
                    },
                    {
                      "test": "is_missing_health",
                      "value": true
                    }
                  ]
                }
              },
              "use_item": true,
              "health_amount": 25,
              "play_sounds": "irongolem.repair",
              "interact_text": "action.interact.repair"
            },
            {
              "interact_text": "action.interact.attachchest",
              "use_item": true,
              "on_interact": {
                "event": "spell_add",
                "target": "self",
                "filters": {
                  "subject": "other",
                  "domain": "hand",
                  "test": "has_equipment",
                  "value": "heart_of_the_sea",
                  "operator": "=="
                }
              }
            }
          ]
        },
        "minecraft:behavior.hurt_by_target": {
          "priority": 2,
          "entity_types": {
            "filters": {
              "all_of": [
                {
                  "test": "is_family",
                  "subject": "other",
                  "operator": "!=",
                  "value": "player"
                },
                {
                  "test": "is_family",
                  "subject": "other",
                  "operator": "!=",
                  "value": "creeper"
                }
              ]
            }
          }
        }
      },
      "stage2": {
        "minecraft:boss": {
          "hud_range": 10,
          "name": "Iron golem warrior [Stage 2]"
        },
        "minecraft:behavior.move_to_block": {
          "priority": 0,
          "tick_interval": 1,
          "start_chance": 1,
          "search_range": 15,
          "search_height": 7,
          "goal_radius": 1.0,
          "stay_duration": 20.0,
          "target_selection_method": "random",
          "target_offset": [
            0,
            1,
            0
          ],
          "target_blocks": [
            "iron_block",
            "gold_block",
            "diamond_block"
          ]
        },
        "minecraft:scale": {
          "value": 1.15
        },
        "minecraft:health": {
          "max": 200,
          "value": 200
        },
        "minecraft:interact": {
          "interactions": [
            {
              "on_interact": {
                "filters": {
                  "all_of": [
                    {
                      "test": "is_family",
                      "subject": "other",
                      "value": "player"
                    },
                    {
                      "test": "has_equipment",
                      "domain": "hand",
                      "subject": "other",
                      "value": "iron_ingot"
                    },
                    {
                      "test": "is_missing_health",
                      "value": true
                    }
                  ]
                }
              },
              "use_item": true,
              "health_amount": 40,
              "play_sounds": "irongolem.repair",
              "interact_text": "action.interact.repair"
            },
            {
              "interact_text": "action.interact.attachchest",
              "use_item": true,
              "on_interact": {
                "event": "spell_add",
                "target": "self",
                "filters": {
                  "subject": "other",
                  "domain": "hand",
                  "test": "has_equipment",
                  "value": "heart_of_the_sea",
                  "operator": "=="
                }
              }
            }
          ]
        },
        "minecraft:behavior.mount_pathing": {
          "priority": 0,
          "speed_multiplier": 1.2,
          "target_dist": 15,
          "track_target": true
        },
        "minecraft:rideable": {
          "seat_count": 1,
          "crouching_skip_interact": true,
          "family_types": [
            "player"
          ],
          "interact_text": "action.interact.ride.horse",
          "seats": {
            "position": [
              0,
              1.6,
              -0.35
            ]
          }
        },
        "minecraft:behavior.player_ride_tamed": {},
        "minecraft:input_ground_controlled": {},
        "minecraft:behavior.hurt_by_target": {
          "priority": 2,
          "entity_types": {
            "filters": {
              "all_of": [
                {
                  "test": "is_family",
                  "subject": "other",
                  "operator": "!=",
                  "value": "player"
                },
                {
                  "test": "is_family",
                  "subject": "other",
                  "operator": "!=",
                  "value": "creeper"
                }
              ]
            }
          }
        }
      },
      "stage3": {
        "minecraft:boss": {
          "hud_range": 10,
          "name": "Iron golem warrior [Stage 3]"
        },
        "minecraft:behavior.move_to_block": {
          "priority": 0,
          "tick_interval": 1,
          "start_chance": 1,
          "search_range": 15,
          "search_height": 7,
          "goal_radius": 1.0,
          "stay_duration": 20.0,
          "target_selection_method": "random",
          "target_offset": [
            0,
            1,
            0
          ],
          "target_blocks": [
            "iron_block",
            "gold_block",
            "diamond_block"
          ]
        },
        "minecraft:interact": {
          "interactions": [
            {
              "on_interact": {
                "filters": {
                  "all_of": [
                    {
                      "test": "is_family",
                      "subject": "other",
                      "value": "player"
                    },
                    {
                      "test": "has_equipment",
                      "domain": "hand",
                      "subject": "other",
                      "value": "iron_ingot"
                    },
                    {
                      "test": "is_missing_health",
                      "value": true
                    }
                  ]
                }
              },
              "use_item": true,
              "health_amount": 56,
              "play_sounds": "irongolem.repair",
              "interact_text": "action.interact.repair"
            },
            {
              "interact_text": "action.interact.attachchest",
              "use_item": true,
              "on_interact": {
                "event": "spell_add",
                "target": "self",
                "filters": {
                  "subject": "other",
                  "domain": "hand",
                  "test": "has_equipment",
                  "value": "heart_of_the_sea",
                  "operator": "=="
                }
              }
            }
          ]
        },
        "minecraft:behavior.mount_pathing": {
          "priority": 0,
          "speed_multiplier": 1.2,
          "target_dist": 15,
          "track_target": true
        },
        "minecraft:rideable": {
          "seat_count": 1,
          "crouching_skip_interact": true,
          "family_types": [
            "player"
          ],
          "interact_text": "action.interact.ride.horse",
          "seats": {
            "position": [
              0,
              1.6,
              -0.35
            ]
          }
        },
        "minecraft:behavior.player_ride_tamed": {},
        "minecraft:input_ground_controlled": {},
        "minecraft:scale": {
          "value": 1.3
        },
        "minecraft:health": {
          "max": 300,
          "value": 300
        },
        "minecraft:behavior.hurt_by_target": {
          "priority": 2,
          "entity_types": {
            "filters": {
              "all_of": [
                {
                  "test": "is_family",
                  "subject": "other",
                  "operator": "!=",
                  "value": "player"
                },
                {
                  "test": "is_family",
                  "subject": "other",
                  "operator": "!=",
                  "value": "creeper"
                }
              ]
            }
          }
        }
      },
      "minecraft:player_created": {
        "minecraft:behavior.mount_pathing": {
          "priority": 0,
          "speed_multiplier": 1.2,
          "target_dist": 15,
          "track_target": true
        },
        "minecraft:rideable": {
          "seat_count": 1,
          "crouching_skip_interact": true,
          "family_types": [
            "player"
          ],
          "interact_text": "action.interact.ride.horse",
          "seats": {
            "position": [
              0,
              1.6,
              -0.35
            ]
          }
        },
        "minecraft:behavior.player_ride_tamed": {},
        "minecraft:input_ground_controlled": {},
        "minecraft:behavior.hurt_by_target": {
          "priority": 2,
          "entity_types": {
            "filters": {
              "all_of": [
                {
                  "test": "is_family",
                  "subject": "other",
                  "operator": "!=",
                  "value": "player"
                },
                {
                  "test": "is_family",
                  "subject": "other",
                  "operator": "!=",
                  "value": "creeper"
                }
              ]
            }
          }
        }
      },
      "minecraft:village_created": {
        "minecraft:behavior.defend_village_target": {
          "priority": 1,
          "must_reach": true,
          "attack_chance": 0.05,
          "entity_types": {
            "filters": {
              "any_of": [
                {
                  "test": "is_family",
                  "subject": "other",
                  "value": "mob"
                },
                {
                  "test": "is_family",
                  "subject": "other",
                  "value": "player"
                }
              ]
            }
          }
        },
        "minecraft:dweller": {
          "dwelling_type": "village",
          "dweller_role": "defender",
          "update_interval_base": 60,
          "update_interval_variant": 40,
          "can_find_poi": false,
          "can_migrate": true,
          "first_founding_reward": 0
        }
      }
    },
    "components": {
      "minecraft:is_hidden_when_invisible": {},
      "minecraft:type_family": {
        "family": [
          "irongolem",
          "mob"
        ]
      },
      "minecraft:nameable": {},
      "minecraft:collision_box": {
        "width": 1.4,
        "height": 2.9
      },
      "minecraft:loot": {
        "table": "loot_tables/entities/iron_golem.json"
      },
      "minecraft:health": {
        "value": 100,
        "max": 100
      },
      "minecraft:hurt_on_condition": {
        "damage_conditions": [
          {
            "filters": {
              "test": "in_lava",
              "subject": "self",
              "operator": "==",
              "value": true
            },
            "cause": "lava",
            "damage_per_tick": 4
          }
        ]
      },
      "minecraft:movement": {
        "value": 0.25
      },
      "minecraft:navigation.walk": {
        "can_path_over_water": false,
        "avoid_water": true,
        "avoid_damage_blocks": true
      },
      "minecraft:movement.basic": {},
      "minecraft:jump.static": {},
      "minecraft:can_climb": {},
      "minecraft:attack": {
        "damage": {
          "range_min": 7,
          "range_max": 21
        }
      },
      "minecraft:damage_sensor": {
        "triggers": {
          "cause": "fall",
          "deals_damage": false
        }
      },
      "minecraft:knockback_resistance": {
        "value": 1.0
      },
      "minecraft:leashable": {
        "soft_distance": 4.0,
        "hard_distance": 6.0,
        "max_distance": 10.0
      },
      "minecraft:balloonable": {
        "mass": 2.0
      },
      "minecraft:preferred_path": {
        "max_fall_blocks": 1,
        "jump_cost": 5,
        "default_block_cost": 1.5,
        "preferred_path_blocks": [
          {
            "cost": 0,
            "blocks": [
              "grass_path"
            ]
          },
          {
            "cost": 1,
            "blocks": [
              "cobblestone",
              "stone",
              "stonebrick",
              "sandstone",
              "mossy_cobblestone",
              "stone_slab",
              "stone_slab2",
              "stone_slab3",
              "stone_slab4",
              "double_stone_slab",
              "double_stone_slab2",
              "double_stone_slab3",
              "double_stone_slab4",
              "wooden_slab",
              "double_wooden_slab",
              "planks",
              "brick_block",
              "nether_brick",
              "red_nether_brick",
              "end_bricks",
              "red_sandstone",
              "stained_glass",
              "glass",
              "glowstone",
              "prismarine",
              "emerald_block",
              "diamond_block",
              "lapis_block",
              "gold_block",
              "redstone_block",
              "purple_glazed_terracotta",
              "white_glazed_terracotta",
              "orange_glazed_terracotta",
              "magenta_glazed_terracotta",
              "light_blue_glazed_terracotta",
              "yellow_glazed_terracotta",
              "lime_glazed_terracotta",
              "pink_glazed_terracotta",
              "gray_glazed_terracotta",
              "silver_glazed_terracotta",
              "cyan_glazed_terracotta",
              "blue_glazed_terracotta",
              "brown_glazed_terracotta",
              "green_glazed_terracotta",
              "red_glazed_terracotta",
              "black_glazed_terracotta"
            ]
          },
          {
            "cost": 50,
            "blocks": [
              "bed",
              "lectern",
              "composter",
              "grindstone",
              "blast_furnace",
              "smoker",
              "fletching_table",
              "cartography_table",
              "brewing_stand",
              "smithing_table",
              "cauldron",
              "barrel",
              "loom",
              "stonecutter"
            ]
          }
        ]
      },
      "minecraft:behavior.target_when_pushed": {
        "priority": 1,
        "percent_chance": 5.0,
        "entity_types": [
          {
            "filters": {
              "all_of": [
                {
                  "test": "is_family",
                  "subject": "other",
                  "value": "monster"
                },
                {
                  "test": "is_family",
                  "subject": "other",
                  "operator": "!=",
                  "value": "creeper"
                }
              ]
            }
          }
        ]
      },
      "minecraft:behavior.melee_attack": {
        "priority": 1,
        "track_target": true
      },
      "minecraft:behavior.move_towards_target": {
        "priority": 2,
        "speed_multiplier": 0.9,
        "within_radius": 32
      },
      "minecraft:behavior.move_through_village": {
        "priority": 3,
        "speed_multiplier": 0.6,
        "only_at_night": true
      },
      "minecraft:behavior.move_towards_dwelling_restriction": {
        "priority": 4,
        "speed_multiplier": 1
      },
      "minecraft:behavior.offer_flower": {
        "priority": 5
      },
      "minecraft:behavior.random_stroll": {
        "priority": 6,
        "speed_multiplier": 0.6,
        "xz_dist": 16
      },
      "minecraft:behavior.look_at_player": {
        "priority": 7,
        "look_distance": 6.0,
        "probability": 0.02
      },
      "minecraft:behavior.random_look_around": {
        "priority": 8
      },
      "minecraft:behavior.nearest_attackable_target": {
        "priority": 3,
        "must_reach": true,
        "must_see": true,
        "entity_types": [
          {
            "filters": {
              "all_of": [
                {
                  "test": "is_family",
                  "subject": "other",
                  "value": "monster"
                },
                {
                  "test": "is_family",
                  "subject": "other",
                  "operator": "!=",
                  "value": "creeper"
                }
              ]
            },
            "within_default": 10
          },
          {
            "filters": {
              "all_of": [
                {
                  "test": "is_family",
                  "subject": "other",
                  "value": "hoglin"
                },
                {
                  "test": "is_difficulty",
                  "operator": "!=",
                  "value": "peaceful"
                }
              ]
            },
            "max_dist": 16
          },
          {
            "filters": {
              "all_of": [
                {
                  "test": "is_family",
                  "subject": "other",
                  "value": "zoglin"
                },
                {
                  "test": "is_difficulty",
                  "operator": "!=",
                  "value": "peaceful"
                }
              ]
            },
            "max_dist": 16
          }
        ]
      },
      "minecraft:behavior.hurt_by_target": {
        "priority": 2,
        "entity_types": {
          "filters": {
            "test": "is_family",
            "subject": "other",
            "operator": "!=",
            "value": "creeper"
          }
        }
      },
      "minecraft:persistent": {},
      "minecraft:physics": {},
      "minecraft:pushable": {
        "is_pushable": true,
        "is_pushable_by_piston": true
      },
      "minecraft:follow_range": {
        "value": 64
      },
      "minecraft:conditional_bandwidth_optimization": {}
    },
    "events": {
      "minecraft:from_player": {
        "add": {
          "component_groups": [
            "minecraft:player_created"
          ]
        }
      },
      "spell_add": {
        "add": {
          "component_groups": [
            "spell"
          ]
        }
      },
      "stage1": {
        "add": {
          "component_groups": [
            "stage1"
          ]
        }
      },
      "stage2": {
        "add": {
          "component_groups": [
            "stage2"
          ]
        }
      },
      "stage3": {
        "add": {
          "component_groups": [
            "stage3"
          ]
        }
      },
      "soul": {
        "add": {
          "component_groups": [
            "soul"
          ]
        }
      },
      "minecraft:from_village": {
        "add": {
          "component_groups": [
            "minecraft:village_created"
          ]
        }
      }
    }
  }
}