{
  "format_version": "1.16.0",
  "minecraft:entity": {
    "description": {
      "identifier": "minecraft:vex",
      "is_spawnable": true,
      "is_summonable": true,
      "is_experimental": false
    },
    "component_groups": {
      "guard": {
        "minecraft:attack": {
          "damage": 10
        },
        "minecraft:movement": {
          "value": 0.24
        },
        "minecraft:health": {
          "value": 20
        },
        "minecraft:follow_range": {
          "value": 64,
          "max": 64
        },
        "minecraft:behavior.follow_mob": {
          "priority": 0,
          "search_range": 10,
          "speed_multiplier": 1.3,
          "start_distance": 1,
          "stop_distance": 13
        },
        "minecraft:type_family": {
          "family": [
            "mob",
            "guard",
            "player",
            "soul"
          ]
        },
        "minecraft:behavior.hurt_by_target": {
          "priority": 0,
          "entity_types": {
            "filters": {
              "test": "is_family",
              "subject": "other",
              "operator": "!=",
              "value": "player"
            },
            "max_dist": 64
          }
        },
        "minecraft:is_tamed": {},
        "minecraft:loot": {
          "table": "loot_tables/empty.json"
        },
        "minecraft:equipment": {
          "table": "loot_tables/entities/vex_gear.json"
        },
        "minecraft:behavior.nearest_attackable_target": {
          "priority": 1,
          "must_see": true,
          "reselect_targets": true,
          "must_see_forget_duration": 17,
          "entity_types": [
            {
              "filters": {
                "any_of": [
                  {
                    "test": "is_family",
                    "operator": "==",
                    "subject": "other",
                    "value": "undead"
                  },
                  {
                    "test": "is_family",
                    "subject": "other",
                    "operator": "==",
                    "value": "warden"
                  },
                  {
                    "test": "is_family",
                    "subject": "other",
                    "operator": "==",
                    "value": "enderman"
                  },
                  {
                    "test": "is_family",
                    "subject": "other",
                    "operator": "==",
                    "value": "monster"
                  },
                  {
                    "test": "is_family",
                    "operator": "==",
                    "subject": "other",
                    "value": "illager"
                  }
                ]
              },
              "max_dist": 16
            }
          ]
        }
      }
    },
    "components": {
      "minecraft:is_hidden_when_invisible": {},
      "minecraft:experience_reward": {
        "on_death": "query.last_hit_by_player ? 5 + (query.equipment_count * Math.Random(1,3)) : 0"
      },
      "minecraft:nameable": {},
      "minecraft:type_family": {
        "family": [
          "vex",
          "monster",
          "mob"
        ]
      },
      "minecraft:equipment": {
        "table": "loot_tables/entities/vex_gear.json"
      },
      "minecraft:health": {
        "value": 14,
        "max": 14
      },
      "minecraft:attack": {
        "damage": 3
      },
      "minecraft:collision_box": {
        "width": 0.4,
        "height": 0.8
      },
      "minecraft:movement": {
        "value": 1.0
      },
      "minecraft:navigation.walk": {
        "can_path_over_water": true
      },
      "minecraft:movement.basic": {},
      "minecraft:jump.static": {},
      "minecraft:can_climb": {},
      "minecraft:fire_immune": {},
      "minecraft:despawn": {
        "despawn_from_distance": {}
      },
      "minecraft:behavior.float": {
        "priority": 0
      },
      "minecraft:behavior.charge_attack": {
        "priority": 4
      },
      "minecraft:behavior.nearest_attackable_target": {
        "priority": 3,
        "entity_types": [
          {
            "filters": {
              "any_of": [
                {
                  "test": "is_family",
                  "subject": "other",
                  "value": "player"
                },
                {
                  "test": "is_family",
                  "subject": "other",
                  "value": "irongolem"
                },
                {
                  "test": "is_family",
                  "subject": "other",
                  "value": "wandering_trader"
                }
              ]
            },
            "max_dist": 70
          },
          {
            "filters": {
              "all_of": [
                {
                  "test": "is_family",
                  "subject": "other",
                  "value": "villager"
                },
                {
                  "test": "has_component",
                  "subject": "other",
                  "operator": "!=",
                  "value": "minecraft:is_baby"
                }
              ]
            },
            "max_dist": 70
          }
        ],
        "must_see": true
      },
      "minecraft:behavior.look_at_player": {
        "priority": 9,
        "look_distance": 6.0,
        "probability": 0.02
      },
      "minecraft:behavior.look_at_entity": {
        "priority": 9,
        "look_distance": 6.0,
        "probability": 0.02,
        "filters": {
          "test": "is_family",
          "subject": "other",
          "value": "mob"
        }
      },
      "minecraft:behavior.hurt_by_target": {
        "priority": 1
      },
      "minecraft:physics": {
        "has_gravity": false,
        "has_collision": false
      },
      "minecraft:conditional_bandwidth_optimization": {},
      "minecraft:game_event_movement_tracking": {
        "emit_move": false,
        "emit_swim": false
      }
    },
    "events": {
      "soul": {
        "add": {
          "component_groups": [
            "guard"
          ]
        }
      }
    }
  }
}