{
	"format_version": "1.16.0",
	"minecraft:entity": {
		"description": {
			"identifier": "minecraft:witch",
			"is_spawnable": true,
			"is_summonable": true,
			"is_experimental": false
		},
		"component_groups": {
			"normal": {
				"minecraft:follow_range": {
					"value": 32,
					"max": 32
				}
			},
			"lvl5": {
				"minecraft:health": {
					"value": 30
				},
				"minecraft:loot": {
					"table": "loot_tables/chests/igloo_chest.json"
				},
				"minecraft:behavior.ranged_attack": {
					"priority": 2,
					"speed_multiplier": 1,
					"attack_interval_min": 1,
					"attack_interval_max": 4,
					"attack_radius": 10
				},
				"minecraft:boss": {
					"hud_range": 5,
					"name": "Witch [Level 5]"
				}
			},
			"lvl10": {
				"minecraft:health": {
					"value": 35
				},
				"minecraft:loot": {
					"table": "loot_tables/chests/bastion_bridge.json"
				},
				"minecraft:behavior.ranged_attack": {
					"priority": 2,
					"speed_multiplier": 1,
					"attack_interval_min": 1,
					"attack_interval_max": 3,
					"attack_radius": 10
				},
				"minecraft:boss": {
					"hud_range": 5,
					"name": "Witch [Level 10]"
				}
			},
			"lvl15": {
				"minecraft:health": {
					"value": 30
				},
				"minecraft:loot": {
					"table": "loot_tables/chests/bastion_bridge.json"
				},
				"minecraft:behavior.ranged_attack": {
					"priority": 2,
					"speed_multiplier": 1,
					"attack_interval_min": 1,
					"attack_interval_max": 3,
					"attack_radius": 10
				},
				"minecraft:boss": {
					"hud_range": 7,
					"name": "Witch [Level 15]"
				}
			},
			"lvl20": {
				"minecraft:health": {
					"value": 35
				},
				"minecraft:loot": {
					"table": "loot_tables/chests/bastion_bridge.json"
				},
				"minecraft:behavior.ranged_attack": {
					"priority": 2,
					"speed_multiplier": 1,
					"attack_interval_min": 1,
					"attack_interval_max": 3,
					"attack_radius": 10
				},
				"minecraft:boss": {
					"hud_range": 7,
					"name": "Witch [Level 20]"
				}
			},
			"lvl25": {
				"minecraft:loot": {
					"table": "loot_tables/chests/buriedtreasure.json"
				},
				"minecraft:health": {
					"value": 40
				},
				"minecraft:spell_effects": {
					"add_effects": {
						"amplifier": 1,
						"duration": 100,
						"effect": "regeneration"
					}
				},
				"minecraft:behavior.ranged_attack": {
					"priority": 2,
					"speed_multiplier": 1,
					"attack_interval_min": 1,
					"attack_interval_max": 2,
					"attack_radius": 10
				},
				"minecraft:boss": {
					"hud_range": 5,
					"name": "Witch [Level 15]"
				}
			},
			"lvl30": {
				"minecraft:health": {
					"value": 50
				},
				"minecraft:loot": {
					"table": "loot_tables/chests/desert_pyramid.json"
				},
				"minecraft:spell_effects": {
					"add_effects": [
						{
							"amplifier": 2,
							"duration": 100,
							"effect": "regeneration"
						},
						{
							"amplifier": 2,
							"duration": 100,
							"effect": "resistance"
						}
					]
				},
				"minecraft:behavior.ranged_attack": {
					"priority": 2,
					"speed_multiplier": 1,
					"attack_interval_min": 1,
					"attack_interval_max": 2,
					"attack_radius": 10
				},
				"minecraft:boss": {
					"hud_range": 5,
					"name": "Witch [Level 30]"
				}
			},
			"minecraft:celebrate": {
				"minecraft:behavior.celebrate": {
					"priority": 5,
					"celebration_sound": "celebrate",
					"sound_interval": {
						"range_min": 2,
						"range_max": 7
					},
					"jump_interval": {
						"range_min": 1,
						"range_max": 3.5
					},
					"duration": 30,
					"on_celebration_end_event": {
						"event": "minecraft:stop_celebrating",
						"target": "self"
					}
				}
			},
			"minecraft:raid_configuration": {
				"minecraft:dweller": {
					"dwelling_type": "village",
					"dweller_role": "hostile",
					"update_interval_base": 60,
					"update_interval_variant": 40,
					"can_find_poi": false,
					"can_migrate": false,
					"first_founding_reward": 0
				},
				"minecraft:behavior.move_to_village": {
					"priority": 3,
					"speed_multiplier": 1.2,
					"goal_radius": 2
				},
				"minecraft:ambient_sound_interval": {
					"value": 2,
					"range": 4,
					"event_name": "ambient.in.raid"
				}
			}
		},
		"components": {
			"minecraft:is_hidden_when_invisible": {},
			"minecraft:experience_reward": {
				"on_death": "query.last_hit_by_player?(query.is_baby?12:5)+(math.die_roll(query.equipment_count,1,3)):0"
			},
			"minecraft:breathable": {
				"total_supply": 15,
				"suffocate_time": 0
			},
			"minecraft:nameable": {},
			"minecraft:loot": {
				"table": "loot_tables/entities/witch.json"
			},
			"minecraft:health": {
				"value": 26,
				"max": 26
			},
			"minecraft:hurt_on_condition": {
				"damage_conditions": [
					{
						"filters": {
							"test": "in_lava",
							"subject": "self",
							"operator": "==",
							"value": true
						},
						"cause": "lava",
						"damage_per_tick": 4
					}
				]
			},
			"minecraft:movement": {
				"value": 0.25
			},
			"minecraft:navigation.walk": {
				"can_path_over_water": true,
				"avoid_water": false
			},
			"minecraft:movement.basic": {},
			"minecraft:jump.static": {},
			"minecraft:can_climb": {},
			"minecraft:despawn": {
				"despawn_from_distance": {}
			},
			"minecraft:behavior.float": {
				"priority": 1
			},
			"minecraft:behavior.ranged_attack": {
				"priority": 2,
				"speed_multiplier": 1,
				"attack_interval_min": 3,
				"attack_interval_max": 3,
				"attack_radius": 10
			},
			"minecraft:behavior.random_stroll": {
				"priority": 4,
				"speed_multiplier": 1
			},
			"minecraft:behavior.look_at_player": {
				"priority": 5,
				"look_distance": 8
			},
			"minecraft:behavior.random_look_around": {
				"priority": 5,
				"look_distance": 8
			},
			"minecraft:behavior.hurt_by_target": {
				"priority": 1
			},
			"minecraft:behavior.nearest_attackable_target": {
				"priority": 2,
				"entity_types": [
					{
						"filters": {
							"any_of": [
								{
									"test": "is_family",
									"subject": "other",
									"value": "player"
								},
								{
									"test": "is_family",
									"subject": "other",
									"value": "snowgolem"
								},
								{
									"test": "is_family",
									"subject": "other",
									"value": "irongolem"
								}
							]
						},
						"max_dist": 10
					}
				],
				"must_reach": true
			},
			"minecraft:type_family": {
				"family": [
					"witch",
					"monster",
					"mob"
				]
			},
			"minecraft:collision_box": {
				"width": 0.6,
				"height": 1.9
			},
			"minecraft:physics": {},
			"minecraft:pushable": {
				"is_pushable": true,
				"is_pushable_by_piston": true
			},
			"minecraft:follow_range": {
				"value": 64
			},
			"minecraft:conditional_bandwidth_optimization": {}
		},
		"events": {
			"minecraft:entity_spawned": {
				"randomize": [
					{
						"randomize": [
							{
								"weight": 213,
								"add": {
									"component_groups": [
										"normal"
									]
								}
							},
							{
								"weight": 7,
								"add": {
									"component_groups": [
										"lvl5"
									]
								}
							},
							{
								"weight": 6,
								"add": {
									"component_groups": [
										"lvl10"
									]
								}
							},
							{
								"weight": 5,
								"add": {
									"component_groups": [
										"lvl15"
									]
								}
							},
							{
								"weight": 4,
								"add": {
									"component_groups": [
										"lvl20"
									]
								}
							},
							{
								"weight": 3,
								"add": {
									"component_groups": [
										"lvl25"
									]
								}
							},
							{
								"weight": 2,
								"add": {
									"component_groups": [
										"lvl30"
									]
								}
							}
						]
					}
				]
			},
			"lvl5": {
				"add": {
					"component_groups": [
						"lvl5"
					]
				}
			},
			"lvl10": {
				"add": {
					"component_groups": [
						"lvl10"
					]
				}
			},
			"lvl15": {
				"add": {
					"component_groups": [
						"lvl15"
					]
				}
			},
			"lvl20": {
				"add": {
					"component_groups": [
						"lvl20"
					]
				}
			},
			"lvl25": {
				"add": {
					"component_groups": [
						"lvl25"
					]
				}
			},
			"lvl30": {
				"add": {
					"component_groups": [
						"lvl30"
					]
				}
			},
			"minecraft:spawn_for_raid": {
				"add": {
					"component_groups": [
						"minecraft:raid_configuration"
					]
				}
			},
			"minecraft:start_celebrating": {
				"add": {
					"component_groups": [
						"minecraft:celebrate"
					]
				}
			},
			"minecraft:stop_celebrating": {
				"remove": {
					"component_groups": [
						"minecraft:celebrate"
					]
				}
			}
		}
	}
}