{
	"format_version": "1.16.100",
	"minecraft:entity": {
		"description": {
			"identifier": "minecraft:zombie",
			"is_spawnable": true,
			"is_summonable": true,
			"is_experimental": false
		},
		"component_groups": {
		
			"level_2": {
				"minecraft:boss": {
					"name": "Zombie [Level 2]",
					"hud_range": 5
				},
				"minecraft:knockback_resistance": {
					"max": 0.1,
					"value": 0.1
				},
				"minecraft:on_death": {
					"event": "dead",
					"target": "self"
				},
				"minecraft:loot": {
					"table": "loot_tables/entities/zombie.json"
				},
				"minecraft:scale": {
					"value": 1
				},
				"minecraft:attack": {
					"damage": 10
				},
				"minecraft:movement": {
					"value": 0.18
				},
				"minecraft:health": {
					"value": 24
				},
				"minecraft:spell_effects": {
					"add_effects": [
						{
							"amplifier": 2,
							"effect": "absorption",
							"duration": 1000
						}
					]
				}
			},
			"level_3": {
				"minecraft:boss": {
					"name": "Zombie [Level 3]",
					"hud_range": 5
				},
				"minecraft:knockback_resistance": {
					"max": 0.1,
					"value": 0.1
				},
				"minecraft:on_death": {
					"event": "dead",
					"target": "self"
				},
				"minecraft:loot": {
					"table": "loot_tables/entities/zombie.json"
				},
				"minecraft:scale": {
					"value": 1
				},
				"minecraft:attack": {
					"damage": 10
				},
				"minecraft:movement": {
					"value": 0.24
				},
				"minecraft:health": {
					"value": 26
				},
				"minecraft:spell_effects": {
					"add_effects": [
						{
							"amplifier": 2,
							"effect": "absorption",
							"duration": 1000
						}
					]
				}
			},
			"level_4": {
				"minecraft:boss": {
					"name": "Zombie [Level 4]",
					"hud_range": 5
				},
				"minecraft:on_death": {
					"event": "dead",
					"target": "self"
				},
				"minecraft:knockback_resistance": {
					"max": 0.1,
					"value": 0.1
				},
				"minecraft:loot": {
					"table": "loot_tables/entities/zombie.json"
				},
				"minecraft:scale": {
					"value": 1
				},
				"minecraft:attack": {
					"damage": 10
				},
				"minecraft:movement": {
					"value": 0.24
				},
				"minecraft:health": {
					"value": 27
				},
				"minecraft:spell_effects": {
					"add_effects": [
						{
							"amplifier": 2,
							"effect": "absorption",
							"duration": 1000
						}
					]
				}
			},
			"level_5": {
				"minecraft:boss": {
					"name": "Zombie [Level 5]",
					"hud_range": 5
				},
				"minecraft:knockback_resistance": {
					"max": 0.1,
					"value": 0.1
				},
				"minecraft:on_death": {
					"event": "dead",
					"target": "self"
				},
				"minecraft:loot": {
					"table": "loot_tables/entities/zombie.json"
				},
				"minecraft:scale": {
					"value": 1
				},
				"minecraft:attack": {
					"damage": 10
				},
				"minecraft:movement": {
					"value": 0.24
				},
				"minecraft:health": {
					"value": 30
				},
				"minecraft:spell_effects": {
					"add_effects": [
						{
							"amplifier": 2,
							"effect": "absorption",
							"duration": 1000
						}
					]
				}
			},
			"level_6": {
				"minecraft:boss": {
					"name": "Zombie [Level 6]",
					"hud_range": 5
				},
				"minecraft:on_death": {
					"event": "dead",
					"target": "self"
				},
				"minecraft:knockback_resistance": {
					"max": 0.1,
					"value": 0.1
				},
				"minecraft:loot": {
					"table": "loot_tables/entities/zombie.json"
				},
				"minecraft:scale": {
					"value": 1
				},
				"minecraft:attack": {
					"damage": 10
				},
				"minecraft:movement": {
					"value": 0.18
				},
				"minecraft:health": {
					"value": 32
				},
				"minecraft:spell_effects": {
					"add_effects": [
						{
							"amplifier": 2,
							"effect": "absorption",
							"duration": 1000
						}
					]
				}
			},
			"level_7": {
				"minecraft:boss": {
					"name": "Zombie [Level 7]",
					"hud_range": 5
				},
				"minecraft:on_death": {
					"event": "dead",
					"target": "self"
				},
				"minecraft:knockback_resistance": {
					"max": 0.1,
					"value": 0.1
				},
				"minecraft:loot": {
					"table": "loot_tables/entities/zombie.json"
				},
				"minecraft:scale": {
					"value": 1
				},
				"minecraft:attack": {
					"damage": 10
				},
				"minecraft:movement": {
					"value": 0.24
				},
				"minecraft:health": {
					"value": 34
				},
				"minecraft:spell_effects": {
					"add_effects": [
						{
							"amplifier": 2,
							"effect": "absorption",
							"duration": 1000
						}
					]
				}
			},
			"level_8": {
				"minecraft:boss": {
					"name": "Zombie [Level 8]",
					"hud_range": 5
				},
				"minecraft:on_death": {
					"event": "dead",
					"target": "self"
				},
				"minecraft:knockback_resistance": {
					"max": 0.1,
					"value": 0.1
				},
				"minecraft:loot": {
					"table": "loot_tables/entities/zombie.json"
				},
				"minecraft:scale": {
					"value": 1
				},
				"minecraft:attack": {
					"damage": 10
				},
				"minecraft:movement": {
					"value": 0.24
				},
				"minecraft:health": {
					"value": 37
				},
				"minecraft:spell_effects": {
					"add_effects": [
						{
							"amplifier": 2,
							"effect": "absorption",
							"duration": 1000
						}
					]
				}
			},
			"level_9": {
				"minecraft:boss": {
					"name": "Zombie [Level 9]",
					"hud_range": 5
				},
				"minecraft:on_death": {
					"event": "dead",
					"target": "self"
				},
				"minecraft:knockback_resistance": {
					"max": 0.1,
					"value": 0.1
				},
				"minecraft:loot": {
					"table": "loot_tables/entities/zombie.json"
				},
				"minecraft:scale": {
					"value": 1
				},
				"minecraft:attack": {
					"damage": 10
				},
				"minecraft:movement": {
					"value": 0.24
				},
				"minecraft:health": {
					"value": 39
				},
				"minecraft:spell_effects": {
					"add_effects": [
						{
							"amplifier": 2,
							"effect": "absorption",
							"duration": 1000
						}
					]
				}
			},
			"level_19": {
				"minecraft:boss": {
					"name": "Zombie [Level 19]",
					"hud_range": 15
				},
				"minecraft:loot": {
					"table": "loot_tables/entities/iron_golem.json"
				},
				"minecraft:on_death": {
					"event": "dead",
					"target": "self"
				},
				"minecraft:knockback_resistance": {
					"max": 0.3,
					"value": 0.3
				},
				"minecraft:attack": {
					"damage": 12,
					"effect_duration": 4,
					"effect_name": "weakness"
				},
				"minecraft:movement": {
					"value": 0.3
				},
				"minecraft:health": {
					"value": 62
				},
				"minecraft:scale": {
					"value": 1.1
				},
				"minecraft:spell_effects": {
					"add_effects": [
						{
							"amplifier": 1,
							"effect": "speed",
							"duration": 1000
						},
						{
							"amplifier": 2,
							"duration": 1000,
							"effect": "resistance",
							"visible": false
						}
					]
				}
			},
			"level_18": {
				"minecraft:boss": {
					"name": "Zombie [Level 18]",
					"hud_range": 15
				},
				"minecraft:on_death": {
					"event": "dead",
					"target": "self"
				},
				"minecraft:loot": {
					"table": "loot_tables/entities/iron_golem.json"
				},
				"minecraft:knockback_resistance": {
					"max": 0.3,
					"value": 0.3
				},
				"minecraft:attack": {
					"damage": 12,
					"effect_duration": 4,
					"effect_name": "weakness"
				},
				"minecraft:movement": {
					"value": 0.3
				},
				"minecraft:health": {
					"value": 60
				},
				"minecraft:scale": {
					"value": 1.1
				},
				"minecraft:spell_effects": {
					"add_effects": [
						{
							"amplifier": 1,
							"effect": "speed",
							"duration": 1000
						},
						{
							"amplifier": 2,
							"duration": 1000,
							"effect": "resistance",
							"visible": false
						}
					]
				}
			},
			"level_17": {
				"minecraft:boss": {
					"name": "Zombie [Level 17]",
					"hud_range": 15
				},
				"minecraft:on_death": {
					"event": "dead",
					"target": "self"
				},
				"minecraft:loot": {
					"table": "loot_tables/entities/iron_golem.json"
				},
				"minecraft:knockback_resistance": {
					"max": 0.3,
					"value": 0.3
				},
				"minecraft:attack": {
					"damage": 12,
					"effect_duration": 4,
					"effect_name": "weakness"
				},
				"minecraft:movement": {
					"value": 0.3
				},
				"minecraft:health": {
					"value": 55
				},
				"minecraft:scale": {
					"value": 1.1
				},
				"minecraft:spell_effects": {
					"add_effects": [
						{
							"amplifier": 1,
							"effect": "speed",
							"duration": 1000
						},
						{
							"amplifier": 2,
							"duration": 1000,
							"effect": "resistance",
							"visible": false
						}
					]
				}
			},
			"level_16": {
				"minecraft:boss": {
					"name": "Zombie [Level 16]",
					"hud_range": 15
				},
				"minecraft:on_death": {
					"event": "dead",
					"target": "self"
				},
				"minecraft:loot": {
					"table": "loot_tables/entities/iron_golem.json"
				},
				"minecraft:knockback_resistance": {
					"max": 0.3,
					"value": 0.3
				},
				"minecraft:attack": {
					"damage": 12,
					"effect_duration": 4,
					"effect_name": "weakness"
				},
				"minecraft:movement": {
					"value": 0.3
				},
				"minecraft:health": {
					"value": 52
				},
				"minecraft:scale": {
					"value": 1.1
				},
				"minecraft:spell_effects": {
					"add_effects": [
						{
							"amplifier": 1,
							"effect": "speed",
							"duration": 1000
						},
						{
							"amplifier": 2,
							"duration": 1000,
							"effect": "resistance",
							"visible": false
						}
					]
				}
			},
			"level_15": {
				"minecraft:boss": {
					"name": "Zombie [Level 15]",
					"hud_range": 15
				},
				"minecraft:on_death": {
					"event": "dead",
					"target": "self"
				},
				"minecraft:loot": {
					"table": "loot_tables/entities/iron_golem.json"
				},
				"minecraft:knockback_resistance": {
					"max": 0.3,
					"value": 0.3
				},
				"minecraft:attack": {
					"damage": 12,
					"effect_duration": 4,
					"effect_name": "weakness"
				},
				"minecraft:movement": {
					"value": 0.3
				},
				"minecraft:health": {
					"value": 50
				},
				"minecraft:scale": {
					"value": 1.1
				},
				"minecraft:spell_effects": {
					"add_effects": [
						{
							"amplifier": 1,
							"effect": "speed",
							"duration": 1000
						},
						{
							"amplifier": 2,
							"duration": 1000,
							"effect": "resistance",
							"visible": false
						}
					]
				}
			},
			"level_14": {
				"minecraft:knockback_resistance": {
					"max": 0.2,
					"value": 0.2
				},
				"minecraft:on_death": {
					"event": "dead",
					"target": "self"
				},
				"minecraft:boss": {
					"name": "Zombie [Level 14]",
					"hud_range": 7
				},
				"minecraft:scale": {
					"value": 1.12
				},
				"minecraft:movement": {
					"value": 0.26
				},
				"minecraft:health": {
					"value": 48
				},
				"minecraft:attack": {
					"damage": 12,
					"effect_duration": 4,
					"effect_name": "weakness"
				},
				"minecraft:loot": {
					"table": "loot_tables/entities/iron_golem.json"
				},
				"minecraft:spell_effects": {
					"add_effects": [
						{
							"amplifier": 1,
							"effect": "speed",
							"visible": false,
							"duration": 1000
						},
						{
							"amplifier": 1,
							"duration": 1000,
							"effect": "resistance"
						}
					]
				}
			},
			"level_13": {
				"minecraft:knockback_resistance": {
					"max": 0.2,
					"value": 0.2
				},
				"minecraft:on_death": {
					"event": "dead",
					"target": "self"
				},
				"minecraft:boss": {
					"name": "Zombie [Level 13]",
					"hud_range": 7
				},
				"minecraft:scale": {
					"value": 1.12
				},
				"minecraft:movement": {
					"value": 0.26
				},
				"minecraft:health": {
					"value": 45
				},
				"minecraft:attack": {
					"damage": 12
				},
				"minecraft:loot": {
					"table": "loot_tables/entities/iron_golem.json"
				},
				"minecraft:spell_effects": {
					"add_effects": [
						{
							"amplifier": 1,
							"effect": "speed",
							"visible": false,
							"duration": 1000
						},
						{
							"amplifier": 1,
							"duration": 1000,
							"effect": "resistance"
						}
					]
				}
			},
			"level_12": {
				"minecraft:knockback_resistance": {
					"max": 0.2,
					"value": 0.2
				},
				"minecraft:on_death": {
					"event": "dead",
					"target": "self"
				},
				"minecraft:boss": {
					"name": "Zombie [Level 12]",
					"hud_range": 7
				},
				"minecraft:scale": {
					"value": 1.12
				},
				"minecraft:movement": {
					"value": 0.26
				},
				"minecraft:health": {
					"value": 44
				},
				"minecraft:attack": {
					"damage": 12
				},
				"minecraft:loot": {
					"table": "loot_tables/entities/iron_golem.json"
				},
				"minecraft:spell_effects": {
					"add_effects": [
						{
							"amplifier": 1,
							"effect": "speed",
							"visible": false,
							"duration": 1000
						},
						{
							"amplifier": 1,
							"duration": 1000,
							"effect": "resistance"
						}
					]
				}
			},
			"level_11": {
				"minecraft:knockback_resistance": {
					"max": 0.2,
					"value": 0.2
				},
				"minecraft:on_death": {
					"event": "dead",
					"target": "self"
				},
				"minecraft:boss": {
					"name": "Zombie [Level 11]",
					"hud_range": 7
				},
				"minecraft:scale": {
					"value": 1.12
				},
				"minecraft:movement": {
					"value": 0.26
				},
				"minecraft:health": {
					"value": 42
				},
				"minecraft:attack": {
					"damage": 12
				},
				"minecraft:loot": {
					"table": "loot_tables/entities/iron_golem.json"
				},
				"minecraft:spell_effects": {
					"add_effects": [
						{
							"amplifier": 1,
							"effect": "speed",
							"visible": false,
							"duration": 1000
						},
						{
							"amplifier": 1,
							"duration": 1000,
							"effect": "resistance"
						}
					]
				}
			},
			"level_10": {
				"minecraft:knockback_resistance": {
					"max": 0.2,
					"value": 0.2
				},
				"minecraft:boss": {
					"name": "Zombie [Level 10]",
					"hud_range": 7
				},
				"minecraft:on_death": {
					"event": "dead",
					"target": "self"
				},
				"minecraft:scale": {
					"value": 1.12
				},
				"minecraft:movement": {
					"value": 0.26
				},
				"minecraft:health": {
					"value": 40
				},
				"minecraft:attack": {
					"damage": 12
				},
				"minecraft:loot": {
					"table": "loot_tables/entities/iron_golem.json"
				},
				"minecraft:spell_effects": {
					"add_effects": [
						{
							"amplifier": 1,
							"effect": "speed",
							"visible": false,
							"duration": 1000
						},
						{
							"amplifier": 1,
							"duration": 1000,
							"effect": "resistance"
						}
					]
				}
			},
			"level_20": {
				"minecraft:boss": {
					"name": "Zombie [Level 20]",
					"hud_range": 15
				},
				"minecraft:on_death": {
					"event": "dead",
					"target": "self"
				},
				"minecraft:knockback_resistance": {
					"max": 0.4,
					"value": 0.4
				},
				"minecraft:loot": {
					"table": "loot_tables/chests/abandoned_mineshaft.json"
				},
				"minecraft:scale": {
					"value": 1.13
				},
				"minecraft:movement": {
					"value": 0.32
				},
				"minecraft:health": {
					"value": 70
				},
				"minecraft:attack": {
					"damage": 14
				},
				"minecraft:spell_effects": {
					"add_effects": [
						{
							"amplifier": 1,
							"effect": "speed",
							"duration": 1000
						},
						{
							"amplifier": 2,
							"duration": 1000,
							"effect": "resistance",
							"visible": false
						}
					]
				}
			},
			"level_21": {
				"minecraft:boss": {
					"name": "Zombie [Level 21]",
					"hud_range": 15
				},
				"minecraft:on_death": {
					"event": "dead",
					"target": "self"
				},
				"minecraft:knockback_resistance": {
					"max": 0.4,
					"value": 0.4
				},
				"minecraft:loot": {
					"table": "loot_tables/chests/abandoned_mineshaft.json"
				},
				"minecraft:scale": {
					"value": 1.13
				},
				"minecraft:movement": {
					"value": 0.32
				},
				"minecraft:health": {
					"value": 72
				},
				"minecraft:attack": {
					"damage": 14
				},
				"minecraft:spell_effects": {
					"add_effects": [
						{
							"amplifier": 1,
							"effect": "speed",
							"duration": 1000
						},
						{
							"amplifier": 2,
							"duration": 1000,
							"effect": "resistance",
							"visible": false
						}
					]
				}
			},
			"level_22": {
				"minecraft:boss": {
					"name": "Zombie [Level 22]",
					"hud_range": 15
				},
				"minecraft:knockback_resistance": {
					"max": 0.4,
					"value": 0.4
				},
				"minecraft:on_death": {
					"event": "dead",
					"target": "self"
				},
				"minecraft:loot": {
					"table": "loot_tables/chests/abandoned_mineshaft.json"
				},
				"minecraft:scale": {
					"value": 1.13
				},
				"minecraft:movement": {
					"value": 0.32
				},
				"minecraft:health": {
					"value": 74
				},
				"minecraft:attack": {
					"damage": 14
				},
				"minecraft:spell_effects": {
					"add_effects": [
						{
							"amplifier": 1,
							"effect": "speed",
							"duration": 1000
						},
						{
							"amplifier": 2,
							"duration": 1000,
							"effect": "resistance",
							"visible": false
						}
					]
				}
			},
			"level_23": {
				"minecraft:boss": {
					"name": "Zombie [Level 23]",
					"hud_range": 15
				},
				"minecraft:on_death": {
					"event": "dead",
					"target": "self"
				},
				"minecraft:knockback_resistance": {
					"max": 0.4,
					"value": 0.4
				},
				"minecraft:loot": {
					"table": "loot_tables/chests/abandoned_mineshaft.json"
				},
				"minecraft:scale": {
					"value": 1.13
				},
				"minecraft:movement": {
					"value": 0.32
				},
				"minecraft:health": {
					"value": 76
				},
				"minecraft:attack": {
					"damage": 14
				},
				"minecraft:spell_effects": {
					"add_effects": [
						{
							"amplifier": 1,
							"effect": "speed",
							"duration": 1000
						},
						{
							"amplifier": 2,
							"duration": 1000,
							"effect": "resistance",
							"visible": false
						}
					]
				}
			},
			"level_24": {
				"minecraft:boss": {
					"name": "Zombie [Level 24]",
					"hud_range": 15
				},
				"minecraft:on_death": {
					"event": "dead",
					"target": "self"
				},
				"minecraft:knockback_resistance": {
					"max": 0.4,
					"value": 0.4
				},
				"minecraft:loot": {
					"table": "loot_tables/chests/abandoned_mineshaft.json"
				},
				"minecraft:scale": {
					"value": 1.13
				},
				"minecraft:movement": {
					"value": 0.32
				},
				"minecraft:health": {
					"value": 78
				},
				"minecraft:attack": {
					"damage": 14
				},
				"minecraft:spell_effects": {
					"add_effects": [
						{
							"amplifier": 1,
							"effect": "speed",
							"duration": 1000
						},
						{
							"amplifier": 2,
							"duration": 1000,
							"effect": "resistance",
							"visible": false
						}
					]
				}
			},
			"level_25": {
				"minecraft:boss": {
					"name": "Zombie [Level 25]",
					"hud_range": 15
				},
				"minecraft:on_death": {
					"event": "dead",
					"target": "self"
				},
				"minecraft:loot": {
					"table": "loot_tables/chests/desert_pyramid.json"
				},
				"minecraft:scale": {
					"value": 1.2
				},
				"minecraft:movement": {
					"value": 0.33
				},
				"minecraft:health": {
					"value": 80
				},
				"minecraft:knockback_resistance": {
					"max": 0.45,
					"value": 0.45
				},
				"minecraft:attack": {
					"damage": 16
				},
				"minecraft:spell_effects": {
					"add_effects": [
						{
							"amplifier": 1,
							"effect": "speed",
							"duration": 1000
						},
						{
							"amplifier": 4,
							"effect": "absorption",
							"duration": 1000
						},
						{
							"amplifier": 2,
							"duration": 1000,
							"effect": "resistance",
							"visible": true
						}
					]
				}
			},
			"level_26": {
				"minecraft:boss": {
					"name": "Zombie [Level 26]",
					"hud_range": 15
				},
				"minecraft:on_death": {
					"event": "dead",
					"target": "self"
				},
				"minecraft:loot": {
					"table": "loot_tables/chests/abandoned_mineshaft.json"
				},
				"minecraft:scale": {
					"value": 1.2
				},
				"minecraft:movement": {
					"value": 0.33
				},
				"minecraft:health": {
					"value": 82
				},
				"minecraft:knockback_resistance": {
					"max": 0.45,
					"value": 0.45
				},
				"minecraft:attack": {
					"damage": 16
				},
				"minecraft:spell_effects": {
					"add_effects": [
						{
							"amplifier": 1,
							"effect": "speed",
							"duration": 1000
						},
						{
							"amplifier": 4,
							"effect": "absorption",
							"duration": 1000
						},
						{
							"amplifier": 2,
							"duration": 1000,
							"effect": "resistance",
							"visible": true
						}
					]
				}
			},
			"level_27": {
				"minecraft:boss": {
					"name": "Zombie [Level 27]",
					"hud_range": 15
				},
				"minecraft:loot": {
					"table": "loot_tables/chests/desert_pyramid.json"
				},
				"minecraft:on_death": {
					"event": "dead",
					"target": "self"
				},
				"minecraft:scale": {
					"value": 1.2
				},
				"minecraft:movement": {
					"value": 0.33
				},
				"minecraft:health": {
					"value": 86
				},
				"minecraft:knockback_resistance": {
					"max": 0.45,
					"value": 0.45
				},
				"minecraft:attack": {
					"damage": 16
				},
				"minecraft:spell_effects": {
					"add_effects": [
						{
							"amplifier": 1,
							"effect": "speed",
							"duration": 1000
						},
						{
							"amplifier": 4,
							"effect": "absorption",
							"duration": 1000
						},
						{
							"amplifier": 2,
							"duration": 1000,
							"effect": "resistance",
							"visible": true
						}
					]
				}
			},
			"level_28": {
				"minecraft:boss": {
					"name": "Zombie [Level 28]",
					"hud_range": 15
				},
				"minecraft:loot": {
					"table": "loot_tables/chests/desert_pyramid.json"
				},
				"minecraft:scale": {
					"value": 1.2
				},
				"minecraft:on_death": {
					"event": "dead",
					"target": "self"
				},
				"minecraft:movement": {
					"value": 0.33
				},
				"minecraft:health": {
					"value": 89
				},
				"minecraft:knockback_resistance": {
					"max": 0.45,
					"value": 0.45
				},
				"minecraft:attack": {
					"damage": 16
				},
				"minecraft:spell_effects": {
					"add_effects": [
						{
							"amplifier": 1,
							"effect": "speed",
							"duration": 1000
						},
						{
							"amplifier": 4,
							"effect": "absorption",
							"duration": 1000
						},
						{
							"amplifier": 2,
							"duration": 1000,
							"effect": "resistance",
							"visible": true
						}
					]
				}
			},
			"level_29": {
				"minecraft:boss": {
					"name": "Zombie [Level 29]",
					"hud_range": 15
				},
				"minecraft:loot": {
					"table": "loot_tables/chests/desert_pyramid.json"
				},
				"minecraft:scale": {
					"value": 1.2
				},
				"minecraft:movement": {
					"value": 0.35
				},
				"minecraft:on_death": {
					"event": "dead",
					"target": "self"
				},
				"minecraft:health": {
					"value": 89
				},
				"minecraft:knockback_resistance": {
					"max": 0.45,
					"value": 0.45
				},
				"minecraft:attack": {
					"damage": 16
				},
				"minecraft:spell_effects": {
					"add_effects": [
						{
							"amplifier": 1,
							"effect": "speed",
							"duration": 1000
						},
						{
							"amplifier": 4,
							"effect": "absorption",
							"duration": 1000
						},
						{
							"amplifier": 2,
							"duration": 1000,
							"effect": "resistance",
							"visible": true
						}
					]
				}
			},
			"level_30": {
				"minecraft:boss": {
					"name": "Zombie [Level 30]",
					"hud_range": 15
				},
				"minecraft:on_death": {
					"event": "dead",
					"target": "self"
				},
				"minecraft:knockback_resistance": {
					"max": 0.5,
					"value": 0.5
				},
				"minecraft:loot": {
					"table": "loot_tables/chests/buriedtreasure.json"
				},
				"minecraft:attack": {
					"damage": 18
				},
				"minecraft:scale": {
					"value": 1.21
				},
				"minecraft:movement": {
					"value": 0.33
				},
				"minecraft:health": {
					"value": 90
				},
				"minecraft:spell_effects": {
					"add_effects": [
						{
							"amplifier": 1,
							"duration": 1000,
							"effect": "absorption",
							"visible": false
						},
						{
							"amplifier": 1,
							"effect": "speed",
							"duration": 1000
						},
						{
							"amplifier": 3,
							"duration": 1000,
							"effect": "resistance",
							"visible": true
						}
					]
				}
			},
			"minecraft:look_to_start_drowned_transformation": {
				"minecraft:environment_sensor": {
					"triggers": {
						"filters": {
							"test": "is_underwater",
							"subject": "self",
							"operator": "==",
							"value": true
						},
						"event": "minecraft:start_transforming"
					}
				}
			},
			"minecraft:start_drowned_transformation": {
				"minecraft:environment_sensor": {
					"triggers": {
						"filters": {
							"test": "is_underwater",
							"subject": "self",
							"operator": "==",
							"value": false
						},
						"event": "minecraft:stop_transforming"
					}
				},
				"minecraft:timer": {
					"looping": false,
					"time": 30,
					"time_down_event": {
						"event": "minecraft:convert_to_drowned"
					}
				}
			},
			"minecraft:convert_to_drowned": {
				"minecraft:transformation": {
					"into": "minecraft:drowned<minecraft:as_adult>",
					"transformation_sound": "convert_to_drowned",
					"drop_equipment": true,
					"delay": {
						"value": 15
					}
				},
				"minecraft:is_shaking": {}
			},
			"minecraft:convert_to_baby_drowned": {
				"minecraft:transformation": {
					"into": "minecraft:drowned<minecraft:as_baby>",
					"transformation_sound": "convert_to_drowned",
					"drop_equipment": true,
					"delay": {
						"value": 15
					}
				},
				"minecraft:is_shaking": {}
			},
			"minecraft:zombie_baby": {
				"minecraft:experience_reward": {
					"on_death": "query.last_hit_by_player?12+(query.equipment_count*math.random(1,3)):0"
				},
				"minecraft:is_baby": {},
				"minecraft:scale": {
					"value": 0.5
				},
				"minecraft:movement": {
					"value": 0.35
				}
			},
			"minecraft:zombie_adult": {
				"minecraft:experience_reward": {
					"on_death": "query.last_hit_by_player?5+(query.equipment_count*math.random(1,3)):0"
				},
				"minecraft:movement": {
					"value": 0.23
				},
				"minecraft:rideable": {
					"seat_count": 1,
					"family_types": [
						"zombie"
					],
					"seats": {
						"position": [
							0,
							1.1,
							-0.35
						],
						"lock_rider_rotation": 0
					}
				},
				"minecraft:behavior.mount_pathing": {
					"priority": 0,
					"speed_multiplier": 1.25,
					"target_dist": 0,
					"track_target": true
				}
			},
			"minecraft:zombie_jockey": {
				"minecraft:behavior.find_mount": {
					"priority": 1,
					"within_radius": 16,
					"start_delay": 15,
					"max_failed_attempts": 20
				}
			},
			"minecraft:can_have_equipment": {
				"minecraft:behavior.random_stroll": {
					"priority": 7,
					"speed_multiplier": 1
				},
				"minecraft:behavior.look_at_player": {
					"priority": 8,
					"look_distance": 6,
					"probability": 0.02
				},
				"minecraft:behavior.melee_attack": {
					"priority": 0,
					"speed_multiplier": 1.3,
					"track_target": true
				},
				"minecraft:behavior.random_look_around": {
					"priority": 9
				},
				"minecraft:equipment": {
					"table": "loot_tables/entities/zombie_equipment.json"
				},
				"minecraft:behavior.jump_to_block": {
					"priority": 14,
					"search_width": 10,
					"search_height": 10,
					"minimum_path_length": 8,
					"minimum_distance": 1,
					"scale_factor": 0.6,
					"cooldown_range": [
						8,
						10
					]
				}
			}
		},
		"components": {
			"minecraft:is_hidden_when_invisible": {},
			"minecraft:nameable": {},
			"minecraft:type_family": {
				"family": [
					"zombie",
					"undead",
					"monster",
					"mob"
				]
			},
			"minecraft:equip_item": {},
			"minecraft:collision_box": {
				"width": 0.6,
				"height": 1.9
			},
			"minecraft:burns_in_daylight": {},
			"minecraft:movement.basic": {},
			"minecraft:navigation.climb": {
				"avoid_damage_blocks": true,
				"avoid_portals": true,
				"avoid_sun": true,
				"avoid_water": true,
				"blocks_to_avoid": [
					"lava",
					"water"
				],
				"can_float": false,
				"is_amphibious": false
			},
			"minecraft:annotation.break_door": {
				"break_time": 4,
				"min_difficulty": "e"
			},
			"minecraft:jump.static": {},
			"minecraft:can_climb": {},
			"minecraft:health": {
				"value": 20,
				"max": 20
			},
			"minecraft:hurt_on_condition": {
				"damage_conditions": [
					{
						"filters": {
							"test": "in_lava",
							"subject": "self",
							"operator": "==",
							"value": true
						},
						"cause": "lava",
						"damage_per_tick": 4
					}
				]
			},
			"minecraft:breathable": {
				"total_supply": 15,
				"suffocate_time": 0,
				"breathes_air": true,
				"breathes_water": true
			},
			"minecraft:attack": {
				"damage": 3
			},
			"minecraft:loot": {
				"table": "loot_tables/entities/zombie.json"
			},
			"minecraft:shareables": {
				"items": [
					{
						"item": "minecraft:netherite_sword",
						"want_amount": 1,
						"surplus_amount": 1,
						"priority": 0
					},
					{
						"item": "minecraft:diamond_sword",
						"want_amount": 1,
						"surplus_amount": 1,
						"priority": 1
					},
					{
						"item": "minecraft:iron_sword",
						"want_amount": 1,
						"surplus_amount": 1,
						"priority": 2
					},
					{
						"item": "minecraft:stone_sword",
						"want_amount": 1,
						"surplus_amount": 1,
						"priority": 3
					},
					{
						"item": "minecraft:golden_sword",
						"want_amount": 1,
						"surplus_amount": 1,
						"priority": 4
					},
					{
						"item": "minecraft:wooden_sword",
						"want_amount": 1,
						"surplus_amount": 1,
						"priority": 5
					},
					{
						"item": "minecraft:netherite_helmet",
						"want_amount": 1,
						"surplus_amount": 1,
						"priority": 0
					},
					{
						"item": "minecraft:diamond_helmet",
						"want_amount": 1,
						"surplus_amount": 1,
						"priority": 1
					},
					{
						"item": "minecraft:iron_helmet",
						"want_amount": 1,
						"surplus_amount": 1,
						"priority": 2
					},
					{
						"item": "minecraft:chainmail_helmet",
						"want_amount": 1,
						"surplus_amount": 1,
						"priority": 3
					},
					{
						"item": "minecraft:golden_helmet",
						"want_amount": 1,
						"surplus_amount": 1,
						"priority": 4
					},
					{
						"item": "minecraft:leather_helmet",
						"want_amount": 1,
						"surplus_amount": 1,
						"priority": 5
					},
					{
						"item": "minecraft:turtle_helmet",
						"want_amount": 1,
						"surplus_amount": 1,
						"priority": 6
					},
					{
						"item": "minecraft:skull:0",
						"want_amount": 1,
						"surplus_amount": 1,
						"priority": 7
					},
					{
						"item": "minecraft:skull:1",
						"want_amount": 1,
						"surplus_amount": 1,
						"priority": 7
					},
					{
						"item": "minecraft:carved_pumpkin",
						"want_amount": 1,
						"surplus_amount": 1,
						"priority": 7
					},
					{
						"item": "minecraft:netherite_chestplate",
						"want_amount": 1,
						"surplus_amount": 1,
						"priority": 0
					},
					{
						"item": "minecraft:diamond_chestplate",
						"want_amount": 1,
						"surplus_amount": 1,
						"priority": 1
					},
					{
						"item": "minecraft:iron_chestplate",
						"want_amount": 1,
						"surplus_amount": 1,
						"priority": 2
					},
					{
						"item": "minecraft:chainmail_chestplate",
						"want_amount": 1,
						"surplus_amount": 1,
						"priority": 3
					},
					{
						"item": "minecraft:golden_chestplate",
						"want_amount": 1,
						"surplus_amount": 1,
						"priority": 4
					},
					{
						"item": "minecraft:leather_chestplate",
						"want_amount": 1,
						"surplus_amount": 1,
						"priority": 5
					},
					{
						"item": "minecraft:netherite_leggings",
						"want_amount": 1,
						"surplus_amount": 1,
						"priority": 0
					},
					{
						"item": "minecraft:diamond_leggings",
						"want_amount": 1,
						"surplus_amount": 1,
						"priority": 1
					},
					{
						"item": "minecraft:iron_leggings",
						"want_amount": 1,
						"surplus_amount": 1,
						"priority": 2
					},
					{
						"item": "minecraft:chainmail_leggings",
						"want_amount": 1,
						"surplus_amount": 1,
						"priority": 3
					},
					{
						"item": "minecraft:golden_leggings",
						"want_amount": 1,
						"surplus_amount": 1,
						"priority": 4
					},
					{
						"item": "minecraft:leather_leggings",
						"want_amount": 1,
						"surplus_amount": 1,
						"priority": 5
					},
					{
						"item": "minecraft:netherite_boots",
						"want_amount": 1,
						"surplus_amount": 1,
						"priority": 0
					},
					{
						"item": "minecraft:diamond_boots",
						"want_amount": 1,
						"surplus_amount": 1,
						"priority": 1
					},
					{
						"item": "minecraft:iron_boots",
						"want_amount": 1,
						"surplus_amount": 1,
						"priority": 2
					},
					{
						"item": "minecraft:chainmail_boots",
						"want_amount": 1,
						"surplus_amount": 1,
						"priority": 3
					},
					{
						"item": "minecraft:golden_boots",
						"want_amount": 1,
						"surplus_amount": 1,
						"priority": 4
					},
					{
						"item": "minecraft:leather_boots",
						"want_amount": 1,
						"surplus_amount": 1,
						"priority": 5
					}
				]
			},
			"minecraft:environment_sensor": {
				"triggers": {
					"filters": {
						"test": "is_underwater",
						"operator": "==",
						"value": true
					},
					"event": "minecraft:start_transforming"
				}
			},
			"minecraft:despawn": {
				"despawn_from_distance": {}
			},
			"minecraft:behavior.equip_item": {
				"priority": 2
			},
			"minecraft:behavior.stomp_turtle_egg": {
				"priority": 4,
				"speed_multiplier": 1,
				"search_range": 10,
				"search_height": 2,
				"goal_radius": 1.14,
				"interval": 20
			},
			"minecraft:behavior.pickup_items": {
				"priority": 6,
				"max_dist": 3,
				"goal_radius": 2,
				"speed_multiplier": 1,
				"pickup_based_on_chance": false,
				"can_pickup_any_item": true
			},
			"minecraft:behavior.nearest_attackable_target": {
				"priority": 0,
				"must_see": true,
				"reselect_targets": true,
				"within_radius": 25,
				"must_see_forget_duration": 17,
				"entity_types": [
					{
						"filters": {
							"any_of": [
								{
									"test": "is_family",
									"subject": "other",
									"value": "player"
								},
								{
									"test": "is_family",
									"subject": "other",
									"value": "snowgolem"
								},
								{
									"test": "is_family",
									"subject": "other",
									"value": "irongolem"
								}
							]
						},
						"max_dist": 35
					},
					{
						"filters": {
							"any_of": [
								{
									"test": "is_family",
									"subject": "other",
									"value": "villager"
								},
								{
									"test": "is_family",
									"subject": "other",
									"value": "wandering_trader"
								}
							]
						},
						"max_dist": 35,
						"must_see": false
					},
					{
						"filters": {
							"all_of": [
								{
									"test": "is_family",
									"subject": "other",
									"value": "baby_turtle"
								},
								{
									"test": "in_water",
									"subject": "other",
									"operator": "!=",
									"value": true
								}
							]
						},
						"max_dist": 35
					}
				]
			},
			"minecraft:behavior.hurt_by_target": {
				"priority": 1,
				"entity_types": {
					"filters": {
						"test": "is_family",
						"subject": "other",
						"operator": "!=",
						"value": "undead"
					},
					"max_dist": 64
				}
			},
			"minecraft:physics": {},
			"minecraft:pushable": {
				"is_pushable": true,
				"is_pushable_by_piston": true
			},
			"minecraft:conditional_bandwidth_optimization": {}
		},
		"events": {
			"lvl5": {
				"add": {
					"component_groups": [
						"level_5"
					]
				}
			},
			"lvl10": {
				"add": {
					"component_groups": [
						"level_10"
					]
				}
			},
			"lvl15": {
				"add": {
					"component_groups": [
						"level_15"
					]
				}
			},
			"dead": {
				"run_command": {
					"command": [
						"summon addon:boom"
					]
				}
			},
			"lvl20": {
				"add": {
					"component_groups": [
						"level_20"
					]
				}
			},
			"lvl25": {
				"add": {
					"component_groups": [
						"level_25"
					]
				}
			},
			"lvl30": {
				"add": {
					"component_groups": [
						"level_30"
					]
				}
			},
			"minecraft:entity_spawned": {
				"randomize": [
					{
						"weight": 300,
						"remove": {},
						"add": {
							"component_groups": [
								"minecraft:zombie_adult",
								"minecraft:can_have_equipment"
							]
						}
					},
					{
						"weight": 25,
						"remove": {},
						"add": {
							"component_groups": [
								"level_3",
								"minecraft:can_have_equipment"
							]
						}
					},
					{
						"weight": 25,
						"remove": {},
						"add": {
							"component_groups": [
								"level_4",
								"minecraft:can_have_equipment"
							]
						}
					},
					{
						"weight": 25,
						"remove": {},
						"add": {
							"component_groups": [
								"level_6",
								"minecraft:can_have_equipment"
							]
						}
					},
					{
						"weight": 25,
						"remove": {},
						"add": {
							"component_groups": [
								"level_7",
								"minecraft:can_have_equipment"
							]
						}
					},
					{
						"weight": 25,
						"remove": {},
						"add": {
							"component_groups": [
								"level_8",
								"minecraft:can_have_equipment"
							]
						}
					},
					{
						"weight": 25,
						"remove": {},
						"add": {
							"component_groups": [
								"level_9",
								"minecraft:can_have_equipment"
							]
						}
					},
					{
						"weight": 25,
						"remove": {},
						"add": {
							"component_groups": [
								"level_2",
								"minecraft:can_have_equipment"
							]
						}
					},
					{
						"weight": 25,
						"remove": {},
						"add": {
							"component_groups": [
								"level_5",
								"minecraft:can_have_equipment"
							]
						}
					},
					{
						"weight": 15,
						"remove": {},
						"add": {
							"component_groups": [
								"level_10",
								"minecraft:can_have_equipment"
							]
						}
					},
					{
						"weight": 15,
						"remove": {},
						"add": {
							"component_groups": [
								"level_11",
								"minecraft:can_have_equipment"
							]
						}
					},
					{
						"weight": 15,
						"remove": {},
						"add": {
							"component_groups": [
								"level_12",
								"minecraft:can_have_equipment"
							]
						}
					},
					{
						"weight": 15,
						"remove": {},
						"add": {
							"component_groups": [
								"level_13",
								"minecraft:can_have_equipment"
							]
						}
					},
					{
						"weight": 15,
						"remove": {},
						"add": {
							"component_groups": [
								"level_14",
								"minecraft:can_have_equipment"
							]
						}
					},
					{
						"weight": 10,
						"remove": {},
						"add": {
							"component_groups": [
								"level_15",
								"minecraft:can_have_equipment"
							]
						}
					},
					{
						"weight": 10,
						"remove": {},
						"add": {
							"component_groups": [
								"level_16",
								"minecraft:can_have_equipment"
							]
						}
					},
					{
						"weight": 10,
						"remove": {},
						"add": {
							"component_groups": [
								"level_17",
								"minecraft:can_have_equipment"
							]
						}
					},
					{
						"weight": 10,
						"remove": {},
						"add": {
							"component_groups": [
								"level_18",
								"minecraft:can_have_equipment"
							]
						}
					},
					{
						"weight": 10,
						"remove": {},
						"add": {
							"component_groups": [
								"level_19",
								"minecraft:can_have_equipment"
							]
						}
					},
					{
						"weight": 5,
						"remove": {},
						"add": {
							"component_groups": [
								"level_20",
								"minecraft:can_have_equipment"
							]
						}
					},
					{
						"weight": 5,
						"remove": {},
						"add": {
							"component_groups": [
								"level_21",
								"minecraft:can_have_equipment"
							]
						}
					},
					{
						"weight": 5,
						"remove": {},
						"add": {
							"component_groups": [
								"level_22",
								"minecraft:can_have_equipment"
							]
						}
					},
					{
						"weight": 5,
						"remove": {},
						"add": {
							"component_groups": [
								"level_23",
								"minecraft:can_have_equipment"
							]
						}
					},
					{
						"weight": 5,
						"remove": {},
						"add": {
							"component_groups": [
								"level_24",
								"minecraft:can_have_equipment"
							]
						}
					},
					{
						"weight": 4,
						"remove": {},
						"add": {
							"component_groups": [
								"level_25",
								"minecraft:can_have_equipment"
							]
						}
					},
					{
						"weight": 4,
						"remove": {},
						"add": {
							"component_groups": [
								"level_26",
								"minecraft:can_have_equipment"
							]
						}
					},
					{
						"weight": 4,
						"remove": {},
						"add": {
							"component_groups": [
								"level_27",
								"minecraft:can_have_equipment"
							]
						}
					},
					{
						"weight": 4,
						"remove": {},
						"add": {
							"component_groups": [
								"level_28",
								"minecraft:can_have_equipment"
							]
						}
					},
					{
						"weight": 4,
						"remove": {},
						"add": {
							"component_groups": [
								"level_29",
								"minecraft:can_have_equipment"
							]
						}
					},
					{
						"weight": 25,
						"remove": {},
						"add": {
							"component_groups": [
								"level_5",
								"minecraft:can_have_equipment",
								"minecraft:zombie_baby",
								"minecraft:zombie_jockey"
							]
						}
					},
					{
						"weight": 15,
						"remove": {},
						"add": {
							"component_groups": [
								"level_10",
								"minecraft:can_have_equipment",
								"minecraft:zombie_baby",
								"minecraft:zombie_jockey"
							]
						}
					},
					{
						"weight": 10,
						"remove": {},
						"add": {
							"component_groups": [
								"level_15",
								"minecraft:can_have_equipment",
								"minecraft:zombie_baby",
								"minecraft:zombie_jockey"
							]
						}
					},
					{
						"weight": 5,
						"remove": {},
						"add": {
							"component_groups": [
								"level_20",
								"minecraft:can_have_equipment",
								"minecraft:zombie_baby",
								"minecraft:zombie_jockey"
							]
						}
					},
					{
						"weight": 4,
						"remove": {},
						"add": {
							"component_groups": [
								"level_25",
								"minecraft:can_have_equipment",
								"minecraft:zombie_baby",
								"minecraft:zombie_jockey"
							]
						}
					},
					{
						"weight": 25,
						"remove": {},
						"add": {
							"component_groups": [
								"level_9",
								"minecraft:can_have_equipment",
								"minecraft:zombie_baby",
								"minecraft:zombie_jockey"
							]
						}
					},
					{
						"weight": 15,
						"remove": {},
						"add": {
							"component_groups": [
								"level_14",
								"minecraft:can_have_equipment",
								"minecraft:zombie_baby",
								"minecraft:zombie_jockey"
							]
						}
					},
					{
						"weight": 10,
						"remove": {},
						"add": {
							"component_groups": [
								"level_19",
								"minecraft:can_have_equipment",
								"minecraft:zombie_baby",
								"minecraft:zombie_jockey"
							]
						}
					},
					{
						"weight": 5,
						"remove": {},
						"add": {
							"component_groups": [
								"level_24",
								"minecraft:can_have_equipment",
								"minecraft:zombie_baby",
								"minecraft:zombie_jockey"
							]
						}
					},
					{
						"weight": 4,
						"remove": {},
						"add": {
							"component_groups": [
								"level_29",
								"minecraft:can_have_equipment",
								"minecraft:zombie_baby",
								"minecraft:zombie_jockey"
							]
						}
					},
					{
						"weight": 25,
						"remove": {},
						"add": {
							"component_groups": [
								"level_8",
								"minecraft:can_have_equipment",
								"minecraft:zombie_baby",
								"minecraft:zombie_jockey"
							]
						}
					},
					{
						"weight": 15,
						"remove": {},
						"add": {
							"component_groups": [
								"level_13",
								"minecraft:can_have_equipment",
								"minecraft:zombie_baby",
								"minecraft:zombie_jockey"
							]
						}
					},
					{
						"weight": 10,
						"remove": {},
						"add": {
							"component_groups": [
								"level_18",
								"minecraft:can_have_equipment",
								"minecraft:zombie_baby",
								"minecraft:zombie_jockey"
							]
						}
					},
					{
						"weight": 5,
						"remove": {},
						"add": {
							"component_groups": [
								"level_23",
								"minecraft:can_have_equipment",
								"minecraft:zombie_baby",
								"minecraft:zombie_jockey"
							]
						}
					},
					{
						"weight": 4,
						"remove": {},
						"add": {
							"component_groups": [
								"level_28",
								"minecraft:can_have_equipment",
								"minecraft:zombie_baby",
								"minecraft:zombie_jockey"
							]
						}
					},
					{
						"weight": 25,
						"remove": {},
						"add": {
							"component_groups": [
								"level_7",
								"minecraft:can_have_equipment",
								"minecraft:zombie_baby",
								"minecraft:zombie_jockey"
							]
						}
					},
					{
						"weight": 15,
						"remove": {},
						"add": {
							"component_groups": [
								"level_12",
								"minecraft:can_have_equipment",
								"minecraft:zombie_baby",
								"minecraft:zombie_jockey"
							]
						}
					},
					{
						"weight": 10,
						"remove": {},
						"add": {
							"component_groups": [
								"level_17",
								"minecraft:can_have_equipment",
								"minecraft:zombie_baby",
								"minecraft:zombie_jockey"
							]
						}
					},
					{
						"weight": 5,
						"remove": {},
						"add": {
							"component_groups": [
								"level_22",
								"minecraft:can_have_equipment",
								"minecraft:zombie_baby",
								"minecraft:zombie_jockey"
							]
						}
					},
					{
						"weight": 4,
						"remove": {},
						"add": {
							"component_groups": [
								"level_27",
								"minecraft:can_have_equipment",
								"minecraft:zombie_baby",
								"minecraft:zombie_jockey"
							]
						}
					},
					{
						"weight": 25,
						"remove": {},
						"add": {
							"component_groups": [
								"level_6",
								"minecraft:can_have_equipment",
								"minecraft:zombie_baby",
								"minecraft:zombie_jockey"
							]
						}
					},
					{
						"weight": 15,
						"remove": {},
						"add": {
							"component_groups": [
								"level_11",
								"minecraft:can_have_equipment",
								"minecraft:zombie_baby",
								"minecraft:zombie_jockey"
							]
						}
					},
					{
						"weight": 10,
						"remove": {},
						"add": {
							"component_groups": [
								"level_16",
								"minecraft:can_have_equipment",
								"minecraft:zombie_baby",
								"minecraft:zombie_jockey"
							]
						}
					},
					{
						"weight": 5,
						"remove": {},
						"add": {
							"component_groups": [
								"level_21",
								"minecraft:can_have_equipment",
								"minecraft:zombie_baby",
								"minecraft:zombie_jockey"
							]
						}
					},
					{
						"weight": 4,
						"remove": {},
						"add": {
							"component_groups": [
								"level_26",
								"minecraft:can_have_equipment",
								"minecraft:zombie_baby",
								"minecraft:zombie_jockey"
							]
						}
					},
					{
						"weight": 25,
						"remove": {},
						"add": {
							"component_groups": [
								"level_9",
								"minecraft:can_have_equipment",
								"minecraft:zombie_baby",
								"minecraft:zombie_jockey"
							]
						}
					},
					{
						"weight": 25,
						"remove": {},
						"add": {
							"component_groups": [
								"level_2",
								"minecraft:can_have_equipment",
								"minecraft:zombie_baby",
								"minecraft:zombie_jockey"
							]
						}
					},
					{
						"weight": 25,
						"remove": {},
						"add": {
							"component_groups": [
								"level_4",
								"minecraft:can_have_equipment",
								"minecraft:zombie_baby",
								"minecraft:zombie_jockey"
							]
						}
					},
					{
						"weight": 1,
						"remove": {},
						"add": {
							"component_groups": [
								"level_3",
								"minecraft:can_have_equipment",
								"minecraft:zombie_baby",
								"minecraft:zombie_jockey"
							]
						}
					}
				]
			},
			"minecraft:as_adult": {
				"add": {
					"component_groups": [
						"minecraft:zombie_adult",
						"minecraft:can_have_equipment"
					]
				}
			},
			"minecraft:as_baby": {
				"add": {
					"component_groups": [
						"minecraft:zombie_baby",
						"minecraft:can_have_equipment"
					]
				}
			},
			"minecraft:start_transforming": {
				"add": {
					"component_groups": [
						"minecraft:start_drowned_transformation"
					]
				},
				"remove": {
					"component_groups": [
						"minecraft:look_to_start_drowned_transformation"
					]
				}
			},
			"minecraft:stop_transforming": {
				"add": {
					"component_groups": [
						"minecraft:look_to_start_drowned_transformation"
					]
				},
				"remove": {
					"component_groups": [
						"minecraft:start_drowned_transformation"
					]
				}
			},
			"minecraft:convert_to_drowned": {
				"sequence": [
					{
						"filters": {
							"test": "has_component",
							"operator": "!=",
							"value": "minecraft:is_baby"
						},
						"add": {
							"component_groups": [
								"minecraft:convert_to_drowned",
								"minecraft:can_have_equipment"
							]
						},
						"remove": {
							"component_groups": [
								"minecraft:start_drowned_transformation"
							]
						}
					},
					{
						"filters": {
							"test": "has_component",
							"value": "minecraft:is_baby"
						},
						"add": {
							"component_groups": [
								"minecraft:convert_to_baby_drowned",
								"minecraft:can_have_equipment"
							]
						},
						"remove": {
							"component_groups": [
								"minecraft:start_drowned_transformation"
							]
						}
					}
				]
			}
		}
	}
}