{
	"format_version": "1.16.100",
	"minecraft:item": {
		"description": {
			"category": "equipment",
			"identifier": "fv:bronze_pickaxe"
		},
		"components": {
			"minecraft:creative_category": {
				"parent": "itemGroup.name.pickaxe"
			},
			"minecraft:max_stack_size": 1,
			"minecraft:hand_equipped": true,
			"minecraft:durability": {
				"max_durability": 100
			},
			"minecraft:icon": {
				"texture": "fv_bronze_pickaxe"
			},
			"minecraft:repairable": {
				"repair_items": [
					{
						"items": [
							"fv:bronze_ingot"
						],
						"repair_amount": "query.max_durability*0.25"
					},
					{
						"items": [
							"fv:bronze_pickaxe"
						],
						"repair_amount": "context.other->query.remaining_durability+0.12*context.other->query.max_durability"
					}
				]
			},
			"minecraft:mining_speed": 1,
			"minecraft:damage": 3,
			"minecraft:enchantable": {
				"value": 14,
				"slot": "pickaxe"
			},
			"minecraft:digger": {
				"use_efficiency": true,
				"destroy_speeds": [
					{
						"block": {
							"tags": "query.any_tag('stone', 'metal', 'iron_pick_diggable')"
						},
						"speed": 5
					},
					{
						"block": "minecraft:ice",
						"speed": 5
					},
					{
						"block": "minecraft:sandstone",
						"speed": 5
					}
				]
			},
			"tag:minecraft:is_pickaxe": {}
		}
	}
}