{
	"format_version": "1.20.30",
	"minecraft:item": {
		"description": {
			"identifier": "fv:bronze_armor_boots",
			"menu_category": {
				"category": "equipment",
				"group": "itemGroup.name.boots"
			}
		},
		"components": {
			"minecraft:max_stack_size": 1,
			"minecraft:enchantable": {
				"value": 9,
				"slot": "armor_feet"
			},
			"minecraft:durability": {
				"max_durability": 180,
				"damage_chance": {
					"min": 60,
					"max": 100
				}
			},
			"minecraft:icon": {
				"texture": "fv_bronze_armor_boots"
			},
			"minecraft:wearable": {
				"slot": "slot.armor.feet",
				"protection": 1
			},
			"minecraft:repairable": {
				"repair_items": [
					{
						"items": [
							"fv:bronze_ingot"
						],
						"repair_amount": "query.max_durability*0.25"
					},
					{
						"items": [
							"fv:bronze_armor_boots"
						],
						"repair_amount": "context.other->query.remaining_durability+0.12*context.other->query.max_durability"
					}
				]
			}
		}
	}
}