{
	"format_version": "1.20.30",
	"minecraft:item": {
		"description": {
			"identifier": "fv:bronze_axe",
			"menu_category": {
				"category": "equipment",
				"group": "itemGroup.name.axe"
			}
		},
		"components": {
			"minecraft:max_stack_size": 1,
			"minecraft:hand_equipped": true,
			"minecraft:durability": {
				"max_durability": 200
			},
			"minecraft:damage": 2,
			"minecraft:enchantable": {
				"value": 14,
				"slot": "axe"
			},
			"minecraft:use_on": {
				"blocks": [
					"log",
					"log2",
					"wood"
				]
			},
			"minecraft:digger": {
				"use_efficiency": true,
				"destroy_speeds": [
					{
						"block": {
							"tags": "query.any_tag('wood', 'pumpkin', 'plant')"
						},
						"speed": 6
					},
					{
						"block": "minecraft:chest",
						"speed": 6
					},
					{
						"block": "minecraft:melon_block",
						"speed": 6
					}
				]
			},
			"minecraft:icon": {
				"texture": "fv_bronze_axe"
			},
			"tag:minecraft:is_axe": {},
			"minecraft:repairable": {
				"repair_items": [
					{
						"items": [
							"fv:bronze_ingot"
						],
						"repair_amount": "query.max_durability*0.25"
					},
					{
						"items": [
							"fv:bronze_axe"
						],
						"repair_amount": "context.other->query.remaining_durability+0.12*context.other->query.max_durability"
					}
				]
			}
		}
	}
}