{
	"format_version": "1.10.0",
	"particle_effect": {
		"description": {
			"identifier": "pvz:ice_explosion",
			"basic_render_parameters": {
				"material": "particles_alpha",
				"texture": "textures/particles/ice_explosion"
			}
		},
		"components": {
			"minecraft:emitter_rate_steady": {
				"spawn_rate": 120,
				"max_particles": 50
			},
			"minecraft:emitter_lifetime_looping": {
				"active_time": 0.4
			},
			"minecraft:emitter_shape_point": {
				"offset": ["Math.random(-2, 2)", "Math.random(-2, 2)", "Math.random(-2, 2)"]
			},
			"minecraft:particle_lifetime_expression": {
				"max_lifetime": "Math.random(0.3, 0.5)"
			},
			"minecraft:particle_initial_speed": 0,
			"minecraft:particle_motion_dynamic": {},
			"minecraft:particle_appearance_billboard": {
				"size": [0.2, 0.2],
				"facing_camera_mode": "lookat_xyz",
				"uv": {
					"texture_width": 120,
					"texture_height": 12,
					"flipbook": {
						"base_UV": [0, 0],
						"size_UV": [12, 12],
						"step_UV": [12, 0],
						"frames_per_second": 8,
						"max_frame": 10,
						"stretch_to_lifetime": true
					}
				}
			},
			"minecraft:particle_appearance_tinting": {
				"color": ["Math.clamp(variable.particle_random_1 * 0.6 + 0.4, 0, 1)", "Math.clamp(variable.particle_random_1 * 0.6 + 0.4, 0, 1)", "Math.clamp(variable.particle_random_1 * 0.6 + 0.4, 0, 1)", 1]
			}
		}
	}
}