{
	"format_version": "1.10.0",
	"particle_effect": {
		"description": {
			"identifier": "pvz:note_red_explode",
			"basic_render_parameters": {
				"material": "particles_alpha",
				"texture": "textures/particles/music_explosion"
			}
		},
		"components": {
			"minecraft:emitter_local_space": {
				"position": true,
				"rotation": false
			},
			"minecraft:emitter_rate_steady": {
				"spawn_rate": 2,
				"max_particles": 1
			},
			"minecraft:emitter_lifetime_once": {
				"active_time": 1
			},
			"minecraft:emitter_shape_point": {},
			"minecraft:particle_lifetime_expression": {
				"max_lifetime": 12
			},
			"minecraft:particle_initial_speed": 0,
			"minecraft:particle_motion_dynamic": {},
			"minecraft:particle_appearance_billboard": {
				"size": [0.5, 0.5],
				"facing_camera_mode": "rotate_xyz",
				"uv": {
					"texture_width": 225,
					"texture_height": 60,
					"flipbook": {
						"base_UV": [0, 45],
						"size_UV": [15, 15],
						"step_UV": [15, 0],
						"frames_per_second": 20,
						"max_frame": 15
					}
				}
			}
		}
	}
}