{
	"format_version": "1.10.0",
	"particle_effect": {
		"description": {
			"identifier": "pvz:potato_explode",
			"basic_render_parameters": {
				"material": "particles_alpha",
				"texture": "textures/particle/particles"
			}
		},
		"components": {
			"minecraft:emitter_rate_instant": {
				"num_particles": 200
			},
			"minecraft:emitter_lifetime_once": {
				"active_time": 2
			},
			"minecraft:emitter_shape_sphere": {
				"offset": ["Math.random(-0.1, 0.1)", "Math.random(-0.1, 0.1)", "Math.random(-0.1, 0.1)"],
				"radius": 0.5,
				"direction": "outwards"
			},
			"minecraft:particle_lifetime_expression": {
				"max_lifetime": 10
			},
			"minecraft:particle_initial_spin": {
				"rotation": "Math.random(0, 360)"
			},
			"minecraft:particle_initial_speed": 5,
			"minecraft:particle_motion_dynamic": {
				"linear_acceleration": [0, -9.8, 0]
			},
			"minecraft:particle_appearance_billboard": {
				"size": [0.1, 0.1],
				"facing_camera_mode": "lookat_xyz",
				"uv": {
					"texture_width": 128,
					"texture_height": 128,
					"flipbook": {
						"base_UV": [0, 0],
						"size_UV": [8, 8],
						"step_UV": [8, 0],
						"frames_per_second": 4,
						"max_frame": 8
					}
				}
			},
			"minecraft:particle_motion_collision": {
				"collision_drag": 4,
				"coefficient_of_restitution": 0.5,
				"collision_radius": 0.1
			},
			"minecraft:particle_appearance_lighting": {},
			"minecraft:particle_appearance_tinting": {
				"color": [0.74118, 0.77255, 0.58431, 1]
			}
		}
	}
}