{
	"format_version": "1.10.0",
	"particle_effect": {
		"description": {
			"identifier": "pvz:power",
			"basic_render_parameters": {
				"material": "particles_alpha",
				"texture": "textures/particles/powerful"
			}
		},
		"components": {
			"minecraft:emitter_rate_instant": {
				"num_particles": 1
			},
			"minecraft:emitter_lifetime_looping": {
				"active_time": 1
			},
			"minecraft:emitter_shape_disc": {
				"offset": [0, 0.4, 0],
				"radius": 0.5,
				"direction": "outwards"
			},
			"minecraft:particle_lifetime_expression": {
				"max_lifetime": "Math.random(1, 1.4)"
			},
			"minecraft:particle_initial_speed": 0.2,
			"minecraft:particle_motion_dynamic": {
				"linear_acceleration": ["(variable.particle_random_1-0.5)", 0.5, "(variable.particle_random_1-0.5)"]
			},
			"minecraft:particle_appearance_billboard": {
				"size": [0.05, 0.05],
				"facing_camera_mode": "lookat_xyz",
				"uv": {
					"texture_width": 120,
					"texture_height": 12,
					"flipbook": {
						"base_UV": [0, 0],
						"size_UV": [12, 12],
						"step_UV": [12, 0],
						"frames_per_second": 10,
						"max_frame": 10
					}
				}
			}
		}
	}
}