{
	"format_version": "1.10.0",
	"particle_effect": {
		"description": {
			"identifier": "pvz:sandstorm_ambient_particle",
			"basic_render_parameters": {
				"material": "particles_alpha",
				"texture": "textures/particle/particles"
			}
		},
		"components": {
			"minecraft:emitter_rate_steady": {
				"spawn_rate": 100,
				"max_particles": 100
			},
			"minecraft:emitter_lifetime_expression": {
				"activation_expression": 1
			},
			"minecraft:emitter_shape_point": {
				"offset": ["Math.random(-5.0, 5.0)", "Math.random(-5.0, 0.0)", "Math.random(-5.0, 5.0)"],
				"direction": ["Math.random(-1.0, 1.0)", "Math.random(-0.4, 0.2)", "Math.random(-1.0, 1.0)"]
			},
			"minecraft:particle_lifetime_expression": {
				"max_lifetime": "Math.random(20, 40)"
			},
			"minecraft:particle_initial_speed": "Math.random(2.0, 3.0)",
			"minecraft:particle_motion_dynamic": {
				"linear_acceleration": [0, -0.005, 0]
			},
			"minecraft:particle_appearance_billboard": {
				"size": [0.15, 0.15],
				"facing_camera_mode": "lookat_xyz",
				"uv": {
					"texture_width": 128,
					"texture_height": 128,
					"uv": [56, 0],
					"uv_size": [8, 8]
				}
			},
			"minecraft:particle_appearance_lighting": {},
			"minecraft:particle_appearance_tinting": {
				"color": [0.97647, 0.93333, 0.70588, 1]
			}
		}
	}
}