{
	"format_version": "1.10.0",
	"particle_effect": {
		"description": {
			"identifier": "pvz:snowflake",
			"basic_render_parameters": {
				"material": "particles_alpha",
				"texture": "textures/particles/snowflake"
			}
		},
		"components": {
			"minecraft:emitter_rate_instant": {
				"num_particles": 1
			},
			"minecraft:emitter_lifetime_looping": {
				"active_time": 1
			},
			"minecraft:emitter_shape_disc": {
				"offset": [0, 0.4, 0],
				"radius": 0.5,
				"direction": "outwards"
			},
			"minecraft:particle_lifetime_expression": {
				"max_lifetime": "Math.random(1, 1.4)"
			},
			"minecraft:particle_initial_speed": 0.2,
			"minecraft:particle_motion_dynamic": {
				"linear_acceleration": ["(variable.particle_random_1-0.5)", 0.5, "(variable.particle_random_1-0.5)"]
			},
			"minecraft:particle_appearance_billboard": {
				"size": [0.05, 0.05],
				"facing_camera_mode": "lookat_xyz",
				"uv": {
					"texture_width": "12",
					"texture_height": "12",
					"uv": [0, 0],
					"uv_size": [12, 12]
				}
			}
		}
	}
}