{
  "format_version": "1.8.0",
  "minecraft:entity": {
    "description": {
      "identifier": "effect:fire",
      "is_spawnable": false,
      "is_summonable": true,
      "is_experimental": false,
      "runtime_identifier": "minecraft:snowball"
    },
    "components": {
      "minecraft:type_family": {
        "family": [
          "plant"
        ]
      },
      "minecraft:collision_box": {
        "width": 0.3,
        "height": 0.3
      },
	  "minecraft:scale": {
		"value": 0.5
	  },
	  "minecraft:projectile": {
        "onHit": {
          "impact_damage": {
            "knockback": false,
            "semirandomdiffdamage": false,
            "destroyonhit": true,
			"catch_fire": true
          },
		  "catch_fire": {
			"fire_affected_by_griefing": true
		  },
          "remove_on_hit": {}
        },
        "power": 0.7,
        "destroyOnHurt": true,
        "critParticleOnHurt": true,
        "gravity": 0.001,
        "anchor": 1,
        "offset": [
          0,
          0.1,
          0
          ]
        },
      "minecraft:physics": {}
	}
  }
}