{
  "format_version": "1.8.0",
  "minecraft:entity": {
    "description": {
      "identifier": "spawn:grave",
      "is_spawnable": false,
      "is_summonable": true,
      "is_experimental": false,
	  "scripts": {
	    "animate": [ "walk" ]
	  },
	  "animations": {
	    "walk": "controller.animation.grave_spawn"
    }
  },
	"components": {
	  "minecraft:type_family": {
	    "family": [ "despawncito" ]
	  },
    "minecraft:area_attack" : {
      "damage_range": 0.5,
      "damage_per_tick": 500,
      "cause": "contact",
      "entity_filter": {
          "any_of": [
            { "test": "is_family", "subject": "other", "value": "plant" },
            { "test": "is_family", "subject": "other", "value": "irongolem" },
            { "test": "is_family", "subject": "other", "value": "snowgolem" },
            { "test": "is_family", "subject": "other", "value": "player" }
           ] 
        }
     },
	  "minecraft:despawn": {
	    "filters": {
		  "all_of": [
		    { "test": "is_family", "subject": "self", "value": "despawncito" }
		  ]
		 }
	  },
	  "minecraft:health": {
	    "value": 1
	  },
	  "minecraft:physics": {
     }
 	 }
  }
}