{
  "format_version": "1.13.0",
  "minecraft:entity": {
    "description": {
      "identifier": "spawn:green",
      "is_spawnable": false,
      "is_summonable": true,
      "is_experimental": false,
	"scripts": {
	    "animate": [ "walk" ]
	  },
	  "animations": {
	    "walk": "controller.animation.note_green"
      }
    },
	"component_groups": {
      "minecraft:snowman_sheared": {
	    "minecraft:transformation": {
		"into": "anim:no",
		"delay": 0
		}
      },
	  "minecraft:normal": {
	  "minecraft:variant": {
		"value": 0
      },
	  "minecraft:timer": {
		"looping": false,
		"time": 0.1,
		"time_down_event": {
		  "event": "minecraft:back_to_normal",
		  "target": "self"
	      }
	    }
      }
	},
	"components": {
	  "minecraft:type_family": {
	    "family": [ "despawncito" ]
	  },
	  "minecraft:health": {
	    "value": 1
	  },
	  "minecraft:physics": {
      }
    },
	"events": {
      "minecraft:entity_spawned": {
        "add": {
          "component_groups": [
            "minecraft:normal"
          ]
        }
      },
      "minecraft:back_to_normal": {
        "add": {
          "component_groups": [
            "minecraft:snowman_sheared"
          ]
        }
      }
	}
  }
}