{
  "format_version": "1.13.0",
  "minecraft:entity": {
    "description": {
      "identifier": "pvz:suns",
      "is_spawnable": false,
      "is_summonable": true,
      "is_experimental": false,
	"scripts": {
	    "animate": [ "walk" ]
	  },
	  "animations": {
	    "walk": "controller.animation.suns"
      }
    },
	"component_groups": {
      "minecraft:snowman_sheared": {
		"minecraft:timer": {
		 "looping": false,
		 "time": 0.1,
		 "time_down_event": {
		  "event": "minecraft:transform",
		  "target": "self"
	      }
	    },
	    "minecraft:spawn_entity": {
         "min_wait_time": 0,
         "max_wait_time": 0,
         "single_use": true,
		 "num_to_spawn": 16,
         "spawn_item": "pvz:sun"
        }
	  },
	  "minecraft:disappear": {
	    "minecraft:transformation": {
		"into": "anim:no",
		"delay": 0
		}
      },
	  "minecraft:normal": {
	    "minecraft:scale": {
	      "value": 2.5
	    },
	    "minecraft:timer": {
		  "looping": false,
		  "time": 3,
		  "time_down_event": {
		   "event": "minecraft:back_to_normal",
		   "target": "self"
	      }
	    }
      }
	},
	"components": {
	  "minecraft:type_family": {
	    "family": [ "despawncito" ]
	  },
	  "minecraft:health": {
	    "value": 1
	  },
	  "minecraft:physics": {
      }
    },
	"events": {
      "minecraft:entity_spawned": {
        "add": {
          "component_groups": [
            "minecraft:normal"
          ]
        }
      },
      "minecraft:back_to_normal": {
        "add": {
          "component_groups": [
            "minecraft:snowman_sheared"
		  ]
        }
      },
      "minecraft:transform": {
        "add": {
          "component_groups": [
            "minecraft:disappear"
          ]
        }
      }
	}
  }
}