{
	"format_version": "1.12.0",
	"minecraft:geometry": [
		{
			"description": {
				"identifier": "geometry.chicken",
				"texture_width": 64,
				"texture_height": 32,
				"visible_bounds_width": 3,
				"visible_bounds_height": 3,
				"visible_bounds_offset": [0, 0.5, 0]
			},
			"bones": [
				{
					"name": "body",
					"pivot": [0, 8, 0],
					"cubes": [
						{"origin": [-3, 4, -3], "size": [6, 8, 6], "uv": [0, 9]}
					]
				},
				{
					"name": "head",
					"pivot": [0, 9, -4],
					"cubes": [
						{"origin": [-2, 9, -6], "size": [4, 6, 3], "uv": [0, 0]},
						{"origin": [0, 13, -6], "size": [0, 4, 4], "uv": [19, 6]}
					],
					"locators": {
						"lead": [0, 9, -4]
					}
				},
				{
					"name": "comb",
					"parent": "head",
					"pivot": [0, 9, -4],
					"cubes": [
						{"origin": [-1, 9, -7], "size": [2, 2, 2], "uv": [14, 4]}
					]
				},
				{
					"name": "beak",
					"parent": "head",
					"pivot": [0, 9, -4],
					"cubes": [
						{"origin": [-1.5, 11, -8], "size": [3, 2, 2], "uv": [14, 0]}
					]
				},
				{
					"name": "leg0",
					"pivot": [-2, 5, 1],
					"cubes": [
						{"origin": [-3, 0, -2], "size": [3, 5, 3], "uv": [26, 0]}
					]
				},
				{
					"name": "leg1",
					"pivot": [1, 5, 1],
					"cubes": [
						{"origin": [0, 0, -2], "size": [3, 5, 3], "uv": [26, 0]}
					]
				},
				{
					"name": "wing0",
					"pivot": [-3, 11, 0],
					"cubes": [
						{"origin": [-4, 7, -3], "size": [1, 4, 6], "uv": [24, 13]}
					]
				},
				{
					"name": "wing1",
					"pivot": [3, 11, 0],
					"cubes": [
						{"origin": [3, 7, -3], "size": [1, 4, 6], "uv": [24, 13]}
					]
				},
				{
					"name": "tail",
					"pivot": [0, 11, 3.5],
					"cubes": [
						{"origin": [-2, 8, 2.5], "size": [4, 3, 1], "pivot": [0, 11, 3.5], "rotation": [110, 0, 0], "uv": [28, 8]},
						{"origin": [0, 4, 1], "size": [0, 9, 9], "pivot": [0, 10.5, 4.1], "rotation": [85, 0, 0], "uv": [39, 2]}
					]
				}
			]
		}
	]
}