{
	"format_version": "1.12.0",
	"minecraft:geometry": [
		{
			"description": {
				"identifier": "geometry.lamb",
				"texture_width": 64,
				"texture_height": 32,
				"visible_bounds_width": 3,
				"visible_bounds_height": 2,
				"visible_bounds_offset": [0, 0, 0]
			},
			"bones": [
				{
					"name": "body",
					"pivot": [0, 19, 2],
					"rotation": [90, 0, 0],
					"mirror": true,
					"cubes": [
						{"origin": [-4, 13, -5], "size": [8, 16, 6], "uv": [22, 10]}
					]
				},
				{
					"name": "head",
					"pivot": [0, 18, -8],
					"mirror": true,
					"cubes": [
						{"origin": [-3, 16, -14], "size": [6, 6, 8], "uv": [0, 0]},
						{"origin": [-1.5, 16, -15.8], "size": [3, 3, 2], "pivot": [0, 17.5, -14], "rotation": [5, 0, 0], "uv": [52, 15]}
					]
				},
				{
					"name": "bone",
					"parent": "head",
					"pivot": [0, 18, -7],
					"rotation": [0, 5, -90],
					"cubes": [
						{"origin": [0, 12.5, -11.5], "size": [5, 3, 4], "uv": [30, 1]},
						{"origin": [0, 20.5, -11.5], "size": [5, 3, 4], "uv": [30, 1]},
						{"origin": [0, 21, -13.5], "size": [2, 3, 2], "uv": [49, 3]},
						{"origin": [0, 12, -13.5], "size": [2, 3, 2], "uv": [49, 3]}
					]
				},
				{
					"name": "leg2",
					"pivot": [3, 12, 7],
					"mirror": true,
					"cubes": [
						{"origin": [-5, 0, 5], "size": [4, 12, 4], "uv": [0, 16]}
					]
				},
				{
					"name": "leg1",
					"pivot": [-3, 12, 7],
					"mirror": true,
					"cubes": [
						{"origin": [1, 0, 5], "size": [4, 12, 4], "uv": [0, 16]}
					]
				},
				{
					"name": "leg4",
					"pivot": [3, 12, -5],
					"mirror": true,
					"cubes": [
						{"origin": [-5, 0, -7], "size": [4, 12, 4], "uv": [0, 16]}
					]
				},
				{
					"name": "leg3",
					"pivot": [-3, 12, -5],
					"mirror": true,
					"cubes": [
						{"origin": [1, 0, -7], "size": [4, 12, 4], "uv": [0, 16]}
					]
				},
				{
					"name": "ear0",
					"pivot": [3, 21, -11],
					"rotation": [0, 0, 25],
					"cubes": [
						{"origin": [3, 19, -12], "size": [2, 2, 1], "uv": [21, 5]}
					]
				},
				{
					"name": "ear1",
					"pivot": [-3, 21, -11],
					"rotation": [0, 0, -25],
					"cubes": [
						{"origin": [-5, 19, -12], "size": [2, 2, 1], "uv": [21, 2]}
					]
				}
			]
		}
	]
}