{
	"format_version": "1.10.0",
	"geometry.pig.v1.8": {
		"texturewidth": 64,
		"textureheight": 32,
		"visible_bounds_width": 3,
		"visible_bounds_height": 2.25,
		"visible_bounds_offset": [0, 0.875, 0],
		"bones": [
			{
				"name": "body",
				"pivot": [0, 13, 2],
				"cubes": [
					{"origin": [-5, 7, -5], "size": [10, 16, 8], "uv": [28, 8]}
				]
			},
			{
				"name": "head",
				"parent": "body",
				"pivot": [0, 12, -6],
				"cubes": [
					{"origin": [-4, 8, -14], "size": [8, 8, 8], "uv": [0, 0]},
					{"origin": [-2, 9, -15], "size": [4, 3, 1], "uv": [16, 16]},
					{"origin": [2, 9, -15], "size": [1, 2, 1], "uv": [32, 8]},
					{"origin": [-3, 9, -15], "size": [1, 2, 1], "uv": [32, 12]}
				],
				"locators": {
					"lead": [0, 14, -6]
				}
			},
			{
				"name": "ear0",
				"parent": "head",
				"pivot": [5, 21, -11],
				"rotation": [-7.5, 0, -36.5],
				"cubes": [
					{"origin": [-6.5, 20.8, -11], "size": [3, 3, 1], "uv": [0, 0]}
				]
			},
			{
				"name": "ear1",
				"parent": "head",
				"pivot": [-5, 21, -11],
				"rotation": [-7.5, 0, 36.5],
				"cubes": [
					{"origin": [3.6, 20.8, -11], "size": [3, 3, 1], "uv": [0, 4], "mirror": true}
				]
			},
			{
				"name": "leg0",
				"parent": "body",
				"pivot": [-3, 6, 7],
				"cubes": [
					{"origin": [-5, 0, 5], "size": [4, 6, 4], "uv": [0, 16]}
				]
			},
			{
				"name": "leg1",
				"parent": "body",
				"pivot": [3, 6, 7],
				"mirror": true,
				"cubes": [
					{"origin": [1, 0, 5], "size": [4, 6, 4], "uv": [0, 16]}
				]
			},
			{
				"name": "leg2",
				"parent": "body",
				"pivot": [-3, 6, -5],
				"cubes": [
					{"origin": [-5, 0, -7], "size": [4, 6, 4], "uv": [0, 16]}
				]
			},
			{
				"name": "leg3",
				"parent": "body",
				"pivot": [3, 6, -5],
				"mirror": true,
				"cubes": [
					{"origin": [1, 0, -7], "size": [4, 6, 4], "uv": [0, 16]}
				]
			},
			{
				"name": "tail",
				"parent": "body",
				"pivot": [0, 10, 8],
				"rotation": [70, 0, 0],
				"cubes": [
					{"origin": [0, 5.20548, 7.13765], "size": [0, 5, 5], "uv": [0, 21]}
				]
			}
		]
	}
}