{
	"format_version": "1.12.0",
	"minecraft:geometry": [
		{
			"description": {
				"identifier": "geometry.raven",
				"texture_width": 32,
				"texture_height": 32,
				"visible_bounds_width": 2,
				"visible_bounds_height": 2.5,
				"visible_bounds_offset": [0, 0.75, 0]
			},
			"bones": [
				{
					"name": "body",
					"pivot": [0, 4.5, -5],
					"rotation": [62.5, 0, 0],
					"cubes": [
						{"origin": [-1.5, -1.5, -6.5], "size": [3, 6, 3], "uv": [2, 8]}
					]
				},
				{
					"name": "wing0",
					"parent": "body",
					"pivot": [1.5, 4.1, -4.8],
					"rotation": [10, 0, 0],
					"cubes": [
						{"origin": [1, -0.9, -6.3], "size": [1, 5, 3], "uv": [19, 8]}
					]
				},
				{
					"name": "wing1",
					"parent": "body",
					"pivot": [-1.5, 4.1, -4.8],
					"rotation": [10, 0, 0],
					"cubes": [
						{"origin": [-2, -0.9, -6.3], "size": [1, 5, 3], "uv": [19, 8]}
					]
				},
				{
					"name": "head",
					"pivot": [0, 5.3, -4.8],
					"cubes": [
						{"origin": [-1, 3.8, -5.8], "size": [2, 4, 2], "uv": [2, 2]},
						{"origin": [-0.5, 5.3, -6.7], "size": [1, 2, 1], "uv": [11, 7]},
						{"origin": [-0.5, 5.6, -7.7], "size": [1, 1.7, 1], "uv": [16, 7]}
					],
					"locators": {
						"lead": [0, 4, -5]
					}
				},
				{
					"name": "tail",
					"pivot": [0, 2.9, 1.2],
					"rotation": [50, 0, 0],
					"cubes": [
						{"origin": [-1.5, -0.1, 0.2], "size": [3, 4, 1], "uv": [22, 1]}
					]
				},
				{
					"name": "leg0",
					"pivot": [1.5, 1, -1.5],
					"cubes": [
						{"origin": [0.5, -0.5, -2.5], "size": [1, 2, 1], "uv": [14, 18]}
					]
				},
				{
					"name": "leg1",
					"pivot": [-0.5, 1, -1.5],
					"cubes": [
						{"origin": [-1.5, -0.5, -2.5], "size": [1, 2, 1], "uv": [14, 18]}
					]
				}
			]
		}
	]
}