{
	"format_version": "1.10.0",
	"geometry.wolf": {
		"texturewidth": 64,
		"textureheight": 32,
		"visible_bounds_width": 3,
		"visible_bounds_height": 2,
		"visible_bounds_offset": [0, 0, 0],
		"bones": [
			{
				"name": "head",
				"pivot": [-1, 12.5, -7],
				"cubes": [
					{"origin": [-4, 9, -9], "size": [6, 6, 4], "uv": [0, 0]},
					{"origin": [-4, 15, -7], "size": [2, 2, 1], "uv": [16, 14]},
					{"origin": [0, 15, -7], "size": [2, 2, 1], "uv": [16, 14]},
					{"origin": [-2.5, 9, -12], "size": [3, 3, 4], "uv": [0, 10]}
				],
				"locators": {
					"lead": [-1, 14, -5],
					"held_item": [-1, 9.4, -11]
				}
			},
			{
				"name": "body",
				"pivot": [0, 10, 2],
				"cubes": [
					{"origin": [-4, 3, -1], "size": [6, 9, 6], "uv": [18, 14]}
				]
			},
			{
				"name": "upperBody",
				"pivot": [-1, 10, 2],
				"cubes": [
					{"origin": [-5, 7, -1], "size": [8, 6, 7], "uv": [21, 0]}
				]
			},
			{
				"name": "leg0",
				"pivot": [-2.5, 8, 7],
				"cubes": [
					{"origin": [-3.5, 0, 6], "size": [2, 8, 2], "uv": [0, 18]}
				]
			},
			{
				"name": "leg1",
				"pivot": [0.5, 8, 7],
				"cubes": [
					{"origin": [-0.5, 0, 6], "size": [2, 8, 2], "uv": [0, 18]}
				]
			},
			{
				"name": "leg2",
				"pivot": [-2.5, 8, -4],
				"cubes": [
					{"origin": [-3.5, 0, -5], "size": [2, 8, 2], "uv": [0, 18]}
				]
			},
			{
				"name": "leg3",
				"pivot": [0.5, 8, -4],
				"cubes": [
					{"origin": [-0.5, 0, -5], "size": [2, 8, 2], "uv": [0, 18]}
				]
			},
			{
				"name": "tail",
				"pivot": [-1, 12, 8],
				"cubes": [
					{"origin": [-2, 4, 7], "size": [2, 8, 2], "uv": [9, 18]}
				]
			}
		]
	}
}