{
  "format_version": "1.16.100",
  "minecraft:item": {
    "description": {
      "identifier": "mobs:chouris_bucket",
      "category": "Items"
    },

    "components": {
      "minecraft:entity_placer": {
        "entity": "mobs:to_small_chouris"
      },
	  "minecraft:creative_category": {
        "parent": "itemGroup.name.bucket"
      },
      "minecraft:icon": {
        "texture": "chouris_bucket",
   		"frame": 0
      },
      "minecraft:max_stack_size": 1,
      "minecraft:stacked_by_data": false,
      "minecraft:liquid_clipped": true,
	  "minecraft:on_use_on": {
	    "on_use_on": {
          "event": "minecraft:empty_bucket",
          "target": "self"
		}
	  },
	  "minecraft:render_offsets": "miscellaneous",
		"minecraft:display_name": {
			"value": "tile.mobs:chouris_bucket.name"
		}
    },
	"events": {
	  "minecraft:empty_bucket": {
   		"run_command": {
            "command": ["give @s bucket"],
             "target": "holder"
   		}
      }
	}
  }
}