{
	"format_version": "1.16.100",
	"minecraft:item": {
		"description": {
			"identifier": "mobs:golden_fungus",
			"category": "nature"
		},
		"components": {
			"minecraft:creative_category": {
				"parent": "itemGroup.name.mushroom"
			},
			"minecraft:max_stack_size": 64,
			"minecraft:hand_equipped": false,
			"minecraft:stacked_by_data": true,
			"minecraft:foil": false,
         "minecraft:food": {
           "nutrition": 2,
           "can_always_eat": true,
				"on_consume": {
					"event": "effects",
					"target": "self"
				}
        },
			"minecraft:use_duration": 1.5,
			"minecraft:use_animation": "eat",
			"minecraft:block_placer": {
				"block": "mobs:golden_fungus",
				"use_block_description": true
			},
			"minecraft:display_name": {
				"value": "tile.mobs:golden_fungus.name"
			},
			"minecraft:icon": {
				"texture": "mobs:golden_fungus"
			}
		},
		"events": {
			"effects": {
				"add_mob_effect": {
					"effect": "regeneration",
					"target": "holder",
					"duration": 60,
					"amplifier": 0
				},
				"run_command": {
					"command": [
						"effect @s resistance 90 1 false",
						"effect @s absorption 120 1 false",
						"effect @s fire_resistance 30 0 true"
					],
					"target": "holder"
				}
			}
		}
	}
}