{
  "format_version": "1.10.0",
  "minecraft:client_entity": {
    "description": {
      "identifier": "mv:copper_golem",
      "materials": {
        "default": "entity_alphatest"
      },
      "textures": {
        "default": "textures/entity/copper_golem/default",
        "exposed": "textures/entity/copper_golem/exposed",
        "weathered": "textures/entity/copper_golem/weathered",
        "oxidised": "textures/entity/copper_golem/oxidised"
      },
      "geometry": {
        "default": "geometry.copper_golem"
      },
      "animations": {
        "move": "animation.humanoid.move",
        "look_at_target": "animation.common.look_at_target",
        "move_controller": "controller.animation.humanoid.move",
        "idle_controller": "controller.animation.coppergolem.idle",
        "idle": "animation.copper_golem.idle"
      },
      "scripts": {
        "pre_animation": [
          "variable.tcos0 = (Math.cos(query.modified_distance_moved * 38.17) * query.modified_move_speed / variable.gliding_speed_value) * 57.3;"
        ],
        "animate": [
          "idle_controller",
          "move_controller"
        ]
      },
      "render_controllers": [ "controller.render.copper_golem" ],
      "spawn_egg": {
	  "base_color": "#e63e00",
	  "overlay_color": "#00e095"
      }
    }
  }
}