{
    "format_version": "1.10.0",
    "minecraft:client_entity": {
        "description": {
            "identifier": "mv:crab",
            "materials": {"default": "entity_alphatest"},
            "textures": {"default": "textures/entity/crab/crab"},
            "geometry": {"default": "geometry.crab"},
            "render_controllers": [ "controller.render.default" ],
            "animations": {
              "walk": "animation.crab.walk",
              "claw": "animation.crab.attack_claw"
            },
            "scripts": {
              "animate": [
                { "walk": "query.modified_move_speed * 2" },
                { "claw": "query.has_target" }
              ]
            },
            "spawn_egg": {
		    "base_color": "#DEDFEB",
                 "overlay_color": "#3D49B0"
            }
        }
    }
}
