{
  "format_version": "1.10.0",
  "minecraft:client_entity": {
    "description": {
      "identifier": "mv:glare",
      "materials": {
        "default": "entity_alphatest"
      },
      "textures": {
        "glare": "textures/entity/glare/glare",
        "angry": "textures/entity/glare/angry_glare"
      },
      "geometry": {
        "default": "geometry.glare"
      },
      "animations": {
        "flying": "animation.glare.float"
      },
      "scripts": {
        "animate": [
          "flying"
        ]
      },
      "render_controllers": [
        "controller.render.glare"
      ],
      "spawn_egg": {
        "base_color": "#4FA500",
        "overlay_color": "#4D9043"
      }
    }
  }
}