{
  "format_version": "1.10.0",
  "minecraft:client_entity": {
    "description": {
      "identifier": "mv:moobloom",
      "min_engine_version": "1.8.0",
      "materials": { "default": "entity_alphatest" },
      "textures": {
        "yellow": "textures/entity/moobloom/yellow",
        "white": "textures/entity/moobloom/white",
        "red": "textures/entity/moobloom/red",
        "blue": "textures/entity/moobloom/blue",
        "purple": "textures/entity/moobloom/purple"
      },
      "geometry": {
        "default": "geometry.moobloom"
      },
      "animations": {
        "setup": "animation.cow.setup",
        "walk": "animation.quadruped.walk",
        "look_at_target": "animation.common.look_at_target",
        "baby_transform": "animation.cow.baby_transform"
      },
      "scripts": {
        "animate": [
          "setup",
          { "walk": "query.modified_move_speed" },
          "look_at_target",
          { "baby_transform": "query.is_baby" }
        ]
      },
      "render_controllers": [ "controller.render.moobloom"],
      "spawn_egg": {
	    "base_color": "#ffbc03",
           "overlay_color": "#fff5d9"
	}
    }
  }
}