{
    "format_version": "1.10.0",
    "minecraft:client_entity": {
        "description": {
            "identifier": "mv:penguin",
            "materials": {"default": "entity_alphatest"},
            "textures": {
        "default": "textures/entity/penguin/penguin",
        "dedede": "textures/entity/penguin/easter_egg"
      },
            "geometry": {"default": "geometry.penguin"},
            "render_controllers": [ "controller.render.penguin" ],
            "animations": {
              "walk": "animation.penguin.walk",
              "swim": "animation.penguin.swim",
              "float": "animation.penguin.float",
              "look_at_target": "animation.common.look_at_target",
              "baby_transform": "animation.cow.baby_transform"
            },
            "scripts": {
              "animate": [
                { "walk": "2 * query.modified_move_speed * !q.is_in_water" },
                { "swim": "q.is_in_water * q.is_moving" },
                { "float": "q.is_in_water * !q.is_moving" },
                 "look_at_target"
              ]
            },
            "spawn_egg": {
		    "base_color": "#111015",
                 "overlay_color": "#D5F3F4"
            }
        }
    }
}
