{
  "format_version": "1.10.0",
  "minecraft:client_entity": {
    "description": {
      "identifier": "mv:rascal",
      "materials": {
        "default": "entity_alphatest"
      },
      "textures": {
        "default": "textures/entity/rascal/rascal"
      },
      "geometry": {
        "default": "geometry.rascal"
      },
      "animations": {
        "move": "animation.humanoid.move"
      },
      "scripts": {
        "pre_animation": [
          "variable.tcos0 = (Math.cos(query.modified_distance_moved * 38.17) * query.modified_move_speed / variable.gliding_speed_value) * 57.3;"
        ],
        "animate": [
          "move"
        ]
      },
      "render_controllers": [ "controller.render.default" ],
      "spawn_egg": {
	  "base_color": "#384B49",
	  "overlay_color": "#71B1AA"
      }
    }
  }
}