{
  "format_version": "1.10.0",
  "minecraft:client_entity": {
    "description": {
      "identifier": "mv:tuff_golem",
      "materials": {
        "default": "entity_alphatest"
      },
      "textures": {
        "default": "textures/entity/tuff/tuff"
      },
      "geometry": {
        "default": "geometry.tuff_golem"
      },
      "animations": {
        "move": "animation.humanoid.move",
        "hold": "animation.tuff_golem.hold_item",
        "move_arms": "animation.tuff_golem.move_arms"
      },
      "scripts": {
        "pre_animation": [
          "variable.tcos0 = (Math.cos(query.modified_distance_moved * 38.17) * query.modified_move_speed / variable.gliding_speed_value) * 57.3;"
        ],
        "animate": [
          { "hold": "query.get_equipped_item_name('main_hand')!=''" },
          { "move_arms": "query.get_equipped_item_name('main_hand')==''" },
          "move"
        ]
      },
      "render_controllers": [ "controller.render.default" ],
      "spawn_egg": {
	  "base_color": "#6A6E6F",
	  "overlay_color": "#5D5D52"
      },
      "enable_attachables":  true
    }
  }
}