{
  "format_version": "1.13.0",
  "minecraft:entity": {
    "description": {
      "identifier": "minecraft:arrow",
      "is_spawnable": false,
      "is_summonable": true,
      "is_experimental": false
    },
    "component_groups": {
      "minecraft:hard_arrow": {
        "minecraft:projectile": {
          "on_hit": {
            "impact_damage": {
              "damage": [ 1, 4 ],
              "knockback": true,
              "semi_random_diff_damage": false,
              "destroy_on_hit": true
            },
            "stick_in_ground": {
              "shake_time" : 0.35
            },
            "arrow_effect": {
            }
          },
          "hit_sound": "bow.hit",
          "power": 1.6,
          "gravity": 0.05,
          "uncertainty_base": 16,
          "uncertainty_multiplier": 4,
          "anchor": 1,
          "should_bounce": true,
          "offset": [ 0, -0.1, 0 ]
        }
      },
      "minecraft:illusioner_arrow": {
        "minecraft:projectile": {
          "on_hit": {
            "impact_damage": {
              "damage": [ 3,4 ],
              "knockback": true,
              "semi_random_diff_damage": false,
              "destroy_on_hit": true
            },
            "arrow_effect": {
            }
          },
          "remove_on_hit": {},
          "hit_sound": "bow.hit",
          "power": 1.6,
          "gravity": 0.05,
          "uncertainty_base": 1,
          "uncertainty_multiplier": 0,
          "anchor": 1,
          "should_bounce": true,
          "offset": [ 0, -0.1, 0 ]
        }
      },
      "minecraft:clone_arrow": {
        "minecraft:projectile": {
          "on_hit": {
            "impact_damage": {
              "damage": [ 2,3 ],
              "knockback": true,
              "semi_random_diff_damage": false,
              "destroy_on_hit": true
            },
            "arrow_effect": {
            }
          },
          "remove_on_hit": {},
          "hit_sound": "bow.hit",
          "power": 1.4,
          "gravity": 0.05,
          "uncertainty_base": 1,
          "uncertainty_multiplier": 0,
          "anchor": 1,
          "should_bounce": true,
          "offset": [ 0, -0.1, 0 ]
        }
      },
      "minecraft:player_arrow": {
        "minecraft:projectile": {
          "on_hit": {
            "impact_damage": {
              "damage": 1,
              "knockback": true,
              "semi_random_diff_damage": true,
              "destroy_on_hit": true,
              "max_critical_damage": 10,
              "min_critical_damage": 9,
              "power_multiplier": 0.97
            },
            "stick_in_ground": {
              "shake_time" : 0.35
            },
            "arrow_effect": {
            }
          },
          "hit_sound": "bow.hit",
          "power": 5.0,
          "gravity": 0.05,
          "uncertainty_base": 1,
          "uncertainty_multiplier": 0,
          "anchor": 1,
          "should_bounce": true,
          "offset": [ 0, -0.1, 0 ]
        }
      },
      "minecraft:illusion_arrow": {
        "minecraft:projectile": {
          "on_hit": {
            "impact_damage": {
              "damage": [ 1,2 ],
              "knockback": false,
              "semi_random_diff_damage": false,
              "destroy_on_hit": true
            },
            "arrow_effect": {
            }
          },
          "remove_on_hit": { },
          "hit_sound": "bow.hit",
          "power": 1.6,
          "gravity": 0.05,
          "uncertainty_base": 16,
          "uncertainty_multiplier": 4,
          "anchor": 1,
          "should_bounce": true,
          "offset": [ 0, -0.1, 0 ]
        }
      },
      "minecraft:trader_arrow": {
        "minecraft:projectile": {
          "on_hit": {
            "impact_damage": {
              "damage": [ 4,5 ],
              "knockback": false,
              "semi_random_diff_damage": false,
              "destroy_on_hit": true
            },
            "arrow_effect": {
            }
          },
          "remove_on_hit": { },
          "hit_sound": "bow.hit",
          "power": 1.6,
          "gravity": 0.05,
          "uncertainty_base": 16,
          "uncertainty_multiplier": 4,
          "anchor": 1,
          "should_bounce": true,
          "offset": [ 0, -0.1, 0 ]
        }
      },
      "minecraft:fallen_arrow": {
        "minecraft:projectile": {
          "on_hit": {
            "impact_damage": {
              "damage": [ 3, 4 ],
              "knockback": true,
              "semi_random_diff_damage": false,
              "destroy_on_hit": true
            },
            "stick_in_ground": {
              "shake_time": 0.1
            },
            "arrow_effect": {
            }
          },
          "hit_sound": "bow.hit",
          "power": 1.6,
          "gravity": 0.05,
          "uncertainty_base": 16,
          "uncertainty_multiplier": 4,
          "anchor": 1,
          "should_bounce": true,
          "offset": [ 0, -0.1, 0 ]
        }
      },
      "minecraft:archer_arrow": {
        "minecraft:projectile": {
          "on_hit": {
            "impact_damage": {
              "damage": [ 3, 5 ],
              "knockback": true,
              "semi_random_diff_damage": false,
              "destroy_on_hit": true
            },
            "stick_in_ground": {
              "shake_time": 0.35
            },
            "arrow_effect": {
            }
          },
          "hit_sound": "bow.hit",
          "power": 1.6,
          "gravity": 0.05,
          "uncertainty_base": 16,
          "uncertainty_multiplier": 4,
          "anchor": 1,
          "should_bounce": true,
          "offset": [ 0, -0.1, 0 ]
        }
      },
      "minecraft:crossbow_arrow": {
        "minecraft:projectile": {
          "on_hit": {
            "impact_damage": {
              "damage": [ 4, 7 ],
              "knockback": true,
              "semi_random_diff_damage": false,
              "destroy_on_hit": true
            },
            "stick_in_ground": {
              "shake_time": 0.35
            },
            "arrow_effect": {
            }
          },
          "hit_sound": "bow.hit",
          "power": 1.6,
          "gravity": 0.05,
          "uncertainty_base": 16,
          "uncertainty_multiplier": 4,
          "anchor": 1,
          "should_bounce": true,
          "offset": [ 0, -0.1, 0 ]
        }
      },
      "minecraft:pillager_arrow": {
        "minecraft:projectile": {
          "on_hit": {
            "impact_damage": {
              "damage": [ 3, 6 ],
              "knockback": true,
              "semi_random_diff_damage": false,
              "destroy_on_hit": true
            },
            "stick_in_ground": {
              "shake_time": 0.35
            },
            "arrow_effect": {
            }
          },
          "hit_sound": "bow.hit",
          "power": 1.6,
          "gravity": 0.05,
          "uncertainty_base": 16,
          "uncertainty_multiplier": 4,
          "anchor": 1,
          "should_bounce": true,
          "offset": [ 0, -0.1, 0 ]
        }
      }
    },
    "components": {
      "minecraft:collision_box": {
        "width": 0.25,
        "height": 0.25
      },
      "minecraft:hurt_on_condition": {
        "damage_conditions": [
          {
            "filters": { "test": "in_lava", "subject": "self", "operator": "==", "value": true },
            "cause": "lava",
            "damage_per_tick": 4
          }
        ]
      },
      "minecraft:projectile": {
        "on_hit": {
          "impact_damage": {
            "damage": [ 1, 5 ],
            "knockback": true,
            "semi_random_diff_damage": false,
            "destroy_on_hit": true
          },
          "stick_in_ground": {
            "shake_time" : 0.35
          },
          "arrow_effect": {
          }
        },
        "hit_sound": "bow.hit",
        "power": 1.6,
        "gravity": 0.05,
        "uncertainty_base": 16,
        "uncertainty_multiplier": 4,
        "anchor": 1,
        "should_bounce": true,
        "offset": [ 0, -0.1, 0 ]
      },
      "minecraft:physics": {
      },
      "minecraft:pushable": {
        "is_pushable": false,
        "is_pushable_by_piston": true
      }
    },

    "events": {
      "minecraft:entity_spawned": {
        "sequence": [
          {
            "filters": {"test": "is_difficulty", "value": "hard"},
            "add": {
              "component_groups": [ "minecraft:hard_arrow" ]
            }
          },
          {
            "filters": {"test": "is_family", "subject": "other", "value": "player"},
            "add": {
              "component_groups" : [ "minecraft:player_arrow" ]
            }
          },
          {
            "filters": {"test": "is_family", "subject": "other", "value": "player_illager"},
            "add": {
              "component_groups" : [ "minecraft:player_arrow" ]
            }
          },
          {
            "filters": {"test": "is_family", "subject": "other", "value": "illusioner_illager"},
            "add": {
              "component_groups" : [ "minecraft:illusioner_arrow" ]
            }
          },
          {
            "filters": {"test": "is_family", "subject": "other", "value": "illusion_illager"},
            "add": {
              "component_groups" : [ "minecraft:illusion_arrow" ]
            }
          },
          {
            "filters": {"test": "is_family", "subject": "other", "value": "clone_illager"},
            "add": {
              "component_groups" : [ "minecraft:clone_arrow" ]
            }
          },
          {
            "filters": {"test": "is_family", "subject": "other", "value": "pillager"},
            "add": {
              "component_groups": [ "minecraft:pillager_arrow" ]
            }
          },
          {
            "filters": {"test": "is_family", "subject": "other", "value": "archer"},
            "add": {
              "component_groups": [ "minecraft:archer_arrow" ]
            }
          },
          {
            "filters": {"test": "is_family", "subject": "other", "value": "fallen"},
            "add": {
              "component_groups": [ "minecraft:fallen_arrow" ]
            }
          },
          {
            "filters": {"test": "is_family", "subject": "other", "value": "trader"},
            "add": {
              "component_groups": [ "minecraft:trader_arrow" ]
            }
          },
          {
            "filters": {"test": "is_family", "subject": "other", "value": "crossbow"},
            "add": {
              "component_groups": [ "minecraft:crossbow_arrow" ]
            }
          }
        ]
      }
    }
  }
}