{
  "format_version": "1.13.0",
  "minecraft:entity": {
    "description": {
      "identifier": "mobs:arrow",
		"runtime_identifier": "minecraft:snowball",
      "is_spawnable": false,
      "is_summonable": true,
      "is_experimental": false
    },
    "component_groups": {
      "minecraft:false_illager": {
        "minecraft:projectile": {
          "on_hit": {
            "impact_damage": {
              "damage": 0,
              "knockback": true,
              "semi_random_diff_damage": false,
              "destroy_on_hit": true
            },
             "mob_effect": {
               "effect": "blindness",
               "durationeasy": 30,
               "durationnormal": 50,
               "durationhard": 70,
               "amplifier": 0
             }
          },
          "remove_on_hit": { },
          "hit_sound": "bow.hit",
          "power": 1.8,
          "gravity": 0.05,
          "uncertainty_base": 1,
          "uncertainty_multiplier": 0,
          "anchor": 1,
          "should_bounce": true,
          "offset": [ 0, -0.1, 0 ]
        }
      }
    },
    "components": {
      "minecraft:collision_box": {
        "width": 0.25,
        "height": 0.25
      },
      "minecraft:hurt_on_condition": {
        "damage_conditions": [
          {
            "filters": { "test": "in_lava", "subject": "self", "operator": "==", "value": true },
            "cause": "lava",
            "damage_per_tick": 4
          }
        ]
      },
      "minecraft:projectile": {
        "on_hit": {
          "impact_damage": {
            "damage": 0,
            "knockback": true,
            "semi_random_diff_damage": false,
            "destroy_on_hit": true
          },
          "stick_in_ground": {
            "shake_time" : 0.35
          }
        },
        "hit_sound": "bow.hit",
        "power": 1.6,
        "gravity": 0.05,
        "uncertainty_base": 16,
        "uncertainty_multiplier": 4,
        "anchor": 1,
        "should_bounce": true,
        "offset": [ 0, -0.1, 0 ]
      },
      "minecraft:physics": {
      },
      "minecraft:pushable": {
        "is_pushable": false,
        "is_pushable_by_piston": true
      }
    },
    "events": {
      "minecraft:entity_spawned": {
        "sequence": [
          {
            "filters": {"test": "is_family", "subject": "other", "value": "false_illager"},
            "add": {
              "component_groups" : [ "minecraft:false_illager" ]
            }
          }
        ]
      }
    }
  }
}