{
  "format_version":"1.8.0",
  "minecraft:entity":{
    "description":{
      "identifier":"mobs:firework_explosion",
      "is_spawnable":false,
      "is_summonable":true,
      "is_experimental":false,
      "scripts":{
        "animate":[ "explosion" ]
      },
      "animations":{
        "explosion":"controller.animation.explosion"
      }
    },
    "component_groups":{
      "minecraft:despawn":{
        "minecraft:type_family":{
          "family":[ "explode", "firework", "spell" ]
        }
      }
    },
    "components":{
      "minecraft:despawn":{
        "filters":{
          "all_of":[
            {
              "test":"is_family",
              "subject":"self",
              "value":"explode"
            }
          ]
        }
      },
      "minecraft:type_family":{
         "family":[ "spell", "firework" ]
      },
      "minecraft:damage_sensor":[
        {
          "cause":"all",
          "deals_damage":false
        }
      ],
      "minecraft:scale":{
        "value":0.5
      },
      "minecraft:behavior.knockback_roar":{
        "priority":0,
        "duration":0.1,
        "attack_time":0.1,
        "knockback_damage":4,
        "knockback_strength":1,
        "knockback_range":4,
        "knockback_filters":{
          "test":"is_family",
          "subject":"other",
          "operator":"!=",
          "value":"villager"
        },
        "damage_filters":{
          "test":"is_family",
          "subject":"other",
          "operator":"!=",
          "value":"villager"
        },
        "on_roar_end":{
          "event":"minecraft:event_despawn"
        },
        "cooldown_time":10
      },
      "minecraft:collision_box":{
        "width":0.25,
        "height":0.25
      }
    },
    "events":{
      "minecraft:event_despawn":{
        "add":{
          "component_groups":[
            "minecraft:despawn"
          ]
        }
      }
    }
  }
}