{
  "format_version":"1.16.0",
  "minecraft:entity":{
    "description":{
      "identifier":"mobs:firework",
      "is_spawnable":false,
      "is_summonable":true,
      "is_experimental":false,
      "runtime_identifier":"minecraft:dragon_fireball",
      "scripts":{
        "animate":[ "trail" ]
      },
      "animations":{
        "trail":"controller.animation.trail"
      }
    },
    "component_groups":{
      "minecraft:despawn":{
        "minecraft:type_family":{
          "family":[ "fireworks" ]
        }
      },
      "minecraft:exploding":{
        "minecraft:transformation":{
          "into":"mobs:firework_explosion",
          "transformation_sound":"twinkle"
        },
        "minecraft:type_family":{
          "family":[ "fireworks" ]
        }
      }
    },
    "components":{
      "minecraft:collision_box":{
        "width":0.31,
        "height":0.31
      },
      "minecraft:projectile":{
        "on_hit":{
          "definition_event":{
            "affectProjectile":true,
            "eventTrigger":{
              "event":"minecraft:explode",
              "target":"self"
            }
          }
        },
        "power":1.65,
        "liquid_inertia": 0.85,
        "gravity":0.02,
        "uncertainty_base":0,
        "uncertainty_multiplier":0,
        "shoot_sound":"launch",
        "hit_sound":"blast",
        "offset":[ 0, 1, 0 ],
        "angleoffset":0.0
      },
      "minecraft:timer":{
        "looping":true,
        "time": [ 4, 5 ],
        "time_down_event":{
          "event":"minecraft:explode"
        }
      },
      "minecraft:despawn":{
        "filters":{
          "all_of":[
            {
              "test":"is_family",
              "subject":"self",
              "value":"fireworks"
            }
          ]
        }
      },
      "minecraft:physics":{ 
      },
      "minecraft:pushable":{
        "is_pushable":false,
        "is_pushable_by_piston":true
      },
      "minecraft:conditional_bandwidth_optimization":{
        "default_values":{
          "max_optimized_distance":80.0,
          "max_dropped_ticks":10,
          "use_motion_prediction_hints":true
        }
      }
    },
    "events":{
      "minecraft:event_despawn":{
        "add":{
          "component_groups":[
            "minecraft:despawn"
          ]
        }
      },
      "minecraft:explode":{
        "add":{
          "component_groups":[
            "minecraft:exploding"
          ]
        }
      }
    }
  }
}