{
  "format_version": "1.16.0",
  "minecraft:entity": {
    "description": {
      "identifier": "minecraft:snowball",
      "is_spawnable": false,
      "is_summonable": true,
      "is_experimental": false
    },
    "component_groups": {
      "snow_golem_ball": {
         "minecraft:projectile": {
           "on_hit": {
             "impact_damage": {
               "damage": [3,4],
               "knockback": true
             },
             "remove_on_hit": { },
             "particle_on_hit": {
              "particle_type": "snowballpoof",
              "num_particles": 6,
              "on_entity_hit": true,
              "on_other_hit": true
            }
          },
          "anchor": 1,
          "power": 1.7,
          "gravity": 0.03,
          "angle_offset": 0.0,
          "offset": [ 0, -0.1, 0 ]
        }
      },
      "snowing_ball": {
         "minecraft:projectile": {
           "on_hit": {
             "impact_damage": {
               "damage": 2,
               "knockback": true
             },
             "mob_effect": {
               "effect": "slowness",
               "durationeasy": 50,
               "durationnormal": 50,
               "durationhard": 50,
               "amplifier": 1
             },
             "remove_on_hit": { },
             "particle_on_hit": {
              "particle_type": "snowballpoof",
              "num_particles": 6,
              "on_entity_hit": true,
              "on_other_hit": true
            }
          },
          "anchor": 1,
          "power": 1.7,
          "gravity": 0.03,
          "angle_offset": 0.0,
          "offset": [ 0, -0.1, 0 ]
        }
      }
    },
    "components": {
      "minecraft:collision_box": {
        "width": 0.25,
        "height": 0.25
      },
      "minecraft:projectile": {
        "on_hit": {
          "impact_damage": {
            "damage": 2,
            "knockback": true
          },
          "remove_on_hit": { },
          "particle_on_hit": {
            "particle_type": "snowballpoof",
            "num_particles": 6,
            "on_entity_hit": true,
            "on_other_hit": true
          }
        },
        "anchor": 1,
        "power": 1.5,
        "gravity": 0.03,
        "angle_offset": 0.0,
        "offset": [ 0, -0.1, 0 ]
      },
	    "minecraft:physics": {
      },
      "minecraft:pushable": {
        "is_pushable": true,
        "is_pushable_by_piston": true
      }
    },
   "events": {
      "minecraft:entity_spawned": {
        "sequence": [
          {
            "filters": {"test": "is_family", "subject": "other", "value": "snowgolem"},
            "add": {
              "component_groups": [ "snow_golem_ball" ]
            }
          },
          {
            "filters": {"test": "is_family", "subject": "other", "value": "snowing"},
            "add": {
              "component_groups": [ "snowing_ball" ]
            }
          }
        ]
      }
    }
  }
}
