{
  "format_version": "1.12.0",
	"minecraft:entity": {
    "description": {
      "identifier": "minecraft:thrown_trident",
      "is_spawnable": false,
      "is_summonable": false,
      "is_experimental": false
    },
    "component_groups": {
      "minecraft:lord_trident": {
			"minecraft:projectile": {
				"on_hit": {
					"impact_damage": {
						"damage": 13,
						"knockback": true,
						"semi_random_diff_damage": false,
						"destroy_on_hit": true
					},
					"stick_in_ground": {
						"shake_time" : 0
					}
				},
				"liquid_inertia": 0.99,
				"hit_sound": "item.trident.hit",
				"hit_ground_sound": "item.trident.hit_ground",
				"power": 4,
				"gravity": 0.10,
				"uncertainty_base": 1,
				"uncertainty_multiplier": 0,
				"stop_on_hurt": true,
				"anchor": 1,
				"should_bounce": true,
				"multiple_targets": false,
				"offset": [ 0, -0.1, 0 ]
			}
      },
      "minecraft:tridentman_trident:": {
			"minecraft:projectile": {
				"on_hit": {
					"impact_damage": {
						"damage": 8,
						"knockback": true,
						"semi_random_diff_damage": false,
						"destroy_on_hit": true
					},
					"stick_in_ground": {
						"shake_time" : 0
					}
				},
				"liquid_inertia": 0.99,
				"hit_sound": "item.trident.hit",
				"hit_ground_sound": "item.trident.hit_ground",
				"power": 3.5,
				"gravity": 0.10,
				"uncertainty_base": 1,
	   		"uncertainty_multiplier": 0,
   			"stop_on_hurt": true,
	   		"anchor": 1,
	   		"should_bounce": true,
	   		"multiple_targets": false,
	   		"offset": [ 0, -0.1, 0 ]
   		}
      }
    },
		"components": {
			"minecraft:collision_box": {
				"width": 0.25,
				"height": 0.35
			},
			"minecraft:projectile": {
				"on_hit": {
					"impact_damage": {
						"damage": 8,
						"knockback": true,
						"semi_random_diff_damage": false,
						"destroy_on_hit": false
					},
					"stick_in_ground": {
						"shake_time" : 0
					}
				},
				"liquid_inertia": 0.99,
				"hit_sound": "item.trident.hit",
				"hit_ground_sound": "item.trident.hit_ground",
				"power": 4,
				"gravity": 0.10,
				"uncertainty_base": 1,
				"uncertainty_multiplier": 0,
				"stop_on_hurt": true,
				"anchor": 1,
				"should_bounce": true,
				"multiple_targets": false,
				"offset": [ 0, -0.1, 0 ]
			},
			"minecraft:physics": {
			},
			"minecraft:pushable": {
				"is_pushable": true,
				"is_pushable_by_piston": true
			}
		},
    "events": {
      "minecraft:entity_spawned": {
        "sequence": [
          {
            "filters": {"test": "is_family", "subject": "other", "value": "lord"},
            "add": {
              "component_groups": [ "minecraft:lord_trident" ]
            }
          },
          {
            "filters": {"test": "is_family", "subject": "other", "value": "tridentman"},
            "add": {
              "component_groups": [ "minecraft:tridentman_trident" ]
            }
          }
        ]
      }
    }
  }
}