{
  "pools": [
    {
      "rolls": {
        "min": 1,
        "max": 1
      },
      "entries": [
        {
          "type": "item",
                    "weight": 1,
                    "functions": [
                        {
                            "function": "set_count",
                            "count": 1,
                            "add": false
                        },
                        {
                            "function": "set_damage",
                            "damage": {
                                "min": 0.3,
                                "max": 0.5
                            },
                            "add": false
                        },
                        {
                            "function": "enchant_with_levels",
                            "levels": {
                                "min": 30,
                                "max": 50.0
                            },
                            "treasure": true
                        }
                    ],
                    "name": "minecraft:diamond_pickaxe"
                },
                {
                  "type": "item",
                    "weight": 4,
                    "functions": [
                        {
                            "function": "set_count",
                            "count": 1,
                            "add": false
                        },
                        {
                            "function": "set_damage",
                            "damage": {
                                "min": 0.8,
                                "max": 0.9
                            },
                            "add": false
                        },
                        {
                            "function": "enchant_with_levels",
                            "levels": {
                                "min": 30,
                                "max": 50.0
                            },
                            "treasure": true
                        }
                    ],
                    "name": "minecraft:iron_pickaxe"
                }
              ]
            }
          ]
        }