{
   "creative" : {
      "event_name" : "music.game.creative",
      "max_delay" : 180,
      "min_delay" : 60
   },
   "credits" : {
      "event_name" : "music.game.credits",
      "max_delay" : 0,
      "min_delay" : 0
   },
   "crimson_forest" : {
      "event_name" : "music.game.crimson_forest",
      "max_delay" : 180,
      "min_delay" : 60
   },
   "end" : {
      "event_name" : "music.game.end",
      "max_delay" : 180,
      "min_delay" : 60
   },
   "endboss" : {
      "event_name" : "music.game.endboss",
      "max_delay" : 180,
      "min_delay" : 60
   },
   "game" : {
      "event_name" : "music.game",
      "max_delay" : 1200,
      "min_delay" : 600
   },
   "hell" : {
      "event_name" : "music.game.nether_wastes",
      "max_delay" : 180,
      "min_delay" : 60
   },
   "menu" : {
      "event_name" : "music.menu",
      "max_delay" : 30,
      "min_delay" : 0
   },
   "nether" : {
      "event_name" : "music.game.nether",
      "max_delay" : 180,
      "min_delay" : 60
   },
   "soulsand_valley" : {
      "event_name" : "music.game.soulsand_valley",
      "max_delay" : 180,
      "min_delay" : 60
   },
   "water" : {
      "event_name" : "music.game.water",
      "max_delay" : 20,
      "min_delay" : 10
   }
}
