{
  "music": {
    "category": "music",
    "sounds": [
      "sounds/music"
    ]
  },
  "die.jump": {
    "category": "mob",
    "sounds": [
      "sounds/catch/jump"
    ]
  },
  "jump2": {
    "category": "music",
    "sounds": [
      "sounds/jump2"
    ]
  },
  "talking1": {
    "category": "music",
    "sounds": [
      "sounds/talking1"
    ]
  },
  "walk": {
    "category": "music",
    "sounds": [
      "sounds/walk"
    ]
  },
  "talking2": {
    "category": "music",
    "sounds": [
      "sounds/talking2"
    ]
  },
  "talking3": {
    "category": "music",
    "sounds": [
      "sounds/talking3"
    ]
  },
  "scream": {
    "category": "music",
    "sounds": [
      "sounds/scream"
    ]
  },
  "giggle1": {
    "category": "music",
    "sounds": [
      "sounds/giggle1"
    ]
  },
  "slendrina_scare": {
    "category": "music",
    "sounds": [
      "sounds/slendrina_scare"
    ]
  },
  "forest": {
    "category": "music",
    "sounds": [
      "sounds/forest"
    ]
  },
  "lock": {
    "category": "music",
    "sounds": [
      "sounds/lock"
    ]
  },
  "background": {
    "category": "music",
    "volume": 0.7,
    "sounds": [
      "sounds/background"
    ]
  },
  "ambient": {
    "category": "music",
    "volume": 0.5,
    "sounds": [
      "sounds/ambient"
    ]
  },
  "micro": {
    "category": "music",
    "sounds": [
      "sounds/micro"
    ]
  },
  "elec": {
    "category": "music",
    "sounds": [
      "sounds/elec"
    ]
  },
  "drop": {
    "category": "music",
    "sounds": [
      "sounds/drop"
    ]
  },
  "cam": {
    "category": "music",
    "sounds": [
      "sounds/cam"
    ]
  },
  "secret": {
    "category": "music",
    "sounds": [
      "sounds/secret"
    ]
  },
  "tip": {
    "category": "music",
    "sounds": [
      "sounds/tip"
    ]
  },
  "radio": {
    "max_distance": 10.0,
    "sounds": [
      "sounds/radio"
    ]
  },
  "tube": {
    "category": "music",
    "sounds": [
      "sounds/tube"
    ]
  },
  "iron": {
    "category": "music",
    "sounds": [
      "sounds/iron"
    ]
  },
  "tik": {
    "max_distance": 8.0,
    "sounds": [
      "sounds/tik"
    ]
  },
  "hit": {
    "category": "music",
    "sounds": [
      "sounds/hit"
    ]
  },
  "sfx": {
    "category": "music",
    "sounds": [
      "sounds/sfx"
    ]
  },
  "sfx2": {
    "category": "music",
    "sounds": [
      "sounds/sfx2"
    ]
  },
  "sfx3": {
    "category": "music",
    "sounds": [
      "sounds/sfx3"
    ]
  },
  "day": {
    "category": "music",
    "sounds": [
      "sounds/day"
    ]
  },
  "ghost": {
    "category": "music",
    "sounds": [
      "sounds/ghost"
    ]
  },
  "catch": {
    "category": "music",
    "sounds": [
      "sounds/catch"
    ]
  },
  "box": {
    "category": "music",
    "sounds": [
      "sounds/box"
    ]
  },
  "drawer": {
    "category": "music",
    "sounds": [
      "sounds/drawer"
    ]
  },
  "sound.trap": {
    "category": "mob",
    "sounds": [
      "sounds/trapdie"
    ]
  },
  "trap": {
    "category": "music",
    "sounds": [
      "sounds/trap"
    ]
  },
  "granny.sound": {
    "max_distance": 20.0,
    "category": "mob",
    "sounds": [
      "sounds/granny/grannysay1",
      "sounds/granny/grannysay2",
      "sounds/granny/grannysay3",
      "sounds/granny/grannysay4",
      "sounds/granny/grannysay5"
    ]
  },
  "sound.step": {
    "max_distance": 15.0,
    "category": "mob",
    "sounds": [
      "sounds/step/stone1",
      "sounds/step/stone2",
      "sounds/step/stone3",
      "sounds/step/stone4",
      "sounds/step/stone5",
      "sounds/step/stone6"
    ]
  }
}
