{
  "format_version": "1.8.0",
  "minecraft:client_entity": {
    "description": {
      "identifier": "mobs:raven",
      "materials": { "default": "parrot" },
      "textures": {
        "default": "textures/entity/creatures/raven"
      },
      "geometry": {
        "default": "geometry.raven"
      },
      "scripts": {
        "pre_animation": [
          "variable.state = query.is_dancing ? 3 : (query.is_sitting ? 2 : (!query.is_on_ground && !query.is_jumping && !query.is_riding ? 0 : 1));"
        ]
      },
      "animations": {
        "moving": "animation.raven.moving",
        "base": "animation.raven.base",
        "dance": "animation.raven.dance",
        "sitting": "animation.raven.sitting",
        "flying": "animation.raven.flying",
        "standing": "animation.raven.standing",
        "look_at_target": "animation.common.look_at_target"
      },
      "animation_controllers": [
        { "setup": "controller.animation.parrot.setup" },
        { "move": "controller.animation.parrot.move" }
      ],
      "render_controllers": [ "controller.render.lilyfin" ],
      "spawn_egg": {
        "texture": "spawn_egg",
        "texture_index": 18
      }
    }
  }
}
