{
	"format_version": "1.10.0",
	"animation_controllers": {
		"controller.animation.bridge_break_tree.execute_commands": {
			"states": {
				"default": {
					"transitions": [
						{
							"tale": "query.mark_variant == 1"
						},
						{
							"roble": "query.variant == 1"
						},
						{
							"abeto": "query.variant == 2"
						},
						{
							"abedul": "query.variant == 3"
						},
						{
							"jungla": "query.variant == 4"
						},
						{
							"acacia": "query.variant == 5"
						}
					]
				},
				"tale": {
					"transitions": [
						{
							"default": "query.mark_variant != 1"
						}
					],
					"on_entry": [
						"/function break_tree",
						"/playsound mob.villager.yes @a[r=12]"
					]
				},
				"roble": {
					"transitions": [
						{
							"default": "query.variant != 1"
						}
					],
					"on_entry": [
						"/setblock ~~~ sapling",
						"/say Roble"
					]
				},
				"abeto": {
					"transitions": [
						{
							"default": "query.variant != 2"
						}
					],
					"on_entry": [
						"/setblock ~~~ sapling 1",
						"/say Abeto"
					]
				},
				"abedul": {
					"transitions": [
						{
							"default": "query.variant != 3"
						}
					],
					"on_entry": [
						"/setblock ~~~ sapling 2",
						"/say Abedul"
					]
				},
				"jungla": {
					"transitions": [
						{
							"default": "query.variant != 4"
						}
					],
					"on_entry": [
						"/setblock ~~~ sapling 3",
						"/say Jungla"
					]
				},
				"acacia": {
					"transitions": [
						{
							"default": "query.variant != 5"
						}
					],
					"on_entry": [
						"/setblock ~~~ sapling 4",
						"/say Acacia"
					]
				}
			}
		}
	}
}