{
	"file_path": "C:\\Users\\TJ\\AppData\\Local\\Packages\\Microsoft.MinecraftUWP_8wekyb3d8bbwe\\LocalState\\games\\com.mojang\\development_resource_packs\\Mobs RP/entity/bat.entity.json",
	"file_type": "client_entity",
	"format_version": 1,
	"file_uuid": "0ff22b72_c7e4_42c5_8657_d5c12dac642a",
	"file_version": 0,
	"cache_content": {
		"children": [
			{
				"data": "1.8.0",
				"key": "format_version"
			},
			{
				"open": {
					"format_version": "1.8.0",
					"minecraft:client_entity": {
						"description": {
							"identifier": "minecraft:bat",
							"materials": {
								"default": "bat"
							},
							"textures": {
								"black": "textures/entity/creatures/bat/black_bat",
								"brown": "textures/entity/creatures/bat/brown_bat"
							},
							"geometry": {
								"default": "geometry.bat"
							},
							"scripts": {
								"scale": 0.35
							},
							"animations": {
								"resting": "animation.bat.resting",
								"flying": "animation.bat.flying"
							},
							"animation_controllers": [
								{
									"move": "controller.animation.bat.move"
								}
							],
							"render_controllers": [
								"controller.render.bat"
							],
							"spawn_egg": {
								"texture": "spawn_egg",
								"texture_index": 18
							}
						}
					}
				},
				"key": "minecraft:client_entity",
				"children": [
					{
						"open": {
							"description": {
								"identifier": "minecraft:bat",
								"materials": {
									"default": "bat"
								},
								"textures": {
									"black": "textures/entity/creatures/bat/black_bat",
									"brown": "textures/entity/creatures/bat/brown_bat"
								},
								"geometry": {
									"default": "geometry.bat"
								},
								"scripts": {
									"scale": 0.35
								},
								"animations": {
									"resting": "animation.bat.resting",
									"flying": "animation.bat.flying"
								},
								"animation_controllers": [
									{
										"move": "controller.animation.bat.move"
									}
								],
								"render_controllers": [
									"controller.render.bat"
								],
								"spawn_egg": {
									"texture": "spawn_egg",
									"texture_index": 18
								}
							}
						},
						"key": "description",
						"children": [
							{
								"data": "minecraft:bat",
								"key": "identifier"
							},
							{
								"key": "materials",
								"is_minified": true,
								"children": {
									"default": "bat"
								}
							},
							{
								"open": {
									"identifier": "minecraft:bat",
									"materials": {
										"default": "bat"
									},
									"textures": {
										"black": "textures/entity/creatures/bat/black_bat",
										"brown": "textures/entity/creatures/bat/brown_bat"
									},
									"geometry": {
										"default": "geometry.bat"
									},
									"scripts": {
										"scale": 0.35
									},
									"animations": {
										"resting": "animation.bat.resting",
										"flying": "animation.bat.flying"
									},
									"animation_controllers": [
										{
											"move": "controller.animation.bat.move"
										}
									],
									"render_controllers": [
										"controller.render.bat"
									],
									"spawn_egg": {
										"texture": "spawn_egg",
										"texture_index": 18
									}
								},
								"key": "textures",
								"is_minified": true,
								"children": {
									"black": "textures/entity/creatures/bat/black_bat",
									"brown": "textures/entity/creatures/bat/brown_bat"
								}
							},
							{
								"open": {
									"identifier": "minecraft:bat",
									"materials": {
										"default": "bat"
									},
									"textures": {
										"black": "textures/entity/creatures/bat/black_bat",
										"brown": "textures/entity/creatures/bat/brown_bat"
									},
									"geometry": {
										"default": "geometry.bat"
									},
									"scripts": {
										"scale": 0.35
									},
									"animations": {
										"resting": "animation.bat.resting",
										"flying": "animation.bat.flying"
									},
									"animation_controllers": [
										{
											"move": "controller.animation.bat.move"
										}
									],
									"render_controllers": [
										"controller.render.bat"
									],
									"spawn_egg": {
										"texture": "spawn_egg",
										"texture_index": 18
									}
								},
								"key": "geometry",
								"is_minified": true,
								"children": {
									"default": "geometry.bat"
								}
							},
							{
								"key": "scripts",
								"is_minified": true,
								"children": {
									"scale": 0.35
								}
							},
							{
								"key": "animations",
								"is_minified": true,
								"children": {
									"resting": "animation.bat.resting",
									"flying": "animation.bat.flying"
								}
							},
							{
								"key": "animation_controllers",
								"is_minified": true,
								"children": [
									{
										"move": "controller.animation.bat.move"
									}
								]
							},
							{
								"key": "render_controllers",
								"is_minified": true,
								"children": [
									"controller.render.bat"
								]
							},
							{
								"key": "spawn_egg",
								"is_minified": true,
								"children": {
									"texture": "spawn_egg",
									"texture_index": 18
								}
							}
						]
					}
				]
			}
		]
	}
}