{
	"file_path": "C:\\Users\\TJ\\AppData\\Local\\Packages\\Microsoft.MinecraftUWP_8wekyb3d8bbwe\\LocalState\\games\\com.mojang\\development_resource_packs\\Mobs RP\\entity\\passive_mobs\\camel.entity.json",
	"file_type": "client_entity",
	"format_version": 1,
	"file_uuid": "e5bdc661_4c3f_4268_9d3a_17396f46930e",
	"file_version": 5,
	"cache_content": {
		"children": [
			{
				"data": "1.8.0",
				"key": "format_version"
			},
			{
				"open": {
					"format_version": "1.8.0",
					"minecraft:client_entity": {
						"description": {
							"identifier": "mobs:camel",
							"materials": {
								"default": "llama"
							},
							"geometry": {
								"default": "geometry.camel"
							},
							"textures": {
								"default": "textures/entity/creatures/camel/camel",
								"brown": "textures/entity/creatures/camel/camel_brown",
								"decor_none": "textures/entity/llama/decor/decor_none",
								"decor_white": "textures/entity/llama/decor/decor_white",
								"decor_orange": "textures/entity/llama/decor/decor_orange",
								"decor_magenta": "textures/entity/llama/decor/decor_magenta",
								"decor_light_blue": "textures/entity/llama/decor/decor_light_blue",
								"decor_yellow": "textures/entity/llama/decor/decor_yellow",
								"decor_lime": "textures/entity/llama/decor/decor_lime",
								"decor_pink": "textures/entity/llama/decor/decor_pink",
								"decor_gray": "textures/entity/llama/decor/decor_gray",
								"decor_silver": "textures/entity/llama/decor/decor_silver",
								"decor_cyan": "textures/entity/llama/decor/decor_cyan",
								"decor_purple": "textures/entity/llama/decor/decor_purple",
								"decor_blue": "textures/entity/llama/decor/decor_blue",
								"decor_brown": "textures/entity/llama/decor/decor_brown",
								"decor_green": "textures/entity/llama/decor/decor_green",
								"decor_red": "textures/entity/llama/decor/decor_red",
								"decor_black": "textures/entity/llama/decor/decor_black",
								"decor_wandering_trader": "textures/entity/llama/decor/trader_llama_decor"
							},
							"animations": {
								"setup": "animation.llama.setup.v1.0",
								"walk": "animation.quadruped.walk",
								"look_at_target": "animation.common.look_at_target",
								"baby_transform": "animation.llama.baby_transform.v1.0"
							},
							"animation_controllers": [
								{
									"move": "controller.animation.llama.move"
								},
								{
									"baby": "controller.animation.llama.baby"
								}
							],
							"render_controllers": [
								"controller.render.camel"
							],
							"spawn_egg": {
								"texture": "spawn_egg",
								"texture_index": 38
							}
						}
					}
				},
				"key": "minecraft:client_entity",
				"children": [
					{
						"open": {
							"description": {
								"identifier": "mobs:camel",
								"materials": {
									"default": "llama"
								},
								"geometry": {
									"default": "geometry.camel"
								},
								"textures": {
									"default": "textures/entity/creatures/camel/camel",
									"brown": "textures/entity/creatures/camel/camel_brown",
									"decor_none": "textures/entity/llama/decor/decor_none",
									"decor_white": "textures/entity/llama/decor/decor_white",
									"decor_orange": "textures/entity/llama/decor/decor_orange",
									"decor_magenta": "textures/entity/llama/decor/decor_magenta",
									"decor_light_blue": "textures/entity/llama/decor/decor_light_blue",
									"decor_yellow": "textures/entity/llama/decor/decor_yellow",
									"decor_lime": "textures/entity/llama/decor/decor_lime",
									"decor_pink": "textures/entity/llama/decor/decor_pink",
									"decor_gray": "textures/entity/llama/decor/decor_gray",
									"decor_silver": "textures/entity/llama/decor/decor_silver",
									"decor_cyan": "textures/entity/llama/decor/decor_cyan",
									"decor_purple": "textures/entity/llama/decor/decor_purple",
									"decor_blue": "textures/entity/llama/decor/decor_blue",
									"decor_brown": "textures/entity/llama/decor/decor_brown",
									"decor_green": "textures/entity/llama/decor/decor_green",
									"decor_red": "textures/entity/llama/decor/decor_red",
									"decor_black": "textures/entity/llama/decor/decor_black",
									"decor_wandering_trader": "textures/entity/llama/decor/trader_llama_decor"
								},
								"animations": {
									"setup": "animation.llama.setup.v1.0",
									"walk": "animation.quadruped.walk",
									"look_at_target": "animation.common.look_at_target",
									"baby_transform": "animation.llama.baby_transform.v1.0"
								},
								"animation_controllers": [
									{
										"move": "controller.animation.llama.move"
									},
									{
										"baby": "controller.animation.llama.baby"
									}
								],
								"render_controllers": [
									"controller.render.camel"
								],
								"spawn_egg": {
									"texture": "spawn_egg",
									"texture_index": 38
								}
							}
						},
						"key": "description",
						"children": [
							{
								"open": {
									"identifier": "mobs:camel",
									"materials": {
										"default": "llama"
									},
									"geometry": {
										"default": "geometry.camel"
									},
									"textures": {
										"default": "textures/entity/creatures/camel/camel",
										"brown": "textures/entity/creatures/camel/camel_brown",
										"decor_none": "textures/entity/llama/decor/decor_none",
										"decor_white": "textures/entity/llama/decor/decor_white",
										"decor_orange": "textures/entity/llama/decor/decor_orange",
										"decor_magenta": "textures/entity/llama/decor/decor_magenta",
										"decor_light_blue": "textures/entity/llama/decor/decor_light_blue",
										"decor_yellow": "textures/entity/llama/decor/decor_yellow",
										"decor_lime": "textures/entity/llama/decor/decor_lime",
										"decor_pink": "textures/entity/llama/decor/decor_pink",
										"decor_gray": "textures/entity/llama/decor/decor_gray",
										"decor_silver": "textures/entity/llama/decor/decor_silver",
										"decor_cyan": "textures/entity/llama/decor/decor_cyan",
										"decor_purple": "textures/entity/llama/decor/decor_purple",
										"decor_blue": "textures/entity/llama/decor/decor_blue",
										"decor_brown": "textures/entity/llama/decor/decor_brown",
										"decor_green": "textures/entity/llama/decor/decor_green",
										"decor_red": "textures/entity/llama/decor/decor_red",
										"decor_black": "textures/entity/llama/decor/decor_black",
										"decor_wandering_trader": "textures/entity/llama/decor/trader_llama_decor"
									},
									"animations": {
										"setup": "animation.llama.setup.v1.0",
										"walk": "animation.quadruped.walk",
										"look_at_target": "animation.common.look_at_target",
										"baby_transform": "animation.llama.baby_transform.v1.0"
									},
									"animation_controllers": [
										{
											"move": "controller.animation.llama.move"
										},
										{
											"baby": "controller.animation.llama.baby"
										}
									],
									"render_controllers": [
										"controller.render.camel"
									],
									"spawn_egg": {
										"texture": "spawn_egg",
										"texture_index": 38
									}
								},
								"data": "mobs:camel",
								"key": "identifier"
							},
							{
								"open": {
									"identifier": "mobs:camel",
									"materials": {
										"default": "llama"
									},
									"geometry": {
										"default": "geometry.camel"
									},
									"textures": {
										"default": "textures/entity/creatures/camel/camel",
										"brown": "textures/entity/creatures/camel/camel_brown",
										"decor_none": "textures/entity/llama/decor/decor_none",
										"decor_white": "textures/entity/llama/decor/decor_white",
										"decor_orange": "textures/entity/llama/decor/decor_orange",
										"decor_magenta": "textures/entity/llama/decor/decor_magenta",
										"decor_light_blue": "textures/entity/llama/decor/decor_light_blue",
										"decor_yellow": "textures/entity/llama/decor/decor_yellow",
										"decor_lime": "textures/entity/llama/decor/decor_lime",
										"decor_pink": "textures/entity/llama/decor/decor_pink",
										"decor_gray": "textures/entity/llama/decor/decor_gray",
										"decor_silver": "textures/entity/llama/decor/decor_silver",
										"decor_cyan": "textures/entity/llama/decor/decor_cyan",
										"decor_purple": "textures/entity/llama/decor/decor_purple",
										"decor_blue": "textures/entity/llama/decor/decor_blue",
										"decor_brown": "textures/entity/llama/decor/decor_brown",
										"decor_green": "textures/entity/llama/decor/decor_green",
										"decor_red": "textures/entity/llama/decor/decor_red",
										"decor_black": "textures/entity/llama/decor/decor_black",
										"decor_wandering_trader": "textures/entity/llama/decor/trader_llama_decor"
									},
									"animations": {
										"setup": "animation.llama.setup.v1.0",
										"walk": "animation.quadruped.walk",
										"look_at_target": "animation.common.look_at_target",
										"baby_transform": "animation.llama.baby_transform.v1.0"
									},
									"animation_controllers": [
										{
											"move": "controller.animation.llama.move"
										},
										{
											"baby": "controller.animation.llama.baby"
										}
									],
									"render_controllers": [
										"controller.render.camel"
									],
									"spawn_egg": {
										"texture": "spawn_egg",
										"texture_index": 38
									}
								},
								"key": "materials",
								"is_minified": true,
								"children": {
									"default": "llama"
								}
							},
							{
								"open": {
									"identifier": "mobs:camel",
									"materials": {
										"default": "llama"
									},
									"geometry": {
										"default": "geometry.camel"
									},
									"textures": {
										"default": "textures/entity/creatures/camel/camel",
										"brown": "textures/entity/creatures/camel/camel_brown",
										"decor_none": "textures/entity/llama/decor/decor_none",
										"decor_white": "textures/entity/llama/decor/decor_white",
										"decor_orange": "textures/entity/llama/decor/decor_orange",
										"decor_magenta": "textures/entity/llama/decor/decor_magenta",
										"decor_light_blue": "textures/entity/llama/decor/decor_light_blue",
										"decor_yellow": "textures/entity/llama/decor/decor_yellow",
										"decor_lime": "textures/entity/llama/decor/decor_lime",
										"decor_pink": "textures/entity/llama/decor/decor_pink",
										"decor_gray": "textures/entity/llama/decor/decor_gray",
										"decor_silver": "textures/entity/llama/decor/decor_silver",
										"decor_cyan": "textures/entity/llama/decor/decor_cyan",
										"decor_purple": "textures/entity/llama/decor/decor_purple",
										"decor_blue": "textures/entity/llama/decor/decor_blue",
										"decor_brown": "textures/entity/llama/decor/decor_brown",
										"decor_green": "textures/entity/llama/decor/decor_green",
										"decor_red": "textures/entity/llama/decor/decor_red",
										"decor_black": "textures/entity/llama/decor/decor_black",
										"decor_wandering_trader": "textures/entity/llama/decor/trader_llama_decor"
									},
									"animations": {
										"setup": "animation.llama.setup.v1.0",
										"walk": "animation.quadruped.walk",
										"look_at_target": "animation.common.look_at_target",
										"baby_transform": "animation.llama.baby_transform.v1.0"
									},
									"animation_controllers": [
										{
											"move": "controller.animation.llama.move"
										},
										{
											"baby": "controller.animation.llama.baby"
										}
									],
									"render_controllers": [
										"controller.render.camel"
									],
									"spawn_egg": {
										"texture": "spawn_egg",
										"texture_index": 38
									}
								},
								"key": "geometry",
								"is_minified": true,
								"children": {
									"default": "geometry.camel"
								}
							},
							{
								"open": {
									"identifier": "mobs:camel",
									"materials": {
										"default": "llama"
									},
									"geometry": {
										"default": "geometry.camel"
									},
									"textures": {
										"default": "textures/entity/creatures/camel/camel",
										"brown": "textures/entity/creatures/camel/camel_brown",
										"decor_none": "textures/entity/llama/decor/decor_none",
										"decor_white": "textures/entity/llama/decor/decor_white",
										"decor_orange": "textures/entity/llama/decor/decor_orange",
										"decor_magenta": "textures/entity/llama/decor/decor_magenta",
										"decor_light_blue": "textures/entity/llama/decor/decor_light_blue",
										"decor_yellow": "textures/entity/llama/decor/decor_yellow",
										"decor_lime": "textures/entity/llama/decor/decor_lime",
										"decor_pink": "textures/entity/llama/decor/decor_pink",
										"decor_gray": "textures/entity/llama/decor/decor_gray",
										"decor_silver": "textures/entity/llama/decor/decor_silver",
										"decor_cyan": "textures/entity/llama/decor/decor_cyan",
										"decor_purple": "textures/entity/llama/decor/decor_purple",
										"decor_blue": "textures/entity/llama/decor/decor_blue",
										"decor_brown": "textures/entity/llama/decor/decor_brown",
										"decor_green": "textures/entity/llama/decor/decor_green",
										"decor_red": "textures/entity/llama/decor/decor_red",
										"decor_black": "textures/entity/llama/decor/decor_black",
										"decor_wandering_trader": "textures/entity/llama/decor/trader_llama_decor"
									},
									"animations": {
										"setup": "animation.llama.setup.v1.0",
										"walk": "animation.quadruped.walk",
										"look_at_target": "animation.common.look_at_target",
										"baby_transform": "animation.llama.baby_transform.v1.0"
									},
									"animation_controllers": [
										{
											"move": "controller.animation.llama.move"
										},
										{
											"baby": "controller.animation.llama.baby"
										}
									],
									"render_controllers": [
										"controller.render.camel"
									],
									"spawn_egg": {
										"texture": "spawn_egg",
										"texture_index": 38
									}
								},
								"key": "textures",
								"is_minified": true,
								"children": {
									"default": "textures/entity/creatures/camel/camel",
									"brown": "textures/entity/creatures/camel/camel_brown",
									"decor_none": "textures/entity/llama/decor/decor_none",
									"decor_white": "textures/entity/llama/decor/decor_white",
									"decor_orange": "textures/entity/llama/decor/decor_orange",
									"decor_magenta": "textures/entity/llama/decor/decor_magenta",
									"decor_light_blue": "textures/entity/llama/decor/decor_light_blue",
									"decor_yellow": "textures/entity/llama/decor/decor_yellow",
									"decor_lime": "textures/entity/llama/decor/decor_lime",
									"decor_pink": "textures/entity/llama/decor/decor_pink",
									"decor_gray": "textures/entity/llama/decor/decor_gray",
									"decor_silver": "textures/entity/llama/decor/decor_silver",
									"decor_cyan": "textures/entity/llama/decor/decor_cyan",
									"decor_purple": "textures/entity/llama/decor/decor_purple",
									"decor_blue": "textures/entity/llama/decor/decor_blue",
									"decor_brown": "textures/entity/llama/decor/decor_brown",
									"decor_green": "textures/entity/llama/decor/decor_green",
									"decor_red": "textures/entity/llama/decor/decor_red",
									"decor_black": "textures/entity/llama/decor/decor_black",
									"decor_wandering_trader": "textures/entity/llama/decor/trader_llama_decor"
								}
							},
							{
								"open": {
									"identifier": "mobs:camel",
									"materials": {
										"default": "llama"
									},
									"geometry": {
										"default": "geometry.camel"
									},
									"textures": {
										"default": "textures/entity/creatures/camel/camel",
										"brown": "textures/entity/creatures/camel/camel_brown",
										"decor_none": "textures/entity/llama/decor/decor_none",
										"decor_white": "textures/entity/llama/decor/decor_white",
										"decor_orange": "textures/entity/llama/decor/decor_orange",
										"decor_magenta": "textures/entity/llama/decor/decor_magenta",
										"decor_light_blue": "textures/entity/llama/decor/decor_light_blue",
										"decor_yellow": "textures/entity/llama/decor/decor_yellow",
										"decor_lime": "textures/entity/llama/decor/decor_lime",
										"decor_pink": "textures/entity/llama/decor/decor_pink",
										"decor_gray": "textures/entity/llama/decor/decor_gray",
										"decor_silver": "textures/entity/llama/decor/decor_silver",
										"decor_cyan": "textures/entity/llama/decor/decor_cyan",
										"decor_purple": "textures/entity/llama/decor/decor_purple",
										"decor_blue": "textures/entity/llama/decor/decor_blue",
										"decor_brown": "textures/entity/llama/decor/decor_brown",
										"decor_green": "textures/entity/llama/decor/decor_green",
										"decor_red": "textures/entity/llama/decor/decor_red",
										"decor_black": "textures/entity/llama/decor/decor_black",
										"decor_wandering_trader": "textures/entity/llama/decor/trader_llama_decor"
									},
									"animations": {
										"setup": "animation.llama.setup.v1.0",
										"walk": "animation.quadruped.walk",
										"look_at_target": "animation.common.look_at_target",
										"baby_transform": "animation.llama.baby_transform.v1.0"
									},
									"animation_controllers": [
										{
											"move": "controller.animation.llama.move"
										},
										{
											"baby": "controller.animation.llama.baby"
										}
									],
									"render_controllers": [
										"controller.render.camel"
									],
									"spawn_egg": {
										"texture": "spawn_egg",
										"texture_index": 38
									}
								},
								"key": "animations",
								"is_minified": true,
								"children": {
									"setup": "animation.llama.setup.v1.0",
									"walk": "animation.quadruped.walk",
									"look_at_target": "animation.common.look_at_target",
									"baby_transform": "animation.llama.baby_transform.v1.0"
								}
							},
							{
								"key": "animation_controllers",
								"is_minified": true,
								"children": [
									{
										"move": "controller.animation.llama.move"
									},
									{
										"baby": "controller.animation.llama.baby"
									}
								]
							},
							{
								"open": {
									"identifier": "mobs:camel",
									"materials": {
										"default": "llama"
									},
									"geometry": {
										"default": "geometry.camel"
									},
									"textures": {
										"default": "textures/entity/creatures/camel/camel",
										"brown": "textures/entity/creatures/camel/camel_brown",
										"decor_none": "textures/entity/llama/decor/decor_none",
										"decor_white": "textures/entity/llama/decor/decor_white",
										"decor_orange": "textures/entity/llama/decor/decor_orange",
										"decor_magenta": "textures/entity/llama/decor/decor_magenta",
										"decor_light_blue": "textures/entity/llama/decor/decor_light_blue",
										"decor_yellow": "textures/entity/llama/decor/decor_yellow",
										"decor_lime": "textures/entity/llama/decor/decor_lime",
										"decor_pink": "textures/entity/llama/decor/decor_pink",
										"decor_gray": "textures/entity/llama/decor/decor_gray",
										"decor_silver": "textures/entity/llama/decor/decor_silver",
										"decor_cyan": "textures/entity/llama/decor/decor_cyan",
										"decor_purple": "textures/entity/llama/decor/decor_purple",
										"decor_blue": "textures/entity/llama/decor/decor_blue",
										"decor_brown": "textures/entity/llama/decor/decor_brown",
										"decor_green": "textures/entity/llama/decor/decor_green",
										"decor_red": "textures/entity/llama/decor/decor_red",
										"decor_black": "textures/entity/llama/decor/decor_black",
										"decor_wandering_trader": "textures/entity/llama/decor/trader_llama_decor"
									},
									"animations": {
										"setup": "animation.llama.setup.v1.0",
										"walk": "animation.quadruped.walk",
										"look_at_target": "animation.common.look_at_target",
										"baby_transform": "animation.llama.baby_transform.v1.0"
									},
									"animation_controllers": [
										{
											"move": "controller.animation.llama.move"
										},
										{
											"baby": "controller.animation.llama.baby"
										}
									],
									"render_controllers": [
										"controller.render.camel"
									],
									"spawn_egg": {
										"texture": "spawn_egg",
										"texture_index": 38
									}
								},
								"key": "render_controllers",
								"is_minified": true,
								"children": [
									"controller.render.camel"
								]
							},
							{
								"key": "spawn_egg",
								"is_minified": true,
								"children": {
									"texture": "spawn_egg",
									"texture_index": 38
								}
							}
						]
					}
				]
			}
		]
	}
}