{
	"file_path": "C:\\Users\\TJ\\AppData\\Local\\Packages\\Microsoft.MinecraftUWP_8wekyb3d8bbwe\\LocalState\\games\\com.mojang\\development_resource_packs\\Mobs RP/entity/passive_mobs/pig.entity.json",
	"file_type": "client_entity",
	"format_version": 1,
	"file_uuid": "4cdf6159_e1aa_4349_894f_5b203c63c5fc",
	"file_version": 2,
	"cache_content": {
		"children": [
			{
				"data": "1.10.0",
				"key": "format_version"
			},
			{
				"open": {
					"format_version": "1.10.0",
					"minecraft:client_entity": {
						"description": {
							"identifier": "minecraft:pig",
							"materials": {
								"default": "pig"
							},
							"textures": {
								"default": "textures/entity/creatures/pig/pig",
								"pink": "textures/entity/creatures/pig/pink_pig",
								"saddled": "textures/entity/pig/pig_saddle"
							},
							"geometry": {
								"default": "geometry.pig.v1.8"
							},
							"animations": {
								"setup": "animation.pig.setup.v1.0",
								"walk": "animation.quadruped.walk",
								"look_at_target": "animation.common.look_at_target",
								"baby_transform": "animation.pig.baby_transform"
							},
							"scripts": {
								"animate": [
									"setup",
									{
										"walk": "query.modified_move_speed"
									},
									"look_at_target",
									{
										"baby_transform": "query.is_baby"
									}
								]
							},
							"render_controllers": [
								"controller.render.pig.v1.8"
							],
							"spawn_egg": {
								"texture": "spawn_egg",
								"texture_index": 2
							}
						}
					}
				},
				"key": "minecraft:client_entity",
				"children": [
					{
						"open": {
							"description": {
								"identifier": "minecraft:pig",
								"materials": {
									"default": "pig"
								},
								"textures": {
									"default": "textures/entity/creatures/pig/pig",
									"pink": "textures/entity/creatures/pig/pink_pig",
									"saddled": "textures/entity/pig/pig_saddle"
								},
								"geometry": {
									"default": "geometry.pig.v1.8"
								},
								"animations": {
									"setup": "animation.pig.setup.v1.0",
									"walk": "animation.quadruped.walk",
									"look_at_target": "animation.common.look_at_target",
									"baby_transform": "animation.pig.baby_transform"
								},
								"scripts": {
									"animate": [
										"setup",
										{
											"walk": "query.modified_move_speed"
										},
										"look_at_target",
										{
											"baby_transform": "query.is_baby"
										}
									]
								},
								"render_controllers": [
									"controller.render.pig.v1.8"
								],
								"spawn_egg": {
									"texture": "spawn_egg",
									"texture_index": 2
								}
							}
						},
						"key": "description",
						"children": [
							{
								"data": "minecraft:pig",
								"key": "identifier"
							},
							{
								"open": {
									"identifier": "minecraft:pig",
									"materials": {
										"default": "pig"
									},
									"textures": {
										"default": "textures/entity/creatures/pig/pig",
										"pink": "textures/entity/creatures/pig/pink_pig",
										"saddled": "textures/entity/pig/pig_saddle"
									},
									"geometry": {
										"default": "geometry.pig.v1.8"
									},
									"animations": {
										"setup": "animation.pig.setup.v1.0",
										"walk": "animation.quadruped.walk",
										"look_at_target": "animation.common.look_at_target",
										"baby_transform": "animation.pig.baby_transform"
									},
									"scripts": {
										"animate": [
											"setup",
											{
												"walk": "query.modified_move_speed"
											},
											"look_at_target",
											{
												"baby_transform": "query.is_baby"
											}
										]
									},
									"render_controllers": [
										"controller.render.pig.v1.8"
									],
									"spawn_egg": {
										"texture": "spawn_egg",
										"texture_index": 2
									}
								},
								"key": "materials",
								"is_minified": true,
								"children": {
									"default": "pig"
								}
							},
							{
								"open": {
									"identifier": "minecraft:pig",
									"materials": {
										"default": "pig"
									},
									"textures": {
										"default": "textures/entity/creatures/pig/pig",
										"pink": "textures/entity/creatures/pig/pink_pig",
										"saddled": "textures/entity/pig/pig_saddle"
									},
									"geometry": {
										"default": "geometry.pig.v1.8"
									},
									"animations": {
										"setup": "animation.pig.setup.v1.0",
										"walk": "animation.quadruped.walk",
										"look_at_target": "animation.common.look_at_target",
										"baby_transform": "animation.pig.baby_transform"
									},
									"scripts": {
										"animate": [
											"setup",
											{
												"walk": "query.modified_move_speed"
											},
											"look_at_target",
											{
												"baby_transform": "query.is_baby"
											}
										]
									},
									"render_controllers": [
										"controller.render.pig.v1.8"
									],
									"spawn_egg": {
										"texture": "spawn_egg",
										"texture_index": 2
									}
								},
								"key": "textures",
								"is_minified": true,
								"children": {
									"default": "textures/entity/creatures/pig/pig",
									"pink": "textures/entity/creatures/pig/pink_pig",
									"saddled": "textures/entity/pig/pig_saddle"
								}
							},
							{
								"open": {
									"identifier": "minecraft:pig",
									"materials": {
										"default": "pig"
									},
									"textures": {
										"default": "textures/entity/creatures/pig/pig",
										"pink": "textures/entity/creatures/pig/pink_pig",
										"saddled": "textures/entity/pig/pig_saddle"
									},
									"geometry": {
										"default": "geometry.pig.v1.8"
									},
									"animations": {
										"setup": "animation.pig.setup.v1.0",
										"walk": "animation.quadruped.walk",
										"look_at_target": "animation.common.look_at_target",
										"baby_transform": "animation.pig.baby_transform"
									},
									"scripts": {
										"animate": [
											"setup",
											{
												"walk": "query.modified_move_speed"
											},
											"look_at_target",
											{
												"baby_transform": "query.is_baby"
											}
										]
									},
									"render_controllers": [
										"controller.render.pig.v1.8"
									],
									"spawn_egg": {
										"texture": "spawn_egg",
										"texture_index": 2
									}
								},
								"key": "geometry",
								"is_minified": true,
								"children": {
									"default": "geometry.pig.v1.8"
								}
							},
							{
								"key": "animations",
								"is_minified": true,
								"children": {
									"setup": "animation.pig.setup.v1.0",
									"walk": "animation.quadruped.walk",
									"look_at_target": "animation.common.look_at_target",
									"baby_transform": "animation.pig.baby_transform"
								}
							},
							{
								"key": "scripts",
								"is_minified": true,
								"children": {
									"animate": [
										"setup",
										{
											"walk": "query.modified_move_speed"
										},
										"look_at_target",
										{
											"baby_transform": "query.is_baby"
										}
									]
								}
							},
							{
								"open": {
									"identifier": "minecraft:pig",
									"materials": {
										"default": "pig"
									},
									"textures": {
										"default": "textures/entity/creatures/pig/pig",
										"pink": "textures/entity/creatures/pig/pink_pig",
										"saddled": "textures/entity/pig/pig_saddle"
									},
									"geometry": {
										"default": "geometry.pig.v1.8"
									},
									"animations": {
										"setup": "animation.pig.setup.v1.0",
										"walk": "animation.quadruped.walk",
										"look_at_target": "animation.common.look_at_target",
										"baby_transform": "animation.pig.baby_transform"
									},
									"scripts": {
										"animate": [
											"setup",
											{
												"walk": "query.modified_move_speed"
											},
											"look_at_target",
											{
												"baby_transform": "query.is_baby"
											}
										]
									},
									"render_controllers": [
										"controller.render.pig.v1.8"
									],
									"spawn_egg": {
										"texture": "spawn_egg",
										"texture_index": 2
									}
								},
								"key": "render_controllers",
								"is_minified": true,
								"children": [
									"controller.render.pig.v1.8"
								]
							},
							{
								"key": "spawn_egg",
								"is_minified": true,
								"children": {
									"texture": "spawn_egg",
									"texture_index": 2
								}
							}
						]
					}
				]
			}
		]
	}
}