{
  "format_version": "1.8.0",
  "minecraft:spawn_rules": {
    "description": {
      "identifier": "mobs:crimson_flamelarva",
      "population_control": "animal"
    },
    "conditions": [
      {
        "minecraft:spawns_underground": {},

        "minecraft:spawns_on_block_prevented_filter": [
          "minecraft:nether_wart_block",
          "minecraft:shroomlight"
        ],
        "minecraft:difficulty_filter": {
          "min": "peaceful",
          "max": "hard"
        },

        "minecraft:weight": {
          "default": 10
        },

        "minecraft:herd": {
          "min_size": 2,
          "max_size": 4
        },

        "minecraft:biome_filter": {
          "test": "has_biome_tag", 
          "operator": "==", 
          "value": "crimson_forest" 
        }
      }
    ]
  }
}