{
  "format_version": "1.10.0",
  "minecraft:client_entity": {
    "description": {
      "identifier": "pvz:ppumpkin",
      "materials": { "default": "iron_golem" },
      "textures": {
        "default": "textures/entity/food/pumpkin/pumpkin",
        "medium_cracked": "textures/entity/food/pumpkin/medium_damage_pumpkin",
        "highly_cracked": "textures/entity/food/pumpkin/highly_damage_pumpkin"
      },
      "geometry": {
        "default": "geometry.ppumpkin"
      },
      "animations": {
        "move": "animation.plant.move"
      },
		 "scripts":{
			 "pre_animation":[
				 "variable.health_status = (Math.round((query.health / query.max_health) * ( 2.0 )));"
          ]
       },
      "render_controllers": [ "controller.render.twallnut" ],
      "spawn_egg": {
        "texture": "pvz_seeds",
        "texture_index": 4
      }
    }
  }
}