{
  "format_version": "1.8.0",
  "minecraft:client_entity": {
    "description": {
      "identifier": "pvz:suns",
      "materials": { "default": "skeleton" },
      "textures": {
        "default": "textures/items/sun"
      },
      "geometry": {
        "default": "geometry.suns"
      },
      "animations": {
        "move": "animation.suns.move"
      },
      "animation_controllers": [
        { "move": "controller.animation.mover.move" }
      ],
      "render_controllers": [ "controller.render.iron_golem" ],
      "spawn_egg": {
        "texture": "pvz_seeds",
        "texture_index": 4
      }
    }
  }
}