{
  "format_version": "1.10.0",
  "minecraft:client_entity": {
    "description": {
      "identifier": "dg:car_blue",
      "textures": {
        "default": "textures/entity/pamobile/dg_car_blue"
      },
      "materials": {
        "default": "skeleton"
      },
      "geometry": {
        "default": "geometry.dg_car_blue"
      },
      "render_controllers": [
        "controller.render.translucence"
      ],
      "spawn_egg": {
        "base_color": "#FFFFFF",
        "overlay_color": "#099CFF"
      },
      "animations": {
        "walk": "animation.simple_car.walk",
        "idle": "animation.simple_car.idle"
      },
      "scripts": {
        "animate": [
          "root",
          {
            "walk": "query.is_moving"
          },
          {
            "idle": "!query.is_moving"
          }
        ]
      }
    }
  }
}