{
  "format_version": "1.8.0",
  "minecraft:client_entity": {
    "description": {
      "identifier": "dg:lamborghini_black",
      "materials": {
        "default": "cars"
      },
      "textures": {
        "default": "textures/entity/pamobile/dg_lamborghini_black"
      },
      "geometry": {
        "default": "geometry.dg_lamborghini_black"
      },
      "spawn_egg": {
        "base_color": "#FFFFFF",
        "overlay_color": "#000000"
      },
      "render_controllers": [
        "controller.render.cars"
      ],
      "enable_attachables": true
    }
  }
}