{
  "format_version": "1.8.0",
  "minecraft:client_entity": {
    "description": {
      "identifier": "dg:lamborghini_red",
      "materials": {
        "default": "cars"
      },
      "textures": {
        "default": "textures/entity/pamobile/dg_lamborghini_red"
      },
      "geometry": {
        "default": "geometry.dg_lamborghini_red"
      },
      "spawn_egg": {
        "base_color": "#FFFCF9",
        "overlay_color": "#FF0909"
      },
      "render_controllers": [
        "controller.render.cars"
      ],
      "enable_attachables": true
    }
  }
}