{
  "format_version": "1.8.0",
  "animations": {
    "animation.pa_truk_20_subscribe.new2": {
      "loop": true,
      "animation_length": 2,
      "bones": {
        "bone2818": {
          "rotation": {
            "0.0": [
              0,
              0,
              0
            ],
            "0.5": [
              0,
              -32.5,
              0
            ],
            "1.0": [
              0,
              0,
              0
            ],
            "1.5": [
              0,
              27.5,
              0
            ],
            "2.0": [
              0,
              0,
              0
            ]
          }
        },
        "bone2814": {
          "rotation": {
            "0.0": [
              0,
              0,
              0
            ],
            "0.5": [
              0,
              -32.5,
              0
            ],
            "1.0": [
              0,
              0,
              0
            ],
            "1.5": [
              0,
              32.5,
              0
            ],
            "2.0": [
              0,
              0,
              0
            ]
          }
        },
        "bone2816": {
          "rotation": {
            "0.0": [
              0,
              0,
              0
            ],
            "0.5": [
              0,
              -32.5,
              0
            ],
            "1.0": [
              0,
              0,
              0
            ],
            "1.5": [
              0,
              32.5,
              0
            ],
            "2.0": [
              0,
              0,
              0
            ]
          }
        },
        "bone40": {
          "relative_to": {
            "rotation": "entity"
          },
          "rotation": [
            0,
            0,
            0.01
          ]
        }
      }
    },
    "animation.pa_truk_20_subscribe.new2_1": {
      "loop": true,
      "animation_length": 2,
      "bones": {
        "bone2818": {
          "rotation": {
            "0.0": [
              0,
              0,
              0
            ],
            "0.5": [
              0,
              -32.5,
              0
            ],
            "1.0": [
              0,
              0,
              0
            ],
            "1.5": [
              0,
              27.5,
              0
            ],
            "2.0": [
              0,
              0,
              0
            ]
          }
        },
        "bone2814": {
          "rotation": {
            "0.0": [
              0,
              0,
              0
            ],
            "0.5": [
              0,
              -32.5,
              0
            ],
            "1.0": [
              0,
              0,
              0
            ],
            "1.5": [
              0,
              32.5,
              0
            ],
            "2.0": [
              0,
              0,
              0
            ]
          }
        },
        "bone2816": {
          "rotation": {
            "0.0": [
              0,
              0,
              0
            ],
            "0.5": [
              0,
              -32.5,
              0
            ],
            "1.0": [
              0,
              0,
              0
            ],
            "1.5": [
              0,
              32.5,
              0
            ],
            "2.0": [
              0,
              0,
              0
            ]
          }
        }
      }
    }
  }
}