{
	"format_version": "1.12.0",
	"minecraft:geometry": [
		{
			"description": {
				"identifier": "geometry.frame_node",
				"texture_width": 16,
				"texture_height": 16,
				"visible_bounds_width": 2,
				"visible_bounds_height": 2.5,
				"visible_bounds_offset": [0, 0.75, 0]
			},
			"bones": [
				{
					"name": "block",
					"pivot": [0, 0, 0],
					"cubes": [
						{
							"origin": [-8, 0, -8],
							"size": [16, 2, 16],
							"uv": {
								"north": {"uv": [0, 14], "uv_size": [16, 2], "material_instance": "blend"},
								"east": {"uv": [0, 14], "uv_size": [16, 2]},
								"south": {"uv": [0, 14], "uv_size": [16, 2]},
								"west": {"uv": [0, 14], "uv_size": [16, 2]},
								"up": {"uv": [16, 16], "uv_size": [-16, -16]},
								"down": {"uv": [16, 16], "uv_size": [-16, -16]}
							}
						},
						{
							"origin": [-7, 0.5, -7],
							"size": [14, 8, 14],
							"uv": {
								"north": {"uv": [1, 6], "uv_size": [14, 8]},
								"east": {"uv": [1, 6], "uv_size": [14, 8]},
								"south": {"uv": [1, 6], "uv_size": [14, 8]},
								"west": {"uv": [1, 6], "uv_size": [14, 8]},
								"up": {"uv": [15, 1], "uv_size": [-14, 14]},
								"down": {"uv": [15, 15], "uv_size": [-14, -14]}
							}
						}
					]
				}
			]
		}
	]
}