{
	"format_version": "1.12.0",
	"minecraft:geometry": [
		{
			"description": {
				"identifier": "geometry.garden_table",
				"texture_width": 80,
				"texture_height": 16,
				"visible_bounds_width": 2,
				"visible_bounds_height": 2.5,
				"visible_bounds_offset": [0, 0.75, 0]
			},
			"bones": [
				{
					"name": "bone",
					"pivot": [0, 0, 0],
					"cubes": [
						{
							"origin": [6, 0, -8],
							"size": [2, 2, 2],
							"uv": {
								"north": {"uv": [14, 14], "uv_size": [2, 2]},
								"east": {"uv": [16, 14], "uv_size": [2, 2]},
								"south": {"uv": [16, 14], "uv_size": [2, 2]},
								"west": {"uv": [16, 14], "uv_size": [2, 2]},
								"up": {"uv": [70, 14], "uv_size": [10, 2]},
								"down": {"uv": [64, 2], "uv_size": [-2, -2]}
							}
						},
						{
							"origin": [-8, 0, -8],
							"size": [2, 2, 2],
							"uv": {
								"north": {"uv": [0, 14], "uv_size": [2, 2]},
								"east": {"uv": [16, 14], "uv_size": [2, 2]},
								"south": {"uv": [30, 14], "uv_size": [2, 2]},
								"west": {"uv": [16, 14], "uv_size": [2, 2]},
								"up": {"uv": [0, 14], "uv_size": [10, 2]},
								"down": {"uv": [50, 2], "uv_size": [-2, -2]}
							}
						},
						{
							"origin": [6, 0, 6],
							"size": [2, 2, 2],
							"uv": {
								"north": {"uv": [14, 14], "uv_size": [2, 2]},
								"east": {"uv": [30, 14], "uv_size": [2, 2]},
								"south": {"uv": [16, 14], "uv_size": [2, 2]},
								"west": {"uv": [30, 14], "uv_size": [2, 2]},
								"up": {"uv": [70, 0], "uv_size": [10, 2]},
								"down": {"uv": [64, 16], "uv_size": [-2, -2]}
							}
						},
						{
							"origin": [-8, 0, 6],
							"size": [2, 2, 2],
							"uv": {
								"north": {"uv": [0, 14], "uv_size": [2, 2]},
								"east": {"uv": [30, 14], "uv_size": [2, 2]},
								"south": {"uv": [30, 14], "uv_size": [2, 2]},
								"west": {"uv": [30, 14], "uv_size": [2, 2]},
								"up": {"uv": [0, 0], "uv_size": [10, 2]},
								"down": {"uv": [50, 16], "uv_size": [-2, -2]}
							}
						}
					]
				},
				{
					"name": "inner",
					"pivot": [0, 0, 0],
					"cubes": [
						{
							"origin": [-8, 2, -8],
							"size": [16, 2, 16],
							"uv": {
								"north": {"uv": [0, 12], "uv_size": [16, 2]},
								"east": {"uv": [0, 12], "uv_size": [16, 2]},
								"south": {"uv": [0, 12], "uv_size": [16, 2]},
								"west": {"uv": [0, 12], "uv_size": [16, 2]},
								"up": {"uv": [80, 16], "uv_size": [-16, -16]},
								"down": {"uv": [64, 16], "uv_size": [-16, -16]}
							}
						}
					]
				},
				{
					"name": "bone3",
					"pivot": [0, 0, 0],
					"cubes": [
						{
							"origin": [6, 4, 6],
							"size": [2, 8, 2],
							"uv": {
								"north": {"uv": [14, 4], "uv_size": [2, 8]},
								"east": {"uv": [30, 4], "uv_size": [2, 8]},
								"south": {"uv": [16, 4], "uv_size": [2, 8]},
								"west": {"uv": [30, 4], "uv_size": [2, 8]},
								"up": {"uv": [70, 0], "uv_size": [10, 2]},
								"down": {"uv": [70, 16], "uv_size": [10, -2]}
							}
						},
						{
							"origin": [-8, 4, 6],
							"size": [2, 8, 2],
							"uv": {
								"north": {"uv": [16, 4], "uv_size": [2, 8]},
								"east": {"uv": [30, 4], "uv_size": [2, 8]},
								"south": {"uv": [30, 4], "uv_size": [2, 8]},
								"west": {"uv": [30, 4], "uv_size": [2, 8]},
								"up": {"uv": [0, 0], "uv_size": [10, 2]},
								"down": {"uv": [0, 16], "uv_size": [10, -2]}
							}
						},
						{
							"origin": [-8, 4, -8],
							"size": [2, 8, 2],
							"uv": {
								"north": {"uv": [0, 2], "uv_size": [2, 10]},
								"east": {"uv": [30, 4], "uv_size": [2, 8]},
								"south": {"uv": [30, 4], "uv_size": [2, 8]},
								"west": {"uv": [16, 4], "uv_size": [2, 8]},
								"up": {"uv": [0, 14], "uv_size": [10, 2]},
								"down": {"uv": [0, 2], "uv_size": [10, -2]}
							}
						},
						{
							"origin": [6, 4, -8],
							"size": [2, 8, 2],
							"uv": {
								"north": {"uv": [14, 4], "uv_size": [2, 8]},
								"east": {"uv": [30, 4], "uv_size": [2, 8]},
								"south": {"uv": [16, 4], "uv_size": [2, 8]},
								"west": {"uv": [16, 4], "uv_size": [2, 8]},
								"up": {"uv": [70, 14], "uv_size": [10, 2]},
								"down": {"uv": [70, 2], "uv_size": [10, -2]}
							}
						}
					]
				},
				{
					"name": "bone4",
					"pivot": [0, 10, 0],
					"cubes": [
						{
							"origin": [-8, 12, -8],
							"size": [16, 2, 16],
							"uv": {
								"north": {"uv": [0, 2], "uv_size": [16, 2]},
								"east": {"uv": [0, 2], "uv_size": [16, 2]},
								"south": {"uv": [0, 2], "uv_size": [16, 2]},
								"west": {"uv": [0, 2], "uv_size": [16, 2]},
								"up": {"uv": [48, 16], "uv_size": [-16, -16]},
								"down": {"uv": [64, 16], "uv_size": [-16, -16]}
							}
						},
						{
							"origin": [-6, 5, -8],
							"size": [5, 7, 0],
							"uv": {
								"north": {"uv": [2, 3.8], "uv_size": [5, 7], "material_instance": "material.blend"}
							}
						}
					]
				}
			]
		}
	]
}