{
	"format_version": "1.12.0",
	"minecraft:geometry": [
		{
			"description": {
				"identifier": "geometry.gramophone",
				"texture_width": 64,
				"texture_height": 32,
				"visible_bounds_width": 3,
				"visible_bounds_height": 2.5,
				"visible_bounds_offset": [0, 0.75, 0]
			},
			"bones": [
				{
					"name": "bone",
					"pivot": [0, 0, 0],
					"cubes": [
						{"origin": [-7, 0, -7], "size": [14, 5, 14], "uv": [0, 13]}
					]
				},
				{
					"name": "bone2",
					"parent": "bone",
					"pivot": [0, 0, 0],
					"cubes": [
						{"origin": [-3.5, 4, 6], "size": [0, 6, 2], "uv": [57, 24]},
						{"origin": [-4, 7, 1], "size": [1, 0, 6], "uv": [-6, 17]}
					]
				},
				{
					"name": "bone4",
					"parent": "bone2",
					"pivot": [0, 0, -1],
					"cubes": [
						{"origin": [-0.8173, 5.001, 3], "size": [0, 2, 1], "pivot": [0.18269, 0.001, -0.76706], "rotation": [0, -45, 0], "uv": [62, 29]},
						{"origin": [-6.9566, 5, 1.65], "size": [0, 2, 1], "pivot": [-5.95662, 0, -2.37081], "rotation": [0, 45, 0], "uv": [62, 29]}
					]
				},
				{
					"name": "bone3",
					"parent": "bone2",
					"pivot": [0, 0.75, -1],
					"rotation": [-10, 0, 0],
					"cubes": [
						{"origin": [-6.5, 9.75, 1], "size": [6, 6, 5], "uv": [0, 0]},
						{"origin": [-7.5, 8.75, -4], "size": [8, 8, 5], "uv": [38, 0]}
					]
				}
			]
		}
	]
}