{
	"format_version": "1.12.0",
	"minecraft:geometry": [
		{
			"description": {
				"identifier": "geometry.lawn_grass",
				"texture_width": 16,
				"texture_height": 16,
				"visible_bounds_width": 3,
				"visible_bounds_height": 2.5,
				"visible_bounds_offset": [0, 0.75, 0]
			},
			"bones": [
				{
					"name": "block",
					"pivot": [0, 0, 0],
					"cubes": [
						{
							"origin": [-8, 0, -8],
							"size": [16, 15.9, 16],
							"uv": {
								"north": {"uv": [0, 0], "uv_size": [16, 16]},
								"east": {"uv": [0, 0], "uv_size": [16, 16]},
								"south": {"uv": [0, 0], "uv_size": [16, 16]},
								"west": {"uv": [0, 0], "uv_size": [16, 16]},
								"up": {"uv": [14.4, 14.4], "uv_size": [-12.8, -12.8]},
								"down": {"uv": [16, 16], "uv_size": [-16, -16]}
							}
						},
						{
							"origin": [-10, 16.01, 8],
							"size": [20, 0, 2],
							"uv": {
								"up": {"uv": [16, 1.6], "uv_size": [-16, -1.6]}
							}
						},
						{
							"origin": [-10, 16.01, -10],
							"size": [20, 0, 2],
							"uv": {
								"up": {"uv": [16, 16], "uv_size": [-16, -1.6]}
							}
						},
						{
							"origin": [-10, 16.01, -8],
							"size": [2, 0, 16],
							"uv": {
								"up": {"uv": [1.6, 14.4], "uv_size": [-1.6, -12.8]}
							}
						},
						{
							"origin": [8, 16.01, -8],
							"size": [2, 0, 16],
							"uv": {
								"up": {"uv": [16, 14.4], "uv_size": [-1.6, -12.8]}
							}
						}
					]
				}
			]
		}
	]
}