{
	"format_version": "1.12.0",
	"minecraft:geometry": [
		{
			"description": {
				"identifier": "geometry.vase",
				"texture_width": 16,
				"texture_height": 16,
				"visible_bounds_width": 2,
				"visible_bounds_height": 2.5,
				"visible_bounds_offset": [0, 0.75, 0]
			},
			"bones": [
				{
					"name": "block",
					"pivot": [0, 0, 0],
					"cubes": [
						{
							"origin": [-6, 0, -6],
							"size": [12, 2, 12],
							"uv": {
								"north": {"uv": [2, 14], "uv_size": [12, 2]},
								"east": {"uv": [2, 14], "uv_size": [12, 2]},
								"south": {"uv": [2, 14], "uv_size": [12, 2]},
								"west": {"uv": [2, 14], "uv_size": [12, 2]},
								"up": {"uv": [14, 14], "uv_size": [-12, -12]},
								"down": {"uv": [14, 14], "uv_size": [-12, -12]}
							}
						},
						{
							"origin": [-6, 0.25, -6],
							"size": [12, 1, 12],
							"inflate": 0.25,
							"uv": {
								"north": {"uv": [2, 15], "uv_size": [12, 1]},
								"east": {"uv": [2, 15], "uv_size": [12, 1]},
								"south": {"uv": [2, 15], "uv_size": [12, 1]},
								"west": {"uv": [2, 15], "uv_size": [12, 1]},
								"up": {"uv": [14, 14], "uv_size": [-12, -12]},
								"down": {"uv": [14, 14], "uv_size": [-12, -12]}
							}
						},
						{
							"origin": [-7, 2, -7],
							"size": [14, 14, 14],
							"uv": {
								"north": {"uv": [1, 0], "uv_size": [14, 14]},
								"east": {"uv": [1, 0], "uv_size": [14, 14]},
								"south": {"uv": [1, 0], "uv_size": [14, 14]},
								"west": {"uv": [1, 0], "uv_size": [14, 14]},
								"up": {"uv": [15, 15], "uv_size": [-14, -14]},
								"down": {"uv": [15, 15], "uv_size": [-14, -14]}
							}
						},
						{
							"origin": [-3, 16, -3],
							"size": [6, 1, 6],
							"inflate": 0.25,
							"uv": {
								"north": {"uv": [5, 2], "uv_size": [6, 1]},
								"east": {"uv": [5, 2], "uv_size": [6, 1]},
								"south": {"uv": [5, 2], "uv_size": [6, 1]},
								"west": {"uv": [5, 2], "uv_size": [6, 1]},
								"up": {"uv": [11, 11], "uv_size": [-6, -6]},
								"down": {"uv": [11, 11], "uv_size": [-6, -6]}
							}
						},
						{
							"origin": [-4, 17, -4],
							"size": [8, 2, 8],
							"uv": {
								"north": {"uv": [4, 0], "uv_size": [8, 2]},
								"east": {"uv": [4, 0], "uv_size": [8, 2]},
								"south": {"uv": [4, 0], "uv_size": [8, 2]},
								"west": {"uv": [4, 0], "uv_size": [8, 2]},
								"up": {"uv": [12, 12], "uv_size": [-8, -8]},
								"down": {"uv": [12, 12], "uv_size": [-8, -8]}
							}
						}
					]
				}
			]
		}
	]
}