{
  "format_version": "1.16.100",
  "minecraft:item": {
    "description": {
      "identifier": "serp:lawn_mower",
      "category": "Items"
    },
    "components": {
      "minecraft:display_name":{"value":"item.serp:lawn_mower.name"},
    "minecraft:render_offsets": {
        "main_hand": {
"first_person":{"scale":[0.02,0.02,0.02]},
"third_person":{"scale":[0.03,0.03,0.03]}}},
      "minecraft:max_stack_size": 64,
      "minecraft:entity_placer":{
    "entity" : "serp:lawn_mower"
      },
	"minecraft:icon":{"texture": "lawn_mower"}
    }
  }
}