{"format_version":"1.8.0","minecraft:entity":{"description":{"identifier":"yg:abstracted","is_spawnable":true,"is_summonable":true,"is_experimental":false},"component_groups":{"minecraft:skin1":{"minecraft:variant":{"value":0},"minecraft:timer":{"looping":true,"time":[0.1,0.1],"time_down_event":{"event":"minecraft:skin2"}}},"minecraft:skin2":{"minecraft:variant":{"value":1},"minecraft:timer":{"looping":true,"time":[0.1,0.1],"time_down_event":{"event":"minecraft:skin1"}}}},"components":{"minecraft:nameable":{},"minecraft:type_family":{"family":["abstracted"]},"minecraft:collision_box":{"width":2,"height":2},"minecraft:scale":{"value":1},"minecraft:health":{"value":600,"max":600},"minecraft:movement":{"value":0.25},"minecraft:movement.basic":{},"minecraft:behavior.float":{"priority":1},"minecraft:jump.static":{},"minecraft:can_climb":{},"minecraft:physics":{},"minecraft:pushable":{"is_pushable":true,"is_pushable_by_piston":true},"minecraft:navigation.walk":{"avoid_damage_blocks":false,"can_walk":true,"avoid_water":false,"can_path_over_water":true},"minecraft:behavior.random_look_around":{"priority":9},"minecraft:behavior.hurt_by_target":{"priority":1},"minecraft:behavior.look_at_player":{"priority":8,"look_distance":6,"probability":0.02},"minecraft:behavior.random_stroll":{"priority":7,"speed_multiplier":1},"minecraft:knockback_resistance":{"value":100},"minecraft:damage_sensor":{"deals_damage":true},"minecraft:follow_range":{"value":30,"max":30},"minecraft:behavior.nearest_attackable_target":{"priority":2,"must_see":true,"reselect_targets":true,"within_radius":35,"must_see_forget_duration":15,"entity_types":[{"filters":{"any_of":[{"test":"is_family","subject":"other","value":"wandering_trader"},{"test":"is_family","subject":"other","value":"snow_golem"},{"test":"is_family","subject":"other","value":"iron_golem"},{"test":"is_family","subject":"other","value":"monster"},{"test":"is_family","subject":"other","value":"undead"},{"test":"is_family","subject":"other","value":"villager"},{"test":"is_family","subject":"other","value":"player"},{"test":"is_family","subject":"other","value":"illager"}]},"max_dist":35}]},"minecraft:behavior.melee_attack":{"priority":3,"track_target":true,"speed_multiplier":1.35},"minecraft:attack":{"damage":100},"minecraft:loot":{"table":"loot_tables/entities/null.json"},"minecraft:leashable":{"soft_distance":4,"hard_distance":6,"max_distance":10,"can_be_stolen":true},"minecraft:is_hidden_when_invisible":{}},"events":{"minecraft:entity_transformed":{"add":{"component_groups":["minecraft:skin1"]}},"minecraft:entity_spawned":{"add":{"component_groups":["minecraft:skin1"]}},"minecraft:skin1":{"add":{"component_groups":["minecraft:skin1"]}},"minecraft:skin2":{"add":{"component_groups":["minecraft:skin2"]}}}}}