{"format_version":"1.8.0","minecraft:entity":{"description":{"identifier":"yg:gangle","is_spawnable":true,"is_summonable":true,"is_experimental":false},"component_groups":{"minecraft:get_sad":{"minecraft:transformation":{"into":"yg:gangle_sad","delay":0}}},"components":{"minecraft:nameable":{},"minecraft:type_family":{"family":["villager","gangle","mob"]},"minecraft:collision_box":{"width":0.6,"height":1.8},"minecraft:scale":{"value":1},"minecraft:health":{"value":100,"max":100},"minecraft:movement":{"value":0.25},"minecraft:movement.basic":{},"minecraft:behavior.float":{"priority":1},"minecraft:jump.static":{},"minecraft:can_climb":{},"minecraft:physics":{},"minecraft:pushable":{"is_pushable":true,"is_pushable_by_piston":true},"minecraft:navigation.walk":{"avoid_damage_blocks":false,"can_walk":true,"avoid_water":false,"can_path_over_water":true,"can_pass_doors":true,"can_break_doors":true,"can_open_doors":true,"can_open_iron_doors":false},"minecraft:behavior.random_look_around":{"priority":9},"minecraft:behavior.hurt_by_target":{"priority":1},"minecraft:behavior.look_at_player":{"priority":8,"look_distance":6,"probability":0.02},"minecraft:behavior.random_stroll":{"priority":7,"speed_multiplier":1},"minecraft:knockback_resistance":{"value":0.8},"minecraft:damage_sensor":{"deals_damage":true,"on_damage":{"event":"minecraft:get_sad"}},"minecraft:follow_range":{"value":30,"max":30},"minecraft:behavior.restrict_open_door":{"priority":5},"minecraft:behavior.move_indoors":{"priority":4,"speed_multiplier":0.8},"minecraft:annotation.open_door":{},"minecraft:behavior.open_door":{"priority":6,"close_door_after":true},"minecraft:behavior.avoid_mob_type":{"priority":3,"entity_types":[{"filters":{"any_of":[{"test":"is_family","subject":"other","value":"abstracted"},{"test":"is_family","subject":"other","value":"monster"},{"test":"is_family","subject":"other","value":"illager"}]},"max_dist":8,"walk_speed_multiplier":0.25,"sprint_speed_multiplier":1.25}]},"minecraft:behavior.panic":{"priority":3,"speed_multiplier":1.25},"minecraft:loot":{"table":"loot_tables/entities/null.json"},"minecraft:leashable":{"soft_distance":4,"hard_distance":6,"max_distance":10,"can_be_stolen":true},"minecraft:is_hidden_when_invisible":{}},"events":{"minecraft:entity_spawned":{},"minecraft:get_sad":{"add":{"component_groups":["minecraft:get_sad"]}}}}}