{
    "format_version": "1.12.0",
    "minecraft:entity": {
        "description": {
            "identifier": "addon:boom",
            "is_experimental": false,
            "is_spawnable": false,
            "is_summonable": true
        },
        "components": {
            "minecraft:collision_box": {
                "height": 0.1,
                "width": 0.1
            },
            "minecraft:type_family": {
                "family": [
                    "inanimate"
                ]
            }
        },
        "events": {
          "minecraft:entity_spawned": {
				"randomize": [
					{
						"weight": 100,
						"add": {
							"component_groups": [
								"boom"
							]
						}
					}
				]
			},
        },
        "component_groups": {
            "boom": {
                "minecraft:explode": {
                    "breaks_blocks": true,
                    "causes_fire": true,
                    "fire_affected_by_griefing": true,
                    "destroy_affected_by_griefing": false,
                    "power": 1,
                    "fuse_lit": true,
                    "fuse_length": 0
                }
            },
            "boomNM": {
                "minecraft:explode": {
                    "breaks_blocks": false,
                    "causes_fire": false,
                    "fire_affected_by_griefing": false,
                    "destroy_affected_by_griefing": false,
                    "power": 1,
                    "fuse_lit": true,
                    "fuse_length": 0
                }
            },
            "boomNF": {
                "minecraft:explode": {
                    "breaks_blocks": true,
                    "causes_fire": false,
                    "fire_affected_by_griefing": false,
                    "destroy_affected_by_griefing": true,
                    "power": 1,
                    "fuse_lit": true,
                    "fuse_length": 0
                }
            }
        }
    }
}