{
	"format_version": "1.16.100",
	"minecraft:feature_rules": {
		"description": {
			"identifier": "pvz:dave_house_stc",
			"places_feature": "pvz:dave_house"
		},
		"conditions": {
			"placement_pass": "surface_pass",
			"minecraft:biome_filter": {
				"all_of": [
					{
						"test": "has_biome_tag",
						"operator": "==",
						"value": "overworld"
					},
					{
						"test": "has_biome_tag",
						"operator": "==",
						"value": "desert"
					}
				]
			}
		},
		"distribution": {
			"scatter_chance": 0.2, "iterations": 1,
			"x": {
				"distribution": "uniform",
				"extent": [0,16]
			},
			"y": "query.heightmap(variable.worldx, variable.worldz) - 1",
			"z": {
				"distribution": "uniform",
				"extent": [0,16]
			}
		}
	}
}