{
	"format_version": "1.16.100",
	"minecraft:feature_rules": {
		"description": {
			"identifier": "pvz:doom_rift_stc",
			"places_feature": "pvz:doom_rift"
		},
		"conditions": {
			"placement_pass": "surface_pass",
			"minecraft:biome_filter": {
				"any_of": [
					{
						"test": "has_biome_tag",
						"operator": "==",
						"value": "overworld"
					}
				]
			}
		},
		"distribution": {
			"scatter_chance": 0.08, "iterations": 1,
			"x": {
				"distribution": "uniform",
				"extent": [0,16]
			},
			"y": "query.heightmap(variable.worldx, variable.worldz) - 1",
			"z": {
				"distribution": "uniform",
				"extent": [0,16]
			}
		}
	}
}