{"format_version":"1.12.0","minecraft:geometry":[{"description":{"identifier":"geometry.yg_abstracted","texture_width":128,"texture_height":128,"visible_bounds_width":6,"visible_bounds_height":5.5,"visible_bounds_offset":[0,2.25,0]},"bones":[{"name":"Root","locators":{"abstraction":[0,10,0]}},{"name":"Body","pivot":[0,16,5],"cubes":[{"origin":[-9.28,15.28105,-5.99418],"size":[18.56,17.4,15.76],"uv":[0,0],"inflate":0},{"origin":[-8,16.48105,8.88582],"size":[16,15,8],"uv":[0,61],"inflate":0},{"origin":[-10,19.48105,-4.11418],"size":[1,6,5],"uv":[0,32],"inflate":0},{"origin":[9,19.48105,-4.11418],"size":[1,6,5],"uv":[0,32],"inflate":0,"mirror":true},{"origin":[-10,24.48105,2.88582],"size":[1,6,5],"pivot":[-9.5,27.48105,5.38582],"rotation":[-32.37545,0.70392,2.59716],"uv":[40,32],"inflate":0},{"origin":[9,24.48105,2.88582],"size":[1,6,5],"pivot":[9.5,27.48105,5.38582],"rotation":[-32.37545,-0.70392,-2.59716],"uv":[40,32],"inflate":0,"mirror":true},{"origin":[-6,18.74277,15.88011],"size":[12,11,11],"pivot":[0,24.24277,21.38011],"rotation":[2.5,0,0],"uv":[0,84],"inflate":0}],"parent":"Root"},{"name":"Body2","pivot":[0,29.98105,-5.61418],"cubes":[{"origin":[-7,17.97925,-24.52484],"size":[14,13,12],"pivot":[0,24.47925,-18.52484],"rotation":[-5,0,0],"uv":[0,32],"inflate":0},{"origin":[-8,23.01712,-21.3922],"size":[1,6,5],"pivot":[-7.5,26.01712,-18.8922],"rotation":[-30,0,0],"uv":[0,32],"inflate":0},{"origin":[7,23.01712,-21.3922],"size":[1,6,5],"pivot":[7.5,26.01712,-18.8922],"rotation":[-30,0,0],"uv":[0,32],"inflate":0,"mirror":true},{"origin":[-8,16.48105,-13.11418],"size":[16,15,8],"uv":[48,69],"inflate":0},{"origin":[-9,24.48105,-11.5],"size":[1,6,5],"pivot":[-8.5,27.48105,-9],"rotation":[25,0,0],"uv":[0,0],"inflate":0},{"origin":[8,24.48105,-11.5],"size":[1,6,5],"pivot":[8.5,27.48105,-9],"rotation":[25,0,0],"uv":[0,0],"inflate":0,"mirror":true}],"parent":"Body"},{"name":"Ow21","pivot":[2,30.98105,-9.61418],"cubes":[{"origin":[-1,30.98105,-9.61418],"size":[7,6,0],"uv":[51,0],"inflate":0,"mirror":true},{"origin":[-1.5,30.98105,-9.11418],"size":[7,6,0],"pivot":[2,33.98105,-9.11418],"rotation":[0,-90,0],"uv":[51,0],"inflate":0,"mirror":true}],"parent":"Body2","rotation":[-2.2994,-4.85425,13.17208]},{"name":"Ow22","pivot":[-6,29.98105,-9.61418],"cubes":[{"origin":[-9,29.98105,-9.61418],"size":[7,6,0],"uv":[51,0],"inflate":0,"mirror":true},{"origin":[-9.5,29.98105,-9.11418],"size":[7,6,0],"pivot":[-6,32.98105,-9.11418],"rotation":[0,-90,0],"uv":[51,0],"inflate":0,"mirror":true}],"parent":"Body2","rotation":[0.67619,-5.32752,-19.45685]},{"name":"Ow26","pivot":[-6,21.98105,-9.61418],"cubes":[{"origin":[-9,21.98105,-9.61418],"size":[7,6,0],"uv":[51,0],"inflate":0,"mirror":true},{"origin":[-9.5,21.98105,-9.11418],"size":[7,6,0],"pivot":[-6,24.98105,-9.11418],"rotation":[0,-90,0],"uv":[51,0],"inflate":0,"mirror":true}],"parent":"Body2","rotation":[6.56582,36.35807,-87.97752]},{"name":"Ow27","pivot":[6,21.98105,-9.61418],"cubes":[{"origin":[2,21.98105,-9.61418],"size":[7,6,0],"uv":[51,0],"inflate":0},{"origin":[2.5,21.98105,-9.11418],"size":[7,6,0],"pivot":[6,24.98105,-9.11418],"rotation":[0,90,0],"uv":[51,0],"inflate":0}],"parent":"Body2","rotation":[6.56582,-36.35807,87.97752]},{"name":"Ow28","pivot":[6,27.98105,-13.61418],"cubes":[{"origin":[2,27.98105,-13.61418],"size":[7,6,0],"uv":[51,0],"inflate":0},{"origin":[2.5,27.98105,-13.11418],"size":[7,6,0],"pivot":[6,30.98105,-13.11418],"rotation":[0,90,0],"uv":[51,0],"inflate":0}],"parent":"Body2","rotation":[7.74259,-56.21112,86.04125]},{"name":"Ow29","pivot":[-6,27.98105,-13.61418],"cubes":[{"origin":[-9,27.98105,-13.61418],"size":[7,6,0],"uv":[51,0],"inflate":0,"mirror":true},{"origin":[-9.5,27.98105,-13.11418],"size":[7,6,0],"pivot":[-6,30.98105,-13.11418],"rotation":[0,-90,0],"uv":[51,0],"inflate":0,"mirror":true}],"parent":"Body2","rotation":[7.74259,56.21112,-86.04125]},{"name":"Ow30","pivot":[-6,21.98105,-21.61418],"cubes":[{"origin":[-9,21.98105,-21.61418],"size":[7,6,0],"uv":[51,0],"inflate":0,"mirror":true},{"origin":[-9.5,21.98105,-21.11418],"size":[7,6,0],"pivot":[-6,24.98105,-21.11418],"rotation":[0,-90,0],"uv":[51,0],"inflate":0,"mirror":true}],"parent":"Body2","rotation":[162.69315,75.41271,70.73104]},{"name":"Ow31","pivot":[6,21.98105,-21.61418],"cubes":[{"origin":[2,21.98105,-21.61418],"size":[7,6,0],"uv":[51,0],"inflate":0},{"origin":[2.5,21.98105,-21.11418],"size":[7,6,0],"pivot":[6,24.98105,-21.11418],"rotation":[0,90,0],"uv":[51,0],"inflate":0}],"parent":"Body2","rotation":[162.69315,-75.41271,-70.73104]},{"name":"Head","pivot":[0,21,-19.5],"cubes":[{"origin":[-6,30,-25],"size":[12,12,12],"uv":[40,45],"inflate":0},{"origin":[-2,33,-26],"size":[5,6,1],"pivot":[0.5,36,-25.5],"rotation":[2.30806,2.5479,-24.71496],"uv":[51,6],"inflate":0},{"origin":[-7,33,-21],"size":[1,6,5],"pivot":[-6.5,36,-18.5],"rotation":[12.5,0,0],"uv":[0,0],"inflate":0},{"origin":[6,33,-21],"size":[1,6,5],"pivot":[6.5,36,-18.5],"rotation":[12.5,0,0],"uv":[0,0],"inflate":0,"mirror":true},{"origin":[-6.36,19.64,-25.36],"size":[12.72,11.72,12.72],"uv":[54,20],"inflate":0}],"parent":"Body2","locators":{"abstraction":[0,36,0]}},{"name":"Ow32","pivot":[-3,26.98105,-24.61418],"cubes":[{"origin":[-7,26.98105,-24.61418],"size":[7,6,0],"uv":[51,0],"inflate":0},{"origin":[-6.5,26.98105,-24.11418],"size":[7,6,0],"pivot":[-3,29.98105,-24.11418],"rotation":[0,90,0],"uv":[51,0],"inflate":0}],"parent":"Head","rotation":[101.58309,-11.18067,14.29744]},{"name":"Ow33","pivot":[3,21.98105,-24.61418],"cubes":[{"origin":[-1,21.98105,-24.61418],"size":[7,6,0],"uv":[51,0],"inflate":0},{"origin":[-0.5,21.98105,-24.11418],"size":[7,6,0],"pivot":[3,24.98105,-24.11418],"rotation":[0,90,0],"uv":[51,0],"inflate":0}],"parent":"Head","rotation":[99.92639,-5.95592,-7.84587]},{"name":"Ow34","pivot":[-4,35.98105,-24.61418],"cubes":[{"origin":[-8,35.98105,-24.61418],"size":[7,6,0],"uv":[51,0],"inflate":0},{"origin":[-7.5,35.98105,-24.11418],"size":[7,6,0],"pivot":[-4,38.98105,-24.11418],"rotation":[0,90,0],"uv":[51,0],"inflate":0}],"parent":"Head","rotation":[94.90626,48.5656,3.55125]},{"name":"Ow35","pivot":[4,31.98105,-22.61418],"cubes":[{"origin":[1,31.98105,-22.61418],"size":[7,6,0],"uv":[51,0],"inflate":0,"mirror":true},{"origin":[0.5,31.98105,-22.11418],"size":[7,6,0],"pivot":[4,34.98105,-22.11418],"rotation":[0,-90,0],"uv":[51,0],"inflate":0,"mirror":true}],"parent":"Head","rotation":[94.90626,-48.5656,-3.55125]},{"name":"Ow36","pivot":[4,37.98105,-14.61418],"cubes":[{"origin":[1,37.98105,-14.61418],"size":[7,6,0],"uv":[51,0],"inflate":0,"mirror":true},{"origin":[0.5,37.98105,-14.11418],"size":[7,6,0],"pivot":[4,40.98105,-14.11418],"rotation":[0,-90,0],"uv":[51,0],"inflate":0,"mirror":true}],"parent":"Head","rotation":[-84.10998,-38.56623,166.71249]},{"name":"Ow37","pivot":[-4,37.98105,-14.61418],"cubes":[{"origin":[-8,37.98105,-14.61418],"size":[7,6,0],"uv":[51,0],"inflate":0},{"origin":[-7.5,37.98105,-14.11418],"size":[7,6,0],"pivot":[-4,40.98105,-14.11418],"rotation":[0,90,0],"uv":[51,0],"inflate":0}],"parent":"Head","rotation":[-84.10998,38.56623,-166.71249]},{"name":"bone","pivot":[0,43,-19],"cubes":[{"origin":[-5,42,-24],"size":[10,8,10],"uv":[66,0],"inflate":0},{"origin":[-2,43,-25],"size":[5,6,1],"pivot":[0.5,46,-24.5],"rotation":[0,0,20],"uv":[76,43],"inflate":0},{"origin":[-6,43,-21],"size":[1,6,5],"pivot":[-5.5,46,-18.5],"rotation":[-15,0,0],"uv":[0,32],"inflate":0},{"origin":[5,43,-21],"size":[1,6,5],"pivot":[5.5,46,-18.5],"rotation":[-15,0,0],"uv":[0,32],"inflate":0,"mirror":true}],"parent":"Head"},{"name":"Ow38","pivot":[-4,46.98105,-14.61418],"cubes":[{"origin":[-8,46.98105,-14.61418],"size":[7,6,0],"uv":[51,0],"inflate":0},{"origin":[-7.5,46.98105,-14.11418],"size":[7,6,0],"pivot":[-4,49.98105,-14.11418],"rotation":[0,90,0],"uv":[51,0],"inflate":0}],"parent":"bone","rotation":[-64.55635,31.15919,-134.36543]},{"name":"Ow39","pivot":[4,46.98105,-15.61418],"cubes":[{"origin":[1,46.98105,-15.61418],"size":[7,6,0],"uv":[51,0],"inflate":0,"mirror":true},{"origin":[0.5,46.98105,-15.11418],"size":[7,6,0],"pivot":[4,49.98105,-15.11418],"rotation":[0,-90,0],"uv":[51,0],"inflate":0,"mirror":true}],"parent":"bone","rotation":[-64.55635,-31.15919,134.36543]},{"name":"Ow40","pivot":[4,43.98105,-21.38582],"cubes":[{"origin":[1,43.98105,-21.38582],"size":[7,6,0],"uv":[51,0],"inflate":0,"mirror":true},{"origin":[0.5,43.98105,-21.88582],"size":[7,6,0],"pivot":[4,46.98105,-21.88582],"rotation":[0,90,0],"uv":[51,0],"inflate":0,"mirror":true}],"parent":"bone","rotation":[55.16998,19.71494,112.82955]},{"name":"Ow41","pivot":[-4,48.98105,-21.38582],"cubes":[{"origin":[-8,48.98105,-21.38582],"size":[7,6,0],"uv":[51,0],"inflate":0},{"origin":[-7.5,48.98105,-21.88582],"size":[7,6,0],"pivot":[-4,51.98105,-21.88582],"rotation":[0,-90,0],"uv":[51,0],"inflate":0}],"parent":"bone","rotation":[64.55635,-31.15919,-134.36543]},{"name":"bone2","pivot":[0,50.98001,-18.08399],"cubes":[{"origin":[-4,50,-23],"size":[8,7,8],"uv":[88,43],"inflate":0},{"origin":[-5,50.5,-22],"size":[1,6,5],"uv":[40,32],"inflate":0},{"origin":[4,50.5,-22],"size":[1,6,5],"uv":[40,32],"inflate":0,"mirror":true}],"parent":"bone"},{"name":"bone3","pivot":[0,57,-19],"cubes":[{"origin":[-3,57,-22],"size":[6,9,6],"uv":[46,92],"inflate":0}],"parent":"bone2"},{"name":"Ow42","pivot":[-2,60.98105,-21.38582],"cubes":[{"origin":[-6,60.98105,-21.38582],"size":[7,6,0],"uv":[51,0],"inflate":0},{"origin":[-5.5,60.98105,-21.88582],"size":[7,6,0],"pivot":[-2,63.98105,-21.88582],"rotation":[0,-90,0],"uv":[51,0],"inflate":0}],"parent":"bone3","rotation":[64.55635,-31.15919,-134.36543]},{"name":"Ow43","pivot":[2,59.98105,-18.61418],"cubes":[{"origin":[-1,59.98105,-18.61418],"size":[7,6,0],"uv":[51,0],"inflate":0,"mirror":true},{"origin":[-1.5,59.98105,-18.11418],"size":[7,6,0],"pivot":[2,62.98105,-18.11418],"rotation":[0,-90,0],"uv":[51,0],"inflate":0,"mirror":true}],"parent":"bone3","rotation":[-64.55635,-31.15919,134.36543]},{"name":"Leg","pivot":[-6.5,19.83333,-14],"cubes":[{"origin":[-10,13,-18],"size":[7,8,8],"uv":[88,58],"inflate":0},{"origin":[-9.5,6,-17.5],"size":[6,7,7],"uv":[89,85],"inflate":0},{"origin":[-8.5,0,-16.5],"size":[4,6,5],"uv":[90,18],"inflate":0}],"parent":"Body2"},{"name":"Leg2","pivot":[6.5,19.83333,-14],"cubes":[{"origin":[3,13,-18],"size":[7,8,8],"uv":[88,58],"inflate":0,"mirror":true},{"origin":[3.5,6,-17.5],"size":[6,7,7],"uv":[89,85],"inflate":0,"mirror":true},{"origin":[4.5,0,-16.5],"size":[4,6,5],"uv":[90,18],"inflate":0,"mirror":true}],"parent":"Body2"},{"name":"Ow","pivot":[-4,31.98105,3.38582],"cubes":[{"origin":[-8,31.98105,3.38582],"size":[7,6,0],"uv":[51,0],"inflate":0},{"origin":[-7.5,31.98105,3.88582],"size":[7,6,0],"pivot":[-4,34.98105,3.88582],"rotation":[0,90,0],"uv":[51,0],"inflate":0}],"parent":"Body"},{"name":"Ow2","pivot":[5,31.98105,5.38582],"cubes":[{"origin":[1,31.98105,5.38582],"size":[7,6,0],"uv":[51,0],"inflate":0},{"origin":[1.5,31.98105,5.88582],"size":[7,6,0],"pivot":[5,34.98105,5.88582],"rotation":[0,90,0],"uv":[51,0],"inflate":0}],"parent":"Body"},{"name":"Ow3","pivot":[0,31.98105,-2.61418],"cubes":[{"origin":[-4,31.98105,-2.61418],"size":[7,6,0],"uv":[51,0],"inflate":0},{"origin":[-3.5,31.98105,-2.11418],"size":[7,6,0],"pivot":[0,34.98105,-2.11418],"rotation":[0,90,0],"uv":[51,0],"inflate":0}],"parent":"Body"},{"name":"Ow4","pivot":[-10,27.98105,0.38582],"cubes":[{"origin":[-14,27.98105,0.38582],"size":[7,6,0],"uv":[51,0],"inflate":0},{"origin":[-13.5,27.98105,0.88582],"size":[7,6,0],"pivot":[-10,30.98105,0.88582],"rotation":[0,90,0],"uv":[51,0],"inflate":0}],"parent":"Body","rotation":[0,30,-90]},{"name":"Ow5","pivot":[-10,20.98105,6.38582],"cubes":[{"origin":[-14,20.98105,6.38582],"size":[7,6,0],"uv":[51,0],"inflate":0},{"origin":[-13.5,20.98105,6.88582],"size":[7,6,0],"pivot":[-10,23.98105,6.88582],"rotation":[0,90,0],"uv":[51,0],"inflate":0}],"parent":"Body","rotation":[0,30,-90]},{"name":"Ow6","pivot":[-8,27.98105,11.38582],"cubes":[{"origin":[-12,27.98105,11.38582],"size":[7,6,0],"uv":[51,0],"inflate":0},{"origin":[-11.5,27.98105,11.88582],"size":[7,6,0],"pivot":[-8,30.98105,11.88582],"rotation":[0,90,0],"uv":[51,0],"inflate":0}],"parent":"Body","rotation":[0,30,-90]},{"name":"Ow7","pivot":[-8,21.98105,14.38582],"cubes":[{"origin":[-12,21.98105,14.38582],"size":[7,6,0],"uv":[51,0],"inflate":0},{"origin":[-11.5,21.98105,14.88582],"size":[7,6,0],"pivot":[-8,24.98105,14.88582],"rotation":[0,90,0],"uv":[51,0],"inflate":0}],"parent":"Body","rotation":[0,72.5,-90]},{"name":"Ow8","pivot":[-8,17.98105,-6.61418],"cubes":[{"origin":[-12,17.98105,-6.61418],"size":[7,6,0],"uv":[51,0],"inflate":0},{"origin":[-11.5,17.98105,-6.11418],"size":[7,6,0],"pivot":[-8,20.98105,-6.11418],"rotation":[0,90,0],"uv":[51,0],"inflate":0}],"parent":"Body","rotation":[0,72.5,-90]},{"name":"Ow9","pivot":[-8,30.98105,1.38582],"cubes":[{"origin":[-12,30.98105,1.38582],"size":[7,6,0],"uv":[51,0],"inflate":0},{"origin":[-11.5,30.98105,1.88582],"size":[7,6,0],"pivot":[-8,33.98105,1.88582],"rotation":[0,90,0],"uv":[51,0],"inflate":0}],"parent":"Body","rotation":[160.08839,79.97874,124.80504]},{"name":"Ow10","pivot":[-6,29.98105,14.38582],"cubes":[{"origin":[-10,29.98105,14.38582],"size":[7,6,0],"uv":[51,0],"inflate":0},{"origin":[-9.5,29.98105,14.88582],"size":[7,6,0],"pivot":[-6,32.98105,14.88582],"rotation":[0,90,0],"uv":[51,0],"inflate":0}],"parent":"Body","rotation":[160.08839,79.97874,124.80504]},{"name":"Ow11","pivot":[2,30.98105,14.38582],"cubes":[{"origin":[-2,30.98105,14.38582],"size":[7,6,0],"uv":[51,0],"inflate":0},{"origin":[-1.5,30.98105,14.88582],"size":[7,6,0],"pivot":[2,33.98105,14.88582],"rotation":[0,90,0],"uv":[51,0],"inflate":0}],"parent":"Body","rotation":[-162.90029,83.99264,-162.6815]},{"name":"Ow12","pivot":[-2,28.98105,21.38582],"cubes":[{"origin":[-6,28.98105,21.38582],"size":[7,6,0],"uv":[51,0],"inflate":0},{"origin":[-5.5,28.98105,21.88582],"size":[7,6,0],"pivot":[-2,31.98105,21.88582],"rotation":[0,90,0],"uv":[51,0],"inflate":0}],"parent":"Body","rotation":[-162.90029,83.99264,-162.6815]},{"name":"Ow13","pivot":[-6,24.98105,21.38582],"cubes":[{"origin":[-10,24.98105,21.38582],"size":[7,6,0],"uv":[51,0],"inflate":0},{"origin":[-9.5,24.98105,21.88582],"size":[7,6,0],"pivot":[-6,27.98105,21.88582],"rotation":[0,90,0],"uv":[51,0],"inflate":0}],"parent":"Body","rotation":[-75.40029,83.99264,-162.6815]},{"name":"Ow14","pivot":[3,27.98105,26.38582],"cubes":[{"origin":[-1,27.98105,26.38582],"size":[7,6,0],"uv":[51,0],"inflate":0},{"origin":[-0.5,27.98105,26.88582],"size":[7,6,0],"pivot":[3,30.98105,26.88582],"rotation":[0,90,0],"uv":[51,0],"inflate":0}],"parent":"Body","rotation":[-88.48582,-3.31358,-177.29198]},{"name":"Ow15","pivot":[-3,22.98105,26.38582],"cubes":[{"origin":[-7,22.98105,26.38582],"size":[7,6,0],"uv":[51,0],"inflate":0},{"origin":[-6.5,22.98105,26.88582],"size":[7,6,0],"pivot":[-3,25.98105,26.88582],"rotation":[0,90,0],"uv":[51,0],"inflate":0}],"parent":"Body","rotation":[-88.48582,-3.31358,-177.29198]},{"name":"Ow16","pivot":[10,20.98105,6.38582],"cubes":[{"origin":[7,20.98105,6.38582],"size":[7,6,0],"uv":[51,0],"inflate":0,"mirror":true},{"origin":[6.5,20.98105,6.88582],"size":[7,6,0],"pivot":[10,23.98105,6.88582],"rotation":[0,-90,0],"uv":[51,0],"inflate":0,"mirror":true}],"parent":"Body","rotation":[0,-30,90]},{"name":"Ow17","pivot":[10,20.98105,6.38582],"cubes":[{"origin":[7,20.98105,6.38582],"size":[7,6,0],"uv":[51,0],"inflate":0,"mirror":true},{"origin":[6.5,20.98105,6.88582],"size":[7,6,0],"pivot":[10,23.98105,6.88582],"rotation":[0,-90,0],"uv":[51,0],"inflate":0,"mirror":true}],"parent":"Body","rotation":[0,-30,90]},{"name":"Ow18","pivot":[10,28.98105,0.38582],"cubes":[{"origin":[7,28.98105,0.38582],"size":[7,6,0],"uv":[51,0],"inflate":0,"mirror":true},{"origin":[6.5,28.98105,0.88582],"size":[7,6,0],"pivot":[10,31.98105,0.88582],"rotation":[0,-90,0],"uv":[51,0],"inflate":0,"mirror":true}],"parent":"Body","rotation":[0,-30,90]},{"name":"Ow19","pivot":[8,18.98105,-5.61418],"cubes":[{"origin":[5,18.98105,-5.61418],"size":[7,6,0],"uv":[51,0],"inflate":0,"mirror":true},{"origin":[4.5,18.98105,-5.11418],"size":[7,6,0],"pivot":[8,21.98105,-5.11418],"rotation":[0,-90,0],"uv":[51,0],"inflate":0,"mirror":true}],"parent":"Body","rotation":[0,-55,90]},{"name":"Ow20","pivot":[8,30.98105,-5.61418],"cubes":[{"origin":[5,30.98105,-5.61418],"size":[7,6,0],"uv":[51,0],"inflate":0,"mirror":true},{"origin":[4.5,30.98105,-5.11418],"size":[7,6,0],"pivot":[8,33.98105,-5.11418],"rotation":[0,-90,0],"uv":[51,0],"inflate":0,"mirror":true}],"parent":"Body","rotation":[-25,-77.5,90]},{"name":"Ow23","pivot":[7,27.98105,13.38582],"cubes":[{"origin":[4,27.98105,13.38582],"size":[7,6,0],"uv":[51,0],"inflate":0,"mirror":true},{"origin":[3.5,27.98105,13.88582],"size":[7,6,0],"pivot":[7,30.98105,13.88582],"rotation":[0,-90,0],"uv":[51,0],"inflate":0,"mirror":true}],"parent":"Body","rotation":[-25,-77.5,90]},{"name":"Ow24","pivot":[5,23.98105,21.38582],"cubes":[{"origin":[2,23.98105,21.38582],"size":[7,6,0],"uv":[51,0],"inflate":0,"mirror":true},{"origin":[1.5,23.98105,21.88582],"size":[7,6,0],"pivot":[5,26.98105,21.88582],"rotation":[0,-90,0],"uv":[51,0],"inflate":0,"mirror":true}],"parent":"Body","rotation":[-154.29585,-83.80314,-118.64683]},{"name":"Ow25","pivot":[5,19.98105,11.38582],"cubes":[{"origin":[2,19.98105,11.38582],"size":[7,6,0],"uv":[51,0],"inflate":0,"mirror":true},{"origin":[1.5,19.98105,11.88582],"size":[7,6,0],"pivot":[5,22.98105,11.88582],"rotation":[0,-90,0],"uv":[51,0],"inflate":0,"mirror":true}],"parent":"Body","rotation":[-154.29585,-83.80314,-118.64683]},{"name":"Leg3","pivot":[6.5,19.83333,18],"cubes":[{"origin":[3,13,14],"size":[7,8,8],"uv":[88,58],"inflate":0,"mirror":true},{"origin":[3.5,6,14.5],"size":[6,7,7],"uv":[89,85],"inflate":0,"mirror":true},{"origin":[4.5,0,15.5],"size":[4,6,5],"uv":[90,18],"inflate":0,"mirror":true}],"parent":"Root"},{"name":"Leg4","pivot":[-6.5,19.83333,18],"cubes":[{"origin":[-10,13,14],"size":[7,8,8],"uv":[88,58],"inflate":0},{"origin":[-9.5,6,14.5],"size":[6,7,7],"uv":[89,85],"inflate":0},{"origin":[-8.5,0,15.5],"size":[4,6,5],"uv":[90,18],"inflate":0}],"parent":"Root"}]}]}