{
  "format_version": "1.12.0",
  "minecraft:geometry": [
    {
      "description": {
        "identifier": "geometry.yg_caine",
        "texture_width": 128,
        "texture_height": 128,
        "visible_bounds_width": 2,
        "visible_bounds_height": 4.5,
        "visible_bounds_offset": [
          0,
          1.75,
          0
        ]
      },
      "bones": [
        {
          "name": "Root"
        },
        {
          "name": "Body",
          "pivot": [
            0,
            17,
            0
          ],
          "cubes": [
            {
              "origin": [
                -2.5,
                20.0,
                -2.0
              ],
              "size": [
                5.0,
                4.0,
                4.0
              ],
              "uv": [
                42,
                48
              ],
              "inflate": 0
            },
            {
              "origin": [
                -2.8,
                16.82,
                -2.24
              ],
              "size": [
                5.6,
                3.36,
                4.48
              ],
              "uv": [
                0,
                49
              ],
              "inflate": 0
            },
            {
              "origin": [
                -3.0,
                9.0,
                -0.7
              ],
              "size": [
                6.0,
                8.0,
                3.0
              ],
              "uv": [
                44,
                23
              ],
              "inflate": 0
            },
            {
              "origin": [
                -3.0,
                9.0,
                2.2
              ],
              "size": [
                6.0,
                8.0,
                0.0
              ],
              "uv": [
                0,
                56
              ],
              "inflate": 0
            }
          ],
          "parent": "Root"
        },
        {
          "name": "Body2",
          "pivot": [
            0,
            24,
            0
          ],
          "cubes": [
            {
              "origin": [
                -3.12,
                23.88,
                -2.6
              ],
              "size": [
                6.24,
                6.24,
                5.2
              ],
              "uv": [
                24,
                40
              ],
              "inflate": 0
            },
            {
              "origin": [
                -4.4352,
                24.84282,
                -2.5
              ],
              "size": [
                2.0,
                5.0,
                5.0
              ],
              "pivot": [
                -3.4352,
                27.34282,
                0.0
              ],
              "rotation": [
                0.0,
                0.0,
                -12.5
              ],
              "uv": [
                13,
                51
              ],
              "inflate": 0
            },
            {
              "origin": [
                2.4352,
                24.84282,
                -2.5
              ],
              "size": [
                2.0,
                5.0,
                5.0
              ],
              "pivot": [
                3.4352,
                27.34282,
                0.0
              ],
              "rotation": [
                0.0,
                0.0,
                12.5
              ],
              "uv": [
                13,
                51
              ],
              "inflate": 0,
              "mirror": true
            },
            {
              "origin": [
                -3.66598,
                24.12401,
                -2.0
              ],
              "size": [
                1.0,
                1.0,
                4.0
              ],
              "pivot": [
                -3.16598,
                24.62401,
                0.0
              ],
              "rotation": [
                0.0,
                0.0,
                -40.0
              ],
              "uv": [
                31,
                0
              ],
              "inflate": 0
            },
            {
              "origin": [
                2.66598,
                24.12401,
                -2.0
              ],
              "size": [
                1.0,
                1.0,
                4.0
              ],
              "pivot": [
                3.16598,
                24.62401,
                0.0
              ],
              "rotation": [
                0.0,
                0.0,
                40.0
              ],
              "uv": [
                31,
                0
              ],
              "inflate": 0,
              "mirror": true
            }
          ],
          "parent": "Body"
        },
        {
          "name": "Head",
          "pivot": [
            0,
            31,
            0
          ],
          "parent": "Body2"
        },
        {
          "name": "Upper_jaw",
          "pivot": [
            0,
            40,
            5.5
          ],
          "cubes": [
            {
              "origin": [
                -5.0,
                38.0,
                -6.0
              ],
              "size": [
                10.0,
                2.0,
                11.0
              ],
              "uv": [
                31,
                2
              ],
              "inflate": 0
            },
            {
              "origin": [
                -5.4,
                39.92,
                -6.44
              ],
              "size": [
                10.8,
                2.16,
                11.88
              ],
              "uv": [
                0,
                26
              ],
              "inflate": 0
            },
            {
              "origin": [
                -6.59265,
                41.91159,
                -2.44
              ],
              "size": [
                7.0,
                1.0,
                7.0
              ],
              "pivot": [
                -3.09265,
                42.41159,
                1.06
              ],
              "rotation": [
                0.0,
                0.0,
                -5.0
              ],
              "uv": [
                31,
                15
              ],
              "inflate": 0
            },
            {
              "origin": [
                -6.572,
                45.89066,
                -1.9
              ],
              "size": [
                6.0,
                4.0,
                6.0
              ],
              "pivot": [
                -3.572,
                47.89066,
                1.1
              ],
              "rotation": [
                0.0,
                0.0,
                -5.0
              ],
              "uv": [
                0,
                39
              ],
              "inflate": 0
            },
            {
              "origin": [
                -5.96696,
                42.78398,
                -1.6
              ],
              "size": [
                5.4,
                3.24,
                5.4
              ],
              "pivot": [
                -3.26696,
                44.40398,
                1.1
              ],
              "rotation": [
                0.0,
                0.0,
                -5.0
              ],
              "uv": [
                46,
                40
              ],
              "inflate": 0
            }
          ],
          "parent": "Head"
        },
        {
          "name": "Lower_jaw",
          "pivot": [
            0,
            33,
            4.5
          ],
          "cubes": [
            {
              "origin": [
                -5.0,
                33.0,
                -6.0
              ],
              "size": [
                10.0,
                2.0,
                11.0
              ],
              "uv": [
                0,
                13
              ],
              "inflate": 0
            },
            {
              "origin": [
                -5.4,
                30.92,
                -6.44
              ],
              "size": [
                10.8,
                2.16,
                11.88
              ],
              "uv": [
                0,
                0
              ],
              "inflate": 0
            }
          ],
          "parent": "Head"
        },
        {
          "name": "Eye_ball",
          "pivot": [
            -2,
            36.5,
            -4.6
          ],
          "cubes": [
            {
              "origin": [
                -3.5,
                35.0,
                -7.0
              ],
              "size": [
                3.0,
                3.0,
                3.0
              ],
              "uv": [
                52,
                56
              ],
              "inflate": 0
            },
            {
              "origin": [
                -3.0,
                35.5,
                -7.1
              ],
              "size": [
                2.0,
                2.0,
                0.0
              ],
              "uv": [
                6,
                13
              ],
              "inflate": 0
            },
            {
              "origin": [
                -2.5,
                36.0,
                -7.2
              ],
              "size": [
                1.0,
                1.0,
                0.0
              ],
              "uv": [
                0,
                1
              ],
              "inflate": 0
            }
          ],
          "parent": "Head"
        },
        {
          "name": "Eye_ball2",
          "pivot": [
            2,
            36.5,
            -4.6
          ],
          "cubes": [
            {
              "origin": [
                0.5,
                35.0,
                -7.0
              ],
              "size": [
                3.0,
                3.0,
                3.0
              ],
              "uv": [
                40,
                56
              ],
              "inflate": 0
            },
            {
              "origin": [
                1.0,
                35.5,
                -7.1
              ],
              "size": [
                2.0,
                2.0,
                0.0
              ],
              "uv": [
                6,
                8
              ],
              "inflate": 0
            },
            {
              "origin": [
                1.5,
                36.0,
                -7.2
              ],
              "size": [
                1.0,
                1.0,
                0.0
              ],
              "uv": [
                0,
                0
              ],
              "inflate": 0
            }
          ],
          "parent": "Head"
        },
        {
          "name": "Rightarm",
          "pivot": [
            -3,
            29,
            0
          ],
          "cubes": [
            {
              "origin": [
                -5.0,
                23.0,
                -1.0
              ],
              "size": [
                2.0,
                6.0,
                2.0
              ],
              "uv": [
                0,
                13
              ],
              "inflate": 0
            }
          ],
          "parent": "Body2"
        },
        {
          "name": "bone2",
          "pivot": [
            -4,
            23,
            0
          ],
          "cubes": [
            {
              "origin": [
                -5.08,
                16.76,
                -1.08
              ],
              "size": [
                2.16,
                6.48,
                2.16
              ],
              "uv": [
                0,
                13
              ],
              "inflate": 0
            },
            {
              "origin": [
                -5.3,
                16.85,
                -1.3
              ],
              "size": [
                2.6,
                1.3,
                2.6
              ],
              "uv": [
                0,
                8
              ],
              "inflate": 0
            },
            {
              "origin": [
                -5.23895,
                14.01711,
                -2.0
              ],
              "size": [
                3.0,
                3.0,
                4.0
              ],
              "pivot": [
                -3.73895,
                15.51711,
                0.0
              ],
              "rotation": [
                0.0,
                0.0,
                -7.5
              ],
              "uv": [
                52,
                15
              ],
              "inflate": 0
            },
            {
              "origin": [
                -4.5,
                15.0,
                -7.0
              ],
              "size": [
                1.0,
                1.0,
                15.0
              ],
              "uv": [
                27,
                24
              ],
              "inflate": 0
            },
            {
              "origin": [
                -4.59,
                14.91,
                -7.09
              ],
              "size": [
                1.18,
                1.18,
                1.18
              ],
              "uv": [
                6,
                0
              ],
              "inflate": 0
            },
            {
              "origin": [
                -5.0,
                14.5,
                -9.0
              ],
              "size": [
                2.0,
                2.0,
                2.0
              ],
              "uv": [
                31,
                5
              ],
              "inflate": 0
            }
          ],
          "parent": "Rightarm"
        },
        {
          "name": "Leftarm",
          "pivot": [
            3,
            29,
            0
          ],
          "cubes": [
            {
              "origin": [
                3.0,
                23.0,
                -1.0
              ],
              "size": [
                2.0,
                6.0,
                2.0
              ],
              "uv": [
                0,
                13
              ],
              "inflate": 0,
              "mirror": true
            }
          ],
          "parent": "Body2"
        },
        {
          "name": "bone3",
          "pivot": [
            4,
            23,
            0
          ],
          "cubes": [
            {
              "origin": [
                2.92,
                16.76,
                -1.08
              ],
              "size": [
                2.16,
                6.48,
                2.16
              ],
              "uv": [
                0,
                13
              ],
              "inflate": 0,
              "mirror": true
            },
            {
              "origin": [
                2.7,
                16.85,
                -1.3
              ],
              "size": [
                2.6,
                1.3,
                2.6
              ],
              "uv": [
                0,
                8
              ],
              "inflate": 0,
              "mirror": true
            },
            {
              "origin": [
                2.23895,
                14.01711,
                -2.0
              ],
              "size": [
                3.0,
                3.0,
                4.0
              ],
              "pivot": [
                3.73895,
                15.51711,
                0.0
              ],
              "rotation": [
                0.0,
                0.0,
                7.5
              ],
              "uv": [
                52,
                15
              ],
              "inflate": 0,
              "mirror": true
            }
          ],
          "parent": "Leftarm"
        },
        {
          "name": "Rightleg",
          "pivot": [
            -2,
            17,
            0
          ],
          "cubes": [
            {
              "origin": [
                -3.24,
                11.4,
                -1.24
              ],
              "size": [
                2.48,
                6.2,
                2.48
              ],
              "uv": [
                0,
                0
              ],
              "inflate": 0
            }
          ],
          "parent": "Root"
        },
        {
          "name": "bone",
          "pivot": [
            -2,
            12,
            0
          ],
          "cubes": [
            {
              "origin": [
                -3.3824,
                6.044,
                -1.3824
              ],
              "size": [
                2.7648,
                5.912,
                2.7648
              ],
              "uv": [
                0,
                26
              ],
              "inflate": 0
            },
            {
              "origin": [
                -3.5,
                4.84154,
                -3.81116
              ],
              "size": [
                3.0,
                2.0,
                5.0
              ],
              "pivot": [
                -2.0,
                5.84154,
                -1.31116
              ],
              "rotation": [
                10.0,
                0.0,
                0.0
              ],
              "uv": [
                27,
                51
              ],
              "inflate": 0
            }
          ],
          "parent": "Rightleg"
        },
        {
          "name": "Leftleg",
          "pivot": [
            2,
            17,
            0
          ],
          "cubes": [
            {
              "origin": [
                0.76,
                11.4,
                -1.24
              ],
              "size": [
                2.48,
                6.2,
                2.48
              ],
              "uv": [
                0,
                0
              ],
              "inflate": 0,
              "mirror": true
            }
          ],
          "parent": "Root"
        },
        {
          "name": "bone4",
          "pivot": [
            2,
            12,
            0
          ],
          "cubes": [
            {
              "origin": [
                0.6176,
                6.044,
                -1.3824
              ],
              "size": [
                2.7648,
                5.912,
                2.7648
              ],
              "uv": [
                0,
                26
              ],
              "inflate": 0,
              "mirror": true
            },
            {
              "origin": [
                0.5,
                4.84154,
                -3.81116
              ],
              "size": [
                3.0,
                2.0,
                5.0
              ],
              "pivot": [
                2.0,
                5.84154,
                -1.31116
              ],
              "rotation": [
                10.0,
                0.0,
                0.0
              ],
              "uv": [
                27,
                51
              ],
              "inflate": 0,
              "mirror": true
            }
          ],
          "parent": "Leftleg"
        }
      ]
    }
  ]
}