{
  "format_version": "1.12.0",
  "minecraft:geometry": [
    {
      "description": {
        "identifier": "geometry.yg_jax",
        "texture_width": 64,
        "texture_height": 64,
        "visible_bounds_width": 3,
        "visible_bounds_height": 6.5,
        "visible_bounds_offset": [
          0,
          2.75,
          0
        ]
      },
      "bones": [
        {
          "name": "Root"
        },
        {
          "name": "Body",
          "pivot": [
            0,
            29,
            0
          ],
          "cubes": [
            {
              "origin": [
                -4.08,
                27.88,
                -3.06
              ],
              "size": [
                8.16,
                12.24,
                6.12
              ],
              "uv": [
                0,
                16
              ],
              "inflate": 0
            },
            {
              "origin": [
                -3.0,
                38.0,
                -3.1
              ],
              "size": [
                2.0,
                2.0,
                0.0
              ],
              "uv": [
                0,
                6
              ],
              "inflate": 0
            },
            {
              "origin": [
                1.0,
                38.0,
                -3.1
              ],
              "size": [
                2.0,
                2.0,
                0.0
              ],
              "uv": [
                0,
                6
              ],
              "inflate": 0,
              "mirror": true
            }
          ],
          "parent": "Root"
        },
        {
          "name": "Body2",
          "pivot": [
            0,
            40,
            0
          ],
          "cubes": [
            {
              "origin": [
                -1.0,
                49.0,
                -1.0
              ],
              "size": [
                2.0,
                4.0,
                2.0
              ],
              "uv": [
                0,
                0
              ],
              "inflate": 0
            },
            {
              "origin": [
                -4.0,
                40.0,
                -3.0
              ],
              "size": [
                8.0,
                9.0,
                6.0
              ],
              "uv": [
                28,
                16
              ],
              "inflate": 0
            }
          ],
          "parent": "Body"
        },
        {
          "name": "Head",
          "pivot": [
            0,
            52,
            0
          ],
          "cubes": [
            {
              "origin": [
                -5.0,
                52.0,
                -4.0
              ],
              "size": [
                10.0,
                8.0,
                8.0
              ],
              "uv": [
                0,
                0
              ],
              "inflate": 0
            },
            {
              "origin": [
                -3.3,
                56.0,
                -4.1
              ],
              "size": [
                2.0,
                2.0,
                0.0
              ],
              "uv": [
                4,
                6
              ],
              "inflate": 0
            },
            {
              "origin": [
                1.3,
                56.0,
                -4.1
              ],
              "size": [
                2.0,
                2.0,
                0.0
              ],
              "uv": [
                4,
                6
              ],
              "inflate": 0,
              "mirror": true
            },
            {
              "origin": [
                -4.26147,
                59.98858,
                0.0
              ],
              "size": [
                2.0,
                6.0,
                1.0
              ],
              "pivot": [
                -3.26147,
                62.98858,
                0.5
              ],
              "rotation": [
                0.0,
                0.0,
                -5.0
              ],
              "uv": [
                48,
                38
              ],
              "inflate": 0
            },
            {
              "origin": [
                2.26147,
                59.98858,
                0.0
              ],
              "size": [
                2.0,
                6.0,
                1.0
              ],
              "pivot": [
                3.26147,
                62.98858,
                0.5
              ],
              "rotation": [
                0.0,
                0.0,
                5.0
              ],
              "uv": [
                48,
                38
              ],
              "inflate": 0,
              "mirror": true
            },
            {
              "origin": [
                -5.07156,
                65.16195,
                -0.1
              ],
              "size": [
                2.4,
                9.6,
                1.2
              ],
              "pivot": [
                -3.87156,
                69.96195,
                0.5
              ],
              "rotation": [
                0.0,
                0.0,
                -5.0
              ],
              "uv": [
                48,
                0
              ],
              "inflate": 0
            },
            {
              "origin": [
                2.67156,
                65.16195,
                -0.1
              ],
              "size": [
                2.4,
                9.6,
                1.2
              ],
              "pivot": [
                3.87156,
                69.96195,
                0.5
              ],
              "rotation": [
                0.0,
                0.0,
                5.0
              ],
              "uv": [
                48,
                0
              ],
              "inflate": 0,
              "mirror": true
            }
          ],
          "parent": "Body2"
        },
        {
          "name": "Rightarm",
          "pivot": [
            -4,
            47.5,
            0
          ],
          "cubes": [
            {
              "origin": [
                -6.0,
                37.0,
                -1.0
              ],
              "size": [
                2.0,
                11.0,
                2.0
              ],
              "uv": [
                40,
                42
              ],
              "inflate": 0
            }
          ],
          "parent": "Body2"
        },
        {
          "name": "bone2",
          "pivot": [
            -5,
            38,
            0
          ],
          "cubes": [
            {
              "origin": [
                -6.16,
                25.12,
                -1.16
              ],
              "size": [
                2.32,
                12.76,
                2.32
              ],
              "uv": [
                32,
                42
              ],
              "inflate": 0
            },
            {
              "origin": [
                -6.5,
                25.0,
                -1.5
              ],
              "size": [
                3.0,
                1.0,
                3.0
              ],
              "uv": [
                22,
                16
              ],
              "inflate": 0
            },
            {
              "origin": [
                -6.0,
                21.0,
                -2.0
              ],
              "size": [
                2.0,
                4.0,
                4.0
              ],
              "uv": [
                36,
                8
              ],
              "inflate": 0
            },
            {
              "origin": [
                -5.5021,
                18.49686,
                -2.0
              ],
              "size": [
                2.0,
                3.0,
                4.0
              ],
              "pivot": [
                -4.5021,
                19.99686,
                0.0
              ],
              "rotation": [
                0.0,
                0.0,
                -22.5
              ],
              "uv": [
                40,
                31
              ],
              "inflate": 0
            },
            {
              "origin": [
                -4.36083,
                21.85746,
                -2.68077
              ],
              "size": [
                1.0,
                3.0,
                1.0
              ],
              "pivot": [
                -3.86083,
                23.35746,
                -2.18077
              ],
              "rotation": [
                -25.0,
                0.0,
                -22.5
              ],
              "uv": [
                0,
                16
              ],
              "inflate": 0
            }
          ],
          "parent": "Rightarm"
        },
        {
          "name": "Leftarm",
          "pivot": [
            4,
            47.5,
            0
          ],
          "cubes": [
            {
              "origin": [
                4.0,
                37.0,
                -1.0
              ],
              "size": [
                2.0,
                11.0,
                2.0
              ],
              "uv": [
                40,
                42
              ],
              "inflate": 0,
              "mirror": true
            }
          ],
          "parent": "Body2"
        },
        {
          "name": "bone3",
          "pivot": [
            5,
            38,
            0
          ],
          "cubes": [
            {
              "origin": [
                3.84,
                25.12,
                -1.16
              ],
              "size": [
                2.32,
                12.76,
                2.32
              ],
              "uv": [
                32,
                42
              ],
              "inflate": 0,
              "mirror": true
            },
            {
              "origin": [
                3.5,
                25.0,
                -1.5
              ],
              "size": [
                3.0,
                1.0,
                3.0
              ],
              "uv": [
                22,
                16
              ],
              "inflate": 0,
              "mirror": true
            },
            {
              "origin": [
                4.0,
                21.0,
                -2.0
              ],
              "size": [
                2.0,
                4.0,
                4.0
              ],
              "uv": [
                36,
                8
              ],
              "inflate": 0,
              "mirror": true
            },
            {
              "origin": [
                3.5021,
                18.49686,
                -2.0
              ],
              "size": [
                2.0,
                3.0,
                4.0
              ],
              "pivot": [
                4.5021,
                19.99686,
                0.0
              ],
              "rotation": [
                0.0,
                0.0,
                22.5
              ],
              "uv": [
                40,
                31
              ],
              "inflate": 0,
              "mirror": true
            },
            {
              "origin": [
                3.36083,
                21.85746,
                -2.68077
              ],
              "size": [
                1.0,
                3.0,
                1.0
              ],
              "pivot": [
                3.86083,
                23.35746,
                -2.18077
              ],
              "rotation": [
                -25.0,
                0.0,
                22.5
              ],
              "uv": [
                0,
                16
              ],
              "inflate": 0,
              "mirror": true
            }
          ],
          "parent": "Leftarm"
        },
        {
          "name": "Rightleg",
          "pivot": [
            -3,
            28.5,
            0
          ],
          "cubes": [
            {
              "origin": [
                -5.0,
                16.0,
                -2.0
              ],
              "size": [
                4.0,
                13.0,
                4.0
              ],
              "uv": [
                16,
                42
              ],
              "inflate": 0
            }
          ],
          "parent": "Root"
        },
        {
          "name": "bone",
          "pivot": [
            -3,
            17,
            0
          ],
          "cubes": [
            {
              "origin": [
                -5.32,
                2.96,
                -2.32
              ],
              "size": [
                4.64,
                14.08,
                4.64
              ],
              "uv": [
                0,
                34
              ],
              "inflate": 0
            },
            {
              "origin": [
                -5.5984,
                2.7752,
                -2.5984
              ],
              "size": [
                5.1968,
                3.4496,
                5.1968
              ],
              "uv": [
                28,
                0
              ],
              "inflate": 0
            },
            {
              "origin": [
                -6.0,
                0.0,
                -5.0
              ],
              "size": [
                6.0,
                4.0,
                7.0
              ],
              "uv": [
                21,
                31
              ],
              "inflate": 0
            }
          ],
          "parent": "Rightleg"
        },
        {
          "name": "Leftleg",
          "pivot": [
            3,
            28.5,
            0
          ],
          "cubes": [
            {
              "origin": [
                1.0,
                16.0,
                -2.0
              ],
              "size": [
                4.0,
                13.0,
                4.0
              ],
              "uv": [
                16,
                42
              ],
              "inflate": 0,
              "mirror": true
            }
          ],
          "parent": "Root"
        },
        {
          "name": "bone4",
          "pivot": [
            3,
            17,
            0
          ],
          "cubes": [
            {
              "origin": [
                0.68,
                2.96,
                -2.32
              ],
              "size": [
                4.64,
                14.08,
                4.64
              ],
              "uv": [
                0,
                34
              ],
              "inflate": 0,
              "mirror": true
            },
            {
              "origin": [
                0.4016,
                2.7752,
                -2.5984
              ],
              "size": [
                5.1968,
                3.4496,
                5.1968
              ],
              "uv": [
                28,
                0
              ],
              "inflate": 0,
              "mirror": true
            },
            {
              "origin": [
                0.0,
                0.0,
                -5.0
              ],
              "size": [
                6.0,
                4.0,
                7.0
              ],
              "uv": [
                21,
                31
              ],
              "inflate": 0,
              "mirror": true
            }
          ],
          "parent": "Leftleg"
        }
      ]
    }
  ]
}