{
  "format_version": "1.12.0",
  "minecraft:geometry": [
    {
      "description": {
        "identifier": "geometry.yg_pomni",
        "texture_width": 128,
        "texture_height": 128,
        "visible_bounds_width": 3,
        "visible_bounds_height": 4.5,
        "visible_bounds_offset": [
          0,
          1.75,
          0
        ]
      },
      "bones": [
        {
          "name": "Root"
        },
        {
          "name": "Body",
          "pivot": [
            0,
            14,
            0
          ],
          "cubes": [
            {
              "origin": [
                -2.576,
                16.424,
                -2.576
              ],
              "size": [
                5.152,
                5.152,
                5.152
              ],
              "uv": [
                32,
                0
              ],
              "inflate": 0
            },
            {
              "origin": [
                -1.0,
                19.0,
                -4.5
              ],
              "size": [
                2.0,
                2.0,
                2.0
              ],
              "uv": [
                14,
                45
              ],
              "inflate": 0
            },
            {
              "origin": [
                -2.8,
                13.82,
                -2.8
              ],
              "size": [
                5.6,
                3.36,
                5.6
              ],
              "uv": [
                20,
                47
              ],
              "inflate": 0
            },
            {
              "origin": [
                -3.42235,
                13.21022,
                -3.0
              ],
              "size": [
                2.0,
                4.0,
                6.0
              ],
              "pivot": [
                -2.42235,
                15.21022,
                0.0
              ],
              "rotation": [
                0.0,
                0.0,
                -15.0
              ],
              "uv": [
                49,
                4
              ],
              "inflate": 0
            },
            {
              "origin": [
                1.5,
                13.2,
                -3.0
              ],
              "size": [
                2.0,
                4.0,
                6.0
              ],
              "pivot": [
                2.5,
                15.5,
                0.0
              ],
              "rotation": [
                0.0,
                0.0,
                15.0
              ],
              "uv": [
                49,
                4
              ],
              "inflate": 0,
              "mirror": true
            }
          ],
          "parent": "Root"
        },
        {
          "name": "Body2",
          "pivot": [
            0,
            21,
            -1
          ],
          "cubes": [
            {
              "origin": [
                -1.0,
                26.0,
                -1.0
              ],
              "size": [
                2.0,
                3.0,
                2.0
              ],
              "uv": [
                44,
                35
              ],
              "inflate": 0
            },
            {
              "origin": [
                -3.0,
                21.0,
                -3.0
              ],
              "size": [
                6.0,
                6.0,
                6.0
              ],
              "uv": [
                26,
                35
              ],
              "inflate": 0
            },
            {
              "origin": [
                -1.0,
                23.0,
                -4.5
              ],
              "size": [
                2.0,
                2.0,
                2.0
              ],
              "uv": [
                14,
                45
              ],
              "inflate": 0
            }
          ],
          "parent": "Body"
        },
        {
          "name": "Head",
          "pivot": [
            0,
            28,
            0
          ],
          "cubes": [
            {
              "origin": [
                -4.0,
                28.0,
                -4.0
              ],
              "size": [
                8.0,
                8.0,
                8.0
              ],
              "uv": [
                0,
                0
              ],
              "inflate": 0
            },
            {
              "origin": [
                -4.32,
                27.47185,
                -1.92354
              ],
              "size": [
                8.64,
                7.56,
                6.48
              ],
              "pivot": [
                0.0,
                31.25185,
                1.31646
              ],
              "rotation": [
                5.0,
                0.0,
                0.0
              ],
              "uv": [
                27,
                10
              ],
              "inflate": 0
            },
            {
              "origin": [
                -4.30936,
                30.9447,
                -4.36955
              ],
              "size": [
                1.0,
                5.0,
                2.0
              ],
              "pivot": [
                -3.80936,
                33.4447,
                -3.36955
              ],
              "rotation": [
                0.0,
                -22.5,
                7.5
              ],
              "uv": [
                24,
                27
              ],
              "inflate": 0
            },
            {
              "origin": [
                3.30936,
                30.9447,
                -4.36955
              ],
              "size": [
                1.0,
                5.0,
                2.0
              ],
              "pivot": [
                3.80936,
                33.4447,
                -3.36955
              ],
              "rotation": [
                0.0,
                22.5,
                -7.5
              ],
              "uv": [
                24,
                27
              ],
              "inflate": 0,
              "mirror": true
            },
            {
              "origin": [
                -2.60414,
                32.5,
                -4.4
              ],
              "size": [
                3.0,
                3.0,
                1.0
              ],
              "uv": [
                47,
                0
              ],
              "inflate": 0
            },
            {
              "origin": [
                0.5,
                32.54628,
                -4.4
              ],
              "size": [
                1.0,
                3.0,
                1.0
              ],
              "pivot": [
                1.0,
                34.04628,
                -3.9
              ],
              "rotation": [
                0.0,
                0.0,
                -17.5
              ],
              "uv": [
                0,
                37
              ],
              "inflate": 0
            },
            {
              "origin": [
                -4.75749,
                26.0141,
                -4.78622
              ],
              "size": [
                1.0,
                5.0,
                3.0
              ],
              "pivot": [
                -4.25749,
                28.5141,
                -3.28622
              ],
              "rotation": [
                2.06754,
                -22.40972,
                2.09039
              ],
              "uv": [
                0,
                0
              ],
              "inflate": 0
            },
            {
              "origin": [
                3.75749,
                26.0141,
                -4.78622
              ],
              "size": [
                1.0,
                5.0,
                3.0
              ],
              "pivot": [
                4.25749,
                28.5141,
                -3.28622
              ],
              "rotation": [
                2.06754,
                22.40972,
                -2.09039
              ],
              "uv": [
                0,
                0
              ],
              "inflate": 0,
              "mirror": true
            },
            {
              "origin": [
                -4.5792,
                33.90141,
                -4.66636
              ],
              "size": [
                9.1584,
                2.2048,
                9.1584
              ],
              "pivot": [
                0.0,
                35.00381,
                -0.08716
              ],
              "rotation": [
                -5.0,
                0.0,
                0.0
              ],
              "uv": [
                0,
                16
              ],
              "inflate": 0
            },
            {
              "origin": [
                -4.32,
                35.95619,
                -4.23284
              ],
              "size": [
                8.64,
                2.08,
                8.64
              ],
              "pivot": [
                0.0,
                36.99619,
                0.08716
              ],
              "rotation": [
                -5.0,
                0.0,
                0.0
              ],
              "uv": [
                0,
                27
              ],
              "inflate": 0
            },
            {
              "origin": [
                -7.68892,
                34.57208,
                -0.60956
              ],
              "size": [
                7.0,
                6.0,
                6.0
              ],
              "pivot": [
                -4.18892,
                37.57208,
                2.39044
              ],
              "rotation": [
                10.8448,
                30.82594,
                20.49807
              ],
              "uv": [
                30,
                23
              ],
              "inflate": 0
            },
            {
              "origin": [
                0.68892,
                34.57208,
                -0.60956
              ],
              "size": [
                7.0,
                6.0,
                6.0
              ],
              "pivot": [
                4.18892,
                37.57208,
                2.39044
              ],
              "rotation": [
                10.8448,
                -30.82594,
                -20.49807
              ],
              "uv": [
                30,
                23
              ],
              "inflate": 0,
              "mirror": true
            },
            {
              "origin": [
                -1.3547,
                37.00007,
                -3.05227
              ],
              "size": [
                2.0,
                2.0,
                6.0
              ],
              "pivot": [
                -0.3547,
                38.00007,
                -0.05227
              ],
              "rotation": [
                18.89595,
                26.94622,
                37.0662
              ],
              "uv": [
                50,
                17
              ],
              "inflate": 0
            },
            {
              "origin": [
                -0.6453,
                37.00007,
                -3.05227
              ],
              "size": [
                2.0,
                2.0,
                6.0
              ],
              "pivot": [
                0.3547,
                38.00007,
                -0.05227
              ],
              "rotation": [
                18.89595,
                -26.94622,
                -37.0662
              ],
              "uv": [
                50,
                17
              ],
              "inflate": 0,
              "mirror": true
            },
            {
              "origin": [
                -11.25481,
                35.87943,
                2.66217
              ],
              "size": [
                7.0,
                4.0,
                4.0
              ],
              "pivot": [
                -7.75481,
                37.87943,
                4.66217
              ],
              "rotation": [
                -9.36302,
                31.26463,
                -17.62528
              ],
              "uv": [
                0,
                37
              ],
              "inflate": 0
            },
            {
              "origin": [
                4.25481,
                35.87943,
                2.66217
              ],
              "size": [
                7.0,
                4.0,
                4.0
              ],
              "pivot": [
                7.75481,
                37.87943,
                4.66217
              ],
              "rotation": [
                -9.36302,
                -31.26463,
                17.62528
              ],
              "uv": [
                0,
                37
              ],
              "inflate": 0,
              "mirror": true
            },
            {
              "origin": [
                -12.02304,
                33.32246,
                4.78865
              ],
              "size": [
                5.0,
                2.0,
                2.0
              ],
              "pivot": [
                -9.52304,
                34.32246,
                5.78865
              ],
              "rotation": [
                -32.47528,
                1.34295,
                -87.89114
              ],
              "uv": [
                18,
                37
              ],
              "inflate": 0
            },
            {
              "origin": [
                7.02304,
                33.32246,
                4.78865
              ],
              "size": [
                5.0,
                2.0,
                2.0
              ],
              "pivot": [
                9.52304,
                34.32246,
                5.78865
              ],
              "rotation": [
                -32.47528,
                -1.34295,
                87.89114
              ],
              "uv": [
                18,
                37
              ],
              "inflate": 0,
              "mirror": true
            },
            {
              "origin": [
                -10.61662,
                30.03079,
                4.45537
              ],
              "size": [
                2.48,
                2.48,
                2.48
              ],
              "pivot": [
                -9.37662,
                31.27079,
                5.69537
              ],
              "rotation": [
                -30.90686,
                -10.58927,
                -107.06485
              ],
              "uv": [
                14,
                45
              ],
              "inflate": 0
            },
            {
              "origin": [
                8.13662,
                30.03079,
                4.45537
              ],
              "size": [
                2.48,
                2.48,
                2.48
              ],
              "pivot": [
                9.37662,
                31.27079,
                5.69537
              ],
              "rotation": [
                -30.90686,
                10.58927,
                107.06485
              ],
              "uv": [
                14,
                45
              ],
              "inflate": 0,
              "mirror": true
            }
          ],
          "parent": "Body2"
        },
        {
          "name": "Rightarm",
          "pivot": [
            -3,
            26,
            0
          ],
          "cubes": [
            {
              "origin": [
                -6.0,
                24.0,
                -2.0
              ],
              "size": [
                4.0,
                4.0,
                4.0
              ],
              "pivot": [
                -4.0,
                26.0,
                0.0
              ],
              "rotation": [
                0.0,
                0.0,
                7.5
              ],
              "uv": [
                40,
                50
              ],
              "inflate": 0
            },
            {
              "origin": [
                -5.82632,
                23.02139,
                -1.5
              ],
              "size": [
                3.0,
                1.0,
                3.0
              ],
              "pivot": [
                -4.32632,
                23.52139,
                0.0
              ],
              "rotation": [
                0.0,
                0.0,
                7.5
              ],
              "uv": [
                24,
                0
              ],
              "inflate": 0
            },
            {
              "origin": [
                -5.0,
                19.0,
                -1.0
              ],
              "size": [
                2.0,
                5.0,
                2.0
              ],
              "uv": [
                0,
                16
              ],
              "inflate": 0
            }
          ],
          "parent": "Body2"
        },
        {
          "name": "bone",
          "pivot": [
            -4,
            19,
            0
          ],
          "cubes": [
            {
              "origin": [
                -5.0,
                15.0,
                -1.0
              ],
              "size": [
                2.0,
                4.0,
                2.0
              ],
              "uv": [
                0,
                27
              ],
              "inflate": 0
            },
            {
              "origin": [
                -5.24,
                14.88,
                -1.24
              ],
              "size": [
                2.48,
                1.24,
                2.48
              ],
              "uv": [
                35,
                47
              ],
              "inflate": 0
            },
            {
              "origin": [
                -5.5,
                12.0,
                -2.0
              ],
              "size": [
                3.0,
                3.0,
                4.0
              ],
              "pivot": [
                -4.0,
                13.5,
                0.0
              ],
              "rotation": [
                0.0,
                0.0,
                0.0
              ],
              "uv": [
                0,
                54
              ],
              "inflate": 0
            }
          ],
          "parent": "Rightarm"
        },
        {
          "name": "Leftarm",
          "pivot": [
            3,
            26,
            0
          ],
          "cubes": [
            {
              "origin": [
                2.0,
                24.0,
                -2.0
              ],
              "size": [
                4.0,
                4.0,
                4.0
              ],
              "pivot": [
                4.0,
                26.0,
                0.0
              ],
              "rotation": [
                0.0,
                0.0,
                -7.5
              ],
              "uv": [
                40,
                50
              ],
              "inflate": 0,
              "mirror": true
            },
            {
              "origin": [
                2.82632,
                23.02139,
                -1.5
              ],
              "size": [
                3.0,
                1.0,
                3.0
              ],
              "pivot": [
                4.32632,
                23.52139,
                0.0
              ],
              "rotation": [
                0.0,
                0.0,
                -7.5
              ],
              "uv": [
                24,
                0
              ],
              "inflate": 0,
              "mirror": true
            },
            {
              "origin": [
                3.0,
                19.0,
                -1.0
              ],
              "size": [
                2.0,
                5.0,
                2.0
              ],
              "uv": [
                0,
                16
              ],
              "inflate": 0,
              "mirror": true
            }
          ],
          "parent": "Body2"
        },
        {
          "name": "bone3",
          "pivot": [
            4,
            19,
            0
          ],
          "cubes": [
            {
              "origin": [
                3.0,
                15.0,
                -1.0
              ],
              "size": [
                2.0,
                4.0,
                2.0
              ],
              "uv": [
                0,
                27
              ],
              "inflate": 0,
              "mirror": true
            },
            {
              "origin": [
                2.76,
                14.88,
                -1.24
              ],
              "size": [
                2.48,
                1.24,
                2.48
              ],
              "uv": [
                35,
                47
              ],
              "inflate": 0,
              "mirror": true
            },
            {
              "origin": [
                2.5,
                12.0,
                -2.0
              ],
              "size": [
                3.0,
                3.0,
                4.0
              ],
              "pivot": [
                4.0,
                13.5,
                0.0
              ],
              "rotation": [
                0.0,
                0.0,
                0.0
              ],
              "uv": [
                52,
                31
              ],
              "inflate": 0
            }
          ],
          "parent": "Leftarm"
        },
        {
          "name": "Rightleg",
          "pivot": [
            -3,
            15,
            0
          ],
          "cubes": [
            {
              "origin": [
                -5.0,
                12.0,
                -2.0
              ],
              "size": [
                4.0,
                4.0,
                4.0
              ],
              "pivot": [
                -3.0,
                14.0,
                0.0
              ],
              "rotation": [
                0.0,
                0.0,
                12.5
              ],
              "uv": [
                40,
                50
              ],
              "inflate": 0
            },
            {
              "origin": [
                -5.0411,
                11.05926,
                -1.5
              ],
              "size": [
                3.0,
                1.0,
                3.0
              ],
              "pivot": [
                -3.5411,
                11.55926,
                0.0
              ],
              "rotation": [
                0.0,
                0.0,
                12.5
              ],
              "uv": [
                24,
                0
              ],
              "inflate": 0
            },
            {
              "origin": [
                -4.5,
                8.0,
                -1.0
              ],
              "size": [
                2.0,
                4.0,
                2.0
              ],
              "uv": [
                0,
                27
              ],
              "inflate": 0
            }
          ],
          "parent": "Root"
        },
        {
          "name": "bone2",
          "pivot": [
            -3.5,
            8,
            0
          ],
          "cubes": [
            {
              "origin": [
                -4.5,
                4.0,
                -1.0
              ],
              "size": [
                2.0,
                4.0,
                2.0
              ],
              "uv": [
                0,
                27
              ],
              "inflate": 0
            },
            {
              "origin": [
                -5.5,
                0.0,
                -4.6
              ],
              "size": [
                4.0,
                3.0,
                6.0
              ],
              "uv": [
                0,
                45
              ],
              "inflate": 0
            },
            {
              "origin": [
                -4.7,
                2.7,
                -1.2
              ],
              "size": [
                2.4,
                2.6,
                2.4
              ],
              "uv": [
                24,
                4
              ],
              "inflate": 0
            }
          ],
          "parent": "Rightleg"
        },
        {
          "name": "Leftleg",
          "pivot": [
            3,
            15,
            0
          ],
          "cubes": [
            {
              "origin": [
                1.0,
                12.0,
                -2.0
              ],
              "size": [
                4.0,
                4.0,
                4.0
              ],
              "pivot": [
                3.0,
                14.0,
                0.0
              ],
              "rotation": [
                0.0,
                0.0,
                -12.5
              ],
              "uv": [
                40,
                50
              ],
              "inflate": 0,
              "mirror": true
            },
            {
              "origin": [
                2.0411,
                11.05926,
                -1.5
              ],
              "size": [
                3.0,
                1.0,
                3.0
              ],
              "pivot": [
                3.5411,
                11.55926,
                0.0
              ],
              "rotation": [
                0.0,
                0.0,
                -12.5
              ],
              "uv": [
                24,
                0
              ],
              "inflate": 0,
              "mirror": true
            },
            {
              "origin": [
                2.5,
                8.0,
                -1.0
              ],
              "size": [
                2.0,
                4.0,
                2.0
              ],
              "uv": [
                0,
                27
              ],
              "inflate": 0,
              "mirror": true
            }
          ],
          "parent": "Root"
        },
        {
          "name": "bone4",
          "pivot": [
            3.5,
            8,
            0
          ],
          "cubes": [
            {
              "origin": [
                2.5,
                4.0,
                -1.0
              ],
              "size": [
                2.0,
                4.0,
                2.0
              ],
              "uv": [
                0,
                27
              ],
              "inflate": 0,
              "mirror": true
            },
            {
              "origin": [
                1.5,
                0.0,
                -4.6
              ],
              "size": [
                4.0,
                3.0,
                6.0
              ],
              "uv": [
                44,
                41
              ],
              "inflate": 0
            },
            {
              "origin": [
                2.3,
                2.7,
                -1.2
              ],
              "size": [
                2.4,
                2.6,
                2.4
              ],
              "uv": [
                24,
                4
              ],
              "inflate": 0,
              "mirror": true
            }
          ],
          "parent": "Leftleg"
        }
      ]
    }
  ]
}