{
	"format_version": "1.16.100",
	"minecraft:item": {
		"description": {
			"identifier": "fv:wooden_spear",
			"category": "equipment"
		},
		"components": {
			"minecraft:can_destroy_in_creative": false,
			"minecraft:durability": {
				"max_durability": 80
			},
			"minecraft:damage": 6,
			"minecraft:digger": {
				"use_efficiency": true,
				"destroy_speeds": [
					{
						"block": "minecraft:web",
						"speed": 15,
						"on_dig": {
							"event": "on_tool_used",
							"target": "self"
						}
					}
				]
			},
			"minecraft:enchantable": {
				"value": 14,
				"slot": "sword"
			},
			"minecraft:hand_equipped": true,
			"minecraft:icon": {
				"texture": "fv_wooden_spear"
			},
			"minecraft:max_stack_size": 1,
			"minecraft:repairable": {
				"repair_items": [
					{
						"items": [
							"planks"
						],
						"repair_amount": "query.max_durability*0.25"
					},
					{
						"items": [
							"fv:wooden_spear"
						],
						"repair_amount": "context.other->query.remaining_durability+0.12*context.other->query.max_durability"
					}
				]
			},
			"minecraft:weapon": {
				"on_hit_block": {
					"event": "on_tool_used",
					"target": "self"
				},
				"on_hurt_entity": {
					"event": "damaged",
					"target": "self"
				}
			},
			"tag:minecraft:is_sword": {},
			"tag:minecraft:is_tool": {},
			"minecraft:render_offsets": {
				"main_hand": {
					"third_person": {
						"position": [
							1.1,
							1.3,
							-1.5
						],
						"scale": [
							0.12,
							0.04,
							0.1
						]
					},
					"first_person": {
						"position": [
							0.6,
							0.1,
							-1.55
						],
						"scale": [
							0.035,
							0.02,
							0.035
						]
					}
				}
			},
			"minecraft:creative_category": {
				"parent": "itemGroup.name.sword"
			}
		},
		"events": {
			"damaged": {
				"sequence": [
					{
						"damage": {
							"type": "none",
							"amount": 1,
							"target": "self"
						}
					},
					{
						"add_mob_effect": {
							"effect": "slowness",
							"amplifier": 1,
							"duration": 2,
							"target": "other"
						}
					}
				]
			},
			"on_tool_used": {
				"damage": {
					"type": "none",
					"amount": 2,
					"target": "self"
				}
			}
		}
	}
}