{
	"format_version": "1.10.0",
	"geometry.illager_trader": {
		"texturewidth": 96,
		"textureheight": 64,
		"visible_bounds_width": 2,
		"visible_bounds_height": 4.5,
		"visible_bounds_offset": [0, 0.75, 0],
		"bones": [
			{
				"name": "body",
				"pivot": [0, 0, 0],
				"cubes": [
					{"origin": [-4, 12, -3], "size": [8, 12, 6], "uv": [16, 20]},
					{"origin": [-4, 4, -3], "size": [8, 20, 6], "uv": [0, 38], "inflate": 0.5}
				]
			},
			{
				"name": "cape",
				"parent": "body",
				"pivot": [1, 23.5, 3.2],
				"cubes": [
					{"origin": [-5, 4.5, 3], "size": [10, 20, 1], "uv": [68, 43]}
				]
			},
			{
				"name": "head",
				"parent": "body",
				"pivot": [0, 24, 0],
				"cubes": [
					{"origin": [-4, 24, -4], "size": [8, 10, 8], "uv": [0, 0]}
				]
			},
			{
				"name": "helmet",
				"parent": "head",
				"pivot": [0, 24, 0],
				"cubes": [
					{"origin": [-4, 24, -4], "size": [8, 10, 8], "uv": [32, 0], "inflate": 0.5}
				]
			},
			{
				"name": "nose",
				"parent": "head",
				"pivot": [0, 26, 0],
				"cubes": [
					{"origin": [-1, 23, -6], "size": [2, 4, 2], "uv": [24, 0]}
				]
			},
			{
				"name": "rightLeg",
				"parent": "body",
				"pivot": [-2, 12, 0],
				"cubes": [
					{"origin": [-4, 0, -2], "size": [4, 12, 4], "uv": [0, 22]}
				]
			},
			{
				"name": "leftLeg",
				"parent": "body",
				"pivot": [2, 12, 0],
				"cubes": [
					{"origin": [0, 0, -2], "size": [4, 12, 4], "uv": [0, 22], "mirror": true}
				]
			},
			{
				"name": "leftArm",
				"pivot": [5, 22, 0],
				"mirror": true,
				"cubes": [
					{"origin": [4, 12, -2], "size": [4, 12, 4], "uv": [40, 46]}
				]
			},
			{
				"name": "arms",
				"parent": "body",
				"pivot": [0, 22, 0],
				"cubes": [
					{"origin": [-4, 16, -2], "size": [8, 4, 4], "uv": [40, 38]},
					{"origin": [-8, 16, -2], "size": [4, 8, 4], "uv": [44, 22]},
					{"origin": [4, 16, -2], "size": [4, 8, 4], "uv": [44, 22], "mirror": true}
				]
			},
			{
				"name": "rightArm",
				"pivot": [-5, 22, 0],
				"cubes": [
					{"origin": [-8, 12, -2], "size": [4, 12, 4], "uv": [40, 46]}
				]
			},
			{
				"name": "rightItem",
				"parent": "rightArm",
				"pivot": [-6, 15, 1],
				"rotation": [0, 0, 0]
			}
		]
	}
}