{
	"format_version": "1.12.0",
	"minecraft:geometry": [
		{
			"description": {
				"identifier": "geometry.necromancer",
				"texture_width": 64,
				"texture_height": 96,
				"visible_bounds_width": 3,
				"visible_bounds_height": 4.5,
				"visible_bounds_offset": [0, 0.75, 0]
			},
			"bones": [
				{
					"name": "body",
					"pivot": [0, 24, 0],
					"cubes": [
						{"origin": [-4, 12, -3], "size": [8, 12, 6], "uv": [16, 20]},
						{"origin": [-4, 4, -3], "size": [8, 20, 6], "inflate": 0.5, "uv": [0, 38]}
					]
				},
				{
					"name": "head",
					"parent": "body",
					"pivot": [0, 24, 0],
					"cubes": [
						{"origin": [-4, 24, -4], "size": [8, 10, 8], "uv": [0, 0]},
						{"origin": [-4, 24, -4], "size": [8, 10, 8], "inflate": 0.4, "uv": [32, 0]},
						{"origin": [-4.5, 22.5, 7.2], "size": [9, 10, 0], "pivot": [0, 26.83022, 7.21394], "rotation": [-35, 0, 0], "uv": [0, 67]},
						{"origin": [-4.5, 22.5, 7.15], "size": [9, 10, 0], "pivot": [0, 26.83022, 7.21394], "rotation": [-35, 0, 0], "uv": [19, 67]},
						{"origin": [3.5, 24, 3], "size": [8, 10, 0], "pivot": [7, 24, 3], "rotation": [-40, 30, -20], "uv": [1, 78], "mirror": true},
						{"origin": [3.5, 24, 2.95], "size": [8, 10, 0], "pivot": [7, 24, 3], "rotation": [-40, 30, -20], "uv": [20, 78], "mirror": true},
						{"origin": [-11.5, 24, 3], "size": [8, 10, 0], "pivot": [-7, 24, 3], "rotation": [-40, -30, 20], "uv": [1, 78]},
						{"origin": [-11.5, 24, 2.95], "size": [8, 10, 0], "pivot": [-7, 24, 3], "rotation": [-40, -30, 20], "uv": [20, 78]}
					]
				},
				{
					"name": "nose",
					"parent": "head",
					"pivot": [0, 26, 0],
					"cubes": [
						{"origin": [-1, 23, -6], "size": [2, 4, 2], "uv": [24, 0]}
					]
				},
				{
					"name": "arms",
					"parent": "body",
					"pivot": [0, 22, 0],
					"cubes": [
						{"origin": [-8, 16, -2], "size": [4, 8, 4], "uv": [44, 22]},
						{"origin": [4, 16, -2], "size": [4, 8, 4], "uv": [44, 22], "mirror": true},
						{"origin": [-4, 16, -2], "size": [8, 4, 4], "uv": [40, 38]}
					]
				},
				{
					"name": "leg0",
					"parent": "body",
					"pivot": [-2, 12, 0],
					"cubes": [
						{"origin": [-4, 0, -2], "size": [4, 12, 4], "uv": [0, 22]}
					]
				},
				{
					"name": "leg1",
					"parent": "body",
					"pivot": [2, 12, 0],
					"mirror": true,
					"cubes": [
						{"origin": [0, 0, -2], "size": [4, 12, 4], "uv": [0, 22]}
					]
				},
				{
					"name": "rightArm",
					"parent": "body",
					"pivot": [-5, 22, 0],
					"cubes": [
						{"origin": [-8, 12, -2], "size": [4, 12, 4], "uv": [40, 46]}
					]
				},
				{
					"name": "rightItem",
					"parent": "rightArm",
					"pivot": [-5.5, 16, 0.6]
				},
				{
					"name": "leftArm",
					"parent": "body",
					"pivot": [5, 22, 0],
					"mirror": true,
					"cubes": [
						{"origin": [4, 12, -2], "size": [4, 12, 4], "uv": [40, 46]}
					]
				},
				{
					"name": "leftItem",
					"parent": "leftArm",
					"pivot": [5.5, 16, 0.6]
				}
			]
		}
	]
}