{
  "format_version": "1.8.0",
  "minecraft:client_entity": {
    "description": {
      "identifier": "taco:potatomine",
      "materials": { "default": "iron_golem" },
      "textures": {
        "default": "textures/entity/taco/potatomine",
		"costume": "textures/entity/costumes/bdayz/taco/potatomine"
      },
      "geometry": {
        "default": "geometry.potatomine"
      },
      "animations": {
        "move": "animation.potatomine.activate"
      },
      "animation_controllers": [
        { "move": "controller.animation.mover.move" }
      ],
      "render_controllers": [ "controller.render.potatomine", "controller.render.potatomine_costume" ],
      "spawn_egg": {
        "texture": "pvz_seeds",
        "texture_index": 0
      }
    }
  }
}