{
	"format_version": "1.8.0",
	"animations": {
		"animation.blockbuster.move": {
			"loop": true,
			"animation_length": 1,
			"bones": {
				"rootA": {
					"rotation": {
						"0.0": [0, 0, 15],
						"0.25": [-2.5, 0, 15],
						"0.5": [0, 0, 15],
						"0.75": [2.5, 0, 15],
						"1.0": [0, 0, 15]
					}
				},
				"rootB": {
					"rotation": {
						"0.0": [0, 45, -15],
						"0.25": [0, 45, -12.5],
						"0.5": [0, 45, -15],
						"0.75": [0, 45, -17.5],
						"1.0": [0, 45, -15]
					}
				},
				"rootC": {
					"rotation": {
						"0.0": [-15, 0, -15],
						"0.25": [-12.5, 0, -15],
						"0.5": [-15, 0, -15],
						"0.75": [-17.5, 0, -15],
						"1.0": [-15, 0, -15]
					}
				},
				"rootD": {
					"rotation": {
						"0.0": [0, 0, 15],
						"0.25": [2.5, 0, 15],
						"0.5": [0, 0, 15],
						"0.75": [-2.5, 0, 15],
						"1.0": [0, 0, 15]
					}
				},
				"rootBodyA": {
					"rotation": {
						"0.0": [0, 0, 0],
						"0.25": [-2.5, 0, 0],
						"0.5": [0, 0, 0],
						"0.75": [2.5, 0, 0],
						"1.0": [0, 0, 0]
					}
				},
				"rootPeakA": {
					"rotation": {
						"0.0": [2.5, 0, 0],
						"0.25": [-2.5, 0, 0],
						"0.5": [2.5, 0, 0],
						"0.75": [2.5, 0, 0],
						"1.0": [2.5, 0, 0]
					}
				},
				"rootBodyB": {
					"rotation": {
						"0.0": [0, 0, 0],
						"0.25": [0, 0, -2.5],
						"0.5": [0, 0, 0],
						"0.75": [0, 0, 2.5],
						"1.0": [0, 0, 0]
					}
				},
				"rootPeakB": {
					"rotation": {
						"0.0": [0, 0, 0],
						"0.25": [0, 0, -2.5],
						"0.5": [0, 0, 0],
						"0.75": [0, 0, 2.5],
						"1.0": [0, 0, 0]
					}
				},
				"rootBodyC": {
					"rotation": {
						"0.0": [0, 0, 0],
						"0.25": [-2.5, 0, 0],
						"0.5": [0, 0, 0],
						"0.75": [2.5, 0, 0],
						"1.0": [0, 0, 0]
					}
				},
				"rootPeakC": {
					"rotation": {
						"0.0": [0, 0, 0],
						"0.25": [-2.5, 0, 0],
						"0.5": [0, 0, 0],
						"0.75": [2.5, 0, 0],
						"1.0": [0, 0, 0]
					}
				},
				"rootBodyD": {
					"rotation": {
						"0.0": [0, 0, 0],
						"0.25": [-2.5, 0, 0],
						"0.5": [0, 0, 0],
						"0.75": [2.5, 0, 0],
						"1.0": [0, 0, 0]
					}
				},
				"rootPeakD": {
					"rotation": {
						"0.0": [0, 0, 0],
						"0.25": [-2.5, 0, 0],
						"0.5": [0, 0, 0],
						"0.75": [2.5, 0, 0],
						"1.0": [0, 0, 0]
					}
				}
			}
		},
		"animation.blockbuster.attack": {
			"animation_length": 1.25,
			"bones": {
				"rootA": {
					"rotation": {
						"0.0": [0, 0, 0],
						"0.25": [-30, 0, 0],
						"0.5": [-30, 0, 0],
						"0.75": [30, 0, 0],
						"0.875": [30, 0, 0],
						"1.125": [-30, 0, 0],
						"1.25": [0, 0, 0]
					},
					"position": {
						"0.0": [0, 0, 0],
						"1.25": [0, 0, 0]
					},
					"scale": {
						"0.0": [1, 1, 1],
						"1.25": [1, 1, 1]
					}
				},
				"pointA": {
					"rotation": {
						"0.0": [0, 0, 0],
						"0.5": [0, 0, 0],
						"1.25": [0, 0, 0]
					},
					"position": {
						"0.0": [0, 0, 0],
						"0.5": [0, 0, 0],
						"0.75": [0, 0, 0],
						"0.875": [0, 0, 0],
						"1.125": [0, 0, 0],
						"1.25": [0, 0, 0]
					},
					"scale": {
						"0.5": [1, 1, 1],
						"0.75": [1, 3.5, 1],
						"0.875": [1, 3.5, 1],
						"1.125": [1, 1, 1]
					}
				},
				"rootBodyA": {
					"rotation": {
						"0.0": [0, 0, 0],
						"0.25": [-10, 0, 0],
						"0.5": [-10, 0, 0],
						"0.75": [15, 0, 0],
						"0.875": [15, 0, 0],
						"1.125": [-10, 0, 0],
						"1.25": [0, 0, 0]
					}
				},
				"rootPeakA": {
					"rotation": {
						"0.0": [0, 0, 0],
						"0.25": [-90, 0, 0],
						"0.5": [-90, 0, 0],
						"0.75": [-45, 0, 0],
						"0.875": [-45, 0, 0],
						"1.125": [-90, 0, 0],
						"1.25": [0, 0, 0]
					},
					"position": {
						"0.0": [0, 0, 0],
						"0.25": [0, 0, 1.25],
						"0.5": [0, 0, 1.25],
						"0.75": [0, 0, 0],
						"0.875": [0, 0, 0],
						"1.125": [0, 0, 1.25],
						"1.25": [0, 0, 0]
					}
				}
			}
		},
		"animation.blockbuster.plant_food": {
			"animation_length": 2.75,
			"bones": {
				"rootA": {
					"rotation": {
						"0.0": [0, 0, 0],
						"0.25": [0, -90, 0],
						"0.5": [0, -90, 0],
						"2.5": [0, -90, 0],
						"2.75": [0, 0, 0]
					}
				},
				"rootBodyA": {
					"rotation": {
						"0.0": [0, 0, 0],
						"0.25": [-10, 0, 0],
						"0.5": [-10, 0, 0],
						"0.75": [15, 0, 0],
						"2.25": [15, 0, 0],
						"2.5": [-10, 0, 0],
						"2.75": [0, 0, 0]
					}
				},
				"rootPeakA": {
					"rotation": {
						"0.0": [0, 0, 0],
						"0.25": [-105, 0, 0],
						"0.5": [-105, 0, 0],
						"0.75": [-45, 0, 0],
						"2.25": [-45, 0, 0],
						"2.5": [-105, 0, 0],
						"2.75": [0, 0, 0]
					},
					"position": {
						"0.0": [0, 0, 0],
						"0.25": [0, 0.75, 1.75],
						"0.5": [0, 0.75, 1.75],
						"0.75": [0, 0, 0],
						"2.25": [0, 0, 0],
						"2.5": [0, 0.75, 1.75],
						"2.75": [0, 0, 0]
					}
				},
				"pointA": {
					"scale": {
						"0.5": [1, 1, 1],
						"0.75": [1, 16, 1],
						"2.25": [1, 16, 1],
						"2.5": [1, 1, 1]
					}
				},
				"rootB": {
					"rotation": {
						"0.0": [0, 0, 0],
						"0.25": [0, 90, 0],
						"0.5": [0, 90, 0],
						"2.5": [0, 90, 0],
						"2.75": [0, 0, 0]
					}
				},
				"rootBodyB": {
					"rotation": {
						"0.0": [0, 0, 0],
						"0.25": [0, 0, -10],
						"0.5": [0, 0, -10],
						"0.75": [0, 0, 15],
						"2.25": [0, 0, 15],
						"2.5": [0, 0, -10],
						"2.75": [0, 0, 0]
					}
				},
				"rootPeakB": {
					"rotation": {
						"0.0": [0, 0, 0],
						"0.25": [0, 0, -105],
						"0.5": [0, 0, -105],
						"0.75": [0, 0, -45],
						"2.25": [0, 0, -45],
						"2.5": [0, 0, -105],
						"2.75": [0, 0, 0]
					},
					"position": {
						"0.0": [0, 0, 0],
						"0.25": [-1.75, 0.75, 0],
						"0.5": [-1.75, 0.75, 0],
						"0.75": [0, 0, 0],
						"2.25": [0, 0, 0],
						"2.5": [-1.75, 0.75, 0],
						"2.75": [0, 0, 0]
					}
				},
				"pointB": {
					"scale": {
						"0.5": [1, 1, 1],
						"0.75": [1, 16, 1],
						"2.25": [1, 16, 1],
						"2.5": [1, 1, 1]
					}
				},
				"rootC": {
					"rotation": {
						"0.0": [0, 0, 0],
						"0.25": [0, 90, 0],
						"2.5": [0, 90, 0],
						"2.75": [0, 0, 0]
					}
				},
				"rootBodyC": {
					"rotation": {
						"0.0": [0, 0, 0],
						"0.25": [-10, 0, 0],
						"0.5": [-10, 0, 0],
						"0.75": [30, 0, 0],
						"2.25": [30, 0, 0],
						"2.5": [-10, 0, 0],
						"2.75": [0, 0, 0]
					},
					"position": {
						"0.5": [0, 0, 0],
						"0.75": [0, -0.5, 0],
						"2.25": [0, -0.5, 0],
						"2.5": [0, 0, 0]
					}
				},
				"rootPeakC": {
					"rotation": {
						"0.0": [0, 0, 0],
						"0.25": [-105, 0, 0],
						"0.5": [-105, 0, 0],
						"0.75": [-45, 0, 0],
						"2.25": [-45, 0, 0],
						"2.5": [-105, 0, 0],
						"2.75": [0, 0, 0]
					},
					"position": {
						"0.0": [0, 0, 0],
						"0.25": [0, 0.75, 1.75],
						"0.5": [0, 0.75, 1.75],
						"0.75": [0, 0, 0],
						"2.25": [0, 0, 0],
						"2.5": [0, 0.75, 1.75],
						"2.75": [0, 0, 0]
					}
				},
				"pointC": {
					"scale": {
						"0.5": [1, 1, 1],
						"0.75": [1, 16, 1],
						"2.25": [1, 16, 1],
						"2.5": [1, 1, 1]
					}
				},
				"rootD": {
					"rotation": {
						"0.0": [0, 0, 0],
						"0.25": [0, -75, 0],
						"0.5": [0, -75, 0],
						"2.5": [0, -75, 0],
						"2.75": [0, 0, 0]
					}
				},
				"rootBodyD": {
					"rotation": {
						"0.0": [0, 0, 0],
						"0.25": [-10, 0, 0],
						"0.5": [-10, 0, 0],
						"0.75": [30, 0, 0],
						"2.25": [30, 0, 0],
						"2.5": [-10, 0, 0],
						"2.75": [0, 0, 0]
					},
					"position": {
						"0.5": [0, 0, 0],
						"0.75": [0, -0.5, 0],
						"2.25": [0, -0.5, 0],
						"2.5": [0, 0, 0]
					}
				},
				"rootPeakD": {
					"rotation": {
						"0.0": [2.5, 0, 0],
						"0.25": [-105, 0, 0],
						"0.5": [-105, 0, 0],
						"0.75": [-45, 0, 0],
						"2.25": [-45, 0, 0],
						"2.5": [-105, 0, 0],
						"2.75": [2.5, 0, 0]
					},
					"position": {
						"0.0": [0, 0, 0],
						"0.25": [0, 0.75, 1.75],
						"0.5": [0, 0.75, 1.75],
						"0.75": [0, 0, 0],
						"2.25": [0, 0, 0],
						"2.5": [0, 0.75, 1.75],
						"2.75": [0, 0, 0]
					}
				},
				"pointD": {
					"scale": {
						"0.5": [1, 1, 1],
						"0.75": [1, 16, 1],
						"2.25": [1, 16, 1],
						"2.5": [1, 1, 1]
					}
				}
			}
		}
	}
}