{
	"format_version": "1.8.0",
	"animations": {
		"animation.bloomerang.move": {
			"loop": true,
			"animation_length": 1.56,
			"bones": {
				"head": {
					"rotation": {
						"0.0": [0, 0, 0],
						"0.52": [-5, 0, 0],
						"1.04": [5, 0, 0],
						"1.56": [0, 0, 0]
					},
					"position": [0, 0, 0]
				},
				"stem": {
					"rotation": {
						"0.0": [0, 0, 0],
						"0.52": [-2.5, 0, 0],
						"1.04": [2.5, 0, 0],
						"1.56": [0, 0, 0]
					}
				},
				"boomerangs": {
					"rotation": {
						"0.0": [0, 0, 0],
						"0.52": [0, 5, 0],
						"1.04": [0, -7.5, 0],
						"1.56": [0, 360, 0]
					}
				}
			}
		},
		"animation.bloomerang.attack": {
			"animation_length": 2.25,
			"bones": {
				"stem": {
					"rotation": {
						"0.0": [0, 0, 0],
						"0.2083": [-7.5, 2.5, 2.5],
						"0.375": [-7.5, 2.5, 2.5],
						"0.5833": [15, 7.5, 2.5],
						"1.0": [15, 7.5, 2.5],
						"1.3333": [0, 0, 0]
					}
				},
				"head": {
					"rotation": {
						"0.0": [0, 0, 0],
						"0.2083": [-7.5, -10, 0],
						"0.375": [-7.5, -10, 0],
						"0.5833": [10, 15, 0],
						"1.0": [0, 15, 0],
						"1.3333": [0, 0, 0]
					}
				},
				"boomerang4": {
					"rotation": {
						"0.5833": [0, 0, 0],
						"1.3333": [0, 0, 0],
						"1.5833": [0, 0, 0],
						"2.0": [0, 0, 0]
					},
					"position": {
						"0.5833": [0, 0, 0],
						"1.0": [-1, 0, -19],
						"1.3333": [-1, 0, -34],
						"1.5833": [0, 0, 0],
						"1.6667": [1.75, 8.5, -1],
						"2.0": [0, 0, 0]
					},
					"scale": {
						"0.5833": [1, 1, 1],
						"1.0": [1, 1, 1],
						"1.1667": [0, 0, 0],
						"1.3333": [0, 0, 0],
						"1.5833": [0, 0, 0],
						"2.0": [0, 0, 0],
						"2.25": [1, 1, 1]
					}
				},
				"boomerangs": {
					"rotation": {
						"0.0": [0, 0, 0],
						"0.2083": [0, -90, 0],
						"0.375": [0, -85, 0],
						"0.5833": [0, 90, 0],
						"1.0": [0, 360, 0],
						"1.3333": [0, 0, 0],
						"1.5": [0, -45, 0],
						"1.75": [0, 45, 0],
						"2.0": [0, 0, 0]
					}
				}
			}
		},
		"animation.bloomerang.plant_food": {
			"loop": "hold_on_last_frame",
			"animation_length": 3.5,
			"bones": {
				"stem": {
					"rotation": {
						"0.0": [0, 0, 0],
						"0.25": [-15, 0, 0],
						"0.5": [0, 0, 0]
					}
				},
				"head": {
					"rotation": {
						"0.0": [0, 0, 0],
						"0.25": [-8.75, 0, 0],
						"0.5": [0, 0, 0]
					},
					"position": {
						"0.0": [0, 0, 0],
						"0.5": [0, -0.5, 0]
					}
				},
				"boomerangs": {
					"rotation": {
						"0.5": [0, 0, 0],
						"2.0": [0, -1080, 0],
						"3.5": [0, 0, 0]
					}
				},
				"boomerang1": {
					"rotation": {
						"0.5": [0, 0, 0],
						"3.5": [0, 0, 2160]
					},
					"position": {
						"0.5": [0, 0, 0],
						"2.0": [-10, 0, -32],
						"3.5": [0, 0, 0]
					}
				},
				"boomerang2": {
					"rotation": {
						"0.5": [0, 0, 0],
						"3.5": [0, 0, 2160]
					},
					"position": {
						"0.5": [0, 0, 0],
						"2.0": [0, 0, -32],
						"3.5": [0, 0, 0]
					}
				},
				"boomerang3": {
					"rotation": {
						"0.5": [0, 0, 0],
						"3.5": [0, 0, 2160]
					},
					"position": {
						"0.5": [0, 0, 0],
						"2.0": [24, 0, -24],
						"3.5": [0, 0, 0]
					}
				},
				"boomerang4": {
					"rotation": {
						"0.5": [0, 0, 0],
						"3.5": [0, 0, 2160]
					},
					"position": {
						"0.5": [0, 0, 0],
						"2.0": [32, 0, 0],
						"3.5": [0, 0, 0]
					}
				},
				"boomerang5": {
					"rotation": {
						"0.5": [0, 0, 0],
						"3.5": [0, 0, 2160]
					},
					"position": {
						"0.5": [0, 0, 0],
						"2.0": [24, 0, 24],
						"3.5": [0, 0, 0]
					}
				},
				"boomerang6": {
					"rotation": {
						"0.5": [0, 0, 0],
						"3.5": [0, 0, 2160]
					},
					"position": {
						"0.5": [0, 0, 0],
						"2.0": [0, 0, 32],
						"3.5": [0, 0, 0]
					}
				},
				"boomerang7": {
					"rotation": {
						"0.5": [0, 0, 0],
						"3.5": [0, 0, 2160]
					},
					"position": {
						"0.5": [0, 0, 0],
						"2.0": [-24, 0, 24],
						"3.5": [0, 0, 0]
					}
				},
				"boomerang8": {
					"rotation": {
						"0.5": [0, 0, 0],
						"3.5": [0, 0, 2160]
					},
					"position": {
						"0.5": [0, 0, 0],
						"2.0": [-32, 0, -4],
						"3.5": [0, 0, 0]
					}
				},
				"boomerang9": {
					"rotation": {
						"0.5": [0, 0, 0],
						"3.5": [0, 0, 2160]
					},
					"position": {
						"0.5": [0, 0, 0],
						"2.0": [-25, 0, -25],
						"3.5": [0, 0, 0]
					}
				}
			}
		}
	}
}