{
	"format_version": "1.8.0",
	"animations": {
		"animation.bonk_choy.food": {
			"animation_length": 2.72,
			"bones": {
				"head": {
					"rotation": {
						"0.0": [0, 0, 0],
						"0.28": [-17.5, 0, 0],
						"0.84": [-20, 0, 0],
						"1.04": [0, 0, 0],
						"1.16": [0, 0, 0],
						"1.24": [0, 90, 0],
						"1.48": [0, 180, 0],
						"1.62": [0, 270, 0],
						"1.98": [0, 360, 0],
						"2.08": [0, 450, 0],
						"2.42": [0, 540, 0],
						"2.52": [0, 630, 0],
						"2.72": [0, 720, 0]
					},
					"scale": {
						"0.0": [1, 1, 1],
						"0.28": [1, 1.3, 1],
						"0.84": [1, 1.4, 1],
						"1.04": [1, 1, 1]
					}
				},
				"right_arm": {
					"rotation": [0, 0, 0],
					"position": {
						"0.84": [0, 0, 0],
						"1.06": [0, 0, -3],
						"1.12": [0, 0, 0],
						"1.2": [0, 0, -3],
						"1.35": [0, 0, 0],
						"1.43": [0, 0, -3],
						"1.54": [0, 0, 0],
						"1.62": [0, 0, -3],
						"1.7": [0, 0, 0],
						"1.78": [0, 0, -3],
						"1.9": [0, 0, 0],
						"2.12": [0, 0, 0],
						"2.3": [0, 0, 0]
					},
					"scale": {
						"0.84": [1, 1, 1],
						"1.06": [1, 1, 2.7],
						"1.1": [1, 1, 1],
						"1.14": [1, 1, 1],
						"1.19": [1, 1, 2.7],
						"1.22": [1, 1, 1],
						"1.35": [1, 1, 1],
						"1.39": [1, 1, 2.7],
						"1.43": [1, 1, 1],
						"1.56": [1, 1, 1],
						"1.61": [1, 1, 2.7],
						"1.73": [1, 1, 1],
						"1.86": [1, 1, 1],
						"1.91": [1, 1, 2.7],
						"2.05": [1, 1, 1],
						"2.14": [1, 1, 1],
						"2.19": [1, 1, 2.7],
						"2.3": [1, 1, 1]
					}
				},
				"left_arm": {
					"rotation": [0, 0, 0],
					"position": {
						"1.06": [0, 0, 0],
						"1.16": [0, 0, -1],
						"1.24": [0, 0, 0],
						"1.37": [0, 0, 0],
						"1.47": [0, 0, -1],
						"1.61": [0, 0, 0],
						"1.74": [0, 0, 0],
						"1.83": [0, 0, -1],
						"1.93": [0, 0, 0],
						"2.05": [0, 0, 0],
						"2.14": [0, 0, -1],
						"2.24": [0, 0, 0],
						"2.32": [0, 0, 0],
						"2.48": [0, 0, -1],
						"2.52": [0, 0, 0]
					},
					"scale": {
						"1.06": [1, 1, 1],
						"1.16": [1, 1, 2.7],
						"1.24": [1, 1, 1],
						"1.37": [1, 1, 1],
						"1.47": [1, 1, 2.7],
						"1.61": [1, 1, 1],
						"1.74": [1, 1, 1],
						"1.83": [1, 1, 2.7],
						"1.93": [1, 1, 1],
						"2.05": [1, 1, 1],
						"2.14": [1, 1, 2.7],
						"2.24": [1, 1, 1],
						"2.32": [1, 1, 1],
						"2.42": [1, 1, 2.7],
						"2.52": [1, 1, 1]
					}
				}
			}
		},
		"animation.bonk_choy.move": {
			"loop": true,
			"animation_length": 1.92,
			"bones": {
				"head": {
					"position": {
						"0.0": [0, 0, 0],
						"0.6": [-1, 0, 0],
						"1.32": [1, 0, 0],
						"1.92": [0, 0, 0]
					}
				},
				"left_arm": {
					"rotation": {
						"0.0": [-12.5, 45, 0],
						"0.24": [-25, 45, 0],
						"0.48": [-10.79539, 35.20383, 2.63636],
						"0.72": [-25, 45, 0],
						"0.96": [-12.5, 45, 0],
						"1.2": [-25, 45, 0],
						"1.44": [-10.79539, 35.20383, 2.63636],
						"1.68": [-25, 45, 0],
						"1.92": [-12.5, 45, 0]
					},
					"position": [1, 0, 0]
				},
				"right_arm": {
					"rotation": {
						"0.0": [12.5, -37.5, -72.5],
						"0.24": [10.44141, -39.93867, -73.20552],
						"0.48": [7.5, -37.5, -72.5],
						"0.72": [10.44141, -39.93867, -73.20552],
						"0.96": [12.5, -37.5, -72.5],
						"1.2": [10.44141, -39.93867, -73.20552],
						"1.44": [7.5, -37.5, -72.5],
						"1.68": [10.44141, -39.93867, -73.20552],
						"1.92": [12.5, -37.5, -72.5]
					},
					"position": [0, 0, 2]
				}
			}
		},
		"animation.bonk_choy.attack": {
			"animation_length": 1,
			"bones": {
				"right_arm": {
					"rotation": {
						"0.0": [0, 0, 0],
						"0.2": [0, -22.5, 0],
						"0.3": [-5, -21.92, 0],
						"0.4": [-7.5, -7.5, 0],
						"0.6": [0, 0, 0]
					},
					"position": {
						"0.0": [0, 0, 0],
						"0.2": [0, 0, -1],
						"0.3": [0, 0, -0.96],
						"0.4": [0, 0, 0]
					},
					"scale": {
						"0.0": [1, 1, 1],
						"0.2": [1, 1, 3],
						"0.3": [1, 1.5, 1.7],
						"0.4": [1, 1, 1.3],
						"0.6": [1, 1, 1]
					}
				},
				"left_arm": {
					"rotation": {
						"0.5": [0, 0, 0],
						"0.7": [0, 12.5, 0],
						"0.9": [0, 0, 0]
					},
					"scale": {
						"0.5": [1, 1, 1],
						"0.7": [1, 1, 3],
						"0.9": [1, 1, 1]
					}
				}
			}
		}
	}
}