{
	"format_version": "1.8.0",
	"animations": {
		"animation.zombie.attack_camel_hand": {
			"loop": true,
			"animation_length": 3.625,
			"bones": {
				"body": {
					"rotation": [7.5, 0, 0]
				},
				"head": {
					"rotation": [-7.5, 0, 0]
				},
				"rightArm": {
					"rotation": [
						"90.0 * (variable.is_brandishing_spear - 1.0) - ((math.sin(variable.attack_time * 180.0) * 57.3) * 1.2 - (math.sin((1.0 - (1.0 - variable.attack_time) * (1.0 - variable.attack_time)) * 180.0) * 57.3) * 0.4) + (math.sin(query.life_time * 76.776372) * 2.865) - this",
						"7.5+(math.sin(variable.attack_time * 180.0) * 57.3) * 0.6 - 5.73 - this",
						0
					]
				},
				"slab": {
					"position": [0, 0.75, 0]
				},
				"leftArm": {
					"rotation": [
						"90.0 * (variable.is_brandishing_spear - 1.0) - ((math.sin(variable.attack_time * 180.0) * 57.3) * 1.2 - (math.sin((1.0 - (1.0 - variable.attack_time) * (1.0 - variable.attack_time)) * 180.0) * 57.3) * 0.4) + (math.sin(query.life_time * 76.776372) * 2.865) - this",
						"7.5+(math.sin(variable.attack_time * 180.0) * 57.3) * 0.6 - 5.73 - this",
						0
					]
				},
				"rightLeg": {
					"rotation": [-10, 0, 0]
				},
				"leftLeg": {
					"rotation": [-10, 0, 0]
				}
			}
		}
	}
}