{
	"format_version": "1.8.0",
	"animations": {
		"animation.catapult.move": {
			"loop": true,
			"animation_length": 1.56,
			"bones": {
				"stem": {
					"rotation": {
						"0.0": [0, 0, 0],
						"0.52": [-7.5, 0, 0],
						"1.04": [2.5, 0, 0],
						"1.56": [0.5, 0, 0]
					},
					"position": {
						"0.0": [0, 0, 0],
						"0.52": [0, 0, 0],
						"1.04": [0, 0, 0]
					}
				}
			}
		},
		"animation.catapult.attack": {
			"animation_length": 2.29167,
			"bones": {
				"stem": {
					"rotation": {
						"0.0": [0, 0, 0],
						"0.25": [-10, 0, 0],
						"0.4167": [-22.5, 0, 0],
						"0.5417": [-17.5, 0, 0],
						"0.875": [47.5, 0, 0],
						"1.7083": [47.5, 0, 0],
						"2.25": [2.5, 0, 0]
					},
					"position": {
						"0.0": [0, 0, 0],
						"0.25": [0, 0, 0],
						"0.4167": [0, 0, 0],
						"0.5417": [0, 0, 0],
						"0.7083": [0, 0, 0],
						"0.875": [0, 0, 0],
						"1.7083": [0, 0, 0],
						"2.25": [0, 0, 0]
					},
					"scale": 1
				},
				"spoon": {
					"rotation": {
						"0.875": [0, 0, 0],
						"1.0": [60, 0, 0],
						"1.0833": [66.07, 0, 0],
						"1.2083": [49.89, 0, 0],
						"1.2917": [50, 0, 0],
						"1.5833": [0, 0, 0]
					},
					"position": {
						"0.875": [0, 0, 0],
						"1.0": [0, 1.25, 0],
						"1.2917": [0, 1, 0],
						"1.5833": [0, 0, 0]
					}
				},
				"cabbage": {
					"position": {
						"0.875": [0, 0, 0],
						"0.9583": [0, 4, 5],
						"1.0417": [0, 9, 10],
						"1.125": [0, 9, 10],
						"1.5": [-2.5, -3.79, 10.5],
						"1.7083": [0, -4, -1],
						"2.25": [0, 0, 0]
					},
					"scale": {
						"0.875": [1, 1, 1],
						"0.9583": [0.7, 0.7, 0.7],
						"1.0417": [0.2, 0.2, 0.2],
						"1.125": [0, 0, 0],
						"1.6667": [0, 0, 0],
						"1.7083": [0.2, 0.2, 0.2],
						"2.25": [1, 1, 1]
					}
				}
			}
		}
	}
}