{
	"format_version": "1.8.0",
	"animations": {
		"animation.cleopatra.spell": {
			"loop": true,
			"animation_length": 2.56,
			"bones": {
				"rightHand": {
					"rotation": {
						"0.0": [0, 0, 7.5],
						"0.52": [0, 0, 17.5],
						"1.04": [-172.5, 0, -17.5],
						"1.56": [0, 0, 17.5],
						"2.04": [-172.5, 0, -17.5],
						"2.28": [2.5, 0, 15],
						"2.56": [2.5, 0, 2.5]
					}
				},
				"leftHand": {
					"rotation": {
						"0.0": [0, 0, -7.5],
						"0.52": [-182.5, 0, 22.5],
						"1.04": [0, 0, -15],
						"1.52": [-182.5, 0, 22.5],
						"2.04": [0, 0, -15],
						"2.56": [0, 0, 0]
					}
				},
				"rightLeg": {
					"position": {
						"0.0": [0, 0, 0],
						"0.28": [-1, 0, 0],
						"0.52": [0, 0, 0],
						"0.8": [1, 0, 0],
						"1.04": [0, 0, 0],
						"1.32": [-1, 0, 0],
						"1.56": [0, 0, 0],
						"1.84": [1, 0, 0],
						"2.08": [0, 0, 0]
					}
				},
				"leftLeg": {
					"position": {
						"0.0": [0, 0, 0],
						"0.28": [-1, 0, 0],
						"0.52": [0, 0, 0],
						"0.8": [1, 0, 0],
						"1.04": [0, 0, 0],
						"1.32": [-0.46, 0, 0],
						"1.56": [0, 0, 0],
						"1.84": [1, 0, 0],
						"2.08": [0, 0, 0]
					}
				},
				"chest": {
					"rotation": {
						"0.0": [0, 0, 0],
						"0.28": [0, 0, 2.5],
						"0.52": [0, 0, 0],
						"0.8": [0, 0, -5],
						"1.04": [0, 0, 0],
						"1.32": [0, 0, 2.5],
						"1.56": [0, 0, -0.83],
						"1.84": [0, 0, -5],
						"2.08": [0, 0, 0]
					},
					"position": {
						"0.0": [0, 0, 0],
						"0.28": [-1, 0, 0],
						"0.52": [0, 0, 0],
						"0.8": [2, 0, 0],
						"1.04": [0, 0, 0],
						"1.32": [-1, 0, 0],
						"1.56": [0, 0, 0],
						"1.84": [2, 0, 0],
						"2.08": [0, 0, 0]
					}
				}
			}
		}
	}
}