{
	"format_version": "1.8.0",
	"animations": {
		"animation.conveyor.seed_one": {
			"loop": "hold_on_last_frame",
			"animation_length": 2.25,
			"bones": {
				"packet": {
					"position": {
						"0.0": [0, 0, 0],
						"0.75": [0, 0, -5],
						"1.5": [8, 0, -5],
						"2.25": [8, 0, 7]
					}
				}
			}
		},
		"animation.conveyor.seed_two": {
			"loop": "hold_on_last_frame",
			"animation_length": 2.25,
			"bones": {
				"packet": {
					"position": [8, 0, 7]
				},
				"packet2": {
					"position": {
						"0.0": [0, 0, -1],
						"0.75": [0, 0, -6],
						"1.5": [8, 0, -6],
						"2.25": [8, 0, 4.9]
					}
				}
			}
		},
		"animation.conveyor.seed_three": {
			"loop": "hold_on_last_frame",
			"animation_length": 2.25,
			"bones": {
				"packet": {
					"position": [8, 0, 7]
				},
				"packet2": {
					"position": [8, 0, 4.9]
				},
				"packet3": {
					"position": {
						"0.0": [0, 0, -2],
						"0.75": [0, 0, -7],
						"1.5": [8, 0, -7],
						"2.25": [8, 0, 2.8]
					}
				}
			}
		},
		"animation.conveyor.seed_four": {
			"loop": "hold_on_last_frame",
			"animation_length": 2.25,
			"bones": {
				"packet": {
					"position": [8, 0, 7]
				},
				"packet2": {
					"position": [8, 0, 4.9]
				},
				"packet3": {
					"position": [8, 0, 2.8]
				},
				"packet4": {
					"position": {
						"0.0": [0, 0, -3],
						"0.75": [0, 0, -8],
						"1.5": [8, 0, -8],
						"2.25": [8, 0, 0.7]
					}
				}
			}
		},
		"animation.conveyor.seed_five": {
			"loop": "hold_on_last_frame",
			"animation_length": 2.25,
			"bones": {
				"packet": {
					"position": [8, 0, 7]
				},
				"packet2": {
					"position": [8, 0, 4.9]
				},
				"packet3": {
					"position": [8, 0, 2.8]
				},
				"packet4": {
					"position": [8, 0, 0.7]
				},
				"packet5": {
					"position": {
						"0.0": [0, 0, -4],
						"0.75": [0, 0, -9],
						"1.5": [8, 0, -9],
						"2.25": [8, 0, -1.4]
					}
				}
			}
		},
		"animation.conveyor.seed_six": {
			"loop": "hold_on_last_frame",
			"animation_length": 2.25,
			"bones": {
				"packet": {
					"position": [8, 0, 7]
				},
				"packet2": {
					"position": [8, 0, 4.9]
				},
				"packet3": {
					"position": [8, 0, 2.8]
				},
				"packet4": {
					"position": [8, 0, 0.7]
				},
				"packet5": {
					"position": [8, 0, -1.4]
				},
				"packet6": {
					"position": {
						"0.0": [0, 0, -5],
						"0.75": [0, 0, -10],
						"1.5": [8, 0, -10],
						"2.25": [8, 0, -3.5]
					}
				}
			}
		},
		"animation.conveyor.seed_seven": {
			"loop": "hold_on_last_frame",
			"animation_length": 2.25,
			"bones": {
				"packet": {
					"position": [8, 0, 7]
				},
				"packet2": {
					"position": [8, 0, 4.9]
				},
				"packet3": {
					"position": [8, 0, 2.8]
				},
				"packet4": {
					"position": [8, 0, 0.7]
				},
				"packet5": {
					"position": [8, 0, -1.4]
				},
				"packet6": {
					"position": [8, 0, -3.5]
				},
				"packet7": {
					"position": {
						"0.0": [0, 0, -6],
						"0.75": [0, 0, -11],
						"1.5": [8, 0, -11],
						"2.25": [8, 0, -5.6]
					}
				}
			}
		},
		"animation.conveyor.place_one": {
			"loop": "hold_on_last_frame",
			"bones": {
				"packet": {
					"position": [8, 0, 7]
				}
			}
		},
		"animation.conveyor.place_two": {
			"loop": "hold_on_last_frame",
			"bones": {
				"packet": {
					"position": [8, 0, 7]
				},
				"packet2": {
					"position": [8, 0, 4.9]
				}
			}
		},
		"animation.conveyor.place_three": {
			"loop": "hold_on_last_frame",
			"bones": {
				"packet": {
					"position": [8, 0, 7]
				},
				"packet2": {
					"position": [8, 0, 4.9]
				},
				"packet3": {
					"position": [8, 0, 2.8]
				}
			}
		},
		"animation.conveyor.place_four": {
			"loop": "hold_on_last_frame",
			"bones": {
				"packet": {
					"position": [8, 0, 7]
				},
				"packet2": {
					"position": [8, 0, 4.9]
				},
				"packet3": {
					"position": [8, 0, 2.8]
				},
				"packet4": {
					"position": [8, 0, 0.7]
				}
			}
		},
		"animation.conveyor.place_five": {
			"loop": "hold_on_last_frame",
			"bones": {
				"packet": {
					"position": [8, 0, 7]
				},
				"packet2": {
					"position": [8, 0, 4.9]
				},
				"packet3": {
					"position": [8, 0, 2.8]
				},
				"packet4": {
					"position": [8, 0, 0.7]
				},
				"packet5": {
					"position": [8, 0, -1.4]
				}
			}
		},
		"animation.conveyor.place_six": {
			"loop": "hold_on_last_frame",
			"bones": {
				"packet": {
					"position": [8, 0, 7]
				},
				"packet2": {
					"position": [8, 0, 4.9]
				},
				"packet3": {
					"position": [8, 0, 2.8]
				},
				"packet4": {
					"position": [8, 0, 0.7]
				},
				"packet5": {
					"position": [8, 0, -1.4]
				},
				"packet6": {
					"position": [8, 0, -3.5]
				}
			}
		},
		"animation.conveyor.place_seven": {
			"loop": "hold_on_last_frame",
			"bones": {
				"packet": {
					"position": [8, 0, 7]
				},
				"packet2": {
					"position": [8, 0, 4.9]
				},
				"packet3": {
					"position": [8, 0, 2.8]
				},
				"packet4": {
					"position": [8, 0, 0.7]
				},
				"packet5": {
					"position": [8, 0, -1.4]
				},
				"packet6": {
					"position": [8, 0, -3.5]
				},
				"packet7": {
					"position": [8, 0, -5.6]
				}
			}
		}
	}
}