{
	"format_version": "1.8.0",
	"animations": {
		"animation.doom_explosion.move": {
			"loop": "hold_on_last_frame",
			"animation_length": 6,
			"bones": {
				"bone": {
					"scale": {
						"0.0": [0, 0, 0],
						"0.5": [1, 1, 1],
						"4.0": [2, 2, 2],
						"6.0": [0, 0, 0]
					}
				},
				"bone2": {
					"scale": {
						"0.0": [0, 0, 0],
						"0.5": [1, 1, 1],
						"1.0": [1, 1, 1],
						"4.0": [1, 1, 1],
						"5.5": [0, 0, 0]
					}
				},
				"bone3": {
					"scale": {
						"0.0": [0, 0, 0],
						"1.5": [1, 1, 1],
						"4.0": [1, 1, 1],
						"5.0": [0, 0, 0]
					}
				},
				"bone4": {
					"rotation": {
						"0.0": [0, 0, 0],
						"2.0": [0, 360, 0],
						"4.0": [0, 720, 0],
						"6.0": [0, 1080, 0]
					},
					"scale": {
						"0.0": [0, 0, 0],
						"1.75": [1, 1, 1],
						"5.0": [1, 1, 1],
						"6.0": [0, 0, 0]
					}
				},
				"bone5": {
					"scale": {
						"0.0": [0, 0, 0],
						"2.0": [1, 1, 1],
						"4.0": [1, 1, 1],
						"5.0": [0, 0, 0]
					}
				}
			}
		}
	}
}