{
	"format_version": "1.8.0",
	"animations": {
		"animation.doomshroom.move": {
			"loop": "hold_on_last_frame",
			"animation_length": 2.08,
			"bones": {
				"stem": {
					"scale": {
						"0.0": [1, 1, 1],
						"0.52": [1, 1.1, 1],
						"1.04": [1, 1, 1],
						"1.28": [0.9, 1.15, 0.9],
						"1.6": [1.2, 0.9, 1.2],
						"2.04": [1.3, 0.7, 1.3]
					}
				},
				"head": {
					"rotation": [2.5, 0, 0],
					"position": {
						"1.28": [0, 0, 0],
						"2.04": [0, -5, 0]
					},
					"scale": {
						"1.28": [1, 1, 1],
						"1.6": [1, 2, 1],
						"2.04": [1, 1, 1]
					}
				}
			}
		}
	}
}