{
	"format_version": "1.8.0",
	"animations": {
		"animation.fireboal.move": {
			"loop": true,
			"animation_length": 1,
			"bones": {
				"stem": {
					"rotation": {
						"0.0": [0, 0, 0],
						"0.25": [7.5, 0, 0],
						"0.5": [0, 0, 0],
						"0.75": [-7.5, 0, 0],
						"1.0": [0, 0, 0]
					}
				},
				"topStem": {
					"rotation": {
						"0.0": [0, 0, 0],
						"0.25": [-7.5, 0, 0],
						"0.5": [0, 0, 0],
						"0.75": [7.5, 0, 0],
						"1.0": [0, 0, 0]
					}
				},
				"bottomLeafs": {
					"rotation": {
						"0.0": [0, 0, 0],
						"0.25": [0, 0, -20],
						"0.5": [0, 0, -22.5],
						"0.75": [0, 0, 20],
						"1.0": [0, 0, 0]
					}
				},
				"topLeafs": {
					"rotation": {
						"0.0": [0, 0, 0],
						"0.25": [0, 0, 15],
						"0.5": [0, 0, 25],
						"0.75": [0, 0, -15],
						"1.0": [0, 0, 0]
					}
				}
			}
		},
		"animation.fireboal.cast": {
			"animation_length": 1,
			"bones": {
				"stem": {
					"rotation": {
						"0.0": [0, 0, 0],
						"0.25": [5, 0, 0],
						"0.5": [-5, 0, 0],
						"0.75": [0, 0, 0],
						"1.0": [0, 0, 0]
					}
				},
				"topStem": {
					"rotation": {
						"0.0": [0, 0, 0],
						"0.25": [7.5, 0, 0],
						"0.5": [-17.5, 0, 0],
						"0.75": [25, 0, 0],
						"1.0": [0, 0, 0]
					}
				},
				"head": {
					"rotation": {
						"0.0": [0, 0, 0],
						"0.25": [7.5, 0, 0],
						"0.5": [-12.5, 0, 0],
						"0.75": [17.5, 0, 0],
						"1.0": [0, 0, 0]
					}
				},
				"topLeafs": {
					"rotation": {
						"0.0": [0, 0, 0],
						"0.25": [0, 0, -25],
						"0.5": [0, 0, -420],
						"0.75": [0, 0, -360]
					}
				},
				"bottomLeafs": {
					"rotation": {
						"0.0": [0, 0, 0],
						"0.25": [0, 0, 25],
						"0.5": [0, 0, 420],
						"0.75": [0, 0, 360]
					}
				}
			}
		},
		"animation.fireboal.plant_food": {
			"animation_length": 2.75,
			"bones": {
				"stem": {
					"rotation": [0, 0, 0]
				},
				"topStem": {
					"rotation": {
						"0.0": [0, 0, 0],
						"0.125": [-27.5, 0, 0],
						"0.375": [30, 0, 0],
						"1.5": [30, 0, 0],
						"2.0": [0, 0, 0]
					}
				},
				"head": {
					"rotation": {
						"0.125": [0, 0, 0],
						"0.375": [30, 0, 0],
						"1.5": [30, 0, 0],
						"1.75": [-30, 0, 0],
						"2.0": [2.5, 0, 0],
						"2.75": [0, 0, 0]
					}
				},
				"topLeafs": {
					"rotation": {
						"0.0": [0, 0, 0],
						"0.375": [0, 0, -30],
						"1.5": [0, 0, 2520],
						"1.75": [0, 0, 2565],
						"2.0": [0, 0, 2520]
					}
				},
				"bottomLeafs": {
					"rotation": {
						"0.0": [0, 0, 0],
						"0.375": [0, 0, 30],
						"1.5": [0, 0, -2520],
						"1.75": [0, 0, -2565],
						"2.0": [0, 0, -2520]
					}
				}
			}
		}
	}
}