{
	"format_version": "1.8.0",
	"animations": {
		"animation.gargantuar.attack_bare_hand": {
			"loop": true,
			"bones": {
				"leftArm": {
					"rotation": [
						"-15- ((math.sin(variable.attack_time * 180.0) * 57.3) * 1.2 - (math.sin((1.0 - (1.0 - variable.attack_time) * (1.0 - variable.attack_time)) * 180.0) * 57.3) * 0.4) - (math.sin(query.life_time * 76.776372) * 2.865) - this",
						"5.73 - ((math.sin(variable.attack_time * 180.0) * 57.3) * 0.6) - this",
						"math.cos(query.life_time * 103.13244) * -2.865 - 2.865 - this"
					],
					"position": [0, 0, -2]
				},
				"rightArm": {
					"rotation": [
						"87.5+90.0 * (variable.is_brandishing_spear - 1.0) - ((math.sin(variable.attack_time * 180.0) * 57.3) * 1.2 - (math.sin((1.0 - (1.0 - variable.attack_time) * (1.0 - variable.attack_time)) * 180.0) * 57.3) * 0.4) + (math.sin(query.life_time * 76.776372) * 2.865) - this",
						"(math.sin(variable.attack_time * 180.0) * 57.3) * 0.6 - 5.73 - this",
						"math.cos(query.life_time * 103.13244) * 2.865 + 2.865 - this"
					],
					"position": [0, 0, 0]
				},
				"head": {
					"rotation": [0, 0, 0]
				}
			}
		},
		"animation.gargantuar.smash": {
			"loop": "hold_on_last_frame",
			"animation_length": 2,
			"bones": {
				"body": {
					"rotation": {
						"0.0": [0, 0, 0],
						"0.5": [15, 0, 0],
						"1.0": [-12.5, 0, 0],
						"1.125": [30, 0, 0],
						"1.375": [30, 0, 0],
						"1.75": [-7.5, 0, 0],
						"2.0": [0, 0, 0]
					},
					"position": {
						"0.0": [0, 0, 0],
						"0.5": [0, -1, 0],
						"1.125": [0, -4, 0],
						"1.375": [0, -4, 0],
						"1.75": [0, 0, 0]
					}
				},
				"rightArm": {
					"rotation": {
						"0.0": [-2.53124, -4.53768, 5.06431],
						"0.5": [-15, 0, 0],
						"1.0": [-100, 0, 0],
						"1.125": [-57.5, 0, 0],
						"1.375": [-57.5, 0, 0],
						"1.75": [-75, 0, 0],
						"2.0": [0, 0, 0]
					},
					"position": {
						"0.0": [0, 0, 0],
						"0.5": [0, 0, -1],
						"1.0": [0, 8, -4],
						"1.125": [0, 3, -4],
						"1.375": [0, 3, -4],
						"1.75": [0, 4, -4],
						"2.0": [0, 0, 0]
					}
				},
				"rightLeg": {
					"rotation": {
						"0.0": [0, 0, 0],
						"0.5": [-15, 0, 0],
						"1.0": [12.5, 0, 0],
						"1.125": [-30, 0, 0],
						"1.375": [-30, 0, 0],
						"1.75": [7.5, 0, 0],
						"2.0": [0, 0, 0]
					},
					"position": {
						"0.0": [0, 0, 0],
						"0.5": [0, 1, -1],
						"1.125": [0, 3.43, -1],
						"1.375": [0, 3.43, -1],
						"1.75": [0, 0, -1],
						"2.0": [0, 0, 0]
					}
				},
				"leftLeg": {
					"rotation": {
						"0.0": [0, 0, 0],
						"0.5": [-15, 0, 0],
						"1.125": [-30, 0, 0],
						"1.375": [-30, 0, 0],
						"1.75": [0, 0, 0]
					},
					"position": {
						"0.0": [0, 0, 0],
						"0.5": [0, 1, -1],
						"1.125": [0, 4, -3],
						"1.375": [0, 4, -3],
						"1.75": [0, 0, -2],
						"2.0": [0, 0, 0]
					}
				},
				"leftArm": {
					"rotation": [-15.67981, 5.91433, -6.80385],
					"position": [0, 0, -2]
				}
			}
		},
		"animation.gargantuar_egypt.thrown": {
			"animation_length": 1.75,
			"bones": {
				"leftArm": {
					"rotation": {
						"0.0": [0, 0, 0],
						"0.75": [-221.57337, -19.05681, -20.20848],
						"0.875": [-219.32269, -23.92746, -26.341],
						"1.0": [-145, 0, 0],
						"1.125": [-137.5, 0, 0],
						"1.5": [0, 0, 0],
						"1.75": [0, 0, 0]
					},
					"position": {
						"0.0": [0, 0, 0],
						"0.25": [0, 7.5, -5],
						"0.5": [0, 11, -2],
						"0.75": [-3, 9, 7],
						"0.875": [-3, 9, 6],
						"1.0": [-3, 13, 0],
						"1.125": [-3, 13, -0.75],
						"1.25": [-2, 8.67, -1.5],
						"1.5": [0, 0, 0],
						"1.75": [0, 0, 0]
					}
				},
				"impHead": {
					"rotation": {
						"0.875": [0, 0, 0],
						"1.25": [180, 0, 0]
					},
					"position": {
						"0.875": [0, 0, 0],
						"1.25": [0, 8, -74]
					},
					"scale": {
						"0.875": [1, 1, 1],
						"1.25": [0, 0, 0]
					}
				}
			}
		}
	}
}