{
	"format_version": "1.8.0",
	"animations": {
		"animation.gloomshroom.attack": {
			"loop": true,
			"animation_length": 1.25,
			"bones": {
				"stem": {
					"scale": {
						"0.0": [1, 1, 1],
						"0.35": [1, 1.2, 1],
						"0.8": [1.3, 1, 1.3],
						"1.05": [1, 1.2, 1],
						"1.25": [1, 1, 1]
					}
				},
				"top": {
					"scale": 1
				},
				"head": {
					"scale": {
						"0.0": [1, 1, 1],
						"0.35": [1.1, 2, 1.1],
						"0.8": [1, 0.5, 1],
						"1.05": [1, 1.5, 1],
						"1.25": [1, 1, 1]
					}
				}
			}
		},
		"animation.gloomshroom.move": {
			"loop": true,
			"animation_length": 1.04,
			"bones": {
				"stem": {
					"scale": {
						"0.0": [1, 1, 1],
						"0.4": [1.1, 1.1, 1],
						"1.0": [1, 1, 1]
					}
				}
			}
		},
		"animation.gloomshroom.plant_food": {
			"animation_length": 4,
			"bones": {
				"stem": {
					"rotation": {
						"0.0": [0, 0, 0],
						"4.0": [0, 0, 0]
					},
					"position": {
						"0.0": [0, 0, 0],
						"4.0": [0, 0, 0]
					},
					"scale": {
						"0.0": [1, 1, 1],
						"0.25": [1, 0.9, 1],
						"0.5": [0.75, 1.75, 0.75],
						"1.5": [1.25, 2.25, 1.25],
						"1.75": [1.25, 2.25, 1.25],
						"3.5": [1, 0.75, 1],
						"3.75": [0.75, 1.5, 0.75],
						"4.0": [1, 1, 1]
					}
				},
				"top": {
					"position": {
						"0.0": [0, 0, 0],
						"0.25": [0, -1, 0],
						"4.0": [0, 0, 0]
					},
					"scale": {
						"0.25": [1, 1, 1],
						"0.5": [1.25, 1, 1.25],
						"3.5": [1.25, 1, 1.25],
						"3.75": [1.25, 1, 1.25],
						"4.0": [1, 1, 1]
					}
				},
				"head": {
					"position": {
						"0.0": [0, 0, 0],
						"4.0": [0, 0, 0]
					},
					"scale": {
						"0.0": [1, 1, 1],
						"0.125": [1, 1.35, 1],
						"0.25": [1, 0.5, 1],
						"1.5": [1, 2, 1],
						"1.75": [1, 2.5, 1],
						"3.5": [1, 0.5, 1],
						"3.75": [1, 1.5, 1],
						"4.0": [1, 1, 1]
					}
				}
			}
		}
	}
}