{
	"format_version": "1.8.0",
	"animations": {
		"animation.gravebuster.eat": {
			"animation_length": 3.76,
			"bones": {
				"dirt": {
					"position": {
						"0.0": [0, -2, 0],
						"0.24": [0, 0, 0]
					}
				},
				"vine": {
					"position": {
						"0.0": [0, -11, 0],
						"0.44": [0, 0, 0]
					},
					"scale": {
						"0.44": [1, 1, 1],
						"0.96": [1.1, 1, 1],
						"1.32": [1, 1, 1],
						"1.72": [1.1, 1, 1.1],
						"1.96": [1, 1, 1],
						"2.32": [1, 1, 1],
						"2.72": [1.1, 1, 1.1],
						"2.96": [1, 1, 1]
					}
				},
				"head": {
					"position": {
						"0.0": [0, -16, 0],
						"0.44": [0, -13, 0],
						"0.72": [0, 0, 0]
					},
					"scale": {
						"0.96": [1, 1, 1],
						"1.32": [1.1, 1, 1.1],
						"1.56": [1, 1, 1],
						"1.96": [1.1, 1, 1.1],
						"2.32": [1, 1, 1],
						"2.68": [1, 1, 1],
						"3.08": [1.1, 1, 1.1],
						"3.44": [1, 1, 1]
					}
				},
				"top": {
					"position": {
						"0.0": [0, -2, 0],
						"0.72": [0, -15, 0],
						"0.96": [0, 0, 0]
					},
					"scale": {
						"1.32": [0.9, 1, 0.9],
						"1.56": [1.1, 1, 1.1],
						"1.72": [1, 1, 1],
						"2.32": [1.1, 1, 1.1],
						"2.56": [1, 1, 1],
						"2.92": [1, 1, 1],
						"3.52": [1.1, 1, 1.1],
						"3.76": [1, 1, 1]
					}
				},
				"bone": {
					"position": {
						"0.0": [0, -20, 0],
						"0.96": [0, 0, 0]
					},
					"scale": {
						"1.56": [1, 1, 1],
						"1.72": [1.1, 1, 1.1],
						"1.96": [1, 1, 1],
						"2.56": [1.1, 1, 1.1],
						"2.72": [1, 1, 1]
					}
				}
			}
		},
		"animation.gravebuster.gone": {
			"loop": "hold_on_last_frame",
			"animation_length": 1.04,
			"bones": {
				"dirt": {
					"position": {
						"0.84": [0, 0, 0],
						"0.96": [0, -1.31, 0],
						"1.04": [0, -2, 0]
					}
				},
				"vine": {
					"position": {
						"0.0": [0, 0, 0],
						"0.44": [0, 0, 0],
						"0.68": [0, -8, 0]
					}
				},
				"head": {
					"position": {
						"0.0": [0, 0, 0],
						"0.2": [0, 0, 0],
						"0.44": [0, -5, 0]
					}
				},
				"bone": {
					"position": {
						"0.0": [0, 0, 0],
						"0.2": [0, -4, 0]
					}
				}
			}
		}
	}
}