{
	"format_version": "1.8.0",
	"animations": {
		"animation.iceberg_lettuce.food": {
			"animation_length": 1,
			"bones": {
				"body": {
					"scale": {
						"0.0": [1, 1, 1],
						"0.25": [1.5, 1.5, 1.5],
						"0.6667": [1.5, 1.5, 1.5],
						"0.75": [1, 1, 1]
					}
				},
				"bone5": {
					"rotation": {
						"0.0": [0, 0, 0],
						"0.5": [0, 180, 0],
						"1.0": [0, 360, 0]
					},
					"position": {
						"0.0": [0, 0, 0],
						"0.5": [0, -4, 0],
						"0.75": [0, -4, 0],
						"1.0": [0, 0, 0]
					},
					"scale": {
						"0.0": [1, 1, 1],
						"0.5": [2.5, 2.5, 2.5],
						"0.75": [2.5, 2.5, 2.5],
						"1.0": [1, 1, 1]
					}
				},
				"bone6": {
					"rotation": {
						"0.0": [0, 0, 0],
						"0.5": [0, -180, 0],
						"1.0": [0, -360, 0]
					},
					"position": {
						"0.0": [0, 0, 0],
						"0.5": [0, -6, 0],
						"0.75": [0, -6, 0],
						"1.0": [0, 0, 0]
					},
					"scale": {
						"0.0": [1, 1, 1],
						"0.5": [3, 3, 3],
						"0.75": [3, 3, 3],
						"1.0": [1, 1, 1]
					}
				}
			}
		}
	}
}