{
	"format_version": "1.8.0",
	"animations": {
		"animation.imp.thrown": {
			"loop": true,
			"animation_length": 0.5,
			"bones": {
				"body": {
					"rotation": {
						"0.0": [0, 0, 0],
						"0.5": [360, 0, 0]
					},
					"position": {
						"0.0": [0, -1.5, 3],
						"0.0417": [0, -1.33, -1.75],
						"0.0833": [0, -3.66, -6.5],
						"0.125": [0, -7, -8.25],
						"0.1667": [0, -10.67, -8.67],
						"0.2083": [0, -15.33, -6.58],
						"0.25": [0, -18, -3.5],
						"0.2917": [0, -18.42, 0.25],
						"0.3333": [0, -16.34, 5],
						"0.375": [0, -13.25, 7.75],
						"0.4167": [0, -9.33, 8.17],
						"0.4583": [0, -3.42, 6.09],
						"0.5": [0, -1.5, 3]
					}
				},
				"head": {
					"rotation": [47.5, 0, 0],
					"position": [0, -4, -5]
				},
				"rightHand": {
					"rotation": [-45, 0, -45],
					"position": [-1, -3, 3]
				},
				"leftHand": {
					"rotation": [-45, 0, 45],
					"position": [1, -3, 3]
				},
				"rightLeg": {
					"rotation": [-132.5, 0, 0],
					"position": [0, -6, 2]
				},
				"leftLeg": {
					"rotation": [-132.5, 0, 0],
					"position": [0, -6, 2]
				}
			}
		}
	}
}