{
	"format_version": "1.8.0",
	"animations": {
		"animation.megagatling.attack": {
			"animation_length": 1.75,
			"bones": {
				"stem": {
					"rotation": {
						"0.0": [0, 0, 0],
						"0.5": [-12.5, 0, 0],
						"0.8333": [5, 0, 0],
						"1.0833": [5, 0, 0],
						"1.2917": [0, 0, 0]
					}
				},
				"head": {
					"rotation": {
						"0.0": [0, 0, 0],
						"0.5": [30, 0, 0],
						"0.875": [-12.5, 0, 0],
						"0.9583": [-12.5, 0, 0],
						"1.0417": [-12.5, 0, 0],
						"1.125": [-12.5, 0, 0],
						"1.2083": [-12.5, 0, 0],
						"1.2917": [-12.5, 0, 0],
						"1.375": [-12.5, 0, 0],
						"1.4583": [-12.5, 0, 0],
						"1.75": [0, 0, 0]
					},
					"position": {
						"0.0": [0, 0, 0],
						"0.5": [0, -0.5, 0.25],
						"0.875": [0, -0.5, -2],
						"0.9583": [0, -0.5, -2],
						"1.0417": [0, -0.5, -2],
						"1.125": [0, -0.5, -2],
						"1.2083": [0, -0.5, -2],
						"1.2917": [0, -0.5, -2],
						"1.375": [0, -0.5, -2],
						"1.4583": [0, -0.5, -2],
						"1.75": [0, 0, 0]
					},
					"scale": {
						"0.0": [1, 1, 1],
						"0.5": [1, 1, 1],
						"0.875": [1.1, 1.1, 1.1],
						"0.9583": [1, 1, 1],
						"1.0417": [1.1, 1.1, 1.1],
						"1.125": [1, 1, 1],
						"1.2083": [1.1, 1.1, 1.1],
						"1.2917": [1, 1, 1],
						"1.375": [1.1, 1.1, 1.1],
						"1.4583": [1, 1, 1],
						"1.75": [1, 1, 1]
					}
				}
			}
		},
		"animation.megagatling.tattack": {
			"animation_length": 1.75,
			"bones": {
				"stem": {
					"rotation": {
						"0.0": [0, 0, 0],
						"0.5": [-12.5, 0, 0],
						"0.8333": [5, 0, 0],
						"1.0833": [5, 0, 0],
						"1.2917": [0, 0, 0]
					}
				},
				"head": {
					"rotation": {
						"0.0": [0, 0, 0],
						"0.5": [30, 0, 0],
						"0.7917": [-12.5, 0, 0],
						"0.875": [-12.5, 0, 0],
						"0.9583": [-12.5, 0, 0],
						"1.0417": [-12.5, 0, 0],
						"1.125": [-12.5, 0, 0],
						"1.2083": [-12.5, 0, 0],
						"1.2917": [-12.5, 0, 0],
						"1.375": [-12.5, 0, 0],
						"1.4583": [-12.5, 0, 0],
						"1.5417": [-12.5, 0, 0],
						"1.75": [0, 0, 0]
					},
					"position": {
						"0.0": [0, 0, 0],
						"0.5": [0, 0.5, 4.25],
						"0.7917": [0, -0.5, -3],
						"0.875": [0, 0.5, -2],
						"0.9583": [0, -0.5, -3],
						"1.0417": [0, 0.5, -2],
						"1.125": [0, -0.5, -3],
						"1.2083": [0, 0.5, -2],
						"1.2917": [0, -0.5, -3],
						"1.375": [0, 0.5, -2],
						"1.4583": [0, -0.5, -3],
						"1.5417": [0, 0.5, -2],
						"1.75": [0, 0, 0]
					},
					"scale": {
						"0.0": [1, 1, 1],
						"0.5": [1, 1, 1],
						"0.7917": [1.1, 1.1, 1.1],
						"0.875": [1, 1, 1],
						"0.9583": [1.1, 1.1, 1.1],
						"1.0417": [1, 1, 1],
						"1.125": [1.1, 1.1, 1.1],
						"1.2083": [1, 1, 1],
						"1.2917": [1.1, 1.1, 1.1],
						"1.375": [1, 1, 1],
						"1.4583": [1.1, 1.1, 1.1],
						"1.5417": [1, 1, 1],
						"1.75": [1, 1, 1]
					}
				}
			}
		},
		"animation.megagatling.taco": {
			"loop": "hold_on_last_frame",
			"animation_length": 2.5,
			"bones": {
				"head": {
					"rotation": {
						"0.0": [0, 0, 0],
						"0.5": [22.5, 0, 0],
						"1.25": [-35, 0, 0],
						"1.375": [-36.28567, 14.26008, -10.25103],
						"1.5": [-35.93866, -12.2403, 8.73739],
						"1.625": [-36.28567, 14.26008, -10.25103],
						"1.75": [-35.93866, -12.2403, 8.73739],
						"1.875": [-35, 0, 0],
						"2.125": [22.5, 0, 0],
						"2.5": [0, 0, 0]
					},
					"position": {
						"0.0": [0, 0, 0],
						"0.5": [0, 0.8, 4],
						"0.7917": [0, 0.19, 0.11],
						"1.0417": [0, 0.5, -3.22],
						"1.25": [0, 1.8, -6],
						"1.875": [0, 1.8, -6],
						"2.0": [0, 0.3, -1],
						"2.125": [0, 0.8, 4],
						"2.5": [0, 0, 0]
					},
					"scale": 1
				},
				"leafs": {
					"rotation": {
						"0.0": [0, 0, 0],
						"0.5": [-17.5, 0, 0],
						"1.25": [27.5, 0, 0],
						"1.875": [27.5, 0, 0],
						"2.5": [0, 0, 0]
					},
					"position": {
						"0.0": [0, 0, 0],
						"0.5": [0, 3, -1],
						"1.25": [0, -5, 3],
						"1.875": [0, -5, 3],
						"2.5": [0, 0, 0]
					}
				},
				"tubes": {
					"position": {
						"1.25": [0, 0, 0],
						"1.5": [0, 0, -2]
					}
				}
			}
		},
		"animation.pmegagatling.attack": {
			"loop": "hold_on_last_frame",
			"animation_length": 1.5,
			"bones": {
				"stem": {
					"rotation": {
						"0.0": [-12.5, 0, 0],
						"0.25": [5, 0, 0],
						"0.3333": [5, 0, 0],
						"0.4167": [0, 0, 0],
						"0.5": [5, 0, 0],
						"0.5833": [5, 0, 0],
						"0.6667": [0, 0, 0],
						"0.75": [5, 0, 0],
						"0.8333": [5, 0, 0],
						"0.9167": [0, 0, 0],
						"1.0": [5, 0, 0],
						"1.0833": [5, 0, 0],
						"1.1667": [0, 0, 0],
						"1.3333": [-12.5, 0, 0],
						"1.5": [0, 0, 0]
					}
				},
				"head": {
					"rotation": {
						"0.0": [30, 0, 0],
						"0.25": [-12.5, 0, 0],
						"0.3333": [-12.5, 0, 0],
						"0.4167": [-12.5, 0, 0],
						"0.5": [-12.5, 0, 0],
						"0.5833": [-12.5, 0, 0],
						"0.6667": [-12.5, 0, 0],
						"0.75": [-12.5, 0, 0],
						"0.8333": [-12.5, 0, 0],
						"0.9167": [-12.5, 0, 0],
						"1.0": [-12.5, 0, 0],
						"1.0833": [-12.5, 0, 0],
						"1.1667": [-12.5, 0, 0],
						"1.3333": [30, 0, 0],
						"1.5": [0, 0, 0]
					},
					"position": {
						"0.0": [0, -0.5, 0.25],
						"0.25": [0, -0.5, -1],
						"0.3333": [0, -0.5, -1],
						"0.4167": [0, -0.5, -1],
						"0.5": [0, -0.5, -1.5],
						"0.5833": [0, -0.5, -2],
						"0.6667": [0, -0.5, -2],
						"0.75": [0, -0.5, -2],
						"0.8333": [0, -0.5, -2],
						"0.9167": [0, -0.5, -2],
						"1.0": [0, -0.5, -2],
						"1.0833": [0, -0.5, -2],
						"1.1667": [0, -0.5, -2],
						"1.3333": [0, -0.5, 0.25],
						"1.5": [0, 0, 0]
					},
					"scale": {
						"0.0": [1, 1, 1],
						"0.25": [1.1, 1.1, 1.1],
						"0.3333": [1, 1, 1],
						"0.4167": [1.1, 1.1, 1.1],
						"0.5": [1, 1, 1],
						"0.5833": [1.1, 1.1, 1.1],
						"0.6667": [1, 1, 1],
						"0.75": [1.1, 1.1, 1.1],
						"0.8333": [1, 1, 1],
						"0.9167": [1.1, 1.1, 1.1],
						"1.0": [1, 1, 1],
						"1.0833": [1.1, 1.1, 1.1],
						"1.1667": [1, 1, 1],
						"1.3333": [1, 1, 1],
						"1.5": [1, 1, 1]
					}
				},
				"leaf": {
					"rotation": {
						"0.0": [0, 0, 0],
						"0.5": [-27.5, 0, 0],
						"0.8333": [-15, 0, 0],
						"1.2917": [0, 0, 0]
					},
					"position": {
						"0.0": [0, 0, 0],
						"0.5": [0, 5, -1.5],
						"0.8333": [0, 3, -1.5],
						"1.2917": [0, 0, 0]
					}
				}
			}
		},
		"animation.pmegagatling.big_shoot": {
			"animation_length": 2,
			"bones": {
				"stem": {
					"rotation": {
						"0.0": [0, 0, 0],
						"1.0": [-5, 0, 0],
						"1.1667": [5, 0, 0],
						"1.7917": [5, 0, 0],
						"2.0": [0, 0, 0]
					},
					"position": [0, 0, 0]
				},
				"head": {
					"rotation": {
						"0.0": [0, 0, 0],
						"1.0": [0, 0, 0],
						"1.1667": [15, 0, 0],
						"1.2917": [-10, 0, 0],
						"1.4167": [15, 0, 0],
						"1.5417": [-10, 0, 0],
						"1.6667": [15, 0, 0],
						"1.7917": [-10, 0, 0],
						"2.0": [0, 0, 0]
					},
					"position": {
						"0.0": [0, 0, 0],
						"1.0": [0, -0.5, 0],
						"1.1667": [0, -0.5, 0],
						"1.2917": [0, -0.5, -2],
						"1.4167": [0, -0.5, 0],
						"1.5417": [0, -0.5, -2],
						"1.6667": [0, -0.5, 0],
						"1.7917": [0, -0.5, -2],
						"2.0": [0, 0, 0]
					},
					"scale": {
						"0.0": [1, 1, 1],
						"1.0": [1.2, 1.2, 1.2],
						"1.2917": [1.2, 1.2, 1.2],
						"1.5417": [1.2, 1.2, 1.2],
						"1.7917": [1.2, 1.2, 1.2],
						"2.0": [1, 1, 1]
					}
				}
			}
		}
	}
}