{
	"format_version": "1.8.0",
	"animations": {
		"animation.mini_peashooter.move": {
			"loop": true,
			"animation_length": 0.5,
			"bones": {
				"pot": {
					"rotation": {
						"0.0": [0, 0, 0],
						"0.125": [12.5, 0, 0],
						"0.25": [-22.5, 0, 0],
						"0.375": [-12.5, 0, 0],
						"0.5": [0, 0, 0]
					},
					"position": {
						"0.0": [0, 0, 0],
						"0.125": [0, 1, 0],
						"0.25": [0, 3, 0],
						"0.375": [0, 1, 0],
						"0.5": [0, 0, 0]
					}
				},
				"pea": {
					"rotation": {
						"0.0": [0, 0, 0],
						"0.125": [-15, 0, 0],
						"0.25": [12.5, 0, 0],
						"0.375": [-5, 0, 0],
						"0.5": [0, 0, 0]
					},
					"position": [0, 0, 0]
				}
			}
		},
		"animation.mini_peashooter.shoot": {
			"loop": true,
			"animation_length": 0.83333,
			"bones": {
				"pea": {
					"rotation": {
						"0.0": [0, 0, 0],
						"0.2083": [7.5, 0, 0],
						"0.4167": [-12.5, 0, 0],
						"0.625": [7.5, 0, 0],
						"0.8333": [0, 0, 0]
					},
					"position": {
						"0.0": [0, 0, 0],
						"0.2083": [0, 0, 0],
						"0.4167": [0, 0, -1],
						"0.625": [0, 0, 0]
					},
					"scale": {
						"0.2083": [1, 1, 1],
						"0.4167": [1, 1, 1.2],
						"0.625": [1, 1, 1]
					}
				}
			}
		},
		"animation.mini_peashooter.fall": {
			"loop": "hold_on_last_frame",
			"bones": {
				"pea": {
					"rotation": [-17.5, 0, 0]
				}
			}
		}
	}
}