{
	"format_version": "1.8.0",
	"animations": {
		"animation.camel_zombie.attack_bare_hand": {
			"loop": true,
			"animation_length": 3.625,
			"bones": {
				"body": {
					"rotation": [7.5, 0, 0]
				},
				"head": {
					"rotation": [-7.5, 0, 0]
				},
				"rightArm": {
					"rotation": [
						"90.0 * (variable.is_brandishing_spear - 1.0) - ((math.sin(variable.attack_time * 180.0) * 57.3) * 1.2 - (math.sin((1.0 - (1.0 - variable.attack_time) * (1.0 - variable.attack_time)) * 180.0) * 57.3) * 0.4) + (math.sin(query.life_time * 76.776372) * 2.865) - this",
						"7.5+(math.sin(variable.attack_time * 180.0) * 57.3) * 0.6 - 5.73 - this",
						0
					]
				},
				"slab": {
					"position": [0, 0.75, 0]
				},
				"leftArm": {
					"rotation": [
						"90.0 * (variable.is_brandishing_spear - 1.0) - ((math.sin(variable.attack_time * 180.0) * 57.3) * 1.2 - (math.sin((1.0 - (1.0 - variable.attack_time) * (1.0 - variable.attack_time)) * 180.0) * 57.3) * 0.4) + (math.sin(query.life_time * 76.776372) * 2.865) - this",
						"7.5+(math.sin(variable.attack_time * 180.0) * 57.3) * 0.6 - 5.73 - this",
						0
					]
				},
				"rightLeg": {
					"rotation": [-7.5, 0, 0]
				},
				"leftLeg": {
					"rotation": [-7.5, 0, 0]
				}
			}
		},
		"animation.gargantuar.attack_bare_hand": {
			"loop": true,
			"bones": {
				"jaw": {
					"rotation": [
						"-0- ((math.sin(variable.attack_time * 180.0) * 57.3) * 1.2 - (math.sin((1.0 - (1.0 - variable.attack_time) * (1.0 - variable.attack_time)) * 180.0) * 57.3) * 0.4) - (math.sin(query.life_time * 76.776372) * 2.865) - this",
						0,
						0
					],
					"position": [0, 0, 0]
				},
				"rightArm": {
					"rotation": [
						"92.5+90.0 * (variable.is_brandishing_spear - 1.0) - ((math.sin(variable.attack_time * 180.0) * 57.3) * 1.2 - (math.sin((1.0 - (1.0 - variable.attack_time) * (1.0 - variable.attack_time)) * 180.0) * 57.3) * 0.4) + (math.sin(query.life_time * 76.776372) * 2.865) - this",
						"(math.sin(variable.attack_time * 180.0) * 57.3) * 0.6 - 5.73 - this",
						"math.cos(query.life_time * 103.13244) * 2.865 + 2.865 - this"
					],
					"position": [0, 0, 0]
				},
				"leftArm": {
					"rotation": [
						"-17.5- ((math.sin(variable.attack_time * 180.0) * 57.3) * 1.2 - (math.sin((1.0 - (1.0 - variable.attack_time) * (1.0 - variable.attack_time)) * 180.0) * 57.3) * 0.4) - (math.sin(query.life_time * 76.776372) * 2.865) - this",
						"5.73 - ((math.sin(variable.attack_time * 180.0) * 57.3) * 0.6) - this",
						"0+math.cos(query.life_time * 103.13244) * -2.865 - 2.865 - this"
					],
					"position": [0, 0, 0]
				},
				"imp": {
					"position": [0, 6, 5],
					"scale": 0.5
				},
				"jaw_imp": {
					"rotation": [
						"-0- ((math.sin(variable.attack_time * 180.0) * 57.3) * 1.2 - (math.sin((1.0 - (1.0 - variable.attack_time) * (1.0 - variable.attack_time)) * 180.0) * 57.3) * 0.4) - (math.sin(query.life_time * 76.776372) * 2.865) - this",
						0,
						0
					]
				},
				"leftArmImp": {
					"rotation": [
						"-72.5- ((math.sin(variable.attack_time * 180.0) * 57.3) * 1.2 - (math.sin((1.0 - (1.0 - variable.attack_time) * (1.0 - variable.attack_time)) * 180.0) * 57.3) * 0.4) - (math.sin(query.life_time * 76.776372) * 2.865) - this",
						"5.73 - ((math.sin(variable.attack_time * 180.0) * 57.3) * 0.6) - this",
						"0+math.cos(query.life_time * 103.13244) * -2.865 - 2.865 - this"
					]
				},
				"rightArmImp": {
					"rotation": [
						"15+90.0 * (variable.is_brandishing_spear - 1.0) - ((math.sin(variable.attack_time * 180.0) * 57.3) * 1.2 - (math.sin((1.0 - (1.0 - variable.attack_time) * (1.0 - variable.attack_time)) * 180.0) * 57.3) * 0.4) + (math.sin(query.life_time * 76.776372) * 2.865) - this",
						"(math.sin(variable.attack_time * 180.0) * 57.3) * 0.6 - 5.73 - this",
						"math.cos(query.life_time * 103.13244) * 2.865 + 2.865 - this"
					]
				}
			}
		},
		"animation.memory_zombie.reveal": {
			"loop": "hold_on_last_frame",
			"animation_length": 0.375,
			"bones": {
				"slab": {
					"rotation": {
						"0.0": [0, 0, 0],
						"0.375": [0, 0, 180]
					},
					"position": {
						"0.0": [0, 0, 0],
						"0.375": [0, 0.5, 0]
					}
				}
			}
		},
		"animation.slave_zombie.attack_bare_hand": {
			"loop": true,
			"bones": {
				"head": {
					"rotation": [10, 0, 0],
					"position": [0, -1, -4]
				},
				"jaw": {
					"rotation": [
						"-0- ((math.sin(variable.attack_time * 180.0) * 57.3) * 1.2 - (math.sin((1.0 - (1.0 - variable.attack_time) * (1.0 - variable.attack_time)) * 180.0) * 57.3) * 0.4) - (math.sin(query.life_time * 76.776372) * 2.865) - this",
						0,
						0
					],
					"position": [0, 0, 0]
				},
				"chest": {
					"rotation": [17.5, 0, 0],
					"position": [0, 0, 3.75]
				},
				"rightArm": {
					"rotation": [
						"155.1287+90.0 * (variable.is_brandishing_spear - 1.0) - ((math.sin(variable.attack_time * 180.0) * 57.3) * 1.2 - (math.sin((1.0 - (1.0 - variable.attack_time) * (1.0 - variable.attack_time)) * 180.0) * 57.3) * 0.4) + (math.sin(query.life_time * 76.776372) * 2.865) - this",
						"6.8026+(math.sin(variable.attack_time * 180.0) * 57.3) * 0.6 - 5.73 - this",
						"-3.1627+math.cos(query.life_time * 103.13244) * 2.865 + 2.865 - this"
					],
					"position": [0, -1, -3]
				},
				"leftArm": {
					"rotation": [
						"62.8569- ((math.sin(variable.attack_time * 180.0) * 57.3) * 1.2 - (math.sin((1.0 - (1.0 - variable.attack_time) * (1.0 - variable.attack_time)) * 180.0) * 57.3) * 0.4) - (math.sin(query.life_time * 76.776372) * 2.865) - this",
						"1.1417 - ((math.sin(variable.attack_time * 180.0) * 57.3) * 0.6) - this",
						"5.945+math.cos(query.life_time * 103.13244) * -2.865 - 2.865 - this"
					],
					"position": [0, -1, -3]
				},
				"Trone": {
					"rotation": [-17.5, 0, 0],
					"position": [0, 2, -3]
				}
			}
		},
		"animation.pharaoh_zombie.attack_bare_hand": {
			"loop": true,
			"bones": {
				"skull": {
					"rotation": [0, 0, 0],
					"position": [0, -2, -5]
				},
				"jaw": {
					"rotation": [
						"-0- ((math.sin(variable.attack_time * 180.0) * 57.3) * 1.2 - (math.sin((1.0 - (1.0 - variable.attack_time) * (1.0 - variable.attack_time)) * 180.0) * 57.3) * 0.4) - (math.sin(query.life_time * 76.776372) * 2.865) - this",
						0,
						0
					],
					"position": [0, 0, 0]
				},
				"chest": {
					"rotation": [17.5, 0, 0],
					"position": [0, -0.25, 3.75]
				},
				"rightArm": {
					"rotation": [
						"47.3757+90.0 * (variable.is_brandishing_spear - 1.0) - ((math.sin(variable.attack_time * 180.0) * 57.3) * 1.2 - (math.sin((1.0 - (1.0 - variable.attack_time) * (1.0 - variable.attack_time)) * 180.0) * 57.3) * 0.4) + (math.sin(query.life_time * 76.776372) * 2.865) - this",
						"10.1774+(math.sin(variable.attack_time * 180.0) * 57.3) * 0.6 - 5.73 - this",
						"11.0343+math.cos(query.life_time * 103.13244) * 2.865 + 2.865 - this"
					],
					"position": [0, -1, -3]
				},
				"leftArm": {
					"rotation": [
						"-40.1781- ((math.sin(variable.attack_time * 180.0) * 57.3) * 1.2 - (math.sin((1.0 - (1.0 - variable.attack_time) * (1.0 - variable.attack_time)) * 180.0) * 57.3) * 0.4) - (math.sin(query.life_time * 76.776372) * 2.865) - this",
						"-3.962 - ((math.sin(variable.attack_time * 180.0) * 57.3) * 0.6) - this",
						"-11.4634+math.cos(query.life_time * 103.13244) * -2.865 - 2.865 - this"
					],
					"position": [0, -1, -3]
				}
			}
		},
		"animation.cleopatra.attack_bare_hand": {
			"loop": true,
			"animation_length": 6.83333,
			"bones": {
				"head": {
					"rotation": [0, 0, 0],
					"position": [0, -4, -5]
				},
				"jaw": {
					"rotation": [
						"-0- ((math.sin(variable.attack_time * 180.0) * 57.3) * 1.2 - (math.sin((1.0 - (1.0 - variable.attack_time) * (1.0 - variable.attack_time)) * 180.0) * 57.3) * 0.4) - (math.sin(query.life_time * 76.776372) * 2.865) - this",
						0,
						0
					],
					"position": [0, 0, 0]
				},
				"chest": {
					"rotation": [35, 0, 0],
					"position": [0, 0.75, 7.75]
				},
				"rightArm": {
					"rotation": [
						"157.5+90.0 * (variable.is_brandishing_spear - 1.0) - ((math.sin(variable.attack_time * 180.0) * 57.3) * 1.2 - (math.sin((1.0 - (1.0 - variable.attack_time) * (1.0 - variable.attack_time)) * 180.0) * 57.3) * 0.4) + (math.sin(query.life_time * 76.776372) * 2.865) - this",
						"0+(math.sin(variable.attack_time * 180.0) * 57.3) * 0.6 - 5.73 - this",
						"0+math.cos(query.life_time * 103.13244) * 2.865 + 2.865 - this"
					],
					"position": [0, -3, -5]
				},
				"leftArm": {
					"rotation": [
						"-99.9537- ((math.sin(variable.attack_time * 180.0) * 57.3) * 1.2 - (math.sin((1.0 - (1.0 - variable.attack_time) * (1.0 - variable.attack_time)) * 180.0) * 57.3) * 0.4) - (math.sin(query.life_time * 76.776372) * 2.865) - this",
						"-1.6569 - ((math.sin(variable.attack_time * 180.0) * 57.3) * 0.6) - this",
						"1.2993+math.cos(query.life_time * 103.13244) * -2.865 - 2.865 - this"
					],
					"position": [0, -3, -5]
				}
			}
		},
		"animation.imp.attack_bare_hand": {
			"loop": true,
			"animation_length": 6.83333,
			"bones": {
				"head": {
					"rotation": [0, 0, 0],
					"position": [0, -1, -3]
				},
				"jaw": {
					"rotation": [
						"-0- ((math.sin(variable.attack_time * 180.0) * 57.3) * 1.2 - (math.sin((1.0 - (1.0 - variable.attack_time) * (1.0 - variable.attack_time)) * 180.0) * 57.3) * 0.4) - (math.sin(query.life_time * 76.776372) * 2.865) - this",
						0,
						0
					],
					"position": [0, 0, 0]
				},
				"chest": {
					"rotation": [12.5, 0, 0],
					"position": [0, -0.25, 2.25]
				},
				"rightArm": {
					"rotation": [
						"50.8261+90.0 * (variable.is_brandishing_spear - 1.0) - ((math.sin(variable.attack_time * 180.0) * 57.3) * 1.2 - (math.sin((1.0 - (1.0 - variable.attack_time) * (1.0 - variable.attack_time)) * 180.0) * 57.3) * 0.4) + (math.sin(query.life_time * 76.776372) * 2.865) - this",
						"-4.7835+(math.sin(variable.attack_time * 180.0) * 57.3) * 0.6 - 5.73 - this",
						"-5.8369+math.cos(query.life_time * 103.13244) * 2.865 + 2.865 - this"
					],
					"position": [0, -1, -1]
				},
				"leftArm": {
					"rotation": [
						"-47.2705- ((math.sin(variable.attack_time * 180.0) * 57.3) * 1.2 - (math.sin((1.0 - (1.0 - variable.attack_time) * (1.0 - variable.attack_time)) * 180.0) * 57.3) * 0.4) - (math.sin(query.life_time * 76.776372) * 2.865) - this",
						"7.7346 - ((math.sin(variable.attack_time * 180.0) * 57.3) * 0.6) - this",
						"4.7431+math.cos(query.life_time * 103.13244) * -2.865 - 2.865 - this"
					],
					"position": [0, -1, -1]
				},
				"paper_tail": {
					"rotation": [-25, 0, 0],
					"position": [0, 1.75, -5]
				}
			}
		},
		"animation.bedzombie.attack_bare_hand": {
			"loop": true,
			"animation_length": 6.83333,
			"bones": {
				"head": {
					"position": [0, -0.5, -3]
				},
				"jaw": {
					"rotation": [
						"-0- ((math.sin(variable.attack_time * 180.0) * 57.3) * 1.2 - (math.sin((1.0 - (1.0 - variable.attack_time) * (1.0 - variable.attack_time)) * 180.0) * 57.3) * 0.4) - (math.sin(query.life_time * 76.776372) * 2.865) - this",
						0,
						0
					],
					"position": [0, 0, 0]
				},
				"chest": {
					"rotation": [7.5, 0, 0],
					"position": [0, 0, 0]
				},
				"rightArm": {
					"rotation": [
						"80+90.0 * (variable.is_brandishing_spear - 1.0) - ((math.sin(variable.attack_time * 180.0) * 57.3) * 1.2 - (math.sin((1.0 - (1.0 - variable.attack_time) * (1.0 - variable.attack_time)) * 180.0) * 57.3) * 0.4) + (math.sin(query.life_time * 76.776372) * 2.865) - this",
						"(math.sin(variable.attack_time * 180.0) * 57.3) * 0.6 - 5.73 - this",
						"math.cos(query.life_time * 103.13244) * 2.865 + 2.865 - this"
					],
					"position": [0, 0, -1]
				},
				"leftArm": {
					"rotation": [
						"-25- ((math.sin(variable.attack_time * 180.0) * 57.3) * 1.2 - (math.sin((1.0 - (1.0 - variable.attack_time) * (1.0 - variable.attack_time)) * 180.0) * 57.3) * 0.4) - (math.sin(query.life_time * 76.776372) * 2.865) - this",
						"5.73 - ((math.sin(variable.attack_time * 180.0) * 57.3) * 0.6) - this",
						"math.cos(query.life_time * 103.13244) * -2.865 - 2.865 - this"
					],
					"position": [0, -0.5, -2]
				}
			}
		},
		"animation.zombeef.attack_bare_hand": {
			"loop": true,
			"bones": {
				"leftArm": {
					"rotation": [
						"-25- ((math.sin(variable.attack_time * 180.0) * 57.3) * 1.2 - (math.sin((1.0 - (1.0 - variable.attack_time) * (1.0 - variable.attack_time)) * 180.0) * 57.3) * 0.4) - (math.sin(query.life_time * 76.776372) * 2.865) - this",
						"5.73 - ((math.sin(variable.attack_time * 180.0) * 57.3) * 0.6) - this",
						"math.cos(query.life_time * 103.13244) * -2.865 - 2.865 - this"
					],
					"position": [0, 0, 0]
				},
				"rightArm": {
					"rotation": [
						"19.4309+90.0 * (variable.is_brandishing_spear - 1.0) - ((math.sin(variable.attack_time * 180.0) * 57.3) * 1.2 - (math.sin((1.0 - (1.0 - variable.attack_time) * (1.0 - variable.attack_time)) * 180.0) * 57.3) * 0.4) + (math.sin(query.life_time * 76.776372) * 2.865) - this",
						"-33.5453+(math.sin(variable.attack_time * 180.0) * 57.3) * 0.6 - 5.73 - this",
						"-11.056+math.cos(query.life_time * 103.13244) * 2.865 + 2.865 - this"
					],
					"position": [1, 0.25, 0]
				},
				"body": {
					"rotation": [7.5, 0, 0]
				},
				"head": {
					"rotation": [-7.5, 0, 0],
					"position": [0, 0.5, -0.25]
				},
				"rightLeg": {
					"rotation": [-7.5, 0, 0]
				},
				"leftLeg": {
					"rotation": [-7.5, 0, 0]
				}
			}
		},
		"animation.memory_zombie.hide": {
			"loop": "hold_on_last_frame",
			"animation_length": 0.375,
			"bones": {
				"slab": {
					"rotation": {
						"0.0": [0, 0, 180],
						"0.375": [0, 0, 0]
					},
					"position": {
						"0.0": [0, 0.5, 0],
						"0.375": [0, 0, 0]
					}
				}
			}
		},
		"animation.gargantuar.smash": {
			"loop": "hold_on_last_frame",
			"animation_length": 2,
			"bones": {
				"body": {
					"rotation": {
						"0.0": [0, 0, 0],
						"0.5": [15, 0, 0],
						"1.0": [-12.5, 0, 0],
						"1.125": [30, 0, 0],
						"1.375": [30, 0, 0],
						"1.75": [-7.5, 0, 0],
						"2.0": [0, 0, 0]
					},
					"position": {
						"0.0": [0, 0, 0],
						"0.25": [0, -0.25, 0],
						"0.5": [0, -0.25, 0],
						"0.75": [0, -2, 0],
						"1.0": [0, -2.75, 0],
						"1.125": [0, -0.5, 0],
						"1.375": [0, -0.5, 0],
						"1.75": [0, 0, 0]
					}
				},
				"rightArm": {
					"rotation": {
						"0.0": [-2.53124, -4.53768, 5.06431],
						"0.5": [-15, 0, 0],
						"1.0": [-100, 0, 0],
						"1.125": [-57.5, 0, 0],
						"1.375": [-57.5, 0, 0],
						"1.75": [-75, 0, 0],
						"2.0": [0, 0, 0]
					}
				},
				"rightLeg": {
					"rotation": {
						"0.0": [0, 0, 0],
						"0.5": [-15, 0, 0],
						"1.0": [12.5, 0, 0],
						"1.125": [-30, 0, 0],
						"1.375": [-30, 0, 0],
						"1.75": [7.5, 0, 0],
						"2.0": [0, 0, 0]
					},
					"position": {
						"0.0": [0, 0, 0],
						"0.5": [0, 1, -1],
						"1.125": [0, 3.43, -1],
						"1.375": [0, 3.43, -1],
						"1.75": [0, 0, -1],
						"2.0": [0, 0, 0]
					}
				},
				"leftLeg": {
					"rotation": {
						"0.0": [0, 0, 0],
						"0.5": [-15, 0, 0],
						"1.125": [-30, 0, 0],
						"1.375": [-30, 0, 0],
						"1.75": [0, 0, 0]
					},
					"position": {
						"0.0": [0, 0, 0],
						"0.5": [0, 1, -1],
						"1.125": [0, 4, -3],
						"1.375": [0, 4, -3],
						"1.75": [0, 0, -2],
						"2.0": [0, 0, 0]
					}
				},
				"leftArm": {
					"rotation": [-17.5, 5.73, 0]
				}
			}
		},
		"animation.gargantuar.thrown": {
			"animation_length": 1.75,
			"bones": {
				"leftArm": {
					"rotation": {
						"0.0": [0, 0, 0],
						"0.75": [-221.57337, -19.05681, -20.20848],
						"0.875": [-219.32269, -23.92746, -26.341],
						"1.0": [-145, 0, 0],
						"1.125": [-137.5, 0, 0],
						"1.5": [0, 0, 0],
						"1.75": [0, 0, 0]
					}
				},
				"imp": {
					"rotation": {
						"0.875": [0, 0, 0],
						"1.25": [180, 0, 0]
					},
					"position": {
						"0.875": [0, 0, 0],
						"1.25": [0, 8, -74]
					},
					"scale": {
						"0.875": [1, 1, 1],
						"1.25": [0, 0, 0]
					}
				}
			}
		}
	}
}