{
  "format_version": "1.19.0",
    "animations": {
        "animation.pnote": {
            "loop": true,
            "animation_length": 1,
            "particle_effects": {
                "0.0": {
                    "effect": "purple_note"
                }
            }
        },
		"animation.bnote": {
            "loop": true,
            "animation_length": 1,
            "particle_effects": {
                "0.0": {
                    "effect": "blue_note"
                }
            }
        },
		"animation.gnote": {
            "loop": true,
            "animation_length": 1,
            "particle_effects": {
                "0.0": {
                    "effect": "green_note"
                }
            }
        },
		"animation.rnote": {
            "loop": true,
            "animation_length": 12,
            "particle_effects": {
                "0.0": {
                    "effect": "red_note"
                }
            }
        }
    }
}