{
	"format_version": "1.8.0",
	"animations": {
		"animation.peashooter.move": {
			"loop": true,
			"animation_length": 2.0833,
			"bones": {
				"stem": {
					"rotation": {
						"0.0": [0, 0, 0],
						"0.5167": [-10, 0, 0],
						"1.0333": [0, 0, 0],
						"1.5667": [10, 0, 0],
						"2.0833": [0, 0, 0]
					},
					"position": [0, 0, 0]
				},
				"head": {
					"rotation": {
						"0.0": [0, 0, 0],
						"0.5167": [10, 0, 0],
						"1.0333": [0, 0, 0],
						"1.5667": [-10, 0, 0],
						"2.0833": [0, 0, 0]
					},
					"position": {
						"0.0": [0, 0, 0],
						"0.5167": [0, -0.5, 0],
						"1.0333": [0, 0, 0],
						"1.5667": [0, -0.5, 0],
						"2.0833": [0, 0, 0]
					}
				},
				"leaf": {
					"rotation": {
						"0.0": [0, 0, 0],
						"0.2833": [10, 0, 0],
						"0.5167": [0, 0, 0],
						"1.3167": [5, 0, 0],
						"1.5667": [0, 0, 0]
					},
					"position": [0, 0, 0]
				}
			}
		},
		"animation.peashooter.attack": {
			"animation_length": 1.2917,
			"bones": {
				"stem": {
					"rotation": {
						"0.0": [0, 0, 0],
						"0.5": [-12.5, 0, 0],
						"0.8333": [5, 0, 0],
						"1.0833": [5, 0, 0],
						"1.2917": [0, 0, 0]
					}
				},
				"head": {
					"rotation": {
						"0.0": [0, 0, 0],
						"0.5": [30, 0, 0],
						"0.8333": [-12.5, 0, 0],
						"1.0833": [-12.5, 0, 0],
						"1.2917": [0, 0, 0]
					},
					"position": {
						"0.0": [0, 0, 0],
						"0.5": [0, -0.5, 0.25],
						"0.8333": [0, -0.5, -1],
						"1.0833": [0, -0.5, -1],
						"1.2917": [0, 0, 0]
					},
					"scale": {
						"0.0": [1, 1, 1],
						"0.5": [1, 1, 1],
						"0.8333": [1.1, 1.1, 1.1],
						"1.0833": [1, 1, 1],
						"1.2917": [1, 1, 1]
					}
				},
				"leaf": {
					"rotation": {
						"0.0": [0, 0, 0],
						"0.5": [-27.5, 0, 0],
						"0.8333": [-15, 0, 0],
						"1.2917": [0, 0, 0]
					},
					"position": [0, 0, 0]
				},
				"pea": {
					"position": {
						"0.0": [0, -10, 0],
						"0.375": [0, 1, 0]
					},
					"scale": {
						"0.0": [0, 0, 0],
						"0.0417": [1, 1, 1]
					}
				},
				"cheeks": {
					"position": [0, -0.4, 0],
					"scale": {
						"0.375": [1, 1, 1],
						"0.5": [1.7, 1.2, 1.2],
						"0.8333": [1, 1, 1]
					}
				}
			}
		}
	}
}