{
	"format_version": "1.8.0",
	"animations": {
		"animation.player.torch_tool.first_person": {
			"loop": true,
			"bones": {
				"rightitem": {
					"rotation": ["c.is_first_person ? 75 : 0", "c.is_first_person ? 0 : 0", "c.is_first_person ? 15 : 0"],
					"position": [" c.is_first_person ? 0 : 0", "c.is_first_person ? 12.5 : 0", "c.is_first_person ? 0 : 0"]
				}
			}
		},
		"animation.player.torch_tool": {
			"loop": true,
			"bones": {
				"rightitem": {
					"position": [1, 3, 0.5],
					"rotation": [0, 0, 0]
				}
			}
		},
		"animation.player.hammer_tool.first_person": {
			"loop": true,
			"bones": {
				"rightitem": {
					"rotation": ["c.is_first_person ? 45 : 0", "c.is_first_person ? 60 : 0", "c.is_first_person ? -10 : 0"],
					"position": [" c.is_first_person ? 0 : 0", "c.is_first_person ? 4.5 : 0", "c.is_first_person ? 0 : 0"]
				}
			}
		},
		"animation.player.hammer_tool": {
			"loop": true,
			"bones": {
				"rightitem": {
					"position": [1, -1, 0.5],
					"rotation": [0, 0, 0]
				}
			}
		}
	}
}