{
	"format_version": "1.8.0",
	"animations": {
		"animation.potatomine.activate": {
			"loop": "hold_on_last_frame",
			"animation_length": 0.52,
			"bones": {
				"dirt": {
					"rotation": {
						"0.12": [0, 0, 0],
						"0.28": [6, 0, 0],
						"0.4": [5, 0, 0],
						"0.52": [0, 0, 0]
					},
					"position": {
						"0.0": [0, 0, 0],
						"0.12": [0, 0, 0],
						"0.2": [0, 3.75, 0],
						"0.28": [0, 0, 0],
						"0.52": [0, 0, 0]
					},
					"scale": {
						"0.0": [1, 0.9, 1],
						"0.28": [1, 0.7, 1],
						"0.4": [1, 1.25, 1],
						"0.52": [1, 1, 1]
					}
				},
				"light": {
					"scale": 0.1
				},
				"potato": {
					"rotation": {
						"0.12": [0, 0, 0],
						"0.28": [-7.5, 0, 0],
						"0.52": [0, 0, 0]
					},
					"position": {
						"0.0": [0, -9, 0],
						"0.12": [0, -9, 0],
						"0.28": [0, -1, 0],
						"0.4": [0, 0, 0]
					},
					"scale": {
						"0.12": [1, 1, 1],
						"0.28": [1, 1.3, 1],
						"0.4": [1, 0.75, 1],
						"0.52": [1, 1, 1]
					}
				}
			}
		},
		"animation.potatomine.rest": {
			"loop": true,
			"bones": {
				"bone": {
					"position": [0, -9, 0]
				}
			}
		},
		"animation.potatomine.move": {
			"loop": true,
			"animation_length": 1.25,
			"bones": {
				"light": {
					"scale": {
						"0.0": [0.1, 0.1, 0.1],
						"0.75": [1.1, 1.1, 1.1],
						"1.2083": [1, 1, 1],
						"1.25": [0.1, 0.1, 0.1]
					}
				}
			}
		},
		"animation.potatomine.fly": {
			"loop": true,
			"animation_length": 0.75,
			"bones": {
				"dirt": {
					"position": [0, 4, 0],
					"scale": 0.1
				},
				"potato": {
					"rotation": {
						"0.0": [0, 0, 0],
						"0.75": [360, 0, 0]
					}
				},
				"antenna": {
					"position": [0, -4, 0],
					"scale": [0.1, 0.1, 0.1]
				}
			}
		},
		"animation.potatomine.explode": {
			"loop": "hold_on_last_frame",
			"animation_length": 0.5,
			"bones": {
				"dirt": {
					"scale": {
						"0.0": [1, 1, 1],
						"0.5": [1.25, 1, 1.25]
					}
				},
				"potato": {
					"position": {
						"0.0": [0, 0, 0],
						"0.5": [0, 0.75, 0]
					},
					"scale": {
						"0.0": [1, 1, 1],
						"0.5": [1.25, 1, 1.25]
					}
				}
			}
		}
	}
}