{
	"format_version": "1.8.0",
	"animations": {
		"animation.ppeashooter.attack": {
			"animation_length": 1.33333,
			"bones": {
				"stem": {
					"rotation": {
						"0.0": [-12.5, 0, 0],
						"0.25": [5, 0, 0],
						"0.3333": [5, 0, 0],
						"0.4167": [0, 0, 0],
						"0.5": [5, 0, 0],
						"0.5833": [5, 0, 0],
						"0.6667": [0, 0, 0],
						"0.75": [5, 0, 0],
						"0.8333": [5, 0, 0],
						"0.9167": [0, 0, 0],
						"1.0": [5, 0, 0],
						"1.0833": [5, 0, 0],
						"1.1667": [0, 0, 0],
						"1.3333": [-12.5, 0, 0]
					}
				},
				"head": {
					"rotation": {
						"0.0": [30, 0, 0],
						"0.25": [-12.5, 0, 0],
						"0.3333": [-12.5, 0, 0],
						"0.4167": [-12.5, 0, 0],
						"0.5": [-12.5, 0, 0],
						"0.5833": [-12.5, 0, 0],
						"0.6667": [-12.5, 0, 0],
						"0.75": [-12.5, 0, 0],
						"0.8333": [-12.5, 0, 0],
						"0.9167": [-12.5, 0, 0],
						"1.0": [-12.5, 0, 0],
						"1.0833": [-12.5, 0, 0],
						"1.1667": [-12.5, 0, 0],
						"1.3333": [30, 0, 0]
					},
					"position": {
						"0.0": [0, -0.25, 0.25],
						"0.25": [0, -0.5, -1],
						"0.3333": [0, 0, -1],
						"0.4167": [0, -0.5, -1],
						"0.5": [0, 0, -1],
						"0.5833": [0, -0.5, -1],
						"0.6667": [0, 0, -1],
						"0.75": [0, -0.5, -1],
						"0.8333": [0, 0, -1],
						"0.9167": [0, -0.5, -1],
						"1.0": [0, 0, -1],
						"1.0833": [0, -0.5, -1],
						"1.1667": [0, 0, -1],
						"1.3333": [0, -0.25, 0.25]
					},
					"scale": {
						"0.0": [1, 1, 1],
						"0.25": [1.1, 1.1, 1.1],
						"0.3333": [1, 1, 1],
						"0.4167": [1.1, 1.1, 1.1],
						"0.5": [1, 1, 1],
						"0.5833": [1.1, 1.1, 1.1],
						"0.6667": [1, 1, 1],
						"0.75": [1.1, 1.1, 1.1],
						"0.8333": [1, 1, 1],
						"0.9167": [1.1, 1.1, 1.1],
						"1.0": [1, 1, 1],
						"1.0833": [1.1, 1.1, 1.1],
						"1.1667": [1, 1, 1],
						"1.3333": [1, 1, 1]
					}
				},
				"leaf": {
					"rotation": {
						"0.0": [0, 0, 0],
						"0.5": [-27.5, 0, 0],
						"0.8333": [-15, 0, 0],
						"1.2917": [0, 0, 0]
					}
				},
				"costume": {
					"position": [0.5, 3.5, 2.5]
				}
			}
		},
		"animation.ppeashooter.big_shoot": {
			"animation_length": 1.58333,
			"bones": {
				"stem": {
					"rotation": {
						"0.0": [0, 0, 0],
						"1.0": [-5, 0, 0],
						"1.25": [5, 0, 0],
						"1.375": [5, 0, 0],
						"1.5833": [0, 0, 0]
					},
					"position": [0, 0, 0]
				},
				"head": {
					"rotation": {
						"0.0": [0, 0, 0],
						"1.0": [0, 0, 0],
						"1.25": [15, 0, 0],
						"1.375": [-10, 0, 0],
						"1.5833": [0, 0, 0]
					},
					"position": {
						"0.0": [0, 0, 0],
						"1.0": [0, -1.5, 0],
						"1.25": [0, -1.5, 3],
						"1.375": [0, -1.5, -3],
						"1.5833": [0, 0, 0]
					},
					"scale": {
						"0.0": [1, 1, 1],
						"1.0": [1.2, 1.2, 1.2],
						"1.375": [1.2, 1.2, 1.2],
						"1.5833": [1, 1, 1]
					}
				},
				"costume": {
					"position": [0.5, 3.5, 2.5]
				}
			}
		}
	}
}