{
	"format_version": "1.8.0",
	"animations": {
		"animation.fire_orb.lifetime": {
			"loop": "hold_on_last_frame",
			"animation_length": 12,
			"bones": {
				"pea": {
					"rotation": {
						"0.25": [0, 0, 0],
						"0.5": [0, 0, -2.5],
						"0.75": [0, 0, 0],
						"1.0": [0, 0, 2.5],
						"1.25": [0, 0, 0],
						"1.5": [0, 0, -5],
						"1.75": [0, 0, 0],
						"2.0": [0, 0, 5],
						"2.25": [0, 0, 0],
						"2.5": [0, 0, -7.5],
						"2.75": [0, 0, 0],
						"3.0": [0, 0, 7.5],
						"3.25": [0, 0, 0],
						"3.5": [0, 0, -10],
						"3.75": [0, 0, 0],
						"4.0": [0, 0, 10],
						"4.25": [0, 0, 0],
						"4.5": [0, 0, -12.5],
						"4.75": [0, 0, 0],
						"5.0": [0, 0, 12.5],
						"5.25": [0, 0, 0],
						"5.5": [0, 0, -15],
						"5.75": [0, 0, 0],
						"6.0": [0, 0, 15],
						"6.25": [0, 0, 0],
						"6.5": [0, 0, -17.5],
						"6.75": [0, 0, 0],
						"7.0": [0, 0, 17.5],
						"7.25": [0, 0, 0],
						"7.5": [0, 0, -20],
						"7.75": [0, 0, 0],
						"8.0": [0, 0, 20],
						"8.25": [0, 0, 0],
						"8.5": [0, 0, -22.5],
						"8.75": [0, 0, 0],
						"9.0": [0, 0, 22.5],
						"9.25": [0, 0, 0],
						"9.5": [0, 0, -25],
						"9.75": [0, 0, 0],
						"10.0": [0, 0, 25],
						"10.25": [0, 0, 0],
						"10.5": [0, 0, -27.5],
						"10.75": [0, 0, 0],
						"11.0": [0, 0, 27.5],
						"11.25": [0, 0, 0],
						"11.5": [0, 0, -30],
						"11.75": [0, 0, 0],
						"12.0": [0, 0, 30]
					},
					"position": {
						"0.0": [0, 0, 0],
						"1.0": [0, 1, 0],
						"2.0": [0, 0, 0],
						"3.0": [0, -1, 0],
						"4.0": [0, 0, 0],
						"5.0": [0, 1, 0],
						"6.0": [0, 0, 0],
						"7.0": [0, -1, 0],
						"8.0": [0, 0, 0],
						"9.0": [0, 1, 0],
						"10.0": [0, 0, 0],
						"11.0": [0, -1, 0],
						"12.0": [0, 0, 0]
					},
					"scale": {
						"0.0": [0, 0, 0],
						"0.125": [1.25, 1.25, 1.25],
						"0.25": [1, 1, 1],
						"12.0": [0, 0, 0]
					}
				}
			}
		},
		"animation.gloomspore.lifetime": {
			"loop": "hold_on_last_frame",
			"animation_length": 6,
			"bones": {
				"pea": {
					"rotation": {
						"0.0": [0, 0, 0],
						"0.5": [0, 0, -2.5],
						"1.0": [2.5, 0, -2.5],
						"1.5": [2.5, 0, 0],
						"2.5": [2.5, 0, 2.5],
						"3.5": [0, 0, 2.5],
						"4.5": [-2.5, 0, 2.5],
						"5.5": [0, 0, 0]
					},
					"scale": {
						"0.0": [0, 0, 0],
						"0.25": [1, 1, 1],
						"5.25": [0.5, 0.5, 0.5],
						"6.0": [0, 0, 0]
					}
				},
				"sporeA": {
					"scale": {
						"0.0": [0, 0, 0],
						"0.375": [1, 1, 1],
						"0.75": [0.75, 0.75, 0.75],
						"1.75": [1, 1, 1],
						"2.75": [0.75, 0.75, 0.75],
						"3.75": [1, 1, 1],
						"4.75": [0.75, 0.75, 0.75],
						"5.5": [0, 0, 0]
					}
				},
				"sporeB": {
					"scale": {
						"0.0": [0, 0, 0],
						"0.2917": [1, 1, 1],
						"1.25": [0.75, 0.75, 0.75],
						"2.25": [1, 1, 1],
						"3.25": [0.75, 0.75, 0.75],
						"4.25": [1, 1, 1],
						"5.25": [0.75, 0.75, 0.75],
						"5.75": [0, 0, 0]
					}
				}
			}
		},
		"animation.root.move": {
			"loop": "hold_on_last_frame",
			"animation_length": 3.24,
			"bones": {
				"pointA": {
					"rotation": {
						"0.84": [0, 0, 0],
						"1.12": [20, 0, 0],
						"1.4": [0, 0, 0],
						"1.68": [20, 0, 0],
						"1.96": [0, 0, 0],
						"2.24": [20, 0, 0],
						"2.52": [0, 0, 0],
						"2.8": [20, 0, 0],
						"3.08": [0, 0, 0]
					},
					"position": {
						"0.84": [0, 0, 0],
						"1.12": [0, -0.25, 0],
						"1.4": [0, 0, 0],
						"1.68": [0, -0.25, 0],
						"1.96": [0, 0, 0],
						"2.24": [0, -0.25, 0],
						"2.52": [0, 0, 0],
						"2.8": [0, -0.25, 0],
						"3.08": [0, 0, 0]
					},
					"scale": {
						"0.84": [1, 1, 1],
						"1.12": [1.01, 1, 1],
						"1.4": [1, 1, 1],
						"1.68": [1.01, 1, 1],
						"1.96": [1, 1, 1],
						"2.24": [1.01, 1, 1],
						"2.52": [1, 1, 1],
						"2.8": [1.01, 1, 1],
						"3.08": [1, 1, 1]
					}
				},
				"peak": {
					"rotation": {
						"0.56": [0, 0, 0],
						"0.84": [-20, 0, 0],
						"1.12": [0, 0, 0],
						"1.4": [-20, 0, 0],
						"1.68": [0, 0, 0],
						"1.96": [-20, 0, 0],
						"2.24": [0, 0, 0],
						"2.52": [-20, 0, 0],
						"2.8": [0, 0, 0]
					},
					"position": {
						"0.56": [0, 0, 0],
						"0.84": [0, -0.5, 0],
						"1.12": [0, 0, 0],
						"1.4": [0, -0.5, 0],
						"1.68": [0, 0, 0],
						"1.96": [0, -0.5, 0],
						"2.24": [0, 0, 0],
						"2.52": [0, -0.5, 0],
						"2.8": [0, 0, 0]
					},
					"scale": {
						"0.56": [1, 1, 1],
						"0.84": [0.99, 1, 1],
						"1.12": [1, 1, 1],
						"1.4": [0.99, 1, 1],
						"1.68": [1, 1, 1],
						"1.96": [0.99, 1, 1],
						"2.24": [1, 1, 1],
						"2.52": [0.99, 1, 1],
						"2.8": [1, 1, 1]
					}
				},
				"body": {
					"rotation": {
						"0.28": [0, 0, 0],
						"0.56": [10, 0, 0],
						"0.84": [0, 0, 0],
						"1.12": [10, 0, 0],
						"1.4": [0, 0, 0],
						"1.68": [10, 0, 0],
						"1.96": [0, 0, 0]
					},
					"position": {
						"0.28": [0, 0, 0],
						"0.56": [0, 0, 0],
						"0.84": [0, 0, 0],
						"1.12": [0, 0, 0],
						"1.4": [0, 0, 0],
						"1.68": [0, 0, 0],
						"1.96": [0, 0, 0]
					},
					"scale": {
						"0.28": [1, 1, 1],
						"0.56": [1.01, 1, 1],
						"0.84": [1, 1, 1],
						"1.12": [1.01, 1, 1],
						"1.4": [1, 1, 1],
						"1.68": [1.01, 1, 1],
						"1.96": [1, 1, 1]
					}
				},
				"root": {
					"position": {
						"0.0": [0, -17, 0],
						"0.28": [0, 0, 0],
						"3.08": [0, 0, 0],
						"3.24": [0, -17, 0]
					}
				}
			}
		}
	}
}