{
	"format_version": "1.8.0",
	"animations": {
		"animation.root.move": {
			"loop": "hold_on_last_frame",
			"animation_length": 3.24,
			"bones": {
				"pointA": {
					"rotation": {
						"0.84": [0, 0, 0],
						"1.12": [20, 0, 0],
						"1.4": [0, 0, 0],
						"1.68": [20, 0, 0],
						"1.96": [0, 0, 0],
						"2.24": [20, 0, 0],
						"2.52": [0, 0, 0],
						"2.8": [20, 0, 0],
						"3.08": [0, 0, 0]
					},
					"position": {
						"0.84": [0, 0, 0],
						"1.12": [0, 0.5, 5.25],
						"1.4": [0, 0, 0],
						"1.68": [0, 0.5, 5.25],
						"1.96": [0, 0, 0],
						"2.24": [0, 0.5, 5.25],
						"2.52": [0, 0, 0],
						"2.8": [0, 0.5, 5.25],
						"3.08": [0, 0, 0]
					},
					"scale": {
						"0.84": [1, 1, 1],
						"1.12": [1.01, 1, 1],
						"1.4": [1, 1, 1],
						"1.68": [1.01, 1, 1],
						"1.96": [1, 1, 1],
						"2.24": [1.01, 1, 1],
						"2.52": [1, 1, 1],
						"2.8": [1.01, 1, 1],
						"3.08": [1, 1, 1]
					}
				},
				"peak": {
					"rotation": {
						"0.56": [0, 0, 0],
						"0.84": [-20, 0, 0],
						"1.12": [0, 0, 0],
						"1.4": [-20, 0, 0],
						"1.68": [0, 0, 0],
						"1.96": [-20, 0, 0],
						"2.24": [0, 0, 0],
						"2.52": [-20, 0, 0],
						"2.8": [0, 0, 0]
					},
					"position": {
						"0.56": [0, 0, 0],
						"0.84": [0, 0, -3.5],
						"1.12": [0, 0, 0],
						"1.4": [0, 0, -3.5],
						"1.68": [0, 0, 0],
						"1.96": [0, 0, -3.5],
						"2.24": [0, 0, 0],
						"2.52": [0, 0, -3.5],
						"2.8": [0, 0, 0]
					},
					"scale": {
						"0.56": [1, 1, 1],
						"0.84": [0.99, 1, 1],
						"1.12": [1, 1, 1],
						"1.4": [0.99, 1, 1],
						"1.68": [1, 1, 1],
						"1.96": [0.99, 1, 1],
						"2.24": [1, 1, 1],
						"2.52": [0.99, 1, 1],
						"2.8": [1, 1, 1]
					}
				},
				"body": {
					"rotation": {
						"0.28": [0, 0, 0],
						"0.56": [10, 0, 0],
						"0.84": [0, 0, 0],
						"1.12": [10, 0, 0],
						"1.4": [0, 0, 0],
						"1.68": [10, 0, 0],
						"1.96": [0, 0, 0]
					},
					"position": {
						"0.28": [0, 0, 0],
						"0.56": [0, 0, 1],
						"0.84": [0, 0, 0],
						"1.12": [0, 0, 1],
						"1.4": [0, 0, 0],
						"1.68": [0, 0, 1],
						"1.96": [0, 0, 0]
					},
					"scale": {
						"0.28": [1, 1, 1],
						"0.56": [1.01, 1, 1],
						"0.84": [1, 1, 1],
						"1.12": [1.01, 1, 1],
						"1.4": [1, 1, 1],
						"1.68": [1.01, 1, 1],
						"1.96": [1, 1, 1]
					}
				},
				"root": {
					"position": {
						"0.0": [0, -17, 0],
						"0.28": [0, 0, 0],
						"3.08": [0, 0, 0],
						"3.24": [0, -17, 0]
					}
				}
			}
		}
	}
}