{
	"format_version": "1.8.0",
	"animations": {
		"animation.sphinx_inator.walk": {
			"loop": true,
			"animation_length": 2.33333,
			"bones": {
				"rightfrontleg": {
					"rotation": {
						"0.3333": [0, 0, 0],
						"0.8333": [0.35, -9.85, 21.4],
						"1.3333": [0, 0, 0],
						"1.8333": [0.35, -9.85, 21.4],
						"2.3333": [0, 0, 0]
					}
				},
				"leftfrontleg": {
					"rotation": {
						"0.0": [7.5, 0, -7.5],
						"0.5": [-82.5, 15, 82.5],
						"1.0": [7.5, 0, -7.5],
						"1.5": [-82.5, 15, 82.5],
						"2.2083": [7.5, 0, -7.5]
					}
				},
				"rightbackleg": {
					"rotation": {
						"0.0417": [7.5, 0, 7.5],
						"0.5417": [82.5, -15, 82.5],
						"1.0417": [7.5, 0, 7.5],
						"1.5417": [82.5, -15, 82.5],
						"2.25": [7.5, 0, 7.5]
					}
				},
				"leftbackleg": {
					"rotation": {
						"0.2917": [190, -180, -180],
						"0.7917": [179.05576, -185.69656, -189.68444],
						"1.2917": [190, -180, -180],
						"1.7917": [179.05576, -185.69656, -189.68444],
						"2.2917": [190, -180, -180]
					}
				}
			}
		},
		"animation.sphinx_inator.spawn": {
			"animation_length": 2.79167,
			"bones": {
				"head": {
					"rotation": {
						"0.0": [0, 0, 0],
						"0.375": [-15, 0, 0],
						"0.75": [0, 0, 0],
						"2.5": [0, 0, 0],
						"2.7917": [0, 0, 0]
					},
					"position": {
						"0.0": [0, 0, 0],
						"0.375": [0, 2, -2],
						"0.75": [0, -9, -6],
						"1.0": [0, -7, -6],
						"2.0": [0, -7, -6],
						"2.5": [0, -9, -6],
						"2.7917": [0, 0, 0]
					}
				},
				"mouth": {
					"position": {
						"0.0": [0, 0, 0],
						"0.75": [0, 0, 0],
						"1.0": [0, -4, 0],
						"2.0": [0, -4, 0],
						"2.5": [0, 0, 0]
					}
				},
				"base": {
					"rotation": {
						"0.0": [0, 0, 0],
						"1.0": [30, 0, 0],
						"2.5": [30, 0, 0],
						"2.7917": [0, 0, 0]
					},
					"position": {
						"0.0": [0, 0, 0],
						"1.0": [0, -4, 5],
						"2.5": [0, -4, 5],
						"2.7917": [0, 0, 0]
					}
				},
				"rightfrontleg": {
					"rotation": {
						"0.5": [0, 0, 0],
						"1.0": [-25.29066, 25.9522, 13.19347],
						"2.5": [-25.29066, 25.9522, 13.19347],
						"2.7917": [0, 0, 0]
					},
					"position": {
						"0.5": [0, 0, 0],
						"1.0": [0, 1, -2],
						"2.5": [0, 1, -2],
						"2.7917": [0, 0, 0]
					}
				},
				"leftfrontleg": {
					"rotation": {
						"0.5": [0, 0, 0],
						"1.0": [206.40043, 39.62383, -223.72198],
						"2.5": [206.40043, 39.62383, -223.72198],
						"2.7917": [0, 0, 0]
					},
					"position": {
						"0.5": [0, 0, 0],
						"1.0": [1, 1, 0],
						"2.5": [1, 1, 0],
						"2.7917": [0, 0, 0]
					}
				},
				"mouth_back": {
					"rotation": [0, 0, 0],
					"position": {
						"0.75": [0, 0, 0],
						"1.0": [0, -2.5, 0],
						"2.0": [0, -2.5, 0],
						"2.5": [0, 0, 0],
						"2.7917": [0, 0, 0]
					},
					"scale": {
						"0.75": [1, 1, 1],
						"1.0": [1, 1.5, 1],
						"2.0": [1, 1.5, 1],
						"2.5": [1, 1, 1]
					}
				}
			}
		},
		"animation.sphinx_inator.shoot": {
			"animation_length": 2.5,
			"bones": {
				"head": {
					"rotation": {
						"0.0": [0, 0, 0],
						"0.4167": [-17.5, 0, 0],
						"0.75": [0, 0, 0],
						"2.0": [0, 0, 0],
						"2.5": [0, 0, 0]
					},
					"position": {
						"0.0": [0, 0, 0],
						"0.4167": [0, 1, -1],
						"0.6667": [0, 0, -2],
						"0.75": [0, -0.5, -2],
						"2.0": [0, -0.5, -2],
						"2.5": [0, 0, 0]
					}
				},
				"center": {
					"position": {
						"0.75": [0, 0, 0],
						"1.125": [0, 0, 4],
						"2.0": [0, 0, 5],
						"2.5": [0, 0, 0]
					}
				},
				"rocket": {
					"rotation": {
						"1.125": [0, 0, 0],
						"1.5": [0, 0, 0],
						"1.75": [-45, 0, 0],
						"2.0": [-90, 0, 0]
					},
					"position": {
						"0.75": [0, 0, 0],
						"1.125": [0, 0, -7],
						"1.5": [0, 0, -7],
						"1.75": [0, 7, -24],
						"2.0": [0, 33, -32]
					},
					"scale": {
						"1.5": [1, 1, 1],
						"1.75": [0.5, 0.5, 0.5],
						"2.0": [0, 0, 0]
					}
				},
				"base": {
					"position": {
						"0.0": [0, 0, 0],
						"0.5": [0, 0.5, 0],
						"0.75": [0, 0, 0],
						"2.0": [0, 0, 0],
						"2.5": [0, 0, 0]
					}
				},
				"rightfrontleg": {
					"rotation": {
						"0.0": [0, 0, 0],
						"0.7917": [0, 45, 0],
						"2.0": [0, 45, 0],
						"2.5": [0, 0, 0]
					},
					"position": {
						"0.0": [0, 0, 0],
						"0.7917": [0, 0, -1.5],
						"2.0": [0, 0, -1.5],
						"2.5": [0, 0, 0]
					}
				},
				"leftfrontleg": {
					"rotation": {
						"0.0": [7.5, 0, -7.5],
						"0.7917": [0, -45, 0],
						"2.0": [0, -45, 0],
						"2.5": [7.5, 0, -7.5]
					},
					"position": {
						"0.0": [0, 0, 0],
						"0.7917": [-0.5, 0, 0],
						"2.0": [-0.5, 0, 0],
						"2.5": [0, 0, 0]
					}
				}
			}
		},
		"animation.sphinx_inator.attack": {
			"animation_length": 2.16667,
			"bones": {
				"rightfrontleg": {
					"rotation": {
						"0.0": [0, 0, 0],
						"0.5": [-43.20495, -25.01686, 25.31665],
						"0.7083": [-43.20495, -25.01686, 25.31665],
						"0.7917": [4.54265, -47.8679, -4.75969],
						"0.875": [-43.20495, -25.01686, 25.31665],
						"0.9583": [4.54265, -47.8679, -4.75969],
						"1.0417": [-43.20495, -25.01686, 25.31665],
						"1.125": [4.54265, -47.8679, -4.75969],
						"1.2083": [4.54265, -47.8679, -4.75969],
						"1.2917": [-43.20495, -25.01686, 25.31665],
						"1.375": [4.54265, -47.8679, -4.75969],
						"1.4583": [-43.20495, -25.01686, 25.31665],
						"1.5417": [4.54265, -47.8679, -4.75969],
						"1.625": [-43.20495, -25.01686, 25.31665],
						"1.7083": [4.54265, -47.8679, -4.75969],
						"1.9167": [-43.20495, -25.01686, 25.31665],
						"2.1667": [0, 0, 0]
					},
					"position": {
						"0.0": [0, 0, 0],
						"0.5": [0, 0, -4],
						"0.7083": [0, 0, -4],
						"0.7917": [0, 0, 0],
						"0.875": [0, 0, -4],
						"0.9583": [0, 0, 0],
						"1.0417": [0, 0, -4],
						"1.125": [0, 0, 0],
						"1.2083": [0, 0, 0],
						"1.2917": [0, 0, -4],
						"1.375": [0, 0, 0],
						"1.4583": [0, 0, -4],
						"1.5417": [0, 0, 0],
						"1.625": [0, 0, -4],
						"1.7083": [0, 0, 0],
						"1.9167": [0, 0, -4],
						"2.1667": [0, 0, 0]
					}
				},
				"leftfrontleg": {
					"rotation": {
						"0.0": [0, 0, 0],
						"0.5": [-60.06822, 37.93213, 58.00372],
						"0.8333": [-60.06822, 37.93213, 58.00372],
						"0.9167": [12.07289, 42.62014, -21.8959],
						"1.0": [-60.06822, 37.93213, 58.00372],
						"1.0833": [12.07289, 42.62014, -21.8959],
						"1.1667": [-60.06822, 37.93213, 58.00372],
						"1.25": [12.07289, 42.62014, -21.8959],
						"1.3333": [12.07289, 42.62014, -21.8959],
						"1.4167": [-60.06822, 37.93213, 58.00372],
						"1.5": [12.07289, 42.62014, -21.8959],
						"1.5833": [-60.06822, 37.93213, 58.00372],
						"1.6667": [12.07289, 42.62014, -21.8959],
						"1.9167": [-60.06822, 37.93213, 58.00372],
						"2.1667": [0, 0, 0]
					},
					"position": {
						"0.0": [0, 0, 0],
						"0.5": [0, 0, -1],
						"0.8333": [0, 0, -1],
						"0.9167": [3, 0, 0],
						"1.0": [0, 0, -1],
						"1.0833": [3, 0, 0],
						"1.1667": [0, 0, -1],
						"1.25": [3, 0, 0],
						"1.3333": [3, 0, 0],
						"1.4167": [0, 0, -1],
						"1.5": [3, 0, 0],
						"1.5833": [0, 0, -1],
						"1.6667": [3, 0, 0],
						"1.9167": [0, 0, -1],
						"2.1667": [0, 0, 0]
					}
				}
			}
		},
		"animation.sphinx_inator.defeat": {
			"loop": "hold_on_last_frame",
			"animation_length": 3,
			"bones": {
				"head": {
					"rotation": {
						"0.0": [0, 0, 0],
						"0.75": [-20, 0, 0],
						"1.0": [-20, 0, 0],
						"1.2083": [0, 0, 0]
					},
					"position": {
						"0.0": [0, 0, 0],
						"0.75": [0, 1, 0],
						"1.0": [0, 1, 0],
						"1.2083": [0, 0, 0],
						"3.0": [0, -5, 0]
					}
				},
				"mouth_back": {
					"position": {
						"0.0": [0, 0, 0],
						"0.75": [0, -1, 0],
						"1.0": [0, -1, 0],
						"1.2083": [0, 0, 0]
					},
					"scale": {
						"0.0": [1, 1, 1],
						"0.75": [1, 1.5, 1],
						"1.0": [1, 1.5, 1],
						"1.2083": [1, 1, 1]
					}
				},
				"mouth": {
					"position": {
						"0.0": [0, 0, 0],
						"0.75": [0, -2, 0],
						"1.0": [0, -2, 0],
						"1.2083": [0, 0, 0],
						"2.5": [0, 0, 0],
						"3.0": [0, -3, 0]
					}
				},
				"rightfrontleg": {
					"rotation": {
						"1.2083": [0, 0, 0],
						"1.5": [6.58528, -3.56477, -15.56476],
						"2.0": [99.79589, -8.53059, -45.33],
						"2.5": [99.79589, -8.53059, -45.33]
					},
					"position": {
						"1.2083": [0, 0, 0],
						"1.5": [2, 2, 1],
						"2.0": [2, 11, 4],
						"2.5": [2, 11, 4]
					},
					"scale": {
						"1.5": [1, 1, 1],
						"2.0": [0, 0, 0],
						"2.5": [0, 0, 0]
					}
				},
				"leftfrontleg": {
					"rotation": {
						"1.2083": [0, 0, 0],
						"1.5": [60.61848, 22.89493, -55.7968],
						"2.0": [83.73896, 78.98217, -87.76955],
						"2.5": [83.73896, 78.98217, -87.76955]
					},
					"position": {
						"1.2083": [0, 0, 0],
						"1.5": [0, 3, 3],
						"2.0": [0, 10, 3],
						"2.5": [0, 10, 3]
					},
					"scale": {
						"1.5": [1, 1, 1],
						"2.0": [0, 0, 0],
						"2.5": [0, 0, 0]
					}
				},
				"rightbackleg": {
					"rotation": {
						"1.2083": [0, 0, 0],
						"1.5": [-115.8055, -33.53821, -120.74671],
						"2.0": [7.5, -40, -97.5],
						"2.5": [7.5, -40, -97.5]
					},
					"position": {
						"1.2083": [0, 0, 0],
						"1.5": [-1, 4, -3],
						"2.0": [4, 12, -2],
						"2.5": [4, 12, -2]
					},
					"scale": {
						"1.5": [1, 1, 1],
						"2.0": [0, 0, 0],
						"2.5": [0, 0, 0]
					}
				},
				"leftbackleg": {
					"rotation": {
						"1.2083": [0, 0, 0],
						"1.5": [10, 20, 30],
						"2.0": [-82.5, 160, -150],
						"2.5": [-82.5, 160, -150]
					},
					"position": {
						"1.2083": [0, 0, 0],
						"1.5": [-3, 3.5, 0],
						"2.0": [-3, 13.5, 0],
						"2.5": [-3, 13.5, 0]
					},
					"scale": {
						"1.5": [1, 1, 1],
						"2.0": [0, 0, 0],
						"2.5": [0, 0, 0]
					}
				},
				"body": {
					"rotation": {
						"2.5": [0, 0, 0],
						"3.0": [-10, 0, 0]
					},
					"position": {
						"1.5": [0, 0, 0],
						"2.0": [0, 24, 0],
						"2.5": [0, 24, 0],
						"3.0": [0, -4, 0]
					}
				},
				"base": {
					"position": {
						"2.0": [0, 0, 0],
						"2.5": [0, 0, 0],
						"3.0": [0, 5, 0]
					},
					"scale": {
						"2.0": [1, 1, 1],
						"2.5": [1, 1, 1]
					}
				}
			}
		}
	}
}