{
	"format_version": "1.8.0",
	"animations": {
		"animation.sunflower.move": {
			"loop": true,
			"animation_length": 2.08,
			"bones": {
				"stem": {
					"rotation": {
						"0.0": [0, 0, 0],
						"0.52": [0, 0, -12.5],
						"1.04": [0, 0, 0],
						"1.56": [0, 0, 17.5],
						"2.08": [0, 0, 0]
					}
				},
				"head": {
					"rotation": {
						"0.0": [0, 0, 0],
						"0.52": [0, 0, 12.5],
						"1.04": [0, 0, 0],
						"1.56": [0, 0, -17.5],
						"2.08": [0, 0, 0]
					},
					"position": {
						"0.0": [0, 1, 0],
						"0.52": [0, 1, 0],
						"1.04": [0, 0, 0],
						"1.56": [1, 1, 0],
						"2.08": [0, 1, 0]
					}
				}
			}
		},
		"animation.sunflower.food": {
			"animation_length": 2.5,
			"bones": {
				"head": {
					"rotation": {
						"0.0": [0, 0, 0],
						"0.25": [-17.5, 0, 0],
						"0.5": [-18.54835, 19.03771, -6.24605],
						"0.75": [-17.5, 0, 0],
						"1.0": [-18.54835, -19.03771, 6.24605],
						"1.25": [-17.5, 0, 0],
						"1.5": [-18.54835, 19.03771, -6.24605],
						"1.75": [-17.5, 0, 0],
						"2.0": [-18.54835, -19.03771, 6.24605],
						"2.25": [-17.5, 0, 0],
						"2.5": [0, 0, 0]
					},
					"position": [0, 0, 0]
				}
			}
		},
		"animation.sunflower.drop": {
			"animation_length": 0.75,
			"bones": {
				"head": {
					"rotation": {
						"0.0": [0, 0, 0],
						"0.1667": [-5.12076, 12.45167, -1.10693],
						"0.25": [-5, 0, 0],
						"0.3333": [-5.12076, -12.45167, 1.10693],
						"0.4167": [-5, 0, 0],
						"0.5": [-5.12076, 12.45167, -1.10693],
						"0.5833": [0, 0, 0],
						"0.75": [0, 0, 0]
					},
					"position": {
						"0.0": [0, 0, 0],
						"0.1667": [0, 0.5, 0],
						"0.5": [0, 0.5, 0],
						"0.5833": [0, 0.5, 0],
						"0.75": [0, 0, 0]
					},
					"scale": {
						"0.0": [1, 1, 1],
						"0.1667": [1.1, 1.1, 1.1],
						"0.5": [1.1, 1.1, 1.1],
						"0.5833": [1.1, 1.1, 1.1],
						"0.75": [1, 1, 1]
					}
				}
			}
		},
		"animation.sunflower.sleep": {
			"loop": true,
			"animation_length": 2.5,
			"bones": {
				"head": {
					"rotation": {
						"0.0": [0, -15, 0],
						"1.25": [-5, -15, 0],
						"2.5": [0, -15, 0]
					},
					"position": [0, 0, 0.5]
				},
				"top_stem": {
					"rotation": [35, 0, 0]
				},
				"up_leafs": {
					"rotation": [50, 0, 0]
				},
				"left_leafs": {
					"rotation": [0, 50, 0]
				},
				"bottom_leafs": {
					"rotation": [-50, 0, 0]
				},
				"right_leafs": {
					"rotation": [0, -50, 0]
				}
			}
		}
	}
}