{
	"format_version": "1.8.0",
	"animations": {
		"animation.suns.move": {
			"loop": "hold_on_last_frame",
			"animation_length": 3.25,
			"bones": {
				"sun": {
					"position": {
						"0.0": [0, 0, 0],
						"0.5": [0, 8, 0],
						"1.0": [0, 8, 0],
						"1.5": [0, 0, 0],
						"2.0": [0, 8, 0],
						"2.75": [0, 8, 0],
						"3.0": [0, 14.75, 0],
						"3.25": [0, -6.25, 0]
					}
				},
				"sun2": {
					"position": {
						"0.0": [-1, 0, 0],
						"0.5": [-2.25, 8, 0],
						"1.0": [-2.25, 8, 0],
						"1.5": [-1, 0, 0],
						"2.0": [-2.25, 10.25, 0],
						"2.75": [-2.25, 10.25, 0],
						"3.0": [0, 14.75, 0],
						"3.25": [0, -6.25, 0]
					}
				},
				"sun3": {
					"position": {
						"0.0": [1, 0, 0],
						"0.5": [2.25, 8, 0],
						"1.0": [2.25, 8, 0],
						"1.5": [1, 0, 0],
						"2.0": [2.25, 10.25, 0],
						"2.75": [2.25, 10.25, 0],
						"3.0": [0, 14.75, 0],
						"3.25": [0, -6.25, 0]
					}
				},
				"sun4": {
					"position": {
						"0.0": [-0.25, 0.25, 0],
						"0.5": [-4.5, 8, 0],
						"1.0": [-4.5, 8, 0],
						"1.5": [-0.25, 0.25, 0],
						"2.0": [-4.5, 12.5, 0],
						"2.75": [-4.5, 12.5, 0],
						"3.0": [0, 14.75, 0],
						"3.25": [0, -6.25, 0]
					}
				},
				"sun5": {
					"position": {
						"0.0": [0.25, 0.25, 0],
						"0.5": [4.5, 8, 0],
						"1.0": [4.5, 8, 0],
						"1.5": [0.25, 0.25, 0],
						"2.0": [4.5, 12.5, 0],
						"2.75": [4.5, 12.5, 0],
						"3.0": [0, 14.75, 0],
						"3.25": [0, -6.25, 0]
					}
				},
				"sun6": {
					"position": {
						"0.0": [0.5, 0.25, 0],
						"0.5": [4.5, 10.25, 0],
						"1.0": [4.5, 10.25, 0],
						"1.5": [0.5, 0.25, 0],
						"2.0": [-6.75, 14.75, 0],
						"2.75": [-6.75, 14.75, 0],
						"3.0": [0, 14.75, 0],
						"3.25": [0, -6.25, 0]
					}
				},
				"sun7": {
					"position": {
						"0.0": [-0.5, 0.25, 0],
						"0.5": [-4.5, 10.25, 0],
						"1.0": [-4.5, 10.25, 0],
						"1.5": [-0.5, 0.25, 0],
						"2.0": [6.75, 14.75, 0],
						"2.75": [6.75, 14.75, 0],
						"3.0": [0, 14.75, 0],
						"3.25": [0, -6.25, 0]
					}
				},
				"sun8": {
					"position": {
						"0.0": [0, 0.5, 0],
						"0.5": [-2.25, 12.5, 0],
						"1.0": [-2.25, 12.5, 0],
						"1.5": [0, 0.5, 0],
						"2.0": [-6.75, 17, 0],
						"2.75": [-6.75, 17, 0],
						"3.0": [0, 14.75, 0],
						"3.25": [0, -6.25, 0]
					}
				},
				"sun9": {
					"position": {
						"0.0": [0, 0.75, 0],
						"0.5": [0, 14.75, 0],
						"1.0": [0, 14.75, 0],
						"1.5": [0, 0.75, 0],
						"2.0": [6.75, 17, 0],
						"2.75": [6.75, 17, 0],
						"3.0": [0, 14.75, 0],
						"3.25": [0, -6.25, 0]
					}
				},
				"sun10": {
					"position": {
						"0.0": [0.25, 0.75, 0],
						"0.5": [2.25, 14.75, 0],
						"1.0": [2.25, 14.75, 0],
						"1.5": [0.25, 0.75, 0],
						"2.0": [-6.75, 19.25, 0],
						"2.75": [-6.75, 19.25, 0],
						"3.0": [0, 14.75, 0],
						"3.25": [0, -6.25, 0]
					}
				},
				"sun11": {
					"position": {
						"0.0": [1, 1, 0],
						"0.5": [4.5, 17, 0],
						"1.0": [4.5, 17, 0],
						"1.5": [1, 1, 0],
						"2.0": [6.75, 19.25, 0],
						"2.75": [6.75, 19.25, 0],
						"3.0": [0, 14.75, 0],
						"3.25": [0, -6.25, 0]
					}
				},
				"sun12": {
					"position": {
						"0.0": [1, 1.25, 0],
						"0.5": [4.5, 19.25, 0],
						"1.0": [4.5, 19.25, 0],
						"1.5": [1, 1.25, 0],
						"2.0": [-4.5, 21.5, 0],
						"2.75": [-4.5, 21.5, 0],
						"3.0": [0, 14.75, 0],
						"3.25": [0, -6.25, 0]
					}
				},
				"sun13": {
					"position": {
						"0.0": [0.5, 1.5, 0],
						"0.5": [2.25, 21.5, 0],
						"1.0": [2.25, 21.5, 0],
						"1.5": [0.5, 1.5, 0],
						"2.0": [4.5, 21.5, 0],
						"2.75": [4.5, 21.5, 0],
						"3.0": [0, 14.75, 0],
						"3.25": [0, -6.25, 0]
					}
				},
				"sun14": {
					"position": {
						"0.0": [0, 1.5, 0],
						"0.5": [0, 21.5, 0],
						"1.0": [0, 21.5, 0],
						"1.5": [0, 1.5, 0],
						"2.0": [-2.25, 21.5, 0],
						"2.75": [-2.25, 21.5, 0],
						"3.0": [0, 14.75, 0],
						"3.25": [0, -6.25, 0]
					}
				},
				"sun15": {
					"position": {
						"0.0": [-0.5, 1.5, 0],
						"0.5": [-2.25, 21.5, 0],
						"1.0": [-2.25, 21.5, 0],
						"1.5": [-0.5, 1.5, 0],
						"2.0": [2.25, 21.5, 0],
						"2.75": [2.25, 21.5, 0],
						"3.0": [0, 14.75, 0],
						"3.25": [0, -6.25, 0]
					}
				},
				"sun16": {
					"position": {
						"0.0": [-1, 1, 0],
						"0.5": [-4.5, 19.25, 0],
						"1.0": [-4.5, 19.25, 0],
						"1.5": [-1, 1, 0],
						"2.0": [0, 19.25, 0],
						"2.75": [0, 19.25, 0],
						"3.0": [0, 14.75, 0],
						"3.25": [0, -6.25, 0]
					}
				}
			}
		}
	}
}