{
	"format_version": "1.8.0",
	"animations": {
		"animation.twinflower.move": {
			"loop": true,
			"animation_length": 2.08,
			"bones": {
				"stem": {
					"rotation": {
						"0.0": [0, 0, 0],
						"0.52": [0, 0, -12.5],
						"1.04": [0, 0, 0],
						"1.56": [0, 0, 17.5],
						"2.08": [0, 0, 0]
					}
				},
				"head": {
					"rotation": {
						"0.0": [0, 0, 0],
						"0.52": [0, 0, 12.5],
						"1.04": [0, 0, 0],
						"1.56": [0, 0, -17.5],
						"2.08": [0, 0, 0]
					},
					"position": {
						"0.0": [0, 1, 0],
						"0.52": [-3, 1, 0],
						"1.04": [0, 0, 0],
						"1.56": [4, -1, 0],
						"2.08": [0, 1, 0]
					}
				},
				"stem2": {
					"rotation": {
						"0.0": [0, 0, 0],
						"0.52": [0, 0, 12.5],
						"1.04": [0, 0, 0],
						"1.56": [0, 0, -17.5],
						"2.08": [0, 0, 0]
					}
				},
				"head2": {
					"rotation": {
						"0.0": [0, 0, 0],
						"0.52": [0, 0, -12.5],
						"1.04": [0, 0, 0],
						"1.56": [0, 0, 17.5],
						"2.08": [0, 0, 0]
					},
					"position": {
						"0.0": [0, 1, 0],
						"0.52": [3, 1, 0],
						"1.04": [0, 0, 0],
						"1.56": [-4, -1, 0],
						"2.08": [0, 1, 0]
					}
				}
			}
		},
		"animation.twinflower.food": {
			"animation_length": 2.5,
			"bones": {
				"head": {
					"rotation": {
						"0.0": [0, 0, 0],
						"0.25": [-17.5, 0, 0],
						"0.5": [-18.54835, 19.03771, -6.24605],
						"0.75": [-17.5, 0, 0],
						"1.0": [-18.54835, -19.03771, 6.24605],
						"1.25": [-17.5, 0, 0],
						"1.5": [-18.54835, 19.03771, -6.24605],
						"1.75": [-17.5, 0, 0],
						"2.0": [-18.54835, -19.03771, 6.24605],
						"2.25": [-17.5, 0, 0],
						"2.5": [0, 0, 0]
					},
					"position": {
						"0.0": [0, 0, 0],
						"0.25": [0, 1, -3],
						"0.5": [0, 0.88, -3.52],
						"0.75": [0, 1, -3],
						"1.0": [0, 0.88, -3.52],
						"1.25": [0, 1, -3],
						"1.5": [0, 0.88, -3.52],
						"1.75": [0, 1, -3],
						"2.0": [0, 0.88, -3.52],
						"2.25": [0, 1, -3],
						"2.5": [0, 0, 0]
					}
				},
				"head2": {
					"rotation": {
						"0.0": [0, 0, 0],
						"0.25": [-18.54835, 19.03771, -6.24605],
						"0.5": [-17.5, 0, 0],
						"0.75": [-18.54835, -19.03771, 6.24605],
						"1.0": [-17.5, 0, 0],
						"1.25": [-18.54835, 19.03771, -6.24605],
						"1.5": [-17.5, 0, 0],
						"1.75": [-18.54835, -19.03771, 6.24605],
						"2.0": [-17.5, 0, 0],
						"2.25": [-18.54835, -19.03771, 6.24605],
						"2.5": [0, 0, 0]
					},
					"position": {
						"0.0": [0, 0, 0],
						"0.25": [0, 0.88, -3.52],
						"0.5": [0, 1, -3],
						"0.75": [0, 0.88, -3.52],
						"1.0": [0, 1, -3],
						"1.25": [0, 0.88, -3.52],
						"1.5": [0, 1, -3],
						"1.75": [0, 0.88, -3.52],
						"2.0": [0, 1, -3],
						"2.25": [0, 0.88, -3.52],
						"2.5": [0, 0, 0]
					}
				}
			}
		},
		"animation.twinflower.drop": {
			"animation_length": 0.75,
			"bones": {
				"head": {
					"rotation": {
						"0.0": [0, 0, 0],
						"0.1667": [-5.12076, 12.45167, -1.10693],
						"0.25": [-5, 0, 0],
						"0.3333": [-5.12076, -12.45167, 1.10693],
						"0.4167": [-5, 0, 0],
						"0.5": [-5.12076, 12.45167, -1.10693],
						"0.5833": [0, 0, 0],
						"0.75": [0, 0, 0]
					},
					"position": {
						"0.0": [0, 0, 0],
						"0.1667": [0, 0.5, 0],
						"0.5": [0, 0.5, 0],
						"0.5833": [0, 0.5, 0],
						"0.75": [0, 0, 0]
					},
					"scale": {
						"0.0": [1, 1, 1],
						"0.1667": [1.1, 1.1, 1.1],
						"0.5": [1.1, 1.1, 1.1],
						"0.5833": [1.1, 1.1, 1.1],
						"0.75": [1, 1, 1]
					}
				},
				"head2": {
					"rotation": {
						"0.0": [0, 0, 0],
						"0.1667": [-5.12076, -12.4517, -1.10693],
						"0.25": [-5, 0, 0],
						"0.3333": [-5.12076, 12.4517, 1.10693],
						"0.4167": [-5, 0, 0],
						"0.5": [-5.12076, -12.4517, -1.10693],
						"0.5833": [0, 0, 0],
						"0.75": [0, 0, 0]
					},
					"position": {
						"0.0": [0, 0, 0],
						"0.1667": [0, 0.5, 0],
						"0.5": [0, 0.5, 0],
						"0.5833": [0, 0.5, 0],
						"0.75": [0, 0, 0]
					},
					"scale": {
						"0.0": [1, 1, 1],
						"0.1667": [1.1, 1.1, 1.1],
						"0.5": [1.1, 1.1, 1.1],
						"0.5833": [1.1, 1.1, 1.1],
						"0.75": [1, 1, 1]
					}
				}
			}
		}
	}
}