{
	"format_version": "1.8.0",
	"animations": {
		"animation.cleopatra.attack_bare_hand": {
			"loop": true,
			"animation_length": 6.83333,
			"bones": {
				"head": {
					"rotation": [0, 0, 0],
					"position": [0, -4, -5]
				},
				"jaw": {
					"rotation": [
						"-0- ((math.sin(variable.attack_time * 180.0) * 57.3) * 1.2 - (math.sin((1.0 - (1.0 - variable.attack_time) * (1.0 - variable.attack_time)) * 180.0) * 57.3) * 0.4) - (math.sin(query.life_time * 76.776372) * 2.865) - this",
						0,
						0
					],
					"position": [0, 0, 0]
				},
				"chest": {
					"rotation": [35, 0, 0],
					"position": [0, 0.75, 7.75]
				},
				"rightArm": {
					"rotation": [
						"157.5+90.0 * (variable.is_brandishing_spear - 1.0) - ((math.sin(variable.attack_time * 180.0) * 57.3) * 1.2 - (math.sin((1.0 - (1.0 - variable.attack_time) * (1.0 - variable.attack_time)) * 180.0) * 57.3) * 0.4) + (math.sin(query.life_time * 76.776372) * 2.865) - this",
						"0+(math.sin(variable.attack_time * 180.0) * 57.3) * 0.6 - 5.73 - this",
						"0+math.cos(query.life_time * 103.13244) * 2.865 + 2.865 - this"
					],
					"position": [0, -3, -5]
				},
				"leftArm": {
					"rotation": [
						"-99.9537- ((math.sin(variable.attack_time * 180.0) * 57.3) * 1.2 - (math.sin((1.0 - (1.0 - variable.attack_time) * (1.0 - variable.attack_time)) * 180.0) * 57.3) * 0.4) - (math.sin(query.life_time * 76.776372) * 2.865) - this",
						"-1.6569 - ((math.sin(variable.attack_time * 180.0) * 57.3) * 0.6) - this",
						"1.2993+math.cos(query.life_time * 103.13244) * -2.865 - 2.865 - this"
					],
					"position": [0, -3, -5]
				}
			}
		}
	}
}