{
	"format_version": "1.16.0",
	"minecraft:entity": {
		"description": {
			"identifier": "fv:illager_bullet",
			"is_spawnable": false,
			"is_summonable": true,
			"is_experimental": false,
			"runtime_identifier": "arrow",
			"animations": {
				"flintlock": "animation.flintlock.shoot",
				"rifle": "animation.rifle.shoot"
			},
			"scripts": {
				"animate": [
					{
						"flintlock": "query.variant==2"
					},
					{
						"rifle": "query.variant==1"
					}
				]
			}
		},
		"component_groups": {
			"despawn": {
				"minecraft:instant_despawn": {
					"remove_child_entities": false
				}
			},
			"timer": {
				"minecraft:timer": {
					"time": [
						1,
						1
					],
					"time_down_event": {
						"event": "despawn",
						"target": "self"
					}
				}
			},
			"rifle": {
				"minecraft:projectile": {
					"on_hit": {
						"impact_damage": {
							"damage": [
								28,
								32
							],
							"knockback": true,
							"semi_random_diff_damage": false,
							"destroy_on_hit": true
						},
						"stick_in_ground": {
							"shake_time": 0.35
						},
						"arrow_effect": {},
						"definition_event": {
							"affect_projectile": true,
							"event_trigger": {
								"event": "timer",
								"target": "self"
							}
						}
					},
					"power": 20,
					"gravity": 0.02,
					"uncertainty_base": 8,
					"uncertainty_multiplier": 2,
					"anchor": 1,
					"should_bounce": true,
					"offset": [
						0,
						-0.2,
						0
					],
					"liquid_inertia": 0.8
				}
			},
			"flintlock": {
				"minecraft:projectile": {
					"on_hit": {
						"impact_damage": {
							"damage": [
								25,
								29
							],
							"knockback": true,
							"semi_random_diff_damage": false,
							"destroy_on_hit": true
						},
						"stick_in_ground": {
							"shake_time": 0.35
						},
						"arrow_effect": {},
						"definition_event": {
							"affect_projectile": true,
							"event_trigger": {
								"event": "timer",
								"target": "self"
							}
						}
					},
					"power": 25,
					"gravity": 0.02,
					"uncertainty_base": 6,
					"uncertainty_multiplier": 1,
					"anchor": 1,
					"should_bounce": true,
					"offset": [
						0,
						-0.2,
						0
					],
					"liquid_inertia": 0.8
				}
			},
			"flintlocksound": {
				"minecraft:variant": {
					"value": 2
				}
			},
			"riflesound": {
				"minecraft:variant": {
					"value": 1
				}
			}
		},
		"components": {
			"minecraft:collision_box": {
				"width": 0.25,
				"height": 0.25
			},
			"minecraft:scale": {
				"value": 0.5
			},
			"minecraft:projectile": {
				"on_hit": {
					"impact_damage": {
						"damage": [
							20,
							24
						],
						"knockback": true,
						"semi_random_diff_damage": false,
						"destroy_on_hit": true
					},
					"stick_in_ground": {
						"shake_time": 0.35
					},
					"arrow_effect": {},
					"definition_event": {
						"affect_projectile": true,
						"event_trigger": {
							"event": "timer",
							"target": "self"
						}
					}
				},
				"power": 20,
				"gravity": 0.02,
				"uncertainty_base": 16,
				"uncertainty_multiplier": 4,
				"anchor": 1,
				"should_bounce": true,
				"offset": [
					0,
					-0.2,
					0
				],
				"liquid_inertia": 0.8
			},
			"minecraft:physics": {},
			"minecraft:pushable": {
				"is_pushable": true,
				"is_pushable_by_piston": true
			}
		},
		"events": {
			"minecraft:entity_spawned": {
				"sequence": [
					{
						"filters": {
							"test": "has_equipment",
							"subject": "other",
							"operator": "==",
							"value": "rifle:crossbow"
						},
						"add": {
							"component_groups": [
								"rifle"
							]
						}
					},
					{
						"filters": {
							"test": "has_equipment",
							"subject": "other",
							"operator": "==",
							"value": "flintlock:crossbow"
						},
						"add": {
							"component_groups": [
								"flintlock"
							]
						}
					},
					{
						"filters": {
							"all_of": [
								{
									"test": "is_family",
									"subject": "other",
									"value": "evilcowboy"
								},
								{
									"test": "is_variant",
									"subject": "other",
									"operator": "==",
									"value": 1
								}
							]
						},
						"add": {
							"component_groups": [
								"riflesound"
							]
						}
					},
					{
						"filters": {
							"all_of": [
								{
									"test": "is_family",
									"subject": "other",
									"value": "evilcowboy"
								},
								{
									"test": "is_variant",
									"subject": "other",
									"operator": "==",
									"value": 2
								}
							]
						},
						"add": {
							"component_groups": [
								"flintlocksound"
							]
						}
					}
				]
			},
			"despawn": {
				"add": {
					"component_groups": [
						"despawn"
					]
				}
			},
			"timer": {
				"add": {
					"component_groups": [
						"timer"
					]
				}
			}
		}
	}
}