{
	"format_version": "1.18.0",
	"minecraft:entity": {
		"description": {
			"identifier": "fv:pillager_tanker",
			"is_spawnable": true,
			"is_summonable": true,
			"is_experimental": false,
			"runtime_identifier": "pillager",
			"animations": {
				"shield": "controller.animation.cooldown.shield"
			},
			"scripts": {
				"animate": [
					{
						"shield": "query.get_equipped_item_name('off_hand')=='shield'"
					}
				]
			}
		},
		"component_groups": {
			"minecraft:celebrate": {
				"minecraft:behavior.celebrate": {
					"priority": 5,
					"celebration_sound": "celebrate",
					"sound_interval": {
						"range_min": 2,
						"range_max": 7
					},
					"jump_interval": {
						"range_min": 1,
						"range_max": 3.5
					},
					"duration": 30,
					"on_celebration_end_event": {
						"event": "minecraft:stop_celebrating",
						"target": "self"
					}
				}
			},
			"minecraft:melee_attack": {
				"minecraft:behavior.melee_attack": {
					"priority": 4,
					"track_target": true,
					"on_attack": {
						"event": "on_target",
						"target": "self"
					},
					"on_kill": {
						"event": "on_calm",
						"target": "self"
					}
				},
				"minecraft:attack": {
					"damage": 3,
					"effect_name": "slowness",
					"effect_duration": 5
				}
			},
			"minecraft:raid_configuration": {
				"minecraft:dweller": {
					"dwelling_type": "village",
					"dweller_role": "hostile",
					"update_interval_base": 60,
					"update_interval_variant": 40,
					"can_find_poi": false,
					"can_migrate": true,
					"first_founding_reward": 0
				},
				"minecraft:behavior.move_to_village": {
					"priority": 5,
					"speed_multiplier": 1,
					"goal_radius": 2
				},
				"minecraft:loot": {
					"table": "loot_tables/entities/pillager_raid.json"
				},
				"minecraft:ambient_sound_interval": {
					"value": 2,
					"range": 4,
					"event_name": "ambient.in.raid"
				}
			},
			"minecraft:raid_persistence": {
				"minecraft:persistent": {}
			},
			"have_shield": {
				"minecraft:on_target_acquired": {
					"event": "shielding",
					"target": "self"
				},
				"minecraft:on_target_escape": {
					"event": "calm",
					"target": "self"
				}
			},
			"shielding": {
				"minecraft:rideable": {
					"family_types": [
						"shieldillager"
					],
					"seat_count": 1,
					"seats": [
						{
							"position": [
								0,
								0.4,
								0.4
							]
						}
					]
				},
				"minecraft:addrider": {
					"entity_type": "fv:shield_illager"
				},
				"minecraft:is_stunned": {},
				"minecraft:movement": {
					"value": 0.25
				}
			},
			"on_target": {
				"minecraft:spell_effects": {
					"add_effects": [
						{
							"effect": "resistance",
							"amplifier": 1,
							"duration": 20
						}
					]
				}
			},
			"on_calm": {
				"minecraft:spell_effects": {
					"remove_effects": "resistance"
				}
			}
		},
		"components": {
			"minecraft:is_hidden_when_invisible": {},
			"minecraft:experience_reward": {
				"on_death": "query.last_hit_by_player?(query.is_baby?12:5)+(math.die_roll(query.equipment_count,1,3)):0"
			},
			"minecraft:equip_item": {},
			"minecraft:collision_box": {
				"width": 0.6,
				"height": 1.9
			},
			"minecraft:type_family": {
				"family": [
					"pillager",
					"monster",
					"illager",
					"mob"
				]
			},
			"minecraft:variant": {
				"value": 0
			},
			"minecraft:breathable": {
				"total_supply": 15,
				"suffocate_time": 0
			},
			"minecraft:health": {
				"value": 100,
				"max": 100
			},
			"minecraft:can_join_raid": {},
			"minecraft:knockback_resistance": {
				"value": 0.8,
				"max": 0.8
			},
			"minecraft:conditional_bandwidth_optimization": {},
			"minecraft:hurt_on_condition": {
				"damage_conditions": [
					{
						"filters": {
							"test": "in_lava",
							"subject": "self",
							"operator": "==",
							"value": true
						},
						"cause": "lava",
						"damage_per_tick": 4
					}
				]
			},
			"minecraft:loot": {
				"table": "loot_tables/entities/pillager.json"
			},
			"minecraft:shareables": {
				"items": [
					{
						"item": "minecraft:banner:15",
						"want_amount": 1,
						"surplus_amount": 1,
						"priority": 0
					}
				]
			},
			"minecraft:movement": {
				"value": 0.3
			},
			"minecraft:navigation.walk": {
				"can_path_over_water": true,
				"can_open_doors": true,
				"can_pass_doors": true
			},
			"minecraft:annotation.open_door": {},
			"minecraft:movement.basic": {},
			"minecraft:jump.static": {},
			"minecraft:nameable": {},
			"minecraft:equipment": {
				"table": "loot_tables/entities/pillager_tanker_gear.json"
			},
			"minecraft:despawn": {
				"despawn_from_distance": {}
			},
			"minecraft:behavior.float": {
				"priority": 0
			},
			"minecraft:behavior.hurt_by_target": {
				"priority": 1,
				"entity_types": {
					"filters": {
						"test": "is_family",
						"subject": "other",
						"operator": "!=",
						"value": "illager"
					},
					"max_dist": 64
				}
			},
			"minecraft:behavior.nearest_attackable_target": {
				"priority": 2,
				"must_see": true,
				"reselect_targets": true,
				"within_radius": 16,
				"entity_types": [
					{
						"filters": {
							"any_of": [
								{
									"test": "is_family",
									"subject": "other",
									"value": "player"
								},
								{
									"test": "is_family",
									"subject": "other",
									"value": "irongolem"
								},
								{
									"test": "is_family",
									"subject": "other",
									"value": "wandering_trader"
								}
							]
						},
						"max_dist": 16
					},
					{
						"filters": {
							"all_of": [
								{
									"test": "is_family",
									"subject": "other",
									"value": "villager"
								},
								{
									"test": "has_component",
									"subject": "other",
									"operator": "!=",
									"value": "minecraft:is_baby"
								}
							]
						},
						"max_dist": 16,
						"must_see": false
					}
				]
			},
			"minecraft:behavior.equip_item": {
				"priority": 3
			},
			"minecraft:behavior.pickup_items": {
				"priority": 7,
				"max_dist": 3,
				"goal_radius": 2,
				"speed_multiplier": 1
			},
			"minecraft:behavior.random_stroll": {
				"priority": 8,
				"speed_multiplier": 1
			},
			"minecraft:behavior.look_at_player": {
				"priority": 9,
				"look_distance": 8
			},
			"minecraft:behavior.random_look_around": {
				"priority": 10
			},
			"minecraft:physics": {},
			"minecraft:pushable": {
				"is_pushable": true,
				"is_pushable_by_piston": true
			},
			"minecraft:follow_range": {
				"value": 64
			},
			"minecraft:damage_sensor": {
				"triggers": [
					{
						"on_damage": {
							"filters": {
								"test": "is_family",
								"subject": "other",
								"value": "illager"
							}
						},
						"deals_damage": false
					},
					{
						"on_damage": {
							"filters": {
								"all_of": [
									{
										"test": "has_damage",
										"value": "fatal"
									},
									{
										"test": "is_family",
										"subject": "other",
										"value": "irongolem"
									}
								]
							},
							"event": "level_up",
							"target": "other"
						}
					}
				]
			},
			"minecraft:environment_sensor": {
				"triggers": [
					{
						"filters": {
							"test": "has_equipment",
							"subject": "self",
							"operator": "==",
							"value": "shield"
						},
						"event": "have_shield",
						"target": "self"
					},
					{
						"filters": {
							"test": "has_equipment",
							"subject": "self",
							"operator": "!=",
							"value": "shield"
						},
						"event": "no_shield",
						"target": "self"
					}
				]
			},
			"minecraft:on_target_acquired": {
				"event": "on_target",
				"target": "self"
			},
			"minecraft:on_target_escape": {
				"event": "on_calm",
				"target": "self"
			},
			"minecraft:behavior.move_to_village": {
				"priority": 5,
				"speed_multiplier": 1.1,
				"goal_radius": 2
			}
		},
		"events": {
			"minecraft:entity_spawned": {
				"add": {
					"component_groups": [
						"minecraft:melee_attack"
					]
				}
			},
			"minecraft:spawn_for_raid": {
				"add": {
					"component_groups": [
						"minecraft:melee_attack",
						"minecraft:raid_configuration",
						"minecraft:raid_persistence"
					]
				}
			},
			"minecraft:start_celebrating": {
				"sequence": [
					{
						"add": {
							"component_groups": [
								"minecraft:celebrate"
							]
						}
					},
					{
						"filters": {
							"test": "has_nametag",
							"value": false
						},
						"remove": {
							"component_groups": [
								"minecraft:raid_persistence"
							]
						}
					}
				]
			},
			"minecraft:stop_celebrating": {
				"remove": {
					"component_groups": [
						"minecraft:celebrate"
					]
				}
			},
			"minecraft:raid_expired": {
				"sequence": [
					{
						"filters": {
							"test": "has_nametag",
							"value": false
						},
						"remove": {
							"component_groups": [
								"minecraft:raid_persistence"
							]
						}
					}
				]
			},
			"have_shield": {
				"add": {
					"component_groups": [
						"have_shield"
					]
				}
			},
			"no_shield": {
				"remove": {
					"component_groups": [
						"have_shield"
					]
				}
			},
			"shielding": {
				"add": {
					"component_groups": [
						"shielding"
					]
				}
			},
			"calm": {
				"remove": {
					"component_groups": [
						"shielding"
					]
				}
			},
			"on_target": {
				"add": {
					"component_groups": [
						"on_target"
					]
				}
			},
			"on_calm": {
				"add": {
					"component_groups": [
						"on_calm"
					]
				}
			},
			"become_cooldown": {
				"remove": {
					"component_groups": [
						"shielding"
					]
				}
			},
			"finish_cooldown": {
				"add": {
					"component_groups": [
						"shielding"
					]
				}
			},
			"minecraft:entity_transformed": {
				"add": {
					"component_groups": [
						"minecraft:melee_attack"
					]
				}
			}
		}
	}
}