{
	"format_version": "1.16.0",
	"minecraft:entity": {
		"description": {
			"identifier": "fv:pillager_pirate_captain",
			"is_spawnable": true,
			"is_summonable": true,
			"is_experimental": false,
			"runtime_identifier": "pillager",
			"animations": {
				"charge": "controller.animation.musket.charge"
			},
			"scripts": {
				"animate": [
					"charge"
				]
			}
		},
		"component_groups": {
			"minecraft:celebrate": {
				"minecraft:behavior.celebrate": {
					"priority": 5,
					"celebration_sound": "celebrate",
					"sound_interval": {
						"range_min": 2,
						"range_max": 7
					},
					"jump_interval": {
						"range_min": 1,
						"range_max": 3.5
					},
					"duration": 30,
					"on_celebration_end_event": {
						"event": "minecraft:stop_celebrating",
						"target": "self"
					}
				}
			},
			"minecraft:ranged_attack": {
				"minecraft:behavior.ranged_attack": {
					"priority": 4,
					"attack_interval_min": 1,
					"attack_interval_max": 1,
					"attack_radius": 30
				},
				"minecraft:shooter": {
					"def": "fv:illager_bullet"
				},
				"minecraft:environment_sensor": {
					"triggers": {
						"filters": {
							"test": "is_underwater",
							"subject": "self",
							"operator": "==",
							"value": true
						},
						"event": "minecraft:melee_mode"
					}
				}
			},
			"minecraft:melee_attack": {
				"minecraft:behavior.melee_attack": {
					"priority": 4,
					"track_target": true
				},
				"minecraft:attack": {
					"damage": 3
				},
				"minecraft:environment_sensor": {
					"triggers": {
						"filters": {
							"test": "in_water",
							"subject": "self",
							"operator": "==",
							"value": false
						},
						"event": "minecraft:ranged_mode"
					}
				}
			},
			"minecraft:raid_configuration": {
				"minecraft:dweller": {
					"dwelling_type": "village",
					"dweller_role": "hostile",
					"update_interval_base": 60,
					"update_interval_variant": 40,
					"can_find_poi": false,
					"can_migrate": true,
					"first_founding_reward": 0
				},
				"minecraft:behavior.move_to_village": {
					"priority": 5,
					"speed_multiplier": 1,
					"goal_radius": 2
				},
				"minecraft:loot": {
					"table": "loot_tables/entities/pillager_raid.json"
				},
				"minecraft:ambient_sound_interval": {
					"value": 2,
					"range": 4,
					"event_name": "ambient.in.raid"
				}
			},
			"minecraft:raid_persistence": {
				"minecraft:persistent": {}
			},
			"angry": {
				"minecraft:angry": {
					"duration": 30,
					"broadcast_anger": false,
					"broadcast_anger_on_attack": true,
					"broadcast_anger_on_being_attacked": true,
					"broadcast_range": 16,
					"broadcast_targets": [
						"illager"
					],
					"calm_event": {
						"event": "become_calm_event",
						"target": "self"
					},
					"filters": {
						"all_of": [
							{
								"test": "is_family",
								"subject": "other",
								"operator": "!=",
								"value": "illager"
							}
						]
					},
					"angry_sound": "angry",
					"sound_interval": {
						"range_min": 2,
						"range_max": 5
					}
				}
			}
		},
		"components": {
			"minecraft:is_hidden_when_invisible": {},
			"minecraft:experience_reward": {
				"on_death": "query.last_hit_by_player?(query.is_baby?12:5)+(math.die_roll(query.equipment_count,1,3)):0"
			},
			"minecraft:equip_item": {},
			"minecraft:collision_box": {
				"width": 0.6,
				"height": 1.9
			},
			"minecraft:type_family": {
				"family": [
					"pillager",
					"monster",
					"illager",
					"pirate",
					"captain_illager",
					"mob"
				]
			},
			"minecraft:variant": {
				"value": 0
			},
			"minecraft:breathable": {
				"total_supply": 15,
				"suffocate_time": 0
			},
			"minecraft:health": {
				"value": 70,
				"max": 70
			},
			"minecraft:can_join_raid": {},
			"minecraft:knockback_resistance": {
				"value": 0.8,
				"max": 0.8
			},
			"minecraft:conditional_bandwidth_optimization": {},
			"minecraft:hurt_on_condition": {
				"damage_conditions": [
					{
						"filters": {
							"test": "in_lava",
							"subject": "self",
							"operator": "==",
							"value": true
						},
						"cause": "lava",
						"damage_per_tick": 4
					}
				]
			},
			"minecraft:loot": {
				"table": "loot_tables/entities/pirate_captain_drop.json"
			},
			"minecraft:shareables": {
				"items": [
					{
						"item": "minecraft:banner:15",
						"want_amount": 1,
						"surplus_amount": 1,
						"priority": 0
					}
				]
			},
			"minecraft:movement": {
				"value": 0.35
			},
			"minecraft:navigation.walk": {
				"can_path_over_water": true,
				"can_open_doors": true,
				"can_pass_doors": true
			},
			"minecraft:annotation.open_door": {},
			"minecraft:movement.basic": {},
			"minecraft:jump.static": {},
			"minecraft:nameable": {},
			"minecraft:equipment": {
				"table": "loot_tables/entities/pirate_flintlock.json"
			},
			"minecraft:behavior.float": {
				"priority": 0
			},
			"minecraft:behavior.hurt_by_target": {
				"priority": 1,
				"entity_types": {
					"filters": {
						"test": "is_family",
						"subject": "other",
						"operator": "!=",
						"value": "illager"
					},
					"max_dist": 64
				}
			},
			"minecraft:behavior.nearest_attackable_target": {
				"priority": 2,
				"must_see": true,
				"reselect_targets": true,
				"within_radius": 30,
				"entity_types": [
					{
						"filters": {
							"any_of": [
								{
									"test": "is_family",
									"subject": "other",
									"value": "player"
								},
								{
									"test": "is_family",
									"subject": "other",
									"value": "irongolem"
								},
								{
									"test": "is_family",
									"subject": "other",
									"value": "wandering_trader"
								}
							]
						},
						"max_dist": 30
					},
					{
						"filters": {
							"all_of": [
								{
									"test": "is_family",
									"subject": "other",
									"value": "villager"
								},
								{
									"test": "has_component",
									"subject": "other",
									"operator": "!=",
									"value": "minecraft:is_baby"
								}
							]
						},
						"max_dist": 30
					}
				]
			},
			"minecraft:behavior.equip_item": {
				"priority": 3
			},
			"minecraft:behavior.pickup_items": {
				"priority": 7,
				"max_dist": 3,
				"goal_radius": 2,
				"speed_multiplier": 1
			},
			"minecraft:behavior.random_stroll": {
				"priority": 8,
				"speed_multiplier": 1
			},
			"minecraft:behavior.look_at_player": {
				"priority": 9,
				"look_distance": 8
			},
			"minecraft:behavior.random_look_around": {
				"priority": 10
			},
			"minecraft:behavior.charge_held_item": {
				"priority": 3,
				"items": [
					"fv:bullet"
				]
			},
			"minecraft:physics": {},
			"minecraft:pushable": {
				"is_pushable": true,
				"is_pushable_by_piston": true
			},
			"minecraft:follow_range": {
				"value": 64
			},
			"minecraft:damage_sensor": {
				"triggers": [
					{
						"on_damage": {
							"filters": {
								"test": "is_family",
								"subject": "other",
								"value": "illager"
							}
						},
						"deals_damage": false
					},
					{
						"on_damage": {
							"filters": {
								"all_of": [
									{
										"test": "has_damage",
										"value": "fatal"
									},
									{
										"test": "is_family",
										"subject": "other",
										"value": "irongolem"
									}
								]
							},
							"event": "level_up",
							"target": "other"
						}
					}
				]
			},
			"minecraft:behavior.move_to_village": {
				"priority": 5,
				"speed_multiplier": 1.1,
				"goal_radius": 2
			},
			"minecraft:on_target_acquired": {
				"event": "become_angry_event",
				"target": "self"
			}
		},
		"events": {
			"minecraft:entity_spawned": {
				"add": {
					"component_groups": [
						"minecraft:ranged_attack"
					]
				}
			},
			"minecraft:spawn_for_raid": {
				"add": {
					"component_groups": [
						"minecraft:ranged_attack",
						"minecraft:raid_configuration",
						"minecraft:raid_persistence"
					]
				}
			},
			"minecraft:melee_mode": {
				"remove": {
					"component_groups": [
						"minecraft:ranged_attack"
					]
				},
				"add": {
					"component_groups": [
						"minecraft:melee_attack"
					]
				}
			},
			"minecraft:ranged_mode": {
				"remove": {
					"component_groups": [
						"minecraft:melee_attack"
					]
				},
				"add": {
					"component_groups": [
						"minecraft:ranged_attack"
					]
				}
			},
			"minecraft:start_celebrating": {
				"sequence": [
					{
						"add": {
							"component_groups": [
								"minecraft:celebrate"
							]
						}
					},
					{
						"filters": {
							"test": "has_nametag",
							"value": false
						},
						"remove": {
							"component_groups": [
								"minecraft:raid_persistence"
							]
						}
					}
				]
			},
			"minecraft:stop_celebrating": {
				"remove": {
					"component_groups": [
						"minecraft:celebrate"
					]
				}
			},
			"minecraft:raid_expired": {
				"sequence": [
					{
						"filters": {
							"test": "has_nametag",
							"value": false
						},
						"remove": {
							"component_groups": [
								"minecraft:raid_persistence"
							]
						}
					}
				]
			},
			"minecraft:calm": {
				"remove": {
					"component_groups": [
						"minecraft:melee_attack",
						"minecraft:ranged_attack"
					]
				}
			},
			"become_calm_event": {
				"remove": {
					"component_groups": [
						"angry"
					]
				}
			},
			"become_angry_event": {
				"add": {
					"component_groups": [
						"angry"
					]
				}
			}
		}
	}
}