{
	"format_version": "1.16.0",
	"minecraft:entity": {
		"description": {
			"identifier": "fv:vindicator_taiga",
			"is_spawnable": true,
			"is_summonable": true,
			"is_experimental": false,
			"runtime_identifier": "pillager"
		},
		"component_groups": {
			"melee_unit": {
				"minecraft:behavior.melee_attack": {
					"priority": 3
				},
				"minecraft:attack": {
					"damage": 2
				},
				"minecraft:equipment": {
					"table": "loot_tables/entities/vindicator_taiga_gear.json"
				}
			},
			"alert_for_attack_targets": {
				"minecraft:behavior.nearest_prioritized_attackable_target": {
					"priority": 3,
					"within_radius": 16,
					"persist_time": 2,
					"must_see": true,
					"entity_types": [
						{
							"filters": {
								"test": "is_family",
								"subject": "other",
								"value": "player"
							},
							"max_dist": 16,
							"priority": 0
						},
						{
							"filters": {
								"test": "is_family",
								"subject": "other",
								"value": "irongolem"
							},
							"max_dist": 16,
							"priority": 1
						},
						{
							"filters": {
								"all_of": [
									{
										"test": "is_family",
										"subject": "other",
										"value": "villager"
									},
									{
										"test": "has_component",
										"subject": "other",
										"operator": "!=",
										"value": "minecraft:is_baby"
									}
								]
							},
							"max_dist": 32,
							"priority": 2,
							"must_see": false
						}
					]
				}
			},
			"go_back_to_spawn": {
				"minecraft:behavior.go_home": {
					"priority": 6,
					"interval": 200,
					"speed_multiplier": 0.6,
					"goal_radius": 4,
					"on_failed": [
						{
							"event": "go_back_to_spawn_failed",
							"target": "self"
						}
					]
				}
			}
		},
		"components": {
			"minecraft:is_hidden_when_invisible": {},
			"minecraft:collision_box": {
				"width": 0.6,
				"height": 1.9
			},
			"minecraft:type_family": {
				"family": [
					"illager",
					"monster",
					"taiga"
				]
			},
			"minecraft:knockback_resistance": {
				"value": 1
			},
			"minecraft:home": {},
			"minecraft:conditional_bandwidth_optimization": {},
			"minecraft:experience_reward": {
				"on_death": "query.last_hit_by_player?20:0"
			},
			"minecraft:breathable": {
				"total_supply": 15,
				"suffocate_time": 0
			},
			"minecraft:health": {
				"value": 60,
				"max": 60
			},
			"minecraft:can_join_raid": {},
			"minecraft:hurt_on_condition": {
				"damage_conditions": [
					{
						"filters": {
							"test": "in_lava",
							"subject": "self",
							"operator": "==",
							"value": true
						},
						"cause": "lava",
						"damage_per_tick": 4
					}
				]
			},
			"minecraft:loot": {
				"table": "loot_tables/entities/vindicator_taiga_drop.json"
			},
			"minecraft:movement": {
				"value": 0.3
			},
			"minecraft:navigation.walk": {
				"can_path_over_water": true,
				"can_open_doors": true,
				"avoid_water": true
			},
			"minecraft:annotation.open_door": {},
			"minecraft:movement.basic": {},
			"minecraft:jump.static": {},
			"minecraft:nameable": {},
			"minecraft:behavior.hurt_by_target": {
				"priority": 1
			},
			"minecraft:behavior.random_stroll": {
				"priority": 7,
				"speed_multiplier": 0.6
			},
			"minecraft:behavior.look_at_player": {
				"priority": 8,
				"look_distance": 8
			},
			"minecraft:behavior.random_look_around": {
				"priority": 9
			},
			"minecraft:physics": {},
			"minecraft:pushable": {
				"is_pushable": true,
				"is_pushable_by_piston": true
			},
			"minecraft:follow_range": {
				"value": 64
			},
			"minecraft:damage_sensor": {
				"triggers": [
					{
						"on_damage": {
							"filters": {
								"test": "is_family",
								"subject": "other",
								"value": "illager"
							}
						},
						"deals_damage": false
					},
					{
						"on_damage": {
							"filters": {
								"all_of": [
									{
										"test": "is_skin_id",
										"subject": "self",
										"value": 1
									},
									{
										"test": "has_damage",
										"value": "fatal"
									},
									{
										"all_of": [
											{
												"test": "is_family",
												"subject": "other",
												"value": "irongolem"
											}
										]
									}
								]
							},
							"event": "level_up",
							"target": "other"
						}
					}
				]
			}
		},
		"events": {
			"minecraft:entity_spawned": {
				"add": {
					"component_groups": [
						"alert_for_attack_targets",
						"melee_unit",
						"go_back_to_spawn"
					]
				}
			},
			"go_back_to_spawn_failed": {
				"remove": {
					"component_groups": [
						"go_back_to_spawn"
					]
				}
			}
		}
	}
}