{
  "format_version": "1.10.0",
  "minecraft:client_entity": {
    "description": {
      "identifier": "legacy:evocation_illager_boss",
      "min_engine_version": "1.8.0",
      "materials": {
        "default": "evoker"
      },
      "textures": {
        "default": "textures/entity/evokerboss/evoker"
      },
      "geometry": {
        "default": "geometry.evoker"
      },
      "scripts": {
        "scale": "0.9375",
        "animate": [
          "controller_general",
          "controller_move"
        ]
      },
      "animations": {
        "general": "animation.evoker.general",
        "casting": "animation.evoker.casting",
        "look_at_target": "animation.common.look_at_target",
        "move": "animation.villager.move",
        "celebrating": "animation.humanoid.celebrating",
        "controller_general": "controller.animation.evoker.general",
        "controller_move": "controller.animation.villager.move"
      },
      "particle_effects": {
        "spell": "minecraft:evoker_spell"
      },
      "render_controllers": [ "controller.render.evoker" ],
      "spawn_egg": {
        "base_color": "#260F3B",
        "overlay_color": "#948F30"
      }
    }
  }
}
