{
  "format_version": "1.10.0",
  "minecraft:client_entity": {
    "description": {
      "identifier": "legacy:iron_minion_diamond",
      "materials": {
        "default": "piglin"
      },
      "textures": {
        "default": "textures/entity/iron_golem/diamond/minion",
        "low_cracked": "textures/entity/iron_golem/diamond/minion_low",
        "medium_cracked": "textures/entity/iron_golem/diamond/minion_medium",
        "highly_cracked": "textures/entity/iron_golem/diamond/minion_high"
      },
      "geometry": {
        "default": "geometry.pillager"
      },
      "spawn_egg": {
        "base_color": "#C5CECD",
        "overlay_color": "#957965"
      },
      "scripts": {
        "pre_animation": [
          "variable.tcos0 \u003d (Math.cos(query.modified_distance_moved * 38.17) * query.modified_move_speed / variable.gliding_speed_value) * 57.3;",
          "variable.attack \u003d Math.sin((1.0 - (1.0 - variable.attack_time) * (1.0 - variable.attack_time)) * 180.0) * 57.3;",
          "variable.attack2 \u003d Math.sin(variable.attack_time * 180.0) * 57.3;",
          "variable.z_bob \u003d Math.cos(query.life_time * 103.13244) * 2.865 + 2.865;",
          "variable.x_bob \u003d Math.sin(query.life_time * 76.776372) * 2.865;",
          "variable.health_status \u003d (Math.round((query.health / query.max_health) * ( 3.0 )));"
        ],
        "animate": [
          {
            "admire": "query.is_admiring"
          },
          {
            "humanoid_big_head": "query.is_baby"
          },
          {
            "celebrate_hunt": "query.is_celebrating"
          },
          {
            "celebrate_hunt_special": "query.is_celebrating_special"
          },
          {
            "swimming": "variable.swim_amount > 0.0"
          },
          "move",
          "bob",
          "look_at_target_controller",
          "piglin_attack_controller",
          "riding_controller"
        ]
      },
      "animations": {
        "move": "animation.piglin.move",
        "bob": "animation.humanoid.bob",
        "humanoid_big_head": "animation.humanoid.big_head",
        "admire": "animation.piglin.admire",
        "celebrate_hunt": "animation.pillager.celebrating",
        "celebrate_hunt_special": "animation.pillager.celebrating",
        "look_at_target_controller": "controller.animation.humanoid.look_at_target",
        "look_at_target_default": "animation.humanoid.look_at_target.default",
        "look_at_target_gliding": "animation.humanoid.look_at_target.gliding",
        "look_at_target_swimming": "animation.humanoid.look_at_target.swimming",
        "piglin_attack_controller": "controller.animation.guard_v2.attack",
        "crossbow_hold": "animation.pillager.crossbow.hold",
        "crossbow_charge": "animation.pillager.crossbow.charge",
        "melee_attack": "animation.piglin.sword.attack",
        "spear_melee_attack": "animation.piglin.spear.attack",
        "bow_attack": "animation.humanoid.bow_and_arrow",
        "hand_attack": "animation.vindicator.hand_attack",
        "riding_controller": "controller.animation.humanoid.riding",
        "riding.legs": "animation.humanoid.riding.legs"
      },
      "render_controllers": [
        "controller.render.iron_golem"
      ],
      "enable_attachables": true
    }
  }
}