{
  "format_version": "1.10.0",
  "minecraft:client_entity": {
    "description": {
      "identifier": "legacy:smith_merchant_villager",
      "min_engine_version": "1.8.0",
      "materials": {
        "default": "evoker"
      },
      "textures": {
        "default": "textures/entity/villager/smith_merchant",
        "angry": "textures/entity/villager/smith_merchant_angry"
      },
      "geometry": {
        "default": "geometry.smith_merchant"
      },
      "scripts": {
        "scale": "0.9375",
        "animate": [
          "controller_general",
          "controller_raise",
          "controller_attack",
          "controller_move"
        ]
      },
      "animations": {
        "general": "animation.villager.general",
        "get_in_bed": "animation.vindicator.get_in_bed",
        "casting": "animation.evoker.casting",
        "attack": "animation.vindicator.attack",
        "hand_attack": "animation.vindicator.hand_attack",
        "raise_arms": "animation.smith.raise_arm",
        "look_at_target": "animation.common.look_at_target",
        "move": "animation.villager.move",
        "celebrating": "animation.humanoid.celebrating",
        "controller_general": "controller.animation.smith.general",
        "controller_attack": "controller.animation.smith.attack",
        "controller_raise": "controller.animation.villager_v2.raise_arms",
        "controller_move": "controller.animation.villager_v2.move"
      },
      "particle_effects": {
        "spell": "minecraft:evoker_spell"
      },
      "render_controllers": [
        "controller.render.smith_merchant"
      ],
      "spawn_egg": {
        "base_color": "#5A423D",
        "overlay_color": "#43404E"
      }
    }
  }
}