{
  "format_version": "1.10.0",
  "minecraft:client_entity": {
    "description": {
      "identifier": "legacy:traveler_nitwit",
      "min_engine_version": "1.8.0",
      "materials": {
        "default": "evoker"
      },
      "textures": {
        "default": "textures/entity/villager2/traveler_nitwit"
      },
      "geometry": {
        "default": "geometry.traveler_nitwit"
      },
      "scripts": {
        "scale": "0.9375",
        "animate": [
          "controller_general",
          "controller_raise",
          "controller_attack",
          "controller_move"
        ]
      },
      "animations": {
        "general": "animation.villager.general",
        "get_in_bed": "animation.vindicator.get_in_bed",
        "crossbow_hold": "animation.pillager.crossbow.hold",
        "crossbow_charge": "animation.pillager.crossbow.charge",
        "melee_attack": "animation.piglin.sword.attack",
        "spear_melee_attack": "animation.piglin.spear.attack",
        "bow_attack": "animation.humanoid.bow_and_arrow",
        "hand_attack": "animation.vindicator.hand_attack",
        "raise_arms": "animation.smith.raise_arm",
        "look_at_target": "animation.common.look_at_target",
        "move": "animation.villager.move",
        "celebrating": "animation.humanoid.celebrating",
        "controller_general": "controller.animation.smith.general",
        "controller_attack": "controller.animation.guard.attack",
        "controller_raise": "controller.animation.villager_v2.raise_arms",
        "controller_move": "controller.animation.villager_v2.move"
      },
      "particle_effects": {
        "spell": "minecraft:evoker_spell"
      },
      "render_controllers": [
        "controller.render.evoker"
      ],
      "spawn_egg": {
        "base_color": "#375482",
        "overlay_color": "#186F22"
      }
    }
  }
}