{
  "format_version": "1.8.0",
  "minecraft:client_entity": {
    "description": {
      "identifier": "legacy:witch_villager",
      "min_engine_version": "1.8.0",
      "materials": {
        "default": "witch"
      },
      "textures": {
        "default": "textures/entity/witchvillager/witch_villager",
        "desert": "textures/entity/witchvillager/desert",
        "jungle": "textures/entity/witchvillager/jungle",
        "savanna": "textures/entity/witchvillager/savanna",
        "snow": "textures/entity/witchvillager/snow",
        "swamp": "textures/entity/witchvillager/swamp",
        "taiga": "textures/entity/witchvillager/taiga"
      },
      "geometry": {
        "default": "geometry.witch_illager"
      },
      "scripts": {
        "scale": "0.9375"
      },
      "animations": {
        "villager_general": "animation.witch_illager.base",
        "look_at_target": "animation.common.look_at_target",
        "move": "animation.villager.move",
        "general": "animation.witch.general"
      },
      "animation_controllers": [
        {
          "general": "controller.animation.witch.general"
        },
        {
          "move": "controller.animation.villager.move"
        }
      ],
      "render_controllers": [
        "controller.render.evoker"
      ],
      "spawn_egg": {
        "base_color": "#8A9090",
        "overlay_color": "#388E3C"
      }
    }
  }
}