{
  "format_version": "1.8.0",
  "minecraft:client_entity": {
    "description": {
      "identifier": "minecraft:witch",
      "min_engine_version": "1.8.0",
      "materials": {
        "default": "witch"
      },
      "textures": {
        "default": "textures/entity/witch/witch",
        "desert": "textures/entity/witch/desert",
        "jungle": "textures/entity/witch/jungle",
        "savanna": "textures/entity/witch/savanna",
        "snow": "textures/entity/witch/snow",
        "swamp": "textures/entity/witch/swamp",
        "taiga": "textures/entity/witch/taiga"
      },
      "geometry": {
        "default": "geometry.witch"
      },
      "scripts": {
        "scale": "0.9375"
      },
      "animations": {
        "villager_general": "animation.villager.general",
        "look_at_target": "animation.common.look_at_target",
        "move": "animation.villager.move",
        "general": "animation.witch.general"
      },
      "animation_controllers": [
        {
          "general": "controller.animation.witch.general"
        },
        {
          "move": "controller.animation.villager.move"
        }
      ],
      "render_controllers": [
        "controller.render.witch"
      ],
      "spawn_egg": {
        "texture": "spawn_egg",
        "texture_index": 17
      }
    }
  }
}