{
  "format_version": "1.10.0",
  "minecraft:attachable": {
    "description": {
      "identifier": "pvz:conehead",
      "materials": {
        "default": "armor",
        "enchanted": "armor_enchanted"
      },
      "textures": {
        "default": "textures/models/armor/conehead",
		"freeze": "textures/models/armor/freeze/conehead",
		"ice": "textures/models/armor/ice/conehead",
        "enchanted": "textures/misc/enchanted_item_glint"
      },
      "geometry": {
        "default": "geometry.conehead"
      },
      "scripts": {
        "parent_setup": "variable.boot_layer_visible = 0.0;",
		"pre_animation": [
		  "variable.common = (query.variant != 0);",
		  "variable.freeze = (query.variant == 1);",
		  "variable.ice = (query.variant == 2);"
		],
		"animate": [
		  "default_controller"
		]
      },
      "render_controllers": [ 
	    { "controller.render.armor": "!variable.common" },
		{ "controller.render.armor_freeze": "variable.freeze" },
		{ "controller.render.armor_ice": "variable.ice" }
	  ]
    }
  }
}
