{
	"format_version": "1.10.0",
	"minecraft:attachable": {
		"description": {
			"identifier": "pvz:great_torch",
        "materials": {
          "default": "spider",
          "invisible": "spider_invisible"
        },
			"textures": {
				"default": "textures/entity/torch"
			},
			"geometry": {
				"default": "geometry.torch"
			},
			"animations": {
				"first_person": "animation.player.hammer_tool.first_person",
				"default": "animation.player.hammer_tool"
			},
			"scripts": {
				"animate": [
					{
						"first_person": "c.is_first_person && c.item_slot == 'main_hand' && q.get_equipped_item_name == 'great_torch'"
					},
					{
						"default": "!c.is_first_person && c.item_slot == 'main_hand' && q.get_equipped_item_name == 'great_torch'"
					}
				]
			},
			"render_controllers": [
				"controller.render.spider"
			]
		}
	}
}