{
  "format_version": "1.16.100",
  "minecraft:block": {
    "description": {
      "identifier": "mv:tuff_encased_pumpkin",
      "properties": {
        "mv:rotation": [
          2,
          3,
          4,
          5
        ]
      }
    },
    "permutations": [
      {
        "condition": "query.block_property('mv:rotation') == 2",
        "components": {
          "minecraft:transformation": {
            "rotation": [
              0,
              180,
              0
            ]
          }
        }
      },
      {
        "condition": "query.block_property('mv:rotation') == 3",
        "components": {
          "minecraft:transformation": {
            "rotation": [
              0,
              0,
              0
            ]
          }
        }
      },
      {
        "condition": "query.block_property('mv:rotation') == 5",
        "components": {
          "minecraft:transformation": {
            "rotation": [
              0,
              90,
              0
            ]
          }
        }
      },
      {
        "condition": "query.block_property('mv:rotation') == 4",
        "components": {
          "minecraft:transformation": {
            "rotation": [
              0,
              -90,
              0
            ]
          }
        }
      }
    ],
    "components": {
      "minecraft:creative_category": {
        "category": "equipment"
      },
			"minecraft:placement_filter": {
				"conditions": [
					{
						"allowed_faces": [
							"up"
						],
						"block_filter": [
							"tuff"
						]
					}
				]
			},
      "minecraft:destroy_time": 1,
      "tag:hoe_mine": {},
      "tag:axe_mine": {},
      "tag:pickaxe_mine": {},
      "minecraft:explosion_resistance": 1,
      "minecraft:on_placed": {
        "event": "place",
        "target": "self"
      }
    },
    "events": {
      "place": {
        "run_command": {
          "command": [
            "function golem/tuff",
            "setblock ~~-1~ air"
          ]
        }
      }
    }
  }
}