{
  "format_version": "1.16.0",
  "minecraft:entity": {
    "description": {
      "identifier": "legacy:announcer_illager",
      "is_spawnable": true,
      "is_summonable": true,
      "is_experimental": false,
      "runtime_identifier": "minecraft:pillager"
    },
    "component_groups": {
      "minecraft:celebrate": {
        "minecraft:behavior.celebrate": {
          "priority": 5,
          "celebration_sound": "celebrate",
          "sound_interval": {
            "range_min": 2.0,
            "range_max": 7.0
          },
          "jump_interval": {
            "range_min": 1.0,
            "range_max": 3.5
          },
          "duration": 30.0,
          "on_celebration_end_event": {
            "event": "minecraft:stop_celebrating",
            "target": "self"
          }
        }
      },
      "wild": {
        "minecraft:tameable": {
          "probability": 1,
          "tame_items": [
            "legacy:contract"
          ],
          "tame_event": {
            "event": "on_tame",
            "target": "self"
          }
        }
      },
      "minecraft:announcer_calm": {
        "minecraft:on_target_acquired": {
          "event": "minecraft:become_angry",
          "target": "self"
        }
      },
      "minecraft:announcer_angry": {
        "minecraft:on_target_acquired": {},
        "minecraft:angry": {
          "broadcast_anger": false,
          "calm_event": {
            "event": "minecraft:on_calm",
            "target": "self"
          }
        }
      },
      "tame": {
        "minecraft:is_tamed": {},
        "minecraft:sittable": {},
        "minecraft:movement": {
          "value": 0.35
        },
        "minecraft:behavior.nearest_attackable_target": {
          "priority": 3,
          "within_radius": 25,
          "reselect_targets": true,
          "must_reach": false,
          "entity_types": [
            {
              "filters": {
                "any_of": [
                  {
                    "test": "is_family",
                    "subject": "other",
                    "value": "villager"
                  },
                  {
                    "test": "is_family",
                    "subject": "other",
                    "value": "undead"
                  },
                  {
                    "test": "is_family",
                    "subject": "other",
                    "value": "player"
                  },
                  {
                    "test": "is_family",
                    "subject": "other",
                    "value": "iron_golem"
                  },
                  {
                    "test": "is_family",
                    "subject": "other",
                    "value": "wandering_trader"
                  }
                ]
              },
              "max_dist": 20,
              "must_see": false
            }
          ],
          "must_see": false,
          "speed_multiplier": 0.8
        },
        "minecraft:type_family": {
          "family": [
            "evocation_illager",
            "illager"
          ]
        },
        "minecraft:behavior.owner_hurt_target": {
          "priority": 2,
          "entity_types": [
            {
              "filters": {
                "all_of": [
                  {
                    "test": "is_family",
                    "subject": "other",
                    "operator": "!\u003d",
                    "value": "illager"
                  },
                  {
                    "test": "is_family",
                    "subject": "other",
                    "operator": "!\u003d",
                    "value": "creeper"
                  },
                  {
                    "test": "has_component",
                    "subject": "other",
                    "operator": "!\u003d",
                    "value": "minecraft:is_tamed"
                  }
                ]
              }
            }
          ]
        },
        "minecraft:behavior.owner_hurt_by_target": {
          "priority": 1,
          "entity_types": [
            {
              "filters": {
                "all_of": [
                  {
                    "test": "is_family",
                    "subject": "other",
                    "operator": "!\u003d",
                    "value": "villager"
                  },
                  {
                    "test": "is_family",
                    "subject": "other",
                    "operator": "!\u003d",
                    "value": "creeper"
                  }
                ]
              }
            }
          ]
        },
        "minecraft:behavior.follow_owner": {
          "priority": 3,
          "speed_multiplier": 0.8,
          "start_distance": 6,
          "stop_distance": 3
        },
        "minecraft:behavior.random_stroll": {
          "priority": 8,
          "speed_multiplier": 0.7,
          "interval": 15
        }
      },
      "minecraft:spawn_on_village": {
        "minecraft:preferred_path": {
          "max_fall_blocks": 1,
          "jump_cost": 20,
          "default_block_cost": 3,
          "preferred_path_blocks": [
            {
              "cost": 0,
              "blocks": [
                "grass_path"
              ]
            },
            {
              "cost": 1,
              "blocks": [
                "cobblestone",
                "stone",
                "stonebrick",
                "sandstone",
                "mossy_cobblestone",
                "stone_slab",
                "stone_slab2",
                "stone_slab3",
                "stone_slab4",
                "double_stone_slab",
                "double_stone_slab2",
                "double_stone_slab3",
                "double_stone_slab4",
                "wooden_slab",
                "double_wooden_slab",
                "planks",
                "brick_block",
                "nether_brick",
                "red_nether_brick",
                "end_bricks",
                "red_sandstone",
                "stained_glass",
                "glass",
                "glowstone",
                "prismarine",
                "emerald_block",
                "diamond_block",
                "lapis_block",
                "gold_block",
                "redstone_block",
                "purple_glazed_terracotta",
                "white_glazed_terracotta",
                "orange_glazed_terracotta",
                "magenta_glazed_terracotta",
                "light_blue_glazed_terracotta",
                "yellow_glazed_terracotta",
                "lime_glazed_terracotta",
                "pink_glazed_terracotta",
                "gray_glazed_terracotta",
                "silver_glazed_terracotta",
                "cyan_glazed_terracotta",
                "blue_glazed_terracotta",
                "brown_glazed_terracotta",
                "green_glazed_terracotta",
                "red_glazed_terracotta",
                "black_glazed_terracotta"
              ]
            },
            {
              "cost": 50,
              "blocks": [
                "bed",
                "lectern",
                "composter",
                "grindstone",
                "blast_furnace",
                "smoker",
                "fletching_table",
                "cartography_table",
                "brewing_stand",
                "smithing_table",
                "cauldron",
                "barrel",
                "loom",
                "stonecutter"
              ]
            }
          ]
        },
        "minecraft:behavior.explore_outskirts": {
          "priority": 5,
          "explore_dist": 7,
          "speed_multiplier": 0.8,
          "wait_time": 30
        },
        "minecraft:behavior.move_to_village": {
          "priority": 6,
          "speed_multiplier": 1
        },
        "minecraft:behavior.move_through_village": {
          "priority": 3,
          "speed_multiplier": 1,
          "only_at_night": true
        },
        "minecraft:pushable": {
          "is_pushable": true,
          "is_pushable_by_piston": true
        },
        "minecraft:behavior.random_stroll": {
          "priority": 5,
          "speed_multiplier": 1
        }
      },
      "regeneration": {
        "minecraft:spell_effects": {
          "add_effects": [
            {
              "effect": "regeneration",
              "amplifier": 2,
              "visible": 1,
              "ambient": false,
              "duration": 30
            }
          ]
        }
      },
      "minecraft:attack_sensor": {
        "minecraft:target_nearby_sensor": {
          "inside_range": 4,
          "outside_range": 7,
          "must_see": true,
          "on_inside_range": {
            "event": "minecraft:melee_mode",
            "target": "self"
          },
          "on_outside_range": {
            "event": "minecraft:horn_attack",
            "target": "self"
          }
        }
      },
      "minecraft:ranged_attack": {
        "minecraft:behavior.ranged_attack": {
          "priority": 4,
          "attack_interval_min": 1,
          "attack_interval_max": 1,
          "attack_radius_min": 4,
          "attack_radius": 8,
          "target_in_sight_time": 0.1
        },
        "minecraft:equipment": {
          "table": "loot_tables/entities/pillager_gear.json"
        },
        "minecraft:shooter": {
          "def": "minecraft:arrow"
        },
        "minecraft:variant": {
          "value": 0
        }
      },
      "minecraft:melee_attack": {
        "minecraft:behavior.melee_attack": {
          "priority": 4,
          "track_target": true
        },
        "minecraft:attack": {
          "damage": 3
        },
        "minecraft:variant": {
          "value": 1
        },
        "minecraft:equipment": {
          "table": "loot_tables/entities/stone_sword_gear.json"
        }
      },
      "minecraft:bow_ranged_attack": {
        "minecraft:behavior.ranged_attack": {
          "priority": 4,
          "attack_interval_min": 1,
          "attack_interval_max": 1,
          "attack_radius_min": 4,
          "attack_radius": 8,
          "target_in_sight_time": 0.1
        },
        "minecraft:shooter": {
          "def": "minecraft:arrow"
        },
        "minecraft:equipment": {
          "table": "loot_tables/entities/bow_gear.json"
        },
        "minecraft:variant": {
          "value": 2
        }
      },
      "minecraft:spear_melee_attack": {
        "minecraft:behavior.melee_attack": {
          "priority": 4,
          "track_target": true
        },
        "minecraft:attack": {
          "damage": 7
        },
        "minecraft:variant": {
          "value": 3
        },
        "minecraft:equipment": {
          "table": "loot_tables/entities/glaive_gear.json"
        }
      },
      "minecraft:horn_summon": {
        "minecraft:behavior.summon_entity": {
          "priority": 0,
          "summon_choices": [
            {
              "min_activation_range": 3,
              "cooldown_time": 7,
              "weight": 3,
              "cast_duration": 2,
              "particle_color": "#1557BE",
              "start_sound_event": "cast.spell",
              "sequence": [
                {
                  "shape": "circle",
                  "target": "self",
                  "base_delay": 0.80,
                  "delay_per_summon": 0,
                  "num_entities_spawned": 4,
                  "entity_type": "minecraft:pillager<minecraft:spawn_for_raid1>",
                  "size": 2.5,
                  "sound_event": "celebrate"
                }
              ]
            },
            {
              "min_activation_range": 3,
              "cooldown_time": 7,
              "weight": 3,
              "cast_duration": 1,
              "particle_color": "#1557BE",
              "start_sound_event": "cast.spell",
              "sequence": [
                {
                  "shape": "circle",
                  "target": "self",
                  "base_delay": 0.80,
                  "delay_per_summon": 0,
                  "num_entities_spawned": 2,
                  "entity_type": "minecraft:pillager<minecraft:spawn_for_raid1>",
                  "size": 2.5,
                  "sound_event": "celebrate"
                },
                {
                  "shape": "circle",
                  "target": "self",
                  "base_delay": 0.1,
                  "delay_per_summon": 0,
                  "num_entities_spawned": 2,
                  "entity_type": "minecraft:vindicator<minecraft:spawn_for_raid>",
                  "size": 1.5,
                  "sound_event": "celebrate"
                }
              ]
            },
            {
              "min_activation_range": 3,
              "cooldown_time": 7,
              "weight": 3,
              "cast_duration": 1,
              "particle_color": "#1557BE",
              "start_sound_event": "cast.spell",
              "sequence": [
                {
                  "shape": "circle",
                  "target": "self",
                  "base_delay": 0.80,
                  "delay_per_summon": 0,
                  "num_entities_spawned": 2,
                  "entity_type": "minecraft:pillager<minecraft:spawn_for_raid1>",
                  "size": 2.5,
                  "sound_event": "celebrate"
                },
                {
                  "shape": "circle",
                  "target": "self",
                  "base_delay": 0.1,
                  "delay_per_summon": 0,
                  "num_entities_spawned": 1,
                  "entity_type": "legacy:executioner_illager<minecraft:spawn_for_raid>",
                  "size": 1.5,
                  "sound_event": "celebrate"
                }
              ]
            },
            {
              "min_activation_range": 3,
              "cooldown_time": 7,
              "weight": 3,
              "cast_duration": 1,
              "particle_color": "#1557BE",
              "start_sound_event": "cast.spell",
              "sequence": [
                {
                  "shape": "circle",
                  "target": "self",
                  "base_delay": 0.80,
                  "delay_per_summon": 0,
                  "num_entities_spawned": 4,
                  "entity_type": "legacy:archer_pillager<minecraft:spawn_for_raid>",
                  "size": 2.5,
                  "sound_event": "celebrate"
                }
              ]
            },
            {
              "min_activation_range": 3,
              "cooldown_time": 7,
              "weight": 3,
              "cast_duration": 1,
              "particle_color": "#1557BE",
              "start_sound_event": "cast.spell",
              "sequence": [
                {
                  "shape": "circle",
                  "target": "self",
                  "base_delay": 0.80,
                  "delay_per_summon": 0,
                  "num_entities_spawned": 4,
                  "entity_type": "legacy:archer_pillager<minecraft:spawn_for_raid>",
                  "size": 2.5,
                  "sound_event": "celebrate"
                },
                {
                  "shape": "circle",
                  "target": "self",
                  "base_delay": 0.1,
                  "delay_per_summon": 0,
                  "num_entities_spawned": 2,
                  "entity_type": "minecraft:vindicator<minecraft:spawn_for_raid>",
                  "size": 1.5,
                  "sound_event": "celebrate"
                }
              ]
            },
            {
              "min_activation_range": 3,
              "cooldown_time": 5,
              "weight": 4,
              "cast_duration": 1,
              "particle_color": "#000000",
              "start_sound_event": "cast.spell",
              "sequence": [
                {
                  "shape": "circle",
                  "target": "target",
                  "base_delay": 0.80,
                  "delay_per_summon": 0,
                  "num_entities_spawned": 1,
                  "entity_type": "legacy:resistance",
                  "size": 0,
                  "entity_lifespan": 12,
                  "sound_event": "celebrate"
                },
                {
                  "shape": "circle",
                  "target": "target",
                  "base_delay": 0.1,
                  "delay_per_summon": 0,
                  "num_entities_spawned": 1,
                  "entity_type": "legacy:strength",
                  "size": 0,
                  "entity_lifespan": 12,
                  "sound_event": "celebrate"
                }
              ]
            }
          ]
        },
        "minecraft:equipment": {
          "table": "loot_tables/entities/horn_gear.json"
        },
        "minecraft:environment_sensor": {
          "triggers": [
            {
              "filters": {
                "all_of": [
                  {
                    "test": "has_mob_effect",
                    "subject": "self",
                    "value": "bad_omen"
                  },
                  {
                    "test": "is_family",
                    "subject": "self",
                    "operator": "\u003d\u003d",
                    "value": "illager"
                  },
                  {
                    "test": "is_in_village",
                    "subject": "self",
                    "value": true
                  }
                ]
              },
              "event": "minecraft:trigger_raid"
            }
          ]
        },
        "minecraft:variant": {
          "value": 5
        },
        "minecraft:timer": {
          "looping": false,
          "time": [
            1,
            1
          ],
          "time_down_event": {
            "event": "minecraft:remove_summon",
            "target": "self"
          }
        }
      },
      "minecraft:countdown_to_summon": {
        "minecraft:timer": {
          "looping": false,
          "time": [
            4,
            4
          ],
          "time_down_event": {
            "event": "minecraft:on_summon"
          }
        }
      },
      "minecraft:admire_barter": {
        "minecraft:behavior.admire_item": {
          "priority": 2,
          "admire_item_sound": "admire",
          "sound_interval": {
            "range_min": 2.0,
            "range_max": 5.0
          },
          "on_admire_item_start": {
            "event": "admire_item_started_event",
            "target": "self"
          },
          "on_admire_item_stop": {
            "event": "admire_item_stopped_event",
            "target": "self"
          }
        },
        "minecraft:admire_item": {
          "duration": 10,
          "cooldown_after_being_attacked": 4
        },
        "minecraft:barter": {
          "barter_table": "loot_tables/entities/pillager_barter.json",
          "cooldown_after_being_attacked": 5
        },
        "minecraft:behavior.barter": {
          "priority": 3
        }
      },
      "become_pillagersquadcaptain": {
        "minecraft:transformation": {
          "into": "legacy:pillager_squad_captain",
          "delay": 0.1
        }
      },
      "desert_pillager": {
        "minecraft:mark_variant": {
          "value": 1
        }
      },
      "jungle_pillager": {
        "minecraft:mark_variant": {
          "value": 2
        }
      },
      "savanna_pillager": {
        "minecraft:mark_variant": {
          "value": 3
        }
      },
      "snow_pillager": {
        "minecraft:mark_variant": {
          "value": 4
        }
      },
      "swamp_pillager": {
        "minecraft:mark_variant": {
          "value": 5
        }
      },
      "taiga_pillager": {
        "minecraft:mark_variant": {
          "value": 6
        }
      },
      "minecraft:raid_configuration": {
        "minecraft:dweller": {
          "dwelling_type": "village",
          "dweller_role": "hostile",
          "update_interval_base": 60,
          "update_interval_variant": 40,
          "can_find_poi": false,
          "can_migrate": false,
          "first_founding_reward": 0
        },
        "minecraft:behavior.move_to_village": {
          "priority": 5,
          "speed_multiplier": 1.0,
          "goal_radius": 2.0
        },
        "minecraft:navigation.walk": {
          "can_path_over_water": true,
          "avoid_water": true
        },
        "minecraft:loot": {
          "table": "loot_tables/entities/pillager_raid.json"
        },
        "minecraft:ambient_sound_interval": {
          "value": 2.0,
          "range": 4.0,
          "event_name": "ambient.in.raid"
        }
      },
      "go_back_to_spawn": {
        "minecraft:behavior.go_home": {
          "priority": 6,
          "interval": 200,
          "speed_multiplier": 1.0,
          "goal_radius": 10.0,
          "on_failed": {
              "event": "go_back_to_spawn_failed",
              "target": "self"
          }
        }
      },
      "minecraft:flag_user": {
        "minecraft:variant": {
          "value": 2
        },
        "minecraft:equipment": {
          "table": "loot_tables/entities/pillager_captain_equipment.json",
          "slot_drop_chance": [
            {
              "slot": "slot.armor.chest",
              "drop_chance": 1.0
            }
          ]
        }
      },
      "minecraft:illager_squad_captain": {
        "minecraft:is_illager_captain": {},
        "minecraft:variant": {
          "value": 0
        },
        "minecraft:equipment": {
          "table": "loot_tables/entities/pillager_captain_equipment.json",
          "slot_drop_chance": [
            {
              "slot": "slot.armor.chest",
              "drop_chance": 1.0
            }
          ]
        },
        "minecraft:damage_sensor": {
          "triggers": {
            "on_damage": {
              "filters": {
                "all_of": [
                  {
                    "test": "has_damage",
                    "value": "fatal"
                  },
                  {
                    "test": "is_family",
                    "subject": "other",
                    "value": "player"
                  }
                ]
              },
              "event": "minecraft:gain_bad_omen",
              "target": "other"
            }
          }
        }
      },
      "minecraft:patrol_captain": {
        "minecraft:is_illager_captain": {},
        "minecraft:variant": {
          "value": 0
        },
        "minecraft:equipment": {
          "table": "loot_tables/entities/pillager_captain_equipment.json",
          "slot_drop_chance": [
            {
              "slot": "slot.armor.chest",
              "drop_chance": 1.0
            }
          ]
        },
        "minecraft:damage_sensor": {
          "triggers": {
            "on_damage": {
              "filters": {
                "all_of": [
                  {
                    "test": "has_damage",
                    "value": "fatal"
                  },
                  {
                    "test": "is_family",
                    "subject": "other",
                    "value": "player"
                  }
                ]
              },
              "event": "minecraft:gain_bad_omen",
              "target": "other"
            }
          }
        },
        "minecraft:behavior.hold_ground": {
          "priority": 5,
          "min_radius": 10,
          "broadcast": true,
          "broadcast_range": 8,
          "within_radius_event": {
            "event": "minecraft:ranged_mode",
            "target": "self"
          }
        },
        "minecraft:behavior.move_to_random_block": {
          "priority": 6,
          "speed_multiplier": 0.55,
          "within_radius": 8,
          "block_distance": 512
        }
      },
      "minecraft:patrol_follower": {
        "minecraft:behavior.follow_target_captain": {
          "priority": 5,
          "speed_multiplier": 0.8,
          "within_radius": 64,
          "follow_distance": 5
        },
        "minecraft:behavior.hold_ground": {
          "priority": 6,
          "min_radius": 10,
          "broadcast": true,
          "broadcast_range": 8,
          "within_radius_event": {
            "event": "minecraft:ranged_mode",
            "target": "self"
          }
        }
      },
      "minecraft:squad_captain_protector": {
        "minecraft:behavior.follow_target_captain": {
          "priority": 5,
          "speed_multiplier": 0.8,
          "within_radius": 64,
          "follow_distance": 5
        },
        "minecraft:behavior.hold_ground": {
          "priority": 6,
          "min_radius": 10,
          "broadcast": true,
          "broadcast_range": 8,
          "within_radius_event": {
            "event": "minecraft:ranged_mode",
            "target": "self"
          }
        }
      }
    },
    "components": {
      "minecraft:is_hidden_when_invisible": {},
      "minecraft:experience_reward": {
        "on_death": "query.last_hit_by_player ? (query.is_baby ? 12 : 5) + (Math.die_roll(query.equipment_count,1,3)) : 0"
      },
      "minecraft:equip_item": {},
      "minecraft:collision_box": {
        "width": 0.6,
        "height": 1.9
      },
      "minecraft:type_family": {
        "family": [
          "pillager",
          "illager",
          "mob"
        ]
      },
      "minecraft:variant": {
        "value": 0
      },
      "minecraft:breathable": {
        "total_supply": 15,
        "suffocate_time": 0
      },
      "minecraft:health": {
        "value": 24,
        "max": 24
      },
      "minecraft:conditional_bandwidth_optimization": {},
      "minecraft:hurt_on_condition": {
        "damage_conditions": [
          {
            "filters": {
              "test": "in_lava",
              "subject": "self",
              "operator": "\u003d\u003d",
              "value": true
            },
            "cause": "lava",
            "damage_per_tick": 4
          }
        ]
      },
      "minecraft:loot": {
        "table": "loot_tables/entities/pillager.json"
      },
      "minecraft:shareables": {
        "items": [
          {
            "item": "minecraft:banner:15",
            "want_amount": 1,
            "surplus_amount": 1,
            "priority": 0
          }
        ]
      },
      "minecraft:movement": {
        "value": 0.35
      },
      "minecraft:navigation.walk": {
        "can_path_over_water": true,
        "can_pass_doors": true,
        "can_open_doors": true,
        "avoid_water": true
      },
      "minecraft:annotation.open_door": {
      },
      "minecraft:movement.basic": {},
      "minecraft:jump.static": {},
      "minecraft:nameable": {},
      "minecraft:equipment": {
        "table": "loot_tables/entities/horn_gear.json"
      },
      "minecraft:behavior.float": {
        "priority": 0
      },
      "minecraft:damage_sensor": {
        "triggers": [
          {
            "on_damage": {
              "filters": [
                {
                  "test": "is_family",
                  "subject": "other",
                  "value": "illager"
                }
              ]
            },
            "deals_damage": false
          }
        ]
      },
      "minecraft:behavior.hurt_by_target": {
        "priority": 1,
        "entity_types": {
          "filters": {
            "test": "is_family",
            "subject": "other",
            "operator": "!\u003d",
            "value": "illager"
          },
          "max_dist": 64
        }
      },
      "minecraft:angry": {
        "duration": 30,
        "broadcast_anger": true,
        "broadcast_anger_on_attack": true,
        "broadcast_anger_on_being_attacked": true,
        "broadcast_range": 16,
        "broadcast_targets": [
			"illager"
        ]
      },
      "minecraft:behavior.nearest_attackable_target": {
        "priority": 2,
        "must_see": true,
        "reselect_targets": true,
        "within_radius": 16.0,
        "entity_types": [
          {
            "filters": {
              "any_of": [
                {
                  "test": "is_family",
                  "subject": "other",
                  "value": "player"
                },
                {
                  "test": "is_family",
                  "subject": "other",
                  "value": "irongolem"
                },
                {
                  "test": "is_family",
                  "subject": "other",
                  "value": "wandering_trader"
                },
                {
                  "test": "is_family",
                  "subject": "other",
                  "value": "undead"
                }
              ]
            },
            "max_dist": 16
          },
          {
            "filters": {
              "all_of": [
                {
                  "test": "is_family",
                  "subject": "other",
                  "value": "villager"
                },
                {
                  "test": "has_component",
                  "subject": "other",
                  "operator": "!\u003d",
                  "value": "minecraft:is_baby"
                }
              ]
            },
            "max_dist": 16
          }
        ]
      },
      "minecraft:behavior.equip_item": {
        "priority": 3
      },
      "minecraft:behavior.pickup_items": {
        "priority": 7,
        "max_dist": 3,
        "goal_radius": 2,
        "speed_multiplier": 1.0
      },
      "minecraft:behavior.random_stroll": {
        "priority": 8,
        "speed_multiplier": 1
      },
      "minecraft:behavior.look_at_player": {
        "priority": 9,
        "look_distance": 8
      },
      "minecraft:behavior.random_look_around": {
        "priority": 10
      },
      "minecraft:behavior.charge_held_item": {
        "priority": 3,
        "items": [
          "minecraft:arrow"
        ]
      },
      "minecraft:physics": {},
      "minecraft:pushable": {
        "is_pushable": true,
        "is_pushable_by_piston": true
      },
      "minecraft:follow_range": {
        "value": 64
      }
    },
    "events": {
      "minecraft:entity_spawned": {
        "sequence": [
          {
            "add": {
              "component_groups": [
                "minecraft:announcer_calm",
                "minecraft:melee_attack"
              ]
            }
          },
          {
            "filters": {
              "any_of": [
                {
                  "test": "has_biome_tag",
                  "value": "desert"
                },
                {
                  "test": "has_biome_tag",
                  "value": "mesa"
                }
              ]
            },
            "add": {
              "component_groups": [
                "desert_pillager"
              ]
            }
          },
          {
            "filters": {
              "test": "has_biome_tag",
              "value": "jungle"
            },
            "add": {
              "component_groups": [
                "jungle_pillager"
              ]
            }
          },
          {
            "filters": {
              "test": "has_biome_tag",
              "value": "savanna"
            },
            "add": {
              "component_groups": [
                "savanna_pillager"
              ]
            }
          },
          {
            "filters": {
              "any_of": [
                {
                  "all_of": [
                    {
                      "test": "has_biome_tag",
                      "value": "cold"
                    },
                    {
                      "test": "has_biome_tag",
                      "operator": "!\u003d",
                      "value": "ocean"
                    }
                  ]
                },
                {
                  "test": "has_biome_tag",
                  "value": "frozen"
                }
              ]
            },
            "add": {
              "component_groups": [
                "snow_pillager"
              ]
            }
          },
          {
            "filters": {
              "test": "has_biome_tag",
              "value": "swamp"
            },
            "add": {
              "component_groups": [
                "swamp_pillager"
              ]
            }
          },
          {
            "filters": {
              "all_of": [
                {
                  "any_of": [
                    {
                      "test": "has_biome_tag",
                      "value": "taiga"
                    },
                    {
                      "test": "has_biome_tag",
                      "value": "extreme_hills"
                    }
                  ]
                },
                {
                  "test": "has_biome_tag",
                  "operator": "!\u003d",
                  "value": "cold"
                }
              ]
            },
            "add": {
              "component_groups": [
                "taiga_pillager"
              ]
            }
          },
          {
            "randomize": [
              {
                "weight": 70,
                "add": {
                  "component_groups": [
                    "nope",
                    "minecraft:melee_attack",
                    "minecraft:announcer_calm"
                  ]
                }
              },
              {
                "weight": 70,
                "add": {
                  "component_groups": [
                    "nope",
                    "go_back_to_spawn",
                    "minecraft:melee_attack",
                    "minecraft:announcer_calm"
                  ]
                }
              },
              {
                "weight": 50,
                "add": {
                  "component_groups": [
                    "minecraft:announcer_calm",
                    "minecraft:melee_attack",
                    "go_back_to_spawn"
                  ]
                }
              },
              {
                "weight": 40,
                "add": {
                  "component_groups": [
                    "minecraft:squad_captain_protector",
                    "minecraft:melee_attack",
                    "minecraft:announcer_calm"
                  ]
                }
              },
              {
                "weight": 30,
                "add": {
                  "component_groups": [
                    "minecraft:squad_captain_protector",
                    "minecraft:melee_attack",
                    "minecraft:announcer_calm"
                  ]
                }
              },
              {
                "weight": 20,
                "add": {
                  "component_groups": [
                    "minecraft:countdown_to_summon",
                    "minecraft:melee_attack"
                  ]
                }
              }
            ]
          }
        ]
      },
      "minecraft:entity_transformed": {
        "sequence": [
          {
            "add": {
              "component_groups": [
                "minecraft:spawn_on_village",
                "minecraft:announcer_calm",
                "wild"
              ]
            }
          },
          {
            "filters": {
              "any_of": [
                {
                  "test": "has_biome_tag",
                  "value": "desert"
                },
                {
                  "test": "has_biome_tag",
                  "value": "mesa"
                }
              ]
            },
            "add": {
              "component_groups": [
                "desert_pillager"
              ]
            }
          },
          {
            "filters": {
              "test": "has_biome_tag",
              "value": "jungle"
            },
            "add": {
              "component_groups": [
                "jungle_pillager"
              ]
            }
          },
          {
            "filters": {
              "test": "has_biome_tag",
              "value": "savanna"
            },
            "add": {
              "component_groups": [
                "savanna_pillager"
              ]
            }
          },
          {
            "filters": {
              "any_of": [
                {
                  "all_of": [
                    {
                      "test": "has_biome_tag",
                      "value": "cold"
                    },
                    {
                      "test": "has_biome_tag",
                      "operator": "!\u003d",
                      "value": "ocean"
                    }
                  ]
                },
                {
                  "test": "has_biome_tag",
                  "value": "frozen"
                }
              ]
            },
            "add": {
              "component_groups": [
                "snow_pillager"
              ]
            }
          },
          {
            "filters": {
              "test": "has_biome_tag",
              "value": "swamp"
            },
            "add": {
              "component_groups": [
                "swamp_pillager"
              ]
            }
          },
          {
            "filters": {
              "all_of": [
                {
                  "any_of": [
                    {
                      "test": "has_biome_tag",
                      "value": "taiga"
                    },
                    {
                      "test": "has_biome_tag",
                      "value": "extreme_hills"
                    }
                  ]
                },
                {
                  "test": "has_biome_tag",
                  "operator": "!\u003d",
                  "value": "cold"
                }
              ]
            },
            "add": {
              "component_groups": [
                "taiga_pillager"
              ]
            }
          },
          {
            "randomize": [
              {
                "weight": 70,
                "add": {
                  "component_groups": [
                    "nope",
                    "minecraft:bow_ranged_attack"
                  ]
                }
              },
              {
                "weight": 20,
                "add": {
                  "component_groups": [
                    "minecraft:attack_sensor"
                  ]
                }
              },
              {
                "weight": 10,
                "add": {
                  "component_groups": [
                    "barter",
                    "minecraft:admire_barter",
                    "minecraft:bow_ranged_attack"
                  ]
                }
              }
            ]
          }
        ]
      },
      "minecraft:spawn_for_raid": {
        "sequence": [
          {
            "add": {
              "component_groups": [
                "minecraft:announcer_calm",
                "minecraft:melee_attack",
                "minecraft:raid_configuration"
              ]
            },
            "remove": {
              "component_groups": [
                "minecraft:squad_captain_protector",
                "go_back_to_spawn",
                "meeting_schedule"
              ]
            }
          },
          {
            "filters": {
              "any_of": [
                {
                  "test": "has_biome_tag",
                  "value": "desert"
                },
                {
                  "test": "has_biome_tag",
                  "value": "mesa"
                }
              ]
            },
            "add": {
              "component_groups": [
                "desert_pillager"
              ]
            }
          },
          {
            "filters": {
              "test": "has_biome_tag",
              "value": "jungle"
            },
            "add": {
              "component_groups": [
                "jungle_pillager"
              ]
            }
          },
          {
            "filters": {
              "test": "has_biome_tag",
              "value": "savanna"
            },
            "add": {
              "component_groups": [
                "savanna_pillager"
              ]
            }
          },
          {
            "filters": {
              "any_of": [
                {
                  "all_of": [
                    {
                      "test": "has_biome_tag",
                      "value": "cold"
                    },
                    {
                      "test": "has_biome_tag",
                      "operator": "!\u003d",
                      "value": "ocean"
                    }
                  ]
                },
                {
                  "test": "has_biome_tag",
                  "value": "frozen"
                }
              ]
            },
            "add": {
              "component_groups": [
                "snow_pillager"
              ]
            }
          },
          {
            "filters": {
              "test": "has_biome_tag",
              "value": "swamp"
            },
            "add": {
              "component_groups": [
                "swamp_pillager"
              ]
            }
          },
          {
            "filters": {
              "all_of": [
                {
                  "any_of": [
                    {
                      "test": "has_biome_tag",
                      "value": "taiga"
                    },
                    {
                      "test": "has_biome_tag",
                      "value": "extreme_hills"
                    }
                  ]
                },
                {
                  "test": "has_biome_tag",
                  "operator": "!\u003d",
                  "value": "cold"
                }
              ]
            },
            "add": {
              "component_groups": [
                "taiga_pillager"
              ]
            }
          },
          {
            "randomize": [
              {
                "weight": 90,
                "add": {
                  "component_groups": [
                    "nope",
                    "minecraft:announcer_calm",
                    "minecraft:melee_attack",
                    "minecraft:raid_configuration"
                  ]
                }
              },
              {
                "weight": 30,
                "add": {
                  "component_groups": [
                    "minecraft:melee_attack",
                    "minecraft:announcer_calm",
                    "minecraft:raid_configuration"
                  ]
                }
              }
            ]
          }
        ]
      },
      "minecraft:spawn_as_patrol_follower": {
        "sequence": [
          {
            "add": {
              "component_groups": [
                "minecraft:announcer_calm",
                "minecraft:melee_attack",
                "minecraft:patrol_follower"
              ]
            },
            "remove": {
              "component_groups": [
                "minecraft:squad_captain_protector",
                "go_back_to_spawn",
                "minecraft:raid_configuration"
              ]
            }
          },
          {
            "filters": {
              "any_of": [
                {
                  "test": "has_biome_tag",
                  "value": "desert"
                },
                {
                  "test": "has_biome_tag",
                  "value": "mesa"
                }
              ]
            },
            "add": {
              "component_groups": [
                "desert_pillager"
              ]
            }
          },
          {
            "filters": {
              "test": "has_biome_tag",
              "value": "jungle"
            },
            "add": {
              "component_groups": [
                "jungle_pillager"
              ]
            }
          },
          {
            "filters": {
              "test": "has_biome_tag",
              "value": "savanna"
            },
            "add": {
              "component_groups": [
                "savanna_pillager"
              ]
            }
          },
          {
            "filters": {
              "any_of": [
                {
                  "all_of": [
                    {
                      "test": "has_biome_tag",
                      "value": "cold"
                    },
                    {
                      "test": "has_biome_tag",
                      "operator": "!\u003d",
                      "value": "ocean"
                    }
                  ]
                },
                {
                  "test": "has_biome_tag",
                  "value": "frozen"
                }
              ]
            },
            "add": {
              "component_groups": [
                "snow_pillager"
              ]
            }
          },
          {
            "filters": {
              "test": "has_biome_tag",
              "value": "swamp"
            },
            "add": {
              "component_groups": [
                "swamp_pillager"
              ]
            }
          },
          {
            "filters": {
              "all_of": [
                {
                  "any_of": [
                    {
                      "test": "has_biome_tag",
                      "value": "taiga"
                    },
                    {
                      "test": "has_biome_tag",
                      "value": "extreme_hills"
                    }
                  ]
                },
                {
                  "test": "has_biome_tag",
                  "operator": "!\u003d",
                  "value": "cold"
                }
              ]
            },
            "add": {
              "component_groups": [
                "taiga_pillager"
              ]
            }
          },
          {
            "randomize": [
              {
                "weight": 70,
                "add": {
                  "component_groups": [
                    "nope",
                    "minecraft:announcer_calm",
                    "minecraft:melee_attack",
                    "minecraft:patrol_follower"
                  ]
                }
              },
              {
                "weight": 20,
                "add": {
                  "component_groups": [
                    "minecraft:announcer_calm",
                    "minecraft:melee_attack",
                    "minecraft:patrol_follower"
                  ]
                }
              },
              {
                "weight": 20,
                "add": {
                  "component_groups": [
                    "minecraft:announcer_calm",
                    "minecraft:melee_attack",
                    "minecraft:patrol_follower"
                  ]
                }
              }
            ]
          }
        ]
      },
      "minecraft:spawn_as_illager_captain": {
        "sequence": [
          {
            "add": {
              "component_groups": [
                "minecraft:announcer_calm",
                "minecraft:melee_attack",
                "become_pillagersquadcaptain",
                "minecraft:illager_squad_captain"
              ]
            },
            "remove": {
              "component_groups": [
                "minecraft:squad_captain_protector",
                "go_back_to_spawn",
                "minecraft:raid_configuration"
              ]
            }
          },
          {
            "filters": {
              "any_of": [
                {
                  "test": "has_biome_tag",
                  "value": "desert"
                },
                {
                  "test": "has_biome_tag",
                  "value": "mesa"
                }
              ]
            },
            "add": {
              "component_groups": [
                "desert_pillager"
              ]
            }
          },
          {
            "filters": {
              "test": "has_biome_tag",
              "value": "jungle"
            },
            "add": {
              "component_groups": [
                "jungle_pillager"
              ]
            }
          },
          {
            "filters": {
              "test": "has_biome_tag",
              "value": "savanna"
            },
            "add": {
              "component_groups": [
                "savanna_pillager"
              ]
            }
          },
          {
            "filters": {
              "any_of": [
                {
                  "all_of": [
                    {
                      "test": "has_biome_tag",
                      "value": "cold"
                    },
                    {
                      "test": "has_biome_tag",
                      "operator": "!\u003d",
                      "value": "ocean"
                    }
                  ]
                },
                {
                  "test": "has_biome_tag",
                  "value": "frozen"
                }
              ]
            },
            "add": {
              "component_groups": [
                "snow_pillager"
              ]
            }
          },
          {
            "filters": {
              "test": "has_biome_tag",
              "value": "swamp"
            },
            "add": {
              "component_groups": [
                "swamp_pillager"
              ]
            }
          },
          {
            "filters": {
              "all_of": [
                {
                  "any_of": [
                    {
                      "test": "has_biome_tag",
                      "value": "taiga"
                    },
                    {
                      "test": "has_biome_tag",
                      "value": "extreme_hills"
                    }
                  ]
                },
                {
                  "test": "has_biome_tag",
                  "operator": "!\u003d",
                  "value": "cold"
                }
              ]
            },
            "add": {
              "component_groups": [
                "taiga_pillager"
              ]
            }
          }
        ]
      },
      "minecraft:promote_to_illager_captain": {
        "sequence": [
          {
            "add": {
              "component_groups": [
                "minecraft:announcer_calm",
                "minecraft:melee_attack",
                "minecraft:patrol_captain"
              ]
            },
            "remove": {
              "component_groups": [
                "minecraft:patrol_follower",
                "go_back_to_spawn",
                "minecraft:squad_captain_protector"
              ]
            }
          },
          {
            "filters": {
              "any_of": [
                {
                  "test": "has_biome_tag",
                  "value": "desert"
                },
                {
                  "test": "has_biome_tag",
                  "value": "mesa"
                }
              ]
            },
            "add": {
              "component_groups": [
                "desert_pillager"
              ]
            }
          },
          {
            "filters": {
              "test": "has_biome_tag",
              "value": "jungle"
            },
            "add": {
              "component_groups": [
                "jungle_pillager"
              ]
            }
          },
          {
            "filters": {
              "test": "has_biome_tag",
              "value": "savanna"
            },
            "add": {
              "component_groups": [
                "savanna_pillager"
              ]
            }
          },
          {
            "filters": {
              "any_of": [
                {
                  "all_of": [
                    {
                      "test": "has_biome_tag",
                      "value": "cold"
                    },
                    {
                      "test": "has_biome_tag",
                      "operator": "!\u003d",
                      "value": "ocean"
                    }
                  ]
                },
                {
                  "test": "has_biome_tag",
                  "value": "frozen"
                }
              ]
            },
            "add": {
              "component_groups": [
                "snow_pillager"
              ]
            }
          },
          {
            "filters": {
              "test": "has_biome_tag",
              "value": "swamp"
            },
            "add": {
              "component_groups": [
                "swamp_pillager"
              ]
            }
          },
          {
            "filters": {
              "all_of": [
                {
                  "any_of": [
                    {
                      "test": "has_biome_tag",
                      "value": "taiga"
                    },
                    {
                      "test": "has_biome_tag",
                      "value": "extreme_hills"
                    }
                  ]
                },
                {
                  "test": "has_biome_tag",
                  "operator": "!\u003d",
                  "value": "cold"
                }
              ]
            },
            "add": {
              "component_groups": [
                "taiga_pillager"
              ]
            }
          }
        ]
      },
      "minecraft:promote_to_patrol_captain": {
        "sequence": [
          {
            "add": {
              "component_groups": [
                "minecraft:announcer_calm",
                "minecraft:melee_attack",
                "minecraft:patrol_captain"
              ]
            },
            "remove": {
              "component_groups": [
                "minecraft:patrol_follower",
                "go_back_to_spawn",
                "minecraft:squad_captain_protector"
              ]
            }
          },
          {
            "filters": {
              "any_of": [
                {
                  "test": "has_biome_tag",
                  "value": "desert"
                },
                {
                  "test": "has_biome_tag",
                  "value": "mesa"
                }
              ]
            },
            "add": {
              "component_groups": [
                "desert_pillager"
              ]
            }
          },
          {
            "filters": {
              "test": "has_biome_tag",
              "value": "jungle"
            },
            "add": {
              "component_groups": [
                "jungle_pillager"
              ]
            }
          },
          {
            "filters": {
              "test": "has_biome_tag",
              "value": "savanna"
            },
            "add": {
              "component_groups": [
                "savanna_pillager"
              ]
            }
          },
          {
            "filters": {
              "any_of": [
                {
                  "all_of": [
                    {
                      "test": "has_biome_tag",
                      "value": "cold"
                    },
                    {
                      "test": "has_biome_tag",
                      "operator": "!\u003d",
                      "value": "ocean"
                    }
                  ]
                },
                {
                  "test": "has_biome_tag",
                  "value": "frozen"
                }
              ]
            },
            "add": {
              "component_groups": [
                "snow_pillager"
              ]
            }
          },
          {
            "filters": {
              "test": "has_biome_tag",
              "value": "swamp"
            },
            "add": {
              "component_groups": [
                "swamp_pillager"
              ]
            }
          },
          {
            "filters": {
              "all_of": [
                {
                  "any_of": [
                    {
                      "test": "has_biome_tag",
                      "value": "taiga"
                    },
                    {
                      "test": "has_biome_tag",
                      "value": "extreme_hills"
                    }
                  ]
                },
                {
                  "test": "has_biome_tag",
                  "operator": "!\u003d",
                  "value": "cold"
                }
              ]
            },
            "add": {
              "component_groups": [
                "taiga_pillager"
              ]
            }
          }
        ]
      },
      "minecraft:flag_on_raid": {
        "sequence": [
          {
            "add": {
              "component_groups": [
                "minecraft:raid_configuration",
                "minecraft:announcer_calm",
                "minecraft:melee_attack",
                "minecraft:flag_user"
              ]
            },
            "remove": {
              "component_groups": [
                "minecraft:squad_captain_protector",
                "go_back_to_spawn"
              ]
            }
          },
          {
            "filters": {
              "any_of": [
                {
                  "test": "has_biome_tag",
                  "value": "desert"
                },
                {
                  "test": "has_biome_tag",
                  "value": "mesa"
                }
              ]
            },
            "add": {
              "component_groups": [
                "desert_pillager"
              ]
            }
          },
          {
            "filters": {
              "test": "has_biome_tag",
              "value": "jungle"
            },
            "add": {
              "component_groups": [
                "jungle_pillager"
              ]
            }
          },
          {
            "filters": {
              "test": "has_biome_tag",
              "value": "savanna"
            },
            "add": {
              "component_groups": [
                "savanna_pillager"
              ]
            }
          },
          {
            "filters": {
              "any_of": [
                {
                  "all_of": [
                    {
                      "test": "has_biome_tag",
                      "value": "cold"
                    },
                    {
                      "test": "has_biome_tag",
                      "operator": "!\u003d",
                      "value": "ocean"
                    }
                  ]
                },
                {
                  "test": "has_biome_tag",
                  "value": "frozen"
                }
              ]
            },
            "add": {
              "component_groups": [
                "snow_pillager"
              ]
            }
          },
          {
            "filters": {
              "test": "has_biome_tag",
              "value": "swamp"
            },
            "add": {
              "component_groups": [
                "swamp_pillager"
              ]
            }
          },
          {
            "filters": {
              "all_of": [
                {
                  "any_of": [
                    {
                      "test": "has_biome_tag",
                      "value": "taiga"
                    },
                    {
                      "test": "has_biome_tag",
                      "value": "extreme_hills"
                    }
                  ]
                },
                {
                  "test": "has_biome_tag",
                  "operator": "!\u003d",
                  "value": "cold"
                }
              ]
            },
            "add": {
              "component_groups": [
                "taiga_pillager"
              ]
            }
          }
        ]
      },
      "on_tame": {
        "add": {
          "component_groups": [
            "tame",
            "barter",
            "minecraft:admire_barter"
          ]
        },
        "remove": {
          "component_groups": [
            "wild"
          ]
        }
      },
      "minecraft:on_summon": {
        "add": {
          "component_groups": [
            "minecraft:horn_summon"
          ]
        },
        "remove": {
          "component_groups": [
            "minecraft:countdown_to_summon",
            "minecraft:melee_attack"
          ]
        },
        "run_command": {
          "command": [
            "replaceitem entity @s slot.weapon.offhand 0 air"
          ]
        }
      },
      "minecraft:remove_summon": {
        "remove": {
          "component_groups": [
            "minecraft:horn_summon"
          ]
        },
        "add": {
          "component_groups": [
            "minecraft:countdown_to_summon",
            "minecraft:melee_attack"
          ]
        },
        "run_command": {
          "command": [
            "replaceitem entity @s slot.weapon.offhand 0 legacy:illager_horn"
          ]
        }
      },
      "minecraft:horn_attack": {
        "remove": {
          "component_groups": [
            "minecraft:ranged_attack",
            "minecraft:spear_melee_attack",
            "minecraft:bow_ranged_attack"
          ]
        },
        "add": {
          "component_groups": [
            "minecraft:horn_summon"
          ]
        }
      },
      "minecraft:melee_mode": {
        "remove": {
          "component_groups": [
            "minecraft:ranged_attack",
            "minecraft:spear_melee_attack",
            "minecraft:bow_ranged_attack",
            "minecraft:horn_summon"
          ]
        },
        "add": {
          "component_groups": [
            "minecraft:melee_attack"
          ]
        }
      },
      "minecraft:ranged_mode": {
        "remove": {
          "component_groups": [
            "minecraft:melee_attack",
            "minecraft:spear_melee_attack",
            "minecraft:bow_ranged_attack",
            "minecraft:horn_summon"
          ]
        },
        "add": {
          "component_groups": [
            "minecraft:ranged_attack"
          ]
        }
      },
      "minecraft:bow_ranged_mode": {
        "remove": {
          "component_groups": [
            "minecraft:melee_attack",
            "minecraft:spear_melee_attack",
            "minecraft:melee_attack",
            "minecraft:horn_summon"
          ]
        },
        "add": {
          "component_groups": [
            "minecraft:bow_ranged_attack"
          ]
        }
      },
      "minecraft:spear_melee_mode": {
        "remove": {
          "component_groups": [
            "minecraft:melee_attack",
            "minecraft:ranged_attack",
            "minecraft:bow_ranged_attack",
            "minecraft:horn_summon"
          ]
        },
        "add": {
          "component_groups": [
            "minecraft:spear_melee_attack"
          ]
        }
      },
      "minecraft:start_celebrating": {
        "add": {
          "component_groups": [
            "minecraft:celebrate"
          ]
        }
      },
      "minecraft:stop_celebrating": {
        "remove": {
          "component_groups": [
            "minecraft:celebrate"
          ]
        }
      },
      "minecraft:calm": {
        "remove": {
          "component_groups": [
            "minecraft:melee_attack",
            "minecraft:ranged_attack"
          ]
        }
      },
      "go_back_to_spawn_failed": {
        "remove": {
          "component_groups": [
            "go_back_to_spawn"
          ]
        }
      },
      "minecraft:attack_sensor": {
        "add": {
          "component_groups": [
            "minecraft:attack_sensor"
          ]
        }
      },
      "admire_item_started_event": {
        "remove": {
          "component_groups": [
            "barter"
          ]
        }
      },
      "admire_item_stopped_event": {
        "add": {
          "component_groups": [
            "barter"
          ]
        }
      },
      "minecraft:give_regeneration_illager": {
        "add": {
          "component_groups": [
            "regeneration"
          ]
        }
      },
      "minecraft:on_calm": {
        "remove": {
          "component_groups": [
            "minecraft:announcer_angry",
            "minecraft:countdown_to_summon",
            "minecraft:horn_summon"
          ]
        },
        "add": {
          "component_groups": [
            "minecraft:announcer_calm"
          ]
        }
      },
      "minecraft:become_angry": {
        "add": {
          "component_groups": [
            "minecraft:announcer_angry",
            "minecraft:countdown_to_summon"
          ]
        }
      },
      "minecraft:trigger_raid": {
        "add": {
          "component_groups": [ "minecraft:raid_trigger" ]
        }
      }
    }
  }
}