{
  "format_version": "1.16.0",
  "minecraft:entity": {
    "description": {
      "identifier": "legacy:healer_villager",
      "is_spawnable": true,
      "is_summonable": true,
      "is_experimental": false
    },
    "component_groups": {
      "minecraft:spawn_on_village": {
        "minecraft:preferred_path": {
          "max_fall_blocks": 1,
          "jump_cost": 20,
          "default_block_cost": 3,
          "preferred_path_blocks": [
            {
              "cost": 0,
              "blocks": [
                "grass_path"
              ]
            },
            {
              "cost": 1,
              "blocks": [
                "cobblestone",
                "stone",
                "stonebrick",
                "sandstone",
                "mossy_cobblestone",
                "stone_slab",
                "stone_slab2",
                "stone_slab3",
                "stone_slab4",
                "double_stone_slab",
                "double_stone_slab2",
                "double_stone_slab3",
                "double_stone_slab4",
                "wooden_slab",
                "double_wooden_slab",
                "planks",
                "brick_block",
                "nether_brick",
                "red_nether_brick",
                "end_bricks",
                "red_sandstone",
                "stained_glass",
                "glass",
                "glowstone",
                "prismarine",
                "emerald_block",
                "diamond_block",
                "lapis_block",
                "gold_block",
                "redstone_block",
                "purple_glazed_terracotta",
                "white_glazed_terracotta",
                "orange_glazed_terracotta",
                "magenta_glazed_terracotta",
                "light_blue_glazed_terracotta",
                "yellow_glazed_terracotta",
                "lime_glazed_terracotta",
                "pink_glazed_terracotta",
                "gray_glazed_terracotta",
                "silver_glazed_terracotta",
                "cyan_glazed_terracotta",
                "blue_glazed_terracotta",
                "brown_glazed_terracotta",
                "green_glazed_terracotta",
                "red_glazed_terracotta",
                "black_glazed_terracotta"
              ]
            },
            {
              "cost": 50,
              "blocks": [
                "bed",
                "lectern",
                "composter",
                "grindstone",
                "blast_furnace",
                "smoker",
                "fletching_table",
                "cartography_table",
                "brewing_stand",
                "smithing_table",
                "cauldron",
                "barrel",
                "loom",
                "stonecutter"
              ]
            }
          ]
        },
        "minecraft:behavior.explore_outskirts": {
          "priority": 5,
          "explore_dist": 7,
          "speed_multiplier": 0.5,
          "wait_time": 30
        },
        "minecraft:behavior.move_to_village": {
          "priority": 6,
          "speed_multiplier": 0.7
        },
        "minecraft:behavior.move_through_village": {
          "priority": 3,
          "speed_multiplier": 0.7,
          "only_at_night": true
        },
        "minecraft:pushable": {
          "is_pushable": true,
          "is_pushable_by_piston": true
        }
      },
      "wild": {
        "minecraft:tameable": {
          "probability": 1,
          "tame_items": [
            "legacy:contract"
          ],
          "tame_event": {
            "event": "on_tame",
            "target": "self"
          }
        }
      },
      "tame": {
        "minecraft:is_tamed": {},
        "minecraft:sittable": {},
        "minecraft:type_family": {
          "family": [
            "player",
            "villager",
            "guards",
            "mob"
          ]
        },
        "minecraft:behavior.owner_hurt_target": {
          "priority": 2,
          "entity_types": [
            {
              "filters": {
                "all_of": [
                  {
                    "test": "is_family",
                    "subject": "other",
                    "operator": "!\u003d",
                    "value": "villager"
                  },
                  {
                    "test": "is_family",
                    "subject": "other",
                    "operator": "!\u003d",
                    "value": "creeper"
                  },
                  {
                    "test": "has_component",
                    "subject": "other",
                    "operator": "!\u003d",
                    "value": "minecraft:is_tamed"
                  }
                ]
              }
            }
          ]
        },
        "minecraft:behavior.owner_hurt_by_target": {
          "priority": 1,
          "entity_types": [
            {
              "filters": {
                "all_of": [
                  {
                    "test": "is_family",
                    "subject": "other",
                    "operator": "!\u003d",
                    "value": "villager"
                  },
                  {
                    "test": "is_family",
                    "subject": "other",
                    "operator": "!\u003d",
                    "value": "creeper"
                  }
                ]
              }
            }
          ]
        },
        "minecraft:behavior.follow_owner": {
          "priority": 3,
          "speed_multiplier": 0.7,
          "start_distance": 6,
          "stop_distance": 3
        },
        "minecraft:behavior.random_stroll": {
          "priority": 8,
          "speed_multiplier": 0.5,
          "interval": 15
        }
      },
      "regeneration": {
        "minecraft:spell_effects": {
          "add_effects": [
            {
              "effect": "regeneration",
              "amplifier": 2,
              "visible": 1,
              "ambient": false,
              "duration": 30
            }
          ]
        }
      }
    },
    "components": {
      "minecraft:type_family": {
        "family": [
          "iron_golem",
          "mob",
          "guards",
          "villager"
        ]
      },
      "minecraft:breathable": {
        "totalSupply": 15,
        "suffocateTime": 0
      },
      "minecraft:nameable": {
        "alwaysShow": false,
        "allowNameTagRenaming": false
      },
      "minecraft:loot": {
        "table": "loot_tables/entities/evocation_illager.json"
      },
      "minecraft:dweller": {
        "dwelling_type": "village",
        "dweller_role": "defender",
        "update_interval_base": 60,
        "update_interval_variant": 40,
        "can_find_poi": true,
        "can_migrate": true,
        "first_founding_reward": 15
      },
      "minecraft:health": {
        "value": 27,
        "max": 27
      },
      "minecraft:collision_box": {
        "height": 1.9,
        "width": 0.6
      },
      "minecraft:movement": {
        "value": 0.5
      },
      "minecraft:navigation.walk": {
        "can_path_over_water": true,
        "can_pass_doors": true,
        "can_open_doors": true,
        "avoid_water": true
      },
      "minecraft:annotation.open_door": {
      },
      "minecraft:movement.basic": {},
      "minecraft:jump.static": {},
      "minecraft:can_climb": {},
      "minecraft:behavior.float": {
        "priority": 0
      },
      "minecraft:damage_sensor": {
        "triggers": [
          {
            "on_damage": {
              "filters": [
                {
                  "test": "is_family",
                  "subject": "other",
                  "value": "villager"
                }
              ]
            },
            "deals_damage": false
          }
        ]
      },
      "minecraft:behavior.send_event": {
        "priority": 3,
        "event_choices": [
          {
            "min_activation_range": 0.0,
            "max_activation_range": 16.0,
            "cooldown_time": 7.0,
            "cast_duration": 4.0,
            "particle_color": "#FF86EC",
            "weight": 3,
            "filters": {
              "any_of": [
                {
                  "all_of": [
                    {
                      "test": "is_family",
                      "subject": "other",
                      "value": "villager"
                    },
                    {
                      "test": "has_mob_effect",
                      "subject": "other",
                      "operator": "!\u003d",
                      "value": "regeneration"
                    },
                    {
                      "test": "is_missing_health",
                      "subject": "other",
                      "operator": "==",
                      "value": true
                    }
                  ]
                },
                {
                  "all_of": [
                    {
                      "test": "is_family",
                      "subject": "other",
                      "value": "player"
                    },
                    {
                      "test": "has_mob_effect",
                      "subject": "other",
                      "operator": "!\u003d",
                      "value": "regeneration"
                    },
                    {
                      "test": "is_missing_health",
                      "subject": "other",
                      "operator": "==",
                      "value": true
                    }
                  ]
                }
              ]
            },
            "start_sound_event": "cast.spell",
            "sequence": [
              {
                "base_delay": 4.0,
                "event": "minecraft:give_regeneration_villager",
                "sound_event": "prepare.wololo"
              }
            ]
          }
        ]
      },
      "minecraft:behavior.avoid_mob_type": {
        "priority": 5,
        "entity_types": [
          {
            "filters": {
              "any_of": [
                {
                  "test": "is_family",
                  "subject": "other",
                  "value": "zombie"
                },
                {
                  "test": "is_family",
                  "subject": "other",
                  "value": "zombie_villager"
                },
                {
                  "test": "is_family",
                  "subject": "other",
                  "value": "zombie_pigman"
                },
                {
                  "test": "is_family",
                  "subject": "other",
                  "value": "illager"
                },
                {
                  "test": "is_family",
                  "subject": "other",
                  "value": "vex"
                }
              ]
            },
            "max_dist": 8,
            "walk_speed_multiplier": 0.6,
            "sprint_speed_multiplier": 0.8
          }
        ]
      },
      "minecraft:behavior.random_stroll": {
        "priority": 8,
        "speed_multiplier": 0.6
      },
      "minecraft:behavior.look_at_player": {
        "priority": 9,
        "look_distance": 8.0,
        "probability": 1.0
      },
      "minecraft:behavior.look_at_entity": {
        "priority": 10,
        "look_distance": 8.0,
        "filters": {
          "test": "is_family",
          "subject": "other",
          "value": "mob"
        }
      },
      "minecraft:behavior.hurt_by_target": {
        "priority": 1,
        "entity_types": {
          "filters": {
            "test": "is_family",
            "subject": "other",
            "operator": "!\u003d",
            "value": "villager"
          },
          "max_dist": 64
        }
      },
      "minecraft:angry": {
        "duration": 30,
        "broadcast_anger": true,
        "broadcast_anger_on_attack": true,
        "broadcast_anger_on_being_attacked": true,
        "broadcast_range": 16,
        "broadcast_targets": [
			"villager"
        ]
      },
      "minecraft:physics": {},
      "minecraft:follow_range": {
        "value": 64
      },
      "minecraft:experience_reward": {
        "on_death": "query.last_hit_by_player ? 10 : 0"
      },
      "minecraft:underwater_movement": {
        "value": 0.02
      },
      "minecraft:scale": {
        "value": 1
      },
      "minecraft:behavior.owner_hurt_by_target": {
        "priority": 1
      },
      "minecraft:behavior.owner_hurt_target": {
        "priority": 2
      },
      "minecraft:pushable": {
        "is_pushable": true,
        "is_pushable_by_piston": true
      },
      "minecraft:equip_item": {}
    },
    "events": {
      "minecraft:spawn_on_village": {
        "add": {
          "component_groups": [
            "minecraft:spawn_on_village",
            "wild"
          ]
        }
      },
      "minecraft:entity_transformed": {
        "add": {
          "component_groups": [
            "minecraft:spawn_on_village",
            "wild"
          ]
        }
      },
      "minecraft:entity_spawned": {
        "add": {
          "component_groups": [
            "wild"
          ]
        }
      },
      "on_tame": {
        "add": {
          "component_groups": [
            "tame"
          ]
        },
        "remove": {
          "component_groups": [
            "wild"
          ]
        }
      },
      "minecraft:give_regeneration_villager": {
        "add": {
          "component_groups": [
            "regeneration"
          ]
        }
      }
    }
  }
}