{
  "format_version": "1.16.0",
  "minecraft:entity": {
    "description": {
      "identifier": "legacy:knight_villager_iron",
      "is_spawnable": false,
      "is_summonable": true,
      "is_experimental": false,
      "runtime_identifier": "minecraft:pillager"
    },
    "component_groups": {
      "minecraft:celebrate": {
        "minecraft:behavior.celebrate": {
          "priority": 5,
          "celebration_sound": "celebrate",
          "sound_interval": {
            "range_min": 2.0,
            "range_max": 7.0
          },
          "jump_interval": {
            "range_min": 1.0,
            "range_max": 3.5
          },
          "duration": 30.0,
          "on_celebration_end_event": {
            "event": "minecraft:stop_celebrating",
            "target": "self"
          }
        }
      },
      "gold": {
        "minecraft:transformation": {
          "into": "legacy:knight_villager_gold",
          "keep_owner": true,
          "keep_level": true,
          "delay": 0.1
        }
      },
      "wild": {
        "minecraft:tameable": {
          "probability": 1,
          "tame_items": [
            "legacy:contract"
          ],
          "tame_event": {
            "event": "on_tame",
            "target": "self"
          }
        }
      },
      "tame": {
        "minecraft:is_tamed": {},
        "minecraft:sittable": {},
        "minecraft:movement": {
          "value": 0.35
        },
        "minecraft:behavior.nearest_attackable_target": {
          "priority": 2,
          "must_see": true,
          "reselect_targets": true,
          "within_radius": 18.0,
          "entity_types": [
            {
              "filters": {
                "all_of": [
                  {
                    "test": "is_family",
                    "subject": "other",
                    "value": "undead"
                  },
                  {
                    "test": "is_underwater",
                    "subject": "other",
                    "value": false
                  }
                ]
              },
              "max_dist": 24
            },
            {
              "filters": {
                "all_of": [
                  {
                    "test": "is_family",
                    "subject": "other",
                    "value": "monster"
                  },
                  {
                    "test": "is_family",
                    "subject": "other",
                    "operator": "!\u003d",
                    "value": "creeper"
                  },
                  {
                    "test": "is_underwater",
                    "subject": "other",
                    "value": false
                  }
                ]
              },
              "max_dist": 24
            },
            {
              "filters": {
                "all_of": [
                  {
                    "test": "is_family",
                    "subject": "other",
                    "value": "illager"
                  },
                  {
                    "test": "has_component",
                    "subject": "other",
                    "operator": "!\u003d",
                    "value": "minecraft:is_baby"
                  }
                ]
              },
              "max_dist": 15
            }
          ]
        },
        "minecraft:type_family": {
          "family": [
            "player",
            "villager",
            "high_platinum_level"
          ]
        },
        "minecraft:behavior.owner_hurt_target": {
          "priority": 2,
          "entity_types": [
            {
              "filters": {
                "all_of": [
                  {
                    "test": "is_family",
                    "subject": "other",
                    "operator": "!\u003d",
                    "value": "villager"
                  },
                  {
                    "test": "is_family",
                    "subject": "other",
                    "operator": "!\u003d",
                    "value": "creeper"
                  },
                  {
                    "test": "has_component",
                    "subject": "other",
                    "operator": "!\u003d",
                    "value": "minecraft:is_tamed"
                  }
                ]
              }
            }
          ]
        },
        "minecraft:behavior.owner_hurt_by_target": {
          "priority": 1,
          "entity_types": [
            {
              "filters": {
                "all_of": [
                  {
                    "test": "is_family",
                    "subject": "other",
                    "operator": "!\u003d",
                    "value": "villager"
                  },
                  {
                    "test": "is_family",
                    "subject": "other",
                    "operator": "!\u003d",
                    "value": "creeper"
                  }
                ]
              }
            }
          ]
        },
        "minecraft:behavior.follow_owner": {
          "priority": 3,
          "speed_multiplier": 1.0,
          "start_distance": 6,
          "stop_distance": 3
        },
        "minecraft:behavior.random_stroll": {
          "priority": 8,
          "speed_multiplier": 0.75,
          "interval": 15
        }
      },
      "upgrade": {
        "minecraft:interact": {
          "interactions": [
            {
              "on_interact": {
                "filters": {
                  "all_of": [
                    {
                      "test": "has_equipment",
                      "subject": "other",
                      "domain": "hand",
                      "value": "legacy:contract_strength_level_1"
                    },
                    {
                      "test": "is_family",
                      "subject": "other",
                      "value": "player"
                    },
                    {
                      "test": "is_family",
                      "subject": "other",
                      "operator": "!\u003d",
                      "value": "low_platinum_level"
                    },
                    {
                      "test": "is_family",
                      "subject": "other",
                      "operator": "!\u003d",
                      "value": "gold_level"
                    },
                    {
                      "test": "is_family",
                      "subject": "other",
                      "operator": "!\u003d",
                      "value": "diamond_level"
                    }
                  ]
                },
                "event": "upgraded_gold",
                "target": "self"
              },
              "swing": true,
              "particle_on_start": {
                "particle_type": "villagerhappy",
                "particle_offset_towards_interactor": false,
                "particle_y_offset": 1.25
              },
              "use_item": true,
              "interact_text": "Upgrade"
            }
          ]
        }
      },
      "interact": {
        "minecraft:interact": {
          "interactions": [
            {
              "on_interact": {
                "filters": {
                  "all_of": [
                    {
                      "test": "has_equipment",
                      "subject": "other",
                      "domain": "hand",
                      "value": "emerald"
                    },
                    {
                      "test": "is_family",
                      "subject": "other",
                      "value": "player"
                    },
                    {
                      "test": "has_component",
                      "subject": "self",
                      "operator": "!\u003d",
                      "value": "wild"
                    }
                  ]
                }
              },
              "barter": true,
              "admire": true,
              "use_item": true,
              "cooldown_after_being_attacked": 20,
              "interact_text": "action.interact.barter"
            },
            {
              "on_interact": {
                "filters": {
                  "all_of": [
                    {
                      "test": "has_equipment",
                      "subject": "other",
                      "domain": "hand",
                      "value": "iron_sword"
                    },
                    {
                      "test": "is_family",
                      "subject": "other",
                      "value": "player"
                    },
                    {
                      "test": "has_component",
                      "subject": "self",
                      "operator": "!\u003d",
                      "value": "wild"
                    },
                    {
                      "test": "has_component",
                      "subject": "self",
                      "operator": "!\u003d",
                      "value": "minecraft:melee_unit"
                    }
                  ]
                },
                "event": "minecraft:melee_unit",
                "target": "self"
              },
              "swing": true,
              "particle_on_start": {
                "particle_type": "villagerhappy",
                "particle_offset_towards_interactor": false,
                "particle_y_offset": 1.25
              },
              "use_item": true,
              "interact_text": "Melee Unit"
            },
            {
              "on_interact": {
                "filters": {
                  "all_of": [
                    {
                      "test": "has_equipment",
                      "subject": "other",
                      "domain": "hand",
                      "value": "bow"
                    },
                    {
                      "test": "is_family",
                      "subject": "other",
                      "value": "player"
                    },
                    {
                      "test": "has_component",
                      "subject": "self",
                      "operator": "!\u003d",
                      "value": "wild"
                    },
                    {
                      "test": "has_component",
                      "subject": "self",
                      "operator": "!\u003d",
                      "value": "minecraft:bow_unit"
                    }
                  ]
                },
                "event": "minecraft:bow_unit",
                "target": "self"
              },
              "swing": true,
              "particle_on_start": {
                "particle_type": "villagerhappy",
                "particle_offset_towards_interactor": false,
                "particle_y_offset": 1.25
              },
              "use_item": true,
              "interact_text": "Bow Unit"
            },
            {
              "on_interact": {
                "filters": {
                  "all_of": [
                    {
                      "test": "has_equipment",
                      "subject": "other",
                      "domain": "hand",
                      "value": "crossbow"
                    },
                    {
                      "test": "is_family",
                      "subject": "other",
                      "value": "player"
                    },
                    {
                      "test": "has_component",
                      "subject": "self",
                      "operator": "!\u003d",
                      "value": "wild"
                    },
                    {
                      "test": "has_component",
                      "subject": "self",
                      "operator": "!\u003d",
                      "value": "minecraft:crossbow_unit"
                    }
                  ]
                },
                "event": "minecraft:crossbow_unit",
                "target": "self"
              },
              "swing": true,
              "particle_on_start": {
                "particle_type": "villagerhappy",
                "particle_offset_towards_interactor": false,
                "particle_y_offset": 1.25
              },
              "use_item": true,
              "interact_text": "Crossbow Unit"
            },
            {
              "on_interact": {
                "filters": {
                  "all_of": [
                    {
                      "test": "has_equipment",
                      "subject": "other",
                      "domain": "hand",
                      "value": "legacy:glaive"
                    },
                    {
                      "test": "is_family",
                      "subject": "other",
                      "value": "player"
                    },
                    {
                      "test": "has_component",
                      "subject": "self",
                      "operator": "!\u003d",
                      "value": "wild"
                    },
                    {
                      "test": "has_component",
                      "subject": "self",
                      "operator": "!\u003d",
                      "value": "minecraft:spear_melee_unit"
                    }
                  ]
                },
                "event": "minecraft:spear_melee_unit",
                "target": "self"
              },
              "swing": true,
              "particle_on_start": {
                "particle_type": "villagerhappy",
                "particle_offset_towards_interactor": false,
                "particle_y_offset": 1.25
              },
              "use_item": true,
              "interact_text": "Spear Unit"
            }
          ]
        }
      },
      "crossbow_unit": {
        "minecraft:behavior.ranged_attack": {
          "priority": 4,
          "attack_interval_min": 1,
          "attack_interval_max": 1,
          "attack_radius_min": 4,
          "attack_radius": 9,
          "target_in_sight_time": 0.1
        },
        "minecraft:equipment": {
          "table": "loot_tables/entities/pillager_gear.json"
        },
        "minecraft:shooter": {
          "def": "minecraft:arrow"
        },
        "minecraft:variant": {
          "value": 0
        }
      },
      "melee_unit": {
        "minecraft:behavior.melee_attack": {
          "priority": 4,
          "q_multiplier": 1.2,
          "track_target": true
        },
        "minecraft:equipment": {
          "table": "loot_tables/entities/iron_knightsword_gear.json"
        },
        "minecraft:attack": {
          "damage": 5
        },
        "minecraft:variant": {
          "value": 1
        }
      },
      "bow_unit": {
        "minecraft:behavior.ranged_attack": {
          "priority": 4,
          "attack_interval_min": 1,
          "attack_interval_max": 1,
          "attack_radius_min": 4,
          "attack_radius": 9,
          "target_in_sight_time": 0.1
        },
        "minecraft:shooter": {
          "def": "minecraft:arrow"
        },
        "minecraft:equipment": {
          "table": "loot_tables/entities/bow_gear.json"
        },
        "minecraft:variant": {
          "value": 2
        }
      },
      "spear_melee_unit": {
        "minecraft:behavior.melee_attack": {
          "priority": 4,
          "speed_multiplier": 1.2,
          "track_target": true
        },
        "minecraft:attack": {
          "damage": 6
        },
        "minecraft:variant": {
          "value": 3
        },
        "minecraft:equipment": {
          "table": "loot_tables/entities/glaive_gear.json"
        }
      },
      "regeneration": {
        "minecraft:spell_effects": {
          "add_effects": [
            {
              "effect": "regeneration",
              "amplifier": 2,
              "visible": 1,
              "ambient": false,
              "duration": 30
            }
          ]
        }
      },
      "minecraft:spawn_on_village": {
        "minecraft:preferred_path": {
          "max_fall_blocks": 1,
          "jump_cost": 20,
          "default_block_cost": 3,
          "preferred_path_blocks": [
            {
              "cost": 0,
              "blocks": [
                "grass_path"
              ]
            },
            {
              "cost": 1,
              "blocks": [
                "cobblestone",
                "stone",
                "stonebrick",
                "sandstone",
                "mossy_cobblestone",
                "stone_slab",
                "stone_slab2",
                "stone_slab3",
                "stone_slab4",
                "double_stone_slab",
                "double_stone_slab2",
                "double_stone_slab3",
                "double_stone_slab4",
                "wooden_slab",
                "double_wooden_slab",
                "planks",
                "brick_block",
                "nether_brick",
                "red_nether_brick",
                "end_bricks",
                "red_sandstone",
                "stained_glass",
                "glass",
                "glowstone",
                "prismarine",
                "emerald_block",
                "diamond_block",
                "lapis_block",
                "gold_block",
                "redstone_block",
                "purple_glazed_terracotta",
                "white_glazed_terracotta",
                "orange_glazed_terracotta",
                "magenta_glazed_terracotta",
                "light_blue_glazed_terracotta",
                "yellow_glazed_terracotta",
                "lime_glazed_terracotta",
                "pink_glazed_terracotta",
                "gray_glazed_terracotta",
                "silver_glazed_terracotta",
                "cyan_glazed_terracotta",
                "blue_glazed_terracotta",
                "brown_glazed_terracotta",
                "green_glazed_terracotta",
                "red_glazed_terracotta",
                "black_glazed_terracotta"
              ]
            },
            {
              "cost": 50,
              "blocks": [
                "bed",
                "lectern",
                "composter",
                "grindstone",
                "blast_furnace",
                "smoker",
                "fletching_table",
                "cartography_table",
                "brewing_stand",
                "smithing_table",
                "cauldron",
                "barrel",
                "loom",
                "stonecutter"
              ]
            }
          ]
        },
        "minecraft:behavior.explore_outskirts": {
          "priority": 5,
          "explore_dist": 7,
          "speed_multiplier": 0.9,
          "wait_time": 30
        },
        "minecraft:behavior.move_to_village": {
          "priority": 6,
          "speed_multiplier": 1.0
        },
        "minecraft:behavior.move_through_village": {
          "priority": 3,
          "speed_multiplier": 0.6,
          "only_at_night": true
        },
        "minecraft:pushable": {
          "is_pushable": true,
          "is_pushable_by_piston": true
        },
        "minecraft:behavior.random_stroll": {
          "priority": 5,
          "speed_multiplier": 0.65
        }
      },
      "minecraft:banner_user": {
        "minecraft:variant": {
          "value": 1
        },
        "minecraft:equipment": {
          "table": "loot_tables/entities/pillager_captain_equipment.json",
          "slot_drop_chance": [
            {
              "slot": "slot.armor.chest",
              "drop_chance": 1.0
            }
          ]
        }
      },
      "minecraft:illager_squad_captain": {
        "minecraft:is_illager_captain": {},
        "minecraft:variant": {
          "value": 1
        },
        "minecraft:equipment": {
          "table": "loot_tables/entities/pillager_captain_equipment.json",
          "slot_drop_chance": [
            {
              "slot": "slot.armor.chest",
              "drop_chance": 1.0
            }
          ]
        },
        "minecraft:damage_sensor": {
          "triggers": {
            "on_damage": {
              "filters": {
                "all_of": [
                  {
                    "test": "has_damage",
                    "value": "fatal"
                  },
                  {
                    "test": "is_family",
                    "subject": "other",
                    "value": "player"
                  }
                ]
              },
              "event": "minecraft:gain_bad_omen",
              "target": "other"
            }
          }
        },
        "minecraft:on_hurt": {
          "event": "minecraft:ranged_mode",
          "target": "self"
        },
        "minecraft:on_hurt_by_player": {
          "event": "minecraft:ranged_mode",
          "target": "self"
        }
      },
      "minecraft:patrol_captain": {
        "minecraft:is_illager_captain": {},
        "minecraft:variant": {
          "value": 1
        },
        "minecraft:equipment": {
          "table": "loot_tables/entities/pillager_captain_equipment.json",
          "slot_drop_chance": [
            {
              "slot": "slot.armor.chest",
              "drop_chance": 1.0
            }
          ]
        },
        "minecraft:damage_sensor": {
          "triggers": {
            "on_damage": {
              "filters": {
                "all_of": [
                  {
                    "test": "has_damage",
                    "value": "fatal"
                  },
                  {
                    "test": "is_family",
                    "subject": "other",
                    "value": "player"
                  }
                ]
              },
              "event": "minecraft:gain_bad_omen",
              "target": "other"
            }
          }
        },
        "minecraft:on_hurt": {
          "event": "minecraft:ranged_mode",
          "target": "self"
        },
        "minecraft:on_hurt_by_player": {
          "event": "minecraft:ranged_mode",
          "target": "self"
        },
        "minecraft:on_target_escape": {
          "event": "minecraft:calm",
          "target": "self"
        },
        "minecraft:behavior.hold_ground": {
          "priority": 5,
          "min_radius": 10,
          "broadcast": true,
          "broadcast_range": 8,
          "within_radius_event": {
            "event": "minecraft:ranged_mode",
            "target": "self"
          }
        },
        "minecraft:behavior.move_to_random_block": {
          "priority": 6,
          "speed_multiplier": 0.55,
          "within_radius": 8,
          "block_distance": 512
        }
      },
      "minecraft:patrol_follower": {
        "minecraft:behavior.follow_target_captain": {
          "priority": 5,
          "speed_multiplier": 0.8,
          "within_radius": 64,
          "follow_distance": 5
        },
        "minecraft:behavior.hold_ground": {
          "priority": 6,
          "min_radius": 10,
          "broadcast": true,
          "broadcast_range": 8,
          "within_radius_event": {
            "event": "minecraft:ranged_mode",
            "target": "self"
          }
        },
        "minecraft:on_hurt": {
          "event": "minecraft:ranged_mode",
          "target": "self"
        },
        "minecraft:on_hurt_by_player": {
          "event": "minecraft:ranged_mode",
          "target": "self"
        },
        "minecraft:on_target_escape": {
          "event": "minecraft:calm",
          "target": "self"
        }
      }
    },
    "components": {
      "minecraft:is_hidden_when_invisible": {},
      "minecraft:experience_reward": {
        "on_death": "query.last_hit_by_player ? (query.is_baby ? 12 : 5) + (Math.die_roll(query.equipment_count,1,3)) : 0"
      },
      "minecraft:equip_item": {},
      "minecraft:collision_box": {
        "width": 0.6,
        "height": 1.9
      },
      "minecraft:type_family": {
        "family": [
          "villager",
          "iron_golem",
          "guards",
          "high_platinum_level",
          "mob"
        ]
      },
      "minecraft:variant": {
        "value": 1
      },
      "minecraft:breathable": {
        "total_supply": 15,
        "suffocate_time": 0
      },
      "minecraft:dweller": {
        "dwelling_type": "village",
        "dweller_role": "defender",
        "update_interval_base": 60,
        "update_interval_variant": 40,
        "can_find_poi": true,
        "can_migrate": true,
        "first_founding_reward": 15
      },
      "minecraft:health": {
        "value": 65,
        "max": 65
      },
      "minecraft:knockback_resistance": {
        "value": 0.7
      },
      "minecraft:environment_sensor": {
        "triggers": [
          {
            "filters": {
              "test": "has_mob_effect",
              "subject": "other",
              "operator": "\u003d\u003d",
              "value": "village_hero"
            },
            "event": "minecraft:start_celebrating",
            "target": "self"
          }
        ]
      },
      "minecraft:conditional_bandwidth_optimization": {},
      "minecraft:hurt_on_condition": {
        "damage_conditions": [
          {
            "filters": {
              "test": "in_lava",
              "subject": "self",
              "operator": "\u003d\u003d",
              "value": true
            },
            "cause": "lava",
            "damage_per_tick": 4
          }
        ]
      },
      "minecraft:loot": {
        "table": "loot_tables/entities/pillager.json"
      },
      "minecraft:shareables": {
        "items": [
          {
            "item": "minecraft:banner:15",
            "want_amount": 1,
            "surplus_amount": 1,
            "priority": 0
          }
        ]
      },
      "minecraft:movement": {
        "value": 0.35
      },
      "minecraft:navigation.walk": {
        "can_path_over_water": true,
        "can_pass_doors": true,
        "can_open_doors": true,
        "avoid_water": true
      },
      "minecraft:annotation.open_door": {
      },
      "minecraft:movement.basic": {},
      "minecraft:jump.static": {},
      "minecraft:nameable": {},
      "minecraft:equipment": {
        "table": "loot_tables/entities/pillager_gear.json"
      },
      "minecraft:behavior.float": {
        "priority": 0
      },
      "minecraft:damage_sensor": {
        "triggers": [
          {
            "on_damage": {
              "filters": [
                {
                  "test": "is_family",
                  "subject": "other",
                  "value": "villager"
                }
              ]
            },
            "deals_damage": false
          }
        ]
      },
      "minecraft:behavior.hurt_by_target": {
        "priority": 1,
        "entity_types": {
          "filters": {
            "test": "is_family",
            "subject": "other",
            "operator": "!\u003d",
            "value": "villager"
          },
          "max_dist": 64
        }
      },
      "minecraft:angry": {
        "duration": 30,
        "broadcast_anger": true,
        "broadcast_anger_on_attack": true,
        "broadcast_anger_on_being_attacked": true,
        "broadcast_range": 16,
        "broadcast_targets": [
          "villager"
        ],
        "angry_sound": "angry",
        "sound_interval": {
          "range_min": 2.0,
          "range_max": 5.0
        }
      },
      "minecraft:behavior.nearest_attackable_target": {
        "priority": 2,
        "must_see": true,
        "reselect_targets": true,
        "within_radius": 16.0,
        "entity_types": [
          {
            "filters": {
              "all_of": [
                {
                  "test": "is_family",
                  "subject": "other",
                  "value": "undead"
                },
                {
                  "test": "is_underwater",
                  "subject": "other",
                  "value": false
                }
              ]
            },
            "max_dist": 24
          },
          {
            "filters": {
              "all_of": [
                {
                  "test": "is_family",
                  "subject": "other",
                  "value": "monster"
                },
                {
                  "test": "is_family",
                  "subject": "other",
                  "operator": "!\u003d",
                  "value": "creeper"
                },
                {
                  "test": "is_underwater",
                  "subject": "other",
                  "value": false
                }
              ]
            },
            "max_dist": 24
          },
          {
            "filters": {
              "all_of": [
                {
                  "test": "is_family",
                  "subject": "other",
                  "value": "illager"
                },
                {
                  "test": "has_component",
                  "subject": "other",
                  "operator": "!\u003d",
                  "value": "minecraft:is_baby"
                }
              ]
            },
            "max_dist": 16
          }
        ]
      },
      "minecraft:behavior.equip_item": {
        "priority": 3
      },
      "minecraft:behavior.pickup_items": {
        "priority": 7,
        "max_dist": 3,
        "goal_radius": 2,
        "speed_multiplier": 1.0
      },
      "minecraft:behavior.random_stroll": {
        "priority": 8,
        "speed_multiplier": 0.65
      },
      "minecraft:behavior.look_at_player": {
        "priority": 9,
        "look_distance": 8
      },
      "minecraft:behavior.random_look_around": {
        "priority": 10
      },
      "minecraft:behavior.charge_held_item": {
        "priority": 3,
        "items": [
          "minecraft:arrow"
        ]
      },
      "minecraft:physics": {},
      "minecraft:pushable": {
        "is_pushable": true,
        "is_pushable_by_piston": true
      },
      "minecraft:follow_range": {
        "value": 64
      }
    },
    "events": {
      "minecraft:entity_spawned": {
        "sequence": [
          {
            "randomize": [
              {
                "weight": 50,
                "add": {
                  "component_groups": [
                    "wild",
                    "upgrade"
                  ]
                }
              },
              {
                "weight": 50,
                "add": {
                  "component_groups": [
                    "wild",
                    "upgrade"
                  ]
                }
              }
            ]
          },
          {
            "randomize": [
              {
                "weight": 250,
                "add": {
                  "component_groups": [
                    "melee_unit"
                  ]
                }
              },
              {
                "weight": 500,
                "add": {
                  "component_groups": [
                    "melee_unit"
                  ]
                }
              }
            ]
          }
        ]
      },
      "minecraft:spawn_on_village": {
        "sequence": [
          {
            "randomize": [
              {
                "weight": 50,
                "add": {
                  "component_groups": [
                    "wild",
                    "spawn_on_village",
                    "minecraft:spawn_on_village",
                    "upgrade"
                  ]
                }
              },
              {
                "weight": 50,
                "add": {
                  "component_groups": [
                    "wild",
                    "spawn_on_village",
                    "minecraft:spawn_on_village",
                    "upgrade"
                  ]
                }
              }
            ]
          },
          {
            "randomize": [
              {
                "weight": 250,
                "add": {
                  "component_groups": [
                    "melee_unit"
                  ]
                }
              },
              {
                "weight": 500,
                "add": {
                  "component_groups": [
                    "melee_unit"
                  ]
                }
              }
            ]
          }
        ]
      },
      "minecraft:entity_transformed": {
        "sequence": [
          {
            "randomize": [
              {
                "weight": 50,
                "add": {
                  "component_groups": [
                    "wild",
                    "spawn_on_village",
                    "minecraft:spawn_on_village",
                    "upgrade"
                  ]
                }
              },
              {
                "weight": 50,
                "add": {
                  "component_groups": [
                    "wild",
                    "spawn_on_village",
                    "minecraft:spawn_on_village",
                    "upgrade"
                  ]
                }
              }
            ]
          },
          {
            "randomize": [
              {
                "weight": 250,
                "add": {
                  "component_groups": [
                    "melee_unit"
                  ]
                }
              },
              {
                "weight": 500,
                "add": {
                  "component_groups": [
                    "melee_unit"
                  ]
                }
              }
            ]
          }
        ]
      },
      "minecraft:spawn_as_patrol_follower": {
        "sequence": [
          {
            "randomize": [
              {
                "weight": 50,
                "add": {
                  "component_groups": [
                    "minecraft:patrol_follower",
                    "upgrade"
                  ]
                }
              },
              {
                "weight": 50,
                "add": {
                  "component_groups": [
                    "minecraft:patrol_follower"
                  ]
                }
              }
            ]
          }
        ]
      },
      "minecraft:promote_to_illager_captain": {
        "add": {
          "component_groups": [
            "minecraft:illager_squad_captain"
          ]
        },
        "remove": {
          "component_groups": [
            "minecraft:patrol_follower"
          ]
        }
      },
      "minecraft:promote_to_patrol_captain": {
        "add": {
          "component_groups": [
            "minecraft:patrol_captain"
          ]
        },
        "remove": {
          "component_groups": [
            "minecraft:patrol_follower"
          ]
        }
      },
      "on_tame": {
        "add": {
          "component_groups": [
            "tame",
            "interact"
          ]
        },
        "remove": {
          "component_groups": [
            "wild"
          ]
        }
      },
      "minecraft:melee_unit": {
        "remove": {
          "component_groups": [
            "crossbow_unit",
            "bow_unit"
          ]
        },
        "add": {
          "component_groups": [
            "melee_unit"
          ]
        }
      },
      "minecraft:crossbow_unit": {
        "remove": {
          "component_groups": [
            "melee_unit",
            "bow_unit"
          ]
        },
        "add": {
          "component_groups": [
            "crossbow_unit"
          ]
        }
      },
      "minecraft:bow_unit": {
        "remove": {
          "component_groups": [
            "melee_unit",
            "crossbow_unit"
          ]
        },
        "add": {
          "component_groups": [
            "bow_unit"
          ]
        }
      },
      "minecraft:spear_melee_unit": {
        "remove": {
          "component_groups": [
            "crossbow_unit",
            "melee_unit",
            "bow_unit"
          ]
        },
        "add": {
          "component_groups": [
            "spear_melee_unit"
          ]
        }
      },
      "minecraft:melee_mode": {
        "remove": {
          "component_groups": [
            "crossbow_unit",
            "spear_melee_unit",
            "bow_unit"
          ]
        },
        "add": {
          "component_groups": [
            "melee_unit"
          ]
        }
      },
      "minecraft:ranged_mode": {
        "remove": {
          "component_groups": [
            "melee_unit",
            "spear_melee_unit",
            "bow_unit"
          ]
        },
        "add": {
          "component_groups": [
            "crossbow_unit"
          ]
        }
      },
      "minecraft:bow_ranged_mode": {
        "remove": {
          "component_groups": [
            "melee_unit",
            "spear_melee_unit",
            "crossbow_unit"
          ]
        },
        "add": {
          "component_groups": [
            "bow_unit"
          ]
        }
      },
      "minecraft:spear_melee_mode": {
        "remove": {
          "component_groups": [
            "crossbow_unit",
            "melee_unit",
            "bow_unit"
          ]
        },
        "add": {
          "component_groups": [
            "spear_melee_unit"
          ]
        }
      },
      "upgraded_gold": {
        "add": {
          "component_groups": [
            "gold"
          ]
        },
        "run_command": {
          "command": [
            "playsound mob.villager.yes @r ~~~",
            "playsound armor.equip_iron @r ~~~"
          ]
        }
      },
      "minecraft:start_celebrating": {
        "add": {
          "component_groups": [
            "minecraft:celebrate"
          ]
        }
      },
      "minecraft:stop_celebrating": {
        "remove": {
          "component_groups": [
            "minecraft:celebrate"
          ]
        }
      },
      "minecraft:calm": {
        "remove": {
          "component_groups": [
            "melee_unit",
            "crossbow_unit"
          ]
        }
      },
      "minecraft:give_regeneration_villager": {
        "add": {
          "component_groups": [
            "regeneration"
          ]
        }
      }
    }
  }
}