{
  "format_version": "1.16.0",
  "minecraft:entity": {
    "description": {
      "identifier": "legacy:traveler_nitwit",
      "is_spawnable": true,
      "is_summonable": true,
      "is_experimental": false,
      "runtime_identifier": "minecraft:wandering_trader"
    },
    "component_groups": {
      "managed": {
        "minecraft:managed_wandering_trader": {}
      },
      "despawning": {
        "minecraft:type_family": {
          "family": [
            "wandering_trader",
            "wandering_trader_despawning"
          ]
        }
      },
      "regeneration": {
        "minecraft:spell_effects": {
          "add_effects": [
            {
              "effect": "regeneration",
              "amplifier": 2,
              "visible": 1,
              "ambient": false,
              "duration": 30
            }
          ]
        }
      },
      "minecraft:scared": {
        "minecraft:angry": {
          "duration": 5,
          "broadcastAnger": true,
          "broadcastRange": 10,
          "broadcast_targets": [
            "llama"
          ],
          "broadcast_filters": { "test": "is_leashed_to", "subject": "other", "value": true },
          "calm_event": {
            "event": "minecraft:become_calm",
            "target": "self"
          }
        }
      },
      "minecraft:spawn_llama": {
        "minecraft:spawn_entity": {
          "entities": [
            {
              "min_wait_time": 0,
              "max_wait_time": 0,
              "spawn_entity": "minecraft:llama",
              "spawn_event": "minecraft:from_wandering_trader",
              "single_use": true,
              "num_to_spawn": 3,
              "should_leash": true
            }
          ]
        }
      }
    },
    "components": {
      "minecraft:type_family": {
        "family": [
          "wandering_trader",
          "villager",
          "mob"
        ]
      },
      "minecraft:is_hidden_when_invisible": {},
      "minecraft:timer": {
        "looping": false,
        "random_time_choices": [
          {
            "weight": 50,
            "value": 2400
          },
          {
            "weight": 50,
            "value": 3600
          }
        ],
        "time_down_event": {
          "event": "minecraft:start_despawn",
          "target": "self"
        }
      },
      "minecraft:economy_trade_table": {
        "display_name": "entity.legacy:traveler_nitwit.name",
        "table": "trading/economy_trades/wandering_trader_trades.json",
        "new_screen": true
      },
      "minecraft:breathable": {
        "totalSupply": 15,
        "suffocateTime": 0
      },
      "minecraft:health": {
        "value": 27,
        "max": 27
      },
      "minecraft:collision_box": {
        "height": 1.8,
        "width": 0.6
      },
      "minecraft:movement": {
        "value": 0.5
      },
      "minecraft:navigation.walk": {
        "can_path_over_water": true,
        "can_pass_doors": true,
        "can_open_doors": true,
        "avoid_water": true
      },
      "minecraft:annotation.open_door": {
      },
      "minecraft:movement.basic": {},
      "minecraft:jump.static": {},
      "minecraft:can_climb": {},
      "minecraft:behavior.float": {
        "priority": 0
      },
      "minecraft:despawn": {
        "remove_child_entities": true,
        "filters": {
          "all_of": [
            {
              "any_of": [
                {
                  "test": "is_family",
                  "subject": "self",
                  "value": "wandering_trader_despawning"
                },
                {
                  "test": "has_trade_supply",
                  "subject": "self",
                  "value": false
                }
              ]
            },
            {
              "test": "distance_to_nearest_player",
              "operator": ">",
              "value": 24
            }
          ]
        }
      },
      "minecraft:damage_sensor": [
        {
          "cause": "entity_attack",
          "deals_damage": true,
          "on_damage": {
            "filters": {
              "test": "is_family",
              "subject": "other",
              "operator": "!=",
              "value": "player"
            },
            "event": "minecraft:become_scared"
          }
        },
        {
          "cause": "projectile",
          "deals_damage": true,
          "on_damage": {
            "filters": {
              "test": "is_family",
              "subject": "other",
              "operator": "!=",
              "value": "player"
            },
            "event": "minecraft:become_scared"
          }
        },
        {
          "cause": "magic",
          "deals_damage": true,
          "on_damage": {
            "filters": {
              "test": "is_family",
              "subject": "other",
              "operator": "!=",
              "value": "player"
            },
            "event": "minecraft:become_scared"
          }
        },
        {
          "deals_damage": false,
          "on_damage": {
            "filters": {
              "test": "is_family",
              "subject": "other",
              "operator": "!=",
              "value": "villager"
            }
          }
        },
        {
          "deals_damage": false,
          "on_damage": {
            "filters": {
              "test": "is_family",
              "subject": "other",
              "operator": "!=",
              "value": "llama"
            }
          }
        }
      ],
      "minecraft:behavior.trade_with_player": {
        "priority": 1
      },
      "minecraft:behavior.trade_interest": {
        "priority": 3,
        "within_radius": 6.0,
        "interest_time": 45.0,
        "remove_item_time": 1.0,
        "carried_item_switch_time": 2.0,
        "cooldown": 2.0
      },
      "minecraft:behavior.look_at_trading_player": {
        "priority": 4
      },
      "minecraft:behavior.panic": {
        "priority": 1,
        "speed_multiplier": 0.6
      },
      "minecraft:behavior.drink_potion": {
        "priority": 1,
        "speed_modifier": -0.2,
        "potions": [
          {
            "id": 7,
            "chance": 1.0,
            "filters": {
              "all_of": [
                {
                  "any_of": [
                    {
                      "test": "hourly_clock_time",
                      "operator": ">=",
                      "value": 18000
                    },
                    {
                      "test": "hourly_clock_time",
                      "operator": "<",
                      "value": 24000
                    }
                  ]
                },
                {
                  "test": "is_visible",
                  "subject": "self",
                  "value": true
                },
                {
                  "any_of": [
                    {
                      "test": "is_avoiding_mobs",
                      "subject": "self",
                      "value": true
                    },
                    {
                      "test": "has_component",
                      "subject": "self",
                      "value": "minecraft:angry"
                    }
                  ]
                }
              ]
            }
          },
          {
            "id": 8,
            "chance": 1.0,
            "filters": {
              "all_of": [
                {
                  "test": "hourly_clock_time",
                  "operator": ">=",
                  "value": 18000
                },
                {
                  "test": "hourly_clock_time",
                  "operator": "<",
                  "value": 24000
                },
                {
                  "test": "is_visible",
                  "subject": "self",
                  "value": true
                },
                {
                  "any_of": [
                    {
                      "test": "is_avoiding_mobs",
                      "subject": "self",
                      "value": true
                    },
                    {
                      "test": "has_component",
                      "subject": "self",
                      "value": "minecraft:angry"
                    }
                  ]
                }
              ]
            }
          },
          {
            "id": 29,
            "chance": 1.0,
            "filters": {
              "all_of": [
                {
                  "any_of": [
                    {
                      "test": "has_component",
                      "subject": "self",
                      "value": "minecraft:angry"
                    }
                  ]
                }
              ]
            }
          }
        ]
      },
      "minecraft:behavior.avoid_mob_type": {
        "priority": 4,
        "entity_types": [
          {
            "filters": {
              "any_of": [
                {
                  "test": "is_family",
                  "subject": "other",
                  "value": "zombie"
                },
                {
                  "test": "is_family",
                  "subject": "other",
                  "value": "zombie_villager"
                },
                {
                  "test": "is_family",
                  "subject": "other",
                  "value": "zombie_pigman"
                },
                {
                  "test": "is_family",
                  "subject": "other",
                  "value": "illager"
                },
                {
                  "test": "is_family",
                  "subject": "other",
                  "value": "vex"
                }
              ]
            },
            "max_dist": 8,
            "walk_speed_multiplier": 0.6,
            "sprint_speed_multiplier": 0.6
          }
        ]
      },
      "minecraft:behavior.restrict_open_door": {
        "priority": 5
      },
      "minecraft:behavior.open_door": {
        "priority": 6,
        "close_door_after": true
      },
      "minecraft:behavior.move_towards_restriction": {
        "priority": 7,
        "speed_multiplier": 0.6
      },
      "minecraft:behavior.look_at_player": {
        "priority": 8,
        "look_distance": 8,
        "probability": 0.02
      },
      "minecraft:behavior.random_stroll": {
        "priority": 10,
        "speed_multiplier": 0.6
      },
      "minecraft:behavior.random_look_around": {
        "priority": 9
      },
      "minecraft:physics": {},
      "minecraft:annotation.open_door": {},
      "minecraft:experience_reward": {
        "on_death": "query.last_hit_by_player ? 10 : 0"
      },
      "minecraft:underwater_movement": {
        "value": 0.02
      },
      "minecraft:scale": {
        "value": 1
      },
      "minecraft:on_target_acquired": {
        "event": "minecraft:become_scared",
        "target": "self"
      },
      "minecraft:on_target_escape": {
        "event": "minecraft:become_calm",
        "target": "self"
      },
      "minecraft:on_wake_with_owner": {
        "event": "on:wake_with_owner",
        "target": "self"
      },
      "minecraft:pushable": {
        "is_pushable": true,
        "is_pushable_by_piston": true
      },
      "minecraft:equip_item": {}
    },
    "events": {
      "minecraft:scheduled": {
        "add": {
          "component_groups": [
            "managed"
          ]
        }
      },
      "minecraft:entity_spawned": {
        "add": {
          "component_groups": [
            "minecraft:spawn_llama"
          ]
        }
      },
      "minecraft:start_despawn": {
        "add": {
          "component_groups": [
            "despawning"
          ]
        }
      },
      "minecraft:become_scared": {
        "add": {
          "component_groups": [
            "minecraft:scared",
            "attack_mode"
          ]
        }
      },
      "minecraft:become_calm": {
        "remove": {
          "component_groups": [
            "minecraft:scared"
          ]
        },
        "run_command": {
          "command": [
            "replaceitem entity @s slot.weapon.mainhand 0 air"
          ]
        }
      },
      "minecraft:give_regeneration_villager": {
        "add": {
          "component_groups": [
            "regeneration"
          ]
        }
      }
    }
  }
}