{
  "format_version": "1.8.0",
  "render_controllers": {
    "controller.render.evoker": {
      "arrays": {
        "textures": {
          "Array.biomes": [
            "Texture.default",
            "Texture.desert",
            "Texture.jungle",
            "Texture.savanna",
            "Texture.snow",
            "Texture.swamp",
            "Texture.taiga",
            "Texture.easter"
          ]
        }
      },
      "geometry": "Geometry.default",
      "materials": [
        {
          "*": "Material.biome"
        }
      ],
      "part_visibility": [
        {
          "*": true
        },
        {
          "arms": "!(query.is_casting || query.is_celebrating || query.is_admiring)"
        },
        {
          "leftarm": "query.is_casting || query.is_celebrating || query.is_admiring"
        },
        {
          "rightarm": "query.is_casting || query.is_celebrating || query.is_admiring"
        }
      ],
      "textures": [
        "Array.biomes[query.mark_variant]"
      ]
    }
  }
}