{
  "format_version": "1.8.0",
  "render_controllers": {
    "controller.render.hunter_illager": {
      "arrays": {
        "textures": {
          "Array.skins": [
            "Texture.default",
            "Texture.base2",
            "Texture.base3",
            "Texture.base4"
          ]
        }
      },
      "geometry": "Geometry.default",
      "part_visibility": [
        { "rightArm": "query.is_angry || query.is_casting || query.is_celebrating" },
        { "leftArm": "query.is_angry || query.is_casting || query.is_celebrating" },
        { "rightItem": "query.is_angry || query.is_casting || query.is_celebrating" },
        { "arms": "!(query.is_angry || query.is_casting || query.is_celebrating)" }
      ],
      "materials": [
        { "*": "Material.default" }
      ],
      "textures": [
        "Array.skins[query.skin_id]"
      ]
    }
  }
}
