{
  "format_version": "1.8.0",
  "render_controllers": {
    "controller.render.illusioner": {
      "arrays": {
        "textures": {
          "Array.biomes": [
            "Texture.default",
            "Texture.snow"
          ]
        }
      },
      "geometry": "Geometry.default",
      "part_visibility": [
        { "rightArm": "query.is_angry || query.is_casting || query.is_celebrating" },
        { "leftArm": "query.is_angry || query.is_casting || query.is_celebrating" },
        { "rightItem": "query.is_angry || query.is_casting || query.is_celebrating" },
        { "arms": "!(query.is_angry || query.is_casting || query.is_celebrating)" }
      ],
      "materials": [
        {
          "*": "Material.default"
        }
      ],
      "textures": [
        "Array.biomes[query.mark_variant]"
      ]
    }    
  }
}