{
  "format_version": "1.8.0",
  "render_controllers": {
    "controller.render.necromancer": {
      "geometry": "Geometry.default",
      "materials": [ { "*": "Material.default" } ],
      "part_visibility": [
        { "*": true },
        { "arms": "!(query.is_casting || query.is_celebrating)" },
        { "leftarm": "query.is_casting || query.is_celebrating" },
        { "rightarm": "query.is_casting || query.is_celebrating" }
      ],
      "textures": [ "Texture.default" ]
    }
  }
}
