{
  "format_version": "1.8.0",
  "render_controllers": {
    "controller.render.pillagerbiome": {
      "arrays": {
        "textures": {
          "Array.biomes": [
            "Texture.default",
            "Texture.desert",
            "Texture.jungle",
            "Texture.savanna",
            "Texture.snow",
            "Texture.swamp",
            "Texture.taiga"
          ]
        }
      },
      "geometry": "Geometry.default",
      "materials": [
        {
          "*": "Material.biome"
        }
      ],
      "textures": [
        "Array.biomes[query.mark_variant]"
      ]
    }
  }
}