{
  "format_version": "1.8.0",
  "render_controllers": {
    "controller.render.vindicator": {
      "arrays": {
        "textures": {
          "Array.biomes": [
            "Texture.default",
            "Texture.desert",
            "Texture.jungle",
            "Texture.savanna",
            "Texture.snow",
            "Texture.swamp",
            "Texture.taiga"
          ]
        }
      },
      "geometry": "Geometry.default",
      "part_visibility": [
        {
          "rightArm": "query.is_angry || query.is_celebrating || query.is_admiring"
        },
        {
          "leftArm": "query.is_angry || query.is_celebrating || query.is_admiring"
        },
        {
          "rightItem": "query.is_angry"
        },
        {
          "arms": "!(query.is_angry || query.is_celebrating || query.is_admiring)"
        }
      ],
      "materials": [
        {
          "*": "Material.default"
        }
      ],
      "textures": [
        "Array.biomes[query.mark_variant]"
      ]
    }    
  }
}