{
  "format_version": "1.8.0",
  "minecraft:client_entity": {
    "description": {
      "identifier": "taco:birth_sunflower",
     "materials": { 
	    "default": "spider",
        "invisible": "spider_invisible" 
	  },
      "textures": {
        "default": "textures/entity/taco/birth_sunflower",
		"food": "textures/entity/food/birth_sunflower"
      },
      "geometry": {
        "default": "geometry.tbirth_sunflower"
      },
      "animations": {
        "move": "animation.sunflower.move",
		"food": "animation.sunflower.food"
      },
      "animation_controllers": [
        { "move": "controller.animation.sunflower.move" }
      ],
      "render_controllers": [ "controller.render.sunflower" ],
      "spawn_egg": {
        "texture": "pvz_seeds",
        "texture_index": 3
      }
    }
  }
}