{
"format_version": "1.10.0",
	"minecraft:client_entity": {
		"description": {
			"identifier": "taco:bloomerang",
			"materials": {
				"default": "iron_golem"
			},
			"textures": {
			 "default": "textures/entity/taco/bloomerang"
			},
			"geometry": {
				"default": "geometry.bloomerang"
			},
			"animations": {
				"move": "animation.bloomerang.move",
				"attacking": "animation.bloomerang.attack",
				"fooding": "animation.pcatapult.attack",
				"general": "controller.animation.peashooter.general",
				"attack": "controller.animation.peashooter.attack",
				"food": "controller.animation.peashooter.food"
			},
			"scripts": {
				"animate": [
					"general",
					"attack",
					"food"
				],
				"pre_animation": [
					"variable.attack = Math.sin(variable.attack_time * 30.0);"
				]
			},
			"render_controllers": [
				"controller.render.iron_golem"
			],
			"spawn_egg": {
				"texture": "pvz_seeds",
				"texture_index": 7
			}
		}
	}
}