{
"format_version": "1.10.0",
	"minecraft:client_entity": {
		"description": {
			"identifier": "taco:bonk_choy",
			"materials": {
				"default": "spider",
                "invisible": "spider_invisible"
			},
			"textures": {
				"default": "textures/entity/taco/bonk_choy"
			},
			"geometry": {
				"default": "geometry.tbonk_choy"
			},
			"animations": {
				"move": "animation.bonk_choy.move",
				"attacking": "animation.bonk_choy.attack",
				"general": "controller.animation.bonk_choy.general",
				"attack": "controller.animation.bonk_choy.attack"
			},
			"scripts": {
				"animate": [
					"general",
					"attack"
				],
				"pre_animation": [
					"variable.attack = Math.sin(variable.attack_time * 30.0);"
				]
			},
			"render_controllers": [
				"controller.render.spider"
			],
			"spawn_egg": {
				"texture": "pvz_seeds",
				"texture_index": 7
			}
		}
	}
}