{
  "format_version": "1.8.0",
  "minecraft:client_entity": {
    "description": {
      "identifier": "taco:fireboal",
      "materials": { "default": "iron_golem" },
      "textures": {
        "default": "textures/entity/taco/fireboal",
		"costume": "textures/entity/costumes/lod/taco/fireboal"
      },
      "geometry": {
        "default": "geometry.fireboal"
      },
      "animations": {
        "casting": "animation.fireboal.cast",
        "move": "animation.fireboal.move"
      },
      "animation_controllers": [
        { "controller_general": "controller.animation.evoker.general" },
        { "move": "controller.animation.mover.move" }
      ],
      "render_controllers": [ 
		"controller.render.fireboal",
		"controller.render.fireboal_costume"
	  ],
      "spawn_egg": {
        "texture": "pvz_seeds",
        "texture_index": 4
      }
    }
  }
}