{
  "format_version": "1.8.0",
  "minecraft:client_entity": {
    "description": {
      "identifier": "taco:gloomshroom",
      "materials": { "default": "iron_golem" },
      "textures": {
        "default": "textures/entity/taco/gloomshroom"
      },
      "geometry": {
        "default": "geometry.gloomshroom"
      },
      "animations": {
        "casting": "animation.gloomshroom.attack",
        "move": "animation.gloomshroom.move"
      },
      "animation_controllers": [
        { "controller_general": "controller.animation.evoker.general" },
        { "move": "controller.animation.mover.move" }
      ],
      "render_controllers": [ "controller.render.iron_golem" ],
      "spawn_egg": {
        "texture": "pvz_seeds",
        "texture_index": 4
      }
    }
  }
}