{
  "format_version": "1.8.0",
  "minecraft:client_entity": {
    "description": {
      "identifier": "taco:lettuce_iceberg",
      "materials": { "default": "slime_outer" },
      "textures": {
        "default": "textures/entity/taco/iceberg_lettuce"
      },
      "geometry": {
        "default": "geometry.iceberg_lettuce"
      },
      "animations": {
        "move": "animation.pea.move"
      },
      "animation_controllers": [
        { "move": "controller.animation.mover.move" }
      ],
      "render_controllers": [ "controller.render.iron_golem" ],
      "spawn_egg": {
        "texture": "pvz_seeds",
        "texture_index": 9
      }
    }
  }
}