{
"format_version": "1.10.0",
	"minecraft:client_entity": {
		"description": {
			"identifier": "taco:megagatling",
			"materials": {
				"default": "iron_golem"
			},
			"textures": {
			 "default": "textures/entity/taco/megagatling",
        "food": "textures/entity/food/taco/megagatling"
			},
			"geometry": {
				"default": "geometry.megagatling"
			},
			"animations": {
				"move": "animation.peashooter.move",
				"attacking": "animation.megagatling.tattack",
				"fooding": "animation.pmegagatling.attack",
				"shooting": "animation.pmegagatling.big_shoot",
				"general": "controller.animation.peashooter.general",
				"attack": "controller.animation.peashooter.attack",
				"food": "controller.animation.peashooter.food",
			  "shoot": "controller.animation.peashooter.bshoot"
			},
			"scripts": {
				"animate": [
					"general",
					"attack",
					"food"
				],
				"pre_animation": [
					"variable.attack = Math.sin(variable.attack_time * 30.0);"
				]
			},
			"render_controllers": [
				"controller.render.peashooter"
			],
			"spawn_egg": {
				"texture": "pvz_seeds",
				"texture_index": 7
			}
		}
	}
}