{
  "format_version": "1.10.0",
  "minecraft:client_entity": {
    "description": {
      "identifier": "taco:wallnut",
      "materials": { "default": "iron_golem" },
      "textures": {
        "default": "textures/entity/taco/wallnut/entire_wallnut",
        "medium_cracked": "textures/entity/taco/wallnut/medium_damage_wallnut",
        "highly_cracked": "textures/entity/taco/wallnut/highly_damage_wallnut",
		"late": "textures/entity/costumes/taco/wallnut/entire_wallnut",
        "medium_late": "textures/entity/costumes/taco/wallnut/medium_damage_wallnut",
        "highly_late": "textures/entity/costumes/taco/wallnut/highly_damage_wallnut"
      },
      "geometry": {
        "default": "geometry.twallnut"
      },
      "animations": {
        "move": "animation.wallnut.move"
      },
		 "scripts":{
			 "pre_animation":[
				 "variable.health_status = (Math.round((query.health / query.max_health) * ( 2.0 )));"
          ]
       },
      "render_controllers": [ 
	  "controller.render.twallnut",
	  "controller.render.twallnut_costume"
	  ],
      "spawn_egg": {
        "texture": "pvz_seeds",
        "texture_index": 4
      }
    }
  }
}