{
	"format_version": "1.12.0",
	"minecraft:geometry": [
		{
			"description": {
				"identifier": "geometry.great_tusk",
				"texture_width": 32,
				"texture_height": 64,
				"visible_bounds_width": 2,
				"visible_bounds_height": 3,
				"visible_bounds_offset": [0, 0, 0]
			},
			"bones": [
				{
					"name": "body",
					"pivot": [0, 0, 0]
				},
				{
					"name": "base",
					"parent": "body",
					"pivot": [-0.5, 0, 0.5],
					"cubes": [
						{"origin": [-8, 0, 0], "size": [16, 46, 0], "uv": [0, 2]}
					]
				},
				{
					"name": "base2",
					"parent": "body",
					"pivot": [0.5, 0, 0.5],
					"rotation": [0, 90, 0],
					"cubes": [
						{"origin": [-7, 0, 0], "size": [16, 46, 0], "uv": [0, 2]}
					]
				},
				{
					"name": "base3",
					"parent": "body",
					"pivot": [0.5, 0, 0.5],
					"rotation": [0, 90, 0],
					"cubes": [
						{"origin": [-7, 0, -8], "size": [16, 1, 16], "uv": [0, 47]}
					]
				}
			]
		}
	]
}