{
	"format_version": "1.12.0",
	"minecraft:geometry": [
		{
			"description": {
				"identifier": "geometry.valhalla.vine",
				"texture_width": 32,
				"texture_height": 32,
				"visible_bounds_width": 2,
				"visible_bounds_height": 2,
				"visible_bounds_offset": [0, 0, 0]
			},
			"bones": [
				{
					"name": "body",
					"pivot": [0, 0, 0]
				},
				{
					"name": "base",
					"parent": "body",
					"pivot": [-0.5, 0, 0.5],
					"cubes": [
						{"origin": [-1, 0, 0], "size": [1, 3, 1], "inflate": 0.5, "uv": [0, 0]}
					]
				},
				{
					"name": "thorn",
					"parent": "base",
					"pivot": [-0.75, 0.25, 1.75],
					"cubes": [
						{"origin": [-1, 0, 1.25], "size": [0.5, 0.5, 0.5], "uv": [18, 2]},
						{"origin": [-0.875, 0.125, 1.75], "size": [0.25, 0.25, 0.5], "uv": [20, 2]}
					]
				},
				{
					"name": "thorn2",
					"parent": "base",
					"pivot": [0.25, 2.25, 1.75],
					"cubes": [
						{"origin": [-0.25, 2, 1.25], "size": [0.5, 0.5, 0.5], "uv": [18, 2]},
						{"origin": [-0.125, 2.125, 1.75], "size": [0.25, 0.25, 0.5], "uv": [20, 2]}
					]
				},
				{
					"name": "thorn3",
					"parent": "base",
					"pivot": [-1.75, 1.25, 0.75],
					"rotation": [0, -90, 0],
					"cubes": [
						{"origin": [-2, 1, 0.25], "size": [0.5, 0.5, 0.5], "uv": [18, 2]},
						{"origin": [-1.875, 1.125, 0.75], "size": [0.25, 0.25, 0.5], "uv": [20, 2]}
					]
				},
				{
					"name": "thorn10",
					"parent": "base",
					"pivot": [-1.75, 2.25, -0.25],
					"rotation": [0, -90, 0],
					"cubes": [
						{"origin": [-1.75, 2, -0.75], "size": [0.5, 0.5, 0.5], "uv": [18, 2]},
						{"origin": [-1.625, 2.125, -0.25], "size": [0.25, 0.25, 0.5], "uv": [20, 2]}
					]
				},
				{
					"name": "thorn4",
					"parent": "base",
					"pivot": [-0.75, 2.25, -1.25],
					"rotation": [0, 180, 0],
					"cubes": [
						{"origin": [-1, 2, -2.25], "size": [0.5, 0.5, 0.5], "uv": [18, 2]},
						{"origin": [-0.875, 2.125, -1.75], "size": [0.25, 0.25, 0.5], "uv": [20, 2]}
					]
				},
				{
					"name": "thorn5",
					"parent": "base",
					"pivot": [0.25, 0.25, -1.25],
					"rotation": [0, 180, 0],
					"cubes": [
						{"origin": [0.25, 0, -2.25], "size": [0.5, 0.5, 0.5], "uv": [18, 2]},
						{"origin": [0.375, 0.125, -1.75], "size": [0.25, 0.25, 0.5], "uv": [20, 2]}
					]
				},
				{
					"name": "thorn6",
					"parent": "base",
					"pivot": [1.25, 2.25, 0.75],
					"rotation": [0, 90, 0],
					"cubes": [
						{"origin": [0.75, 2, -0.25], "size": [0.5, 0.5, 0.5], "uv": [18, 2]},
						{"origin": [0.875, 2.125, 0.25], "size": [0.25, 0.25, 0.5], "uv": [20, 2]}
					]
				},
				{
					"name": "thorn7",
					"parent": "base",
					"pivot": [1.25, 1.25, -0.25],
					"rotation": [0, 90, 0],
					"cubes": [
						{"origin": [0.75, 1, -1.25], "size": [0.5, 0.5, 0.5], "uv": [18, 2]},
						{"origin": [0.875, 1.125, -0.75], "size": [0.25, 0.25, 0.5], "uv": [20, 2]}
					]
				},
				{
					"name": "mid_base",
					"parent": "base",
					"pivot": [-0.25, 2.5, 0.25],
					"cubes": [
						{"origin": [-1, 3, 0], "size": [1, 4, 1], "inflate": 0.25, "uv": [0, 4]}
					]
				},
				{
					"name": "thorn8",
					"parent": "mid_base",
					"pivot": [0.25, 4.25, -0.25],
					"rotation": [0, 90, 0],
					"cubes": [
						{"origin": [-0.375, 4, -0.5], "size": [0.5, 0.5, 0.5], "uv": [18, 2]},
						{"origin": [-0.25, 4.125, 0], "size": [0.25, 0.25, 0.5], "uv": [20, 2]}
					]
				},
				{
					"name": "thorn9",
					"parent": "mid_base",
					"pivot": [0.25, 6.25, 0.75],
					"rotation": [0, 90, 0],
					"cubes": [
						{"origin": [-0.125, 6, 0.5], "size": [0.5, 0.5, 0.5], "uv": [18, 2]},
						{"origin": [0, 6.125, 1], "size": [0.25, 0.25, 0.5], "uv": [20, 2]}
					]
				},
				{
					"name": "thorn11",
					"parent": "mid_base",
					"pivot": [-0.45, 6.25, 1.25],
					"cubes": [
						{"origin": [-0.825, 6, 1], "size": [0.5, 0.5, 0.5], "uv": [18, 2]},
						{"origin": [-0.7, 6.125, 1.5], "size": [0.25, 0.25, 0.5], "uv": [20, 2]}
					]
				},
				{
					"name": "thorn12",
					"parent": "mid_base",
					"pivot": [-0.25, 4.55, 1.25],
					"cubes": [
						{"origin": [-0.625, 4.3, 1], "size": [0.5, 0.5, 0.5], "uv": [18, 2]},
						{"origin": [-0.5, 4.425, 1.5], "size": [0.25, 0.25, 0.5], "uv": [20, 2]}
					]
				},
				{
					"name": "thorn13",
					"parent": "mid_base",
					"pivot": [-1.25, 4.55, 0.75],
					"rotation": [0, -90, 0],
					"cubes": [
						{"origin": [-1.625, 4.3, 0.5], "size": [0.5, 0.5, 0.5], "uv": [18, 2]},
						{"origin": [-1.5, 4.425, 1], "size": [0.25, 0.25, 0.5], "uv": [20, 2]}
					]
				},
				{
					"name": "thorn14",
					"parent": "mid_base",
					"pivot": [-1.25, 6.25, 0.35],
					"rotation": [0, -90, 0],
					"cubes": [
						{"origin": [-1.625, 6, 0.1], "size": [0.5, 0.5, 0.5], "uv": [18, 2]},
						{"origin": [-1.5, 6.125, 0.6], "size": [0.25, 0.25, 0.5], "uv": [20, 2]}
					]
				},
				{
					"name": "thorn15",
					"parent": "mid_base",
					"pivot": [-0.95, 6.25, -0.25],
					"rotation": [0, 180, 0],
					"cubes": [
						{"origin": [-1.325, 6, -0.5], "size": [0.5, 0.5, 0.5], "uv": [18, 2]},
						{"origin": [-1.2, 6.125, 0], "size": [0.25, 0.25, 0.5], "uv": [20, 2]}
					]
				},
				{
					"name": "thorn16",
					"parent": "mid_base",
					"pivot": [-0.35, 5.25, -0.25],
					"rotation": [0, 180, 0],
					"cubes": [
						{"origin": [-0.725, 5, -0.5], "size": [0.5, 0.5, 0.5], "uv": [18, 2]},
						{"origin": [-0.6, 5.125, 0], "size": [0.25, 0.25, 0.5], "uv": [20, 2]}
					]
				},
				{
					"name": "mid_top",
					"parent": "mid_base",
					"pivot": [0, 7, 0],
					"cubes": [
						{"origin": [-1, 7, 0], "size": [1, 4, 1], "uv": [0, 9]}
					]
				},
				{
					"name": "thorn17",
					"parent": "mid_top",
					"pivot": [-0.65, 8.55, 0.05],
					"rotation": [0, 180, 0],
					"cubes": [
						{"origin": [-1.025, 8.3, -0.2], "size": [0.5, 0.5, 0.5], "uv": [18, 2]},
						{"origin": [-0.9, 8.425, 0.3], "size": [0.25, 0.25, 0.5], "uv": [20, 2]}
					]
				},
				{
					"name": "thorn18",
					"parent": "mid_top",
					"pivot": [-0.95, 9.65, 0.65],
					"rotation": [0, -90, 0],
					"cubes": [
						{"origin": [-1.325, 9.4, 0.4], "size": [0.5, 0.5, 0.5], "uv": [18, 2]},
						{"origin": [-1.2, 9.525, 0.9], "size": [0.25, 0.25, 0.5], "uv": [20, 2]}
					]
				},
				{
					"name": "thorn19",
					"parent": "mid_top",
					"pivot": [-0.35, 8.65, 0.95],
					"cubes": [
						{"origin": [-0.725, 8.4, 0.7], "size": [0.5, 0.5, 0.5], "uv": [18, 2]},
						{"origin": [-0.6, 8.525, 1.2], "size": [0.25, 0.25, 0.5], "uv": [20, 2]}
					]
				},
				{
					"name": "thorn20",
					"parent": "mid_top",
					"pivot": [-0.05, 9.65, 0.35],
					"rotation": [0, 90, 0],
					"cubes": [
						{"origin": [-0.425, 9.4, 0.1], "size": [0.5, 0.5, 0.5], "uv": [18, 2]},
						{"origin": [-0.3, 9.525, 0.6], "size": [0.25, 0.25, 0.5], "uv": [20, 2]}
					]
				},
				{
					"name": "top",
					"parent": "mid_top",
					"pivot": [0, 11, 0],
					"cubes": [
						{"origin": [-1, 10, 0], "size": [1, 5, 1], "inflate": -0.75, "pivot": [-0.5, 10.5, 0.5], "rotation": [0, 180, 0], "uv": [0, 14]}
					]
				},
				{
					"name": "thorn21",
					"parent": "top",
					"pivot": [-0.35, 14.45, 0.45],
					"rotation": [90, 0, 0],
					"cubes": [
						{"origin": [-0.725, 14.175, 0.2], "size": [0.45, 0.45, 0.5], "uv": [18, 2]},
						{"origin": [-0.625, 14.275, 0.7], "size": [0.25, 0.25, 0.5], "uv": [20, 2]}
					]
				}
			]
		}
	]
}