{
  "mob.pvzzombie.idle": {
    "category": "neutral",
    "max_distance": 12,
    "volume":1,
    "sounds": ["sounds/zombies/growl1","sounds/zombies/growl2","sounds/zombies/growl3","sounds/zombies/growl4","sounds/zombies/growl5","sounds/zombies/growl6","sounds/zombies/growl7","sounds/zombies/growl8"]
  },
  "mob.pvz.start": {
    "category": "neutral",
    "max_distance": 12,
    "volume":1,
    "sounds": ["sounds/zombies/start"]
  },
  "mob.pvzzombie.hurt": {
    "category": "neutral",
    "max_distance": 12,
    "volume":1,
    "sounds": ["sounds/zombies/hurt"]
  },
  "mob.pvzplant.hurt": {
    "category": "neutral",
    "max_distance": 12,
    "volume":1,
    "sounds": ["sounds/plants/hurt1","sounds/plants/hurt2"]
  },
  "mob.cherry_bomb.explode": {
    "category": "neutral",
    "max_distance": 12,
    "volume":1,
    "sounds": ["sounds/plants/cherry_bomb"]
  },
  "mob.jalapeno.explode": {
    "category": "neutral",
    "max_distance": 12,
    "volume":1,
    "sounds": ["sounds/plants/jalapeno"]
  },
  "mob.chomper.chomp": {
    "category": "neutral",
    "max_distance": 12,
    "volume":2,
    "sounds": ["sounds/plants/chomp"]
  },
  "mob.chomper.munch": {
    "category": "neutral",
    "max_distance": 12,
    "volume":0.3,
    "sounds": ["sounds/plants/munch"]
  },
  "mob.pvz.splat": {
    "category": "neutral",
    "max_distance": 12,
    "volume":5,
    "sounds": ["sounds/plants/splat1","sounds/plants/splat2","sounds/plants/splat3"]
  },
  "mob.potatomine.explode": {
    "category": "neutral",
    "max_distance": 12,
    "volume":5,
    "sounds": ["sounds/plants/potato_mine"]
  },
  "mob.pvz.lawn_mower": {
    "category": "neutral",
    "max_distance": 12,
    "volume":5,
    "sounds": ["sounds/gameplay/lawn_mower"]
  }
}