{
  "format_version": "1.16.0",
  "minecraft:entity": {
    "description": {
      "identifier": "serp:lawn_mower",
      "is_spawnable": false,
      "is_summonable": true,
      "is_experimental": false,
      "scripts":{"animate":["1"]},
      "animations":{"1":"controller.animation.mower"}
    },
    "component_groups": {
      "serp:off": {
        "minecraft:variant":{"value":0},
        "minecraft:entity_sensor": {
          "sensor_range": 1,
          "relative_range": false,
          "minimum_count": 1,
          "event_filters":{"test":"is_family","subject":"other","value":"monster"},"event":"serp:on"},
      "minecraft:damage_sensor": {
        "triggers":[
{"on_damage":{"filters":{"test":"is_family","subject":"other","value":"player"},"event":"serp:rotate"},"deals_damage":false},
{"on_damage":{"filters":{"test":"is_family","subject":"other","value":"monster"}},"deals_damage":false}
            ]}
      },
      "serp:on": {
        "minecraft:variant":{"value":1},
"minecraft:transformation":{"into":"serp:despawn","delay":4},
      "minecraft:damage_sensor": {
        "triggers":[
{"on_damage":{},"deals_damage":false}
            ]}
      }
    },
    "components": {
      "minecraft:collision_box": {
        "width": 0.6, "height": 0.4
      },
      "minecraft:knockback_resistance": {
        "value": 10
      },
      "minecraft:type_family": {
        "family": ["lawn_mower","player"]
      },
      "minecraft:breathable": {
        "total_supply": 15,
        "suffocate_time": 0,
        "breathes_water": true
      },
      "minecraft:health": {
        "value": 999, "max": 999
      },
      "minecraft:hurt_on_condition": {
        "damage_conditions": [
{"filters":{"test":"in_lava","subject":"self","operator":"==","value":true},
    "cause": "lava",
    "damage_per_tick": 0
          }
        ]
      },
      "minecraft:movement": {"value": 0},
      "minecraft:physics": {},
      "minecraft:pushable": {
        "is_pushable": false,
        "is_pushable_by_piston": true
      }
    },
    "events": {
	  "minecraft:entity_spawned":{
"add":{"component_groups":["serp:off"]},
"run_command":{"command":["tp @s ~~~ 0"]}
	  },
	  "serp:rotate":{
"run_command": {"command":["tp @s ~~0.2~~90~"]}
	  },
      "serp:on":{
"add":{"component_groups":["serp:on"]},
"remove":{"component_groups":["serp:off"]},
"run_command":{"command":["playsound mob.pvz.lawn_mower @p ~~~"]}
      }
    }
  }
}