{
  "format_version":"1.16.0",
  "minecraft:entity":{
    "description":{
      "identifier":"serp:sun",
      "is_spawnable":false,
      "is_summonable":true,
      "is_experimental":false
    },
    "component_groups":{
      "serp:despawn":{
	"minecraft:transformation":{
	"into":"serp:despawn","delay":{"value":0.1}
	    }
      }
    },
    "components":{
      "minecraft:collision_box":{
        "width":0.6,"height":1
      },
      "minecraft:type_family":{
        "family":["sun"]
      },
	  "minecraft:transformation":{
	"into":"serp:despawn","delay":{"value":15} 
	    },
    "minecraft:scheduler": {
          "scheduled_events": [
{"filters":{"test":"distance_to_nearest_player","operator":">","value":20},"event":"serp:despawn"}
        ]
      },
        "minecraft:entity_sensor":{
      "sensor_range":1,"minimum_count":1,
      "event_filters":{"all_of":[{"test":"is_family","subject":"other","value":"player"},{"test":"has_tag","operator":"!=","value":"sun"}]},"event":"serp:sun"},
      "minecraft:damage_sensor":{
        "triggers":[
{"on_damage":{"filters":{"test":"has_damage"}},"deals_damage":false}
        ]
      },
      "minecraft:health":{"value":5},
      "minecraft:buoyant":{
        "apply_gravity":false,
        "liquid_blocks":["minecraft:flowing_water", "minecraft:water"] 
      },
	    "minecraft:physics":{},
      "minecraft:pushable":{
    "is_pushable":true,"is_pushable_by_piston":true
      },
      "minecraft:conditional_bandwidth_optimization":{
        "default_values":{
          "max_optimized_distance":80.0,
          "max_dropped_ticks":10,
          "use_motion_prediction_hints":true
        }
      }
    },
    "events":{
      "serp:sun":{
"add":{"component_groups":["serp:despawn"]},
"run_command":{"command":["tag @s add sun","scoreboard players add @p sun 1","playsound mob.chicken.plop @p"]}
      },
      "serp:despawn":{
"add":{"component_groups":["serp:despawn"]}
      }
    }
  }
}