{
	"format_version": "1.10.0",
	"particle_effect": {
		"description": {
			"identifier": "serp:hypno_spore",
			"basic_render_parameters": {
				"material": "particles_blend",
				"texture": "textures/projectiles/spore"
			}
		},
		"components": {
			"minecraft:emitter_local_space": {
				"position": true,
				"rotation": true
			},
			"minecraft:emitter_rate_instant": {
				"num_particles": 15
			},
			"minecraft:emitter_lifetime_once": {
				"active_time": 1
			},
			"minecraft:emitter_shape_point": {
				"direction": ["math.random(5,-5)", 6, "math.random(5,-5)"]
			},
			"minecraft:particle_lifetime_expression": {
				"max_lifetime": "Math.random(0.5, 1)"
			},
			"minecraft:particle_initial_speed": "Math.random(2,4)",
			"minecraft:particle_motion_dynamic": {
				"linear_drag_coefficient": 3
			},
			"minecraft:particle_appearance_billboard": {
				"size": ["(0.1 + variable.particle_random_1*0.1) - (0.1 * variable.particle_age)", "(0.1 + variable.particle_random_1*0.1) - (0.1 * variable.particle_age)"],
				"facing_camera_mode": "lookat_xyz",
				"uv": {
					"texture_width": 1,
					"texture_height": 1,
					"uv": [0, 0],
					"uv_size": [1, 1]
				}
			},
			"minecraft:particle_motion_collision": {
				"collision_drag": 20,
				"coefficient_of_restitution": 0.2,
				"collision_radius": 0.01
			}
		}
	}
}