{
	"format_version": "1.10.0",
	"particle_effect": {
		"description": {
			"identifier": "serp:powie",
			"basic_render_parameters": {
				"material": "particles_alpha",
				"texture": "textures/particle/powie"
			}
		},
		"components": {
			"minecraft:emitter_local_space": {
				"position": true,
				"rotation": true
			},
			"minecraft:emitter_rate_instant": {
				"num_particles": 1
			},
			"minecraft:emitter_lifetime_once": {
				"active_time": 1
			},
			"minecraft:emitter_shape_point": {
				"offset": [0, 0.8, 0],
				"direction": [0, 10, 0]
			},
			"minecraft:particle_lifetime_expression": {
				"max_lifetime": 1
			},
			"minecraft:particle_initial_spin": {
				"rotation": 10
			},
			"minecraft:particle_initial_speed": 10,
			"minecraft:particle_motion_dynamic": {
				"linear_acceleration": [0, 5, 0],
				"linear_drag_coefficient": 20
			},
			"minecraft:particle_appearance_billboard": {
				"size": [1.2, 1.2],
				"facing_camera_mode": "lookat_xyz",
				"uv": {
					"texture_width": 1,
					"texture_height": 1,
					"uv": [0, 0],
					"uv_size": [1, 1]
				}
			}
		}
	}
}