{
	"format_version": "1.10.0",
	"particle_effect": {
		"description": {
			"identifier": "serp:squash_splat",
			"basic_render_parameters": {
				"material": "particles_alpha",
				"texture": "textures/particle/squash_splat"
			}
		},
		"components": {
			"minecraft:emitter_rate_instant": {
				"num_particles": 20
			},
			"minecraft:emitter_lifetime_once": {
				"active_time": 1
			},
			"minecraft:emitter_shape_point": {
				"direction": ["math.random(7,-7)", "math.random(3,5)", "math.random(7,-7)"]
			},
			"minecraft:particle_lifetime_expression": {
				"max_lifetime": "math.random(0.5,0.75)"
			},
			"minecraft:particle_initial_spin": {
				"rotation": "math.random(0,360)"
			},
			"minecraft:particle_initial_speed": "math.random(4,8)",
			"minecraft:particle_motion_dynamic": {
				"linear_acceleration": [0, -7.5, 0],
				"linear_drag_coefficient": 5
			},
			"minecraft:particle_appearance_billboard": {
				"size": ["0.6*(variable.particle_lifetime-variable.particle_age)", "0.6*(variable.particle_lifetime-variable.particle_age)"],
				"facing_camera_mode": "rotate_xyz",
				"uv": {
					"texture_width": 1,
					"texture_height": 1,
					"uv": [0, 0],
					"uv_size": [1, 1]
				}
			},
			"minecraft:particle_motion_collision": {
				"collision_radius": 0.02
			}
		}
	}
}