{
	"format_version": "1.10.0",
	"particle_effect": {
		"description": {
			"identifier": "serp:zzz",
			"basic_render_parameters": {
				"material": "particles_alpha",
				"texture": "textures/particle/zzz"
			}
		},
		"components": {
			"minecraft:emitter_rate_steady": {
				"spawn_rate": 3,
				"max_particles": 100
			},
			"minecraft:emitter_lifetime_expression": {
				"activation_expression": 1
			},
			"minecraft:emitter_shape_point": {
				"offset": [0, "Math.random(1.0, 2.0)", 0],
				"direction": ["Math.random(-0.5,0.5)", 1, "Math.random(-0.5,0.5)"]
			},
			"minecraft:particle_lifetime_expression": {
				"max_lifetime": 1
			},
			"minecraft:particle_initial_spin": {
				"rotation": "Math.random(0,25)"
			},
			"minecraft:particle_initial_speed": 1,
			"minecraft:particle_motion_dynamic": {
				"linear_drag_coefficient": 2
			},
			"minecraft:particle_appearance_billboard": {
				"size": ["(0.1 + variable.particle_random_1*0.1) - (0.1 * variable.particle_age)", "(0.1 + variable.particle_random_1*0.1) - (0.1 * variable.particle_age)"],
				"facing_camera_mode": "lookat_xyz",
				"uv": {
					"texture_width": 1,
					"texture_height": 1,
					"uv": [0, 0],
					"uv_size": [1, 1]
				}
			}
		}
	}
}