{
  "tiers": [
    {
      "trades": [
        {
          "wants": [
            {
              "item": "minecraft:honeycomb",
              "quantity": 6
            }
          ],
          "gives": [
            {
              "item": "minecraft:emerald",
              "quantity": 2
            }
          ]
        },
        {
          "wants": [
            {
              "item": "minecraft:emerald",
              "quantity": 5
            }
          ],
          "gives": [
            {
              "item": "minecraft:honey_bottle",
              "quantity": {
			    "min": 5,
				"max": 7
			  }
            }
          ]
        },
        {
          "wants": [
            {
              "item": "minecraft:shears",
              "quantity": 1
            }
          ],
          "gives": [
            {
              "item": "minecraft:emerald",
              "quantity": {
			    "min": 2,
				"max": 3
			  }
            }
          ]
        },
        {
          "wants": [
            {
              "item": "minecraft:glass_bottle",
              "quantity": 16
            }
          ],
          "gives": [
            {
              "item": "minecraft:emerald",
              "quantity": {
			    "min": 4,
				"max": 5
			  }
            }
          ]
        },
        {
          "wants": [
            {
              "item": "minecraft:emerald",
              "quantity": {
			    "min": 2,
				"max": 4
			  }
            }
          ],
          "gives": [
            {
              "item": "minecraft:beehive",
              "quantity": 1
            }
          ]
        }
      ]
    }
  ]
}