{
  "tiers": [
    {
      "total_exp_required": 0,
      "groups": [
        {
          "num_to_select": 1,
          "trades": [
            {
              "wants": [
                {
                  "item": "minecraft:coal:0",
                  "quantity": 15,
                  "price_multiplier": 0.05
                }
              ],
              "gives": [
                {
                  "item": "minecraft:emerald",
                  "quantity": 1
                }
              ],
              "trader_exp": 1,
              "max_uses": 6,
              "reward_exp": true
            }
          ]
        },
        {
          "num_to_select": 1,
          "trades": [
            {
              "wants": [
                {
                  "item": "minecraft:emerald",
                  "quantity": 4,
                  "price_multiplier": 0.05
                }
              ],
              "gives": [
                {
                  "item": "minecraft:shield",
                  "quantity": 1
                }
              ],
              "trader_exp": 10,
              "max_uses": 6,
              "reward_exp": true
            }
          ]
        },
        {
          "num_to_select": 1,
          "trades": [
            {
              "wants": [
                {
                  "item": "minecraft:emerald",
                  "quantity": 3,
                  "price_multiplier": 0.05
                }
              ],
              "gives": [
                {
                  "item": "minecraft:iron_axe",
                  "quantity": 1
                }
              ],
              "trader_exp": 2,
              "max_uses": 3,
              "reward_exp": true
            },
            {
              "wants": [
                {
                  "item": "minecraft:emerald",
                  "quantity": 7,
                  "price_multiplier": 0.05
                }
              ],
              "gives": [
                {
                  "item": "legacy:iron_knightsword",
                  "quantity": 1
                }
              ],
              "trader_exp": 10,
              "max_uses": 5,
              "reward_exp": true
            },
            {
              "wants": [
                {
                  "item": "minecraft:emerald",
                  "quantity": 10,
                  "price_multiplier": 0.05
                }
              ],
              "gives": [
                {
                  "item": "legacy:heavybrand",
                  "quantity": 1
                }
              ],
              "trader_exp": 10,
              "max_uses": 5,
              "reward_exp": true
            },
            {
              "wants": [
                {
                  "item": "minecraft:emerald",
                  "quantity": 10,
                  "price_multiplier": 0.05
                }
              ],
              "gives": [
                {
                  "item": "legacy:hawkbrand",
                  "quantity": 1
                }
              ],
              "trader_exp": 10,
              "max_uses": 5,
              "reward_exp": true
            },
            {
              "wants": [
                {
                  "item": "minecraft:emerald",
                  "quantity": 10,
                  "price_multiplier": 0.05
                }
              ],
              "gives": [
                {
                  "item": "legacy:knight_sword",
                  "quantity": 1
                }
              ],
              "trader_exp": 10,
              "max_uses": 5,
              "reward_exp": true
            },
            {
              "wants": [
                {
                  "item": "minecraft:emerald",
                  "quantity": 13,
                  "price_multiplier": 0.05
                }
              ],
              "gives": [
                {
                  "item": "legacy:glaive",
                  "quantity": 1
                }
              ],
              "trader_exp": 10,
              "max_uses": 5,
              "reward_exp": true
            }
          ]
        }
      ]
    },
    {
      "total_exp_required": 20,
      "groups": [
        {
          "num_to_select": 1,
          "trades": [
            {
              "wants": [
                {
                  "item": "minecraft:iron_ingot",
                  "quantity": 4,
                  "price_multiplier": 0.05
                }
              ],
              "gives": [
                {
                  "item": "minecraft:emerald",
                  "quantity": 1
                }
              ],
              "trader_exp": 5,
              "max_uses": 5,
              "reward_exp": true
            }
          ]
        },
        {
          "num_to_select": 1,
          "trades": [
            {
              "wants": [
                {
                  "item": "minecraft:emerald",
                  "quantity": 7,
                  "price_multiplier": 0.05
                }
              ],
              "gives": [
                {
                  "item": "minecraft:iron_sword",
                  "quantity": 1,
                  "functions": [
                    {
                      "function": "enchant_with_levels",
                      "treasure": false,
                      "levels": {
                        "min": 5,
                        "max": 19
                      }
                    }
                  ]
                }
              ],
              "trader_exp": 15,
              "max_uses": 2,
              "reward_exp": true
            },
            {
              "wants": [
                {
                  "item": "minecraft:emerald",
                  "quantity": 7,
                  "price_multiplier": 0.05
                }
              ],
              "gives": [
                {
                  "item": "legacy:whirlwind",
                  "quantity": 2,
                  "functions": [
                    {
                      "function": "enchant_with_levels",
                      "treasure": false,
                      "levels": {
                        "min": 5,
                        "max": 19
                      }
                    }
                  ]
                }
              ],
              "trader_exp": 10,
              "max_uses": 5,
              "reward_exp": true
            },
            {
              "wants": [
                {
                  "item": "minecraft:emerald",
                  "quantity": 14,
                  "price_multiplier": 0.05
                }
              ],
              "gives": [
                {
                  "item": "legacy:iron_heavybrand",
                  "quantity": 2,
                  "functions": [
                    {
                      "function": "enchant_with_levels",
                      "treasure": false,
                      "levels": {
                        "min": 5,
                        "max": 19
                      }
                    }
                  ]
                }
              ],
              "trader_exp": 30,
              "max_uses": 5,
              "reward_exp": true
            }
          ]
        }
      ]
    },
    {
      "total_exp_required": 60,
      "groups": [
        {
          "num_to_select": 1,
          "trades": [
            {
              "wants": [
                {
                  "item": "minecraft:flint",
                  "quantity": 24,
                  "price_multiplier": 0.05
                }
              ],
              "gives": [
                {
                  "item": "minecraft:emerald",
                  "quantity": 1
                }
              ],
              "trader_exp": 10,
              "max_uses": 5,
              "reward_exp": true
            }
          ]
        },
        {
          "num_to_select": 1,
          "trades": [
            {
              "wants": [
                {
                  "item": "minecraft:emerald",
                  "quantity": 36,
                  "price_multiplier": 0
                }
              ],
              "gives": [
                {
                  "item": "minecraft:bell",
                  "quantity": 1
                }
              ],
              "trader_exp": 20,
              "max_uses": 2,
              "reward_exp": true
            }
          ]
        },
        {
          "num_to_select": 1,
          "trades": [
            {
              "wants": [
                {
                  "item": "minecraft:emerald",
                  "quantity": 7,
                  "price_multiplier": 0.05
                }
              ],
              "gives": [
                {
                  "item": "minecraft:golden_knightsword",
                  "quantity": 1,
                  "functions": [
                    {
                      "function": "enchant_with_levels",
                      "treasure": false,
                      "levels": {
                        "min": 5,
                        "max": 19
                      }
                    }
                  ]
                }
              ],
              "trader_exp": 15,
              "max_uses": 2,
              "reward_exp": true
            },
            {
              "wants": [
                {
                  "item": "minecraft:emerald",
                  "quantity": 7,
                  "price_multiplier": 0.05
                }
              ],
              "gives": [
                {
                  "item": "legacy:golden_whirlwind",
                  "quantity": 2,
                  "functions": [
                    {
                      "function": "enchant_with_levels",
                      "treasure": false,
                      "levels": {
                        "min": 5,
                        "max": 19
                      }
                    }
                  ]
                }
              ],
              "trader_exp": 30,
              "max_uses": 5,
              "reward_exp": true
            },
            {
              "wants": [
                {
                  "item": "minecraft:emerald",
                  "quantity": 14,
                  "price_multiplier": 0.05
                }
              ],
              "gives": [
                {
                  "item": "legacy:double_heavybrand",
                  "quantity": 2,
                  "functions": [
                    {
                      "function": "enchant_with_levels",
                      "treasure": false,
                      "levels": {
                        "min": 5,
                        "max": 19
                      }
                    }
                  ]
                }
              ],
              "trader_exp": 30,
              "max_uses": 5,
              "reward_exp": true
            }
          ]
        }
      ]
    },
    {
      "total_exp_required": 160,
      "groups": [
        {
          "num_to_select": 1,
          "trades": [
            {
              "wants": [
                {
                  "item": "minecraft:diamond",
                  "quantity": 1,
                  "price_multiplier": 0.05
                }
              ],
              "gives": [
                {
                  "item": "minecraft:emerald",
                  "quantity": 8
                }
              ],
              "trader_exp": 15,
              "max_uses": 5,
              "reward_exp": true
            }
          ]
        },
        {
          "num_to_select": 1,
          "trades": [
            {
              "wants": [
                {
                  "item": "minecraft:emerald",
                  "quantity": 8,
                  "price_multiplier": 0.05
                }
              ],
              "gives": [
                {
                  "item": "minecraft:diamond_sword",
                  "quantity": 1,
                  "functions": [
                    {
                      "function": "enchant_with_levels",
                      "treasure": false,
                      "levels": {
                        "min": 5,
                        "max": 19
                      }
                    }
                  ]
                }
              ],
              "trader_exp": 30,
              "max_uses": 2,
              "reward_exp": true
            },
            {
              "wants": [
                {
                  "item": "minecraft:emerald",
                  "quantity": 21,
                  "price_multiplier": 0.05
                }
              ],
              "gives": [
                {
                  "item": "legacy:diamond_whirlwind",
                  "quantity": 1,
                  "functions": [
                    {
                      "function": "enchant_with_levels",
                      "treasure": false,
                      "levels": {
                        "min": 5,
                        "max": 19
                      }
                    }
                  ]
                }
              ],
              "trader_exp": 50,
              "max_uses": 5,
              "reward_exp": true
            },
            {
              "wants": [
                {
                  "item": "minecraft:emerald",
                  "quantity": 17,
                  "price_multiplier": 0.05
                }
              ],
              "gives": [
                {
                  "item": "legacy:double_iron_heavybrand",
                  "quantity": 1,
                  "functions": [
                    {
                      "function": "enchant_with_levels",
                      "treasure": false,
                      "levels": {
                        "min": 5,
                        "max": 19
                      }
                    }
                  ]
                }
              ],
              "trader_exp": 40,
              "max_uses": 5,
              "reward_exp": true
            },
            {
              "wants": [
                {
                  "item": "minecraft:emerald",
                  "quantity": 12,
                  "price_multiplier": 0.05
                }
              ],
              "gives": [
                {
                  "item": "legacy:iron_hawkbrand",
                  "quantity": 1,
                  "functions": [
                    {
                      "function": "enchant_with_levels",
                      "treasure": false,
                      "levels": {
                        "min": 5,
                        "max": 19
                      }
                    }
                  ]
                }
              ],
              "trader_exp": 30,
              "max_uses": 5,
              "reward_exp": true
            },
            {
              "wants": [
                {
                  "item": "minecraft:emerald",
                  "quantity": 12,
                  "price_multiplier": 0.05
                }
              ],
              "gives": [
                {
                  "item": "legacy:golden_hawkbrand",
                  "quantity": 1,
                  "functions": [
                    {
                      "function": "enchant_with_levels",
                      "treasure": false,
                      "levels": {
                        "min": 5,
                        "max": 19
                      }
                    }
                  ]
                }
              ],
              "trader_exp": 30,
              "max_uses": 5,
              "reward_exp": true
            },
            {
              "wants": [
                {
                  "item": "minecraft:emerald",
                  "quantity": 21,
                  "price_multiplier": 0.05
                }
              ],
              "gives": [
                {
                  "item": "legacy:golden_glaive",
                  "quantity": 1,
                  "functions": [
                    {
                      "function": "enchant_with_levels",
                      "treasure": false,
                      "levels": {
                        "min": 5,
                        "max": 19
                      }
                    }
                  ]
                }
              ],
              "trader_exp": 30,
              "max_uses": 5,
              "reward_exp": true
            }
          ]
        }
      ]
    },
    {
      "total_exp_required": 310,
      "groups": [
        {
          "num_to_select": 1,
          "trades": [
            {
              "wants": [
                {
                  "item": "minecraft:coal:0",
                  "quantity": 5,
                  "price_multiplier": 0.05
                }
              ],
              "gives": [
                {
                  "item": "minecraft:emerald",
                  "quantity": 1
                }
              ],
              "trader_exp": 90,
              "max_uses": 20,
              "reward_exp": true
            }
          ]
        },
        {
          "num_to_select": 1,
          "trades": [
            {
              "wants": [
                {
                  "item": "minecraft:coal:1",
                  "quantity": 15,
                  "price_multiplier": 0.05
                }
              ],
              "gives": [
                {
                  "item": "minecraft:emerald",
                  "quantity": 1
                }
              ],
              "trader_exp": 90,
              "max_uses": 20,
              "reward_exp": true
            }
          ]
        },
        {
          "num_to_select": 1,
          "trades": [
            {
              "wants": [
                {
                  "item": "minecraft:emerald",
                  "quantity": 12,
                  "price_multiplier": 0.05
                }
              ],
              "gives": [
                {
                  "item": "minecraft:golden_axe",
                  "quantity": 1,
                  "functions": [
                    {
                      "function": "enchant_with_levels",
                      "treasure": false,
                      "levels": {
                        "min": 5,
                        "max": 19
                      }
                    }
                  ]
                }
              ],
              "trader_exp": 50,
              "max_uses": 2,
              "reward_exp": true
            },
            {
              "wants": [
                {
                  "item": "minecraft:emerald",
                  "quantity": 25,
                  "price_multiplier": 0.05
                }
              ],
              "gives": [
                {
                  "item": "legacy:double_golden_heavybrand",
                  "quantity": 1,
                  "functions": [
                    {
                      "function": "enchant_with_levels",
                      "treasure": false,
                      "levels": {
                        "min": 5,
                        "max": 19
                      }
                    }
                  ]
                }
              ],
              "trader_exp": 0,
              "max_uses": 5,
              "reward_exp": true
            }
          ]
        },
        {
          "num_to_select": 1,
          "trades": [
            {
              "wants": [
                {
                  "item": "minecraft:emerald",
                  "quantity": 16,
                  "price_multiplier": 0.05
                }
              ],
              "gives": [
                {
                  "item": "legacy:golden_knightsword",
                  "quantity": 1,
                  "functions": [
                    {
                      "function": "enchant_with_levels",
                      "treasure": false,
                      "levels": {
                        "min": 5,
                        "max": 19
                      }
                    }
                  ]
                }
              ],
              "trader_exp": 100,
              "max_uses": 2,
              "reward_exp": true
            },
            {
              "wants": [
                {
                  "item": "minecraft:emerald",
                  "quantity": 25,
                  "price_multiplier": 0.05
                }
              ],
              "gives": [
                {
                  "item": "legacy:golden_hawkbrand",
                  "quantity": 1,
                  "functions": [
                    {
                      "function": "enchant_with_levels",
                      "treasure": false,
                      "levels": {
                        "min": 5,
                        "max": 19
                      }
                    }
                  ]
                }
              ],
              "trader_exp": 100,
              "max_uses": 5,
              "reward_exp": true
            }
          ]
        },
        {
          "num_to_select": 1,
          "trades": [
            {
              "wants": [
                {
                  "item": "minecraft:emerald",
                  "quantity": 17,
                  "price_multiplier": 0.05
                }
              ],
              "gives": [
                {
                  "item": "legacy:golden_heavybrand",
                  "quantity": 1,
                  "functions": [
                    {
                      "function": "enchant_with_levels",
                      "treasure": false,
                      "levels": {
                        "min": 5,
                        "max": 19
                      }
                    }
                  ]
                }
              ],
              "trader_exp": 100,
              "max_uses": 2,
              "reward_exp": true
            },
            {
              "wants": [
                {
                  "item": "minecraft:emerald",
                  "quantity": 25,
                  "price_multiplier": 0.05
                }
              ],
              "gives": [
                {
                  "item": "legacy:golden_glaive",
                  "quantity": 1,
                  "functions": [
                    {
                      "function": "enchant_with_levels",
                      "treasure": false,
                      "levels": {
                        "min": 5,
                        "max": 19
                      }
                    }
                  ]
                }
              ],
              "trader_exp": 100,
              "max_uses": 5,
              "reward_exp": true
            },
            {
              "wants": [
                {
                  "item": "minecraft:emerald",
                  "quantity": 12,
                  "price_multiplier": 0.05
                }
              ],
              "gives": [
                {
                  "item": "minecraft:golden_sword",
                  "quantity": 1,
                  "functions": [
                    {
                      "function": "enchant_with_levels",
                      "treasure": false,
                      "levels": {
                        "min": 5,
                        "max": 19
                      }
                    }
                  ]
                }
              ],
              "trader_exp": 100,
              "max_uses": 5,
              "reward_exp": true
            }
          ]
        },
        {
          "num_to_select": 1,
          "trades": [
            {
              "wants": [
                {
                  "item": "minecraft:emerald",
                  "quantity": 17,
                  "price_multiplier": 0.05
                }
              ],
              "gives": [
                {
                  "item": "legacy:golden_heavybrand",
                  "quantity": 1,
                  "functions": [
                    {
                      "function": "enchant_with_levels",
                      "treasure": false,
                      "levels": {
                        "min": 5,
                        "max": 19
                      }
                    }
                  ]
                }
              ],
              "trader_exp": 100,
              "max_uses": 2,
              "reward_exp": true
            }
          ]
        }
      ]
    },
    {
      "total_exp_required": 600,
      "groups": [
        {
          "num_to_select": 1,
          "trades": [
            {
              "wants": [
                {
                  "item": "minecraft:emerald",
                  "quantity": 12,
                  "price_multiplier": 0.05
                }
              ],
              "gives": [
                {
                  "item": "minecraft:diamond_sword",
                  "quantity": 1,
                  "functions": [
                    {
                      "function": "enchant_with_levels",
                      "treasure": false,
                      "levels": {
                        "min": 5,
                        "max": 19
                      }
                    }
                  ]
                }
              ],
              "trader_exp": 0,
              "max_uses": 2,
              "reward_exp": true
            },
            {
              "wants": [
                {
                  "item": "minecraft:emerald",
                  "quantity": 25,
                  "price_multiplier": 0.05
                }
              ],
              "gives": [
                {
                  "item": "legacy:double_diamond_heavybrand",
                  "quantity": 1,
                  "functions": [
                    {
                      "function": "enchant_with_levels",
                      "treasure": false,
                      "levels": {
                        "min": 5,
                        "max": 19
                      }
                    }
                  ]
                }
              ],
              "trader_exp": 0,
              "max_uses": 5,
              "reward_exp": true
            }
          ]
        },
        {
          "num_to_select": 1,
          "trades": [
            {
              "wants": [
                {
                  "item": "minecraft:emerald",
                  "quantity": 16,
                  "price_multiplier": 0.05
                }
              ],
              "gives": [
                {
                  "item": "legacy:diamond_knightsword",
                  "quantity": 1,
                  "functions": [
                    {
                      "function": "enchant_with_levels",
                      "treasure": false,
                      "levels": {
                        "min": 5,
                        "max": 19
                      }
                    }
                  ]
                }
              ],
              "trader_exp": 0,
              "max_uses": 2,
              "reward_exp": true
            },
            {
              "wants": [
                {
                  "item": "minecraft:emerald",
                  "quantity": 25,
                  "price_multiplier": 0.05
                }
              ],
              "gives": [
                {
                  "item": "legacy:diamond_hawkbrand",
                  "quantity": 1,
                  "functions": [
                    {
                      "function": "enchant_with_levels",
                      "treasure": false,
                      "levels": {
                        "min": 5,
                        "max": 19
                      }
                    }
                  ]
                }
              ],
              "trader_exp": 0,
              "max_uses": 5,
              "reward_exp": true
            }
          ]
        },
        {
          "num_to_select": 1,
          "trades": [
            {
              "wants": [
                {
                  "item": "minecraft:emerald",
                  "quantity": 17,
                  "price_multiplier": 0.05
                }
              ],
              "gives": [
                {
                  "item": "legacy:diamond_heavybrand",
                  "quantity": 1,
                  "functions": [
                    {
                      "function": "enchant_with_levels",
                      "treasure": false,
                      "levels": {
                        "min": 5,
                        "max": 19
                      }
                    }
                  ]
                }
              ],
              "trader_exp": 0,
              "max_uses": 2,
              "reward_exp": true
            },
            {
              "wants": [
                {
                  "item": "minecraft:emerald",
                  "quantity": 25,
                  "price_multiplier": 0.05
                }
              ],
              "gives": [
                {
                  "item": "legacy:diamond_glaive",
                  "quantity": 1,
                  "functions": [
                    {
                      "function": "enchant_with_levels",
                      "treasure": false,
                      "levels": {
                        "min": 5,
                        "max": 19
                      }
                    }
                  ]
                }
              ],
              "trader_exp": 0,
              "max_uses": 5,
              "reward_exp": true
            },
            {
              "wants": [
                {
                  "item": "minecraft:emerald",
                  "quantity": 12,
                  "price_multiplier": 0.05
                }
              ],
              "gives": [
                {
                  "item": "minecraft:diamond_axe",
                  "quantity": 1,
                  "functions": [
                    {
                      "function": "enchant_with_levels",
                      "treasure": false,
                      "levels": {
                        "min": 5,
                        "max": 19
                      }
                    }
                  ]
                }
              ],
              "trader_exp": 0,
              "max_uses": 5,
              "reward_exp": true
            }
          ]
        },
        {
          "num_to_select": 1,
          "trades": [
            {
              "wants": [
                {
                  "item": "minecraft:emerald",
                  "quantity": 17,
                  "price_multiplier": 0.05
                }
              ],
              "gives": [
                {
                  "item": "legacy:diamond_heavybrand",
                  "quantity": 1,
                  "functions": [
                    {
                      "function": "enchant_with_levels",
                      "treasure": false,
                      "levels": {
                        "min": 5,
                        "max": 19
                      }
                    }
                  ]
                }
              ],
              "trader_exp": 0,
              "max_uses": 2,
              "reward_exp": true
            }
          ]
        }
      ]
    }
  ]
}
