{
	"format_version": "1.12.0",
	"minecraft:geometry": [
		{
			"description": {
				"identifier": "geometry.zombeef",
				"texture_width": 64,
				"texture_height": 64,
				"visible_bounds_width": 3,
				"visible_bounds_height": 3.5,
				"visible_bounds_offset": [0, 1.25, 0]
			},
			"bones": [
				{
					"name": "body",
					"pivot": [0, 0, 0]
				},
				{
					"name": "head",
					"parent": "body",
					"pivot": [0, 24, 0],
					"cubes": [
						{"origin": [-4, 26, -4], "size": [8, 6, 8], "uv": [0, 0]},
						{"origin": [-3, 29, -6], "size": [4, 2, 2], "uv": [34, 39]},
						{"origin": [-19.25, 25.5, -5.25], "size": [5, 2, 2], "pivot": [0, 0, 0], "rotation": [0, -2.5, 30], "uv": [32, 43]},
						{"origin": [-4, 28, -5.25], "size": [8, 4, 8], "inflate": 0.25, "pivot": [0, 16, 0], "rotation": [-5, 0, 0], "uv": [0, 34]},
						{"origin": [-3.5, 25.5, -3.75], "size": [7, 1, 3], "uv": [0, 14]},
						{"origin": [-3.5, 24, -1], "size": [7, 2, 5], "inflate": 0.001, "uv": [32, 0]},
						{"origin": [-4, 28, 1.5], "size": [8, 1, 4], "pivot": [0, 0, 0], "rotation": [-5, 0, 0], "uv": [32, 34]}
					]
				},
				{
					"name": "jaw",
					"parent": "head",
					"pivot": [0, 24, 0],
					"cubes": [
						{"origin": [-3.5, 24.13673, -2.5], "size": [7, 1, 4], "pivot": [0, 17.13673, 0.56283], "rotation": [10, 0, 0], "uv": [32, 7]},
						{"origin": [-3, 24.63673, -2.25], "size": [6, 1, 3], "pivot": [0, 17.13673, 0.56283], "rotation": [10, 0, 0], "uv": [20, 14]}
					]
				},
				{
					"name": "chest",
					"parent": "body",
					"pivot": [0, 0, 0],
					"cubes": [
						{"origin": [-4, 12, -2], "size": [8, 12, 4], "uv": [16, 18]},
						{"origin": [-4, 12, -2], "size": [8, 12, 4], "inflate": 0.25, "uv": [40, 48]}
					]
				},
				{
					"name": "bust",
					"parent": "chest",
					"pivot": [0, 0, -13],
					"rotation": [-45, 0, 0]
				},
				{
					"name": "rightArm",
					"parent": "body",
					"pivot": [-5, 22, 0],
					"cubes": [
						{"origin": [-8, 12, -2], "size": [4, 12, 4], "uv": [40, 18]}
					]
				},
				{
					"name": "rightItem",
					"parent": "rightArm",
					"pivot": [-6, 14, -1],
					"cubes": [
						{"origin": [-7, 13, -3], "size": [2, 2, 6], "uv": [0, 56]},
						{"origin": [-8, 12, -6.75], "size": [4, 4, 4], "inflate": -0.25, "uv": [2, 48]}
					]
				},
				{
					"name": "leftArm",
					"parent": "body",
					"pivot": [5, 22, 0],
					"cubes": [
						{"origin": [4, 12, -2], "size": [4, 12, 4], "uv": [40, 18], "mirror": true}
					]
				},
				{
					"name": "rightLeg",
					"parent": "body",
					"pivot": [-2, 12, 0],
					"cubes": [
						{"origin": [-3.9, 0, -2], "size": [4, 12, 4], "uv": [0, 18]}
					]
				},
				{
					"name": "leftLeg",
					"parent": "body",
					"pivot": [2, 12, 0],
					"cubes": [
						{"origin": [0.1, 0, -2], "size": [4, 12, 4], "uv": [0, 18], "mirror": true}
					]
				}
			]
		}
	]
}