{
	"format_version": "1.12.0",
	"minecraft:geometry": [
		{
			"description": {
				"identifier": "geometry.zombie.drowned",
				"texture_width": 64,
				"texture_height": 64,
				"visible_bounds_width": 2.5,
				"visible_bounds_height": 3,
				"visible_bounds_offset": [0, 1.5, 0]
			},
			"bones": [
				{
					"name": "root",
					"pivot": [0, 24, 0]
				},
				{
					"name": "body",
					"parent": "root",
					"pivot": [0, 24, 0],
					"cubes": [
						{"origin": [-4, 12, -4], "size": [8, 12, 4], "uv": [16, 16]}
					]
				},
				{
					"name": "jacket",
					"parent": "body",
					"pivot": [0, 24, 0],
					"cubes": [
						{"origin": [-4, 12, -4], "size": [8, 12, 4], "inflate": 0.5, "uv": [16, 32]}
					]
				},
				{
					"name": "waist",
					"parent": "body",
					"pivot": [0, 12, 0]
				},
				{
					"name": "head",
					"parent": "root",
					"pivot": [0, 24, 0],
					"cubes": [
						{"origin": [-4, 24, -6], "size": [8, 8, 8], "inflate": 0.5, "uv": [0, 0]},
						{"origin": [-4, 24, -6], "size": [8, 8, 8], "inflate": 1, "uv": [32, 0]}
					]
				},
				{
					"name": "rightArm",
					"parent": "root",
					"pivot": [-5, 22, 0],
					"cubes": [
						{"origin": [-7, 12, -4], "size": [4, 12, 4], "uv": [0, 16]}
					]
				},
				{
					"name": "rightSleeve",
					"parent": "rightArm",
					"pivot": [-5, 22, 0],
					"cubes": [
						{"origin": [-7, 12, -4], "size": [4, 12, 4], "inflate": 0.5, "uv": [48, 48]}
					]
				},
				{
					"name": "rightItem",
					"parent": "rightArm",
					"pivot": [-6, 15, 1]
				},
				{
					"name": "leftArm",
					"parent": "root",
					"pivot": [5, 22, 0],
					"cubes": [
						{"origin": [4, 12, -4], "size": [4, 12, 4], "uv": [40, 16], "mirror": true}
					]
				},
				{
					"name": "leftSleeve",
					"parent": "leftArm",
					"pivot": [5, 22, 0],
					"cubes": [
						{"origin": [4, 12, -4], "size": [4, 12, 4], "inflate": 0.5, "uv": [40, 32], "mirror": true}
					]
				},
				{
					"name": "leftItem",
					"parent": "leftArm",
					"pivot": [6, 15, 1]
				},
				{
					"name": "rightLeg",
					"parent": "root",
					"pivot": [-1.9, 12, 0],
					"cubes": [
						{"origin": [-4.05, 0, 0], "size": [4, 12, 4], "pivot": [0, 0, 2], "rotation": [10, 0, 0], "uv": [16, 48]}
					]
				},
				{
					"name": "rightPants",
					"parent": "rightLeg",
					"pivot": [-1.9, 12, 0],
					"cubes": [
						{"origin": [-4.25, 0, 0], "size": [4, 12, 4], "inflate": 0.25, "pivot": [0, 0, 2], "rotation": [10, 0, 0], "uv": [0, 48]}
					]
				},
				{
					"name": "leftLeg",
					"parent": "root",
					"pivot": [1.9, 12, 0],
					"rotation": [10, 0, 0],
					"cubes": [
						{"origin": [0.05, 0, -2], "size": [4, 12, 4], "uv": [32, 48], "mirror": true}
					]
				},
				{
					"name": "leftPants",
					"parent": "leftLeg",
					"pivot": [1.9, 12, 0],
					"cubes": [
						{"origin": [0.25, 0, -2], "size": [4, 12, 4], "inflate": 0.25, "uv": [0, 32], "mirror": true}
					]
				}
			]
		}
	]
}