{
  "format_version": "1.13.0",
  "minecraft:entity": {
    "description": {
      "identifier": "pvz:bonk_choy",
      "is_spawnable": false,
      "is_summonable": true,
      "is_experimental": false
    },

    "component_groups": {
      "minecraft:plant_food": {
        "minecraft:attack": {
          "damage": 0
        },
        "minecraft:health": {
          "value": 500,
          "max": 500
        },
        "minecraft:area_attack" : {
          "damage_range": 1.5,
          "damage_per_tick": 7,
          "cause": "contact",
          "entity_filter": {
            "any_of": [
              { "test": "is_family", "subject": "other", "value": "undead" },
              { "test": "is_family", "subject": "other", "value": "monster" }
           ] 
         }
       },
		"minecraft:timer": {
		  "looping": false,
		  "time": 2.75,
		  "time_down_event": {
			"event": "minecraft:back_to_normal",
			"target": "self"
			}
		  }
		},
      "minecraft:normal": {
       "minecraft:attack": {
         "damage": 4
      },
      "minecraft:health": {
        "value": 30,
        "max": 30
        }
      },
      "minecraft:tacobility": {
			"minecraft:transformation": {
				"into": "taco:bonk_choy<minecraft:entity_spawned>",
				"delay": 0
        }
      },
      "minecraft:snowman_sheared": {
			"minecraft:transformation": {
				"into": "anim:no",
				"delay": 0
		   }
      }      
    },

    "components": {
      "minecraft:type_family": {
        "family": [ "snowgolem", "plant", "mob" ]
      },
      "minecraft:behavior.find_mount": {
        "priority": 1,
        "within_radius": 2
      },
      "minecraft:collision_box": {
        "width": 0.3,
        "height": 0.3
      },
      "minecraft:movement": {
        "value": 0
      },
      "minecraft:movement.basic": {
      },
      "minecraft:navigation.walk": {
        "can_break_doors": true
      },
      "minecraft:annotation.break_door": {
      },
      "minecraft:jump.static": {
      },
      "minecraft:can_climb": {
      },
      "minecraft:hurt_on_condition": {
        "damage_conditions": [
          {
            "filters": { "test": "in_lava", "subject": "self", "operator": "==", "value": true },
            "cause": "lava",
            "damage_per_tick": 4
          }
        ]
      },
      "minecraft:loot": {
        "table": "loot_tables/entities/empty.json"
      },
      "minecraft:knockback_resistance": {
        "value": 100
      },
      "minecraft:interact": {
        "interactions": [
          {
            "cooldown": 2.5,
            "use_item": false,
            "hurt_item": 1,
            "play_sounds": "shear",
            "interact_text": "action.interact.dig",
            "on_interact": {
              "filters": {
                "all_of": [
                  { "test": "has_equipment", "subject": "other", "domain": "hand", "value": "pvz:garden_shovel"},
                  { "test": "is_family", "subject": "other", "value": "player"},
                  { "test": "has_component", "operator": "!=", "value": "minecraft:is_sheared"}
                ]
              },
              "event": "minecraft:on_sheared",
              "target": "self"
            }
          },
          {
            "cooldown": 2.5,
            "use_item": true,
            "interact_text": "action.interact.food",
            "on_interact": {
              "filters": {
                "all_of": [
                  { "test": "has_equipment", "subject": "other", "domain": "hand", "value": "pvz:plant_food"},
                  { "test": "is_family", "subject": "other", "value": "player"},
                  { "test": "has_component", "operator": "!=", "value": "minecraft:is_sheared"}
                ]
              },
              "event": "minecraft:on_food",
              "target": "self"
            }
          },
          {
            "cooldown": 2.5,
            "use_item": true,
            "interact_text": "action.interact.taco",
            "on_interact": {
              "filters": {
                "all_of": [
                  { "test": "has_equipment", "subject": "other", "domain": "hand", "value": "pvz:tacobility"},
                  { "test": "is_family", "subject": "other", "value": "player"},
                  { "test": "has_component", "operator": "!=", "value": "minecraft:is_sheared"}
                ]
              },
              "event": "minecraft:on_taco",
              "target": "self"
            }
          }
        ]
      },
      "minecraft:behavior.melee_attack": {
        "priority": 3,
        "speed_multiplier": 1,
		"cooldown_time": 0.25,
        "track_target": false
      },
      "minecraft:behavior.random_stroll": {
        "priority": 6,
        "speed_multiplier": 1
      }, "minecraft:behavior.nearest_attackable_target": {
        "priority": 1,
        "must_see": true,
        "reselect_targets": true,
        "entity_types": [
          {
            "filters": { "test" :  "is_family", "subject" : "other", "value" :  "monster"},
            "within_default": 6
          }
        ],
        "must_reach": true
      },
      "minecraft:physics": {
      },
      "minecraft:pushable": {
        "is_pushable": false,
        "is_pushable_by_piston": true
      }
    },

    "events": {
	  "minecraft:entity_spawned": {
		"add": {
		  "component_groups": [
			"minecraft:normal"
		  ]
		}
	  },
      "minecraft:on_sheared": {
        "run_command": {
		  "command": [
			"give @p pvz:bonk_choy_seed"
		  ]
        },
        "add": {
          "component_groups": [
            "minecraft:snowman_sheared"
          ]
        }
      },
      "minecraft:on_taco": {
        "remove": {
        },
        "add": {
          "component_groups": [
            "minecraft:tacobility"
          ]
        }
      },
      "minecraft:on_food": {
		"run_command": {
		  "command": [ 
			"playanimation @s animation.bonk_choy.food",
			"scoreboard players add @p[tag=plants_six] plant_food 1"
		  ]
		},
        "remove": {
		  "component_groups": [
			"minecraft:normal"
		  ]
        },
        "add": {
          "component_groups": [
            "minecraft:plant_food"
          ]
        }
      },
      "minecraft:back_to_normal": {
        "remove": {
			   "component_groups": [
				   "minecraft:plant_food"
			   ]
        },
        "add": {
          "component_groups": [
            "minecraft:normal"
          ]
        }
      }
    }
  }
}