{
  "format_version": "1.13.0",
  "minecraft:entity": {
    "description": {
      "identifier": "pvz:cabbage_pult",
      "is_spawnable": false,
      "is_summonable": true,
      "is_experimental": false
    },

    "component_groups": {
      "minecraft:snowman_sheared": {
			"minecraft:transformation": {
				"into": "anim:no",
				"delay": 0
        }
      },
      "minecraft:tacobility": {
			"minecraft:transformation": {
				"into": "taco:cabbage_pult",
				"delay": 0
		   }
      }      
    },

    "components": {
      "minecraft:type_family": {
        "family": [ "snowgolem", "plant", "mob" ]
      },
      "minecraft:breathable": {
        "total_supply": 15,
        "suffocate_time": 0
      },
      "minecraft:nameable": {
      },
      "minecraft:behavior.find_mount": {
        "priority": 1,
        "within_radius": 2
      },
      "minecraft:collision_box": {
        "width": 0.2,
        "height": 0.3
      },
      "minecraft:loot": {
        "table": "loot_tables/entities/empty.json"
      },
      "minecraft:health": {
        "value": 10,
        "max": 10
      },
      "minecraft:movement": {
        "value": 0
      },
      "minecraft:navigation.walk": {
        "avoid_water": true
      },
      "minecraft:movement.basic": {
      },
      "minecraft:jump.static": {
      },
      "minecraft:can_climb": {
      },
      "minecraft:attack": {
        "damage": 4
      },
      "minecraft:damage_sensor": [
        {
          "on_damage": {
            "filters": {
              "test": "is_family",
              "subject": "other",
              "value": "plant"
            }
          },
          "deals_damage": false
        }
      ],
      "minecraft:hurt_on_condition": {
        "damage_conditions": [
          {
            "filters": { "test": "in_lava", "subject": "self", "operator": "==", "value": true },
            "cause": "lava",
            "damage_per_tick": 4
          }
        ]
      },
      "minecraft:interact": {
        "interactions": [
          {
            "cooldown": 2.5,
            "use_item": false,
            "hurt_item": 1,
            "play_sounds": "shear",
            "interact_text": "action.interact.dig",
            "on_interact": {
              "filters": {
                "all_of": [
                  { "test": "has_equipment", "subject": "other", "domain": "hand", "value": "pvz:garden_shovel"},
                  { "test": "is_family", "subject": "other", "value": "player"},
                  { "test": "has_component", "operator": "!=", "value": "minecraft:is_sheared"}
                ]
              },
              "event": "minecraft:on_sheared",
              "target": "self"
            }
          },
          {
            "cooldown": 2.5,
            "use_item": true,
            "interact_text": "action.interact.taco",
            "on_interact": {
              "filters": {
                "all_of": [
                  { "test": "has_equipment", "subject": "other", "domain": "hand", "value": "pvz:tacobility"},
                  { "test": "is_family", "subject": "other", "value": "player"},
                  { "test": "has_component", "operator": "!=", "value": "minecraft:is_sheared"}
                ]
              },
              "event": "minecraft:on_taco",
              "target": "self"
            }
          }
        ]
      },
      "minecraft:balloonable": {
      },
      "minecraft:behavior.ranged_attack": {
        "priority": 1,
        "speed_multiplier": 1.25,
        "attack_interval": 2.29,
        "attack_radius": 30,
        "burst_interval": 1
      },
      "minecraft:shooter": {
        "def": "shoot:cabbage"
      },
      "minecraft:knockback_resistance": {
        "value": 100
      },
      "minecraft:behavior.random_stroll": {
        "priority": 2,
        "speed_multiplier": 1
      },
      "minecraft:behavior.nearest_attackable_target": {
        "priority": 1,
        "must_see": true,
        "reselect_targets": true,
        "entity_types": [
          {
            "filters": { "test" :  "is_family", "subject" : "other", "value" :  "monster"},
            "within_default": 6
          }
        ],
        "must_reach": true
      },
      "minecraft:persistent": {
      },
      "minecraft:physics": {
      },
      "minecraft:pushable": {
        "is_pushable": false,
        "is_pushable_by_piston": true
      }
    },

    "events": {
      "minecraft:on_taco": {
        "remove": {
        },
        "add": {
          "component_groups": [
            "minecraft:tacobility"
          ]
        }
      },
      "minecraft:on_sheared": {
		"run_command": {
		  "command": [
			"give @p pvz:cabbage_seed"
		  ]
        },
        "remove": {
        },
        "add": {
          "component_groups": [
            "minecraft:snowman_sheared"
          ]
        }
      }
    }
  }
}