{
	"format_version": "1.16.0",
	"minecraft:entity": {
		"description": {
			"identifier": "grave:eaten ",
      "is_spawnable": false,
			"is_summonable": true,
			"is_experimental": false
    },
		"component_groups": {
			"minecraft:start_dying": {
				"minecraft:timer": {
					"looping": false,
					"time": 10,
					"time_down_event": {
						"event": "minecraft:death_event",
						"target": "self"
					}
				}
			},
			"minecraft:death": {
				"minecraft:transformation": {
					"into": "spawn:dissapear",
					"delay": 0
				}
			}
		},
		"components": {
			"minecraft:type_family": {
				"family": [
					"inanimate",
					"plant",
					"mob"
				]
			},
        "minecraft:scale": {
          "value": 1.1
        },
			"minecraft:loot": {
				"table": "loot_tables/entities/empty.json"
			},
			"minecraft:health": {
				"value": 20,
				"max": 20
			},
      "minecraft:interact": {
        "interactions": [
          {
            "cooldown": 2.5,
            "use_item": false,
            "hurt_item": 1,
            "play_sounds": "shear",
            "interact_text": "action.interact.dig",
            "on_interact": {
              "filters": {
                "all_of": [
                  { "test": "has_equipment", "subject": "other", "domain": "hand", "value": "pvz:garden_shovel"},
                  { "test": "is_family", "subject": "other", "value": "player"},
                  { "test": "has_component", "operator": "!=", "value": "minecraft:is_sheared"}
                ]
              },
              "event": "minecraft:on_sheared",
              "target": "self"
            }
          }
        ]
      },
        "minecraft:collision_box": {
          "width": 0.4,
          "height": 1.2
        },
			"minecraft:knockback_resistance": {
				"value": 1
			},
			"minecraft:physics": {},
			"minecraft:pushable": {
				"is_pushable": false,
				"is_pushable_by_piston": false
			}
		},
		"events": {
       "minecraft:on_sheared": {
         "remove": {
         },
         "add": {
           "component_groups": [
             "minecraft:snowman_sheared"
           ]
         }
       },
			"minecraft:death_event": {
				"add": {
					"component_groups": [
						"minecraft:death"
					]
				}
			},
			"minecraft:entity_spawned": {
				"add": {
					"component_groups": [
						"minecraft:start_dying"
					]
				}
			}
		}
	}
}