{
  "format_version": "1.16.0",
  "minecraft:entity": {
    "description": {
      "identifier": "pvz:megagatling",
      "is_spawnable": false,
      "is_summonable": true,
      "is_experimental": false
    },

    "component_groups": {
      "minecraft:plant_food": {
        "minecraft:shooter": {
          "def": "shoot:gatpea"
        },
        "minecraft:variant": {
          "value": 1
        },
        "minecraft:behavior.ranged_attack": {
          "priority": 1,
          "speed_multiplier": 2.25,
          "attack_interval": 0.5,
          "attack_radius": 30,
          "burst_shots": 60,
          "burst_interval": 0.1
        },
		"minecraft:timer": {
		  "looping": false,
		  "time": 8.1,
		  "time_down_event": {
		  "event": "minecraft:big_shoot",
		  "target": "self"
		  }
	    }
      },
	  "minecraft:upplant_food": {
        "minecraft:shooter": {
          "def": "fire:gatpea"
        },
        "minecraft:variant": {
          "value": 1
        },
        "minecraft:behavior.ranged_attack": {
          "priority": 1,
          "speed_multiplier": 2.25,
          "attack_interval": 0.5,
          "attack_radius": 30,
          "burst_shots": 60,
          "burst_interval": 0.1
        },
		"minecraft:timer": {
		  "looping": false,
		  "time": 8.1,
		  "time_down_event": {
		  "event": "minecraft:big_shoot",
		  "target": "self"
		  }
	    }
      },
      "minecraft:final_shoot": {
        "minecraft:shooter": {
          "def": "shoot:bigpea"
        },
        "minecraft:variant": {
          "value": 2
        },
        "minecraft:behavior.ranged_attack": {
          "priority": 1,
          "speed_multiplier": 2.25,
          "attack_interval": 1,
          "attack_radius": 30,
          "burst_shots": 3,
          "burst_interval": 0.5
        },
		"minecraft:timer": {
		  "looping": false,
		  "time": 2.0,
		  "time_down_event": {
		  "event": "minecraft:upgraded",
		  "target": "self"
		  }
	    }
      },
      "minecraft:normal": {
        "minecraft:variant": {
          "value": 0
        },
		"minecraft:timer": {
		  "looping": true,
		  "randomInterval": true,
		  "time": [30, 300],
	      "time_down_event": {
		   "event": "minecraft:on_food"
		  }
	    },
		"minecraft:interact": {
        "interactions": [
          {
            "cooldown": 2.5,
            "use_item": false,
            "hurt_item": 1,
            "play_sounds": "shear",
            "interact_text": "action.interact.dig",
            "on_interact": {
              "filters": {
                "all_of": [
                  { "test": "has_equipment", "subject": "other", "domain": "hand", "value": "pvz:garden_shovel"},
                  { "test": "is_family", "subject": "other", "value": "player"},
                  { "test": "has_component", "operator": "!=", "value": "minecraft:is_sheared"}
                ]
              },
              "event": "minecraft:on_sheared",
              "target": "self"
            }
          },
          {
            "cooldown": 2.5,
            "use_item": true,
            "interact_text": "action.interact.food",
            "on_interact": {
              "filters": {
                "all_of": [
                  { "test": "has_equipment", "subject": "other", "domain": "hand", "value": "pvz:plant_food"},
                  { "test": "is_family", "subject": "other", "value": "player"},
                  { "test": "has_component", "operator": "!=", "value": "minecraft:is_sheared"}
                ]
              },
              "event": "minecraft:on_food",
              "target": "self"
            }
          },
          {
            "cooldown": 2.5,
            "use_item": true,
            "interact_text": "action.interact.taco",
            "on_interact": {
              "filters": {
                "all_of": [
                  { "test": "has_equipment", "subject": "other", "domain": "hand", "value": "pvz:tacobility"},
                  { "test": "is_family", "subject": "other", "value": "player"},
                  { "test": "has_component", "operator": "!=", "value": "minecraft:is_sheared"}
                ]
              },
              "event": "minecraft:on_taco",
              "target": "self"
              }
            }
          ]
        },
        "minecraft:behavior.ranged_attack": {
          "priority": 1,
          "speed_multiplier": 2.25,
          "attack_interval": 1.19,
          "attack_radius": 30,
          "burst_shots": 4,
          "burst_interval": 0.1
        },
        "minecraft:shooter": {
          "def": "shoot:gatpea"
        }
      },
	  "minecraft:upgrade": {
        "minecraft:variant": {
          "value": 3
        },
		"minecraft:timer": {
		  "looping": true,
		  "randomInterval": true,
		  "time": [30, 300],
	      "time_down_event": {
		   "event": "minecraft:on_food"
		  }
	    },
		"minecraft:interact": {
        "interactions": [
          {
            "cooldown": 2.5,
            "use_item": false,
            "hurt_item": 1,
            "play_sounds": "shear",
            "interact_text": "action.interact.dig",
            "on_interact": {
              "filters": {
                "all_of": [
                  { "test": "has_equipment", "subject": "other", "domain": "hand", "value": "pvz:garden_shovel"},
                  { "test": "is_family", "subject": "other", "value": "player"},
                  { "test": "has_component", "operator": "!=", "value": "minecraft:is_sheared"}
                ]
              },
              "event": "minecraft:on_digged",
              "target": "self"
            }
          },
          {
            "cooldown": 2.5,
            "use_item": false,
            "hurt_item": 1,
            "play_sounds": "shear",
            "interact_text": "action.interact.food",
            "on_interact": {
              "filters": {
                "all_of": [
                  { "test": "has_equipment", "subject": "other", "domain": "hand", "value": "pvz:plant_food"},
                  { "test": "is_family", "subject": "other", "value": "player"},
                  { "test": "has_component", "operator": "!=", "value": "minecraft:is_sheared"}
                ]
              },
              "event": "minecraft:on_upfood",
              "target": "self"
            }
          },
          {
            "cooldown": 2.5,
            "use_item": false,
            "hurt_item": 1,
            "play_sounds": "shear",
            "interact_text": "action.interact.taco",
            "on_interact": {
              "filters": {
                "all_of": [
                  { "test": "has_equipment", "subject": "other", "domain": "hand", "value": "pvz:tacobility"},
                  { "test": "is_family", "subject": "other", "value": "player"},
                  { "test": "has_component", "operator": "!=", "value": "minecraft:is_sheared"}
                ]
              },
              "event": "minecraft:on_taco",
              "target": "self"
              }
            }
          ]
        },
        "minecraft:behavior.ranged_attack": {
          "priority": 1,
          "speed_multiplier": 2.25,
          "attack_interval": 1.19,
          "attack_radius": 30,
          "burst_shots": 4,
          "burst_interval": 0.1
        },
        "minecraft:shooter": {
		"def": "fire:gatpea"
        }
      },
      "minecraft:tacobility": {
		"minecraft:transformation": {
		  "into": "taco:megagatling<minecraft:entity_spawned>",
		  "delay": 0
        }
      },
	  "minecraft:tacobility_upgrade": {
		"minecraft:transformation": {
		  "into": "taco:megagatling<minecraft:upgraded>",
   		  "delay": 0
        }
      },
      "minecraft:snowman_sheared": {
	    "minecraft:transformation": {
		  "into": "anim:no",
		  "delay": 0
		}
      }      
    },

    "components": {
      "minecraft:type_family": {
        "family": [ "snowgolem", "plant", "mob" ]
      },
      "minecraft:behavior.find_mount": {
        "priority": 1,
        "within_radius": 2
      },
      "minecraft:breathable": {
        "total_supply": 15,
        "suffocate_time": 0
      },
      "minecraft:nameable": {
      },
      "minecraft:collision_box": {
        "width": 0.2,
        "height": 0.3
      },
      "minecraft:loot": {
        "table": "loot_tables/entities/empty.json"
      },
      "minecraft:health": {
        "value": 10,
        "max": 10
      },
      "minecraft:movement": {
        "value": 0
      },
      "minecraft:navigation.walk": {
        "avoid_water": true
      },
      "minecraft:movement.basic": {
      },
      "minecraft:jump.static": {
      },
      "minecraft:can_climb": {
      },
      "minecraft:attack": {
        "damage": 4
      },
      "minecraft:hurt_on_condition": {
        "damage_conditions": [
          {
            "filters": { "test": "in_lava", "subject": "self", "operator": "==", "value": true },
            "cause": "lava",
            "damage_per_tick": 4
          }
        ]
      },
      "minecraft:damage_sensor": {
        "triggers": {
          "on_damage": {
            "filters": {
              "all_of": [
                {
                  "test": "has_damage",
                  "value": "fatal"
                },
                {
                  "test": "is_family",
                  "subject": "other",
                  "value": "plant"
                }
              ]
            },
          "deals_damage": false
          }
        }
      },
      "minecraft:balloonable": {
      },
      "minecraft:knockback_resistance": {
        "value": 100
      },
      "minecraft:behavior.random_stroll": {
        "priority": 2,
        "speed_multiplier": 1
      },
      "minecraft:behavior.nearest_attackable_target": {
        "priority": 1,
        "must_see": true,
        "reselect_targets": true,
        "entity_types": [
          {
            "filters": { "test" :  "is_family", "subject" : "other", "value" :  "monster"},
            "within_default": 6
          }
        ],
        "must_reach": true
      },
      "minecraft:persistent": {
      },
      "minecraft:physics": {
      },
      "minecraft:pushable": {
        "is_pushable": false,
        "is_pushable_by_piston": true
      }
    },

    "events": {
	  "minecraft:entity_spawned": {
		"add": {
		  "component_groups": [
			"minecraft:normal"
		  ]
		}
	  },
      "minecraft:on_sheared": {
		"run_command": {
		  "command": [
			"give @p pvz:megagatling_seed"
		  ]
        },
        "remove": {
        },
        "add": {
          "component_groups": [
            "minecraft:snowman_sheared"
          ]
        }
      },
      "minecraft:on_taco": {
        "remove": {
        },
        "add": {
          "component_groups": [
            "minecraft:tacobility"
          ]
        }
      },
      "minecraft:on_food": {
		"run_command": {
		  "command": [
			"scoreboard players add @p[tag=plants_six] plant_food 1"
		  ]
		},
        "remove": {
		  "component_groups": [
			"minecraft:normal"
		  ]
        },
        "add": {
          "component_groups": [
            "minecraft:plant_food"
          ]
        }
      },
	  "minecraft:on_upfood": {
		"run_command": {
		  "command": [
			"scoreboard players add @p[tag=plants_six] plant_food 1"
		  ]
		},
        "remove": {
		  "component_groups": [
			"minecraft:upgrade"
		  ]
        },
        "add": {
          "component_groups": [
            "minecraft:upplant_food"
          ]
        }
      },
      "minecraft:big_shoot": {
        "remove": {
		  "component_groups": [
			"minecraft:plant_food"
		  ]
        },
        "add": {
          "component_groups": [
            "minecraft:final_shoot"
          ]
        }
      },
      "minecraft:upgraded": {
        "remove": {
		  "component_groups": [
		    "minecraft:final_shoot"
		  ]
        },
        "add": {
          "component_groups": [
            "minecraft:upgrade"
          ]
        }
      }
    }
  }
}