{
  "format_version": "1.13.0",
  "minecraft:entity": {
    "description": {
      "identifier": "pvz:pumpkin",
      "is_spawnable": false,
      "is_summonable": true,
      "is_experimental": false
    },
    "component_groups": {
      "minecraft:plant_food": {
		"minecraft:transformation": {
		  "into": "pvz:ppumpkin",
          "spawn_event": "minecraft:entity_spawned",
		  "delay": 0
        }
      },
      "minecraft:tacobility": {
		"minecraft:transformation": {
		  "into": "taco:pumpkin",
		  "delay": 0
        }
      },
      "minecraft:snowman_sheared": {
		"minecraft:transformation": {
		  "into": "anim:no",
		  "delay": 0
		}
      }     
    },

    "components": {
      "minecraft:type_family": {
        "family": [ "snowgolem", "defense", "mob" ]
      },
      "minecraft:rideable": {
        "seat_count": 1,
        "family_types": [
            "plant"
        ],
        "seats": {
          "position": [ 0.0, 0.1, 0.0 ]
        }
      },
      "minecraft:collision_box": {
        "width": 0.25,
        "height": 0.65
      },
      "minecraft:knockback_resistance": {
        "value": 100
      },
      "minecraft:health": {
        "value": 60,
        "max": 60
      },
      "minecraft:damage_sensor": [
        {
          "on_damage": {
            "filters": {
              "test": "is_family",
              "subject": "other",
              "value": "plant"
            }
          },
          "deals_damage": false
        }
      ],
      "minecraft:hurt_on_condition": {
        "damage_conditions": [
          {
            "filters": { "test": "in_lava", "subject": "self", "operator": "==", "value": true },
            "cause": "lava",
            "damage_per_tick": 4
          }
        ]
      },
      "minecraft:interact": {
        "interactions": [
          {
            "cooldown": 2.5,
            "use_item": false,
            "hurt_item": 1,
            "play_sounds": "shear",
            "interact_text": "action.interact.dig",
            "on_interact": {
              "filters": {
                "all_of": [
                  { "test": "has_equipment", "subject": "other", "domain": "hand", "value": "pvz:garden_shovel"},
                  { "test": "is_family", "subject": "other", "value": "player"},
                  { "test": "has_component", "operator": "!=", "value": "minecraft:is_sheared"}
                ]
              },
              "event": "minecraft:on_sheared",
              "target": "self"
            }
          },
          {
            "cooldown": 2.5,
            "use_item": true,
            "interact_text": "action.interact.taco",
            "on_interact": {
              "filters": {
                "all_of": [
                  { "test": "has_equipment", "subject": "other", "domain": "hand", "value": "pvz:tacobility"},
                  { "test": "is_family", "subject": "other", "value": "player"},
                  { "test": "has_component", "operator": "!=", "value": "minecraft:is_sheared"}
                ]
              },
              "event": "minecraft:on_taco",
              "target": "self"
            }
          },
          {
            "cooldown": 2.5,
            "use_item": true,
            "interact_text": "action.interact.food",
            "on_interact": {
              "filters": {
                "all_of": [
                  { "test": "has_equipment", "subject": "other", "domain": "hand", "value": "pvz:plant_food"},
                  { "test": "is_family", "subject": "other", "value": "player"},
                  { "test": "has_component", "operator": "!=", "value": "minecraft:is_sheared"}
                ]
              },
              "event": "minecraft:on_food",
              "target": "self"
            }
          }
        ]
      },
      "minecraft:loot": {
        "table": "loot_tables/block/empty.json"
      },
      "minecraft:nameable": {
      },
      "minecraft:persistent": {
      },
      "minecraft:physics": {
      },
      "minecraft:pushable": {
        "is_pushable": false,
        "is_pushable_by_piston": true
      }
    },

    "events": {
      "minecraft:on_food": {
		"run_command": {
		  "command": [
			"scoreboard players add @p[tag=plants_six] plant_food 1"
		  ]
		},
        "remove": {
        },
        "add": {
          "component_groups": [
            "minecraft:plant_food"
          ]
        }
      },
      "minecraft:on_taco": {
        "remove": {
        },
        "add": {
          "component_groups": [
            "minecraft:tacobility"
          ]
        }
      },
      "minecraft:on_sheared": {
		"run_command": {
		  "command": [
			"give @p pvz:pumpkin_seed"
		  ]
        },
        "remove": {
        },
        "add": {
          "component_groups": [
            "minecraft:snowman_sheared"
          ]
        }
      }
    }
  }
}