{
	"format_version": "1.8.0",
	"minecraft:entity": {
		"description": {
			"identifier": "pvz:sprout",
			"is_spawnable": false,
			"is_summonable": true,
			"is_experimental": false
		},
		"component_groups": {
			"pvz:seeds": {
			  "minecraft:transformation": {
				  "into": "anim:no"
				 }
		   },
			"pvz:at_1": {
				"minecraft:scale": {
					"value": 0.05
				},
				"minecraft:timer": {
					"time": 0.03,
					"looping": false,
					"time_down_event": {
						"event": "at_2",
						"target": "self"
					}
				}
			},
			"pvz:at_2": {
				"minecraft:scale": {
					"value": 0.25
				},
				"minecraft:timer": {
					"time": 0.03,
					"looping": false,
					"time_down_event": {
						"event": "at_3",
						"target": "self"
					}
				}
			},
			"pvz:at_3": {
				"minecraft:scale": {
					"value": 0.25
				},
				"minecraft:timer": {
					"time": 0.03,
					"looping": false,
					"time_down_event": {
						"event": "at_4",
						"target": "self"
					}
				}
			},
			"pvz:at_4": {
				"minecraft:scale": {
					"value": 0.35
				},
				"minecraft:timer": {
					"time": 0.02,
					"looping": false,
					"time_down_event": {
						"event": "at_5",
						"target": "self"
					}
				}
			},
			"pvz:at_5": {
				"minecraft:scale": {
					"value": 0.75
				},
				"minecraft:timer": {
					"time": 0.02,
					"looping": false,
					"time_down_event": {
						"event": "at_6",
						"target": "self"
					}
				}
			},
			"pvz:at_6": {
				"minecraft:scale": {
					"value": 0.45
				},
				"minecraft:timer": {
					"time": 0.02,
					"looping": false,
					"time_down_event": {
						"event": "at_complete",
						"target": "self"
					}
				}
			},
		  "pvz:at_complete": {
			  "minecraft:scale": {
				  "value": 0.5
		 	   }
		 	 }
		 },
		"components": {
			"minecraft:identifier": {
				"id": "tramp:hologram_spikes"
			},
			"minecraft:type_family": {
				"family": [ "hologram" ]
			},
			"minecraft:collision_box": {
				"width": 0.25,
				"height": 0.25
			},
			"minecraft:is_stackable": {
			},
			"minecraft:physics": {
			},
			"minecraft:health": {
				"value": 10,
				"max": 10
			},
			"minecraft:fall_damage": {
				"value": 0.0
			},
			"minecraft:push_through": {
				"value": 1
			},
			"minecraft:knockback_resistance": {
				"value": 1.0,
				"max": 1.0
			},
			"minecraft:interact": [
				{
					"on_interact": {
						"filters": {
							"all_of": [
								{
									"test": "has_equipment",
									"subject": "player",
									"domain": "hand",
									"value": "pvz:pea"
								}
							]
						},
						"event": "pea_seed"
					},
            "use_item": true,
					"interact_text": "action.interact.grow"
				},
				{
					"on_interact": {
						"filters": {
							"all_of": [
								{
									"test": "has_equipment",
									"subject": "player",
									"domain": "hand",
									"value": "pvz:sun_fruit"
								}
							]
						},
						"event": "sun_seed"
					},
            "use_item": true,
					"interact_text": "action.interact.grow"
				},
				{
					"on_interact": {
						"filters": {
							"all_of": [
								{
									"test": "has_equipment",
									"subject": "player",
									"domain": "hand",
									"value": "pvz:nut"
								}
							]
						},
						"event": "nut_seed"
					},
            "use_item": true,
					"interact_text": "action.interact.grow"
				},
				{
					"on_interact": {
						"filters": {
							"all_of": [
								{
									"test": "has_equipment",
									"subject": "player",
									"domain": "hand",
									"value": "potato"
								}
							]
						},
						"event": "potato_seed"
					},
            "use_item": true,
					"interact_text": "action.interact.grow"
				},
				{
					"on_interact": {
						"filters": {
							"all_of": [
								{
									"test": "has_equipment",
									"subject": "player",
									"domain": "hand",
									"value": "pvz:cabbage"
								}
							]
						},
						"event": "cabagge_seed"
					},
            "use_item": true,
					"interact_text": "action.interact.grow"
				}
			]
		},
		"events": {
			"minecraft:entity_spawned": {
				"add": {
					"component_groups": [ "pvz:at_1" ]
				}
			},
			"at_2": {
				"add": {
					"component_groups": [ "pvz:at_2" ]
				},
				"remove": {
					"component_groups": [ "pvz:at_1" ]
				}
			},
			"at_3": {
				"add": {
					"component_groups": [ "pvz:at_3" ]
				},
				"remove": {
					"component_groups": [ "pvz:at_2" ]
				}
			},
			"at_4": {
				"add": {
					"component_groups": [ "pvz:at_4" ]
				},
				"remove": {
					"component_groups": [ "pvz:at_3" ]
				}
			},
			"at_5": {
				"add": {
					"component_groups": [ "pvz:at_5" ]
				},
				"remove": {
					"component_groups": [ "pvz:at_4" ]
				}
			},
			"at_6": {
				"add": {
					"component_groups": [ "pvz:at_6" ]
				},
				"remove": {
					"component_groups": [ "pvz:at_5" ]
				}
			},
			"at_complete": {
				"add": {
					"component_groups": [ "muc:at_complete" ]
				},
				"remove": {
					"component_groups": [ "pvz:at_6" ]
				}
			},
			"pea_seed": {
			  "run_command": {
				"command": [
				  "give @p pvz:peashooter_seed"
				]
			  },
			  "add": {
				"component_groups": [ "pvz:seeds" ]
			  }
			},
			"sun_seed": {
			  "run_command": {
				"command": [
				  "give @p pvz:sunflower_seed"
				]
			  },
			  "add": {
				"component_groups": [ "pvz:seeds" ]
			  }
			},
			"nut_seed": {
			  "run_command": {
				"command": [
				  "give @p pvz:wallnut_seed"
				]
			  },
			  "add": {
				"component_groups": [ "pvz:seeds" ]
			  }
			},
			"potato_seed": {
			  "run_command": {
				"command": [
				  "give @p pvz:potatomine_seed"
				]
			  },
			  "add": {
				"component_groups": [ "pvz:seeds" ]
			  }
			},
			"cabagge_seed": {
			  "run_command": {
				"command": [
				  "give @p pvz:cabbage_seed"
				]
			  },
			  "add": {
				"component_groups": [ "pvz:seeds" ]
			  }
			}
		}
	}
}