{
	"format_version": "1.8.0",
	"animations": {
		"animation.crab.render": {
			"loop": "hold_on_last_frame",
			"bones": {
				"right01": {
					"rotation": [0, -17.5, 0]
				},
				"right2": {
					"rotation": [-25, 0, 0]
				},
				"bigclaw": {
					"rotation": [0, -2.5, 0]
				},
				"top": {
					"rotation": [-35, 0, 0]
				},
				"rightclaw": {
					"rotation": [0, 22.5, 0]
				}
			}
		},
		"animation.crab.walk": {
			"loop": true,
			"animation_length": 0.5,
			"bones": {
				"crab": {
					"rotation": [0, 90, 0]
				},
				"left0": {
					"rotation": {
						"0.0": [0, 0, 0],
						"0.25": [0, 0, -30],
						"0.5": [0, 0, 0]
					}
				},
				"left1": {
					"rotation": {
						"0.0": [0, 0, -30],
						"0.25": [0, 0, 0],
						"0.5": [0, 0, -30]
					}
				},
				"left2": {
					"rotation": {
						"0.0": [0, 0, 0],
						"0.25": [0, 0, -30],
						"0.5": [0, 0, 0]
					}
				},
				"right0": {
					"rotation": {
						"0.0": [0, 0, 30],
						"0.25": [0, 0, 0],
						"0.5": [0, 0, 30]
					}
				},
				"right1": {
					"rotation": {
						"0.0": [0, 0, 0],
						"0.25": [0, 0, 30],
						"0.5": [0, 0, 0]
					}
				},
				"right2": {
					"rotation": {
						"0.0": [0, 0, 30],
						"0.25": [0, 0, 0],
						"0.5": [0, 0, 30]
					}
				}
			}
		},
		"animation.crab.attack_claw": {
			"loop": true,
			"animation_length": 2,
			"bones": {
				"bigclaw": {
					"rotation": {
						"0.0": [0, -90, -20],
						"0.5": [-5, -80, -20],
						"1.0": [-10, -90, -20],
						"1.5": [-5, -100, -20],
						"2.0": [0, -90, -20]
					},
					"position": [0, 2, 0]
				},
				"top": {
					"rotation": {
						"0.0": [0, 0, 0],
						"1.5": [-22.5, 0, 0],
						"2.0": [0, 0, 0]
					}
				},
				"rightclaw": {
					"rotation": {
						"0.0": [0, 15, 0],
						"1.0": [7.66711, 33.8458, -17.8659],
						"2.0": [0, 15, 0]
					}
				}
			}
		}
	}
}