{
	"format_version": "1.8.0",
	"animations": {
		"animation.iceologer.cast": {
			"animation_length": 1.5,
			"particle_effects": {
				"0.4583": {
					"effect": "snow",
					"locator": "particles"
				}
			},
			"bones": {
				"waist": {
					"rotation": {
						"0.0": [0, 0, 0],
						"0.25": [-12.5, 0, 0],
						"1.5": [0, 0, 0]
					}
				},
				"head": {
					"rotation": {
						"0.0": [0, 0, 0],
						"0.4167": [-12.5, 0, 0],
						"0.5833": [-12.54624, 4.88119, -1.08482],
						"0.75": [-12.60443, -7.32123, 1.63219],
						"0.9583": [-12.5, 0, 0],
						"1.5": [0, 0, 0]
					}
				},
				"leftLeg": {
					"rotation": {
						"0.0": [0, 0, 0],
						"0.25": [12.5, 0, 0],
						"1.5": [0, 0, 0]
					}
				},
				"rightLeg": {
					"rotation": {
						"0.0": [0, 0, 0],
						"0.25": [12.5, 0, 0],
						"1.5": [0, 0, 0]
					}
				},
				"rightarm": {
					"rotation": {
						"0.0": [0, 0, 0],
						"0.25": [-32.5, 0, 0],
						"0.4583": [-135.99297, 10.54529, -10.72858],
						"0.6667": [-117.5, 0, 0],
						"0.8333": [-133.49069, 11.00072, -10.26078],
						"1.0833": [-127.60072, 19.01657, -16.45711],
						"1.1667": [-138.49069, 11.00072, -10.26078],
						"1.5": [0, 0, 0]
					}
				},
				"leftarm": {
					"rotation": {
						"0.0": [0, 0, 0],
						"0.5833": [-102.5, 0, 0],
						"0.75": [-107.64168, -7.15102, 2.26708],
						"0.9167": [-107.49838, 0.00108, 0.00313],
						"1.0833": [-102.5, 0, 0],
						"1.5": [0, 0, 0]
					}
				},
				"cape": {
					"rotation": {
						"0.0": [0, 0, 0],
						"0.8333": [27.5, 0, 0],
						"1.4583": [0, 0, 0]
					}
				}
			}
		}
	}
}