{
	"format_version": "1.8.0",
	"animations": {
		"animation.penguin.baby_transform": {
			"loop": true,
			"bones": {
				"head": {
					"scale": "query.is_baby ? 1.5 : 1.0"
				}
			}
		},
		"animation.penguin.render": {
			"loop": true,
			"bones": {
				"penguin": {
					"rotation": [0, 0, -10],
					"position": [0, 1, 0]
				},
				"head": {
					"rotation": [0, 17.5, 0]
				},
				"leftleg": {
					"rotation": [-17.5, 0, 0]
				},
				"rightleg": {
					"rotation": [0, 0, 12.5]
				},
				"left_wing": {
					"rotation": [-12.5, 0, -20]
				},
				"right_wing": {
					"rotation": [0, 0, 27.5]
				}
			}
		},
		"animation.penguin.walk": {
			"loop": true,
			"animation_length": 2,
			"bones": {
				"penguin": {
					"rotation": {
						"0.0": [0, 0, 0],
						"0.5": [0, 0, 7.5],
						"1.0": [0, 0, 0],
						"1.5": [0, 0, -7.5],
						"2.0": [0, 0, 0]
					}
				},
				"head": {
					"rotation": {
						"0.0": [0, 0, 0],
						"1.0": [15, 0, 0],
						"2.0": [0, 0, 0]
					}
				},
				"leftleg": {
					"rotation": {
						"0.0": [0, 0, 0],
						"0.5": [0, 0, -7.5],
						"1.0": [0, 0, 0],
						"1.5": [-17.5, 0, 0],
						"2.0": [0, 0, 0]
					}
				},
				"rightleg": {
					"rotation": {
						"0.0": [0, 0, 0],
						"0.5": [-17.5, 0, 0],
						"1.0": [0, 0, 0],
						"1.5": [0, 0, 7.5],
						"2.0": [0, 0, 0]
					},
					"position": [0, 0, 0]
				},
				"left_wing": {
					"rotation": {
						"0.0": [0, 0, 0],
						"1.0": [0, 0, 0],
						"1.375": [0, 0, -22.5],
						"1.625": [0, 0, -32],
						"2.0": [0, 0, 0]
					}
				},
				"right_wing": {
					"rotation": {
						"0.0": [0, 0, 0],
						"0.375": [0, 0, 22.5],
						"0.625": [0, 0, 32],
						"1.0": [0, 0, 0]
					}
				}
			}
		},
		"animation.penguin.hurt": {
			"loop": "hold_on_last_frame",
			"animation_length": 3,
			"bones": {
				"penguin": {
					"rotation": {
						"0.0": [0, 0, 0],
						"0.875": [-90, 0, 0],
						"2.0": [-90, 0, 0],
						"2.5": [11, 0, 0],
						"3.0": [0, 0, 0]
					},
					"position": {
						"0.0": [0, 0, 0],
						"0.25": [0, 4, 0],
						"0.875": [0, -6, 0],
						"2.0": [0, -6, 0],
						"2.5": [0, 3, 0],
						"3.0": [0, 0, 0]
					}
				},
				"head": {
					"rotation": {
						"0.0": [0, 0, 0],
						"0.875": [30, 0, 0],
						"2.0": [30, 0, 0],
						"2.25": [-20, 0, 0],
						"2.625": [17.5, 0, 0],
						"3.0": [0, 0, 0]
					}
				},
				"leftleg": {
					"rotation": {
						"0.0": [0, 0, 0],
						"0.125": [32.5, 0, 0],
						"0.5": [0, 0, 0],
						"0.75": [10, 0, 0],
						"1.0833": [0, 0, 0],
						"2.0": [0, 0, 0],
						"2.375": [42.5, 0, 0],
						"2.5": [32.5, 0, 0],
						"3.0": [0, 0, 0]
					}
				},
				"rightleg": {
					"rotation": {
						"0.0": [0, 0, 0],
						"0.125": [10, 0, 0],
						"0.2917": [57.5, 0, 0],
						"0.6667": [0, 0, 0],
						"0.875": [20, 0, 0],
						"1.0833": [0, 0, 0],
						"2.0": [0, 0, 0],
						"2.375": [42.5, 0, 0],
						"2.5": [32.5, 0, 0],
						"3.0": [0, 0, 0]
					}
				},
				"left_wing": {
					"rotation": {
						"0.0": [0, 0, 0],
						"0.2917": [0, 0, -27.5],
						"0.4167": [0, 0, -42.5],
						"0.5417": [0, 0, -12.5],
						"1.0833": [0, 0, -47.5],
						"2.0": [0, 0, -47.5],
						"2.375": [0, 0, -70],
						"3.0": [0, 0, 0]
					}
				},
				"right_wing": {
					"rotation": {
						"0.0": [0, 0, 0],
						"0.2917": [0, 0, 27.5],
						"0.4167": [0, 0, 42.5],
						"0.5417": [0, 0, 12.5],
						"1.0833": [0, 0, 47.5],
						"2.0": [0, 0, 47.5],
						"2.375": [0, 0, 70],
						"3.0": [0, 0, 0]
					}
				}
			}
		},
		"animation.penguin.swim": {
			"loop": true,
			"blend_weight": "1",
			"animation_length": 1.125,
			"bones": {
				"penguin": {
					"rotation": {
						"0.0": [90, 0, 0],
						"0.5": [102.5, 0, 0],
						"1.125": [90, 0, 0]
					},
					"position": {
						"0.0": [0, 0, 0],
						"0.5": [0, 0, 0],
						"0.75": [0, 0, -1],
						"1.125": [0, 0, 0]
					}
				},
				"head": {
					"rotation": {
						"0.0": [-62.5, 0, 0],
						"0.4167": [-75, 0, 0],
						"0.8333": [-82.5, 0, 0],
						"1.125": [-62.5, 0, 0]
					}
				},
				"leftleg": {
					"rotation": {
						"0.0": [42.5, 0, 0],
						"0.5": [102.5, 0, 0],
						"1.125": [42.5, 0, 0]
					}
				},
				"rightleg": {
					"rotation": {
						"0.0": [122.5, 0, 0],
						"0.5": [42.5, 0, 0],
						"1.125": [122.5, 0, 0]
					}
				},
				"left_wing": {
					"rotation": {
						"0.0": [0, 0, -16],
						"0.6667": [0, 0, -32.5],
						"1.0417": [0, 0, -12.5],
						"1.125": [0, 0, -16]
					}
				},
				"right_wing": {
					"rotation": {
						"0.0": [0, 0, 16],
						"0.6667": [0, 0, 32.5],
						"1.0417": [0, 0, 12.5],
						"1.125": [0, 0, 16]
					}
				}
			}
		},
		"animation.penguin.float": {
			"loop": true,
			"blend_weight": "1",
			"animation_length": 2,
			"bones": {
				"penguin": {
					"position": {
						"0.0": [0, 0, 0],
						"1.0": [0, 1.5, 0],
						"2.0": [0, 0, 0]
					}
				},
				"head": {
					"rotation": {
						"0.0": [0, 0, 0],
						"1.0": [5, 0, 0],
						"2.0": [0, 0, 0]
					}
				},
				"leftleg": {
					"rotation": {
						"0.0": [0, 0, 0],
						"1.0": [25, 0, 0],
						"2.0": [0, 0, 0]
					}
				},
				"rightleg": {
					"rotation": {
						"0.0": [0, 0, 0],
						"1.0": [25, 0, 0],
						"2.0": [0, 0, 0]
					}
				},
				"left_wing": {
					"rotation": {
						"0.0": [0, 0, -45],
						"0.9583": [0, 0, -35],
						"1.5": [0, 0, -50],
						"2.0": [0, 0, -45]
					}
				},
				"right_wing": {
					"rotation": {
						"0.0": [0, 0, 45],
						"0.9583": [0, 0, 35],
						"1.5": [0, 0, 50],
						"2.0": [0, 0, 45]
					}
				}
			}
		}
	}
}