{
	"format_version": "1.8.0",
	"animations": {
		"animation.tuff_golem.hold_item": {
			"loop": true,
			"bones": {
				"right_arm": {
					"rotation": [-75, 0, 0]
				},
				"left_arm": {
					"rotation": [-75, 0, 0]
				},
                          "rightItem": {
					"scale" : 1.3
				}
			}
		},
		"animation.tuff_golem.move_arms" : {
			"loop" : true,
			"bones" : {
				"left_arm" : {
					"rotation" : [ "variable.tcos0", 0.0, 0.0 ]
				},
				"right_arm" : {
					"rotation" : [ "-variable.tcos0", 0.0, 0.0 ]
				}
			}
		}
	}
}