{
  "format_version": "1.16.100",
  "minecraft:item": {
	"description": {
      "identifier": "add:killer_stick",
      "category": "equipment"
    },
    "components": {
      "minecraft:icon": {
        "texture": "killer_stick"
      },
      "minecraft:creative_category": {
	    "parent": "equipment"
	  },
	 "tag:texturePathRequest:textures-items-diamond": {},
      "minecraft:foil": true,
      "minecraft:display_name": {
        "value": "item.add:killer_stick.name"
      },
	  "minecraft:max_stack_size": 1
    }
  }
}