{
  "format_version": "1.16.100",
  "minecraft:item": {
	"description": {
      "identifier": "add:rider_setter_stick",
      "category": "equipment"
    },
    "components": {
      "minecraft:icon": {
        "texture": "rider_setter"
      },
      "minecraft:creative_category": {
	    "parent": "equipment"
	  },
	  
      "minecraft:foil": true,
      "minecraft:display_name": {
        "value": "item.add:rider_setter_stick.name"
      },
	  "minecraft:max_stack_size": 1
    }
  }
}