{
	"format_version": "1.16.100",
	"minecraft:item": {
		"description": {
			"identifier": "fv:giant_gemheart_broadsword",
			"category": "equipment"
		},
		"components": {
			"minecraft:creative_category": {
				"parent": "itemGroup.name.sword"
			},
			"minecraft:max_stack_size": 1,
			"minecraft:hand_equipped": true,
			"minecraft:durability": {
				"max_durability": 10000
			},
			"minecraft:damage": 30,
			"minecraft:icon": {
				"texture": "fv_giant_gemheart_broadsword"
			},
			"minecraft:enchantable": {
				"value": 14,
				"slot": "sword"
			},
			"minecraft:can_destroy_in_creative": false,
			"minecraft:digger": {
				"use_efficiency": true,
				"destroy_speeds": [
					{
						"block": "minecraft:web",
						"speed": 12
					},
					{
						"block": "minecraft:bamboo",
						"speed": 8
					}
				]
			},
			"minecraft:weapon": {
				"on_hurt_entity": {
					"event": "on_hurt_entity",
					"target": "self"
				}
			},
			"tag:minecraft:is_sword": {},
			"tag:minecraft:transformable_items": {},
			"minecraft:render_offsets": {
				"main_hand": {
					"third_person": {
						"scale": [
							0.05,
							0.05,
							0.05
						]
					},
					"first_person": {
						"scale": [
							0.018999999999988602,
							0.018999999999988602,
							0.018999999999988602
						]
					}
				},
				"off_hand": {
					"third_person": {
						"scale": [
							0.05,
							0.05,
							0.05
						]
					},
					"first_person": {
						"scale": [
							0.018999999999988602,
							0.018999999999988602,
							0.018999999999988602
						]
					}
				}
			},
			"minecraft:hover_text_color": "red"
		},
		"events": {
			"on_hurt_entity": {
				"sequence": [
					{
						"randomize": [
							{
								"weight": 90
							},
							{
								"weight": 10,
								"add_mob_effect": {
									"effect": "instant_health",
									"target": "self",
									"duration": 1,
									"amplifier": 0
								}
							}
						]
					},
					{
						"add_mob_effect": {
							"effect": "health_boost",
							"target": "self",
							"duration": 10,
							"amplifier": 1
						}
					},
					{
						"add_mob_effect": {
							"effect": "slowness",
							"target": "self",
							"duration": 2,
							"amplifier": 1
						}
					},
					{
						"damage": {
							"amount": 1,
							"target": "self",
							"type": "none"
						}
					},
					{
						"randomize": [
							{
								"weight": 85
							},
							{
								"weight": 15,
								"damage": {
									"amount": 50,
									"target": "other",
									"type": "entity_attack"
								},
								"run_command": {
									"command": [
										"playsound hit.bonus @a ~ ~ ~ 10"
									]
								}
							}
						]
					}
				]
			}
		}
	}
}