{
	"resource_pack_name": "pumpkinz",
	"texture_name": "atlas.terrain",
	"padding": 8,
	"num_mip_levels": 4,
	"texture_data": {
		"copper_face": {
			"textures": "textures/blocks/copper_face"
		},
		"copper_side": {
			"textures": "textures/blocks/copper_side"
		},
		"copper_up": {
			"textures": "textures/blocks/copper_up"
		},
		"tuff_face": {
			"textures": "textures/blocks/tuff_face"
		},
		"tuff_side": {
			"textures": "textures/blocks/tuff_side"
		},
		"tuff_up": {
			"textures": "textures/blocks/tuff_up"
		}
	}
}
