{
    "pools": [
        {
            "rolls": 1,
            "entries": [
                {
                    "type": "item",
                    "name": "fv:battle_axe_iron",
                    "weight": 1,
                    "functions": [
                        {
                            "function": "enchant_random_gear",
                            "chance": 2
                        }
                    ]
                }
            ]
        },
        {
            "rolls": 1,
            "entries": [
                {
                    "type": "item",
                    "name": "iron_helmet",
                    "functions": [
                        {
                            "function": "enchant_with_levels",
                            "levels": {
                                "min": 30,
                                "max": 40
                            }
                        }
                    ]
                }
            ]
        },
        {
            "rolls": 1,
            "entries": [
                {
                    "type": "item",
                    "name": "iron_chestplate",
                    "functions": [
                        {
                            "function": "enchant_with_levels",
                            "levels": {
                                "min": 30,
                                "max": 40
                            }
                        }
                    ]
                }
            ]
        },
        {
            "rolls": 1,
            "entries": [
                {
                    "type": "item",
                    "name": "iron_leggings",
                    "functions": [
                        {
                            "function": "enchant_with_levels",
                            "levels": {
                                "min": 30,
                                "max": 40
                            }
                        }
                    ]
                }
            ]
        },
        {
            "rolls": 1,
            "entries": [
                {
                    "type": "item",
                    "name": "iron_boots",
                    "functions": [
                        {
                            "function": "enchant_with_levels",
                            "levels": {
                                "min": 30,
                                "max": 40
                            }
                        }
                    ]
                }
            ]
        }
    ]
}