{
  "format_version": "1.10.0",
  "animation_controllers": {
    "controller.animation.looking": {
      "states": {
        "moving": {
          "animations": [
            "look_at"
          ],
          "transitions": [
            {
              "look_at_off": "query.has_rider"
            }
          ]
        },
        "look_at_off": {
          "animations": [
            "look_at_off"
          ],
          "transitions": [
            {
              "moving": "!query.has_rider"
            }
          ]
        }
      }
    }
  }
}