{
  "format_version": "1.8.0",
  "minecraft:entity": {
    "description": {
      "identifier": "simple:gravelvl1",
      "is_spawnable": true,
      "is_summonable": true,
      "is_experimental": false
    },
    "components": {
      "minecraft:type_family": {
        "family": [
          "useless"
        ]
      },
      "minecraft:collision_box": {
        "height": 1.0,
        "width": 0.3
      },
      "minecraft:movement": {
        "value": 0
      },
      "minecraft:navigation.walk": {
        "can_path_over_water": true,
        "can_open_doors": true,
        "can_open_iron_doors": true,
        "can_pass_doors": true,
        "can_break_doors": true
      },
      "minecraft:movement.basic": {},
      "minecraft:jump.static": {},
      "minecraft:health": {
        "value": 60,
        "max": 60
      },
      "minecraft:behavior.random_stroll": {
        "priority": 6,
        "speed_multiplier": 1
      },
      "minecraft:physics": {},
      "minecraft:underwater_movement": {
        "value": 0.1
      },
      "minecraft:scale": {
        "value": 2.7
      },
      "minecraft:behavior.hurt_by_target": {
        "priority": 3
      },
      "minecraft:annotation.open_door": {},
      "minecraft:fire_immune": true,
      "minecraft:knockback_resistance": {
        "value": 99999.0,
        "max": 99999.0
      },
      "minecraft:pushable": {
        "is_pushable": false,
        "is_pushable_by_piston": false
      },
      "minecraft:follow_range": {
        "value": 30
      },
      "minecraft:experience_reward": {
        "on_death": "query.last_hit_by_player ? 10 : 0"
      },
      "minecraft:behavior.owner_hurt_by_target": {
        "priority": 1
      },
      "minecraft:behavior.owner_hurt_target": {
        "priority": 2
      },
      "minecraft:damage_sensor": [
        {
          "on_damage": {
            "filters": {
              "test": "is_family",
              "subject": "other",
              "value": "plts"
            },
            "event": "nodick"
          },
          "deals_damage": false
        },
        {
          "on_damage": {
            "filters": {
              "test": "is_family",
              "subject": "other",
              "value": "layer"
            },
            "event": "becomebie"
          },
          "deals_damage": false
        }
      ],
      "minecraft:timer": {
        "looping": true,
        "time": 4,
        "time_down_event": {
          "event": "on:tick_action"
        }
      },
      "minecraft:on_hurt_by_player": {
        "event": "on:hurt_by_player",
        "target": "self"
      },
      "minecraft:behavior.knockback_roar": {
        "priority": 1,
        "duration": 1.0,
        "attack_time": 0.5,
        "cooldown_time": 14.0,
        "knockback_damage": 1,
        "knockback_horizontal_strength": 5,
        "knockback_vertical_strength": 5,
        "knockback_range": 5,
        "damage_filters": {
          "test": "is_family",
          "subject": "other",
          "operator": "=",
          "value": "player"
        }
      },
      "minecraft:loot": {
        "table": "loot_tables/entities/simple_gravelvl1.json"
      }
    },
    "component_groups": {
      "YouAreSoLuckyBecauseIMadeTheTemplateHere": {},
      "minecraft:pig_transform": {
        "minecraft:transformation": {
          "into": "minecraft:zombie_pigman"
        }
      }
    },
    "events": {
      "on:death": {
        "run_command": {
          "command": []
        }
      },
      "on:hurt": {
        "run_command": {
          "command": []
        }
      },
      "on:hurt_by_player": {
        "run_command": {
          "command": [
            "function graveeffect"
          ]
        }
      },
      "on:ignite": {
        "run_command": {
          "command": []
        }
      },
      "on:target_acquired": {
        "run_command": {
          "command": []
        }
      },
      "on:target_escape": {
        "run_command": {
          "command": []
        }
      },
      "on:wake_with_owner": {
        "run_command": {
          "command": []
        }
      },
      "on:tick_action": {
        "randomize": [
          {
            "run_command": {
              "command": [
                "function summonzombie1"
              ]
            },
            "weight": 1
          },
          {
            "run_command": {
              "command": [
                "function summonzombie2"
              ]
            },
            "weight": 1
          },
          {
            "run_command": {
              "command": [
                "function summonzombie3"
              ]
            },
            "weight": 1
          },
          {
            "run_command": {
              "command": [
                "function summonzombie4"
              ]
            },
            "weight": 1
          },
          {
            "run_command": {
              "command": [
                "function summonzombie5"
              ]
            },
            "weight": 1
          },
          {
            "run_command": {
              "command": [
                "function summonzombie6"
              ]
            },
            "weight": 1
          },
          {
            "run_command": {
              "command": [
                "function summonzombie7"
              ]
            },
            "weight": 1
          },
          {
            "run_command": {
              "command": [
                "function summonzombie8"
              ]
            },
            "weight": 1
          }
        ]
      }
    }
  }
}