{
  "format_version": "1.8.0",
  "minecraft:entity": {
    "description": {
      "identifier": "simple:crazydave",
      "is_spawnable": true,
      "is_summonable": true,
      "is_experimental": false
    },
    "components": {
      "minecraft:type_family": {
        "family": [
          "villager"
        ]
      },
      "minecraft:collision_box": {
        "height": 1.0,
        "width": 0.3
      },
      "minecraft:movement": {
        "value": 0
      },
      "minecraft:navigation.walk": {
        "can_path_over_water": true,
        "can_open_doors": true,
        "can_open_iron_doors": true,
        "can_pass_doors": true,
        "can_break_doors": true
      },
      "minecraft:movement.basic": {},
      "minecraft:jump.static": {},
      "minecraft:health": {
        "value": 50,
        "max": 50
      },
      "minecraft:behavior.random_stroll": {
        "priority": 6,
        "speed_multiplier": 1
      },
      "minecraft:physics": {},
      "minecraft:underwater_movement": {
        "value": 0.1
      },
      "minecraft:scale": {
        "value": 1.4
      },
      "minecraft:behavior.hurt_by_target": {
        "priority": 3
      },
      "minecraft:annotation.open_door": {},
      "minecraft:fire_immune": true,
      "minecraft:knockback_resistance": {
        "value": 99999.0,
        "max": 99999.0
      },
      "minecraft:pushable": {
        "is_pushable": false,
        "is_pushable_by_piston": false
      },
      "minecraft:follow_range": {
        "value": 30
      },
      "minecraft:experience_reward": {
        "on_death": "query.last_hit_by_player ? 10 : 0"
      },
      "minecraft:behavior.owner_hurt_by_target": {
        "priority": 1
      },
      "minecraft:behavior.owner_hurt_target": {
        "priority": 2
      },
      "minecraft:damage_sensor": [
        {
          "on_damage": {
            "filters": {
              "test": "is_family",
              "subject": "other",
              "value": "plants"
            },
            "event": "nodick"
          },
          "deals_damage": false
        },
        {
          "on_damage": {
            "filters": {
              "test": "is_family",
              "subject": "other",
              "value": "playe"
            },
            "event": "becomebie"
          },
          "deals_damage": false
        }
      ],
      "minecraft:timer": {
        "looping": true,
        "time": 1,
        "time_down_event": {
          "event": "on:tick_action"
        }
      },
      "minecraft:behavior.open_door": {
        "on_death": "query.last_hit_by_player ? 10 : 0",
        "close_door_after": true
      },
      "minecraft:behavior.avoid_mob_type": {
        "priority": 3,
        "entity_types": [
          {
            "filters": {
              "other_with_families": [
                "monster",
                "illager",
                "undead",
                "monster",
                "illager",
                "undead"
              ]
            },
            "max_dist": 6,
            "walk_speed_multiplier": 1,
            "sprint_speed_multiplier": 1.2
          }
        ],
        "max_dist": 6,
        "walk_speed_multiplier": 1,
        "sprint_speed_multiplier": 1.2,
        "sneak_speed_multiplier": 1
      },
      "minecraft:behavior.panic": {
        "speed_multiplier": 1.25
      },
      "minecraft:can_climb": {},
      "minecraft:trade_table": {
        "display_name": "entity.simple:crazydave.name",
        "table": "trades/entities/simple_crazydave_trades.json",
        "new_screen": true
      },
      "minecraft:behavior.trade_with_player": {
        "priority": 1
      },
      "minecraft:behavior.look_at_trading_player": {
        "priority": 2
      }
    },
    "component_groups": {
      "YouAreSoLuckyBecauseIMadeTheTemplateHere": {},
      "minecraft:pig_transform": {
        "minecraft:transformation": {
          "into": "minecraft:zombie_pigman"
        }
      }
    },
    "events": {
      "on:death": {
        "run_command": {
          "command": []
        }
      },
      "on:hurt": {
        "run_command": {
          "command": []
        }
      },
      "on:hurt_by_player": {
        "run_command": {
          "command": []
        }
      },
      "on:ignite": {
        "run_command": {
          "command": []
        }
      },
      "on:target_acquired": {
        "run_command": {
          "command": []
        }
      },
      "on:target_escape": {
        "run_command": {
          "command": []
        }
      },
      "on:wake_with_owner": {
        "run_command": {
          "command": []
        }
      },
      "on:tick_action": {
        "randomize": []
      }
    }
  }
}