{
  "format_version": "1.8.0",
  "minecraft:entity": {
    "description": {
      "identifier": "doom:explosion_area",
      "is_spawnable": false,
      "is_summonable": true,
      "is_experimental": false,
	   "scripts": {
	     "animate": [ "walk" ]
	   },
	   "animations": {
	     "walk":  "controller.animation.doom_explode"
     }
   },
	"components": {
    "minecraft:spawn_entity": {
      "entities": [
        {
          "min_wait_time": 0,
          "max_wait_time": 0,
          "spawn_entity": "doom:explosion",
          "spawn_event": "minecraft:entity_spawned",
          "single_use": true
        }
      ]
    },
	  "minecraft:type_family": {
	    "family": [ "despawn" ]
	  },
      "minecraft:area_attack" : {
       "damage_range": 15,
       "damage_per_tick": 35,
       "cause": "contact",
       "entity_filter": {
         "any_of": [
            { "test": "is_family", "subject": "other", "value": "undead" },
            { "test": "is_family", "subject": "other", "value": "monster" }
          ]
        }
      },
	  "minecraft:knockback_resistance": {
		  "value": 70
 	  },
	  "minecraft:despawn": {
	    "filters": {
		  "all_of": [
		    { "test": "is_family", "subject": "self", "value": "despawn" }
		  ]
		 }
	  },
	  "minecraft:health": {
	    "value": 1
	  },
	  "minecraft:physics": {
     }
 	 }
  }
}