{
	"format_version": "1.16.0",
	"minecraft:entity": {
		"description": {
			"identifier": "pvz:doomshroom",
      "is_spawnable": false,
			"is_summonable": true,
			"is_experimental": false
    },
		"component_groups": {
			"minecraft:start_dying": {
				"minecraft:timer": {
					"looping": false,
					"time": 2.2,
					"time_down_event": {
						"event": "minecraft:death_event",
						"target": "self"
					}
				}
			},
			"minecraft:death": {
				"minecraft:transformation": {
					"into": "doom:explosion_area",
					"delay": 0
				}
			}
		},
		"components": {
			"minecraft:type_family": {
				"family": [
					"snowgolem",
					"plant",
            "mine",
					"mob"
				]
			},
			"minecraft:loot": {
				"table": "loot_tables/entities/empty.json"
			},
			"minecraft:health": {
				"value": 280,
				"max": 280
			},
        "minecraft:collision_box": {
          "width": 0.8,
          "height": 0.8
        },
			"minecraft:knockback_resistance": {
				"value": 70
			},
			"minecraft:physics": {},
			"minecraft:pushable": {
				"is_pushable": false,
				"is_pushable_by_piston": false
			}
		},
		"events": {
			"minecraft:death_event": {
				"add": {
					"component_groups": [
						"minecraft:death"
					]
				}
			},
			"minecraft:entity_spawned": {
				"add": {
					"component_groups": [
						"minecraft:start_dying"
					]
				}
			}
		}
	}
}