{
	"format_version": "1.16.0",
	"minecraft:entity": {
		"description": {
			"identifier": "doom:explosion",
      "is_spawnable": false,
			"is_summonable": true,
			"is_experimental": false
    },
		"component_groups": {
			"minecraft:start_dying": {
				"minecraft:timer": {
					"looping": true,
					"time": 8,
					"time_down_event": {
						"event": "minecraft:death_event",
						"target": "self"
					}
				}
			},
			"minecraft:death": {
				"minecraft:transformation": {
					"into": "spawn:disappear",
					"delay": 0
				}
			}
		},
		"components": {
			"minecraft:type_family": {
				"family": [
					"explosion"
				]
			},
			"minecraft:loot": {
				"table": "loot_tables/entities/empty.json"
			},
		 "minecraft:scale": {
			 "value": 2.0
		 },
		"minecraft:timer": {
			"looping": true,
				"time": 8,
		    "time_down_event": {
			   "event": "minecraft:death_event",
				  "target": "self"
				}
			},
			"minecraft:health": {
				"value": 280,
				"max": 280
			},
        "minecraft:collision_box": {
          "width": 0.1,
          "height": 0.1
        },
			"minecraft:knockback_resistance": {
				"value": 70
			},
			"minecraft:physics": {},
			"minecraft:pushable": {
				"is_pushable": false,
				"is_pushable_by_piston": false
			}
		},
		"events": {
			"minecraft:death_event": {
				"add": {
					"component_groups": [
						"minecraft:death"
					]
				}
			},
			"minecraft:entity_spawned": {
				"add": {
					"component_groups": [
						"minecraft:start_dying"
					]
				}
			}
		}
	}
}