{
  "format_version": "1.16.0",
  "minecraft:entity": {
	"description": {
	  "identifier": "pvz:restpotato",
      "is_spawnable": false,
	  "is_summonable": true,
	  "is_experimental": false
    },
	"component_groups": {
      "minecraft:tacobility": {
		"minecraft:transformation": {
		  "into": "taco:potatomine",
		  "delay": 0
		}
      },
      "minecraft:snowman_sheared": {
		"minecraft:transformation": {
		  "into": "anim:no",
		  "delay": 0
		}
      },
			"minecraft:start_dying": {
				"minecraft:timer": {
					"looping": false,
					"time": 15,
					"time_down_event": {
						"event": "minecraft:death_event",
						"target": "self"
					}
				}
			},
			"minecraft:death": {
				"minecraft:transformation": {
					"into": "pvz:potatomine",
					"delay": 0
				}
			}
		},
		"components": {
		  "minecraft:type_family": {
			"family": [ "snowgolem", "plant", "mob" ]
		  },
		  "minecraft:loot": {
			"table": "loot_tables/entities/empty.json"
		  },
		  "minecraft:nameable": {
          },
          "minecraft:behavior.find_mount": {
			"priority": 0,
			"within_radius": 1
          },
		  "minecraft:behavior.random_stroll": {
            "priority": 3,
            "speed_multiplier": 1
		  },
		  "minecraft:behavior.hurt_by_target": {
			"priority": 1
          },
		  "minecraft:behavior.nearest_attackable_target": {
			"priority": 2,
			"must_see": true,
			"reselect_targets": true,
			"entity_types": [
			  {
              "filters": {
                "test": "is_family",
                "subject": "other",
                "value": "monster"
              },
              "max_dist": 16
            }
          ],
          "must_see": true,
          "must_see_forget_duration": 0.0
        },
		"minecraft:movement.basic": {
		},
		"minecraft:jump.static": {
		},
		"minecraft:can_climb": {
		},
		"minecraft:attack": {
          "damage": 0
        },
		"minecraft:movement": {
          "value": 0
        },
		"minecraft:health": {
		  "value": 20,
		  "max": 20
		},
		"minecraft:interact": {
          "interactions": [
          {
            "cooldown": 2.5,
            "use_item": false,
            "hurt_item": 1,
            "play_sounds": "shear",
            "interact_text": "action.interact.dig",
            "on_interact": {
              "filters": {
                "all_of": [
                  { "test": "has_equipment", "subject": "other", "domain": "hand", "value": "pvz:garden_shovel"},
                  { "test": "is_family", "subject": "other", "value": "player"},
                  { "test": "has_component", "operator": "!=", "value": "minecraft:is_sheared"}
                ]
              },
              "event": "minecraft:on_sheared",
              "target": "self"
            }
          },
          {
            "cooldown": 2.5,
            "use_item": false,
            "hurt_item": 1,
            "play_sounds": "shear",
            "interact_text": "action.interact.dig",
            "on_interact": {
              "filters": {
                "all_of": [
                  { "test": "has_equipment", "subject": "other", "domain": "hand", "value": "pvz:tacobility"},
                  { "test": "is_family", "subject": "other", "value": "player"},
                  { "test": "has_component", "operator": "!=", "value": "minecraft:is_sheared"}
                ]
              },
              "event": "minecraft:on_taco",
              "target": "self"
              }
			}
          ]
		},
        "minecraft:collision_box": {
          "width": 0.2,
          "height": 0.3
        },
		"minecraft:knockback_resistance": {
		  "value": 1
		},
		"minecraft:persistent": {
		},
		"minecraft:physics": {},
		"minecraft:pushable": {
		  "is_pushable": false,
		  "is_pushable_by_piston": false
		}
	  },
	  "events": {
		"minecraft:on_taco": {
		  "remove": {
		  },
          "add": {
			"component_groups": [
			  "minecraft:tacobility"
          ]
        }
      },
	  "minecraft:on_sheared": {
		"run_command": {
		  "command": [
			"give @p pvz:potatomine_seed"
		  ]
		},
		"remove": {
		},
		"add": {
		  "component_groups": [
			"minecraft:snowman_sheared"
		  ]
		}
      },
	  "minecraft:death_event": {
		"add": {
		  "component_groups": [
			"minecraft:death"
		  ]
		}
	  },
	  "minecraft:entity_spawned": {
		"add": {
		  "component_groups": [
			"minecraft:start_dying"
		  ]
		}
	  }
	}
  }
}