{
  "format_version": "1.8.0",
  "minecraft:entity": {
    "description": {
      "identifier": "spawn:disappear",
      "is_spawnable": false,
      "is_summonable": true,
      "is_experimental": false
   },
	"components": {
	  "minecraft:type_family": {
	    "family": [ "despawn" ]
	  },
	  "minecraft:knockback_resistance": {
		  "value": 70
 	  },
	  "minecraft:despawn": {
	    "filters": {
		  "all_of": [
		    { "test": "is_family", "subject": "self", "value": "despawn" }
		  ]
		 }
	  },
	  "minecraft:health": {
	    "value": 1
	  },
	  "minecraft:physics": {
     }
 	 }
  }
}