{
	"format_version": "1.8.0",
	"minecraft:entity": {
		"description": {
			"identifier": "pvz:golden_trades",
			"is_spawnable": false,
			"is_summonable": true,
			"is_experimental": false,
	    "scripts": {
	      "animate": [
             "walk",
             "detect"
         ]
	    },
	    "animations": {
	      "walk": "controller.animation.tp",
	      "detect": "controller.animation.detect"
      }
    },
		"components": {
			"minecraft:type_family": {
				"family": [ "inanimate" ]
			},
			"minecraft:collision_box": {
				"width": 0.25,
				"height": 0.25
			},
			"minecraft:is_stackable": {
			},
			"minecraft:damage_sensor": [
				{
					"cause": "any",
					"deals_damage": false
				}
			],
			"minecraft:physics": {
			},
        "minecraft:economy_trade_table": {
          "display_name": "tile.pvz:golden_pot.name",
          "table": "trading/plants/golden_pot.json",
          "new_screen": true
			},
			"minecraft:health": {
				"value": 10,
				"max": 10
			},
			"minecraft:fall_damage": {
				"value": 0.0
			},
			"minecraft:push_through": {
				"value": 1
			},
			"minecraft:knockback_resistance": {
				"value": 1.0,
				"max": 1.0
			}
		}
	}
}