{
  "format_version": "1.16.0",
  "minecraft:entity": {
    "description": {
      "identifier": "minecraft:item",
      "is_spawnable": false,
      "is_summonable": false,
      "is_experimental": false,
      "scripts": {
        "animate": [
          "sun",
		  "tracker",
		  "air"
        ]
      },
      "animations": {
        "sun": "controller.animation.sun",
		"tracker": "controller.animation.sun_track",
		"air": "controller.animation.air"
      }
    },
    "component_groups": {
      "sun": {
        "minecraft:mark_variant": {
          "value": 1
        },
        "minecraft:damage_sensor": {
          "triggers": [
            {
              "cause": "fire",
              "deals_damage": false
            },
            {
              "cause": "fire_tick",
              "deals_damage": false
            },
            {
              "cause": "lava",
              "deals_damage": false
            }
          ]
        }
      },
      "dissapear": {
        "minecraft:mark_variant": {
          "value": 2
        },
		"minecraft:transformation": {
		  "into": "anim:no"
	    }
      }
    },
    "components": {
      "minecraft:environment_sensor": {
        "triggers": [
          {
            "filters": {
              "all_of": [
                {
                  "test": "has_tag",
                  "operator": "==",
                  "value": "sun"
                },
                {
                  "test": "is_mark_variant",
                  "operator": "!=",
                  "value": 1
                }
              ]
            },
            "event": "pvz:sun"
          },
          {
            "filters": {
              "all_of": [
                {
                  "test": "has_tag",
                  "operator": "==",
                  "value": "air"
                },
                {
                  "test": "is_mark_variant",
                  "operator": "!=",
                  "value": 2
                }
              ]
            },
            "event": "pvz:dissapear"
          }
        ]
      }
    },
    "events": {
      "pvz:sun": {
        "add": {
          "component_groups": [
            "sun"
          ]
        }
      },
      "pvz:dissapear": {
        "add": {
          "component_groups": [
            "dissapear"
          ]
        }
      }
    }
  }
}