{
	"format_version": "1.10.0",
	"minecraft:client_entity": {
		"description": {
			"identifier": "va:pillager_v2",
			"materials": {
				"default": "piglin_brute"
			},
			"textures": {
				"default": "textures/entity/pillager_v2"
			},
			"geometry": {
				"default": "geometry.pillager_v2"
			},
			"spawn_egg": {
				"base_color": "#3F1F0E",
				"overlay_color": "#3D3D3C"
			},
			"scripts": {
				"pre_animation": [
					"variable.tcos0 = (Math.cos(query.modified_distance_moved * 38.17) * query.modified_move_speed / variable.gliding_speed_value) * 57.3;",
					"variable.attack_body_rot_y = Math.sin(360*Math.sqrt(variable.attack_time)) * 5.0;"
				],
				"animate": [
					"pillager_root_controller",
					{
						"attack_sword": "query.variant==1&&variable.attack_time>=0"
					},
					{
						"shield": "query.is_stunned&&query.variant==1"
					}
				]
			},
			"animations": {
				"humanoid_base_pose": "animation.humanoid.base_pose",
				"look_at_target_default": "animation.humanoid.look_at_target.default",
				"look_at_target_gliding": "animation.humanoid.look_at_target.gliding",
				"look_at_target_swimming": "animation.humanoid.look_at_target.swimming",
				"move": "animation.humanoid.move",
				"riding.arms": "animation.humanoid.riding.arms",
				"riding.legs": "animation.humanoid.riding.legs",
				"holding": "animation.humanoid.holding",
				"attack.rotations": "animation.humanoid.attack.rotations",
				"bob": "animation.humanoid.bob",
				"crossbow_hold": "animation.pillager.crossbow.hold",
				"crossbow_charge": "animation.pillager.crossbow.charge",
				"celebrating": "animation.humanoid.celebrating",
				"controller_humanoid_base_pose": "controller.animation.humanoid.base_pose",
				"controller_look_at_target": "controller.animation.humanoid.look_at_target",
				"controller_move": "controller.animation.humanoid.move",
				"controller_riding": "controller.animation.humanoid.riding",
				"controller_attack": "controller.animation.humanoid.attack",
				"controller_bob": "controller.animation.humanoid.bob",
				"controller_pillager_attack": "controller.animation.pillager.attack",
				"pillager_root_controller": "controller.animation.pillager.root",
				"shaking": "animation.soldier.shaking",
				"attack_sword": "animation.player.attack.rotations",
				"shield": "animation.soldier.shield"
			},
			"render_controllers": [
				"controller.render.soldier"
			],
			"enable_attachables": true
		}
	}
}