{
	"format_version": "1.10.0",
	"minecraft:client_entity": {
		"description": {
			"identifier": "va:rocket",
			"materials": {
				"default": "fireworks_rocket"
			},
			"textures": {
				"default": "textures/entity/fireworks"
			},
			"geometry": {
				"default": "geometry.fireworks_rocket"
			},
			"animations": {
				"move": "animation.fireworks_rocket.move"
			},
			"scripts": {
				"animate": [
					"move"
				]
			},
			"render_controllers": [
				"controller.render.rocket"
			],
			"particle_effects": {
				"move": "minecraft:campfire_smoke_particle"
			}
		}
	}
}