{"entity_sounds":{"entities":{"yg:caine":{"events":{"ambient":"mob.yg_caine.ambient","hurt":"mob.yg_caine.hurt"},"pitch":[1],"volume":50},"yg:gangle_sad":{"events":{"ambient":"mob.yg_gangle.ambient","hurt":"mob.yg_gangle.hurt"},"pitch":[1],"volume":50},"yg:jax":{"events":{"ambient":"mob.yg_jax.ambient","hurt":"mob.yg_jax.hurt"},"pitch":[1],"volume":50},"yg:kinger":{"events":{"ambient":"mob.yg_kinger.ambient","hurt":"mob.yg_kinger.hurt"},"pitch":[1],"volume":50},"yg:pomni":{"events":{"ambient":"mob.yg_pomni.ambient","hurt":"mob.yg_pomni.hurt"},"pitch":[1],"volume":50},"yg:ragatha":{"events":{"ambient":"mob.yg_ragatha.ambient"},"pitch":[1],"volume":50},"yg:zooble":{"events":{"ambient":"mob.yg_zooble.ambient"},"pitch":[1],"volume":50}}}}