{
	"format_version": "1.12.0",
	"minecraft:geometry": [
		{
			"description": {
				"identifier": "geometry.asset",
				"texture_width": 128,
				"texture_height": 128,
				"visible_bounds_width": 8,
				"visible_bounds_height": 3.5,
				"visible_bounds_offset": [
					0,
					1.25,
					0
				]
			},
			"bones": [
				{
					"name": "village",
					"pivot": [
						0,
						0,
						0
					]
				},
				{
					"name": "asset",
					"parent": "village",
					"pivot": [
						0,
						11,
						-23
					],
					"cubes": [
						{
							"origin": [
								-4,
								12,
								-32
							],
							"size": [
								8,
								2,
								38
							],
							"uv": [
								36,
								88
							]
						},
						{
							"origin": [
								-4,
								14,
								-9
							],
							"size": [
								2,
								3,
								15
							],
							"uv": [
								0,
								88
							]
						},
						{
							"origin": [
								2,
								14,
								-9
							],
							"size": [
								2,
								3,
								15
							],
							"uv": [
								0,
								88
							]
						},
						{
							"origin": [
								2,
								14,
								-32
							],
							"size": [
								2,
								1,
								23
							],
							"uv": [
								0,
								88
							]
						},
						{
							"origin": [
								2,
								16,
								-32
							],
							"size": [
								2,
								1,
								23
							],
							"uv": [
								0,
								88
							]
						},
						{
							"origin": [
								-4,
								14,
								-32
							],
							"size": [
								2,
								1,
								23
							],
							"uv": [
								0,
								88
							]
						},
						{
							"origin": [
								-4,
								16,
								-32
							],
							"size": [
								2,
								1,
								23
							],
							"uv": [
								0,
								88
							]
						},
						{
							"origin": [
								2,
								17,
								-5
							],
							"size": [
								2,
								2,
								11
							],
							"uv": [
								0,
								88
							]
						},
						{
							"origin": [
								-4,
								17,
								-5
							],
							"size": [
								2,
								2,
								11
							],
							"uv": [
								0,
								88
							]
						},
						{
							"origin": [
								-4,
								14.8,
								-7.1
							],
							"size": [
								2,
								2,
								4.15
							],
							"pivot": [
								-3,
								14,
								-8
							],
							"rotation": [
								29.5,
								0,
								0
							],
							"uv": [
								0,
								88
							]
						},
						{
							"origin": [
								2,
								14.85,
								-7.05
							],
							"size": [
								2,
								2,
								4.15
							],
							"pivot": [
								-3,
								14,
								-8
							],
							"rotation": [
								29.5,
								0,
								0
							],
							"uv": [
								0,
								88
							]
						},
						{
							"origin": [
								-4,
								12,
								-34
							],
							"size": [
								8,
								2,
								2
							],
							"uv": [
								0,
								88
							]
						},
						{
							"origin": [
								4,
								12,
								-34
							],
							"size": [
								11,
								3,
								2
							],
							"pivot": [
								4,
								13.5,
								-33
							],
							"rotation": [
								0,
								-10,
								0
							],
							"uv": [
								0,
								88
							]
						},
						{
							"origin": [
								4,
								15,
								-34
							],
							"size": [
								11,
								3,
								2
							],
							"pivot": [
								4,
								13.5,
								-33
							],
							"rotation": [
								0,
								-10,
								0
							],
							"uv": [
								0,
								88
							]
						},
						{
							"origin": [
								-15,
								12,
								-34
							],
							"size": [
								11,
								3,
								2
							],
							"pivot": [
								-4,
								13.5,
								-33
							],
							"rotation": [
								0,
								10,
								0
							],
							"uv": [
								0,
								88
							]
						},
						{
							"origin": [
								-15,
								15,
								-34
							],
							"size": [
								11,
								3,
								2
							],
							"pivot": [
								-4,
								13.5,
								-33
							],
							"rotation": [
								0,
								10,
								0
							],
							"uv": [
								0,
								88
							]
						},
						{
							"origin": [
								-14,
								4,
								-24
							],
							"size": [
								28,
								2.25,
								2
							],
							"uv": [
								0,
								88
							]
						},
						{
							"origin": [
								-4,
								14,
								-33
							],
							"size": [
								3,
								1,
								1
							],
							"uv": [
								0,
								88
							]
						},
						{
							"origin": [
								1,
								14,
								-33
							],
							"size": [
								3,
								1,
								1
							],
							"uv": [
								0,
								88
							]
						},
						{
							"origin": [
								-4,
								15,
								-34
							],
							"size": [
								8,
								3,
								2
							],
							"uv": [
								0,
								88
							]
						},
						{
							"origin": [
								-1,
								10.75,
								-11.5
							],
							"size": [
								2,
								1.25,
								1
							],
							"uv": [
								0,
								88
							]
						},
						{
							"origin": [
								-0.70046,
								11,
								-26.16909
							],
							"size": [
								1,
								1,
								15
							],
							"pivot": [
								-0.5,
								11.5,
								-11
							],
							"rotation": [
								25,
								-32.5,
								0
							],
							"uv": [
								0,
								88
							]
						},
						{
							"origin": [
								-0.29954,
								11,
								-26.16909
							],
							"size": [
								1,
								1,
								15
							],
							"pivot": [
								0.5,
								11.5,
								-11
							],
							"rotation": [
								25,
								32.5,
								0
							],
							"uv": [
								0,
								88
							]
						},
						{
							"origin": [
								11,
								12,
								-31
							],
							"size": [
								2,
								2,
								12
							],
							"pivot": [
								12.5,
								13.5,
								-31
							],
							"rotation": [
								0,
								-50,
								0
							],
							"uv": [
								0,
								88
							]
						},
						{
							"origin": [
								-13,
								12,
								-31
							],
							"size": [
								2,
								2,
								12
							],
							"pivot": [
								-12.5,
								13.5,
								-31
							],
							"rotation": [
								0,
								50,
								0
							],
							"uv": [
								0,
								88
							]
						},
						{
							"origin": [
								-5,
								15,
								0
							],
							"size": [
								10,
								1,
								1
							],
							"uv": [
								0,
								88
							]
						},
						{
							"origin": [
								-1,
								14.9,
								-0.1
							],
							"size": [
								2,
								1.2,
								1.2
							],
							"uv": [
								100,
								77
							]
						},
						{
							"origin": [
								6,
								11,
								-5
							],
							"size": [
								1,
								2,
								23
							],
							"uv": [
								0,
								88
							]
						},
						{
							"origin": [
								4,
								12,
								-5
							],
							"size": [
								2,
								1,
								10
							],
							"uv": [
								0,
								88
							]
						},
						{
							"origin": [
								-6,
								12,
								-5
							],
							"size": [
								2,
								1,
								10
							],
							"uv": [
								0,
								88
							]
						},
						{
							"origin": [
								-7,
								11,
								-5
							],
							"size": [
								1,
								2,
								23
							],
							"uv": [
								0,
								88
							]
						},
						{
							"origin": [
								2,
								-4,
								-11
							],
							"size": [
								2,
								16,
								2
							],
							"pivot": [
								4,
								12,
								-11
							],
							"rotation": [
								39.02504,
								9.57658,
								-11.59948
							],
							"uv": [
								0,
								88
							]
						},
						{
							"origin": [
								-4,
								-4,
								-11
							],
							"size": [
								2,
								16,
								2
							],
							"pivot": [
								-4,
								12,
								-11
							],
							"rotation": [
								39.02504,
								-9.57658,
								11.59948
							],
							"uv": [
								0,
								88
							]
						},
						{
							"origin": [
								-2,
								9,
								-11
							],
							"size": [
								4,
								2,
								1
							],
							"uv": [
								0,
								88
							]
						},
						{
							"origin": [
								-12,
								6,
								-24
							],
							"size": [
								24,
								6,
								2
							],
							"uv": [
								38,
								101
							]
						}
					]
				},
				{
					"name": "cung",
					"parent": "asset",
					"pivot": [
						15,
						13.5,
						-31
					],
					"cubes": [
						{
							"origin": [
								26,
								14.5,
								-34
							],
							"size": [
								2,
								2,
								3
							],
							"pivot": [
								4,
								13.5,
								-33
							],
							"rotation": [
								0,
								-10,
								0
							],
							"uv": [
								0,
								88
							]
						},
						{
							"origin": [
								15,
								14.5,
								-34
							],
							"size": [
								11,
								2,
								2
							],
							"pivot": [
								4,
								13.5,
								-33
							],
							"rotation": [
								0,
								-10,
								0
							],
							"uv": [
								0,
								88
							]
						}
					]
				},
				{
					"name": "day",
					"parent": "cung",
					"pivot": [
						26,
						15.5,
						-27.5
					],
					"cubes": [
						{
							"origin": [
								0,
								15,
								-28
							],
							"size": [
								26,
								1,
								1
							],
							"uv": [
								74,
								78
							]
						}
					]
				},
				{
					"name": "cung2",
					"parent": "asset",
					"pivot": [
						-15,
						15.5,
						-31
					],
					"cubes": [
						{
							"origin": [
								-28,
								14.5,
								-34
							],
							"size": [
								2,
								2,
								3
							],
							"pivot": [
								-4,
								13.5,
								-33
							],
							"rotation": [
								0,
								10,
								0
							],
							"uv": [
								0,
								88
							]
						},
						{
							"origin": [
								-26,
								14.5,
								-34
							],
							"size": [
								11,
								2,
								2
							],
							"pivot": [
								-4,
								13.5,
								-33
							],
							"rotation": [
								0,
								10,
								0
							],
							"uv": [
								0,
								88
							]
						}
					]
				},
				{
					"name": "day2",
					"parent": "cung2",
					"pivot": [
						-26,
						15.5,
						-27.5
					],
					"cubes": [
						{
							"origin": [
								-26,
								15,
								-28
							],
							"size": [
								26,
								1,
								1
							],
							"uv": [
								74,
								78
							]
						}
					]
				},
				{
					"name": "cuc",
					"parent": "asset",
					"pivot": [
						0,
						15.5,
						-26.75
					],
					"cubes": [
						{
							"origin": [
								-0.5,
								14.75,
								-28.25
							],
							"size": [
								1,
								1.5,
								1.5
							],
							"uv": [
								124,
								74
							]
						}
					]
				},
				{
					"name": "keo",
					"parent": "asset",
					"pivot": [
						0,
						15.5,
						-0.375
					],
					"cubes": [
						{
							"origin": [
								-0.5,
								15,
								-26.75
							],
							"size": [
								1,
								1,
								26.75
							],
							"uv": [
								74,
								52
							]
						}
					]
				},
				{
					"name": "xoay",
					"parent": "asset",
					"pivot": [
						5.5,
						15.75,
						0.5
					],
					"cubes": [
						{
							"origin": [
								5,
								13.25,
								0
							],
							"size": [
								1,
								5,
								1
							],
							"pivot": [
								6.5,
								15.75,
								0.5
							],
							"rotation": [
								-90,
								0,
								0
							],
							"uv": [
								0,
								88
							]
						},
						{
							"origin": [
								5,
								13.25,
								0
							],
							"size": [
								1,
								5,
								1
							],
							"uv": [
								0,
								88
							]
						}
					]
				},
				{
					"name": "xoay2",
					"parent": "asset",
					"pivot": [
						-5.5,
						15.75,
						0.5
					],
					"cubes": [
						{
							"origin": [
								-6,
								13.25,
								0
							],
							"size": [
								1,
								5,
								1
							],
							"pivot": [
								6.5,
								15.75,
								0.5
							],
							"rotation": [
								-90,
								0,
								0
							],
							"uv": [
								0,
								88
							]
						},
						{
							"origin": [
								-6,
								13.25,
								0
							],
							"size": [
								1,
								5,
								1
							],
							"uv": [
								0,
								88
							]
						}
					]
				},
				{
					"name": "banh",
					"parent": "asset",
					"pivot": [
						14,
						5,
						-23
					],
					"cubes": [
						{
							"origin": [
								14,
								0,
								-24
							],
							"size": [
								1,
								10,
								2
							],
							"uv": [
								117,
								38
							]
						},
						{
							"origin": [
								14,
								0,
								-24
							],
							"size": [
								1,
								10,
								2
							],
							"pivot": [
								14,
								5,
								-23
							],
							"rotation": [
								-22.5,
								0,
								0
							],
							"uv": [
								120,
								38
							]
						},
						{
							"origin": [
								14,
								0,
								-24
							],
							"size": [
								1,
								10,
								2
							],
							"pivot": [
								14,
								5,
								-23
							],
							"rotation": [
								-45,
								0,
								0
							],
							"uv": [
								118,
								38
							]
						},
						{
							"origin": [
								14,
								0,
								-24
							],
							"size": [
								1,
								10,
								2
							],
							"pivot": [
								14,
								5,
								-23
							],
							"rotation": [
								-67.5,
								0,
								0
							],
							"uv": [
								118,
								38
							]
						},
						{
							"origin": [
								14,
								0,
								-24
							],
							"size": [
								1,
								10,
								2
							],
							"pivot": [
								14,
								5,
								-23
							],
							"rotation": [
								-90,
								0,
								0
							],
							"uv": [
								119,
								38
							]
						},
						{
							"origin": [
								14,
								0,
								-24
							],
							"size": [
								1,
								10,
								2
							],
							"pivot": [
								14,
								5,
								-23
							],
							"rotation": [
								-112.5,
								0,
								0
							],
							"uv": [
								119,
								38
							]
						},
						{
							"origin": [
								14,
								0,
								-24
							],
							"size": [
								1,
								10,
								2
							],
							"pivot": [
								14,
								5,
								-23
							],
							"rotation": [
								-135,
								0,
								0
							],
							"uv": [
								117,
								38
							]
						},
						{
							"origin": [
								14,
								0,
								-24
							],
							"size": [
								1,
								10,
								2
							],
							"pivot": [
								14,
								5,
								-23
							],
							"rotation": [
								-157.5,
								0,
								0
							],
							"uv": [
								118,
								38
							]
						}
					]
				},
				{
					"name": "banh2",
					"parent": "asset",
					"pivot": [
						-14,
						5,
						-23
					],
					"cubes": [
						{
							"origin": [
								-15,
								0,
								-24
							],
							"size": [
								1,
								10,
								2
							],
							"uv": [
								119,
								38
							]
						},
						{
							"origin": [
								-15,
								0,
								-24
							],
							"size": [
								1,
								10,
								2
							],
							"pivot": [
								-14,
								5,
								-23
							],
							"rotation": [
								22.5,
								0,
								0
							],
							"uv": [
								119,
								38
							]
						},
						{
							"origin": [
								-15,
								0,
								-24
							],
							"size": [
								1,
								10,
								2
							],
							"pivot": [
								-14,
								5,
								-23
							],
							"rotation": [
								45,
								0,
								0
							],
							"uv": [
								119,
								38
							]
						},
						{
							"origin": [
								-15,
								0,
								-24
							],
							"size": [
								1,
								10,
								2
							],
							"pivot": [
								-14,
								5,
								-23
							],
							"rotation": [
								67.5,
								0,
								0
							],
							"uv": [
								119,
								38
							]
						},
						{
							"origin": [
								-15,
								0,
								-24
							],
							"size": [
								1,
								10,
								2
							],
							"pivot": [
								-14,
								5,
								-23
							],
							"rotation": [
								90,
								0,
								0
							],
							"uv": [
								119,
								38
							]
						},
						{
							"origin": [
								-15,
								0,
								-24
							],
							"size": [
								1,
								10,
								2
							],
							"pivot": [
								-14,
								5,
								-23
							],
							"rotation": [
								112.5,
								0,
								0
							],
							"uv": [
								119,
								38
							]
						},
						{
							"origin": [
								-15,
								0,
								-24
							],
							"size": [
								1,
								10,
								2
							],
							"pivot": [
								-14,
								5,
								-23
							],
							"rotation": [
								135,
								0,
								0
							],
							"uv": [
								119,
								38
							]
						},
						{
							"origin": [
								-15,
								0,
								-24
							],
							"size": [
								1,
								10,
								2
							],
							"pivot": [
								-14,
								5,
								-23
							],
							"rotation": [
								157.5,
								0,
								0
							],
							"uv": [
								119,
								38
							]
						}
					]
				},
				{
					"name": "muiten",
					"parent": "asset",
					"pivot": [
						-0.00804,
						14.50396,
						-28.46239
					],
					"cubes": [
						{
							"origin": [
								-0.25,
								14,
								-61.3
							],
							"size": [
								0.5,
								1,
								5
							],
							"uv": [
								116,
								69
							]
						},
						{
							"origin": [
								-0.25,
								14.2,
								-61.3
							],
							"size": [
								0.5,
								0.7,
								5
							],
							"pivot": [
								0,
								14.5,
								-61.3
							],
							"rotation": [
								-10,
								0,
								0
							],
							"uv": [
								116,
								69
							]
						},
						{
							"origin": [
								-0.5,
								14,
								-56.3
							],
							"size": [
								1,
								1,
								28
							],
							"uv": [
								70,
								22
							]
						},
						{
							"origin": [
								-0.5,
								14.2,
								-61.3
							],
							"size": [
								0.6,
								0.6,
								5
							],
							"pivot": [
								0,
								14.5,
								-61.3
							],
							"rotation": [
								0,
								-6.5,
								0
							],
							"uv": [
								116,
								68
							]
						},
						{
							"origin": [
								-0.5,
								14.2,
								-61.3
							],
							"size": [
								1,
								0.6,
								5
							],
							"uv": [
								115,
								68
							]
						},
						{
							"origin": [
								-0.2,
								14.2,
								-61.3
							],
							"size": [
								0.6,
								0.6,
								5
							],
							"pivot": [
								0,
								14.5,
								-61.3
							],
							"rotation": [
								0,
								7.5,
								0
							],
							"uv": [
								116,
								67
							]
						},
						{
							"origin": [
								-0.25,
								14.2,
								-61.3
							],
							"size": [
								0.5,
								0.6,
								5
							],
							"pivot": [
								0,
								14.5,
								-61.3
							],
							"rotation": [
								9.5,
								0,
								0
							],
							"uv": [
								117,
								70
							]
						}
					]
				},
				{
					"name": "body",
					"parent": "village",
					"pivot": [
						0,
						-0.5,
						14
					],
					"cubes": [
						{
							"origin": [
								-4,
								12,
								11
							],
							"size": [
								8,
								12,
								6
							],
							"uv": [
								16,
								20
							]
						},
						{
							"origin": [
								-4,
								6,
								11
							],
							"size": [
								8,
								18,
								6
							],
							"inflate": 0.5,
							"uv": [
								0,
								38
							]
						}
					]
				},
				{
					"name": "head",
					"parent": "body",
					"pivot": [
						0,
						23.33333,
						14
					],
					"cubes": [
						{
							"origin": [
								-4,
								24,
								10
							],
							"size": [
								8,
								10,
								8
							],
							"uv": [
								0,
								0
							]
						},
						{
							"origin": [
								-4,
								24,
								10
							],
							"size": [
								8,
								10,
								8
							],
							"inflate": 0.25,
							"uv": [
								32,
								0
							]
						}
					],
					"locators": {
						"lead": [
							0,
							0,
							14
						]
					}
				},
				{
					"name": "nose",
					"parent": "head",
					"pivot": [
						0,
						26,
						-1
					],
					"cubes": [
						{
							"origin": [
								-1,
								23,
								8
							],
							"size": [
								2,
								4,
								2
							],
							"uv": [
								24,
								0
							]
						}
					]
				},
				{
					"name": "leftLeg",
					"parent": "body",
					"pivot": [
						2,
						12,
						14
					],
					"cubes": [
						{
							"origin": [
								0,
								0,
								12
							],
							"size": [
								4,
								12,
								4
							],
							"uv": [
								0,
								22
							]
						}
					]
				},
				{
					"name": "rightLeg",
					"parent": "body",
					"pivot": [
						-2,
						12,
						14
					],
					"mirror": true,
					"cubes": [
						{
							"origin": [
								-4,
								0,
								12
							],
							"size": [
								4,
								12,
								4
							],
							"uv": [
								0,
								22
							]
						}
					]
				},
				{
					"name": "rightarm",
					"parent": "body",
					"pivot": [
						-4,
						22,
						14
					],
					"cubes": [
						{
							"origin": [
								-8,
								12,
								12
							],
							"size": [
								4,
								12,
								4
							],
							"uv": [
								40,
								46
							]
						}
					]
				},
				{
					"name": "rightItem",
					"parent": "rightarm",
					"pivot": [
						-6,
						15,
						-1
					]
				},
				{
					"name": "leftarm",
					"parent": "body",
					"pivot": [
						4,
						22,
						14
					],
					"mirror": true,
					"cubes": [
						{
							"origin": [
								4,
								12,
								12
							],
							"size": [
								4,
								12,
								4
							],
							"uv": [
								40,
								46
							]
						}
					]
				},
				{
					"name": "leftItem",
					"parent": "leftarm",
					"pivot": [
						6,
						15,
						-1
					]
				}
			]
		}
	]
}