{
	"format_version": "1.12.0",
	"minecraft:geometry": [
		{
			"description": {
				"identifier": "geometry.bamshell",
				"texture_width": 24,
				"texture_height": 24,
				"visible_bounds_width": 2,
				"visible_bounds_height": 1.5,
				"visible_bounds_offset": [
					0,
					0.25,
					0
				]
			},
			"bones": [
				{
					"name": "body",
					"pivot": [
						0,
						3,
						0
					],
					"cubes": [
						{
							"origin": [
								-3,
								0,
								-3
							],
							"size": [
								6,
								6,
								6
							],
							"uv": [
								0,
								0
							]
						}
					]
				}
			]
		}
	]
}