{
	"format_version": "1.12.0",
	"minecraft:geometry": [
		{
			"description": {
				"identifier": "geometry.cannon_ravager",
				"texture_width": 64,
				"texture_height": 64,
				"visible_bounds_width": 2,
				"visible_bounds_height": 2.5,
				"visible_bounds_offset": [
					0,
					0.75,
					0
				]
			},
			"bones": [
				{
					"name": "body",
					"pivot": [
						0,
						0,
						0
					],
					"cubes": [
						{
							"origin": [
								-8,
								0,
								-8
							],
							"size": [
								16,
								2,
								16
							],
							"uv": [
								0,
								46
							]
						}
					]
				},
				{
					"name": "head",
					"parent": "body",
					"pivot": [
						0,
						2,
						0
					],
					"cubes": [
						{
							"origin": [
								4,
								2,
								-8
							],
							"size": [
								2,
								8,
								16
							],
							"uv": [
								0,
								40
							]
						},
						{
							"origin": [
								-6,
								2,
								-8
							],
							"size": [
								2,
								8,
								16
							],
							"uv": [
								0,
								40
							]
						}
					]
				},
				{
					"name": "sung",
					"parent": "head",
					"pivot": [
						0,
						7.5,
						0.75
					],
					"cubes": [
						{
							"origin": [
								-2.5,
								5.5,
								-17
							],
							"size": [
								5,
								5,
								10
							],
							"uv": [
								0,
								0
							]
						},
						{
							"origin": [
								-2.75,
								5.25,
								-21
							],
							"size": [
								5.5,
								5.5,
								4
							],
							"uv": [
								0,
								23
							]
						},
						{
							"origin": [
								-3,
								5,
								-7
							],
							"size": [
								6,
								6,
								12
							],
							"uv": [
								0,
								0
							]
						},
						{
							"origin": [
								-2,
								6,
								5
							],
							"size": [
								4,
								4,
								2
							],
							"uv": [
								0,
								0
							]
						},
						{
							"origin": [
								-7,
								7,
								0
							],
							"size": [
								14,
								1,
								1
							],
							"uv": [
								0,
								0
							]
						}
					]
				}
			]
		}
	]
}