{
	"format_version": "1.12.0",
	"minecraft:geometry": [
		{
			"description": {
				"identifier": "geometry.cannon_shell",
				"texture_width": 32,
				"texture_height": 32,
				"visible_bounds_width": 2,
				"visible_bounds_height": 1.5,
				"visible_bounds_offset": [
					0,
					0.25,
					0
				]
			},
			"bones": [
				{
					"name": "body",
					"pivot": [
						0,
						0,
						0
					],
					"cubes": [
						{
							"origin": [
								-2,
								-2,
								-2
							],
							"size": [
								4,
								4,
								4
							],
							"uv": [
								0,
								0
							]
						},
						{
							"origin": [
								-1.5,
								-1.75,
								1.5
							],
							"size": [
								3,
								3.25,
								1
							],
							"uv": [
								16,
								4
							]
						},
						{
							"origin": [
								-1.5,
								-1.75,
								-2.5
							],
							"size": [
								3,
								3.25,
								1
							],
							"uv": [
								12,
								0
							]
						},
						{
							"origin": [
								-2.25,
								-1.5,
								-1.5
							],
							"size": [
								1,
								3,
								3
							],
							"uv": [
								8,
								13
							]
						},
						{
							"origin": [
								1.25,
								-1.5,
								-1.5
							],
							"size": [
								1,
								3,
								3
							],
							"uv": [
								0,
								12
							]
						},
						{
							"origin": [
								-1.5,
								1.25,
								-1.5
							],
							"size": [
								3,
								1,
								3
							],
							"uv": [
								9,
								9
							]
						},
						{
							"origin": [
								-1.5,
								-2.25,
								-1.5
							],
							"size": [
								3,
								1,
								3
							],
							"uv": [
								0,
								8
							]
						}
					]
				}
			]
		}
	]
}