{
	"format_version": "1.12.0",
	"minecraft:geometry": [
		{
			"description": {
				"identifier": "geometry.cannon",
				"texture_width": 64,
				"texture_height": 64,
				"visible_bounds_width": 5,
				"visible_bounds_height": 2.5,
				"visible_bounds_offset": [
					0,
					0.75,
					0
				]
			},
			"bones": [
				{
					"name": "body",
					"pivot": [
						0,
						10,
						-7.25
					],
					"cubes": [
						{
							"origin": [
								-8,
								11,
								-12
							],
							"size": [
								16,
								2,
								9
							],
							"uv": [
								4,
								40
							]
						},
						{
							"origin": [
								-10,
								9,
								-8.5
							],
							"size": [
								20,
								2,
								2
							],
							"uv": [
								4,
								40
							]
						},
						{
							"origin": [
								-2,
								13,
								-13
							],
							"size": [
								4,
								4,
								12
							],
							"uv": [
								19,
								0
							]
						},
						{
							"origin": [
								-1.75,
								13.25,
								-24
							],
							"size": [
								3.5,
								3.5,
								11
							],
							"uv": [
								28,
								2
							]
						},
						{
							"origin": [
								-2,
								13,
								-26
							],
							"size": [
								4.25,
								4,
								2
							],
							"uv": [
								0,
								0
							]
						},
						{
							"origin": [
								-1.25,
								13.75,
								-1
							],
							"size": [
								2.5,
								2.5,
								1
							],
							"uv": [
								48,
								21
							]
						},
						{
							"origin": [
								-4,
								13,
								-11
							],
							"size": [
								2,
								5,
								7
							],
							"uv": [
								4,
								40
							]
						},
						{
							"origin": [
								2,
								13,
								-11
							],
							"size": [
								2,
								5,
								7
							],
							"uv": [
								4,
								40
							]
						},
						{
							"origin": [
								-2,
								17,
								-11
							],
							"size": [
								4,
								1,
								7
							],
							"uv": [
								4,
								40
							]
						},
						{
							"origin": [
								5.5,
								9,
								-8
							],
							"size": [
								2,
								2,
								17
							],
							"pivot": [
								7,
								10,
								-6
							],
							"rotation": [
								-37.5,
								0,
								0
							],
							"uv": [
								4,
								40
							]
						},
						{
							"origin": [
								-7.5,
								9,
								-8
							],
							"size": [
								2,
								2,
								17
							],
							"pivot": [
								-6,
								10,
								-6
							],
							"rotation": [
								-37.5,
								0,
								0
							],
							"uv": [
								4,
								40
							]
						},
						{
							"origin": [
								5.5,
								0,
								5.25
							],
							"size": [
								2,
								2,
								10.75
							],
							"uv": [
								4,
								40
							]
						},
						{
							"origin": [
								-7.5,
								0,
								5.25
							],
							"size": [
								2,
								2,
								10.75
							],
							"uv": [
								4,
								40
							]
						},
						{
							"origin": [
								6,
								12,
								-3
							],
							"size": [
								1,
								1,
								12
							],
							"uv": [
								4,
								40
							]
						},
						{
							"origin": [
								-7,
								12,
								-3
							],
							"size": [
								1,
								1,
								12
							],
							"uv": [
								4,
								40
							]
						}
					]
				},
				{
					"name": "banh",
					"parent": "body",
					"pivot": [
						10.5,
						10,
						-7.5
					],
					"cubes": [
						{
							"origin": [
								10,
								0,
								-9.5
							],
							"size": [
								1,
								1,
								4
							],
							"pivot": [
								10.5,
								10,
								-7.5
							],
							"rotation": [
								180,
								0,
								0
							],
							"uv": [
								4,
								40
							]
						},
						{
							"origin": [
								10,
								0,
								-9.5
							],
							"size": [
								1,
								1,
								4
							],
							"pivot": [
								10.5,
								10,
								-7.5
							],
							"rotation": [
								-157.5,
								0,
								0
							],
							"uv": [
								4,
								40
							]
						},
						{
							"origin": [
								10,
								0,
								-9.5
							],
							"size": [
								1,
								1,
								4
							],
							"pivot": [
								10.5,
								10,
								-7.5
							],
							"rotation": [
								-135,
								0,
								0
							],
							"uv": [
								4,
								40
							]
						},
						{
							"origin": [
								10,
								0,
								-9.5
							],
							"size": [
								1,
								1,
								4
							],
							"pivot": [
								10.5,
								10,
								-7.5
							],
							"rotation": [
								-112.5,
								0,
								0
							],
							"uv": [
								4,
								40
							]
						},
						{
							"origin": [
								10,
								0,
								-9.5
							],
							"size": [
								1,
								1,
								4
							],
							"pivot": [
								10.5,
								10,
								-7.5
							],
							"rotation": [
								-90,
								0,
								0
							],
							"uv": [
								4,
								40
							]
						},
						{
							"origin": [
								10,
								0,
								-9.5
							],
							"size": [
								1,
								1,
								4
							],
							"pivot": [
								10.5,
								10,
								-7.5
							],
							"rotation": [
								-67.5,
								0,
								0
							],
							"uv": [
								4,
								40
							]
						},
						{
							"origin": [
								10,
								0,
								-9.5
							],
							"size": [
								1,
								1,
								4
							],
							"pivot": [
								10.5,
								10,
								-7.5
							],
							"rotation": [
								-45,
								0,
								0
							],
							"uv": [
								4,
								40
							]
						},
						{
							"origin": [
								10,
								0,
								-9.5
							],
							"size": [
								1,
								1,
								4
							],
							"pivot": [
								10.5,
								10,
								-7.5
							],
							"rotation": [
								-22.5,
								0,
								0
							],
							"uv": [
								4,
								40
							]
						},
						{
							"origin": [
								10,
								0,
								-9.5
							],
							"size": [
								1,
								1,
								4
							],
							"uv": [
								4,
								40
							]
						},
						{
							"origin": [
								10,
								0,
								-9.5
							],
							"size": [
								1,
								1,
								4
							],
							"pivot": [
								10.5,
								10,
								-7.5
							],
							"rotation": [
								22.5,
								0,
								0
							],
							"uv": [
								4,
								40
							]
						},
						{
							"origin": [
								10,
								0,
								-9.5
							],
							"size": [
								1,
								1,
								4
							],
							"pivot": [
								10.5,
								10,
								-7.5
							],
							"rotation": [
								45,
								0,
								0
							],
							"uv": [
								4,
								40
							]
						},
						{
							"origin": [
								10,
								0,
								-9.5
							],
							"size": [
								1,
								1,
								4
							],
							"pivot": [
								10.5,
								10,
								-7.5
							],
							"rotation": [
								67.5,
								0,
								0
							],
							"uv": [
								4,
								40
							]
						},
						{
							"origin": [
								10,
								0,
								-9.5
							],
							"size": [
								1,
								1,
								4
							],
							"pivot": [
								10.5,
								10,
								-7.5
							],
							"rotation": [
								90,
								0,
								0
							],
							"uv": [
								4,
								40
							]
						},
						{
							"origin": [
								10,
								0,
								-9.5
							],
							"size": [
								1,
								1,
								4
							],
							"pivot": [
								10.5,
								10,
								-7.5
							],
							"rotation": [
								112.5,
								0,
								0
							],
							"uv": [
								4,
								40
							]
						},
						{
							"origin": [
								10,
								0,
								-9.5
							],
							"size": [
								1,
								1,
								4
							],
							"pivot": [
								10.5,
								10,
								-7.5
							],
							"rotation": [
								135,
								0,
								0
							],
							"uv": [
								4,
								40
							]
						},
						{
							"origin": [
								10,
								0,
								-9.5
							],
							"size": [
								1,
								1,
								4
							],
							"pivot": [
								10.5,
								10,
								-7.5
							],
							"rotation": [
								157.5,
								0,
								0
							],
							"uv": [
								4,
								40
							]
						},
						{
							"origin": [
								10,
								1,
								-8.25
							],
							"size": [
								1,
								9,
								1.5
							],
							"pivot": [
								10.5,
								10,
								-7.5
							],
							"rotation": [
								180,
								0,
								0
							],
							"uv": [
								4,
								40
							]
						},
						{
							"origin": [
								10,
								1,
								-8.25
							],
							"size": [
								1,
								9,
								1.5
							],
							"pivot": [
								10.5,
								10,
								-7.5
							],
							"rotation": [
								-135,
								0,
								0
							],
							"uv": [
								4,
								40
							]
						},
						{
							"origin": [
								10,
								1,
								-8.25
							],
							"size": [
								1,
								9,
								1.5
							],
							"pivot": [
								10.5,
								10,
								-7.5
							],
							"rotation": [
								-90,
								0,
								0
							],
							"uv": [
								4,
								40
							]
						},
						{
							"origin": [
								10,
								1,
								-8.25
							],
							"size": [
								1,
								9,
								1.5
							],
							"pivot": [
								10.5,
								10,
								-7.5
							],
							"rotation": [
								-45,
								0,
								0
							],
							"uv": [
								4,
								40
							]
						},
						{
							"origin": [
								10,
								1,
								-8.25
							],
							"size": [
								1,
								9,
								1.5
							],
							"uv": [
								4,
								40
							]
						},
						{
							"origin": [
								10,
								1,
								-8.25
							],
							"size": [
								1,
								9,
								1.5
							],
							"pivot": [
								10.5,
								10,
								-7.5
							],
							"rotation": [
								45,
								0,
								0
							],
							"uv": [
								4,
								40
							]
						},
						{
							"origin": [
								10,
								1,
								-8.25
							],
							"size": [
								1,
								9,
								1.5
							],
							"pivot": [
								10.5,
								10,
								-7.5
							],
							"rotation": [
								90,
								0,
								0
							],
							"uv": [
								4,
								40
							]
						},
						{
							"origin": [
								10,
								1,
								-8.25
							],
							"size": [
								1,
								9,
								1.5
							],
							"pivot": [
								10.5,
								10,
								-7.5
							],
							"rotation": [
								135,
								0,
								0
							],
							"uv": [
								4,
								40
							]
						},
						{
							"origin": [
								10,
								9,
								-8.5
							],
							"size": [
								2,
								2,
								2
							],
							"uv": [
								4,
								40
							]
						}
					]
				},
				{
					"name": "banh1",
					"parent": "body",
					"pivot": [
						-10.5,
						10,
						-7.5
					],
					"cubes": [
						{
							"origin": [
								-11,
								0,
								-9.5
							],
							"size": [
								1,
								1,
								4
							],
							"pivot": [
								-10.5,
								10,
								-7.5
							],
							"rotation": [
								180,
								0,
								0
							],
							"uv": [
								4,
								40
							]
						},
						{
							"origin": [
								-11,
								0,
								-9.5
							],
							"size": [
								1,
								1,
								4
							],
							"pivot": [
								-10.5,
								10,
								-7.5
							],
							"rotation": [
								157.5,
								0,
								0
							],
							"uv": [
								4,
								40
							]
						},
						{
							"origin": [
								-11,
								0,
								-9.5
							],
							"size": [
								1,
								1,
								4
							],
							"pivot": [
								-10.5,
								10,
								-7.5
							],
							"rotation": [
								135,
								0,
								0
							],
							"uv": [
								4,
								40
							]
						},
						{
							"origin": [
								-11,
								0,
								-9.5
							],
							"size": [
								1,
								1,
								4
							],
							"pivot": [
								-10.5,
								10,
								-7.5
							],
							"rotation": [
								112.5,
								0,
								0
							],
							"uv": [
								4,
								40
							]
						},
						{
							"origin": [
								-11,
								0,
								-9.5
							],
							"size": [
								1,
								1,
								4
							],
							"pivot": [
								-10.5,
								10,
								-7.5
							],
							"rotation": [
								90,
								0,
								0
							],
							"uv": [
								4,
								40
							]
						},
						{
							"origin": [
								-11,
								0,
								-9.5
							],
							"size": [
								1,
								1,
								4
							],
							"pivot": [
								-10.5,
								10,
								-7.5
							],
							"rotation": [
								67.5,
								0,
								0
							],
							"uv": [
								4,
								40
							]
						},
						{
							"origin": [
								-11,
								0,
								-9.5
							],
							"size": [
								1,
								1,
								4
							],
							"pivot": [
								-10.5,
								10,
								-7.5
							],
							"rotation": [
								45,
								0,
								0
							],
							"uv": [
								4,
								40
							]
						},
						{
							"origin": [
								-11,
								0,
								-9.5
							],
							"size": [
								1,
								1,
								4
							],
							"pivot": [
								-10.5,
								10,
								-7.5
							],
							"rotation": [
								22.5,
								0,
								0
							],
							"uv": [
								4,
								40
							]
						},
						{
							"origin": [
								-11,
								0,
								-9.5
							],
							"size": [
								1,
								1,
								4
							],
							"uv": [
								4,
								40
							]
						},
						{
							"origin": [
								-11,
								0,
								-9.5
							],
							"size": [
								1,
								1,
								4
							],
							"pivot": [
								-10.5,
								10,
								-7.5
							],
							"rotation": [
								-22.5,
								0,
								0
							],
							"uv": [
								4,
								40
							]
						},
						{
							"origin": [
								-11,
								0,
								-9.5
							],
							"size": [
								1,
								1,
								4
							],
							"pivot": [
								-10.5,
								10,
								-7.5
							],
							"rotation": [
								-45,
								0,
								0
							],
							"uv": [
								4,
								40
							]
						},
						{
							"origin": [
								-11,
								0,
								-9.5
							],
							"size": [
								1,
								1,
								4
							],
							"pivot": [
								-10.5,
								10,
								-7.5
							],
							"rotation": [
								-67.5,
								0,
								0
							],
							"uv": [
								4,
								40
							]
						},
						{
							"origin": [
								-11,
								1,
								-8.25
							],
							"size": [
								1,
								9,
								1.5
							],
							"pivot": [
								-10.5,
								10,
								-7.5
							],
							"rotation": [
								-90,
								0,
								0
							],
							"uv": [
								4,
								40
							]
						},
						{
							"origin": [
								-11,
								0,
								-9.5
							],
							"size": [
								1,
								1,
								4
							],
							"pivot": [
								-10.5,
								10,
								-7.5
							],
							"rotation": [
								-90,
								0,
								0
							],
							"uv": [
								4,
								40
							]
						},
						{
							"origin": [
								-11,
								0,
								-9.5
							],
							"size": [
								1,
								1,
								4
							],
							"pivot": [
								-10.5,
								10,
								-7.5
							],
							"rotation": [
								-112.5,
								0,
								0
							],
							"uv": [
								4,
								40
							]
						},
						{
							"origin": [
								-11,
								0,
								-9.5
							],
							"size": [
								1,
								1,
								4
							],
							"pivot": [
								-10.5,
								10,
								-7.5
							],
							"rotation": [
								-135,
								0,
								0
							],
							"uv": [
								4,
								40
							]
						},
						{
							"origin": [
								-11,
								0,
								-9.5
							],
							"size": [
								1,
								1,
								4
							],
							"pivot": [
								-10.5,
								10,
								-7.5
							],
							"rotation": [
								-157.5,
								0,
								0
							],
							"uv": [
								4,
								40
							]
						},
						{
							"origin": [
								-11,
								1,
								-8.25
							],
							"size": [
								1,
								9,
								1.5
							],
							"pivot": [
								-10.5,
								10,
								-7.5
							],
							"rotation": [
								-135,
								0,
								0
							],
							"uv": [
								4,
								40
							]
						},
						{
							"origin": [
								-11,
								1,
								-8.25
							],
							"size": [
								1,
								9,
								1.5
							],
							"pivot": [
								-10.5,
								10,
								-7.5
							],
							"rotation": [
								180,
								0,
								0
							],
							"uv": [
								4,
								40
							]
						},
						{
							"origin": [
								-11,
								1,
								-8.25
							],
							"size": [
								1,
								9,
								1.5
							],
							"pivot": [
								-10.5,
								10,
								-7.5
							],
							"rotation": [
								135,
								0,
								0
							],
							"uv": [
								4,
								40
							]
						},
						{
							"origin": [
								-11,
								1,
								-8.25
							],
							"size": [
								1,
								9,
								1.5
							],
							"pivot": [
								-10.5,
								10,
								-7.5
							],
							"rotation": [
								90,
								0,
								0
							],
							"uv": [
								4,
								40
							]
						},
						{
							"origin": [
								-11,
								1,
								-8.25
							],
							"size": [
								1,
								9,
								1.5
							],
							"pivot": [
								-10.5,
								10,
								-7.5
							],
							"rotation": [
								45,
								0,
								0
							],
							"uv": [
								4,
								40
							]
						},
						{
							"origin": [
								-11,
								1,
								-8.25
							],
							"size": [
								1,
								9,
								1.5
							],
							"uv": [
								4,
								40
							]
						},
						{
							"origin": [
								-11,
								1,
								-8.25
							],
							"size": [
								1,
								9,
								1.5
							],
							"pivot": [
								-10.5,
								10,
								-7.5
							],
							"rotation": [
								-45,
								0,
								0
							],
							"uv": [
								4,
								40
							]
						},
						{
							"origin": [
								-12,
								9,
								-8.5
							],
							"size": [
								2,
								2,
								2
							],
							"uv": [
								4,
								40
							]
						}
					]
				}
			]
		}
	]
}