{
	"format_version": "1.12.0",
	"minecraft:geometry": [
		{
			"description": {
				"identifier": "geometry.catapult",
				"texture_width": 128,
				"texture_height": 128,
				"visible_bounds_width": 3,
				"visible_bounds_height": 3.5,
				"visible_bounds_offset": [
					0,
					1.25,
					0
				]
			},
			"bones": [
				{
					"name": "body",
					"pivot": [
						5,
						31,
						3
					],
					"cubes": [
						{
							"origin": [
								-8,
								3,
								-17
							],
							"size": [
								2,
								4,
								31
							],
							"uv": [
								0,
								0
							]
						},
						{
							"origin": [
								6,
								3,
								-17
							],
							"size": [
								2,
								4,
								31
							],
							"uv": [
								0,
								0
							]
						},
						{
							"origin": [
								-6,
								4,
								-14
							],
							"size": [
								12,
								2,
								5
							],
							"uv": [
								71,
								24
							]
						},
						{
							"origin": [
								-8,
								2,
								-12
							],
							"size": [
								16,
								2,
								1
							],
							"uv": [
								0,
								0
							]
						},
						{
							"origin": [
								-8,
								2,
								8
							],
							"size": [
								16,
								2,
								1
							],
							"uv": [
								0,
								0
							]
						},
						{
							"origin": [
								-6,
								4,
								6
							],
							"size": [
								12,
								2,
								5
							],
							"uv": [
								23,
								32
							]
						},
						{
							"origin": [
								-6,
								4,
								-6
							],
							"size": [
								12,
								2,
								9
							],
							"uv": [
								73,
								33
							]
						},
						{
							"origin": [
								6,
								7,
								-3
							],
							"size": [
								2,
								19,
								3
							],
							"uv": [
								0,
								0
							]
						},
						{
							"origin": [
								6.25,
								7,
								10
							],
							"size": [
								1.5,
								19,
								3
							],
							"pivot": [
								7,
								7,
								13
							],
							"rotation": [
								45,
								0,
								0
							],
							"uv": [
								70,
								12
							]
						},
						{
							"origin": [
								-7.75,
								7,
								10
							],
							"size": [
								1.5,
								19,
								3
							],
							"pivot": [
								-7,
								7,
								13
							],
							"rotation": [
								45,
								0,
								0
							],
							"uv": [
								26,
								4
							]
						},
						{
							"origin": [
								6.25,
								7,
								-14
							],
							"size": [
								1.5,
								21,
								3
							],
							"pivot": [
								7,
								7,
								-14
							],
							"rotation": [
								-32.5,
								0,
								0
							],
							"uv": [
								36,
								27
							]
						},
						{
							"origin": [
								-7.75,
								7,
								-14
							],
							"size": [
								1.5,
								21,
								3
							],
							"pivot": [
								-7,
								7,
								-14
							],
							"rotation": [
								-32.5,
								0,
								0
							],
							"uv": [
								69,
								18
							]
						},
						{
							"origin": [
								-6.75,
								10,
								-13
							],
							"size": [
								13.5,
								13,
								1
							],
							"pivot": [
								-5,
								7,
								-14
							],
							"rotation": [
								-32.5,
								0,
								0
							],
							"uv": [
								29,
								22
							]
						},
						{
							"origin": [
								-8,
								7,
								-3
							],
							"size": [
								2,
								19,
								3
							],
							"uv": [
								0,
								0
							]
						},
						{
							"origin": [
								-6,
								21,
								-3
							],
							"size": [
								12,
								3,
								2
							],
							"uv": [
								0,
								0
							]
						},
						{
							"origin": [
								6,
								7,
								0
							],
							"size": [
								2,
								5,
								2
							],
							"uv": [
								0,
								0
							]
						},
						{
							"origin": [
								-8,
								7,
								0
							],
							"size": [
								2,
								5,
								2
							],
							"uv": [
								0,
								0
							]
						}
					],
					"locators": {
						"lead": [
							0,
							4,
							-12
						]
					}
				},
				{
					"name": "day",
					"parent": "body",
					"pivot": [
						0,
						11.25,
						8
					],
					"cubes": [
						{
							"origin": [
								-0.5,
								11,
								7
							],
							"size": [
								1,
								9,
								1
							],
							"uv": [
								124,
								78
							]
						}
					]
				},
				{
					"name": "xoay",
					"parent": "body",
					"pivot": [
						0,
						10.5,
						7.5
					],
					"cubes": [
						{
							"origin": [
								-8,
								10,
								7
							],
							"size": [
								16,
								1,
								1
							],
							"uv": [
								42,
								75
							]
						},
						{
							"origin": [
								-3,
								9.75,
								6.75
							],
							"size": [
								6,
								1.5,
								1.5
							],
							"uv": [
								114,
								65
							]
						}
					]
				},
				{
					"name": "cangat",
					"parent": "body",
					"pivot": [
						0,
						9,
						0
					],
					"cubes": [
						{
							"origin": [
								-9,
								8,
								-1
							],
							"size": [
								18,
								2,
								2
							],
							"uv": [
								36,
								103
							]
						},
						{
							"origin": [
								-1,
								10,
								-1
							],
							"size": [
								2,
								17,
								2
							],
							"uv": [
								67,
								84
							]
						},
						{
							"origin": [
								-1.25,
								16,
								-1.25
							],
							"size": [
								2.5,
								2,
								2.5
							],
							"uv": [
								120,
								74
							]
						},
						{
							"origin": [
								-3,
								27,
								-1
							],
							"size": [
								6,
								1,
								3
							],
							"uv": [
								60,
								65
							]
						},
						{
							"origin": [
								-4,
								28,
								-1
							],
							"size": [
								1,
								6,
								3
							],
							"uv": [
								85,
								95
							]
						},
						{
							"origin": [
								-3,
								28,
								2
							],
							"size": [
								6,
								6,
								1
							],
							"uv": [
								87,
								82
							]
						},
						{
							"origin": [
								-3,
								34,
								-1
							],
							"size": [
								6,
								1,
								3
							],
							"uv": [
								82,
								65
							]
						},
						{
							"origin": [
								3,
								28,
								-1
							],
							"size": [
								1,
								6,
								3
							],
							"uv": [
								85,
								69
							]
						}
					]
				},
				{
					"name": "dan",
					"parent": "cangat",
					"pivot": [
						0,
						28,
						0
					],
					"cubes": [
						{
							"origin": [
								-3,
								28,
								-5
							],
							"size": [
								6,
								6,
								6
							],
							"uv": [
								99,
								104
							]
						}
					]
				},
				{
					"name": "banh4",
					"parent": "body",
					"pivot": [
						-10,
						4.5,
						-11.5
					],
					"cubes": [
						{
							"origin": [
								-12,
								0,
								-12
							],
							"size": [
								4,
								9,
								1
							],
							"pivot": [
								-10,
								4.5,
								-11.5
							],
							"rotation": [
								-157.5,
								0,
								0
							],
							"uv": [
								0,
								77
							]
						},
						{
							"origin": [
								-12,
								0,
								-12
							],
							"size": [
								4,
								9,
								1
							],
							"pivot": [
								-10,
								4.5,
								-11.5
							],
							"rotation": [
								-135,
								0,
								0
							],
							"uv": [
								0,
								77
							]
						},
						{
							"origin": [
								-12,
								0,
								-12
							],
							"size": [
								4,
								9,
								1
							],
							"pivot": [
								-10,
								4.5,
								-11.5
							],
							"rotation": [
								-112.5,
								0,
								0
							],
							"uv": [
								0,
								77
							]
						},
						{
							"origin": [
								-12,
								0,
								-12
							],
							"size": [
								4,
								9,
								1
							],
							"pivot": [
								-10,
								4.5,
								-11.5
							],
							"rotation": [
								-90,
								0,
								0
							],
							"uv": [
								0,
								77
							]
						},
						{
							"origin": [
								-12,
								0,
								-12
							],
							"size": [
								4,
								9,
								1
							],
							"pivot": [
								-10,
								4.5,
								-11.5
							],
							"rotation": [
								-67.5,
								0,
								0
							],
							"uv": [
								0,
								77
							]
						},
						{
							"origin": [
								-12,
								0,
								-12
							],
							"size": [
								4,
								9,
								1
							],
							"pivot": [
								-10,
								4.5,
								-11.5
							],
							"rotation": [
								-45,
								0,
								0
							],
							"uv": [
								0,
								77
							]
						},
						{
							"origin": [
								-12,
								0,
								-12
							],
							"size": [
								4,
								9,
								1
							],
							"pivot": [
								-10,
								4.5,
								-11.5
							],
							"rotation": [
								-22.5,
								0,
								0
							],
							"uv": [
								0,
								77
							]
						},
						{
							"origin": [
								-12,
								0,
								-12
							],
							"size": [
								4,
								9,
								1
							],
							"uv": [
								0,
								77
							]
						}
					]
				},
				{
					"name": "banh3",
					"parent": "body",
					"pivot": [
						-10,
						4.5,
						8.5
					],
					"cubes": [
						{
							"origin": [
								-12,
								0,
								8
							],
							"size": [
								4,
								9,
								1
							],
							"pivot": [
								-10,
								4.5,
								8.5
							],
							"rotation": [
								-157.5,
								0,
								0
							],
							"uv": [
								0,
								77
							]
						},
						{
							"origin": [
								-12,
								0,
								8
							],
							"size": [
								4,
								9,
								1
							],
							"pivot": [
								-10,
								4.5,
								8.5
							],
							"rotation": [
								-135,
								0,
								0
							],
							"uv": [
								0,
								77
							]
						},
						{
							"origin": [
								-12,
								0,
								8
							],
							"size": [
								4,
								9,
								1
							],
							"pivot": [
								-10,
								4.5,
								8.5
							],
							"rotation": [
								-112.5,
								0,
								0
							],
							"uv": [
								0,
								77
							]
						},
						{
							"origin": [
								-12,
								0,
								8
							],
							"size": [
								4,
								9,
								1
							],
							"pivot": [
								-10,
								4.5,
								8.5
							],
							"rotation": [
								-90,
								0,
								0
							],
							"uv": [
								0,
								77
							]
						},
						{
							"origin": [
								-12,
								0,
								8
							],
							"size": [
								4,
								9,
								1
							],
							"pivot": [
								-10,
								4.5,
								8.5
							],
							"rotation": [
								-67.5,
								0,
								0
							],
							"uv": [
								0,
								77
							]
						},
						{
							"origin": [
								-12,
								0,
								8
							],
							"size": [
								4,
								9,
								1
							],
							"pivot": [
								-10,
								4.5,
								8.5
							],
							"rotation": [
								-45,
								0,
								0
							],
							"uv": [
								0,
								77
							]
						},
						{
							"origin": [
								-12,
								0,
								8
							],
							"size": [
								4,
								9,
								1
							],
							"pivot": [
								-10,
								4.5,
								8.5
							],
							"rotation": [
								-22.5,
								0,
								0
							],
							"uv": [
								0,
								77
							]
						},
						{
							"origin": [
								-12,
								0,
								8
							],
							"size": [
								4,
								9,
								1
							],
							"uv": [
								0,
								77
							]
						}
					]
				},
				{
					"name": "banh2",
					"parent": "body",
					"pivot": [
						9,
						4.5,
						8.5
					],
					"cubes": [
						{
							"origin": [
								8,
								0,
								8
							],
							"size": [
								4,
								9,
								1
							],
							"pivot": [
								9,
								4.5,
								8.5
							],
							"rotation": [
								-157.5,
								0,
								0
							],
							"uv": [
								0,
								77
							]
						},
						{
							"origin": [
								8,
								0,
								8
							],
							"size": [
								4,
								9,
								1
							],
							"pivot": [
								9,
								4.5,
								8.5
							],
							"rotation": [
								-135,
								0,
								0
							],
							"uv": [
								0,
								77
							]
						},
						{
							"origin": [
								8,
								0,
								8
							],
							"size": [
								4,
								9,
								1
							],
							"pivot": [
								9,
								4.5,
								8.5
							],
							"rotation": [
								-112.5,
								0,
								0
							],
							"uv": [
								0,
								77
							]
						},
						{
							"origin": [
								8,
								0,
								8
							],
							"size": [
								4,
								9,
								1
							],
							"pivot": [
								9,
								4.5,
								8.5
							],
							"rotation": [
								-90,
								0,
								0
							],
							"uv": [
								0,
								77
							]
						},
						{
							"origin": [
								8,
								0,
								8
							],
							"size": [
								4,
								9,
								1
							],
							"pivot": [
								9,
								4.5,
								8.5
							],
							"rotation": [
								-67.5,
								0,
								0
							],
							"uv": [
								0,
								77
							]
						},
						{
							"origin": [
								8,
								0,
								8
							],
							"size": [
								4,
								9,
								1
							],
							"pivot": [
								9,
								4.5,
								8.5
							],
							"rotation": [
								-45,
								0,
								0
							],
							"uv": [
								0,
								77
							]
						},
						{
							"origin": [
								8,
								0,
								8
							],
							"size": [
								4,
								9,
								1
							],
							"pivot": [
								9,
								4.5,
								8.5
							],
							"rotation": [
								-22.5,
								0,
								0
							],
							"uv": [
								0,
								77
							]
						},
						{
							"origin": [
								8,
								0,
								8
							],
							"size": [
								4,
								9,
								1
							],
							"uv": [
								0,
								77
							]
						}
					]
				},
				{
					"name": "banh",
					"parent": "body",
					"pivot": [
						9,
						4.5,
						-11.5
					],
					"cubes": [
						{
							"origin": [
								8,
								0,
								-12
							],
							"size": [
								4,
								9,
								1
							],
							"uv": [
								0,
								77
							]
						},
						{
							"origin": [
								8,
								0,
								-12
							],
							"size": [
								4,
								9,
								1
							],
							"pivot": [
								9,
								4.5,
								-11.5
							],
							"rotation": [
								-157.5,
								0,
								0
							],
							"uv": [
								0,
								77
							]
						},
						{
							"origin": [
								8,
								0,
								-12
							],
							"size": [
								4,
								9,
								1
							],
							"pivot": [
								9,
								4.5,
								-11.5
							],
							"rotation": [
								-135,
								0,
								0
							],
							"uv": [
								0,
								77
							]
						},
						{
							"origin": [
								8,
								0,
								-12
							],
							"size": [
								4,
								9,
								1
							],
							"pivot": [
								9,
								4.5,
								-11.5
							],
							"rotation": [
								-112.5,
								0,
								0
							],
							"uv": [
								0,
								77
							]
						},
						{
							"origin": [
								8,
								0,
								-12
							],
							"size": [
								4,
								9,
								1
							],
							"pivot": [
								9,
								4.5,
								-11.5
							],
							"rotation": [
								-90,
								0,
								0
							],
							"uv": [
								0,
								77
							]
						},
						{
							"origin": [
								8,
								0,
								-12
							],
							"size": [
								4,
								9,
								1
							],
							"pivot": [
								9,
								4.5,
								-11.5
							],
							"rotation": [
								-67.5,
								0,
								0
							],
							"uv": [
								0,
								77
							]
						},
						{
							"origin": [
								8,
								0,
								-12
							],
							"size": [
								4,
								9,
								1
							],
							"pivot": [
								9,
								4.5,
								-11.5
							],
							"rotation": [
								-45,
								0,
								0
							],
							"uv": [
								0,
								77
							]
						},
						{
							"origin": [
								8,
								0,
								-12
							],
							"size": [
								4,
								9,
								1
							],
							"pivot": [
								9,
								4.5,
								-11.5
							],
							"rotation": [
								-22.5,
								0,
								0
							],
							"uv": [
								0,
								77
							]
						}
					]
				}
			]
		}
	]
}