{
	"format_version": "1.12.0",
	"minecraft:geometry": [
		{
			"description": {
				"identifier": "geometry.crossbow_heavy",
				"texture_width": 128,
				"texture_height": 128,
				"visible_bounds_width": 5,
				"visible_bounds_height": 2.5,
				"visible_bounds_offset": [
					0,
					0.75,
					0
				]
			},
			"bones": [
				{
					"name": "body",
					"pivot": [
						0,
						0,
						0
					],
					"cubes": [
						{
							"origin": [
								-2,
								0,
								-2
							],
							"size": [
								4,
								11,
								4
							],
							"uv": [
								0,
								0
							]
						},
						{
							"origin": [
								-2,
								0,
								2
							],
							"size": [
								4,
								1,
								6
							],
							"uv": [
								0,
								0
							]
						},
						{
							"origin": [
								-2,
								0,
								-8
							],
							"size": [
								4,
								1,
								6
							],
							"uv": [
								0,
								0
							]
						},
						{
							"origin": [
								0.5,
								0,
								2
							],
							"size": [
								4.5,
								0.75,
								6.5
							],
							"pivot": [
								4,
								0.5,
								5
							],
							"rotation": [
								0,
								-50,
								0
							],
							"uv": [
								0,
								0
							]
						},
						{
							"origin": [
								-2.25,
								0,
								-4.25
							],
							"size": [
								4.5,
								0.75,
								6.5
							],
							"pivot": [
								4,
								0.5,
								5
							],
							"rotation": [
								0,
								50,
								0
							],
							"uv": [
								0,
								0
							]
						},
						{
							"origin": [
								-3.82488,
								0,
								0.3291
							],
							"size": [
								4.5,
								0.75,
								6.5
							],
							"pivot": [
								6.02512,
								0.375,
								-1.9209
							],
							"rotation": [
								0,
								-50,
								0
							],
							"uv": [
								0,
								0
							]
						},
						{
							"origin": [
								8.15,
								0,
								-5
							],
							"size": [
								4.5,
								0.75,
								6.5
							],
							"pivot": [
								4,
								0.5,
								5
							],
							"rotation": [
								0,
								50,
								0
							],
							"uv": [
								0,
								0
							]
						},
						{
							"origin": [
								2,
								0,
								-4
							],
							"size": [
								4.9,
								1,
								8
							],
							"uv": [
								0,
								0
							]
						},
						{
							"origin": [
								-7,
								0,
								-4
							],
							"size": [
								4.9,
								1,
								8
							],
							"uv": [
								0,
								0
							]
						}
					]
				},
				{
					"name": "head",
					"parent": "body",
					"pivot": [
						0,
						11,
						0
					],
					"cubes": [
						{
							"origin": [
								1,
								11,
								-18
							],
							"size": [
								3,
								4,
								2
							],
							"uv": [
								64,
								3
							]
						},
						{
							"origin": [
								-4,
								11,
								-18
							],
							"size": [
								3,
								4,
								2
							],
							"uv": [
								64,
								3
							]
						},
						{
							"origin": [
								-2,
								12,
								10
							],
							"size": [
								4,
								2,
								5
							],
							"uv": [
								63,
								12
							]
						},
						{
							"origin": [
								-3,
								12,
								-21
							],
							"size": [
								6,
								2,
								31
							],
							"uv": [
								0,
								34
							]
						},
						{
							"origin": [
								-2,
								11,
								-7
							],
							"size": [
								4,
								1,
								14
							],
							"uv": [
								45,
								35
							]
						},
						{
							"origin": [
								-1.75,
								8,
								-1.75
							],
							"size": [
								3.5,
								3,
								3.5
							],
							"uv": [
								0,
								28
							]
						}
					]
				},
				{
					"name": "chot",
					"parent": "head",
					"pivot": [
						0,
						14,
						8
					],
					"rotation": [
						-60,
						0,
						0
					],
					"cubes": [
						{
							"origin": [
								-3,
								14,
								8
							],
							"size": [
								1,
								8,
								1
							],
							"uv": [
								0,
								0
							]
						},
						{
							"origin": [
								2,
								14,
								8
							],
							"size": [
								1,
								8,
								1
							],
							"uv": [
								0,
								0
							]
						},
						{
							"origin": [
								-2,
								21,
								8
							],
							"size": [
								4,
								1,
								1
							],
							"uv": [
								0,
								0
							]
						}
					]
				},
				{
					"name": "cung1",
					"parent": "head",
					"pivot": [
						-3.9,
						13.5,
						-17
					],
					"cubes": [
						{
							"origin": [
								-15.5,
								11.75,
								-17.75
							],
							"size": [
								12,
								3,
								2
							],
							"pivot": [
								-3.9,
								11.5,
								-17
							],
							"rotation": [
								0,
								20,
								0
							],
							"uv": [
								0,
								22
							]
						},
						{
							"origin": [
								-26.5453,
								11.75,
								-13.54655
							],
							"size": [
								12,
								3,
								2
							],
							"pivot": [
								-14.9,
								11.5,
								-13
							],
							"rotation": [
								0,
								35,
								0
							],
							"uv": [
								0,
								22
							]
						},
						{
							"origin": [
								-25,
								12,
								-6
							],
							"size": [
								2,
								4,
								2
							],
							"uv": [
								18,
								1
							]
						}
					]
				},
				{
					"name": "day1",
					"parent": "cung1",
					"pivot": [
						-23,
						14.5,
						-5.5
					],
					"cubes": [
						{
							"origin": [
								-24,
								14,
								-6
							],
							"size": [
								24,
								1,
								1
							],
							"uv": [
								63,
								0
							]
						}
					]
				},
				{
					"name": "cung",
					"parent": "head",
					"pivot": [
						3.9,
						13.5,
						-17
					],
					"cubes": [
						{
							"origin": [
								3.5,
								11.75,
								-17.75
							],
							"size": [
								12,
								3,
								2
							],
							"pivot": [
								3.9,
								11.5,
								-17
							],
							"rotation": [
								0,
								-20,
								0
							],
							"uv": [
								0,
								22
							]
						},
						{
							"origin": [
								14.5453,
								11.75,
								-13.74655
							],
							"size": [
								12,
								3,
								2
							],
							"pivot": [
								14.9,
								11.5,
								-13
							],
							"rotation": [
								0,
								-35,
								0
							],
							"uv": [
								0,
								22
							]
						},
						{
							"origin": [
								23,
								12,
								-6
							],
							"size": [
								2,
								4,
								2
							],
							"uv": [
								18,
								1
							]
						}
					]
				},
				{
					"name": "day",
					"parent": "cung",
					"pivot": [
						23,
						14.5,
						-5.5
					],
					"cubes": [
						{
							"origin": [
								0,
								14,
								-6
							],
							"size": [
								24,
								1,
								1
							],
							"uv": [
								63,
								0
							]
						}
					]
				},
				{
					"name": "ten",
					"parent": "head",
					"pivot": [
						-0.25,
						14.5,
						-6.5625
					],
					"cubes": [
						{
							"origin": [
								-2,
								15,
								-18.0625
							],
							"size": [
								3.75,
								1,
								25.5
							],
							"uv": [
								0,
								14
							]
						},
						{
							"origin": [
								-2,
								14,
								7.4375
							],
							"size": [
								4,
								2,
								5
							],
							"uv": [
								0,
								14
							]
						}
					]
				}
			]
		}
	]
}