{
	"format_version": "1.12.0",
	"minecraft:geometry": [
		{
			"description": {
				"identifier": "geometry.flag",
				"texture_width": 64,
				"texture_height": 64,
				"visible_bounds_width": 4,
				"visible_bounds_height": 1.5,
				"visible_bounds_offset": [
					0,
					0.25,
					0
				]
			},
			"bones": [
				{
					"name": "body",
					"pivot": [
						0,
						1,
						0
					],
					"cubes": [
						{
							"origin": [
								-0.5,
								0,
								-0.5
							],
							"size": [
								1,
								1,
								19
							],
							"uv": [
								0,
								0
							]
						},
						{
							"origin": [
								0,
								-8,
								13
							],
							"size": [
								0,
								8,
								5
							],
							"uv": [
								0,
								0
							]
						}
					]
				}
			]
		}
	]
}