{
	"format_version": "1.12.0",
	"minecraft:geometry": [
		{
			"description": {
				"identifier": "geometry.flintlock",
				"texture_width": 64,
				"texture_height": 64,
				"visible_bounds_width": 3,
				"visible_bounds_height": 1.5,
				"visible_bounds_offset": [
					0,
					0.25,
					0
				]
			},
			"bones": [
				{
					"name": "rightItem",
					"pivot": [
						-7,
						1,
						0
					],
					"cubes": [
						{
							"origin": [
								-10,
								4,
								-13
							],
							"size": [
								2,
								2,
								2
							],
							"pivot": [
								-7,
								4,
								2
							],
							"rotation": [
								0,
								-90,
								0
							],
							"uv": {
								"north": {
									"uv": [
										1,
										1
									],
									"uv_size": [
										2,
										2
									]
								},
								"east": {
									"uv": [
										32,
										9
									],
									"uv_size": [
										2,
										2
									]
								},
								"south": {
									"uv": [
										1,
										1
									],
									"uv_size": [
										2,
										2
									]
								},
								"west": {
									"uv": [
										21,
										5
									],
									"uv_size": [
										2,
										2
									]
								},
								"up": {
									"uv": [
										9,
										3
									],
									"uv_size": [
										-2,
										-2
									]
								},
								"down": {
									"uv": [
										12,
										3
									],
									"uv_size": [
										-2,
										-2
									]
								}
							}
						},
						{
							"origin": [
								-23.611,
								4,
								7
							],
							"size": [
								0.001,
								4,
								5
							],
							"pivot": [
								-9,
								4.5,
								13.5
							],
							"rotation": [
								0,
								-90,
								0
							],
							"uv": {
								"north": {
									"uv": [
										0,
										0
									],
									"uv_size": [
										1.001,
										1
									]
								},
								"east": {
									"uv": [
										1,
										7
									],
									"uv_size": [
										5,
										4
									]
								},
								"south": {
									"uv": [
										0,
										0
									],
									"uv_size": [
										1.001,
										1
									]
								},
								"west": {
									"uv": [
										6,
										7
									],
									"uv_size": [
										-5,
										4
									]
								},
								"up": {
									"uv": [
										0.001,
										2
									],
									"uv_size": [
										-0.001,
										-2
									]
								},
								"down": {
									"uv": [
										0.001,
										2
									],
									"uv_size": [
										-0.001,
										-2
									]
								}
							}
						},
						{
							"origin": [
								-20.001,
								0.999,
								5.999
							],
							"size": [
								0.002,
								2.002,
								3.002
							],
							"pivot": [
								-8,
								2,
								12
							],
							"rotation": [
								0,
								-90,
								0
							],
							"uv": {
								"north": {
									"uv": [
										0,
										0
									],
									"uv_size": [
										1,
										1
									]
								},
								"east": {
									"uv": [
										4,
										4
									],
									"uv_size": [
										-3,
										2
									]
								},
								"south": {
									"uv": [
										0,
										0
									],
									"uv_size": [
										1,
										1
									]
								},
								"west": {
									"uv": [
										1,
										4
									],
									"uv_size": [
										3,
										2
									]
								},
								"up": {
									"uv": [
										1,
										1
									],
									"uv_size": [
										-1,
										-1
									]
								},
								"down": {
									"uv": [
										1,
										1
									],
									"uv_size": [
										-1,
										-1
									]
								}
							}
						},
						{
							"origin": [
								2.96885,
								3,
								-12.001
							],
							"size": [
								2.002,
								3,
								11
							],
							"pivot": [
								-1.03015,
								1,
								-5.001
							],
							"rotation": [
								0,
								-90,
								0
							],
							"uv": {
								"north": {
									"uv": [
										32,
										1
									],
									"uv_size": [
										2,
										3
									]
								},
								"east": {
									"uv": [
										21,
										9
									],
									"uv_size": [
										11,
										3
									]
								},
								"south": {
									"uv": [
										21,
										1
									],
									"uv_size": [
										2,
										3
									]
								},
								"west": {
									"uv": [
										23,
										5
									],
									"uv_size": [
										11,
										3
									]
								},
								"up": {
									"uv": [
										9,
										14
									],
									"uv_size": [
										-2,
										-11
									]
								},
								"down": {
									"uv": [
										12,
										3
									],
									"uv_size": [
										-2,
										11
									]
								}
							}
						},
						{
							"origin": [
								-7.03015,
								-1,
								-2
							],
							"size": [
								2,
								7,
								3
							],
							"pivot": [
								-5.03015,
								6,
								1
							],
							"rotation": [
								0,
								-90,
								65
							],
							"uv": {
								"north": {
									"uv": [
										38,
										8
									],
									"uv_size": [
										2,
										-7
									]
								},
								"east": {
									"uv": [
										24,
										1
									],
									"uv_size": [
										7,
										3
									]
								},
								"south": {
									"uv": [
										35,
										1
									],
									"uv_size": [
										2,
										7
									]
								},
								"west": {
									"uv": [
										13,
										1
									],
									"uv_size": [
										7,
										3
									]
								},
								"up": {
									"uv": [
										37,
										9
									],
									"uv_size": [
										-2,
										3
									]
								},
								"down": {
									"uv": [
										40,
										12
									],
									"uv_size": [
										-2,
										-3
									]
								}
							}
						}
					]
				}
			]
		}
	]
}