{
	"format_version": "1.12.0",
	"minecraft:geometry": [
		{
			"description": {
				"identifier": "geometry.healing_villager",
				"texture_width": 128,
				"texture_height": 128,
				"visible_bounds_width": 3,
				"visible_bounds_height": 5.5,
				"visible_bounds_offset": [
					0,
					2.25,
					0
				]
			},
			"bones": [
				{
					"name": "body",
					"pivot": [
						0,
						0,
						0
					],
					"cubes": [
						{
							"origin": [
								-8,
								8,
								-6
							],
							"size": [
								16,
								40,
								12
							],
							"inflate": 0.5,
							"uv": [
								0,
								76
							]
						},
						{
							"origin": [
								-8,
								34.75,
								-11
							],
							"size": [
								16,
								8,
								8
							],
							"pivot": [
								0,
								39.5,
								-10
							],
							"rotation": [
								35,
								0,
								0
							],
							"uv": [
								80,
								76
							]
						},
						{
							"origin": [
								-16,
								33,
								-4
							],
							"size": [
								8,
								15,
								8
							],
							"pivot": [
								-12,
								45.5,
								0
							],
							"rotation": [
								-55,
								0,
								0
							],
							"uv": [
								88,
								44
							]
						},
						{
							"origin": [
								8,
								33,
								-4
							],
							"size": [
								8,
								15,
								8
							],
							"pivot": [
								12,
								45.5,
								0
							],
							"rotation": [
								-55,
								0,
								0
							],
							"uv": [
								88,
								44
							]
						},
						{
							"origin": [
								-8,
								0,
								-4
							],
							"size": [
								8,
								24,
								8
							],
							"uv": [
								0,
								44
							]
						},
						{
							"origin": [
								0,
								0,
								-4
							],
							"size": [
								8,
								24,
								8
							],
							"uv": [
								0,
								44
							]
						},
						{
							"origin": [
								-8,
								48,
								-8
							],
							"size": [
								16,
								19,
								16
							],
							"uv": [
								0,
								0
							]
						},
						{
							"origin": [
								-2.5,
								46,
								-12
							],
							"size": [
								5,
								7,
								4
							],
							"uv": [
								46,
								0
							]
						},
						{
							"origin": [
								-8,
								24,
								-6
							],
							"size": [
								16,
								24,
								12
							],
							"uv": [
								32,
								40
							]
						}
					]
				}
			]
		}
	]
}