{
	"format_version": "1.12.0",
	"minecraft:geometry": [
		{
			"description": {
				"identifier": "geometry.horse_car",
				"texture_width": 128,
				"texture_height": 128,
				"visible_bounds_width": 5,
				"visible_bounds_height": 3.5,
				"visible_bounds_offset": [
					0,
					1.25,
					0
				]
			},
			"bones": [
				{
					"name": "Body",
					"pivot": [
						0,
						13,
						-14
					],
					"cubes": [
						{
							"origin": [
								-5,
								11,
								-34
							],
							"size": [
								10,
								10,
								22
							],
							"uv": [
								0,
								32
							]
						}
					]
				},
				{
					"name": "Tail",
					"parent": "Body",
					"pivot": [
						0,
						20,
						-12
					],
					"rotation": [
						25,
						0,
						0
					],
					"cubes": [
						{
							"origin": [
								-1.5,
								6,
								-14
							],
							"size": [
								3,
								14,
								4
							],
							"uv": [
								42,
								36
							]
						}
					]
				},
				{
					"name": "LegBL",
					"parent": "Body",
					"pivot": [
						3,
						11,
						-14
					],
					"cubes": [
						{
							"origin": [
								1,
								0,
								-16
							],
							"size": [
								4,
								11,
								4
							],
							"uv": [
								48,
								21
							],
							"mirror": true
						}
					]
				},
				{
					"name": "LegBR",
					"parent": "Body",
					"pivot": [
						-3,
						11,
						-14
					],
					"cubes": [
						{
							"origin": [
								-5,
								0,
								-16
							],
							"size": [
								4,
								11,
								4
							],
							"uv": [
								48,
								21
							]
						}
					]
				},
				{
					"name": "LegFL",
					"parent": "Body",
					"pivot": [
						3,
						11,
						-32
					],
					"cubes": [
						{
							"origin": [
								1,
								0,
								-34
							],
							"size": [
								4,
								11,
								4
							],
							"uv": [
								48,
								21
							],
							"mirror": true
						}
					]
				},
				{
					"name": "LegFR",
					"parent": "Body",
					"pivot": [
						-3,
						11,
						-32
					],
					"cubes": [
						{
							"origin": [
								-5,
								0,
								-34
							],
							"size": [
								4,
								11,
								4
							],
							"uv": [
								48,
								21
							]
						}
					]
				},
				{
					"name": "Neck",
					"parent": "Body",
					"pivot": [
						0,
						17,
						-31
					],
					"rotation": [
						30,
						0,
						0
					],
					"cubes": [
						{
							"origin": [
								-2,
								16,
								-34
							],
							"size": [
								4,
								12,
								7
							],
							"uv": [
								0,
								35
							]
						}
					],
					"locators": {
						"lead": [
							0,
							17,
							-31
						]
					}
				},
				{
					"name": "Head",
					"parent": "Neck",
					"pivot": [
						0,
						28,
						-34
					],
					"cubes": [
						{
							"origin": [
								-3,
								28,
								-34
							],
							"size": [
								6,
								5,
								7
							],
							"uv": [
								0,
								13
							]
						}
					]
				},
				{
					"name": "Muzzle",
					"parent": "Head",
					"pivot": [
						0,
						28,
						-34
					],
					"cubes": [
						{
							"origin": [
								-2,
								28,
								-39
							],
							"size": [
								4,
								5,
								5
							],
							"uv": [
								0,
								25
							]
						}
					]
				},
				{
					"name": "EarL",
					"parent": "Head",
					"pivot": [
						0,
						17,
						-31
					],
					"rotation": [
						0,
						0,
						5
					],
					"cubes": [
						{
							"origin": [
								-0.5,
								32,
								-28.01
							],
							"size": [
								2,
								3,
								1
							],
							"uv": [
								19,
								16
							],
							"mirror": true
						}
					]
				},
				{
					"name": "EarR",
					"parent": "Head",
					"pivot": [
						0,
						17,
						-31
					],
					"rotation": [
						0,
						0,
						-5
					],
					"cubes": [
						{
							"origin": [
								-1.5,
								32,
								-28.01
							],
							"size": [
								2,
								3,
								1
							],
							"uv": [
								19,
								16
							]
						}
					]
				},
				{
					"name": "ReinsL",
					"parent": "Head",
					"pivot": [
						2,
						30.5,
						-36.5
					],
					"rotation": [
						-35,
						0,
						0
					],
					"cubes": [
						{
							"origin": [
								3.1,
								29,
								-36
							],
							"size": [
								0,
								3,
								16
							],
							"uv": [
								32,
								2
							]
						}
					]
				},
				{
					"name": "ReinsR",
					"parent": "Head",
					"pivot": [
						-3,
						30.5,
						-36.5
					],
					"rotation": [
						-35,
						0,
						0
					],
					"cubes": [
						{
							"origin": [
								-3.1,
								29,
								-36
							],
							"size": [
								0,
								3,
								16
							],
							"uv": [
								32,
								2
							]
						}
					]
				},
				{
					"name": "Bridle",
					"parent": "Head",
					"pivot": [
						0,
						17,
						-31
					],
					"cubes": [
						{
							"origin": [
								-2,
								28,
								-36
							],
							"size": [
								4,
								5,
								2
							],
							"inflate": 0.25,
							"uv": [
								19,
								0
							]
						},
						{
							"origin": [
								-3,
								28,
								-34
							],
							"size": [
								6,
								5,
								7
							],
							"inflate": 0.25,
							"uv": [
								0,
								0
							]
						}
					]
				},
				{
					"name": "BitL",
					"parent": "Bridle",
					"pivot": [
						0,
						17,
						-31
					],
					"cubes": [
						{
							"origin": [
								2,
								29,
								-37
							],
							"size": [
								1,
								2,
								2
							],
							"uv": [
								29,
								5
							]
						}
					]
				},
				{
					"name": "BitR",
					"parent": "Bridle",
					"pivot": [
						0,
						17,
						-31
					],
					"cubes": [
						{
							"origin": [
								-3,
								29,
								-37
							],
							"size": [
								1,
								2,
								2
							],
							"uv": [
								29,
								5
							]
						}
					]
				},
				{
					"name": "Mane",
					"parent": "Neck",
					"pivot": [
						0,
						17,
						-31
					],
					"cubes": [
						{
							"origin": [
								-1,
								17,
								-26.95
							],
							"size": [
								2,
								16,
								2
							],
							"uv": [
								56,
								36
							]
						}
					]
				},
				{
					"name": "Saddle",
					"parent": "Body",
					"pivot": [
						0,
						22,
						-21
					],
					"cubes": [
						{
							"origin": [
								-5,
								12,
								-26.5
							],
							"size": [
								10,
								9,
								9
							],
							"inflate": 0.5,
							"uv": [
								26,
								0
							]
						}
					]
				},
				{
					"name": "car",
					"pivot": [
						-0.5,
						0,
						6
					],
					"cubes": [
						{
							"origin": [
								-9.5,
								15,
								-2
							],
							"size": [
								19,
								2,
								33
							],
							"uv": [
								0,
								93
							]
						},
						{
							"origin": [
								-7.5,
								17,
								3
							],
							"size": [
								15,
								8,
								1
							],
							"pivot": [
								0,
								17,
								3.5
							],
							"rotation": [
								-10,
								0,
								0
							],
							"uv": [
								0,
								90
							]
						},
						{
							"origin": [
								7.5,
								17,
								-1
							],
							"size": [
								2,
								6,
								32
							],
							"uv": [
								0,
								90
							]
						},
						{
							"origin": [
								-9.5,
								17,
								-1
							],
							"size": [
								2,
								6,
								32
							],
							"uv": [
								0,
								90
							]
						},
						{
							"origin": [
								-10.5,
								6,
								6
							],
							"size": [
								21,
								2,
								2
							],
							"uv": [
								0,
								92
							]
						},
						{
							"origin": [
								-10.5,
								6,
								24
							],
							"size": [
								21,
								2,
								2
							],
							"uv": [
								0,
								92
							]
						},
						{
							"origin": [
								8.5,
								5,
								5
							],
							"size": [
								1,
								10,
								4
							],
							"uv": [
								0,
								90
							]
						},
						{
							"origin": [
								-9.5,
								5,
								5
							],
							"size": [
								1,
								10,
								4
							],
							"uv": [
								0,
								90
							]
						},
						{
							"origin": [
								-9.5,
								5,
								23
							],
							"size": [
								1,
								10,
								4
							],
							"uv": [
								0,
								90
							]
						},
						{
							"origin": [
								8.5,
								5,
								23
							],
							"size": [
								1,
								10,
								4
							],
							"uv": [
								0,
								90
							]
						},
						{
							"origin": [
								-9.5,
								12,
								9
							],
							"size": [
								19,
								3,
								14
							],
							"uv": [
								0,
								90
							]
						},
						{
							"origin": [
								-8.5,
								12,
								23
							],
							"size": [
								17,
								3,
								8
							],
							"uv": [
								0,
								90
							]
						},
						{
							"origin": [
								-8.5,
								12,
								-2
							],
							"size": [
								17,
								3,
								11
							],
							"uv": [
								0,
								90
							]
						},
						{
							"origin": [
								9.5,
								14,
								-2
							],
							"size": [
								1,
								2,
								34
							],
							"uv": [
								0,
								90
							]
						},
						{
							"origin": [
								-10.5,
								14,
								-2
							],
							"size": [
								1,
								2,
								34
							],
							"uv": [
								0,
								90
							]
						},
						{
							"origin": [
								-8.5,
								12,
								-29
							],
							"size": [
								3,
								3,
								27
							],
							"uv": [
								0,
								90
							]
						},
						{
							"origin": [
								5.5,
								12,
								-29
							],
							"size": [
								3,
								3,
								27
							],
							"uv": [
								0,
								90
							]
						},
						{
							"origin": [
								-6.5,
								21,
								-28
							],
							"size": [
								13,
								2,
								2
							],
							"uv": [
								0,
								90
							]
						},
						{
							"origin": [
								-14.25,
								21,
								-28
							],
							"size": [
								9,
								2,
								2
							],
							"pivot": [
								-6,
								22,
								-27
							],
							"rotation": [
								0,
								0,
								-80
							],
							"uv": [
								0,
								90
							]
						},
						{
							"origin": [
								-4.5,
								32.75,
								-28
							],
							"size": [
								9,
								2,
								2
							],
							"pivot": [
								-6,
								22,
								-27
							],
							"rotation": [
								0,
								0,
								80
							],
							"uv": [
								0,
								90
							]
						}
					]
				},
				{
					"name": "cua",
					"parent": "car",
					"pivot": [
						0,
						13.5,
						31.5
					],
					"cubes": [
						{
							"origin": [
								-9.5,
								13,
								31
							],
							"size": [
								19,
								11,
								1
							],
							"uv": [
								0,
								90
							]
						}
					]
				},
				{
					"name": "banh",
					"parent": "car",
					"pivot": [
						10.5,
						7,
						7
					],
					"cubes": [
						{
							"origin": [
								10.5,
								6,
								0
							],
							"size": [
								1,
								2,
								14
							],
							"uv": [
								0,
								90
							]
						},
						{
							"origin": [
								10.5,
								6,
								0
							],
							"size": [
								1,
								2,
								14
							],
							"pivot": [
								10.5,
								7,
								7
							],
							"rotation": [
								-16.5,
								0,
								0
							],
							"uv": [
								0,
								90
							]
						},
						{
							"origin": [
								10.5,
								6,
								0
							],
							"size": [
								1,
								2,
								14
							],
							"pivot": [
								10.5,
								7,
								7
							],
							"rotation": [
								-33,
								0,
								0
							],
							"uv": [
								0,
								90
							]
						},
						{
							"origin": [
								10.5,
								6,
								0
							],
							"size": [
								1,
								2,
								14
							],
							"pivot": [
								10.5,
								7,
								7
							],
							"rotation": [
								-49.5,
								0,
								0
							],
							"uv": [
								0,
								90
							]
						},
						{
							"origin": [
								10.5,
								6,
								0
							],
							"size": [
								1,
								2,
								14
							],
							"pivot": [
								10.5,
								7,
								7
							],
							"rotation": [
								-66,
								0,
								0
							],
							"uv": [
								0,
								90
							]
						},
						{
							"origin": [
								10.5,
								6,
								0
							],
							"size": [
								1,
								2,
								14
							],
							"pivot": [
								10.5,
								7,
								7
							],
							"rotation": [
								-82,
								0,
								0
							],
							"uv": [
								0,
								90
							]
						},
						{
							"origin": [
								10.5,
								6,
								0
							],
							"size": [
								1,
								2,
								14
							],
							"pivot": [
								10.5,
								7,
								7
							],
							"rotation": [
								-98.5,
								0,
								0
							],
							"uv": [
								0,
								90
							]
						},
						{
							"origin": [
								10.5,
								6,
								0
							],
							"size": [
								1,
								2,
								14
							],
							"pivot": [
								10.5,
								7,
								7
							],
							"rotation": [
								-115,
								0,
								0
							],
							"uv": [
								0,
								90
							]
						},
						{
							"origin": [
								10.5,
								6,
								0
							],
							"size": [
								1,
								2,
								14
							],
							"pivot": [
								10.5,
								7,
								7
							],
							"rotation": [
								-131,
								0,
								0
							],
							"uv": [
								0,
								90
							]
						},
						{
							"origin": [
								10.5,
								6,
								0
							],
							"size": [
								1,
								2,
								14
							],
							"pivot": [
								10.5,
								7,
								7
							],
							"rotation": [
								-147.5,
								0,
								0
							],
							"uv": [
								0,
								90
							]
						},
						{
							"origin": [
								10.5,
								6,
								0
							],
							"size": [
								1,
								2,
								14
							],
							"pivot": [
								10.5,
								7,
								7
							],
							"rotation": [
								-163.5,
								0,
								0
							],
							"uv": [
								0,
								90
							]
						}
					]
				},
				{
					"name": "banh2",
					"parent": "car",
					"pivot": [
						10.5,
						7,
						25
					],
					"cubes": [
						{
							"origin": [
								10.5,
								6,
								18
							],
							"size": [
								1,
								2,
								14
							],
							"uv": [
								0,
								90
							]
						},
						{
							"origin": [
								10.5,
								6,
								18
							],
							"size": [
								1,
								2,
								14
							],
							"pivot": [
								10.5,
								7,
								25
							],
							"rotation": [
								-16.5,
								0,
								0
							],
							"uv": [
								0,
								90
							]
						},
						{
							"origin": [
								10.5,
								6,
								18
							],
							"size": [
								1,
								2,
								14
							],
							"pivot": [
								10.5,
								7,
								25
							],
							"rotation": [
								-33,
								0,
								0
							],
							"uv": [
								0,
								90
							]
						},
						{
							"origin": [
								10.5,
								6,
								18
							],
							"size": [
								1,
								2,
								14
							],
							"pivot": [
								10.5,
								7,
								25
							],
							"rotation": [
								-49.5,
								0,
								0
							],
							"uv": [
								0,
								90
							]
						},
						{
							"origin": [
								10.5,
								6,
								18
							],
							"size": [
								1,
								2,
								14
							],
							"pivot": [
								10.5,
								7,
								25
							],
							"rotation": [
								-66,
								0,
								0
							],
							"uv": [
								0,
								90
							]
						},
						{
							"origin": [
								10.5,
								6,
								18
							],
							"size": [
								1,
								2,
								14
							],
							"pivot": [
								10.5,
								7,
								25
							],
							"rotation": [
								-82,
								0,
								0
							],
							"uv": [
								0,
								90
							]
						},
						{
							"origin": [
								10.5,
								6,
								18
							],
							"size": [
								1,
								2,
								14
							],
							"pivot": [
								10.5,
								7,
								25
							],
							"rotation": [
								-98.5,
								0,
								0
							],
							"uv": [
								0,
								90
							]
						},
						{
							"origin": [
								10.5,
								6,
								18
							],
							"size": [
								1,
								2,
								14
							],
							"pivot": [
								10.5,
								7,
								25
							],
							"rotation": [
								-115,
								0,
								0
							],
							"uv": [
								0,
								90
							]
						},
						{
							"origin": [
								10.5,
								6,
								18
							],
							"size": [
								1,
								2,
								14
							],
							"pivot": [
								10.5,
								7,
								25
							],
							"rotation": [
								-131,
								0,
								0
							],
							"uv": [
								0,
								90
							]
						},
						{
							"origin": [
								10.5,
								6,
								18
							],
							"size": [
								1,
								2,
								14
							],
							"pivot": [
								10.5,
								7,
								25
							],
							"rotation": [
								-147.5,
								0,
								0
							],
							"uv": [
								0,
								90
							]
						},
						{
							"origin": [
								10.5,
								6,
								18
							],
							"size": [
								1,
								2,
								14
							],
							"pivot": [
								10.5,
								7,
								25
							],
							"rotation": [
								-163.5,
								0,
								0
							],
							"uv": [
								0,
								90
							]
						}
					]
				},
				{
					"name": "banh3",
					"parent": "car",
					"pivot": [
						-10.5,
						7,
						25
					],
					"cubes": [
						{
							"origin": [
								-11.5,
								6,
								18
							],
							"size": [
								1,
								2,
								14
							],
							"uv": [
								0,
								90
							]
						},
						{
							"origin": [
								-11.5,
								6,
								18
							],
							"size": [
								1,
								2,
								14
							],
							"pivot": [
								-11.5,
								7,
								25
							],
							"rotation": [
								-16.5,
								0,
								0
							],
							"uv": [
								0,
								90
							]
						},
						{
							"origin": [
								-11.5,
								6,
								18
							],
							"size": [
								1,
								2,
								14
							],
							"pivot": [
								-11.5,
								7,
								25
							],
							"rotation": [
								-33,
								0,
								0
							],
							"uv": [
								0,
								90
							]
						},
						{
							"origin": [
								-11.5,
								6,
								18
							],
							"size": [
								1,
								2,
								14
							],
							"pivot": [
								-11.5,
								7,
								25
							],
							"rotation": [
								-49.5,
								0,
								0
							],
							"uv": [
								0,
								90
							]
						},
						{
							"origin": [
								-11.5,
								6,
								18
							],
							"size": [
								1,
								2,
								14
							],
							"pivot": [
								-11.5,
								7,
								25
							],
							"rotation": [
								-66,
								0,
								0
							],
							"uv": [
								0,
								90
							]
						},
						{
							"origin": [
								-11.5,
								6,
								18
							],
							"size": [
								1,
								2,
								14
							],
							"pivot": [
								-11.5,
								7,
								25
							],
							"rotation": [
								-82,
								0,
								0
							],
							"uv": [
								0,
								90
							]
						},
						{
							"origin": [
								-11.5,
								6,
								18
							],
							"size": [
								1,
								2,
								14
							],
							"pivot": [
								-11.5,
								7,
								25
							],
							"rotation": [
								-98.5,
								0,
								0
							],
							"uv": [
								0,
								90
							]
						},
						{
							"origin": [
								-11.5,
								6,
								18
							],
							"size": [
								1,
								2,
								14
							],
							"pivot": [
								-11.5,
								7,
								25
							],
							"rotation": [
								-115,
								0,
								0
							],
							"uv": [
								0,
								90
							]
						},
						{
							"origin": [
								-11.5,
								6,
								18
							],
							"size": [
								1,
								2,
								14
							],
							"pivot": [
								-11.5,
								7,
								25
							],
							"rotation": [
								-131,
								0,
								0
							],
							"uv": [
								0,
								90
							]
						},
						{
							"origin": [
								-11.5,
								6,
								18
							],
							"size": [
								1,
								2,
								14
							],
							"pivot": [
								-11.5,
								7,
								25
							],
							"rotation": [
								-147.5,
								0,
								0
							],
							"uv": [
								0,
								90
							]
						},
						{
							"origin": [
								-11.5,
								6,
								18
							],
							"size": [
								1,
								2,
								14
							],
							"pivot": [
								-11.5,
								7,
								25
							],
							"rotation": [
								-163.5,
								0,
								0
							],
							"uv": [
								0,
								90
							]
						}
					]
				},
				{
					"name": "banh4",
					"parent": "car",
					"pivot": [
						-10.5,
						7,
						7
					],
					"cubes": [
						{
							"origin": [
								-11.5,
								6,
								0
							],
							"size": [
								1,
								2,
								14
							],
							"uv": [
								0,
								90
							]
						},
						{
							"origin": [
								-11.5,
								6,
								0
							],
							"size": [
								1,
								2,
								14
							],
							"pivot": [
								-11.5,
								7,
								7
							],
							"rotation": [
								-16.5,
								0,
								0
							],
							"uv": [
								0,
								90
							]
						},
						{
							"origin": [
								-11.5,
								6,
								0
							],
							"size": [
								1,
								2,
								14
							],
							"pivot": [
								-11.5,
								7,
								7
							],
							"rotation": [
								-33,
								0,
								0
							],
							"uv": [
								0,
								90
							]
						},
						{
							"origin": [
								-11.5,
								6,
								0
							],
							"size": [
								1,
								2,
								14
							],
							"pivot": [
								-11.5,
								7,
								7
							],
							"rotation": [
								-49.5,
								0,
								0
							],
							"uv": [
								0,
								90
							]
						},
						{
							"origin": [
								-11.5,
								6,
								0
							],
							"size": [
								1,
								2,
								14
							],
							"pivot": [
								-11.5,
								7,
								7
							],
							"rotation": [
								-66,
								0,
								0
							],
							"uv": [
								0,
								90
							]
						},
						{
							"origin": [
								-11.5,
								6,
								0
							],
							"size": [
								1,
								2,
								14
							],
							"pivot": [
								-11.5,
								7,
								7
							],
							"rotation": [
								-82,
								0,
								0
							],
							"uv": [
								0,
								90
							]
						},
						{
							"origin": [
								-11.5,
								6,
								0
							],
							"size": [
								1,
								2,
								14
							],
							"pivot": [
								-11.5,
								7,
								7
							],
							"rotation": [
								-98.5,
								0,
								0
							],
							"uv": [
								0,
								90
							]
						},
						{
							"origin": [
								-11.5,
								6,
								0
							],
							"size": [
								1,
								2,
								14
							],
							"pivot": [
								-11.5,
								7,
								7
							],
							"rotation": [
								-115,
								0,
								0
							],
							"uv": [
								0,
								90
							]
						},
						{
							"origin": [
								-11.5,
								6,
								0
							],
							"size": [
								1,
								2,
								14
							],
							"pivot": [
								-11.5,
								7,
								7
							],
							"rotation": [
								-131,
								0,
								0
							],
							"uv": [
								0,
								90
							]
						},
						{
							"origin": [
								-11.5,
								6,
								0
							],
							"size": [
								1,
								2,
								14
							],
							"pivot": [
								-11.5,
								7,
								7
							],
							"rotation": [
								-147.5,
								0,
								0
							],
							"uv": [
								0,
								90
							]
						},
						{
							"origin": [
								-11.5,
								6,
								0
							],
							"size": [
								1,
								2,
								14
							],
							"pivot": [
								-11.5,
								7,
								7
							],
							"rotation": [
								-163.5,
								0,
								0
							],
							"uv": [
								0,
								90
							]
						}
					]
				}
			]
		}
	]
}