{
	"format_version": "1.10.0",
	"geometry.horse_villager": {
		"texturewidth": 64,
		"textureheight": 128,
		"visible_bounds_width": 4,
		"visible_bounds_height": 4,
		"visible_bounds_offset": [
			0,
			2,
			0
		],
		"bones": [
			{
				"name": "Body",
				"pivot": [
					0,
					13,
					9
				],
				"cubes": [
					{
						"origin": [
							-5,
							11,
							-11
						],
						"size": [
							10,
							10,
							22
						],
						"uv": [
							0,
							32
						]
					}
				]
			},
			{
				"name": "Tail",
				"parent": "Body",
				"pivot": [
					0,
					20,
					11
				],
				"rotation": [
					25,
					0,
					0
				],
				"cubes": [
					{
						"origin": [
							-1.5,
							6,
							9
						],
						"size": [
							3,
							14,
							4
						],
						"uv": [
							42,
							36
						]
					}
				]
			},
			{
				"name": "LegBL",
				"parent": "Body",
				"pivot": [
					3,
					11,
					9
				],
				"cubes": [
					{
						"origin": [
							1,
							0,
							7
						],
						"size": [
							4,
							11,
							4
						],
						"uv": [
							48,
							21
						],
						"mirror": true
					}
				]
			},
			{
				"name": "LegBR",
				"parent": "Body",
				"pivot": [
					-3,
					11,
					9
				],
				"cubes": [
					{
						"origin": [
							-5,
							0,
							7
						],
						"size": [
							4,
							11,
							4
						],
						"uv": [
							48,
							21
						]
					}
				]
			},
			{
				"name": "LegFL",
				"parent": "Body",
				"pivot": [
					3,
					11,
					-9
				],
				"cubes": [
					{
						"origin": [
							1,
							0,
							-11
						],
						"size": [
							4,
							11,
							4
						],
						"uv": [
							48,
							21
						],
						"mirror": true
					}
				]
			},
			{
				"name": "LegFR",
				"parent": "Body",
				"pivot": [
					-3,
					11,
					-9
				],
				"cubes": [
					{
						"origin": [
							-5,
							0,
							-11
						],
						"size": [
							4,
							11,
							4
						],
						"uv": [
							48,
							21
						]
					}
				]
			},
			{
				"name": "Neck",
				"parent": "Body",
				"pivot": [
					0,
					17,
					-8
				],
				"rotation": [
					30,
					0,
					0
				],
				"cubes": [
					{
						"origin": [
							-2,
							16,
							-11
						],
						"size": [
							4,
							12,
							7
						],
						"uv": [
							0,
							35
						]
					}
				],
				"locators": {
					"lead": [
						0,
						17,
						-8
					]
				}
			},
			{
				"name": "Head1",
				"parent": "Neck",
				"pivot": [
					0,
					28,
					-11
				],
				"cubes": [
					{
						"origin": [
							-3,
							28,
							-11
						],
						"size": [
							6,
							5,
							7
						],
						"uv": [
							0,
							13
						]
					}
				]
			},
			{
				"name": "Muzzle",
				"parent": "Head1",
				"pivot": [
					0,
					28,
					-11
				],
				"cubes": [
					{
						"origin": [
							-2,
							28,
							-16
						],
						"size": [
							4,
							5,
							5
						],
						"uv": [
							0,
							25
						]
					}
				]
			},
			{
				"name": "EarL",
				"parent": "Head1",
				"pivot": [
					0,
					17,
					-8
				],
				"rotation": [
					0,
					0,
					5
				],
				"cubes": [
					{
						"origin": [
							-0.5,
							32,
							-5.01
						],
						"size": [
							2,
							3,
							1
						],
						"uv": [
							19,
							16
						],
						"mirror": true
					}
				]
			},
			{
				"name": "EarR",
				"parent": "Head1",
				"pivot": [
					0,
					17,
					-8
				],
				"rotation": [
					0,
					0,
					-5
				],
				"cubes": [
					{
						"origin": [
							-1.5,
							32,
							-5.01
						],
						"size": [
							2,
							3,
							1
						],
						"uv": [
							19,
							16
						]
					}
				]
			},
			{
				"name": "ReinsL",
				"parent": "Head1",
				"pivot": [
					2,
					30.5,
					-13.5
				],
				"rotation": [
					-35,
					0,
					0
				],
				"cubes": [
					{
						"origin": [
							3.1,
							29,
							-13
						],
						"size": [
							0,
							3,
							16
						],
						"uv": [
							32,
							2
						]
					}
				]
			},
			{
				"name": "ReinsR",
				"parent": "Head1",
				"pivot": [
					-3,
					30.5,
					-13.5
				],
				"rotation": [
					-35,
					0,
					0
				],
				"cubes": [
					{
						"origin": [
							-3.1,
							29,
							-13
						],
						"size": [
							0,
							3,
							16
						],
						"uv": [
							32,
							2
						]
					}
				]
			},
			{
				"name": "Bridle",
				"parent": "Head1",
				"pivot": [
					0,
					17,
					-8
				],
				"cubes": [
					{
						"origin": [
							-2,
							28,
							-13
						],
						"size": [
							4,
							5,
							2
						],
						"uv": [
							19,
							0
						],
						"inflate": 0.25
					},
					{
						"origin": [
							-3,
							28,
							-11
						],
						"size": [
							6,
							5,
							7
						],
						"uv": [
							0,
							0
						],
						"inflate": 0.25
					}
				]
			},
			{
				"name": "BitL",
				"parent": "Bridle",
				"pivot": [
					0,
					17,
					-8
				],
				"cubes": [
					{
						"origin": [
							2,
							29,
							-14
						],
						"size": [
							1,
							2,
							2
						],
						"uv": [
							29,
							5
						]
					}
				]
			},
			{
				"name": "BitR",
				"parent": "Bridle",
				"pivot": [
					0,
					17,
					-8
				],
				"cubes": [
					{
						"origin": [
							-3,
							29,
							-14
						],
						"size": [
							1,
							2,
							2
						],
						"uv": [
							29,
							5
						]
					}
				]
			},
			{
				"name": "Mane",
				"parent": "Neck",
				"pivot": [
					0,
					17,
					-8
				],
				"cubes": [
					{
						"origin": [
							-1,
							17,
							-3.95
						],
						"size": [
							2,
							16,
							2
						],
						"uv": [
							56,
							36
						]
					}
				]
			},
			{
				"name": "Saddle",
				"parent": "Body",
				"pivot": [
					0,
					22,
					2
				],
				"cubes": [
					{
						"origin": [
							-5,
							12,
							-3.5
						],
						"size": [
							10,
							9,
							9
						],
						"uv": [
							26,
							0
						],
						"inflate": 0.5
					}
				]
			},
			{
				"name": "guard",
				"parent": "Body",
				"pivot": [
					0,
					22,
					2
				],
				"cubes": [
					{
						"origin": [
							-4,
							24,
							-1
						],
						"size": [
							8,
							12,
							6
						],
						"uv": [
							16,
							86
						]
					},
					{
						"origin": [
							-4,
							18,
							-1
						],
						"size": [
							8,
							18,
							6
						],
						"uv": [
							0,
							104
						],
						"inflate": 0.5
					}
				]
			},
			{
				"name": "head",
				"parent": "guard",
				"pivot": [
					0,
					36,
					2
				],
				"cubes": [
					{
						"origin": [
							-4,
							36,
							-2
						],
						"size": [
							8,
							10,
							8
						],
						"uv": [
							0,
							66
						]
					},
					{
						"origin": [
							-4,
							36,
							-2
						],
						"size": [
							8,
							10,
							8
						],
						"uv": [
							32,
							66
						],
						"inflate": 0.25
					}
				],
				"locators": {
					"lead2": [
						0,
						12,
						2
					]
				}
			},
			{
				"name": "nose",
				"parent": "head",
				"pivot": [
					0,
					38,
					2
				],
				"cubes": [
					{
						"origin": [
							-1,
							35,
							-4
						],
						"size": [
							2,
							4,
							2
						],
						"uv": [
							24,
							66
						]
					}
				]
			},
			{
				"name": "leftLeg",
				"parent": "guard",
				"pivot": [
					2,
					24,
					2
				],
				"rotation": [
					-79.52521,
					-17.22575,
					-3.13388
				],
				"cubes": [
					{
						"origin": [
							0,
							12,
							0
						],
						"size": [
							4,
							12,
							4
						],
						"uv": [
							0,
							88
						]
					}
				]
			},
			{
				"name": "rightLeg",
				"parent": "guard",
				"pivot": [
					-2,
					24,
					2
				],
				"rotation": [
					-79.19476,
					22.13991,
					4.11405
				],
				"mirror": true,
				"cubes": [
					{
						"origin": [
							-4,
							12,
							0
						],
						"size": [
							4,
							12,
							4
						],
						"uv": [
							0,
							88
						]
					}
				]
			},
			{
				"name": "rightarm",
				"parent": "guard",
				"pivot": [
					-5,
					34,
					2
				],
				"cubes": [
					{
						"origin": [
							-8,
							24,
							0
						],
						"size": [
							4,
							12,
							4
						],
						"uv": [
							40,
							112
						]
					}
				]
			},
			{
				"name": "rightItem",
				"parent": "rightarm",
				"pivot": [
					-6,
					27,
					2
				]
			},
			{
				"name": "leftarm",
				"parent": "guard",
				"pivot": [
					5,
					34,
					2
				],
				"mirror": true,
				"cubes": [
					{
						"origin": [
							4,
							24,
							0
						],
						"size": [
							4,
							12,
							4
						],
						"uv": [
							40,
							112
						]
					}
				]
			}
		]
	}
}