{
	"format_version": "1.12.0",
	"minecraft:geometry": [
		{
			"description": {
				"identifier": "geometry.ice_shell",
				"texture_width": 64,
				"texture_height": 64,
				"visible_bounds_width": 2,
				"visible_bounds_height": 1.5,
				"visible_bounds_offset": [
					0,
					0.25,
					0
				]
			},
			"bones": [
				{
					"name": "shell",
					"pivot": [
						0,
						0,
						0
					],
					"cubes": [
						{
							"origin": [
								-4,
								-1,
								0
							],
							"size": [
								5,
								3,
								5
							],
							"uv": [
								0,
								0
							]
						},
						{
							"origin": [
								1,
								0,
								-2
							],
							"size": [
								2,
								3.75,
								2
							],
							"uv": [
								0,
								0
							]
						},
						{
							"origin": [
								-1,
								-2,
								0
							],
							"size": [
								4,
								6,
								4
							],
							"uv": [
								0,
								22
							]
						},
						{
							"origin": [
								-3,
								-2,
								-5
							],
							"size": [
								5,
								5,
								8
							],
							"uv": [
								0,
								0
							]
						}
					]
				}
			]
		}
	]
}