{
	"format_version": "1.10.0",
	"geometry.iron_villager": {
		"texturewidth": 128,
		"textureheight": 128,
		"visible_bounds_width": 3,
		"visible_bounds_height": 3,
		"visible_bounds_offset": [
			0,
			1.5,
			0
		],
		"bones": [
			{
				"name": "body",
				"pivot": [
					0,
					0,
					0
				],
				"cubes": [
					{
						"origin": [
							-4,
							12,
							-2
						],
						"size": [
							8,
							12,
							4
						],
						"uv": [
							15,
							18
						]
					},
					{
						"origin": [
							-4,
							12,
							-2
						],
						"size": [
							8,
							12,
							4
						],
						"uv": [
							0,
							54
						],
						"inflate": 0.25
					}
				]
			},
			{
				"name": "head",
				"parent": "body",
				"pivot": [
					0,
					24,
					0
				],
				"cubes": [
					{
						"origin": [
							-4,
							24,
							-4
						],
						"size": [
							8,
							10,
							8
						],
						"uv": [
							0,
							0
						]
					},
					{
						"origin": [
							-4,
							24,
							-4
						],
						"size": [
							8,
							10,
							8
						],
						"uv": [
							32,
							0
						],
						"inflate": 0.25
					}
				],
				"locators": {
					"lead": [
						0,
						0,
						0
					]
				}
			},
			{
				"name": "nose",
				"parent": "head",
				"pivot": [
					0,
					26,
					0
				],
				"cubes": [
					{
						"origin": [
							-1,
							23,
							-6
						],
						"size": [
							2,
							4,
							2
						],
						"uv": [
							24,
							0
						]
					}
				]
			},
			{
				"name": "leftLeg",
				"parent": "body",
				"pivot": [
					2,
					12,
					0
				],
				"cubes": [
					{
						"origin": [
							0,
							0,
							-2
						],
						"size": [
							4,
							12,
							4
						],
						"uv": [
							40,
							18
						]
					}
				]
			},
			{
				"name": "rightLeg",
				"parent": "body",
				"pivot": [
					-2,
					12,
					0
				],
				"mirror": true,
				"cubes": [
					{
						"origin": [
							-4,
							0,
							-2
						],
						"size": [
							4,
							12,
							4
						],
						"uv": [
							16,
							35
						]
					}
				]
			},
			{
				"name": "rightarm",
				"parent": "body",
				"pivot": [
					-5,
					22,
					0
				],
				"cubes": [
					{
						"origin": [
							-8,
							12,
							-2
						],
						"size": [
							4,
							12,
							4
						],
						"uv": [
							0,
							18
						]
					},
					{
						"origin": [
							-8,
							12,
							-2
						],
						"size": [
							4,
							12,
							4
						],
						"uv": [
							32,
							35
						],
						"inflate": 0.25
					}
				]
			},
			{
				"name": "spear",
				"parent": "rightarm",
				"pivot": [
					-5,
					22,
					0
				],
				"cubes": [
					{
						"origin": [
							-6.5,
							13,
							-19
						],
						"size": [
							1,
							1,
							33
						],
						"uv": [
							60,
							0
						]
					},
					{
						"origin": [
							-6.25,
							12.5,
							-24
						],
						"size": [
							0.5,
							2,
							5
						],
						"uv": [
							118,
							5
						]
					},
					{
						"origin": [
							-6.25,
							11.5,
							-22
						],
						"size": [
							0.5,
							4,
							2
						],
						"uv": [
							121,
							5
						]
					},
					{
						"origin": [
							-6.25,
							13,
							-28.75
						],
						"size": [
							0.5,
							1,
							4.75
						],
						"uv": [
							119,
							6
						]
					},
					{
						"origin": [
							-6.75,
							12.75,
							-19
						],
						"size": [
							1.5,
							1.5,
							6
						],
						"uv": [
							97,
							0
						]
					}
				]
			},
			{
				"name": "leftarm",
				"parent": "body",
				"pivot": [
					5,
					22,
					0
				],
				"mirror": true,
				"cubes": [
					{
						"origin": [
							4,
							12,
							-2
						],
						"size": [
							4,
							12,
							4
						],
						"uv": [
							16,
							35
						]
					},
					{
						"origin": [
							4,
							12,
							-2
						],
						"size": [
							4,
							12,
							4
						],
						"uv": [
							32,
							35
						],
						"inflate": 0.25
					}
				]
			},
			{
				"name": "sheld",
				"parent": "leftarm",
				"pivot": [
					6,
					15,
					1
				],
				"cubes": [
					{
						"origin": [
							8,
							10,
							-10
						],
						"size": [
							1,
							10,
							20
						],
						"uv": [
							86,
							37
						]
					},
					{
						"origin": [
							3.5,
							14,
							-2.75
						],
						"size": [
							5.25,
							2,
							6
						],
						"uv": [
							98,
							69
						]
					}
				]
			}
		]
	}
}