{
	"format_version": "1.12.0",
	"minecraft:geometry": [
		{
			"description": {
				"identifier": "geometry.muiten",
				"texture_width": 128,
				"texture_height": 128,
				"visible_bounds_width": 6,
				"visible_bounds_height": 1.5,
				"visible_bounds_offset": [
					0,
					0.25,
					0
				]
			},
			"bones": [
				{
					"name": "muiten",
					"pivot": [
						-0.00804,
						0.10396,
						0.53761
					],
					"cubes": [
						{
							"origin": [
								-0.95,
								-0.4,
								-1.3
							],
							"size": [
								1.2,
								1.7,
								5.9
							],
							"uv": [
								116,
								69
							]
						},
						{
							"origin": [
								-0.95,
								-0.2,
								-1.3
							],
							"size": [
								1.2,
								1.4,
								5.9
							],
							"pivot": [
								0,
								0.1,
								-1.3
							],
							"rotation": [
								-10,
								0,
								0
							],
							"uv": [
								116,
								69
							]
						},
						{
							"origin": [
								-1.2,
								-0.4,
								3.7
							],
							"size": [
								1.7,
								1.7,
								28.9
							],
							"uv": [
								70,
								22
							]
						},
						{
							"origin": [
								-1.2,
								-0.2,
								-1.3
							],
							"size": [
								1.3,
								1.3,
								5.9
							],
							"pivot": [
								0,
								0.1,
								-1.3
							],
							"rotation": [
								0,
								-6.5,
								0
							],
							"uv": [
								116,
								68
							]
						},
						{
							"origin": [
								-1.2,
								-0.2,
								-1.3
							],
							"size": [
								1.7,
								1.3,
								5.9
							],
							"uv": [
								115,
								68
							]
						},
						{
							"origin": [
								-0.9,
								-0.2,
								-1.3
							],
							"size": [
								1.3,
								1.3,
								5.9
							],
							"pivot": [
								0,
								0.1,
								-1.3
							],
							"rotation": [
								0,
								7.5,
								0
							],
							"uv": [
								116,
								67
							]
						},
						{
							"origin": [
								-0.95,
								-0.2,
								-1.3
							],
							"size": [
								1.2,
								1.3,
								5.9
							],
							"pivot": [
								0,
								0.1,
								-1.3
							],
							"rotation": [
								9.5,
								0,
								0
							],
							"uv": [
								117,
								70
							]
						}
					]
				}
			]
		}
	]
}