{
	"format_version": "1.12.0",
	"minecraft:geometry": [
		{
			"description": {
				"identifier": "geometry.musket",
				"texture_width": 64,
				"texture_height": 64,
				"visible_bounds_width": 3,
				"visible_bounds_height": 1.5,
				"visible_bounds_offset": [
					0,
					0.25,
					0
				]
			},
			"bones": [
				{
					"name": "rightItem",
					"pivot": [
						-2,
						2,
						0
					],
					"cubes": [
						{
							"origin": [
								-1.1,
								4,
								-5
							],
							"size": [
								0,
								4,
								5
							],
							"pivot": [
								0,
								0,
								0
							],
							"rotation": [
								0,
								-90,
								0
							],
							"uv": {
								"north": {
									"uv": [
										0,
										0
									],
									"uv_size": [
										0,
										4
									]
								},
								"east": {
									"uv": [
										1,
										7
									],
									"uv_size": [
										5,
										4
									]
								},
								"south": {
									"uv": [
										0,
										0
									],
									"uv_size": [
										0,
										4
									]
								},
								"west": {
									"uv": [
										1,
										11
									],
									"uv_size": [
										5,
										4
									]
								},
								"up": {
									"uv": [
										0,
										5
									],
									"uv_size": [
										0,
										-5
									]
								},
								"down": {
									"uv": [
										0,
										5
									],
									"uv_size": [
										0,
										-5
									]
								}
							}
						},
						{
							"origin": [
								-1,
								3,
								-18
							],
							"size": [
								2,
								3,
								18
							],
							"pivot": [
								0,
								0,
								0
							],
							"rotation": [
								0,
								-90,
								0
							],
							"uv": {
								"north": {
									"uv": [
										32,
										1
									],
									"uv_size": [
										2,
										3
									]
								},
								"east": {
									"uv": [
										13,
										9
									],
									"uv_size": [
										18,
										3
									]
								},
								"south": {
									"uv": [
										21,
										1
									],
									"uv_size": [
										2,
										3
									]
								},
								"west": {
									"uv": [
										17,
										5
									],
									"uv_size": [
										18,
										3
									]
								},
								"up": {
									"uv": [
										9,
										23
									],
									"uv_size": [
										-2,
										-18
									]
								},
								"down": {
									"uv": [
										12,
										23
									],
									"uv_size": [
										-2,
										-18
									]
								}
							}
						},
						{
							"origin": [
								-1,
								4,
								-22
							],
							"size": [
								2,
								2,
								4
							],
							"pivot": [
								0,
								0,
								0
							],
							"rotation": [
								0,
								-90,
								0
							],
							"uv": {
								"north": {
									"uv": [
										1,
										12
									],
									"uv_size": [
										3,
										3
									]
								},
								"east": {
									"uv": [
										31,
										9
									],
									"uv_size": [
										4,
										2
									]
								},
								"south": {
									"uv": [
										1,
										1
									],
									"uv_size": [
										2,
										2
									]
								},
								"west": {
									"uv": [
										13,
										5
									],
									"uv_size": [
										4,
										2
									]
								},
								"up": {
									"uv": [
										9,
										5
									],
									"uv_size": [
										-2,
										-4
									]
								},
								"down": {
									"uv": [
										12,
										5
									],
									"uv_size": [
										-2,
										-4
									]
								}
							}
						},
						{
							"origin": [
								-6.2377,
								1.3704,
								-5.35
							],
							"size": [
								2,
								3,
								5
							],
							"pivot": [
								-5.2377,
								4.8204,
								0
							],
							"rotation": [
								0,
								-90,
								-17.5
							],
							"uv": {
								"north": {
									"uv": [
										60,
										1
									],
									"uv_size": [
										2,
										3
									]
								},
								"east": {
									"uv": [
										48,
										1
									],
									"uv_size": [
										5,
										3
									]
								},
								"south": {
									"uv": [
										62,
										1
									],
									"uv_size": [
										-2,
										3
									]
								},
								"west": {
									"uv": [
										42,
										1
									],
									"uv_size": [
										5,
										3
									]
								},
								"up": {
									"uv": [
										51,
										10
									],
									"uv_size": [
										-2,
										-5
									]
								},
								"down": {
									"uv": [
										51,
										10
									],
									"uv_size": [
										-2,
										-5
									]
								}
							}
						},
						{
							"origin": [
								-6.2377,
								1.3704,
								-0.35
							],
							"size": [
								2,
								4,
								6
							],
							"pivot": [
								-5.2377,
								4.8204,
								0
							],
							"rotation": [
								0,
								-90,
								-17.5
							],
							"uv": {
								"north": {
									"uv": [
										54,
										1
									],
									"uv_size": [
										2,
										4
									]
								},
								"east": {
									"uv": [
										42,
										10
									],
									"uv_size": [
										6,
										4
									]
								},
								"south": {
									"uv": [
										54,
										1
									],
									"uv_size": [
										2,
										4
									]
								},
								"west": {
									"uv": [
										42,
										5
									],
									"uv_size": [
										6,
										4
									]
								},
								"up": {
									"uv": [
										59,
										7
									],
									"uv_size": [
										-2,
										-6
									]
								},
								"down": {
									"uv": [
										62,
										7
									],
									"uv_size": [
										-2,
										-6
									]
								}
							}
						},
						{
							"origin": [
								0,
								1,
								-3
							],
							"size": [
								0,
								3,
								3
							],
							"pivot": [
								0,
								0,
								0
							],
							"rotation": [
								0,
								-90,
								0
							],
							"uv": {
								"north": {
									"uv": [
										0,
										0
									],
									"uv_size": [
										0,
										3
									]
								},
								"east": {
									"uv": [
										1,
										3
									],
									"uv_size": [
										3,
										3
									]
								},
								"south": {
									"uv": [
										0,
										0
									],
									"uv_size": [
										0,
										3
									]
								},
								"west": {
									"uv": [
										1,
										3
									],
									"uv_size": [
										3,
										3
									]
								},
								"up": {
									"uv": [
										0,
										3
									],
									"uv_size": [
										0,
										-3
									]
								},
								"down": {
									"uv": [
										0,
										3
									],
									"uv_size": [
										0,
										-3
									]
								}
							}
						},
						{
							"origin": [
								0,
								3,
								-19
							],
							"size": [
								0,
								1,
								1
							],
							"pivot": [
								0,
								0,
								0
							],
							"rotation": [
								0,
								-90,
								0
							],
							"uv": {
								"north": {
									"uv": [
										0,
										0
									],
									"uv_size": [
										0,
										1
									]
								},
								"east": {
									"uv": [
										5,
										4
									],
									"uv_size": [
										1,
										1
									]
								},
								"south": {
									"uv": [
										0,
										0
									],
									"uv_size": [
										0,
										1
									]
								},
								"west": {
									"uv": [
										5,
										6
									],
									"uv_size": [
										1,
										1
									]
								},
								"up": {
									"uv": [
										0,
										1
									],
									"uv_size": [
										0,
										-1
									]
								},
								"down": {
									"uv": [
										0,
										1
									],
									"uv_size": [
										0,
										-1
									]
								}
							}
						}
					]
				}
			]
		}
	]
}