{
	"format_version": "1.12.0",
	"minecraft:geometry": [
		{
			"description": {
				"identifier": "geometry.pillager_musket",
				"texture_width": 32,
				"texture_height": 32,
				"visible_bounds_width": 2,
				"visible_bounds_height": 2.5,
				"visible_bounds_offset": [
					0,
					0.75,
					0
				]
			},
			"bones": [
				{
					"name": "rightItem",
					"pivot": [
						-3,
						2,
						0
					],
					"cubes": [
						{
							"origin": [
								-2.69483,
								3.06322,
								-0.1
							],
							"size": [
								2,
								3.3,
								2.1
							],
							"pivot": [
								-1.69483,
								5.21322,
								0
							],
							"rotation": [
								0,
								-90,
								52.5
							],
							"uv": {
								"north": {
									"uv": [
										0,
										25
									],
									"uv_size": [
										2,
										3.3
									]
								},
								"east": {
									"uv": [
										0,
										28.45
									],
									"uv_size": [
										3.55,
										3.55
									]
								},
								"south": {
									"uv": [
										0,
										25
									],
									"uv_size": [
										2,
										3.3
									]
								},
								"west": {
									"uv": [
										4,
										28.45
									],
									"uv_size": [
										3.55,
										3.55
									]
								},
								"up": {
									"uv": [
										2,
										28.3
									],
									"uv_size": [
										-2,
										-3.3
									]
								},
								"down": {
									"uv": [
										2,
										28.3
									],
									"uv_size": [
										-2,
										-3.3
									]
								}
							}
						},
						{
							"origin": [
								-3.79726,
								0.08613,
								0.80343
							],
							"size": [
								2,
								4.2,
								2.3
							],
							"pivot": [
								-2.74383,
								2.48613,
								0.05343
							],
							"rotation": [
								0,
								-90,
								27.5
							],
							"uv": {
								"north": {
									"uv": [
										21,
										17.05
									],
									"uv_size": [
										2,
										4.95
									]
								},
								"east": {
									"uv": [
										15,
										17
									],
									"uv_size": [
										4.05,
										4.95
									]
								},
								"south": {
									"uv": [
										21,
										17.05
									],
									"uv_size": [
										2,
										4.95
									]
								},
								"west": {
									"uv": [
										19,
										17.05
									],
									"uv_size": [
										4.05,
										4.95
									]
								},
								"up": {
									"uv": [
										14,
										31.3
									],
									"uv_size": [
										-2,
										-3.3
									]
								},
								"down": {
									"uv": [
										14,
										31.3
									],
									"uv_size": [
										-2,
										-3.3
									]
								}
							}
						},
						{
							"origin": [
								-1,
								5,
								-8
							],
							"size": [
								2,
								2.5,
								6
							],
							"pivot": [
								0,
								0,
								0
							],
							"rotation": [
								0,
								-90,
								0
							],
							"uv": {
								"north": {
									"uv": [
										26,
										7
									],
									"uv_size": [
										2,
										3
									]
								},
								"east": {
									"uv": [
										20,
										0
									],
									"uv_size": [
										6,
										7
									]
								},
								"south": {
									"uv": [
										26,
										7
									],
									"uv_size": [
										2,
										3
									]
								},
								"west": {
									"uv": [
										26,
										0
									],
									"uv_size": [
										6,
										7
									]
								},
								"up": {
									"uv": [
										30,
										13
									],
									"uv_size": [
										-2,
										-6
									]
								},
								"down": {
									"uv": [
										32,
										13
									],
									"uv_size": [
										-2,
										-6
									]
								}
							}
						},
						{
							"origin": [
								-1,
								5,
								-2
							],
							"size": [
								2,
								2.5,
								4
							],
							"pivot": [
								0,
								0,
								0
							],
							"rotation": [
								0,
								-90,
								0
							],
							"uv": {
								"north": {
									"uv": [
										10,
										4
									],
									"uv_size": [
										2,
										3.5
									]
								},
								"east": {
									"uv": [
										12,
										0
									],
									"uv_size": [
										4,
										7
									]
								},
								"south": {
									"uv": [
										10,
										4
									],
									"uv_size": [
										2,
										3.5
									]
								},
								"west": {
									"uv": [
										16,
										0
									],
									"uv_size": [
										4,
										7
									]
								},
								"up": {
									"uv": [
										12,
										4
									],
									"uv_size": [
										-2,
										-4
									]
								},
								"down": {
									"uv": [
										12,
										4
									],
									"uv_size": [
										-2,
										-4
									]
								}
							}
						},
						{
							"origin": [
								-1,
								5.5,
								-10
							],
							"size": [
								2,
								2,
								2
							],
							"pivot": [
								0,
								0,
								0
							],
							"rotation": [
								0,
								-90,
								0
							],
							"uv": {
								"north": {
									"uv": [
										23,
										29
									],
									"uv_size": [
										3,
										3
									]
								},
								"east": {
									"uv": [
										26,
										30
									],
									"uv_size": [
										2,
										2
									]
								},
								"south": {
									"uv": [
										30,
										28
									],
									"uv_size": [
										2,
										2
									]
								},
								"west": {
									"uv": [
										30,
										30
									],
									"uv_size": [
										2,
										2
									]
								},
								"up": {
									"uv": [
										30,
										32
									],
									"uv_size": [
										-2,
										-2
									]
								},
								"down": {
									"uv": [
										30,
										30
									],
									"uv_size": [
										-2,
										-2
									]
								}
							}
						},
						{
							"origin": [
								-1.1,
								6,
								-1
							],
							"size": [
								0,
								3,
								3
							],
							"pivot": [
								0,
								0,
								0
							],
							"rotation": [
								0,
								-90,
								0
							],
							"uv": {
								"north": {
									"uv": [
										0,
										0
									],
									"uv_size": [
										0,
										3
									]
								},
								"east": {
									"uv": [
										0,
										0
									],
									"uv_size": [
										6,
										6
									]
								},
								"south": {
									"uv": [
										0,
										0
									],
									"uv_size": [
										0,
										3
									]
								},
								"west": {
									"uv": [
										5,
										9
									],
									"uv_size": [
										6,
										6
									]
								},
								"up": {
									"uv": [
										0,
										3
									],
									"uv_size": [
										0,
										-3
									]
								},
								"down": {
									"uv": [
										0,
										3
									],
									"uv_size": [
										0,
										-3
									]
								}
							}
						},
						{
							"origin": [
								0,
								3.5,
								0.4
							],
							"size": [
								0,
								2,
								2
							],
							"pivot": [
								0,
								0,
								0
							],
							"rotation": [
								0,
								-90,
								0
							],
							"uv": {
								"north": {
									"uv": [
										0,
										0
									],
									"uv_size": [
										0,
										2
									]
								},
								"east": {
									"uv": [
										0,
										5
									],
									"uv_size": [
										2,
										2
									]
								},
								"south": {
									"uv": [
										0,
										0
									],
									"uv_size": [
										0,
										2
									]
								},
								"west": {
									"uv": [
										0,
										7
									],
									"uv_size": [
										4,
										4
									]
								},
								"up": {
									"uv": [
										0,
										2
									],
									"uv_size": [
										0,
										-2
									]
								},
								"down": {
									"uv": [
										0,
										2
									],
									"uv_size": [
										0,
										-2
									]
								}
							}
						},
						{
							"origin": [
								2,
								4,
								-0.5
							],
							"size": [
								6,
								1,
								1
							],
							"uv": {
								"north": {
									"uv": [
										0,
										16
									],
									"uv_size": [
										5,
										1
									]
								},
								"east": {
									"uv": [
										0,
										18
									],
									"uv_size": [
										1,
										1
									]
								},
								"south": {
									"uv": [
										0,
										15
									],
									"uv_size": [
										5,
										1
									]
								},
								"west": {
									"uv": [
										0,
										17
									],
									"uv_size": [
										1,
										1
									]
								},
								"up": {
									"uv": [
										5,
										14
									],
									"uv_size": [
										-5,
										-1
									]
								},
								"down": {
									"uv": [
										5,
										14
									],
									"uv_size": [
										-5,
										-1
									]
								}
							}
						}
					]
				}
			]
		}
	]
}