{
	"format_version": "1.12.0",
	"minecraft:geometry": [
		{
			"description": {
				"identifier": "geometry.pirate_gun",
				"texture_width": 32,
				"texture_height": 32,
				"visible_bounds_width": 2,
				"visible_bounds_height": 2.5,
				"visible_bounds_offset": [
					0,
					0.75,
					0
				]
			},
			"bones": [
				{
					"name": "rightItem",
					"pivot": [
						-6,
						3,
						0
					],
					"cubes": [
						{
							"origin": [
								-1,
								10,
								1.1
							],
							"size": [
								4,
								4,
								0
							],
							"uv": {
								"north": {
									"uv": [
										19,
										12
									],
									"uv_size": [
										4,
										4
									]
								},
								"east": {
									"uv": [
										0,
										0
									],
									"uv_size": [
										0,
										4
									]
								},
								"south": {
									"uv": [
										0,
										20
									],
									"uv_size": [
										4,
										4
									]
								},
								"west": {
									"uv": [
										0,
										0
									],
									"uv_size": [
										0,
										4
									]
								},
								"up": {
									"uv": [
										0,
										0
									],
									"uv_size": [
										4,
										0
									]
								},
								"down": {
									"uv": [
										0,
										0
									],
									"uv_size": [
										4,
										0
									]
								}
							}
						},
						{
							"origin": [
								-7.80823,
								0.02626,
								-1
							],
							"size": [
								4,
								5,
								2
							],
							"uv": {
								"north": {
									"uv": [
										15,
										8
									],
									"uv_size": [
										4,
										5
									]
								},
								"east": {
									"uv": [
										21,
										0
									],
									"uv_size": [
										2,
										5
									]
								},
								"south": {
									"uv": [
										15,
										13
									],
									"uv_size": [
										4,
										5
									]
								},
								"west": {
									"uv": [
										14,
										22
									],
									"uv_size": [
										2,
										5
									]
								},
								"up": {
									"uv": [
										16,
										22
									],
									"uv_size": [
										4,
										2
									]
								},
								"down": {
									"uv": [
										22,
										20
									],
									"uv_size": [
										4,
										-2
									]
								}
							}
						},
						{
							"origin": [
								-7.80823,
								5.02626,
								-1
							],
							"size": [
								3.75,
								4,
								2
							],
							"pivot": [
								-7.80823,
								5.02626,
								0
							],
							"rotation": [
								0,
								0,
								20
							],
							"uv": {
								"north": {
									"uv": [
										10,
										16
									],
									"uv_size": [
										4,
										4
									]
								},
								"east": {
									"uv": [
										20,
										22
									],
									"uv_size": [
										2,
										4
									]
								},
								"south": {
									"uv": [
										17,
										0
									],
									"uv_size": [
										4,
										4
									]
								},
								"west": {
									"uv": [
										22,
										20
									],
									"uv_size": [
										2,
										4
									]
								},
								"up": {
									"uv": [
										23,
										0
									],
									"uv_size": [
										4,
										2
									]
								},
								"down": {
									"uv": [
										23,
										4
									],
									"uv_size": [
										4,
										-2
									]
								}
							}
						},
						{
							"origin": [
								-6.45432,
								8.75512,
								-1
							],
							"size": [
								3.75,
								4,
								2
							],
							"pivot": [
								-6.42133,
								8.7578,
								0
							],
							"rotation": [
								0,
								0,
								60
							],
							"uv": {
								"north": {
									"uv": [
										17,
										4
									],
									"uv_size": [
										4,
										4
									]
								},
								"east": {
									"uv": [
										4,
										23
									],
									"uv_size": [
										2,
										4
									]
								},
								"south": {
									"uv": [
										14,
										18
									],
									"uv_size": [
										4,
										4
									]
								},
								"west": {
									"uv": [
										6,
										23
									],
									"uv_size": [
										2,
										4
									]
								},
								"up": {
									"uv": [
										23,
										7
									],
									"uv_size": [
										4,
										2
									]
								},
								"down": {
									"uv": [
										8,
										25
									],
									"uv_size": [
										4,
										-2
									]
								}
							}
						},
						{
							"origin": [
								-3.01038,
								10.76824,
								-1
							],
							"size": [
								4.0961,
								3.82116,
								2
							],
							"pivot": [
								-2.98444,
								10.7587,
								0
							],
							"rotation": [
								0,
								0,
								87.5
							],
							"uv": {
								"north": {
									"uv": [
										18,
										18
									],
									"uv_size": [
										4,
										4
									]
								},
								"east": {
									"uv": [
										23,
										9
									],
									"uv_size": [
										2,
										4
									]
								},
								"south": {
									"uv": [
										19,
										8
									],
									"uv_size": [
										4,
										4
									]
								},
								"west": {
									"uv": [
										12,
										23
									],
									"uv_size": [
										2,
										4
									]
								},
								"up": {
									"uv": [
										23,
										13
									],
									"uv_size": [
										4,
										2
									]
								},
								"down": {
									"uv": [
										0,
										26
									],
									"uv_size": [
										4,
										-2
									]
								}
							}
						},
						{
							"origin": [
								0.84148,
								6.85171,
								-1
							],
							"size": [
								5.3,
								4.1,
								2
							],
							"uv": {
								"north": {
									"uv": [
										0,
										16
									],
									"uv_size": [
										5,
										4
									]
								},
								"east": {
									"uv": [
										16,
										24
									],
									"uv_size": [
										2,
										4
									]
								},
								"south": {
									"uv": [
										5,
										16
									],
									"uv_size": [
										5,
										4
									]
								},
								"west": {
									"uv": [
										18,
										24
									],
									"uv_size": [
										2,
										4
									]
								},
								"up": {
									"uv": [
										19,
										16
									],
									"uv_size": [
										5,
										2
									]
								},
								"down": {
									"uv": [
										21,
										7
									],
									"uv_size": [
										5,
										-2
									]
								}
							}
						},
						{
							"origin": [
								6,
								9.25,
								-0.75
							],
							"size": [
								17,
								1.5,
								1.5
							],
							"uv": {
								"north": {
									"uv": [
										0,
										0
									],
									"uv_size": [
										17,
										2
									]
								},
								"east": {
									"uv": [
										24,
										15
									],
									"uv_size": [
										2,
										2
									]
								},
								"south": {
									"uv": [
										0,
										2
									],
									"uv_size": [
										17,
										2
									]
								},
								"west": {
									"uv": [
										24,
										20
									],
									"uv_size": [
										2,
										2
									]
								},
								"up": {
									"uv": [
										0,
										4
									],
									"uv_size": [
										17,
										2
									]
								},
								"down": {
									"uv": [
										0,
										8
									],
									"uv_size": [
										17,
										-2
									]
								}
							}
						},
						{
							"origin": [
								21,
								7.25,
								-0.75
							],
							"size": [
								1,
								1.5,
								1.5
							],
							"uv": {
								"north": {
									"uv": [
										14,
										16
									],
									"uv_size": [
										1,
										2
									]
								},
								"east": {
									"uv": [
										24,
										24
									],
									"uv_size": [
										2,
										2
									]
								},
								"south": {
									"uv": [
										26,
										15
									],
									"uv_size": [
										1,
										2
									]
								},
								"west": {
									"uv": [
										8,
										25
									],
									"uv_size": [
										2,
										2
									]
								},
								"up": {
									"uv": [
										26,
										17
									],
									"uv_size": [
										1,
										2
									]
								},
								"down": {
									"uv": [
										26,
										21
									],
									"uv_size": [
										1,
										-2
									]
								}
							}
						},
						{
							"origin": [
								6,
								6.85,
								-1
							],
							"size": [
								15,
								2.4,
								2
							],
							"uv": {
								"north": {
									"uv": [
										0,
										8
									],
									"uv_size": [
										15,
										2
									]
								},
								"east": {
									"uv": [
										22,
										24
									],
									"uv_size": [
										2,
										2
									]
								},
								"south": {
									"uv": [
										0,
										10
									],
									"uv_size": [
										15,
										2
									]
								},
								"west": {
									"uv": [
										24,
										22
									],
									"uv_size": [
										2,
										2
									]
								},
								"up": {
									"uv": [
										0,
										12
									],
									"uv_size": [
										15,
										2
									]
								},
								"down": {
									"uv": [
										0,
										16
									],
									"uv_size": [
										15,
										-2
									]
								}
							}
						},
						{
							"origin": [
								10,
								9.2,
								-1
							],
							"size": [
								1,
								1.75,
								2
							],
							"uv": {
								"north": {
									"uv": [
										20,
										26
									],
									"uv_size": [
										1,
										2
									]
								},
								"east": {
									"uv": [
										25,
										9
									],
									"uv_size": [
										2,
										2
									]
								},
								"south": {
									"uv": [
										21,
										26
									],
									"uv_size": [
										1,
										2
									]
								},
								"west": {
									"uv": [
										10,
										25
									],
									"uv_size": [
										2,
										2
									]
								},
								"up": {
									"uv": [
										26,
										21
									],
									"uv_size": [
										1,
										2
									]
								},
								"down": {
									"uv": [
										22,
										28
									],
									"uv_size": [
										1,
										-2
									]
								}
							}
						},
						{
							"origin": [
								15,
								9.2,
								-1
							],
							"size": [
								1,
								1.75,
								2
							],
							"uv": {
								"north": {
									"uv": [
										23,
										26
									],
									"uv_size": [
										1,
										2
									]
								},
								"east": {
									"uv": [
										25,
										11
									],
									"uv_size": [
										2,
										2
									]
								},
								"south": {
									"uv": [
										26,
										23
									],
									"uv_size": [
										1,
										2
									]
								},
								"west": {
									"uv": [
										0,
										26
									],
									"uv_size": [
										2,
										2
									]
								},
								"up": {
									"uv": [
										24,
										26
									],
									"uv_size": [
										1,
										2
									]
								},
								"down": {
									"uv": [
										25,
										28
									],
									"uv_size": [
										1,
										-2
									]
								}
							}
						},
						{
							"origin": [
								20,
								9.2,
								-1
							],
							"size": [
								1,
								1.75,
								2
							],
							"uv": {
								"north": {
									"uv": [
										26,
										25
									],
									"uv_size": [
										1,
										2
									]
								},
								"east": {
									"uv": [
										2,
										26
									],
									"uv_size": [
										2,
										2
									]
								},
								"south": {
									"uv": [
										27,
										0
									],
									"uv_size": [
										1,
										2
									]
								},
								"west": {
									"uv": [
										26,
										4
									],
									"uv_size": [
										2,
										2
									]
								},
								"up": {
									"uv": [
										27,
										2
									],
									"uv_size": [
										1,
										2
									]
								},
								"down": {
									"uv": [
										4,
										29
									],
									"uv_size": [
										1,
										-2
									]
								}
							}
						},
						{
							"origin": [
								-5,
								4,
								0
							],
							"size": [
								5,
								3,
								0
							],
							"uv": {
								"north": {
									"uv": [
										4,
										20
									],
									"uv_size": [
										5,
										3
									]
								},
								"east": {
									"uv": [
										0,
										0
									],
									"uv_size": [
										0,
										3
									]
								},
								"south": {
									"uv": [
										9,
										20
									],
									"uv_size": [
										5,
										3
									]
								},
								"west": {
									"uv": [
										0,
										0
									],
									"uv_size": [
										0,
										3
									]
								},
								"up": {
									"uv": [
										0,
										0
									],
									"uv_size": [
										5,
										0
									]
								},
								"down": {
									"uv": [
										0,
										0
									],
									"uv_size": [
										5,
										0
									]
								}
							}
						}
					]
				}
			]
		}
	]
}