{
	"format_version": "1.12.0",
	"minecraft:geometry": [
		{
			"description": {
				"identifier": "geometry.rocket_pillager",
				"texture_width": 128,
				"texture_height": 128,
				"visible_bounds_width": 3,
				"visible_bounds_height": 3.5,
				"visible_bounds_offset": [
					0,
					1.25,
					0
				]
			},
			"bones": [
				{
					"name": "body",
					"pivot": [
						0,
						-0.5,
						8
					],
					"cubes": [
						{
							"origin": [
								-4,
								12,
								5
							],
							"size": [
								8,
								12,
								6
							],
							"uv": [
								16,
								20
							]
						},
						{
							"origin": [
								-4,
								6,
								5
							],
							"size": [
								8,
								18,
								6
							],
							"inflate": 0.5,
							"uv": [
								0,
								38
							]
						}
					]
				},
				{
					"name": "head",
					"parent": "body",
					"pivot": [
						0,
						23.33333,
						8
					],
					"cubes": [
						{
							"origin": [
								-4,
								24,
								4
							],
							"size": [
								8,
								10,
								8
							],
							"uv": [
								0,
								0
							]
						},
						{
							"origin": [
								-4,
								24,
								4
							],
							"size": [
								8,
								10,
								8
							],
							"inflate": 0.25,
							"uv": [
								32,
								0
							]
						}
					],
					"locators": {
						"lead": [
							0,
							0,
							8
						]
					}
				},
				{
					"name": "nose",
					"parent": "head",
					"pivot": [
						0,
						26,
						-7
					],
					"cubes": [
						{
							"origin": [
								-1,
								23,
								2
							],
							"size": [
								2,
								4,
								2
							],
							"uv": [
								24,
								0
							]
						}
					]
				},
				{
					"name": "leftLeg",
					"parent": "body",
					"pivot": [
						2,
						12,
						8
					],
					"cubes": [
						{
							"origin": [
								0,
								0,
								6
							],
							"size": [
								4,
								12,
								4
							],
							"uv": [
								0,
								22
							]
						}
					]
				},
				{
					"name": "rightLeg",
					"parent": "body",
					"pivot": [
						-2,
						12,
						8
					],
					"mirror": true,
					"cubes": [
						{
							"origin": [
								-4,
								0,
								6
							],
							"size": [
								4,
								12,
								4
							],
							"uv": [
								0,
								22
							]
						}
					]
				},
				{
					"name": "rightarm",
					"parent": "body",
					"pivot": [
						-4,
						22,
						8
					],
					"cubes": [
						{
							"origin": [
								-8,
								12,
								6
							],
							"size": [
								4,
								12,
								4
							],
							"uv": [
								40,
								46
							]
						}
					]
				},
				{
					"name": "rightItem",
					"parent": "rightarm",
					"pivot": [
						-6,
						15,
						-7
					]
				},
				{
					"name": "leftarm",
					"parent": "body",
					"pivot": [
						4,
						22,
						8
					],
					"mirror": true,
					"cubes": [
						{
							"origin": [
								4,
								12,
								6
							],
							"size": [
								4,
								12,
								4
							],
							"uv": [
								40,
								46
							]
						}
					]
				},
				{
					"name": "leftItem",
					"parent": "leftarm",
					"pivot": [
						6,
						15,
						-7
					]
				},
				{
					"name": "cannon",
					"pivot": [
						0,
						10,
						-10
					],
					"cubes": [
						{
							"origin": [
								-10,
								11,
								-17
							],
							"size": [
								20,
								2,
								18
							],
							"uv": [
								52,
								108
							]
						},
						{
							"origin": [
								-7.5,
								13,
								-18
							],
							"size": [
								15,
								6,
								15
							],
							"uv": [
								0,
								75
							]
						},
						{
							"origin": [
								7.5,
								13,
								-8
							],
							"size": [
								1,
								7,
								1
							],
							"uv": [
								0,
								0
							]
						},
						{
							"origin": [
								7.5,
								13,
								-15
							],
							"size": [
								1,
								7,
								1
							],
							"uv": [
								124,
								0
							]
						},
						{
							"origin": [
								-8.5,
								13,
								-15
							],
							"size": [
								1,
								7,
								1
							],
							"uv": [
								124,
								2
							]
						},
						{
							"origin": [
								-8.5,
								13,
								-8
							],
							"size": [
								1,
								7,
								1
							],
							"uv": [
								124,
								0
							]
						},
						{
							"origin": [
								-7.5,
								19,
								-8
							],
							"size": [
								15,
								1,
								1
							],
							"uv": [
								96,
								18
							]
						},
						{
							"origin": [
								-7.5,
								19,
								-15
							],
							"size": [
								15,
								1,
								1
							],
							"uv": [
								96,
								19
							]
						},
						{
							"origin": [
								-12,
								9,
								-11
							],
							"size": [
								24,
								2,
								2
							],
							"uv": [
								76,
								124
							]
						},
						{
							"origin": [
								-7,
								11,
								1
							],
							"size": [
								1,
								2,
								7
							],
							"uv": [
								112,
								119
							]
						},
						{
							"origin": [
								6,
								11,
								1
							],
							"size": [
								1,
								2,
								7
							],
							"uv": [
								112,
								119
							]
						},
						{
							"origin": [
								8,
								9,
								-9
							],
							"size": [
								1,
								2,
								12
							],
							"pivot": [
								9,
								11,
								-9
							],
							"rotation": [
								-55,
								0,
								0
							],
							"uv": [
								100,
								113
							]
						},
						{
							"origin": [
								-9,
								9,
								-9
							],
							"size": [
								1,
								2,
								12
							],
							"pivot": [
								9,
								11,
								-9
							],
							"rotation": [
								-55,
								0,
								0
							],
							"uv": [
								100,
								113
							]
						},
						{
							"origin": [
								-9,
								0,
								-4
							],
							"size": [
								1,
								2,
								13
							],
							"uv": [
								100,
								113
							]
						},
						{
							"origin": [
								8,
								0,
								-4
							],
							"size": [
								1,
								2,
								13
							],
							"uv": [
								100,
								113
							]
						}
					]
				},
				{
					"name": "banh1",
					"parent": "cannon",
					"pivot": [
						-12.5,
						10,
						-10
					],
					"cubes": [
						{
							"origin": [
								-14,
								9,
								-11
							],
							"size": [
								2,
								2,
								2
							],
							"uv": [
								118,
								117
							]
						},
						{
							"origin": [
								-13,
								1,
								-11
							],
							"size": [
								1,
								9,
								2
							],
							"pivot": [
								-12.5,
								10,
								-10
							],
							"rotation": [
								180,
								0,
								0
							],
							"uv": [
								118,
								117
							]
						},
						{
							"origin": [
								-13,
								1,
								-11
							],
							"size": [
								1,
								9,
								2
							],
							"pivot": [
								-12.5,
								10,
								-10
							],
							"rotation": [
								-135,
								0,
								0
							],
							"uv": [
								118,
								117
							]
						},
						{
							"origin": [
								-13,
								1,
								-11
							],
							"size": [
								1,
								9,
								2
							],
							"pivot": [
								-12.5,
								10,
								-10
							],
							"rotation": [
								-90,
								0,
								0
							],
							"uv": [
								118,
								117
							]
						},
						{
							"origin": [
								-13,
								1,
								-11
							],
							"size": [
								1,
								9,
								2
							],
							"pivot": [
								-12.5,
								10,
								-10
							],
							"rotation": [
								-45,
								0,
								0
							],
							"uv": [
								118,
								117
							]
						},
						{
							"origin": [
								-13,
								1,
								-11
							],
							"size": [
								1,
								9,
								2
							],
							"uv": [
								118,
								117
							]
						},
						{
							"origin": [
								-13,
								1,
								-11
							],
							"size": [
								1,
								9,
								2
							],
							"pivot": [
								-12.5,
								10,
								-10
							],
							"rotation": [
								45,
								0,
								0
							],
							"uv": [
								118,
								117
							]
						},
						{
							"origin": [
								-13,
								1,
								-11
							],
							"size": [
								1,
								9,
								2
							],
							"pivot": [
								-12.5,
								10,
								-10
							],
							"rotation": [
								90,
								0,
								0
							],
							"uv": [
								118,
								117
							]
						},
						{
							"origin": [
								-13,
								1,
								-11
							],
							"size": [
								1,
								9,
								2
							],
							"pivot": [
								-12.5,
								10,
								-10
							],
							"rotation": [
								135,
								0,
								0
							],
							"uv": [
								118,
								117
							]
						},
						{
							"origin": [
								-13,
								0,
								-12
							],
							"size": [
								1,
								1,
								4
							],
							"pivot": [
								-12.5,
								10,
								-10
							],
							"rotation": [
								180,
								0,
								0
							],
							"uv": [
								118,
								117
							]
						},
						{
							"origin": [
								-13,
								0,
								-12
							],
							"size": [
								1,
								1,
								4
							],
							"pivot": [
								-12.5,
								10,
								-10
							],
							"rotation": [
								-157.5,
								0,
								0
							],
							"uv": [
								118,
								117
							]
						},
						{
							"origin": [
								-13,
								0,
								-12
							],
							"size": [
								1,
								1,
								4
							],
							"pivot": [
								-12.5,
								10,
								-10
							],
							"rotation": [
								-135,
								0,
								0
							],
							"uv": [
								118,
								117
							]
						},
						{
							"origin": [
								-13,
								0,
								-12
							],
							"size": [
								1,
								1,
								4
							],
							"pivot": [
								-12.5,
								10,
								-10
							],
							"rotation": [
								-112.5,
								0,
								0
							],
							"uv": [
								118,
								117
							]
						},
						{
							"origin": [
								-13,
								0,
								-12
							],
							"size": [
								1,
								1,
								4
							],
							"pivot": [
								-12.5,
								10,
								-10
							],
							"rotation": [
								-90,
								0,
								0
							],
							"uv": [
								118,
								117
							]
						},
						{
							"origin": [
								-13,
								0,
								-12
							],
							"size": [
								1,
								1,
								4
							],
							"pivot": [
								-12.5,
								10,
								-10
							],
							"rotation": [
								-67.5,
								0,
								0
							],
							"uv": [
								118,
								117
							]
						},
						{
							"origin": [
								-13,
								0,
								-12
							],
							"size": [
								1,
								1,
								4
							],
							"pivot": [
								-12.5,
								10,
								-10
							],
							"rotation": [
								-45,
								0,
								0
							],
							"uv": [
								118,
								117
							]
						},
						{
							"origin": [
								-13,
								0,
								-12
							],
							"size": [
								1,
								1,
								4
							],
							"pivot": [
								-12.5,
								10,
								-10
							],
							"rotation": [
								-22.5,
								0,
								0
							],
							"uv": [
								118,
								117
							]
						},
						{
							"origin": [
								-13,
								0,
								-12
							],
							"size": [
								1,
								1,
								4
							],
							"uv": [
								118,
								117
							]
						},
						{
							"origin": [
								-13,
								0,
								-12
							],
							"size": [
								1,
								1,
								4
							],
							"pivot": [
								-12.5,
								10,
								-10
							],
							"rotation": [
								22.5,
								0,
								0
							],
							"uv": [
								118,
								117
							]
						},
						{
							"origin": [
								-13,
								0,
								-12
							],
							"size": [
								1,
								1,
								4
							],
							"pivot": [
								-12.5,
								10,
								-10
							],
							"rotation": [
								45,
								0,
								0
							],
							"uv": [
								118,
								117
							]
						},
						{
							"origin": [
								-13,
								0,
								-12
							],
							"size": [
								1,
								1,
								4
							],
							"pivot": [
								-12.5,
								10,
								-10
							],
							"rotation": [
								67.5,
								0,
								0
							],
							"uv": [
								118,
								117
							]
						},
						{
							"origin": [
								-13,
								0,
								-12
							],
							"size": [
								1,
								1,
								4
							],
							"pivot": [
								-12.5,
								10,
								-10
							],
							"rotation": [
								90,
								0,
								0
							],
							"uv": [
								118,
								117
							]
						},
						{
							"origin": [
								-13,
								0,
								-12
							],
							"size": [
								1,
								1,
								4
							],
							"pivot": [
								-12.5,
								10,
								-10
							],
							"rotation": [
								112.5,
								0,
								0
							],
							"uv": [
								118,
								117
							]
						},
						{
							"origin": [
								-13,
								0,
								-12
							],
							"size": [
								1,
								1,
								4
							],
							"pivot": [
								-12.5,
								10,
								-10
							],
							"rotation": [
								135,
								0,
								0
							],
							"uv": [
								118,
								117
							]
						},
						{
							"origin": [
								-13,
								0,
								-12
							],
							"size": [
								1,
								1,
								4
							],
							"pivot": [
								-12.5,
								10,
								-10
							],
							"rotation": [
								157.5,
								0,
								0
							],
							"uv": [
								118,
								117
							]
						}
					]
				},
				{
					"name": "banh",
					"parent": "cannon",
					"pivot": [
						12.5,
						10,
						-10
					],
					"cubes": [
						{
							"origin": [
								12,
								9,
								-11
							],
							"size": [
								2,
								2,
								2
							],
							"uv": [
								118,
								117
							]
						},
						{
							"origin": [
								12,
								1,
								-11
							],
							"size": [
								1,
								9,
								2
							],
							"pivot": [
								12.5,
								10,
								-10
							],
							"rotation": [
								180,
								0,
								0
							],
							"uv": [
								118,
								117
							]
						},
						{
							"origin": [
								12,
								1,
								-11
							],
							"size": [
								1,
								9,
								2
							],
							"pivot": [
								12.5,
								10,
								-10
							],
							"rotation": [
								-135,
								0,
								0
							],
							"uv": [
								118,
								117
							]
						},
						{
							"origin": [
								12,
								1,
								-11
							],
							"size": [
								1,
								9,
								2
							],
							"pivot": [
								12.5,
								10,
								-10
							],
							"rotation": [
								-90,
								0,
								0
							],
							"uv": [
								118,
								117
							]
						},
						{
							"origin": [
								12,
								1,
								-11
							],
							"size": [
								1,
								9,
								2
							],
							"pivot": [
								12.5,
								10,
								-10
							],
							"rotation": [
								-45,
								0,
								0
							],
							"uv": [
								118,
								117
							]
						},
						{
							"origin": [
								12,
								1,
								-11
							],
							"size": [
								1,
								9,
								2
							],
							"uv": [
								118,
								117
							]
						},
						{
							"origin": [
								12,
								1,
								-11
							],
							"size": [
								1,
								9,
								2
							],
							"pivot": [
								12.5,
								10,
								-10
							],
							"rotation": [
								45,
								0,
								0
							],
							"uv": [
								118,
								117
							]
						},
						{
							"origin": [
								12,
								1,
								-11
							],
							"size": [
								1,
								9,
								2
							],
							"pivot": [
								12.5,
								10,
								-10
							],
							"rotation": [
								90,
								0,
								0
							],
							"uv": [
								118,
								117
							]
						},
						{
							"origin": [
								12,
								1,
								-11
							],
							"size": [
								1,
								9,
								2
							],
							"pivot": [
								12.5,
								10,
								-10
							],
							"rotation": [
								135,
								0,
								0
							],
							"uv": [
								118,
								117
							]
						},
						{
							"origin": [
								12,
								0,
								-12
							],
							"size": [
								1,
								1,
								4
							],
							"pivot": [
								12.5,
								10,
								-10
							],
							"rotation": [
								180,
								0,
								0
							],
							"uv": [
								118,
								117
							]
						},
						{
							"origin": [
								12,
								0,
								-12
							],
							"size": [
								1,
								1,
								4
							],
							"pivot": [
								12.5,
								10,
								-10
							],
							"rotation": [
								-157.5,
								0,
								0
							],
							"uv": [
								118,
								117
							]
						},
						{
							"origin": [
								12,
								0,
								-12
							],
							"size": [
								1,
								1,
								4
							],
							"pivot": [
								12.5,
								10,
								-10
							],
							"rotation": [
								-135,
								0,
								0
							],
							"uv": [
								118,
								117
							]
						},
						{
							"origin": [
								12,
								0,
								-12
							],
							"size": [
								1,
								1,
								4
							],
							"pivot": [
								12.5,
								10,
								-10
							],
							"rotation": [
								-112.5,
								0,
								0
							],
							"uv": [
								118,
								117
							]
						},
						{
							"origin": [
								12,
								0,
								-12
							],
							"size": [
								1,
								1,
								4
							],
							"pivot": [
								12.5,
								10,
								-10
							],
							"rotation": [
								-90,
								0,
								0
							],
							"uv": [
								118,
								117
							]
						},
						{
							"origin": [
								12,
								0,
								-12
							],
							"size": [
								1,
								1,
								4
							],
							"pivot": [
								12.5,
								10,
								-10
							],
							"rotation": [
								-67.5,
								0,
								0
							],
							"uv": [
								118,
								117
							]
						},
						{
							"origin": [
								12,
								0,
								-12
							],
							"size": [
								1,
								1,
								4
							],
							"pivot": [
								12.5,
								10,
								-10
							],
							"rotation": [
								-45,
								0,
								0
							],
							"uv": [
								118,
								117
							]
						},
						{
							"origin": [
								12,
								0,
								-12
							],
							"size": [
								1,
								1,
								4
							],
							"pivot": [
								12.5,
								10,
								-10
							],
							"rotation": [
								-22.5,
								0,
								0
							],
							"uv": [
								118,
								117
							]
						},
						{
							"origin": [
								12,
								0,
								-12
							],
							"size": [
								1,
								1,
								4
							],
							"uv": [
								118,
								117
							]
						},
						{
							"origin": [
								12,
								0,
								-12
							],
							"size": [
								1,
								1,
								4
							],
							"pivot": [
								12.5,
								10,
								-10
							],
							"rotation": [
								22.5,
								0,
								0
							],
							"uv": [
								118,
								117
							]
						},
						{
							"origin": [
								12,
								0,
								-12
							],
							"size": [
								1,
								1,
								4
							],
							"pivot": [
								12.5,
								10,
								-10
							],
							"rotation": [
								45,
								0,
								0
							],
							"uv": [
								118,
								117
							]
						},
						{
							"origin": [
								12,
								0,
								-12
							],
							"size": [
								1,
								1,
								4
							],
							"pivot": [
								12.5,
								10,
								-10
							],
							"rotation": [
								67.5,
								0,
								0
							],
							"uv": [
								118,
								117
							]
						},
						{
							"origin": [
								12,
								0,
								-12
							],
							"size": [
								1,
								1,
								4
							],
							"pivot": [
								12.5,
								10,
								-10
							],
							"rotation": [
								90,
								0,
								0
							],
							"uv": [
								118,
								117
							]
						},
						{
							"origin": [
								12,
								0,
								-12
							],
							"size": [
								1,
								1,
								4
							],
							"pivot": [
								12.5,
								10,
								-10
							],
							"rotation": [
								112.5,
								0,
								0
							],
							"uv": [
								118,
								117
							]
						},
						{
							"origin": [
								12,
								0,
								-12
							],
							"size": [
								1,
								1,
								4
							],
							"pivot": [
								12.5,
								10,
								-10
							],
							"rotation": [
								135,
								0,
								0
							],
							"uv": [
								118,
								117
							]
						},
						{
							"origin": [
								12,
								0,
								-12
							],
							"size": [
								1,
								1,
								4
							],
							"pivot": [
								12.5,
								10,
								-10
							],
							"rotation": [
								157.5,
								0,
								0
							],
							"uv": [
								118,
								117
							]
						}
					]
				}
			]
		}
	]
}