{
	"format_version": "1.12.0",
	"minecraft:geometry": [
		{
			"description": {
				"identifier": "geometry.tru",
				"texture_width": 32,
				"texture_height": 64,
				"visible_bounds_width": 2,
				"visible_bounds_height": 3.5,
				"visible_bounds_offset": [
					0,
					1.25,
					0
				]
			},
			"bones": [
				{
					"name": "body",
					"pivot": [
						0,
						0,
						0
					],
					"cubes": [
						{
							"origin": [
								-1,
								13.75,
								-0.75
							],
							"size": [
								2,
								4.5,
								1.5
							],
							"uv": [
								10,
								0
							]
						},
						{
							"origin": [
								-0.5,
								24,
								-0.25
							],
							"size": [
								1,
								2,
								0.5
							],
							"uv": [
								6,
								1
							]
						},
						{
							"origin": [
								-0.75,
								18,
								-0.35
							],
							"size": [
								1.5,
								6,
								0.7
							],
							"uv": [
								6,
								0
							]
						},
						{
							"origin": [
								-0.5,
								0,
								-0.5
							],
							"size": [
								1,
								18,
								1
							],
							"uv": [
								0,
								0
							]
						}
					]
				},
				{
					"name": "1",
					"parent": "body",
					"pivot": [
						0,
						17.5,
						-0.75
					],
					"cubes": [
						{
							"origin": [
								-1,
								13,
								-0.75
							],
							"size": [
								2,
								5,
								0
							],
							"pivot": [
								0,
								17.5,
								-0.75
							],
							"rotation": [
								-20,
								0,
								0
							],
							"uv": [
								8,
								9
							]
						}
					]
				},
				{
					"name": "2",
					"parent": "body",
					"pivot": [
						0,
						17.5,
						0.75
					],
					"cubes": [
						{
							"origin": [
								-1,
								13,
								0.75
							],
							"size": [
								2,
								5,
								0
							],
							"pivot": [
								0,
								17.5,
								0.75
							],
							"rotation": [
								20,
								0,
								0
							],
							"uv": [
								8,
								9
							]
						}
					]
				},
				{
					"name": "3",
					"parent": "body",
					"pivot": [
						-1,
						17.5,
						0
					],
					"cubes": [
						{
							"origin": [
								-1,
								13,
								-0.5
							],
							"size": [
								0,
								5,
								1
							],
							"pivot": [
								-1,
								17.5,
								0
							],
							"rotation": [
								0,
								0,
								20
							],
							"uv": [
								5,
								8
							]
						}
					]
				},
				{
					"name": "4",
					"parent": "body",
					"pivot": [
						1,
						17.5,
						0
					],
					"cubes": [
						{
							"origin": [
								1,
								13,
								-0.5
							],
							"size": [
								0,
								5,
								1
							],
							"pivot": [
								1,
								17.5,
								0
							],
							"rotation": [
								0,
								0,
								-20
							],
							"uv": [
								5,
								8
							]
						}
					]
				}
			]
		}
	]
}