{
	"format_version": "1.12.0",
	"minecraft:geometry": [
		{
			"description": {
				"identifier": "geometry.viking_boat",
				"texture_width": 256,
				"texture_height": 256,
				"visible_bounds_width": 7,
				"visible_bounds_height": 5.5,
				"visible_bounds_offset": [
					0,
					2.25,
					0
				]
			},
			"bones": [
				{
					"name": "body",
					"pivot": [
						0,
						0,
						0
					],
					"cubes": [
						{
							"origin": [
								-8,
								2,
								13
							],
							"size": [
								16,
								4,
								9
							],
							"uv": [
								114,
								33
							]
						},
						{
							"origin": [
								-8,
								0,
								-22
							],
							"size": [
								16,
								2,
								44
							],
							"uv": [
								40,
								0
							]
						},
						{
							"origin": [
								-8,
								1,
								-23
							],
							"size": [
								16,
								8,
								1
							],
							"uv": [
								-67,
								-176
							]
						},
						{
							"origin": [
								8,
								1,
								-22
							],
							"size": [
								1,
								8,
								44
							],
							"uv": [
								4,
								2
							]
						},
						{
							"origin": [
								-9,
								1,
								-22
							],
							"size": [
								1,
								8,
								44
							],
							"uv": [
								97,
								6
							]
						},
						{
							"origin": [
								-8,
								1,
								22
							],
							"size": [
								16,
								8,
								1
							],
							"uv": [
								0,
								0
							]
						},
						{
							"origin": [
								-6,
								1,
								23
							],
							"size": [
								12,
								8,
								2
							],
							"uv": [
								0,
								0
							]
						},
						{
							"origin": [
								-4,
								3,
								25
							],
							"size": [
								8,
								7,
								2
							],
							"uv": [
								0,
								0
							]
						},
						{
							"origin": [
								-2,
								5,
								27
							],
							"size": [
								4,
								7,
								2
							],
							"uv": [
								0,
								0
							]
						},
						{
							"origin": [
								-1,
								7,
								29
							],
							"size": [
								2,
								7,
								2
							],
							"uv": [
								0,
								0
							]
						},
						{
							"origin": [
								-1,
								10,
								31
							],
							"size": [
								2,
								7,
								2
							],
							"uv": [
								0,
								0
							]
						},
						{
							"origin": [
								-1,
								16,
								33
							],
							"size": [
								2,
								4,
								4
							],
							"uv": [
								0,
								0
							]
						},
						{
							"origin": [
								-1,
								12,
								35
							],
							"size": [
								2,
								4,
								2
							],
							"uv": [
								0,
								0
							]
						},
						{
							"origin": [
								-1,
								18,
								37
							],
							"size": [
								2,
								2,
								4
							],
							"uv": [
								0,
								0
							]
						},
						{
							"origin": [
								-1,
								20,
								33
							],
							"size": [
								2,
								4,
								2
							],
							"uv": [
								0,
								0
							]
						},
						{
							"origin": [
								-6,
								2,
								-25
							],
							"size": [
								12,
								7,
								2
							],
							"uv": [
								86,
								45
							]
						},
						{
							"origin": [
								-4,
								4,
								-27
							],
							"size": [
								8,
								7,
								2
							],
							"uv": [
								79,
								31
							]
						},
						{
							"origin": [
								-2,
								6,
								-29
							],
							"size": [
								4,
								7,
								2
							],
							"uv": [
								19,
								24
							]
						},
						{
							"origin": [
								-1,
								9,
								-31
							],
							"size": [
								2,
								7,
								2
							],
							"uv": [
								46,
								29
							]
						},
						{
							"origin": [
								-1,
								12,
								-36
							],
							"size": [
								2,
								6,
								5
							],
							"uv": [
								55,
								29
							]
						},
						{
							"origin": [
								-5,
								16,
								-33
							],
							"size": [
								10,
								2,
								2
							],
							"uv": [
								0,
								0
							]
						},
						{
							"origin": [
								-7,
								17,
								-33
							],
							"size": [
								2,
								7,
								2
							],
							"uv": [
								0,
								0
							]
						},
						{
							"origin": [
								5,
								17,
								-33
							],
							"size": [
								2,
								7,
								2
							],
							"uv": [
								0,
								0
							]
						},
						{
							"origin": [
								-1,
								15,
								-41
							],
							"size": [
								2,
								2,
								5
							],
							"uv": [
								0,
								0
							]
						},
						{
							"origin": [
								-1,
								12,
								-41
							],
							"size": [
								2,
								2,
								5
							],
							"uv": [
								0,
								0
							]
						},
						{
							"origin": [
								-1,
								2,
								9
							],
							"size": [
								2,
								62,
								2
							],
							"uv": [
								0,
								0
							]
						},
						{
							"origin": [
								-1,
								2,
								-13
							],
							"size": [
								2,
								62,
								2
							],
							"uv": [
								0,
								0
							]
						},
						{
							"origin": [
								-8,
								2,
								-22
							],
							"size": [
								16,
								4,
								9
							],
							"uv": [
								130,
								22
							]
						}
					]
				},
				{
					"name": "buomsau",
					"parent": "body",
					"pivot": [
						0,
						41,
						9
					]
				},
				{
					"name": "caytr2",
					"parent": "buomsau",
					"pivot": [
						0,
						60,
						8.5
					],
					"cubes": [
						{
							"origin": [
								-23,
								59,
								8
							],
							"size": [
								46,
								1,
								1
							],
							"uv": [
								0,
								114
							]
						}
					]
				},
				{
					"name": "4",
					"parent": "caytr2",
					"pivot": [
						0,
						59,
						8
					],
					"cubes": [
						{
							"origin": [
								-23,
								50,
								7
							],
							"size": [
								46,
								9,
								1
							],
							"uv": [
								0,
								75
							]
						}
					]
				},
				{
					"name": "5",
					"parent": "4",
					"pivot": [
						0,
						49.75,
						8
					],
					"cubes": [
						{
							"origin": [
								-23,
								41,
								7
							],
							"size": [
								46,
								9,
								1
							],
							"uv": [
								0,
								77
							]
						}
					]
				},
				{
					"name": "6",
					"parent": "5",
					"pivot": [
						0,
						41,
						8.25
					],
					"cubes": [
						{
							"origin": [
								-23,
								32,
								7
							],
							"size": [
								46,
								9,
								1
							],
							"uv": [
								0,
								78
							]
						}
					]
				},
				{
					"name": "7",
					"parent": "6",
					"pivot": [
						0,
						32,
						8.25
					],
					"cubes": [
						{
							"origin": [
								-23,
								23,
								7
							],
							"size": [
								46,
								9,
								1
							],
							"uv": [
								0,
								68
							]
						}
					]
				},
				{
					"name": "cayd2",
					"parent": "7",
					"pivot": [
						0,
						22.75,
						9
					],
					"cubes": [
						{
							"origin": [
								-23,
								22,
								8
							],
							"size": [
								46,
								1,
								1
							],
							"uv": [
								0,
								114
							]
						}
					]
				},
				{
					"name": "buomtruoc",
					"parent": "body",
					"pivot": [
						0,
						42,
						-13
					]
				},
				{
					"name": "caytr",
					"parent": "buomtruoc",
					"pivot": [
						0,
						56,
						-13
					],
					"cubes": [
						{
							"origin": [
								-23,
								55,
								-14
							],
							"size": [
								46,
								1,
								1
							],
							"uv": [
								0,
								116
							]
						}
					]
				},
				{
					"name": "1",
					"parent": "caytr",
					"pivot": [
						0,
						55,
						-14
					],
					"cubes": [
						{
							"origin": [
								-23,
								46,
								-15
							],
							"size": [
								46,
								9,
								1
							],
							"uv": [
								1,
								69
							]
						}
					]
				},
				{
					"name": "2",
					"parent": "1",
					"pivot": [
						0,
						46,
						-14
					],
					"cubes": [
						{
							"origin": [
								-23,
								37,
								-15
							],
							"size": [
								46,
								9,
								1
							],
							"uv": [
								1,
								72
							]
						}
					]
				},
				{
					"name": "3",
					"parent": "2",
					"pivot": [
						0,
						37,
						-14
					],
					"cubes": [
						{
							"origin": [
								-23,
								28,
								-15
							],
							"size": [
								46,
								9,
								1
							],
							"uv": [
								0,
								71
							]
						}
					]
				},
				{
					"name": "cayd",
					"parent": "3",
					"pivot": [
						0,
						27,
						-13
					],
					"cubes": [
						{
							"origin": [
								-23,
								27,
								-14
							],
							"size": [
								46,
								1,
								1
							],
							"uv": [
								0,
								111
							]
						}
					]
				}
			]
		}
	]
}