{
	"format_version": "1.12.0",
	"minecraft:geometry": [
		{
			"description": {
				"identifier": "geometry.villagercannon",
				"texture_width": 128,
				"texture_height": 128,
				"visible_bounds_width": 3,
				"visible_bounds_height": 3.5,
				"visible_bounds_offset": [
					0,
					1.25,
					0
				]
			},
			"bones": [
				{
					"name": "body",
					"pivot": [
						0,
						-0.5,
						8
					],
					"cubes": [
						{
							"origin": [
								-4,
								12,
								5
							],
							"size": [
								8,
								12,
								6
							],
							"uv": [
								16,
								20
							]
						},
						{
							"origin": [
								-4,
								6,
								5
							],
							"size": [
								8,
								18,
								6
							],
							"inflate": 0.5,
							"uv": [
								0,
								38
							]
						}
					]
				},
				{
					"name": "head",
					"parent": "body",
					"pivot": [
						0,
						23.33333,
						8
					],
					"cubes": [
						{
							"origin": [
								-4,
								24,
								4
							],
							"size": [
								8,
								10,
								8
							],
							"uv": [
								0,
								0
							]
						},
						{
							"origin": [
								-4,
								24,
								4
							],
							"size": [
								8,
								10,
								8
							],
							"inflate": 0.25,
							"uv": [
								32,
								0
							]
						}
					],
					"locators": {
						"lead": [
							0,
							0,
							8
						]
					}
				},
				{
					"name": "nose",
					"parent": "head",
					"pivot": [
						0,
						26,
						-7
					],
					"cubes": [
						{
							"origin": [
								-1,
								23,
								2
							],
							"size": [
								2,
								4,
								2
							],
							"uv": [
								24,
								0
							]
						}
					]
				},
				{
					"name": "leftLeg",
					"parent": "body",
					"pivot": [
						2,
						12,
						8
					],
					"cubes": [
						{
							"origin": [
								0,
								0,
								6
							],
							"size": [
								4,
								12,
								4
							],
							"uv": [
								0,
								22
							]
						}
					]
				},
				{
					"name": "rightLeg",
					"parent": "body",
					"pivot": [
						-2,
						12,
						8
					],
					"mirror": true,
					"cubes": [
						{
							"origin": [
								-4,
								0,
								6
							],
							"size": [
								4,
								12,
								4
							],
							"uv": [
								0,
								22
							]
						}
					]
				},
				{
					"name": "rightarm",
					"parent": "body",
					"pivot": [
						-4,
						22,
						8
					],
					"cubes": [
						{
							"origin": [
								-8,
								12,
								6
							],
							"size": [
								4,
								12,
								4
							],
							"uv": [
								40,
								46
							]
						}
					]
				},
				{
					"name": "rightItem",
					"parent": "rightarm",
					"pivot": [
						-6,
						15,
						-7
					]
				},
				{
					"name": "leftarm",
					"parent": "body",
					"pivot": [
						4,
						22,
						8
					],
					"mirror": true,
					"cubes": [
						{
							"origin": [
								4,
								12,
								6
							],
							"size": [
								4,
								12,
								4
							],
							"uv": [
								40,
								46
							]
						}
					]
				},
				{
					"name": "leftItem",
					"parent": "leftarm",
					"pivot": [
						6,
						15,
						-7
					]
				},
				{
					"name": "cannon",
					"pivot": [
						0,
						10,
						-7.25
					],
					"cubes": [
						{
							"origin": [
								-8,
								11,
								-12
							],
							"size": [
								16,
								2,
								9
							],
							"uv": [
								78,
								94
							]
						},
						{
							"origin": [
								-10,
								9,
								-8.5
							],
							"size": [
								20,
								2,
								2
							],
							"uv": [
								78,
								94
							]
						},
						{
							"origin": [
								-4,
								13,
								-11
							],
							"size": [
								2,
								9,
								7
							],
							"uv": [
								78,
								94
							]
						},
						{
							"origin": [
								2,
								13,
								-11
							],
							"size": [
								2,
								9,
								7
							],
							"uv": [
								78,
								94
							]
						},
						{
							"origin": [
								5.5,
								9,
								-8
							],
							"size": [
								2,
								2,
								17
							],
							"pivot": [
								7,
								10,
								-6
							],
							"rotation": [
								-37.5,
								0,
								0
							],
							"uv": [
								90,
								109
							]
						},
						{
							"origin": [
								-7.5,
								9,
								-8
							],
							"size": [
								2,
								2,
								17
							],
							"pivot": [
								-6,
								10,
								-6
							],
							"rotation": [
								-37.5,
								0,
								0
							],
							"uv": [
								90,
								109
							]
						},
						{
							"origin": [
								5.5,
								0,
								5.25
							],
							"size": [
								2,
								2,
								10.75
							],
							"uv": [
								104,
								116
							]
						},
						{
							"origin": [
								-7.5,
								0,
								5.25
							],
							"size": [
								2,
								2,
								10.75
							],
							"uv": [
								104,
								116
							]
						},
						{
							"origin": [
								6,
								12,
								-3
							],
							"size": [
								1,
								1,
								12
							],
							"uv": [
								78,
								94
							]
						},
						{
							"origin": [
								-7,
								12,
								-3
							],
							"size": [
								1,
								1,
								12
							],
							"uv": [
								78,
								94
							]
						}
					]
				},
				{
					"name": "sung",
					"parent": "cannon",
					"pivot": [
						0,
						18,
						-8
					],
					"cubes": [
						{
							"origin": [
								-1.25,
								16.75,
								-1
							],
							"size": [
								2.5,
								2.5,
								1
							],
							"uv": [
								24,
								94
							]
						},
						{
							"origin": [
								-2,
								16,
								-13
							],
							"size": [
								4,
								4,
								12
							],
							"uv": [
								11,
								107
							]
						},
						{
							"origin": [
								-1.75,
								16.25,
								-24
							],
							"size": [
								3.5,
								3.5,
								11
							],
							"uv": [
								17,
								108
							]
						},
						{
							"origin": [
								-2,
								16,
								-26
							],
							"size": [
								4,
								4,
								2
							],
							"uv": [
								6,
								100
							]
						},
						{
							"origin": [
								-5,
								17.5,
								-8
							],
							"size": [
								10,
								1,
								1
							],
							"uv": [
								10,
								117
							]
						}
					]
				},
				{
					"name": "banh",
					"parent": "cannon",
					"pivot": [
						10.5,
						10,
						-7.5
					],
					"cubes": [
						{
							"origin": [
								10,
								0,
								-9.5
							],
							"size": [
								1,
								1,
								4
							],
							"pivot": [
								10.5,
								10,
								-7.5
							],
							"rotation": [
								180,
								0,
								0
							],
							"uv": [
								78,
								94
							]
						},
						{
							"origin": [
								10,
								0,
								-9.5
							],
							"size": [
								1,
								1,
								4
							],
							"pivot": [
								10.5,
								10,
								-7.5
							],
							"rotation": [
								-157.5,
								0,
								0
							],
							"uv": [
								78,
								94
							]
						},
						{
							"origin": [
								10,
								0,
								-9.5
							],
							"size": [
								1,
								1,
								4
							],
							"pivot": [
								10.5,
								10,
								-7.5
							],
							"rotation": [
								-135,
								0,
								0
							],
							"uv": [
								78,
								94
							]
						},
						{
							"origin": [
								10,
								0,
								-9.5
							],
							"size": [
								1,
								1,
								4
							],
							"pivot": [
								10.5,
								10,
								-7.5
							],
							"rotation": [
								-112.5,
								0,
								0
							],
							"uv": [
								78,
								94
							]
						},
						{
							"origin": [
								10,
								0,
								-9.5
							],
							"size": [
								1,
								1,
								4
							],
							"pivot": [
								10.5,
								10,
								-7.5
							],
							"rotation": [
								-90,
								0,
								0
							],
							"uv": [
								78,
								94
							]
						},
						{
							"origin": [
								10,
								0,
								-9.5
							],
							"size": [
								1,
								1,
								4
							],
							"pivot": [
								10.5,
								10,
								-7.5
							],
							"rotation": [
								-67.5,
								0,
								0
							],
							"uv": [
								78,
								94
							]
						},
						{
							"origin": [
								10,
								0,
								-9.5
							],
							"size": [
								1,
								1,
								4
							],
							"pivot": [
								10.5,
								10,
								-7.5
							],
							"rotation": [
								-45,
								0,
								0
							],
							"uv": [
								78,
								94
							]
						},
						{
							"origin": [
								10,
								0,
								-9.5
							],
							"size": [
								1,
								1,
								4
							],
							"pivot": [
								10.5,
								10,
								-7.5
							],
							"rotation": [
								-22.5,
								0,
								0
							],
							"uv": [
								78,
								94
							]
						},
						{
							"origin": [
								10,
								0,
								-9.5
							],
							"size": [
								1,
								1,
								4
							],
							"uv": [
								78,
								94
							]
						},
						{
							"origin": [
								10,
								0,
								-9.5
							],
							"size": [
								1,
								1,
								4
							],
							"pivot": [
								10.5,
								10,
								-7.5
							],
							"rotation": [
								22.5,
								0,
								0
							],
							"uv": [
								78,
								94
							]
						},
						{
							"origin": [
								10,
								0,
								-9.5
							],
							"size": [
								1,
								1,
								4
							],
							"pivot": [
								10.5,
								10,
								-7.5
							],
							"rotation": [
								45,
								0,
								0
							],
							"uv": [
								78,
								94
							]
						},
						{
							"origin": [
								10,
								0,
								-9.5
							],
							"size": [
								1,
								1,
								4
							],
							"pivot": [
								10.5,
								10,
								-7.5
							],
							"rotation": [
								67.5,
								0,
								0
							],
							"uv": [
								78,
								94
							]
						},
						{
							"origin": [
								10,
								0,
								-9.5
							],
							"size": [
								1,
								1,
								4
							],
							"pivot": [
								10.5,
								10,
								-7.5
							],
							"rotation": [
								90,
								0,
								0
							],
							"uv": [
								78,
								94
							]
						},
						{
							"origin": [
								10,
								0,
								-9.5
							],
							"size": [
								1,
								1,
								4
							],
							"pivot": [
								10.5,
								10,
								-7.5
							],
							"rotation": [
								112.5,
								0,
								0
							],
							"uv": [
								78,
								94
							]
						},
						{
							"origin": [
								10,
								0,
								-9.5
							],
							"size": [
								1,
								1,
								4
							],
							"pivot": [
								10.5,
								10,
								-7.5
							],
							"rotation": [
								135,
								0,
								0
							],
							"uv": [
								78,
								94
							]
						},
						{
							"origin": [
								10,
								0,
								-9.5
							],
							"size": [
								1,
								1,
								4
							],
							"pivot": [
								10.5,
								10,
								-7.5
							],
							"rotation": [
								157.5,
								0,
								0
							],
							"uv": [
								78,
								94
							]
						},
						{
							"origin": [
								10,
								1,
								-8.25
							],
							"size": [
								1,
								9,
								1.5
							],
							"pivot": [
								10.5,
								10,
								-7.5
							],
							"rotation": [
								180,
								0,
								0
							],
							"uv": [
								78,
								94
							]
						},
						{
							"origin": [
								10,
								1,
								-8.25
							],
							"size": [
								1,
								9,
								1.5
							],
							"pivot": [
								10.5,
								10,
								-7.5
							],
							"rotation": [
								-135,
								0,
								0
							],
							"uv": [
								78,
								94
							]
						},
						{
							"origin": [
								10,
								1,
								-8.25
							],
							"size": [
								1,
								9,
								1.5
							],
							"pivot": [
								10.5,
								10,
								-7.5
							],
							"rotation": [
								-90,
								0,
								0
							],
							"uv": [
								78,
								94
							]
						},
						{
							"origin": [
								10,
								1,
								-8.25
							],
							"size": [
								1,
								9,
								1.5
							],
							"pivot": [
								10.5,
								10,
								-7.5
							],
							"rotation": [
								-45,
								0,
								0
							],
							"uv": [
								78,
								94
							]
						},
						{
							"origin": [
								10,
								1,
								-8.25
							],
							"size": [
								1,
								9,
								1.5
							],
							"uv": [
								78,
								94
							]
						},
						{
							"origin": [
								10,
								1,
								-8.25
							],
							"size": [
								1,
								9,
								1.5
							],
							"pivot": [
								10.5,
								10,
								-7.5
							],
							"rotation": [
								45,
								0,
								0
							],
							"uv": [
								78,
								94
							]
						},
						{
							"origin": [
								10,
								1,
								-8.25
							],
							"size": [
								1,
								9,
								1.5
							],
							"pivot": [
								10.5,
								10,
								-7.5
							],
							"rotation": [
								90,
								0,
								0
							],
							"uv": [
								78,
								94
							]
						},
						{
							"origin": [
								10,
								1,
								-8.25
							],
							"size": [
								1,
								9,
								1.5
							],
							"pivot": [
								10.5,
								10,
								-7.5
							],
							"rotation": [
								135,
								0,
								0
							],
							"uv": [
								78,
								94
							]
						},
						{
							"origin": [
								10,
								9,
								-8.5
							],
							"size": [
								2,
								2,
								2
							],
							"uv": [
								78,
								94
							]
						}
					]
				},
				{
					"name": "banh1",
					"parent": "cannon",
					"pivot": [
						-10.5,
						10,
						-7.5
					],
					"cubes": [
						{
							"origin": [
								-11,
								0,
								-9.5
							],
							"size": [
								1,
								1,
								4
							],
							"pivot": [
								-10.5,
								10,
								-7.5
							],
							"rotation": [
								180,
								0,
								0
							],
							"uv": [
								78,
								94
							]
						},
						{
							"origin": [
								-11,
								0,
								-9.5
							],
							"size": [
								1,
								1,
								4
							],
							"pivot": [
								-10.5,
								10,
								-7.5
							],
							"rotation": [
								157.5,
								0,
								0
							],
							"uv": [
								78,
								94
							]
						},
						{
							"origin": [
								-11,
								0,
								-9.5
							],
							"size": [
								1,
								1,
								4
							],
							"pivot": [
								-10.5,
								10,
								-7.5
							],
							"rotation": [
								135,
								0,
								0
							],
							"uv": [
								78,
								94
							]
						},
						{
							"origin": [
								-11,
								0,
								-9.5
							],
							"size": [
								1,
								1,
								4
							],
							"pivot": [
								-10.5,
								10,
								-7.5
							],
							"rotation": [
								112.5,
								0,
								0
							],
							"uv": [
								78,
								94
							]
						},
						{
							"origin": [
								-11,
								0,
								-9.5
							],
							"size": [
								1,
								1,
								4
							],
							"pivot": [
								-10.5,
								10,
								-7.5
							],
							"rotation": [
								90,
								0,
								0
							],
							"uv": [
								78,
								94
							]
						},
						{
							"origin": [
								-11,
								0,
								-9.5
							],
							"size": [
								1,
								1,
								4
							],
							"pivot": [
								-10.5,
								10,
								-7.5
							],
							"rotation": [
								67.5,
								0,
								0
							],
							"uv": [
								78,
								94
							]
						},
						{
							"origin": [
								-11,
								0,
								-9.5
							],
							"size": [
								1,
								1,
								4
							],
							"pivot": [
								-10.5,
								10,
								-7.5
							],
							"rotation": [
								45,
								0,
								0
							],
							"uv": [
								78,
								94
							]
						},
						{
							"origin": [
								-11,
								0,
								-9.5
							],
							"size": [
								1,
								1,
								4
							],
							"pivot": [
								-10.5,
								10,
								-7.5
							],
							"rotation": [
								22.5,
								0,
								0
							],
							"uv": [
								78,
								94
							]
						},
						{
							"origin": [
								-11,
								0,
								-9.5
							],
							"size": [
								1,
								1,
								4
							],
							"uv": [
								78,
								94
							]
						},
						{
							"origin": [
								-11,
								0,
								-9.5
							],
							"size": [
								1,
								1,
								4
							],
							"pivot": [
								-10.5,
								10,
								-7.5
							],
							"rotation": [
								-22.5,
								0,
								0
							],
							"uv": [
								78,
								94
							]
						},
						{
							"origin": [
								-11,
								0,
								-9.5
							],
							"size": [
								1,
								1,
								4
							],
							"pivot": [
								-10.5,
								10,
								-7.5
							],
							"rotation": [
								-45,
								0,
								0
							],
							"uv": [
								78,
								94
							]
						},
						{
							"origin": [
								-11,
								0,
								-9.5
							],
							"size": [
								1,
								1,
								4
							],
							"pivot": [
								-10.5,
								10,
								-7.5
							],
							"rotation": [
								-67.5,
								0,
								0
							],
							"uv": [
								78,
								94
							]
						},
						{
							"origin": [
								-11,
								1,
								-8.25
							],
							"size": [
								1,
								9,
								1.5
							],
							"pivot": [
								-10.5,
								10,
								-7.5
							],
							"rotation": [
								-90,
								0,
								0
							],
							"uv": [
								78,
								94
							]
						},
						{
							"origin": [
								-11,
								0,
								-9.5
							],
							"size": [
								1,
								1,
								4
							],
							"pivot": [
								-10.5,
								10,
								-7.5
							],
							"rotation": [
								-90,
								0,
								0
							],
							"uv": [
								78,
								94
							]
						},
						{
							"origin": [
								-11,
								0,
								-9.5
							],
							"size": [
								1,
								1,
								4
							],
							"pivot": [
								-10.5,
								10,
								-7.5
							],
							"rotation": [
								-112.5,
								0,
								0
							],
							"uv": [
								78,
								94
							]
						},
						{
							"origin": [
								-11,
								0,
								-9.5
							],
							"size": [
								1,
								1,
								4
							],
							"pivot": [
								-10.5,
								10,
								-7.5
							],
							"rotation": [
								-135,
								0,
								0
							],
							"uv": [
								78,
								94
							]
						},
						{
							"origin": [
								-11,
								0,
								-9.5
							],
							"size": [
								1,
								1,
								4
							],
							"pivot": [
								-10.5,
								10,
								-7.5
							],
							"rotation": [
								-157.5,
								0,
								0
							],
							"uv": [
								78,
								94
							]
						},
						{
							"origin": [
								-11,
								1,
								-8.25
							],
							"size": [
								1,
								9,
								1.5
							],
							"pivot": [
								-10.5,
								10,
								-7.5
							],
							"rotation": [
								-135,
								0,
								0
							],
							"uv": [
								78,
								94
							]
						},
						{
							"origin": [
								-11,
								1,
								-8.25
							],
							"size": [
								1,
								9,
								1.5
							],
							"pivot": [
								-10.5,
								10,
								-7.5
							],
							"rotation": [
								180,
								0,
								0
							],
							"uv": [
								78,
								94
							]
						},
						{
							"origin": [
								-11,
								1,
								-8.25
							],
							"size": [
								1,
								9,
								1.5
							],
							"pivot": [
								-10.5,
								10,
								-7.5
							],
							"rotation": [
								135,
								0,
								0
							],
							"uv": [
								78,
								94
							]
						},
						{
							"origin": [
								-11,
								1,
								-8.25
							],
							"size": [
								1,
								9,
								1.5
							],
							"pivot": [
								-10.5,
								10,
								-7.5
							],
							"rotation": [
								90,
								0,
								0
							],
							"uv": [
								78,
								94
							]
						},
						{
							"origin": [
								-11,
								1,
								-8.25
							],
							"size": [
								1,
								9,
								1.5
							],
							"pivot": [
								-10.5,
								10,
								-7.5
							],
							"rotation": [
								45,
								0,
								0
							],
							"uv": [
								78,
								94
							]
						},
						{
							"origin": [
								-11,
								1,
								-8.25
							],
							"size": [
								1,
								9,
								1.5
							],
							"uv": [
								78,
								94
							]
						},
						{
							"origin": [
								-11,
								1,
								-8.25
							],
							"size": [
								1,
								9,
								1.5
							],
							"pivot": [
								-10.5,
								10,
								-7.5
							],
							"rotation": [
								-45,
								0,
								0
							],
							"uv": [
								78,
								94
							]
						},
						{
							"origin": [
								-12,
								9,
								-8.5
							],
							"size": [
								2,
								2,
								2
							],
							"uv": [
								78,
								94
							]
						}
					]
				}
			]
		}
	]
}