{
	"format_version": "1.10.0",
	"geometry.zombieaddon": {
		"texturewidth": 64,
		"textureheight": 64,
		"visible_bounds_width": 3,
		"visible_bounds_height": 3,
		"visible_bounds_offset": [
			0,
			1.5,
			0
		],
		"bones": [
			{
				"name": "root",
				"pivot": [
					0,
					12,
					0
				]
			},
			{
				"name": "body",
				"parent": "root",
				"pivot": [
					0,
					24,
					0
				],
				"cubes": [
					{
						"origin": [
							-4,
							12,
							-2
						],
						"size": [
							8,
							12,
							4
						],
						"uv": [
							16,
							16
						]
					},
					{
						"origin": [
							-4,
							12,
							-2
						],
						"size": [
							8,
							12,
							4
						],
						"uv": [
							16,
							32
						],
						"inflate": 0.25
					}
				]
			},
			{
				"name": "head",
				"parent": "body",
				"pivot": [
					0,
					24,
					0
				],
				"cubes": [
					{
						"origin": [
							-4,
							24,
							-4
						],
						"size": [
							8,
							8,
							8
						],
						"uv": [
							0,
							0
						]
					},
					{
						"origin": [
							-4,
							24,
							-4
						],
						"size": [
							8,
							8,
							8
						],
						"uv": [
							32,
							0
						],
						"inflate": 0.5
					}
				]
			},
			{
				"name": "rightArm",
				"parent": "body",
				"pivot": [
					-5,
					22,
					0
				],
				"cubes": [
					{
						"origin": [
							-8,
							12,
							-2
						],
						"size": [
							4,
							12,
							4
						],
						"uv": [
							40,
							16
						]
					},
					{
						"origin": [
							-8,
							12,
							-2
						],
						"size": [
							4,
							12,
							4
						],
						"uv": [
							40,
							32
						],
						"inflate": 0.25
					}
				]
			},
			{
				"name": "rightItem",
				"parent": "rightArm",
				"pivot": [
					-6,
					15,
					1
				]
			},
			{
				"name": "leftArm",
				"parent": "body",
				"pivot": [
					5,
					22,
					0
				],
				"mirror": true,
				"cubes": [
					{
						"origin": [
							4,
							12,
							-2
						],
						"size": [
							4,
							12,
							4
						],
						"uv": [
							32,
							48
						]
					},
					{
						"origin": [
							4,
							12,
							-2
						],
						"size": [
							4,
							12,
							4
						],
						"uv": [
							48,
							48
						],
						"inflate": 0.25
					}
				]
			},
			{
				"name": "leftItem",
				"parent": "leftArm",
				"pivot": [
					6,
					15,
					1
				]
			},
			{
				"name": "rightLeg",
				"parent": "body",
				"pivot": [
					-1.9,
					12,
					0
				],
				"cubes": [
					{
						"origin": [
							-3.9,
							0,
							-2
						],
						"size": [
							4,
							12,
							4
						],
						"uv": [
							0,
							16
						]
					},
					{
						"origin": [
							-3.9,
							0,
							-2
						],
						"size": [
							4,
							12,
							4
						],
						"uv": [
							0,
							32
						],
						"inflate": 0.25
					}
				]
			},
			{
				"name": "leftLeg",
				"parent": "body",
				"pivot": [
					1.9,
					12,
					0
				],
				"mirror": true,
				"cubes": [
					{
						"origin": [
							-0.1,
							0,
							-2
						],
						"size": [
							4,
							12,
							4
						],
						"uv": [
							16,
							48
						]
					},
					{
						"origin": [
							-0.1,
							0,
							-2
						],
						"size": [
							4,
							12,
							4
						],
						"uv": [
							0,
							32
						],
						"inflate": 0.25
					}
				]
			}
		]
	}
}