{
  "format_version": "1.8.0",
  "minecraft:client_entity": {
    "description": {
      "identifier": "os:granny",
      "materials": {
        "default": "skeleton"
      },
      "textures": {
        "default": "textures/entity/pamobile/os_granny"
      },
      "geometry": {
        "default": "geometry.os_granny"
      },
      "scripts": {
        "pre_animation": [
          "variable.tcos0 \u003d (Math.cos(query.modified_distance_moved * 38.17) * query.modified_move_speed / variable.gliding_speed_value) * 57.3;"
        ]
      },
      "animations": {
        "look_at": "animation.os_granny.look_at",
        "jumpscare": "animation.os_granny.jumpscare",
        "look_at_target_swimming": "animation.os_granny.swimming",
        "walk": "animation.os_granny.walk",
        "riding.arms": "animation.os_granny.arms",
        "riding.legs": "animation.os_granny.legs",
        "holding": "animation.os_granny.holding",
        "brandish_spear": "animation.os_granny.brandish_spear",
        "charging": "animation.os_granny.charging",
        "attack.rotations": "animation.os_granny.rotations",
        "sneaking": "animation.os_granny.sneaking",
        "bob": "animation.os_granny.bob",
        "damage_nearby_mobs": "animation.os_granny.damage_nearby_mobs",
        "bow_and_arrow": "animation.os_granny.bow_and_arrow",
        "swimming": "animation.os_granny.swimming",
        "use_item_progress": "animation.os_granny.use_item_progress",
        "skeleton_attack": "animation.os_granny.attack"
      },
      "animation_controllers": [
        {
          "looking": "controller.animation.looking"
        },
        {
          "moving": "controller.animation.moving"
        },
        {
          "riding": "controller.animation.humanoid.riding"
        },
        {
          "holding": "controller.animation.humanoid.holding"
        },
        {
          "brandish_spear": "controller.animation.humanoid.brandish_spear"
        },
        {
          "charging": "controller.animation.humanoid.charging"
        },
        {
          "attack": "controller.animation.humanoid.attack"
        },
        {
          "sneaking": "controller.animation.humanoid.sneaking"
        },
        {
          "bob": "controller.animation.humanoid.bob"
        },
        {
          "damage_nearby_mobs": "controller.animation.humanoid.damage_nearby_mobs"
        },
        {
          "bow_and_arrow": "controller.animation.humanoid.bow_and_arrow"
        },
        {
          "swimming": "controller.animation.humanoid.swimming"
        },
        {
          "use_item_progress": "controller.animation.humanoid.use_item_progress"
        },
        {
          "skeleton_attack": "controller.animation.skeleton.attack"
        }
      ],
      "spawn_egg": {
        "base_color": "#C5C2C0",
        "overlay_color": "#E0D8D8"
      },
      "render_controllers": [
        "controller.render.skeleton"
      ],
      "enable_attachables": true
    }
  }
}