{
  "entity_sounds": {
    "entities": {
      "va:villager_soldier": {
        "volume": 1.0,
        "pitch": [
          0.8,
          1.2
        ],
        "events": {
          "ambient": "mob.villager.idle",
          "death": "mob.villager.death",
          "death.to.zombie": "mob.villager.death",
          "haggle": "mob.villager.haggle",
          "haggle.no": "mob.villager.no",
          "haggle.yes": "mob.villager.yes",
          "hurt": "mob.villager.hit"
        }
      },
      "va:villager_king": {
        "volume": 1.0,
        "pitch": [
          0.8,
          1.2
        ],
        "events": {
          "ambient": "mob.villager.idle",
          "death": "mob.villager.death",
          "death.to.zombie": "mob.villager.death",
          "haggle": "mob.villager.haggle",
          "haggle.no": "mob.villager.no",
          "haggle.yes": "mob.villager.yes",
          "hurt": "mob.villager.hit"
        }
      },
      "va:villager_bow": {
        "volume": 1.0,
        "pitch": [
          0.8,
          1.2
        ],
        "events": {
          "ambient": "mob.villager.idle",
          "death": "mob.villager.death",
          "death.to.zombie": "mob.villager.death",
          "haggle": "mob.villager.haggle",
          "haggle.no": "mob.villager.no",
          "haggle.yes": "mob.villager.yes",
          "hurt": "mob.villager.hit"
        }
      },
      "va:villager_crossbow": {
        "volume": 1.0,
        "pitch": [
          0.8,
          1.2
        ],
        "events": {
          "ambient": "mob.villager.idle",
          "death": "mob.villager.death",
          "death.to.zombie": "mob.villager.death",
          "haggle": "mob.villager.haggle",
          "haggle.no": "mob.villager.no",
          "haggle.yes": "mob.villager.yes",
          "hurt": "mob.villager.hit"
        }
      },
      "va:villager_potion": {
        "volume": 1.0,
        "pitch": [
          0.8,
          1.2
        ],
        "events": {
          "ambient": "mob.villager.idle",
          "death": "mob.villager.death",
          "death.to.zombie": "mob.villager.death",
          "haggle": "mob.villager.haggle",
          "haggle.no": "mob.villager.no",
          "haggle.yes": "mob.villager.yes",
          "hurt": "mob.villager.hit"
        }
      },
      "va:villager_trident": {
        "volume": 1.0,
        "pitch": [
          0.8,
          1.2
        ],
        "events": {
          "ambient": "mob.villager.idle",
          "death": "mob.villager.death",
          "death.to.zombie": "mob.villager.death",
          "haggle": "mob.villager.haggle",
          "haggle.no": "mob.villager.no",
          "haggle.yes": "mob.villager.yes",
          "hurt": "mob.villager.hit"
        }
      },
      "va:pillager_v2": {
          "events": {
              "ambient": "mob.pillager.idle",
              "angry": {
                  "pitch": [
                      0.80,
                      1.20
                      ],
                      "sound": "mob.pillager.idle",
                      "volume": 3.0
              },
              "celebrate": "mob.pillager.celebrate",
              "death": "mob.pillager.death",
              "hurt": "mob.pillager.hurt"
          },
          "pitch": [
              0.80,
              1.20
              ],
              "volume": 1.0
      },
      "va:shield_illager": {
          "events": {
              "hurt": "item.shield.block",
              "death": "random.break"
          },
          "pitch": [
              0.8,
              1.2
              ],
              "volume": 3
      },
      "va:shield": {
          "events": {
              "hurt": "item.shield.block",
              "death": "random.break"
          },
          "pitch": [
              0.8,
              1
              ],
              "volume": 3
      }
    }
  }
}