{
	"format_version": "1.8.0",
	"render_controllers": {
		"controller.render.asset": {
			"geometry": "geometry.default",
			"materials": [
				{
					"*": "material.default"
				}
			],
			"textures": [
				"array.biome[query.mark_variant]"
			],
			"arrays": {
				"textures": {
					"Array.biome": [
						"Texture.base",
						"Texture.samac",
						"Texture.rung",
						"Texture.savana",
						"Texture.tuyet",
						"Texture.damlay",
						"Texture.lanh"
					]
				}
			},
			"part_visibility": [
				{
					"muiten": "query.is_charged"
				}
			]
		}
	}
}