{
	"format_version": "1.8.0",
	"render_controllers": {
		"controller.render.evokerlegend": {
			"geometry": "geometry.default",
			"materials": [
				{
					"*": "material.default"
				}
			],
			"part_visibility": [
				{
					"*": true
				},
				{
					"arms": "!(query.is_casting || query.is_celebrating || query.is_charged)"
				},
				{
					"leftarm": "query.is_casting || query.is_celebrating || query.is_charged"
				},
				{
					"rightarm": "query.is_casting || query.is_celebrating || query.is_charged"
				}
			],
			"textures": [
				"texture.default"
			]
		}
	}
}