{
	"format_version": "1.8.0",
	"render_controllers": {
		"controller.render.villager_magic": {
			"geometry": "geometry.default",
			"materials": [
				{
					"*": "material.default"
				}
			],
			"part_visibility": [
				{
					"*": true
				},
				{
					"arms": "!(query.is_casting || query.is_celebrating)"
				},
				{
					"leftarm": "query.is_casting || query.is_celebrating"
				},
				{
					"rightarm": "query.is_casting || query.is_celebrating"
				}
			],
			"textures": [
				"array.biome[query.mark_variant]"
			],
			"arrays": {
				"textures": {
					"Array.biome": [
						"Texture.base",
						"Texture.samac",
						"Texture.rung",
						"Texture.savana",
						"Texture.tuyet",
						"Texture.damlay",
						"Texture.lanh"
					]
				}
			}
		}
	}
}