{
  "pools": [
    {
      "rolls": 1,
      "entries": [
        {
          "type": "item",
          "name": "minecraft:rabbit_hide",
          "weight": 10
        },
        {
          "type": "item",
          "name": "minecraft:rabbit_foot",
          "weight": 10
        },
        {
          "type": "item",
          "name": "minecraft:chicken",
          "weight": 10
        },
        {
          "type": "item",
          "name": "minecraft:book",
          "weight": 10
        },
        {
          "type": "item",
          "name": "minecraft:rotten_flesh",
          "weight": 10
        },
        {
          "type": "item",
          "name": "minecraft:bone",
          "weight": 10
        },
        {
          "type": "item",
          "name": "minecraft:leather",
          "weight": 10
        },
        {
          "type": "item",
          "name": "minecraft:chain",
          "weight": 4
        },
        {
          "type": "item",
          "name": "minecraft:bone_block",
          "weight": 2
        }
      ]
    }
  ]
}