{
  "pools": [
    {
      "rolls": 5,
      "entries": [
        {
          "type": "item",
          "name": "minecraft:iron_sword",
          "weight": 7
        },
        {
          "type": "item",
          "name": "minecraft:iron_sword",
          "weight": 3,
          "functions": [
            {
              "function": "enchant_randomly"
            }
          ]
        },
        {
          "type": "item",
          "name": "minecraft:chainmail_helmet",
          "weight": 2
        },
        {
          "type": "item",
          "name": "minecraft:chainmail_chestplate",
          "weight": 1
        },
        {
          "type": "item",
          "name": "minecraft:chainmail_leggings",
          "weight": 1
        },
        {
          "type": "item",
          "name": "minecraft:chainmail_boots",
          "weight": 1
        },
        {
          "type": "item",
          "name": "minecraft:chainmail_helmet",
          "weight": 1,
          "functions": [
            {
              "function": "enchant_randomly"
            }
          ]
        },
        {
          "type": "item",
          "name": "minecraft:chainmail_chestplate",
          "weight": 1,
          "functions": [
            {
              "function": "enchant_randomly"
            }
          ]
        },
        {
          "type": "item",
          "name": "minecraft:chainmail_leggings",
          "weight": 1,
          "functions": [
            {
              "function": "enchant_randomly"
            }
          ]
        },
        {
          "type": "item",
          "name": "minecraft:chainmail_boots",
          "weight": 1,
          "functions": [
            {
              "function": "enchant_randomly"
            }
          ]
        }
      ]
    }
  ]
}