{
    "tiers": [
        {
            "trades": [
                {
                    "wants": [
                        {
                            "item": "emerald",
                            "quantity": {
                                "min": 30,
                                "max": 35
                            }
                        }
                    ],
                    "gives": [
                        {
                            "item": "fv:iron_golem_guard",
                            "quantity": 1
                        }
                    ],
                    "max_uses": -1
                },
                {
                    "wants": [
                        {
                            "item": "emerald",
                            "quantity": {
                                "min": 15,
                                "max": 20
                            }
                        }
                    ],
                    "gives": [
                        {
                            "item": "spawn_egg",
                            "functions": [
                                {
                                    "function": "set_actor_id",
                                    "id": "fv:stonestride"
                                }
                            ],
                            "quantity": 1
                        }
                    ],
                    "max_uses": -1
                },
                {
                    "wants": [
                        {
                            "item": "emerald",
                            "quantity": {
                                "min": 50,
                                "max": 64
                            }
                        },
                        {
                            "item": "fv:iron_golem_guard",
                            "quantity": {
                                "min": 1,
                                "max": 1
                            }
                        }
                    ],
                    "gives": [
                        {
                            "item": "fv:thunderboom_balista",
                            "quantity": 1
                        }
                    ],
                    "max_uses": -1
                },
                {
                    "wants": [
                        {
                            "item": "emerald",
                            "quantity": {
                                "min": 20,
                                "max": 30
                            }
                        },
                        {
                            "item": "bamboo_block",
                            "quantity": {
                                "min": 20,
                                "max": 30
                            }
                        }
                    ],
                    "gives": [
                        {
                            "item": "fv:bamboo_watcher_golem",
                            "quantity": {
                                "min": 1,
                                "max": 2
                            }
                        }
                    ]
                }
            ]
        }
    ]
}