{
   "format_version": "1.10.0",
   "animation_controllers": {
      "controller.animation.granny.attack": {
         "initial_state": "default",
         "states": {
            "add": {
               "on_entry": [
                  "/scoreboard players add @e[r=3,type=!zm:granny] old 1",
                  "/execute @e[scores={old=5..1200}] ~ ~ ~event entity @e[type=zm:granny,r=5] zm:stopped",
                  "/execute @e[scores={old=5..1200}] ~ ~ ~tag @e[type=zm:granny,r=5] remove old",
                  "/kill @e[scores={old=5..1200}]",
                  "/scoreboard players set @a[scores={old=5..1200}] old 0",
                  "/scoreboard objectives add old dummy"
               ],
               "transitions": [
                  {
                     "default": "1.0"
                  }
               ]
            },
            "default": {
               "transitions": [
                  {
                     "attack": "variable.attack_time > 0 && !query.is_stunned"
                  },
                  {
                     "add": "query.has_rider && !query.is_stunned"
                  }
               ]
            },
            "attack": {
               "on_entry": [
                  "/execute @s ~ ~ ~ ride @e[r=3,type=!zm:granny] start_riding @s",
                  "/execute @s ~ ~ ~ effect @e[r=2,type=!zm:granny] weakness 2 2 true",
                  "/tag @s add old"
               ],
               "transitions": [
                  {
                     "default": "1.0"
                  }
               ]
            }
         }
      },
      "controller.animation.slendrina.attack": {
         "initial_state": "default",
         "states": {
            "add": {
               "on_entry": [
                  "/scoreboard players add @e[r=3,type=!zm:slendrina] kid 1",
                  "/execute @e[scores={kid=5..1200}] ~ ~ ~event entity @e[type=zm:slendrina,r=5] zm:stopped",
                  "/execute @e[scores={kid=5..1200}] ~ ~ ~tag @e[type=zm:slendrina,r=5] remove kid",
                  "/kill @e[scores={kid=5..1200}]",
                  "/scoreboard players set @a[scores={kid=5..1200}] kid 0",
                  "/scoreboard objectives add kid dummy"
               ],
               "transitions": [
                  {
                     "default": "1.0"
                  }
               ]
            },
            "attack": {
               "on_entry": [
                  "/execute @s ~ ~ ~ ride @e[r=3,type=!zm:slendrina] start_riding @s",
                  "/execute @s ~ ~ ~ effect @e[r=2,type=!zm:slendrina] weakness 2 2 true",
                  "/tag @s add kid"
               ],
               "transitions": [
                  {
                     "default": "1.0"
                  }
               ]
            },
            "default": {
               "transitions": [
                  {
                     "attack": "variable.attack_time > 0 && !query.is_stunned"
                  },
                  {
                     "add": "query.has_rider && !query.is_stunned"
                  }
               ]
            }
         }
      }
   }
}