{
  "format_version": "1.8.0",
  "render_controllers": {
    "controller.render.armor": {
	  "geometry": "Geometry.default",
	  "materials": [{ "*": "variable.is_enchanted ? Material.enchanted : Material.default"}],
	  "textures": [ "Texture.default", "Texture.enchanted" ]
    },
	"controller.render.armor_freeze": {
	  "geometry": "Geometry.default",
	  "materials": [{ "*": "variable.is_enchanted ? Material.enchanted : Material.default"}],
	  "textures": [ "Texture.freeze", "Texture.enchanted" ]
    },
	"controller.render.armor_ice": {
	  "geometry": "Geometry.default",
	  "materials": [{ "*": "variable.is_enchanted ? Material.enchanted : Material.default"}],
	  "textures": [ "Texture.ice", "Texture.enchanted" ]
    }
  }
}