{
  "format_version": "1.8.0",
  "render_controllers": {
    "controller.render.birth_sunflower": {
      "arrays": {
        "textures": {
          "Array.skins": [
            "Texture.default",
            "Texture.food"
          ]
        }
      },
      "geometry": "Geometry.default",
      "materials": [ { "*": "Material.default" } ],
      "textures": [ "query.get_name != 'Spooky' ? Array.skins[query.variant]" ]
    },
	"controller.render.birth_sunflower_costume": {
      "arrays": {
        "textures": {
          "Array.costume": [
            "Texture.costume",
            "Texture.costume_food"
          ]
        }
      },
      "geometry": "Geometry.default",
      "materials": [ { "*": "Material.default" } ],
      "textures": [ "query.get_name == 'Spooky' ? Array.costume[query.variant]" ]
    }
  }
}
