{
  "format_version": "1.8.0",
  "render_controllers": {
    "controller.render.camel_zombie": {
      "arrays": {
        "textures": {
          "Array.skins": [
            "Texture.leader",
            "Texture.center",
            "Texture.back",
            "Texture.back_freeze",
            "Texture.center_freeze",
            "Texture.leader_freeze",
            "Texture.back_ice",
            "Texture.center_ice",
            "Texture.leader_ice"
          ]
        }
      },
      "geometry": "Geometry.default",
      "materials": [ { "*": "Material.default" } ],
      "textures": [ "Array.skins[query.variant]" ]
    }
  }
}
