{
  "format_version": "1.8.0",
  "render_controllers": {
	"controller.render.gargantuar": {
      "arrays": {
        "textures": {
		  "Array.solo": [
			"Texture.default",
            "Texture.freeze",
            "Texture.ice",
			"Texture.default_solo",
			"Texture.freeze_solo",
			"Texture.ice_solo"
		  ]
        }
      },
      "geometry": "Geometry.default",
      "materials": [ { "*": "Material.default" } ],
      "textures": [ "Array.solo[query.variant]" ]
    }
  }
}
