{
  "format_version": "1.8.0",
  "render_controllers": {
    "controller.render.iceberg_lettuce": {
      "geometry": "Geometry.default",
      "materials": [ { "*": "Material.default" } ],
      "textures": [ "query.get_name != 'Spooky' ? Texture.default" ]
    },
	"controller.render.iceberg_lettuce_costume": {
      "geometry": "Geometry.default",
      "materials": [ { "*": "Material.default" } ],
      "textures": [ "query.get_name == 'Spooky' ? Texture.costume" ]
    }
  }
}
