{
  "format_version": "1.8.0",
  "render_controllers": {
    "controller.render.note": {
      "arrays": {
        "textures": {
          "Array.skins": [
            "Texture.purple",
            "Texture.blue",
			"Texture.green",
            "Texture.red"
          ]
        },
		"materials": {
          "Array.materials": [
            "Material.default",
			"Material.invisible"
          ]
        }
      },
      "geometry": "Geometry.default",
      "materials": [ { "*": "Array.materials[query.is_invisible]" } ],
      "textures": [ "Array.skins[query.variant]" ]
    }
  }
}