{
  "format_version": "1.8.0",
  "render_controllers": {
    "controller.render.pea": {
      "arrays": {
        "textures": {
          "Array.skins": [
            "Texture.default",
            "Texture.fire"
          ]
        },
		"materials": {
          "Array.materials": [
            "Material.default",
            "Material.invisible"
          ]
        }
      },
      "geometry": "Geometry.default",
      "materials": [ { "*": "Array.materials[query.is_invisible]" } ],
      "textures": [ "Array.skins[query.variant]" ]
    }
  }
}