{
  "format_version": "1.8.0",
  "render_controllers": {
    "controller.render.peashooter": {
      "arrays": {
        "textures": {
          "Array.skins": [
            "Texture.default",
            "Texture.food"
          ]
        }
      },
      "geometry": "Geometry.default",
      "materials": [ { "*": "Material.default" } ],
      "textures": [ "query.get_name != 'Bdayz' ? Array.skins[query.variant]" ]
    },
	"controller.render.peashooter_old": {
      "arrays": {
        "textures": {
          "Array.skins": [
            "Texture.old",
            "Texture.food_old"
          ]
        }
      },
      "geometry": "Geometry.default",
      "materials": [ { "*": "Material.default" } ],
      "textures": [ "query.get_name == 'Oldman' ? Array.skins[query.variant]" ]
    },
	"controller.render.peashooter_costume": {
      "arrays": {
        "textures": {
          "Array.skins": [
            "Texture.costume",
            "Texture.food_costume"
          ]
        }
      },
      "geometry": "Geometry.default",
      "materials": [ { "*": "Material.default" } ],
      "textures": [ "query.get_name == 'Bdayz' ? Array.skins[query.variant]" ]
    }
  }
}
