{
  "format_version": "1.8.0",
  "render_controllers": {
    "controller.render.repeater": {
      "arrays": {
        "textures": {
          "Array.skins": [
            "Texture.default",
            "Texture.food",
            "Texture.shoot"
          ]
        }
      },
      "geometry": "Geometry.default",
      "materials": [ { "*": "Material.default" } ],
      "textures": [ "Array.skins[query.variant]" ]
    },
	"controller.render.repeater_costume": {
      "arrays": {
        "textures": {
          "Array.skins": [
            "Texture.hat",
            "Texture.food_hat",
            "Texture.shoot_hat"
          ]
        }
      },
      "geometry": "Geometry.default",
      "materials": [ { "*": "Material.default" } ],
      "textures": [ "query.get_name == 'Bdayz' ? Array.skins[query.variant]" ]
    }
  }
}
