{
  "format_version": "1.8.0",
  "render_controllers": {
    "controller.render.sunflower": {
      "arrays": {
        "textures": {
          "Array.skins": [
            "Texture.default",
            "Texture.food"
          ]
        }
      },
      "geometry": "Geometry.default",
      "materials": [ { "*": "Material.default" } ],
      "textures": [ "query.get_name != 'Zama' ? Array.skins[query.variant]" ]
    },
	"controller.render.sunflower_costume": {
      "arrays": {
        "textures": {
          "Array.costume": [
            "Texture.major",
            "Texture.major_food"
          ]
        }
      },
      "geometry": "Geometry.default",
      "materials": [ { "*": "Material.default" } ],
      "textures": [ "query.get_name == 'Zama' ? Array.costume[query.variant]" ]
    }
  }
}
