{
  "format_version": "1.10",
  "render_controllers": {
    "controller.render.twallnut": {
      "arrays": {
        "textures": {
          "Array.skin": [ "texture.highly_cracked", "texture.medium_cracked", "texture.default" ]
        }
      },
      "geometry": "Geometry.default",
      "materials": [ { "*": "Material.default"} ],
      "textures": [ 
	     "Array.skin[variable.health_status]"
		]
    },
    "controller.render.twallnut_costume": {
      "arrays": {
        "textures": {
          "Array.costume": [ "texture.highly_late", "texture.medium_late", "texture.late" ]
        }
      },
      "geometry": "Geometry.default",
      "materials": [ { "*": "Material.default"} ],
      "textures": [ "query.get_name == 'Late' ? Array.costume[variable.health_status]" ]
    }
  }
}