{
	"format_version": "1.10.0",
	"geometry.zombie_head_item": {
		"texturewidth": 64,
		"textureheight": 64,
		"visible_bounds_width": 3,
		"visible_bounds_height": 3,
		"visible_bounds_offset": [0, 1.5, 0],
		"bones": [
			{
				"name": "rightItem",
				"pivot": [-12, -5, 1]
			},
			{
				"name": "head",
				"parent": "rightItem",
				"pivot": [-6, 4, 0],
				"cubes": [
					{"origin": [-10, 4, -4], "size": [8, 8, 8], "uv": [0, 0]}
				]
			},
			{
				"name": "bone",
				"parent": "head",
				"pivot": [-2, -20, 0],
				"cubes": [
					{"origin": [-8, 2.5, -4], "size": [4, 2, 4], "uv": [0, 38], "inflate": 0.01},
					{"origin": [-7.5, 5.5, -3.98], "size": [3, 1, 0], "uv": [17, 43], "inflate": -0.01},
					{"origin": [-7.5, 4, -3.98], "size": [3, 1, 0], "uv": [20, 43]},
					{"origin": [-8, 4, -3.99], "size": [4, 2, 4], "uv": [48, 35], "inflate": 0.01}
				]
			},
			{
				"name": "hat",
				"parent": "head",
				"pivot": [2, 4, 0],
				"cubes": [
					{"origin": [-10, 4, -4], "size": [8, 8, 8], "uv": [32, 0], "inflate": 0.5}
				]
			}
		]
	}
}