{
	"format_version": "1.10.0",
	"geometry.zombie_throw_head": {
		"texturewidth": 64,
		"textureheight": 64,
		"visible_bounds_width": 3,
		"visible_bounds_height": 3,
		"visible_bounds_offset": [0, 1.5, 0],
		"bones": [
			{
				"name": "head",
				"pivot": [0, 4, -4],
				"rotation": [-90, 0, 0],
				"cubes": [
					{"origin": [-4, 4, -8], "size": [8, 8, 8], "uv": [0, 0]}
				]
			},
			{
				"name": "bone",
				"parent": "head",
				"pivot": [0, -20, -4],
				"cubes": [
					{"origin": [-2, 2.5, -8], "size": [4, 2, 4], "uv": [0, 38], "inflate": 0.01},
					{"origin": [-1.5, 5.5, -7.98], "size": [3, 1, 0], "uv": [17, 43], "inflate": -0.01},
					{"origin": [-1.5, 4, -7.98], "size": [3, 1, 0], "uv": [20, 43]},
					{"origin": [-2, 4, -7.99], "size": [4, 2, 4], "uv": [48, 35], "inflate": 0.01}
				]
			},
			{
				"name": "hat",
				"parent": "head",
				"pivot": [8, 4, -4],
				"cubes": [
					{"origin": [-4, 4, -8], "size": [8, 8, 8], "uv": [32, 0], "inflate": 0.5}
				]
			}
		]
	}
}