{
  "format_version": "1.10.0",
  "minecraft:client_entity": {
    "description": {
      "identifier": "zombie:zombie_gargantuar",
      "materials": {"default": "serp"},
      "textures": {
    "default": "textures/entity/zombies/zombie_gargantuar"
      },
      "geometry": {
    "default": "geometry.serppvzzombiegargantuar"
      },
      "animations": {
    "idle": "animation.pvzzombiebasic.quiet",
    "idle2": "animation.pvzzombiebasic.quiet",
    "walk": "animation.pvzzombiebasic.walk",
    "walk2": "animation.pvzzombiebasic.walk",
    "punch": "animation.pvzzombiebasic.attack",
    "punch2": "animation.pvzzombiebasic.attack",
    "main_controller": "controller.animation.zombies",
    "look_at_target": "animation.common.look_at_target"
      },
      "scripts": {
        "scale": "1.5",
        "animate": [
        "look_at_target",
        "main_controller"
        ]
      },
      "render_controllers":[ {"controller.render.pvzzombies":"query.is_on_screen"} ]
    }
  }
}