{
  "format_version": "1.10.0",
  "animation_controllers": {
    "controller.animation.coppergolem.idle": {
      "initial_state": "idle",
      "states": {
        "idle": {
          "animations": [
            "idle"
          ],
          "transitions": [
            {
              "oxidised": "query.variant > 2"
            }
          ]
        },
        "oxidised": {
          "transitions": [
            {
              "idle": "query.variant <= 2"
            }
          ]
        }
      }
    }
  }
}