{
	"format_version" : "1.10.0",
  "animation_controllers": {
		"controller.animation.iceologer.cast" : {
			"initial_state" : "default",
			"states" : {
				"casting" : {
					"animations" : [ "cast" ],
					"transitions" : [
						{
							"default" : "!query.is_casting && query.all_animations_finished"
						}
					]
				},
				"default" : {
					"transitions" : [
						{
							"casting" : "query.is_casting"
						}
					]
				}
			}
		},
    "controller.animation.iceologer.root": {
      "initial_state": "default",
      "states": {
        "default": {
          "blend_transition": 0.2,
          "blend_via_shortest_path": true,
          "animations": [
            "controller_humanoid_base_pose",
            "controller_look_at_target",
            "controller_move",
            "controller_riding",
            "controller_bob"
          ],
          "transitions": [
            {
              "celebrating": "query.is_celebrating"
            }
          ]
        },
        "celebrating": {
          "animations": [
            "celebrating",
            { "riding.legs": "query.is_riding" }
          ],
          "blend_transition": 0.2,
          "blend_via_shortest_path": true,
          "transitions": [
            {
              "default": "!query.is_celebrating"
            }
          ]
        }
      }
    }
  }
}
