{
	"format_version": "1.17.0",
	"minecraft:item": {
		"description": {
			"identifier": "zd:bullet_cannon",
			"category": "items"
		},
		"components": {
			"minecraft:max_stack_size": 64,
			"minecraft:stacked_by_data": true,
			"minecraft:projectile": {
				"projectile_entity": "zd:shell",
				"minimum_critical_power": 5
			},
			"minecraft:on_use": {
				"on_use": {
					"event": "use",
					"condition": "query.is_riding&&query.get_equipped_item_name('main_hand')=='bullet_cannon'&&query.is_chested"
				}
			},
			"minecraft:display_name": {
				"value": "cannon bullet"
			},
			"minecraft:icon": {
				"texture": "bullet_cannon"
			},
			"minecraft:creative_category": {
				"parent": "items"
			},
			"minecraft:cooldown": {
				"category": "ender_pearl",
				"duration": 3
			}
		},
		"events": {
			"use": {
				"run_command": {
					"command": [
						"event entity @e[type=zd:cannon,r=2,c=1] shoot",
						"playsound cannon2 @a ~ ~ ~",
						"clear @s zd:bullet_cannon 0 1"
					]
				}
			}
		}
	}
}