{
	"format_version": "1.17.0",
	"minecraft:item": {
		"description": {
			"identifier": "zd:catapult",
			"category": "items"
		},
		"components": {
			"minecraft:use_duration": 3600,
			"minecraft:max_stack_size": 1,
			"minecraft:stacked_by_data": true,
			"minecraft:can_destroy_in_creative": true,
			"minecraft:icon": {
				"texture": "catapult"
			},
			"minecraft:display_name": {
				"value": "catapult"
			},
			"minecraft:creative_category": {
				"parent": "items"
			},
			"minecraft:entity_placer": {
				"entity": "zd:catapult"
			}
		},
		"events": {}
	}
}