{
	"format_version": "1.16.100",
	"minecraft:item": {
		"description": {
			"category": "items",
			"identifier": "zd:flag_red"
		},
		"components": {
			"minecraft:creative_category": {
				"parent": "itemGroup.name.snowball"
			},
			"minecraft:max_stack_size": 64,
			"minecraft:use_duration": 32,
			"minecraft:icon": {
				"texture": "zd_flag_red"
			},
			"minecraft:throwable": {
				"do_swing_animation": true,
				"launch_power_scale": 2
			},
			"minecraft:projectile": {
				"projectile_entity": "zd:flag_red"
			}
		}
	}
}