{
	"format_version": "1.17.0",
	"minecraft:item": {
		"description": {
			"identifier": "zd:general_item",
			"category": "items"
		},
		"components": {
			"minecraft:use_duration": 3600,
			"minecraft:max_stack_size": 5,
			"minecraft:stacked_by_data": true,
			"minecraft:foil": true,
			"minecraft:can_destroy_in_creative": false,
			"minecraft:creative_category": {
				"parent": "items"
			},
			"minecraft:icon": {
				"texture": "summon_army"
			},
			"minecraft:display_name": {
				"value": "general of villager"
			},
			"minecraft:on_use": {
				"on_use": {
					"event": "use"
				}
			},
			"minecraft:render_offsets": {
				"main_hand": {
					"third_person": {
						"scale": [
							0.05,
							0.05,
							0.05
						]
					},
					"first_person": {
						"scale": [
							0.018999999999988602,
							0.018999999999988602,
							0.018999999999988602
						]
					}
				},
				"off_hand": {
					"third_person": {
						"scale": [
							0.05,
							0.05,
							0.05
						]
					},
					"first_person": {
						"scale": [
							0.018999999999988602,
							0.018999999999988602,
							0.018999999999988602
						]
					}
				}
			}
		},
		"events": {
			"use": {
				"run_command": {
					"command": [
						"summon zd:horse_villager ~ ~ ~ summon",
						"summon zd:horse_villager ~ ~ ~ summon",
						"summon zd:villager_knight ~ ~ ~",
						"summon zd:villager_soldier_sword ~ ~ ~",
						"summon zd:villager_soldier_crossbow ~ ~ ~",
						"summon zd:villager_soldier_musket ~ ~ ~",
						"clear @s zd:general_item 0 1"
					]
				},
				"add_mob_effect": {
					"effect": "resistance",
					"target": "holder",
					"duration": 10,
					"amplifier": 3
				}
			}
		}
	}
}