{
	"format_version": "1.17.0",
	"minecraft:item": {
		"description": {
			"identifier": "zd:gold_spear",
			"category": "equipment"
		},
		"components": {
			"minecraft:use_duration": 3600,
			"minecraft:max_stack_size": 1,
			"minecraft:hand_equipped": true,
			"minecraft:foil": true,
			"minecraft:can_destroy_in_creative": false,
			"minecraft:creative_category": {
				"parent": "itemGroup.name.sword"
			},
			"minecraft:icon": {
				"texture": "gold_spear"
			},
			"minecraft:display_name": {
				"value": "gold spear"
			},
			"minecraft:damage": 10,
			"minecraft:weapon": {
				"on_hurt_entity": {
					"event": "use"
				}
			},
			"minecraft:render_offsets": {
				"main_hand": {
					"first_person": {
						"position": [
							0.4,
							-0.1,
							-1.5
						]
					},
					"third_person": {
						"position": [
							1,
							1.15,
							-1.35
						],
						"scale": [
							0.1,
							0.05,
							0.1
						]
					}
				}
			},
			"minecraft:enchantable": {
				"slot": "sword",
				"value": 15
			}
		},
		"events": {
			"use": {
				"sequence": [
					{
						"add_mob_effect": {
							"effect": "slowness",
							"target": "other",
							"duration": 5,
							"amplifier": 3
						}
					},
					{
						"add_mob_effect": {
							"effect": "speed",
							"target": "holder",
							"duration": 10,
							"amplifier": 2
						}
					},
					{
						"add_mob_effect": {
							"effect": "regeneration",
							"target": "holder",
							"duration": 5,
							"amplifier": 3
						}
					}
				]
			}
		}
	}
}