{
	"format_version": "1.17.0",
	"minecraft:item": {
		"description": {
			"identifier": "zd:heavy_crossbow"
		},
		"components": {
			"minecraft:use_duration": 3600,
			"minecraft:can_destroy_in_creative": true,
			"minecraft:render_offsets": {
				"main_hand": {
					"third_person": {
						"scale": [
							0.05,
							0.05,
							0.05
						]
					},
					"first_person": {
						"scale": [
							0.018999999999988602,
							0.018999999999988602,
							0.018999999999988602
						]
					}
				},
				"off_hand": {
					"third_person": {
						"scale": [
							0.05,
							0.05,
							0.05
						]
					},
					"first_person": {
						"scale": [
							0.018999999999988602,
							0.018999999999988602,
							0.018999999999988602
						]
					}
				}
			},
			"minecraft:icon": {
				"texture": "asset"
			},
			"minecraft:display_name": {
				"value": "heavy_crossbow"
			},
			"minecraft:creative_category": {
				"parent": "items"
			},
			"minecraft:entity_placer": {
				"entity": "zd:heavy_crossbow"
			}
		},
		"events": {}
	}
}