{
	"format_version": "1.17.0",
	"minecraft:item": {
		"description": {
			"identifier": "zd:hunter_spear",
			"category": "equipment"
		},
		"components": {
			"minecraft:use_duration": 3600,
			"minecraft:max_stack_size": 1,
			"minecraft:hand_equipped": true,
			"minecraft:mining_speed": 1,
			"minecraft:damage": 5,
			"minecraft:knockback_resistance": {
				"protection": 0.3
			},
			"minecraft:can_destroy_in_creative": false,
			"minecraft:durability": {
				"max_durability": 200
			},
			"minecraft:weapon": {
				"on_hurt_entity": {
					"event": "use"
				},
				"on_not_hurt_entity": {
					"event": "hurt"
				},
				"on_hit_block": {
					"event": "hurt"
				}
			},
			"minecraft:creative_category": {
				"parent": "itemGroup.name.sword"
			},
			"minecraft:icon": {
				"texture": "hunter_spear"
			},
			"minecraft:display_name": {
				"value": "hunter spear"
			},
			"minecraft:render_offsets": {
				"main_hand": {
					"first_person": {
						"position": [
							0.4,
							-0.1,
							-1.5
						]
					},
					"third_person": {
						"position": [
							1,
							1.15,
							-1.35
						],
						"scale": [
							0.1,
							0.05,
							0.1
						]
					}
				}
			},
			"minecraft:repairable": {
				"repair_items": [
					{
						"items": [
							"zd:spear"
						],
						"repair_amount": "context.other->query.remaining_durability+0.2*context.other->query.max_durability"
					}
				]
			}
		},
		"events": {
			"hurt": {
				"damage": {
					"type": "magic",
					"amount": 1,
					"target": "self"
				}
			},
			"use": {
				"add_mob_effect": {
					"effect": "slowness",
					"target": "other",
					"duration": 2,
					"amplifier": 2
				},
				"damage": {
					"type": "magic",
					"amount": 1,
					"target": "self"
				}
			}
		}
	}
}