{
	"format_version": "1.17.0",
	"minecraft:item": {
		"description": {
			"identifier": "zd:ice_weapon",
			"category": "equipment"
		},
		"components": {
			"minecraft:use_duration": 3600,
			"minecraft:max_stack_size": 1,
			"minecraft:hand_equipped": true,
			"minecraft:foil": true,
			"minecraft:damage": 6,
			"minecraft:durability": {
				"max_durability": 700,
				"damage_chance": {
					"min": 200,
					"max": 300
				}
			},
			"minecraft:enchantable": {
				"slot": "sword",
				"value": 15
			},
			"minecraft:repairable": {
				"repair_items": [
					{
						"items": [
							"zd:ice_weapon"
						],
						"repair_amount": "context.other->query.remaining_durability+0.2*context.other->query.max_durability"
					}
				]
			},
			"minecraft:on_use": {
				"on_use": {
					"event": "shooter"
				}
			},
			"minecraft:weapon": {
				"on_hurt_entity": {
					"event": "hurt_entity"
				},
				"on_not_hurt_entity": {
					"event": "hurt"
				},
				"on_hit_block": {
					"event": "hurt"
				}
			},
			"minecraft:cooldown": {
				"category": "ender_pearl",
				"duration": 5
			},
			"minecraft:icon": {
				"texture": "ice_weapon"
			},
			"minecraft:display_name": {
				"value": "ice weapon"
			},
			"minecraft:use_animation": "bow",
			"minecraft:can_destroy_in_creative": false
		},
		"events": {
			"hurt": {
				"damage": {
					"type": "magic",
					"amount": 3,
					"target": "self"
				}
			},
			"shooter": {
				"sequence": [
					{
						"shoot": {
							"projectile": "zd:ice_shell",
							"launch_power": 1
						}
					},
					{
						"damage": {
							"type": "magic",
							"amount": 3,
							"target": "self"
						}
					}
				]
			},
			"hurt_entity": {
				"sequence": [
					{
						"damage": {
							"type": "magic",
							"amount": 3,
							"target": "self"
						}
					},
					{
						"add_mob_effect": {
							"effect": "slowness",
							"target": "other",
							"duration": 3,
							"amplifier": 2
						}
					}
				]
			}
		}
	}
}