{
	"format_version": "1.17.0",
	"minecraft:item": {
		"description": {
			"identifier": "zd:ice_steel",
			"category": "items"
		},
		"components": {
			"minecraft:use_duration": 3600,
			"minecraft:max_stack_size": 64,
			"minecraft:stacked_by_data": true,
			"minecraft:foil": true,
			"minecraft:icon": {
				"texture": "ice_steel"
			},
			"minecraft:display_name": {
				"value": "ice steel"
			},
			"minecraft:creative_category": {
				"parent": "itemGroup.name.items"
			}
		},
		"events": {}
	}
}