{
	"format_version": "1.17.0",
	"minecraft:item": {
		"description": {
			"identifier": "zd:jungle_sword",
			"category": "equipment"
		},
		"components": {
			"minecraft:use_duration": 3600,
			"minecraft:max_stack_size": 1,
			"minecraft:hand_equipped": true,
			"minecraft:damage": 6,
			"minecraft:can_destroy_in_creative": false,
			"minecraft:enchantable": {
				"slot": "sword",
				"value": 10
			},
			"minecraft:weapon": {
				"on_hurt_entity": {
					"event": "hurt"
				},
				"on_not_hurt_entity": {
					"event": "hurt"
				},
				"on_hit_block": {
					"event": "hurt"
				}
			},
			"minecraft:creative_category": {
				"parent": "itemGroup.name.sword"
			},
			"minecraft:icon": {
				"texture": "jungle_sword"
			},
			"minecraft:display_name": {
				"value": "jungle sword"
			},
			"minecraft:on_use": {
				"on_use": {
					"event": "use",
					"target": "self"
				}
			},
			"minecraft:cooldown": {
				"category": "ender_pearl",
				"duration": 5.2
			}
		},
		"events": {
			"hurt": {
				"add_mob_effect": {
					"effect": "poison",
					"target": "other",
					"duration": 3,
					"amplifier": 1
				}
			},
			"use": {
				"add_mob_effect": {
					"effect": "jump_boost",
					"target": "holder",
					"duration": 5,
					"amplifier": 2
				}
			}
		}
	}
}