{
	"format_version": "1.17.0",
	"minecraft:item": {
		"description": {
			"identifier": "zd:legend_sword",
			"category": "equipment"
		},
		"components": {
			"minecraft:use_duration": 3600,
			"minecraft:max_stack_size": 1,
			"minecraft:hand_equipped": true,
			"minecraft:mining_speed": 1.5,
			"minecraft:liquid_clipped": false,
			"minecraft:damage": 12,
			"minecraft:knockback_resistance": {
				"protection": 0.2
			},
			"minecraft:can_destroy_in_creative": false,
			"minecraft:enchantable": {
				"slot": "sword",
				"value": 15
			},
			"minecraft:weapon": {
				"on_hurt_entity": {
					"event": "attack"
				}
			},
			"minecraft:creative_category": {
				"parent": "itemGroup.name.sword"
			},
			"minecraft:icon": {
				"texture": "legend_sword"
			},
			"minecraft:display_name": {
				"value": "Legend Sword"
			},
			"minecraft:should_despawn": true,
			"minecraft:foil": true,
			"minecraft:digger": {
				"use_efficiency": false,
				"destroy_speeds": [
					{
						"block": "minecraft:web",
						"speed": 15
					},
					{
						"block": "minecraft:bamboo",
						"speed": 10
					}
				]
			},
			"minecraft:render_offsets": {
				"main_hand": {
					"third_person": {
						"scale": [
							0.05,
							0.05,
							0.05
						]
					},
					"first_person": {
						"scale": [
							0.018999999999988602,
							0.018999999999988602,
							0.018999999999988602
						]
					}
				},
				"off_hand": {
					"third_person": {
						"scale": [
							0.05,
							0.05,
							0.05
						]
					},
					"first_person": {
						"scale": [
							0.018999999999988602,
							0.018999999999988602,
							0.018999999999988602
						]
					}
				}
			}
		},
		"events": {
			"attack": {
				"sequence": [
					{
						"add_mob_effect": {
							"effect": "regeneration",
							"duration": 5,
							"amplifier": 2
						}
					},
					{
						"add_mob_effect": {
							"effect": "resistance",
							"duration": 5,
							"amplifier": 3
						}
					}
				]
			}
		}
	}
}