{
	"format_version": "1.17.0",
	"minecraft:item": {
		"description": {
			"identifier": "zd:musket_shell",
			"category": "items"
		},
		"components": {
			"minecraft:use_duration": 3600,
			"minecraft:max_stack_size": 64,
			"minecraft:stacked_by_data": true,
			"minecraft:projectile": {
				"projectile_entity": "zd:musket_shell",
				"minimum_critical_power": 2
			},
			"minecraft:allow_off_hand": true,
			"minecraft:icon": {
				"texture": "musket_ball"
			},
			"minecraft:display_name": {
				"value": "musket shell"
			},
			"minecraft:creative_category": {
				"parent": "itemGroup.name.arrow"
			}
		},
		"events": {}
	}
}