{
	"format_version": "1.16.100",
	"minecraft:item": {
		"description": {
			"identifier": "zd:pillager_flintlock",
			"category": "equipment"
		},
		"components": {
			"minecraft:max_stack_size": 1,
			"minecraft:icon": {
				"texture": "musket_1"
			},
			"minecraft:display_name": {
				"value": "pillager pistol"
			},
			"minecraft:creative_category": {
				"parent": "itemGroup.name.bows"
			},
			"minecraft:on_use": {
				"on_use": {
					"condition": "query.get_equipped_item_name('off_hand')=='musket_shell'",
					"event": "shoot"
				}
			},
			"minecraft:durability": {
				"max_durability": 40,
				"damage_chance": {
					"min": 2,
					"max": 3
				}
			},
			"minecraft:cooldown": {
				"category": "ender_pearl",
				"duration": 2.5
			},
			"minecraft:repairable": {
				"repair_items": [
					{
						"items": [
							"zd:pillager_pistol"
						],
						"repair_amount": "context.other->query.remaining_durability+0.2*context.other->query.max_durability"
					}
				]
			},
			"minecraft:can_destroy_in_creative": false
		},
		"events": {
			"shoot": {
				"sequence": [
					{
						"shoot": {
							"projectile": "zd:pistol_shell",
							"launch_power": 1
						}
					},
					{
						"damage": {
							"type": "magic",
							"amount": 2
						}
					},
					{
						"run_command": {
							"command": [
								"clear @s zd:musket_shell 0 1",
								"playsound musket @a ~ ~ ~",
								"execute @s ~ ~ ~ particle minecraft:water_evaporation_bucket_emitter ^ ^ ^2"
							],
							"target": "holder"
						}
					}
				]
			}
		}
	}
}