{
	"format_version": "1.17.0",
	"minecraft:item": {
		"description": {
			"identifier": "zd:pirate_gun",
			"category": "equipment"
		},
		"components": {
			"minecraft:use_duration": 3600,
			"minecraft:max_stack_size": 1,
			"minecraft:hand_equipped": true,
			"minecraft:can_destroy_in_creative": false,
			"minecraft:icon": {
				"texture": "musket_2"
			},
			"minecraft:display_name": {
				"value": "pirate gun"
			},
			"minecraft:creative_category": {
				"parent": "itemGroup.name.bows"
			},
			"minecraft:on_use": {
				"on_use": {
					"event": "syko:shoot"
				}
			},
			"minecraft:durability": {
				"max_durability": 3
			},
			"minecraft:cooldown": {
				"category": "chorusfruit",
				"duration": 0.6
			},
			"minecraft:render_offsets": {
				"main_hand": {
					"third_person": {
						"position": [
							0.4,
							0.7,
							-0.7
						]
					}
				}
			},
			"minecraft:repairable": {
				"repair_items": [
					{
						"items": [
							"zd:villager_pistol"
						],
						"repair_amount": "context.other->query.remaining_durability+0.2*context.other->query.max_durability"
					}
				]
			}
		},
		"events": {
			"syko:shoot": {
				"sequence": [
					{
						"sequence": [
							{
								"condition": "query.remaining_durability>=1",
								"sequence": [
									{
										"sequence": [
											{
												"damage": {
													"type": "durability",
													"amount": 1,
													"target": "self"
												}
											},
											{
												"shoot": {
													"projectile": "zd:flintlock_shell",
													"launch_power": 1
												}
											},
											{
												"run_command": {
													"command": [
														"execute @s ~ ~ ~ particle minecraft:water_evaporation_bucket_emitter ^ ^ ^2",
														"playsound musket @a ~ ~ ~"
													],
													"target": "holder"
												}
											}
										]
									},
									{
										"sequence": [
											{
												"condition": "query.remaining_durability==3",
												"run_command": {
													"command": [
														"titleraw @s actionbar {\"rawtext\":[{\"text\":\"2/3\"}]}"
													],
													"target": "holder"
												}
											},
											{
												"condition": "query.remaining_durability==2",
												"run_command": {
													"command": [
														"titleraw @s actionbar {\"rawtext\":[{\"text\":\"1/3\"}]}"
													],
													"target": "holder"
												}
											},
											{
												"condition": "query.remaining_durability==1",
												"run_command": {
													"command": [
														"titleraw @s actionbar {\"rawtext\":[{\"text\":\"0/3\"}]}"
													],
													"target": "holder"
												}
											}
										]
									}
								]
							},
							{
								"condition": "query.remaining_durability==0",
								"run_command": {
									"command": [
										"playsound loadingend.musket @s ~ ~ ~ 1 1 1",
										"titleraw @s actionbar {\"rawtext\":[{\"text\":\"reload\"}]}"
									],
									"target": "holder"
								}
							}
						]
					},
					{
						"condition": "query.get_equipped_item_name('off_hand')=='musket_shell'&&query.remaining_durability==0",
						"run_command": {
							"command": [
								"clear @s zd:musket_shell 0 3",
								"replaceitem entity @s slot.weapon.mainhand 0 zd:pirate_gun 1 0",
								"titleraw @s actionbar {\"rawtext\":[{\"text\":\"3/3\"}]}"
							]
						}
					}
				]
			}
		}
	}
}