{
	"format_version": "1.17.0",
	"minecraft:item": {
		"description": {
			"identifier": "zd:rapier",
			"category": "equipment"
		},
		"components": {
			"minecraft:use_duration": 3600,
			"minecraft:max_stack_size": 1,
			"minecraft:hand_equipped": true,
			"minecraft:damage": 7,
			"minecraft:can_destroy_in_creative": false,
			"minecraft:durability": {
				"max_durability": 700,
				"damage_chance": 100
			},
			"minecraft:weapon": {
				"on_hurt_entity": {
					"event": "hurt"
				},
				"on_not_hurt_entity": {
					"event": "hurt"
				},
				"on_hit_block": {
					"event": "hurt"
				}
			},
			"minecraft:repairable": {
				"repair_items": [
					{
						"items": [
							"zd:rapier"
						],
						"repair_amount": "context.other->query.remaining_durability+0.2*context.other->query.max_durability"
					}
				]
			},
			"minecraft:icon": {
				"texture": "rapier"
			},
			"minecraft:display_name": {
				"value": "rapier"
			},
			"minecraft:creative_category": {
				"parent": "itemGroup.name.sword"
			},
			"minecraft:digger": {
				"use_efficiency": false,
				"destroy_speeds": [
					{
						"block": "minecraft:web",
						"speed": 15
					},
					{
						"block": "minecraft:bamboo",
						"speed": 10
					}
				]
			}
		},
		"events": {
			"hurt": {
				"damage": {
					"type": "duration",
					"amount": 1,
					"target": "self"
				}
			}
		}
	}
}