{
	"format_version": "1.17.0",
	"minecraft:item": {
		"description": {
			"identifier": "zd:seasaber",
			"category": "equipment"
		},
		"components": {
			"minecraft:use_duration": 3600,
			"minecraft:max_stack_size": 1,
			"minecraft:hand_equipped": true,
			"minecraft:foil": true,
			"minecraft:damage": 10,
			"minecraft:enchantable": {
				"slot": "sword",
				"value": 15
			},
			"minecraft:weapon": {
				"on_hurt_entity": {
					"event": "attack"
				}
			},
			"minecraft:on_use": {
				"on_use": {
					"event": "use"
				}
			},
			"minecraft:cooldown": {
				"category": "chorusfruit",
				"duration": 3
			},
			"minecraft:icon": {
				"texture": "seasaber"
			},
			"minecraft:display_name": {
				"value": "sea saber"
			},
			"minecraft:can_destroy_in_creative": false,
			"minecraft:creative_category": {
				"parent": "itemGroup.name.sword"
			}
		},
		"events": {
			"attack": {
				"sequence": [
					{
						"add_mob_effect": {
							"effect": "weakness",
							"target": "other",
							"duration": 5,
							"amplifier": 3
						}
					},
					{
						"condition": "query.is_in_water",
						"add_mob_effect": {
							"effect": "night_vision",
							"target": "holder",
							"duration": 3,
							"amplifier": 3
						}
					}
				]
			},
			"use": {
				"sequence": [
					{
						"add_mob_effect": {
							"effect": "health_boost",
							"target": "holder",
							"duration": 3,
							"amplifier": 4
						}
					},
					{
						"condition": "query.is_in_water",
						"add_mob_effect": {
							"effect": "water_breathing",
							"target": "holder",
							"duration": 3,
							"amplifier": 3
						}
					},
					{
						"add_mob_effect": {
							"effect": "instant_health",
							"target": "holder",
							"duration": 1,
							"amplifier": 4
						}
					}
				]
			}
		}
	}
}