{
	"format_version": "1.16.100",
	"minecraft:item": {
		"description": {
			"identifier": "zd:soldier_helmet",
			"category": "equipment"
		},
		"components": {
			"minecraft:max_stack_size": 1,
			"minecraft:enchantable": {
				"value": 9,
				"slot": "armor_head"
			},
			"minecraft:durability": {
				"max_durability": 500,
				"damage_chance": {
					"min": 60,
					"max": 100
				}
			},
			"minecraft:icon": {
				"texture": "zd_soldier_helmet"
			},
			"minecraft:render_offsets": "helmets",
			"minecraft:armor": {
				"protection": 3
			},
			"minecraft:wearable": {
				"slot": "slot.armor.head"
			},
			"minecraft:creative_category": {
				"parent": "itemGroup.name.helmet"
			},
			"minecraft:display_name": {
				"value": "Soldier helmet"
			},
			"minecraft:repairable": {
				"repair_items": [
					{
						"items": [
							"zd:steel"
						],
						"repair_amount": 30
					},
					{
						"items": [
							"zd:soldier_helmet"
						],
						"repair_amount": "context.other->query.remaining_durability+0.2*context.other->query.max_durability"
					}
				]
			}
		},
		"events": {}
	}
}