{
	"format_version": "1.17.0",
	"minecraft:item": {
		"description": {
			"identifier": "zd:summon_soldier",
			"category": "items"
		},
		"components": {
			"minecraft:use_duration": 3600,
			"minecraft:max_stack_size": 5,
			"minecraft:stacked_by_data": true,
			"minecraft:foil": true,
			"minecraft:can_destroy_in_creative": true,
			"minecraft:on_use": {
				"on_use": {
					"event": "summon"
				}
			},
			"minecraft:creative_category": {
				"parent": "items"
			},
			"minecraft:icon": {
				"texture": "summon"
			},
			"minecraft:display_name": {
				"value": "summon soldier"
			}
		},
		"events": {
			"summon": {
				"run_command": {
					"command": [
						"summon zd:villagersoldier ~ ~ ~ summon",
						"summon zd:villagersoldier ~ ~ ~ summon",
						"summon zd:villagersoldier ~ ~ ~ summon",
						"clear @s zd:summon_soldier 0 1"
					]
				}
			}
		}
	}
}