{
	"format_version": "1.17.0",
	"minecraft:item": {
		"description": {
			"identifier": "zd:viking_boat",
			"category": "items"
		},
		"components": {
			"minecraft:max_stack_size": 1,
			"minecraft:icon": {
				"texture": "viking_boat"
			},
			"minecraft:display_name": {
				"value": "viking boat"
			},
			"minecraft:creative_category": {
				"parent": "itemGroup.name.boat"
			},
			"minecraft:on_use": {
				"on_use": {
					"event": "place"
				}
			}
		},
		"events": {
			"place": {
				"run_command": {
					"command": [
						"summon zd:viking_boat ~ ~ ~ minecraft:entity_spawned",
						"clear @s zd:viking_boat 0 1"
					]
				}
			}
		}
	}
}