{
	"format_version": "1.17.0",
	"minecraft:item": {
		"description": {
			"identifier": "zd:musket",
			"category": "equipment"
		},
		"components": {
			"minecraft:use_duration": 3600,
			"minecraft:max_stack_size": 1,
			"minecraft:hand_equipped": true,
			"minecraft:can_destroy_in_creative": false,
			"minecraft:icon": {
				"texture": "musket_3"
			},
			"minecraft:display_name": {
				"value": "villager musket"
			},
			"minecraft:creative_category": {
				"parent": "itemGroup.name.bows"
			},
			"minecraft:on_use": {
				"on_use": {
					"condition": "query.get_equipped_item_name('off_hand')=='musket_shell'",
					"event": "shoot"
				}
			},
			"minecraft:durability": {
				"max_durability": 100,
				"damage_chance": {
					"min": 2,
					"max": 3
				}
			},
			"minecraft:cooldown": {
				"category": "ender_pearl",
				"duration": 2.2
			},
			"minecraft:repairable": {
				"repair_items": [
					{
						"items": [
							"zd:villager_musket"
						],
						"repair_amount": "context.other->query.remaining_durability+0.2*context.other->query.max_durability"
					}
				]
			}
		},
		"events": {
			"shoot": {
				"sequence": [
					{
						"shoot": {
							"projectile": "zd:musket_shell",
							"launch_power": 1
						}
					},
					{
						"damage": {
							"type": "magic",
							"amount": 2
						}
					},
					{
						"run_command": {
							"command": [
								"clear @s zd:musket_shell 0 1",
								"playsound musket @a ~ ~ ~"
							]
						}
					}
				]
			}
		}
	}
}