{"format_version":"1.8.0","minecraft:entity":{"description":{"identifier":"yg:jax_abstracted","is_spawnable":false,"is_summonable":true,"is_experimental":false},"component_groups":{"minecraft:unabstracted_event":{"minecraft:transformation":{"into":"yg:jax","delay":0}},"minecraft:turn_abstracted":{"minecraft:timer":{"time":30,"time_down_event":{"event":"minecraft:turn_abstracted"}}},"minecraft:abstracted":{"minecraft:transformation":{"into":"yg:abstracted","delay":0}}},"components":{"minecraft:nameable":{},"minecraft:type_family":{"family":["abstracted_character"]},"minecraft:collision_box":{"width":0.6,"height":1.8},"minecraft:scale":{"value":1},"minecraft:health":{"value":100,"max":100},"minecraft:behavior.float":{"priority":1},"minecraft:physics":{},"minecraft:pushable":{"is_pushable":true,"is_pushable_by_piston":true},"minecraft:behavior.hurt_by_target":{"priority":1},"minecraft:knockback_resistance":{"value":0.8},"minecraft:damage_sensor":{"deals_damage":true,"on_damage":{"filters":{"test":"is_family","subject":"other","value":"caine"},"event":"minecraft:unabstracted_event"}},"minecraft:follow_range":{"value":30,"max":30},"minecraft:loot":{"table":"loot_tables/entities/null.json"},"minecraft:is_hidden_when_invisible":{}},"events":{"minecraft:entity_spawned":{"add":{"component_groups":["minecraft:turn_abstracted"]}},"minecraft:entity_transformed":{"add":{"component_groups":["minecraft:turn_abstracted"]}},"minecraft:unabstracted_event":{"add":{"component_groups":["minecraft:unabstracted_event"]},"remove":{"component_groups":["minecraft:turn_abstracted"]}},"minecraft:turn_abstracted":{"add":{"component_groups":["minecraft:abstracted"]}}}}}