{
	"format_version": "1.10.0",
	"minecraft:client_entity": {
		"description": {
			"identifier": "fv:thunderboom_balista",
			"materials": {
				"default": "entity_alphatest"
			},
			"textures": {
				"default": "textures/entity/tnt_balista"
			},
			"geometry": {
				"default": "geometry.tnt_balista"
			},
			"animations": {
				"look_at_target": "animation.tnt_balista.look_at_target",
				"charged": "animation.tnt_balista.keocung",
				"charge_controll": "controller.animation.charge.attack"
			},
			"scripts": {
				"animate": [
					"look_at_target",
					"charge_controll"
				]
			},
			"render_controllers": [
				"controller.render.tnt.balista"
			],
			"spawn_egg": {
				"texture": "tnt_balista"
			}
		}
	}
}