{
	"format_version": "1.8.0",
	"animations": {
		"animation.repillager.dam": {
			"animation_length": 1.25,
			"bones": {
				"body": {
					"rotation": {
						"0.0": [
							0,
							0,
							0
						],
						"0.5833": [
							0,
							27.5,
							0
						],
						"0.6667": [
							0,
							32.5,
							0
						],
						"0.75": [
							0,
							-20,
							0
						],
						"0.8333": [
							0,
							-30,
							0
						],
						"1.25": [
							0,
							0,
							0
						]
					},
					"position": {
						"0.0": [
							0,
							0,
							0
						],
						"0.5833": [
							0,
							0,
							2
						],
						"0.6667": [
							0,
							0,
							3
						],
						"0.75": [
							0,
							0,
							0
						],
						"0.8333": [
							0,
							0,
							-1
						],
						"1.25": [
							0,
							0,
							0
						]
					}
				},
				"leftLeg": {
					"rotation": {
						"0.0": [
							0,
							0,
							0
						],
						"0.5833": [
							"-13.1419-this",
							"-23.5947-this",
							"-1.7434-this"
						],
						"0.6667": [
							"-19.0487-this",
							"-30.8807-this",
							"0.2413-this"
						],
						"0.75": [
							"19.2662-this",
							"21.3334-this",
							"-0.3669-this"
						],
						"0.8333": [
							"18.0521-this",
							"32.3982-this",
							"-2.0769-this"
						],
						"1.25": [
							0,
							0,
							0
						]
					}
				},
				"rightLeg": {
					"rotation": {
						"0.0": [
							0,
							0,
							0
						],
						"0.5833": [
							"15-this",
							"-27.5-this",
							"0-this"
						],
						"0.6667": [
							"17.5-this",
							"-27.5-this",
							0
						],
						"0.75": [
							"-14.1883-this",
							"23.004-this",
							"-3.6571-this"
						],
						"0.8333": [
							"-14.0509-this",
							"30.8853-this",
							"-0.2383-this"
						],
						"1.25": [
							0,
							0,
							0
						]
					}
				},
				"rightarm": {
					"rotation": {
						"0.0": [
							0,
							0,
							0
						],
						"0.5833": [
							"30-this",
							"0-this",
							"27.5-this"
						],
						"0.6667": [
							"31.5831-this",
							"-18.824-this",
							"24.9237-this"
						],
						"0.75": [
							"-61.4421-this",
							"21.5453-this",
							"-3.6571-this"
						],
						"0.8333": [
							"-76.4421-this",
							"21.5453-this",
							"-3.6571-this"
						],
						"1.25": [
							0,
							0,
							0
						]
					},
					"position": {
						"0.75": [
							0,
							0,
							0
						],
						"0.7917": [
							-1,
							0,
							-1.73205
						],
						"0.9583": [
							0,
							0,
							0
						]
					}
				},
				"rightItem": {
					"rotation": {
						"0.6667": [
							0,
							0,
							0
						],
						"0.75": [
							60,
							0,
							0
						],
						"0.8333": [
							75,
							0,
							0
						],
						"0.9583": [
							0,
							0,
							0
						]
					},
					"position": {
						"0.75": [
							0,
							0,
							0
						],
						"0.8333": [
							-0.29216,
							-1.90746,
							-0.52559
						],
						"0.9583": [
							0,
							0,
							0
						]
					}
				},
				"leftarm": {
					"rotation": {
						"0.0": [
							0,
							0,
							0
						],
						"0.6667": [
							"-70.8175-this",
							"-23.7695-this",
							"-7.9821-this"
						],
						"0.75": [
							"77.7099-this",
							"7.9647-this",
							"-15.1611-this"
						],
						"0.8333": [
							"77.3766-this",
							"15.2887-this",
							"-16.8117-this"
						],
						"1.25": [
							0,
							0,
							0
						]
					}
				}
			}
		},
		"animation.repillager.chem": {
			"animation_length": 1.25,
			"bones": {
				"body": {
					"rotation": {
						"0.0": [
							0,
							0,
							0
						],
						"0.5": [
							0,
							-50,
							0
						],
						"0.625": [
							0,
							-60,
							0
						],
						"0.7083": [
							0,
							-55,
							0
						],
						"0.7917": [
							0,
							40,
							0
						],
						"0.9167": [
							0,
							52.5,
							0
						],
						"1.25": [
							0,
							0,
							0
						]
					},
					"position": {
						"0.0": [
							0,
							0,
							0
						],
						"0.5": [
							0,
							0,
							2
						],
						"0.625": [
							0,
							0,
							2.5
						],
						"0.7083": [
							0,
							0,
							2.5
						],
						"0.7917": [
							0,
							0,
							-2.5
						],
						"0.9167": [
							-1,
							0,
							-4.5
						],
						"1.25": [
							0,
							0,
							0
						]
					}
				},
				"leftLeg": {
					"rotation": {
						"0.0": [
							0,
							0,
							0
						],
						"0.5": [
							"2.5-this",
							"0-this",
							"-2.5-this"
						],
						"0.7083": [
							"2.5198-this",
							"7.6018-this",
							"-4.6688-this"
						],
						"0.8333": [
							"-9.184-this",
							"-47.3923-this",
							"0.0412-this"
						],
						"1.0": [
							"-10.1611-this",
							"-39.58-this",
							"1.6953-this"
						],
						"1.25": [
							0,
							0,
							0
						]
					}
				},
				"rightLeg": {
					"rotation": {
						"0.0": [
							0,
							0,
							0
						],
						"0.5": [
							"0.4821-this",
							"50.044-this",
							"3.8909-this"
						],
						"0.7083": [
							"0.6211-this",
							"52.5415-this",
							"3.9294-this"
						],
						"0.8333": [
							"18.3067-this",
							"-2.863-this",
							"9.1341-this"
						],
						"1.0": [
							"18.2377-this",
							"-6.0205-this",
							"10.7286-this"
						],
						"1.25": [
							0,
							0,
							0
						]
					}
				},
				"rightarm": {
					"rotation": {
						"0.0": [
							0,
							0,
							0
						],
						"0.2917": [
							"-49.4948-this",
							"-43.7587-this",
							"61.3176-this"
						],
						"0.625": [
							"-115.4064-this",
							"-6.6144-this",
							"89.9457-this"
						],
						"0.7083": [
							"-120.4064-this",
							"-6.6144-this",
							"89.9457-this"
						],
						"0.7917": [
							"-0.4064-this",
							"-6.6144-this",
							"89.9457-this"
						],
						"0.9167": [
							"32.6965-this",
							"0.1017-this",
							"89.9457-this"
						],
						"1.125": [
							"23.6277-this",
							"7.8146-this",
							"35.318-this"
						],
						"1.25": [
							0,
							0,
							0
						]
					},
					"position": {
						"0.2917": [
							0,
							0,
							0
						],
						"0.625": [
							1,
							0,
							-1.73205
						],
						"0.7083": [
							1.81915,
							0,
							-1.15642
						],
						"0.7917": [
							0,
							0,
							0
						]
					}
				},
				"leftarm": {
					"rotation": {
						"0.0": [
							0,
							0,
							0
						],
						"0.5": [
							"-15-this",
							"0-this",
							"-12.5-this"
						],
						"0.625": [
							"-35.0426-this",
							"0.6518-this",
							"-19.9718-this"
						],
						"0.7917": [
							"11.8455-this",
							"-12.0759-this",
							"-38.6591-this"
						],
						"0.9167": [
							"24.3455-this",
							"-12.0759-this",
							"-38.6591-this"
						],
						"1.0833": [
							"6.8455-this",
							"-12.0759-this",
							"-38.6591-this"
						],
						"1.25": [
							0,
							0,
							0
						]
					}
				}
			}
		},
		"animation.repillager.chem2": {
			"animation_length": 0.91667,
			"bones": {
				"body": {
					"rotation": {
						"0.0": [
							0,
							0,
							0
						],
						"0.5": [
							0,
							-50,
							0
						],
						"0.625": [
							0,
							-60,
							0
						],
						"0.7083": [
							0,
							-55,
							0
						],
						"0.7917": [
							0,
							40,
							0
						],
						"0.9167": [
							0,
							52.5,
							0
						]
					},
					"position": {
						"0.0": [
							0,
							0,
							0
						],
						"0.5": [
							0,
							0,
							2
						],
						"0.625": [
							0,
							0,
							2.5
						],
						"0.7083": [
							0,
							0,
							2.5
						],
						"0.7917": [
							0,
							0,
							-2.5
						],
						"0.9167": [
							-1,
							0,
							-4.5
						]
					}
				},
				"leftLeg": {
					"rotation": {
						"0.0": [
							0,
							0,
							0
						],
						"0.5": [
							"2.5-this",
							"0-this",
							"-2.5-this"
						],
						"0.7083": [
							"2.5198-this",
							"7.6018-this",
							"-4.6688-this"
						],
						"0.8333": [
							"-9.184-this",
							"-47.3923-this",
							"0.0412-this"
						],
						"0.9167": [
							"-10.1611-this",
							"-39.58-this",
							"1.6953-this"
						]
					}
				},
				"rightLeg": {
					"rotation": {
						"0.0": [
							0,
							0,
							0
						],
						"0.5": [
							"0.4821-this",
							"50.044-this",
							"3.8909-this"
						],
						"0.7083": [
							"0.6211-this",
							"52.5415-this",
							"3.9294-this"
						],
						"0.8333": [
							"18.3067-this",
							"-2.863-this",
							"9.1341-this"
						],
						"0.9167": [
							"18.2377-this",
							"-6.0205-this",
							"10.7286-this"
						]
					}
				},
				"rightarm": {
					"rotation": {
						"0.0": [
							0,
							0,
							0
						],
						"0.2917": [
							"-49.4948-this",
							"-43.7587-this",
							"61.3176-this"
						],
						"0.625": [
							"-115.4064-this",
							"-6.6144-this",
							"89.9457-this"
						],
						"0.7083": [
							"-120.4064-this",
							"-6.6144-this",
							"89.9457-this"
						],
						"0.7917": [
							"-0.4064-this",
							"-6.6144-this",
							"89.9457-this"
						],
						"0.9167": [
							"32.6965-this",
							"0.1017-this",
							"89.9457-this"
						]
					},
					"position": {
						"0.2917": [
							0,
							0,
							0
						],
						"0.625": [
							1,
							0,
							-1.73205
						],
						"0.7083": [
							1.81915,
							0,
							-1.15642
						],
						"0.7917": [
							0,
							0,
							0
						]
					}
				},
				"leftarm": {
					"rotation": {
						"0.0": [
							0,
							0,
							0
						],
						"0.5": [
							"-15-this",
							"0-this",
							"-12.5-this"
						],
						"0.625": [
							"-35.0426-this",
							"0.6518-this",
							"-19.9718-this"
						],
						"0.7917": [
							"11.8455-this",
							"-12.0759-this",
							"-38.6591-this"
						],
						"0.9167": [
							"24.3455-this",
							"-12.0759-this",
							"-38.6591-this"
						]
					}
				}
			}
		},
		"animation.repillager.hold_gun": {
			"loop": true,
			"bones": {
				"rightarm": {
					"rotation": [
						"-72.8151-this",
						"-68.3644-this",
						39.58533
					],
					"position": [
						0,
						0,
						-1
					]
				},
				"rightItem": {
					"rotation": [
						-49.56754,
						-7.64427,
						-6.46635
					],
					"position": [
						0.70484,
						-2.38077,
						1.68379
					]
				},
				"leftarm": {
					"rotation": [
						"-32.5-this",
						"0-this",
						0
					]
				}
			}
		},
		"animation.repillager.camco": {
			"animation_length": 2,
			"bones": {
				"body": {
					"rotation": {
						"0.0": [
							0,
							0,
							0
						],
						"0.5": [
							-7.5,
							0,
							0
						],
						"0.625": [
							5,
							0,
							0
						],
						"0.7083": [
							0,
							0,
							0
						]
					}
				},
				"leftarm": {
					"rotation": {
						"0.0": [
							0,
							0,
							0
						],
						"0.25": [
							-145,
							0,
							0
						],
						"0.5": [
							-138.33,
							0,
							0
						],
						"0.625": [
							-65,
							0,
							0
						],
						"2.0": [
							-65,
							0,
							0
						]
					}
				},
				"banner": {
					"rotation": {
						"0.0": [
							0,
							0,
							0
						],
						"0.25": [
							22.5,
							0,
							0
						],
						"0.5": [
							-10.83,
							0,
							0
						],
						"0.625": [
							-25,
							0,
							0
						],
						"2.0": [
							-25,
							0,
							0
						]
					},
					"position": {
						"0.0": [
							0,
							0,
							0
						],
						"0.25": [
							0,
							-1,
							-2
						],
						"0.5": [
							0,
							-0.20301,
							-0.06516
						],
						"0.625": [
							0,
							-0.84524,
							1.81262
						],
						"2.0": [
							0,
							-0.84524,
							1.81262
						]
					}
				}
			}
		},
		"animation.repillager.coxuathien": {
			"loop": "hold_on_last_frame",
			"animation_length": 0.125,
			"bones": {
				"banner": {
					"scale": {
						"0.0": [
							0,
							0,
							0
						],
						"0.0833": [
							1.1,
							1.1,
							1.1
						],
						"0.125": [
							1,
							1,
							1
						]
					}
				}
			}
		},
		"animation.repillager.giuco": {
			"loop": true,
			"bones": {
				"banner": {
					"scale": 0
				}
			}
		}
	}
}