{
	"format_version": "1.8.0",
	"animations": {
		"animation.soldier_horse.default": {
			"loop": true,
			"bones": {
				"leftLeg": {
					"rotation": [
						"-55.6449-this",
						"-23.7345-this",
						"-6.3924-this"
					]
				},
				"rightLeg": {
					"rotation": [
						"-56.2959-this",
						"24.3842-this",
						"4.5938-this"
					]
				},
				"leftarm": {
					"rotation": [
						"-36.2822-this",
						"9.298-this",
						14.89149
					]
				},
				"Tail": {
					"rotation": [
						"math.sin(query.life_time*10)*5",
						0,
						0
					]
				},
				"waist": {
					"position": [
						0,
						"0-this",
						"2-this"
					]
				}
			}
		},
		"animation.soldier_horse.moving": {
			"loop": true,
			"bones": {
				"Tail": {
					"rotation": [
						0,
						0,
						"(math.cos(query.modified_distance_moved*30)*query.modified_move_speed/variable.gliding_speed_value)*6"
					]
				},
				"LegBL": {
					"rotation": [
						"variable.tcos0",
						0,
						0
					]
				},
				"LegBR": {
					"rotation": [
						"-variable.tcos0",
						0,
						0
					]
				},
				"LegFL": {
					"rotation": [
						"-variable.tcos0",
						0,
						0
					]
				},
				"LegFR": {
					"rotation": [
						"variable.tcos0",
						0,
						0
					]
				},
				"Neck": {
					"rotation": [
						"(math.cos(query.modified_distance_moved*30)*query.modified_move_speed/variable.gliding_speed_value)*10",
						0,
						0
					]
				}
			}
		},
		"animation.soldier_horse.attack_normal": {
			"loop": "hold_on_last_frame",
			"animation_length": 1,
			"bones": {
				"rightarm": {
					"rotation": {
						"0.0": [
							0,
							0,
							0
						],
						"0.3333": [
							-125.18803,
							3.1622,
							-6.80423
						],
						"0.5": [
							-162.68803,
							3.1622,
							-6.80423
						],
						"0.5833": [
							-167.68803,
							3.1622,
							-6.80423
						],
						"0.6667": [
							-21.5636,
							7.88653,
							4.82619
						],
						"0.75": [
							0.9364,
							7.88653,
							4.82619
						],
						"0.875": [
							20.9364,
							7.88653,
							4.82619
						],
						"1.0": [
							0,
							0,
							0
						]
					}
				},
				"rightItem": {
					"rotation": {
						"0.0": [
							0,
							0,
							0
						],
						"0.5": [
							-12.5,
							0,
							0
						],
						"0.6667": [
							30,
							0,
							0
						],
						"0.75": [
							45,
							0,
							0
						],
						"1.0": [
							0,
							0,
							0
						]
					}
				},
				"waist": {
					"rotation": {
						"0.0": [
							0,
							0,
							0
						],
						"0.3333": [
							-5,
							0,
							0
						],
						"0.5833": [
							-7.5,
							0,
							0
						],
						"0.6667": [
							17.5,
							0,
							0
						],
						"1.0": [
							0,
							0,
							0
						]
					}
				}
			}
		},
		"animation.soldier_horse.attack_spear": {
			"loop": "hold_on_last_frame",
			"animation_length": 1.125,
			"bones": {
				"rightarm": {
					"rotation": {
						"0.0": [
							0,
							0,
							0
						],
						"0.25": [
							14.88733,
							-1.29876,
							34.91615
						],
						"0.5": [
							41.5123,
							-10.07026,
							36.17505
						],
						"0.5833": [
							-40.9877,
							-10.07026,
							36.17505
						],
						"0.75": [
							-52.84625,
							-14.07316,
							33.11045
						],
						"0.9167": [
							-24.4364,
							-19.6006,
							21.38932
						],
						"1.125": [
							0,
							0,
							0
						]
					}
				},
				"rightItem": {
					"rotation": {
						"0.0": [
							0,
							0,
							0
						],
						"0.5": [
							-22.5,
							0,
							0
						],
						"0.5833": [
							57.5,
							0,
							0
						],
						"0.75": [
							32.5,
							0,
							0
						],
						"1.0": [
							0,
							0,
							0
						]
					}
				},
				"waist": {
					"rotation": {
						"0.0": [
							0,
							0,
							0
						],
						"0.5": [
							0,
							17.5,
							0
						],
						"0.5833": [
							10,
							-10,
							0
						],
						"0.75": [
							2.46436,
							-2.50702,
							0.32653
						],
						"1.0": [
							0,
							0,
							0
						]
					}
				}
			}
		},
		"animation.soldier_horse.dead": {
			"loop": true,
			"bones": {
				"waist": {
					"scale": 0
				},
				"body": {
					"scale": 0
				}
			}
		}
	}
}