{
	"format_version": "1.8.0",
	"animations": {
		"animation.tnt_balista.look_at_target": {
			"loop": true,
			"bones": {
				"balista": {
					"rotation": [
						0,
						"query.target_y_rotation",
						0
					]
				},
				"head": {
					"rotation": [
						"query.target_x_rotation",
						"query.target_y_rotation",
						0
					]
				}
			}
		},
		"animation.tnt_balista.keocung": {
			"loop": "hold_on_last_frame",
			"animation_length": 2,
			"bones": {
				"taycam": {
					"rotation": {
						"0.0": [
							0,
							0,
							0
						],
						"0.25": [
							-45,
							0,
							0
						],
						"0.2917": [
							-47.5,
							0,
							0
						],
						"0.3333": [
							-45,
							0,
							0
						]
					}
				},
				"daykeo": {
					"scale": {
						"0.5": [
							1,
							1,
							1
						],
						"2.0": [
							1,
							0.1,
							1
						]
					}
				},
				"cungphai": {
					"rotation": {
						"0.5": [
							0,
							0,
							0
						],
						"2.0": [
							0,
							0,
							-10
						]
					}
				},
				"canhcungphai": {
					"rotation": {
						"1.0": [
							0,
							0,
							0
						],
						"2.0": [
							0,
							0,
							-12.5
						]
					}
				},
				"cungtrai": {
					"rotation": {
						"0.5": [
							0,
							0,
							0
						],
						"2.0": [
							0,
							0,
							10
						]
					}
				},
				"canhcungtrai": {
					"rotation": {
						"1.0": [
							0,
							0,
							0
						],
						"2.0": [
							0,
							0,
							12.5
						]
					}
				},
				"khaykeo": {
					"position": {
						"0.5": [
							0,
							0,
							0
						],
						"2.0": [
							0,
							-31,
							0
						]
					}
				},
				"dayphai": {
					"rotation": {
						"0.5": [
							0,
							0,
							0
						],
						"1.0": [
							0,
							0,
							15
						],
						"1.5": [
							0,
							0,
							35
						],
						"2.0": [
							0,
							0,
							57.5
						]
					}
				},
				"daytrai": {
					"rotation": {
						"0.5": [
							0,
							0,
							0
						],
						"1.0": [
							0,
							0,
							-14.34
						],
						"1.5": [
							0,
							0,
							-35.56
						],
						"2.0": [
							0,
							0,
							-57.5
						]
					}
				},
				"body": {
					"rotation": {
						"0.0": [
							0,
							0,
							7.5
						],
						"0.25": [
							0,
							0,
							10
						],
						"0.4167": [
							0,
							0,
							0
						]
					}
				},
				"rightarm": {
					"rotation": {
						"0.0": [
							14.41549,
							4.60145,
							3.14823
						],
						"0.25": [
							14.42,
							4.6,
							3.15
						],
						"0.4167": [
							0,
							0,
							0
						]
					}
				},
				"leftarm": {
					"rotation": {
						"0.0": [
							-15.60126,
							-34.80132,
							12.63932
						],
						"0.25": [
							78.45734,
							-12.29568,
							-25.9513
						],
						"0.4167": [
							0,
							0,
							0
						]
					}
				}
			}
		}
	}
}