{
	"format_version": "1.8.0",
	"animations": {
		"animation.villager_handle.spear_attack": {
			"animation_length": 1,
			"bones": {
				"waist": {
					"rotation": {
						"0.0": [
							0,
							0,
							0
						],
						"0.5833": [
							0,
							45,
							0
						],
						"0.7083": [
							0,
							-42.5,
							0
						],
						"0.7917": [
							0,
							-40.36,
							0
						],
						"1.0": [
							0,
							0,
							0
						]
					},
					"position": {
						"0.0": [
							0,
							0,
							0
						],
						"0.5833": [
							0,
							0,
							2
						],
						"0.7083": [
							0,
							0,
							-3
						],
						"0.7917": [
							0,
							0,
							-2
						],
						"1.0": [
							0,
							0,
							0
						]
					}
				},
				"leftLeg": {
					"rotation": {
						"0.0": [
							0,
							0,
							0
						],
						"0.25": [
							0,
							"-20-this",
							0
						],
						"0.5833": [
							"-2.5-this",
							"-37.5-this",
							0
						],
						"0.6667": [
							"-1.985-this",
							"2.4722-this",
							"-1.6082-this"
						],
						"0.75": [
							"12.4692-this",
							"-16.1657-this",
							"-10.4646-this"
						],
						"1.0": [
							0,
							0,
							0
						]
					}
				},
				"rightLeg": {
					"rotation": {
						"0.0": [
							0,
							0,
							0
						],
						"0.25": [
							"10-this",
							"-15-this",
							"5-this"
						],
						"0.5833": [
							"6.6529-this",
							"-33.3822-this",
							"10.2753-this"
						],
						"0.75": [
							"-4.8916-this",
							"3.9659-this",
							"6.7112-this"
						],
						"1.0": [
							0,
							0,
							0
						]
					}
				},
				"rightarm": {
					"rotation": {
						"0.0": [
							0,
							0,
							0
						],
						"0.25": [
							"22.5-this",
							0,
							"17.5-this"
						],
						"0.5": [
							"28.8249-this",
							"-15.6999-this",
							"60.2342-this"
						],
						"0.625": [
							"35.271-this",
							"5.6088-this",
							"79.2372-this"
						],
						"0.75": [
							"-42.3249-this",
							"-29.2922-this",
							"77.0187-this"
						],
						"1.0": [
							0,
							0,
							0
						]
					}
				},
				"rightItem": {
					"rotation": {
						"0.0": [
							0,
							0,
							0
						],
						"0.25": [
							-15,
							0,
							0
						],
						"0.5833": [
							-32.5,
							0,
							0
						],
						"0.75": [
							72.5,
							0,
							0
						],
						"1.0": [
							0,
							0,
							0
						]
					},
					"position": {
						"0.0": [
							0,
							0,
							0
						],
						"0.25": [
							0,
							-2,
							0
						],
						"0.75": [
							0,
							-2,
							0
						],
						"1.0": [
							0,
							0,
							0
						]
					}
				},
				"leftarm": {
					"rotation": {
						"0.0": [
							0,
							0,
							0
						],
						"0.5": [
							"-36.1971-this",
							"-10.5479-this",
							"-14.044-this"
						],
						"0.5833": [
							"-43.6971-this",
							"-10.5479-this",
							"-14.044-this"
						],
						"0.75": [
							"39.1373-this",
							"-8.9755-this",
							"-16.0162-this"
						],
						"0.7917": [
							"47.3071-this",
							"-4.2036-this",
							"-21.8425-this"
						],
						"1.0": [
							0,
							0,
							0
						]
					}
				}
			}
		},
		"animation.villager_handle.sitdown": {
			"loop": true,
			"bones": {
				"waist": {
					"position": [
						0,
						-10,
						0
					]
				},
				"leftLeg": {
					"rotation": [
						"-90-this",
						"-10-this",
						0
					]
				},
				"rightLeg": {
					"rotation": [
						"-90-this",
						"10-this",
						0
					]
				},
				"rightarm": {
					"rotation": [
						"-49.0365-this",
						"-11.8491-this",
						-9.26433
					]
				},
				"leftarm": {
					"rotation": [
						"-36.8383-this",
						"7.5713-this",
						9.97528
					]
				}
			}
		}
	}
}