{
	"file_path": "C:\\Users\\TJ\\AppData\\Local\\Packages\\Microsoft.MinecraftUWP_8wekyb3d8bbwe\\LocalState\\games\\com.mojang\\development_resource_packs\\Mobs RP\\entity\\husk_villager.entity.json",
	"file_type": "client_entity",
	"format_version": 1,
	"file_uuid": "f944987b_b9d2_4871_833d_f18cb7880a52",
	"file_version": 8,
	"cache_content": {
		"children": [
			{
				"data": "1.10.0",
				"key": "format_version"
			},
			{
				"open": {
					"format_version": "1.10.0",
					"minecraft:client_entity": {
						"description": {
							"identifier": "mobs:husk_villager",
							"materials": {
								"default": "drowned"
							},
							"textures": {
								"default": "textures/entity/creatures/husk_villager"
							},
							"geometry": {
								"default": "geometry.zombie.villager_v2"
							},
							"scripts": {
								"pre_animation": [
									"variable.tcos0 = (Math.cos(query.modified_distance_moved * 38.17) * query.modified_move_speed / variable.gliding_speed_value) * 57.3;"
								],
								"animate": [
									{
										"humanoid_big_head": "query.is_baby"
									},
									"humanoid_base_pose",
									"look_at_target",
									"move",
									{
										"riding.arms": "query.is_riding"
									},
									{
										"riding.legs": "query.is_riding"
									},
									"holding",
									{
										"charging": "query.is_charging"
									},
									"attack_controller",
									{
										"brandish_spear": "variable.is_brandishing_spear"
									},
									"bob",
									{
										"damage_nearby_mobs": "variable.damage_nearby_mobs"
									},
									{
										"use_item_progress": "( variable.use_item_interval_progress > 0.0 ) || ( variable.use_item_startup_progress > 0.0 )"
									},
									{
										"swimming": "variable.swim_amount > 0.0"
									}
								]
							},
							"animations": {
								"humanoid_big_head": "animation.humanoid.big_head.v1.0",
								"humanoid_base_pose": "animation.humanoid.base_pose.v1.0",
								"look_at_target": "controller.animation.humanoid.look_at_target",
								"look_at_target_default": "animation.humanoid.look_at_target.default.v1.0",
								"look_at_target_gliding": "animation.humanoid.look_at_target.gliding.v1.0",
								"look_at_target_swimming": "animation.humanoid.look_at_target.swimming.v1.0",
								"move": "animation.humanoid.move.v1.0",
								"riding.arms": "animation.humanoid.riding.arms.v1.0",
								"riding.legs": "animation.humanoid.riding.legs.v1.0",
								"holding": "animation.humanoid.holding.v1.0",
								"brandish_spear": "animation.humanoid.brandish_spear.v1.0",
								"charging": "animation.humanoid.charging.v1.0",
								"bob": "animation.humanoid.bob.v1.0",
								"damage_nearby_mobs": "animation.humanoid.damage_nearby_mobs.v1.0",
								"use_item_progress": "animation.humanoid.use_item_progress.v1.0",
								"attack_controller": "controller.animation.drowned.attack.rotations",
								"zombie_attack_bare_hand": "animation.zombie.attack_bare_hand",
								"attack_rotations": "animation.drowned.attack.rotations.v1.0",
								"swimming": "animation.drowned.swimming.v1.0"
							},
							"render_controllers": [
								"controller.render.drowned_villager"
							],
							"enable_attachables": true,
							"spawn_egg": {
								"texture": "spawn_egg",
								"texture_index": 48
							}
						}
					}
				},
				"key": "minecraft:client_entity",
				"children": [
					{
						"open": {
							"description": {
								"identifier": "mobs:husk_villager",
								"materials": {
									"default": "drowned"
								},
								"textures": {
									"default": "textures/entity/creatures/husk_villager"
								},
								"geometry": {
									"default": "geometry.zombie.villager_v2"
								},
								"scripts": {
									"pre_animation": [
										"variable.tcos0 = (Math.cos(query.modified_distance_moved * 38.17) * query.modified_move_speed / variable.gliding_speed_value) * 57.3;"
									],
									"animate": [
										{
											"humanoid_big_head": "query.is_baby"
										},
										"humanoid_base_pose",
										"look_at_target",
										"move",
										{
											"riding.arms": "query.is_riding"
										},
										{
											"riding.legs": "query.is_riding"
										},
										"holding",
										{
											"charging": "query.is_charging"
										},
										"attack_controller",
										{
											"brandish_spear": "variable.is_brandishing_spear"
										},
										"bob",
										{
											"damage_nearby_mobs": "variable.damage_nearby_mobs"
										},
										{
											"use_item_progress": "( variable.use_item_interval_progress > 0.0 ) || ( variable.use_item_startup_progress > 0.0 )"
										},
										{
											"swimming": "variable.swim_amount > 0.0"
										}
									]
								},
								"animations": {
									"humanoid_big_head": "animation.humanoid.big_head.v1.0",
									"humanoid_base_pose": "animation.humanoid.base_pose.v1.0",
									"look_at_target": "controller.animation.humanoid.look_at_target",
									"look_at_target_default": "animation.humanoid.look_at_target.default.v1.0",
									"look_at_target_gliding": "animation.humanoid.look_at_target.gliding.v1.0",
									"look_at_target_swimming": "animation.humanoid.look_at_target.swimming.v1.0",
									"move": "animation.humanoid.move.v1.0",
									"riding.arms": "animation.humanoid.riding.arms.v1.0",
									"riding.legs": "animation.humanoid.riding.legs.v1.0",
									"holding": "animation.humanoid.holding.v1.0",
									"brandish_spear": "animation.humanoid.brandish_spear.v1.0",
									"charging": "animation.humanoid.charging.v1.0",
									"bob": "animation.humanoid.bob.v1.0",
									"damage_nearby_mobs": "animation.humanoid.damage_nearby_mobs.v1.0",
									"use_item_progress": "animation.humanoid.use_item_progress.v1.0",
									"attack_controller": "controller.animation.drowned.attack.rotations",
									"zombie_attack_bare_hand": "animation.zombie.attack_bare_hand",
									"attack_rotations": "animation.drowned.attack.rotations.v1.0",
									"swimming": "animation.drowned.swimming.v1.0"
								},
								"render_controllers": [
									"controller.render.drowned_villager"
								],
								"enable_attachables": true,
								"spawn_egg": {
									"texture": "spawn_egg",
									"texture_index": 48
								}
							}
						},
						"key": "description",
						"children": [
							{
								"open": {
									"identifier": "mobs:husk_villager",
									"materials": {
										"default": "drowned"
									},
									"textures": {
										"default": "textures/entity/creatures/husk_villager"
									},
									"geometry": {
										"default": "geometry.zombie.villager_v2"
									},
									"scripts": {
										"pre_animation": [
											"variable.tcos0 = (Math.cos(query.modified_distance_moved * 38.17) * query.modified_move_speed / variable.gliding_speed_value) * 57.3;"
										],
										"animate": [
											{
												"humanoid_big_head": "query.is_baby"
											},
											"humanoid_base_pose",
											"look_at_target",
											"move",
											{
												"riding.arms": "query.is_riding"
											},
											{
												"riding.legs": "query.is_riding"
											},
											"holding",
											{
												"charging": "query.is_charging"
											},
											"attack_controller",
											{
												"brandish_spear": "variable.is_brandishing_spear"
											},
											"bob",
											{
												"damage_nearby_mobs": "variable.damage_nearby_mobs"
											},
											{
												"use_item_progress": "( variable.use_item_interval_progress > 0.0 ) || ( variable.use_item_startup_progress > 0.0 )"
											},
											{
												"swimming": "variable.swim_amount > 0.0"
											}
										]
									},
									"animations": {
										"humanoid_big_head": "animation.humanoid.big_head.v1.0",
										"humanoid_base_pose": "animation.humanoid.base_pose.v1.0",
										"look_at_target": "controller.animation.humanoid.look_at_target",
										"look_at_target_default": "animation.humanoid.look_at_target.default.v1.0",
										"look_at_target_gliding": "animation.humanoid.look_at_target.gliding.v1.0",
										"look_at_target_swimming": "animation.humanoid.look_at_target.swimming.v1.0",
										"move": "animation.humanoid.move.v1.0",
										"riding.arms": "animation.humanoid.riding.arms.v1.0",
										"riding.legs": "animation.humanoid.riding.legs.v1.0",
										"holding": "animation.humanoid.holding.v1.0",
										"brandish_spear": "animation.humanoid.brandish_spear.v1.0",
										"charging": "animation.humanoid.charging.v1.0",
										"bob": "animation.humanoid.bob.v1.0",
										"damage_nearby_mobs": "animation.humanoid.damage_nearby_mobs.v1.0",
										"use_item_progress": "animation.humanoid.use_item_progress.v1.0",
										"attack_controller": "controller.animation.drowned.attack.rotations",
										"zombie_attack_bare_hand": "animation.zombie.attack_bare_hand",
										"attack_rotations": "animation.drowned.attack.rotations.v1.0",
										"swimming": "animation.drowned.swimming.v1.0"
									},
									"render_controllers": [
										"controller.render.drowned_villager"
									],
									"enable_attachables": true,
									"spawn_egg": {
										"texture": "spawn_egg",
										"texture_index": 48
									}
								},
								"data": "mobs:husk_villager",
								"key": "identifier"
							},
							{
								"key": "materials",
								"is_minified": true,
								"children": {
									"default": "drowned"
								}
							},
							{
								"open": {
									"identifier": "mobs:husk_villager",
									"materials": {
										"default": "drowned"
									},
									"textures": {
										"default": "textures/entity/creatures/husk_villager"
									},
									"geometry": {
										"default": "geometry.zombie.villager_v2"
									},
									"scripts": {
										"pre_animation": [
											"variable.tcos0 = (Math.cos(query.modified_distance_moved * 38.17) * query.modified_move_speed / variable.gliding_speed_value) * 57.3;"
										],
										"animate": [
											{
												"humanoid_big_head": "query.is_baby"
											},
											"humanoid_base_pose",
											"look_at_target",
											"move",
											{
												"riding.arms": "query.is_riding"
											},
											{
												"riding.legs": "query.is_riding"
											},
											"holding",
											{
												"charging": "query.is_charging"
											},
											"attack_controller",
											{
												"brandish_spear": "variable.is_brandishing_spear"
											},
											"bob",
											{
												"damage_nearby_mobs": "variable.damage_nearby_mobs"
											},
											{
												"use_item_progress": "( variable.use_item_interval_progress > 0.0 ) || ( variable.use_item_startup_progress > 0.0 )"
											},
											{
												"swimming": "variable.swim_amount > 0.0"
											}
										]
									},
									"animations": {
										"humanoid_big_head": "animation.humanoid.big_head.v1.0",
										"humanoid_base_pose": "animation.humanoid.base_pose.v1.0",
										"look_at_target": "controller.animation.humanoid.look_at_target",
										"look_at_target_default": "animation.humanoid.look_at_target.default.v1.0",
										"look_at_target_gliding": "animation.humanoid.look_at_target.gliding.v1.0",
										"look_at_target_swimming": "animation.humanoid.look_at_target.swimming.v1.0",
										"move": "animation.humanoid.move.v1.0",
										"riding.arms": "animation.humanoid.riding.arms.v1.0",
										"riding.legs": "animation.humanoid.riding.legs.v1.0",
										"holding": "animation.humanoid.holding.v1.0",
										"brandish_spear": "animation.humanoid.brandish_spear.v1.0",
										"charging": "animation.humanoid.charging.v1.0",
										"bob": "animation.humanoid.bob.v1.0",
										"damage_nearby_mobs": "animation.humanoid.damage_nearby_mobs.v1.0",
										"use_item_progress": "animation.humanoid.use_item_progress.v1.0",
										"attack_controller": "controller.animation.drowned.attack.rotations",
										"zombie_attack_bare_hand": "animation.zombie.attack_bare_hand",
										"attack_rotations": "animation.drowned.attack.rotations.v1.0",
										"swimming": "animation.drowned.swimming.v1.0"
									},
									"render_controllers": [
										"controller.render.drowned_villager"
									],
									"enable_attachables": true,
									"spawn_egg": {
										"texture": "spawn_egg",
										"texture_index": 48
									}
								},
								"key": "textures",
								"is_minified": true,
								"children": {
									"default": "textures/entity/creatures/husk_villager"
								}
							},
							{
								"key": "geometry",
								"is_minified": true,
								"children": {
									"default": "geometry.zombie.villager_v2"
								}
							},
							{
								"key": "scripts",
								"is_minified": true,
								"children": {
									"pre_animation": [
										"variable.tcos0 = (Math.cos(query.modified_distance_moved * 38.17) * query.modified_move_speed / variable.gliding_speed_value) * 57.3;"
									],
									"animate": [
										{
											"humanoid_big_head": "query.is_baby"
										},
										"humanoid_base_pose",
										"look_at_target",
										"move",
										{
											"riding.arms": "query.is_riding"
										},
										{
											"riding.legs": "query.is_riding"
										},
										"holding",
										{
											"charging": "query.is_charging"
										},
										"attack_controller",
										{
											"brandish_spear": "variable.is_brandishing_spear"
										},
										"bob",
										{
											"damage_nearby_mobs": "variable.damage_nearby_mobs"
										},
										{
											"use_item_progress": "( variable.use_item_interval_progress > 0.0 ) || ( variable.use_item_startup_progress > 0.0 )"
										},
										{
											"swimming": "variable.swim_amount > 0.0"
										}
									]
								}
							},
							{
								"key": "animations",
								"is_minified": true,
								"children": {
									"humanoid_big_head": "animation.humanoid.big_head.v1.0",
									"humanoid_base_pose": "animation.humanoid.base_pose.v1.0",
									"look_at_target": "controller.animation.humanoid.look_at_target",
									"look_at_target_default": "animation.humanoid.look_at_target.default.v1.0",
									"look_at_target_gliding": "animation.humanoid.look_at_target.gliding.v1.0",
									"look_at_target_swimming": "animation.humanoid.look_at_target.swimming.v1.0",
									"move": "animation.humanoid.move.v1.0",
									"riding.arms": "animation.humanoid.riding.arms.v1.0",
									"riding.legs": "animation.humanoid.riding.legs.v1.0",
									"holding": "animation.humanoid.holding.v1.0",
									"brandish_spear": "animation.humanoid.brandish_spear.v1.0",
									"charging": "animation.humanoid.charging.v1.0",
									"bob": "animation.humanoid.bob.v1.0",
									"damage_nearby_mobs": "animation.humanoid.damage_nearby_mobs.v1.0",
									"use_item_progress": "animation.humanoid.use_item_progress.v1.0",
									"attack_controller": "controller.animation.drowned.attack.rotations",
									"zombie_attack_bare_hand": "animation.zombie.attack_bare_hand",
									"attack_rotations": "animation.drowned.attack.rotations.v1.0",
									"swimming": "animation.drowned.swimming.v1.0"
								}
							},
							{
								"key": "render_controllers",
								"is_minified": true,
								"children": [
									"controller.render.drowned_villager"
								]
							},
							{
								"data": "true",
								"key": "enable_attachables"
							},
							{
								"key": "spawn_egg",
								"is_minified": true,
								"children": {
									"texture": "spawn_egg",
									"texture_index": 48
								}
							}
						]
					}
				]
			}
		]
	}
}