{
	"file_path": "C:\\Users\\TJ\\AppData\\Local\\Packages\\Microsoft.MinecraftUWP_8wekyb3d8bbwe\\LocalState\\games\\com.mojang\\development_resource_packs\\Mobs RP/entity/spider.entity.json",
	"file_type": "client_entity",
	"format_version": 1,
	"file_uuid": "b0cf2fcf_2cd6_480e_a1b9_de138de26c09",
	"file_version": 0,
	"cache_content": {
		"children": [
			{
				"data": "1.8.0",
				"key": "format_version"
			},
			{
				"open": {
					"format_version": "1.8.0",
					"minecraft:client_entity": {
						"description": {
							"identifier": "minecraft:spider",
							"materials": {
								"default": "spider",
								"invisible": "spider_invisible"
							},
							"textures": {
								"default": "textures/entity/spider/spider"
							},
							"geometry": {
								"default": "geometry.spider.v1.8"
							},
							"animations": {
								"default_leg_pose": "animation.spider.default_leg_pose",
								"look_at_target": "animation.spider.look_at_target",
								"walk": "animation.spider.walk"
							},
							"animation_controllers": [
								{
									"move": "controller.animation.spider.move"
								}
							],
							"render_controllers": [
								"controller.render.spider"
							],
							"spawn_egg": {
								"texture": "spawn_egg",
								"texture_index": 11
							}
						}
					}
				},
				"key": "minecraft:client_entity",
				"children": [
					{
						"open": {
							"description": {
								"identifier": "minecraft:spider",
								"materials": {
									"default": "spider",
									"invisible": "spider_invisible"
								},
								"textures": {
									"default": "textures/entity/spider/spider"
								},
								"geometry": {
									"default": "geometry.spider.v1.8"
								},
								"animations": {
									"default_leg_pose": "animation.spider.default_leg_pose",
									"look_at_target": "animation.spider.look_at_target",
									"walk": "animation.spider.walk"
								},
								"animation_controllers": [
									{
										"move": "controller.animation.spider.move"
									}
								],
								"render_controllers": [
									"controller.render.spider"
								],
								"spawn_egg": {
									"texture": "spawn_egg",
									"texture_index": 11
								}
							}
						},
						"key": "description",
						"children": [
							{
								"data": "minecraft:spider",
								"key": "identifier"
							},
							{
								"key": "materials",
								"is_minified": true,
								"children": {
									"default": "spider",
									"invisible": "spider_invisible"
								}
							},
							{
								"key": "textures",
								"is_minified": true,
								"children": {
									"default": "textures/entity/spider/spider"
								}
							},
							{
								"open": {
									"identifier": "minecraft:spider",
									"materials": {
										"default": "spider",
										"invisible": "spider_invisible"
									},
									"textures": {
										"default": "textures/entity/spider/spider"
									},
									"geometry": {
										"default": "geometry.spider.v1.8"
									},
									"animations": {
										"default_leg_pose": "animation.spider.default_leg_pose",
										"look_at_target": "animation.spider.look_at_target",
										"walk": "animation.spider.walk"
									},
									"animation_controllers": [
										{
											"move": "controller.animation.spider.move"
										}
									],
									"render_controllers": [
										"controller.render.spider"
									],
									"spawn_egg": {
										"texture": "spawn_egg",
										"texture_index": 11
									}
								},
								"key": "geometry",
								"is_minified": true,
								"children": {
									"default": "geometry.spider.v1.8"
								}
							},
							{
								"key": "animations",
								"is_minified": true,
								"children": {
									"default_leg_pose": "animation.spider.default_leg_pose",
									"look_at_target": "animation.spider.look_at_target",
									"walk": "animation.spider.walk"
								}
							},
							{
								"key": "animation_controllers",
								"is_minified": true,
								"children": [
									{
										"move": "controller.animation.spider.move"
									}
								]
							},
							{
								"key": "render_controllers",
								"is_minified": true,
								"children": [
									"controller.render.spider"
								]
							},
							{
								"key": "spawn_egg",
								"is_minified": true,
								"children": {
									"texture": "spawn_egg",
									"texture_index": 11
								}
							}
						]
					}
				]
			}
		]
	}
}