{
	"format_version": "1.8.0",
	"animations": {
		"animation.bubble.bob": {
			"loop": true,
			"animation_length": 3,
			"bones": {
				"All": {
					"rotation": {
						"0.0": [-3.57, 0, 0],
						"0.25": [-5, 0, 0],
						"1.25": [5, 0, 0],
						"3.0": [-3.57, 0, 0]
					},
					"position": {
						"0.0": [0, 32, 0],
						"1.5": [0, 28, 0],
						"3.0": [0, 32, 0]
					}
				}
			}
		},
		"animation.bubble.look_at_target": {
			"loop": "hold_on_last_frame",
			"animation_length": 5.25,
			"bones": {
				"All": {
					"rotation": {
						"0.0": [0, 0, 0],
						"0.75": [0, 0, 0],
						"1.0": [0, 0, 7.5],
						"1.1667": [0, 0, 10],
						"1.3333": [0, 0, 2.5],
						"2.0": [-12.63841, 14.9007, -1.7228],
						"2.25": [32.12445, 14.9007, -1.7228],
						"2.5": [37.63873, 14.9007, -1.7228],
						"2.75": [13.41016, 14.9007, -1.7228],
						"3.0": [0, 0, 0],
						"3.1667": [0, 0, 17.5],
						"3.3333": [0, 0, 20],
						"3.5": [0, 0, 0]
					},
					"position": {
						"0.0": [0, 0, 0],
						"0.75": [0, 0, 0],
						"1.0": [-1, -5, 0],
						"1.1667": [-2, -7, 0],
						"1.3333": [2, 5, 0],
						"1.5": [3, 7, 0],
						"1.7083": [3, 5, 0],
						"2.0": [5, 5, 0],
						"3.0": [0, 0, 0],
						"3.5": [0, 0, 0]
					},
					"scale": {
						"0.0": [1, 1, 1],
						"0.75": [1, 1, 1],
						"1.0": [1, 0.8, 1],
						"1.1667": [1, 0.7, 1],
						"1.3333": [1, 1.2, 1],
						"1.5": [1, 0.9, 1],
						"1.625": [1, 1, 1]
					}
				},
				"Gigi": {
					"rotation": {
						"0.0": [0, 0, 0],
						"0.75": [0, 0, 0],
						"0.875": [-2.5, 0, 0],
						"1.0": [0, 0, 0],
						"1.125": [-2.5, 0, 0],
						"1.25": [0, 0, 0],
						"1.375": [-2.5, 0, 0],
						"1.5": [0, 0, 0],
						"1.6667": [0, 0, 0],
						"1.75": [-2.5, 0, 0],
						"1.8333": [0, 0, 0],
						"2.0": [-2.5, 0, 0],
						"2.125": [0, 0, 0],
						"2.25": [-2.5, 0, 0],
						"2.3333": [0, 0, 0],
						"2.4167": [0, 0, 0],
						"2.5": [-2.5, 0, 0],
						"2.5833": [2.5, 0, 0],
						"2.7083": [0, 0, 0],
						"2.7917": [2.5, 0, 0],
						"2.9167": [0, 0, 0],
						"3.0417": [2.5, 0, 0],
						"3.1667": [0, 0, 0],
						"3.2917": [2.5, 0, 0],
						"3.4167": [0, 0, 0],
						"3.5417": [2.5, 0, 0],
						"3.9167": [0, 0, 0]
					}
				},
				"Gigi2": {
					"rotation": {
						"0.0": [0, 0, 0],
						"0.75": [0, 0, 0],
						"0.875": [5, 0, 0],
						"1.0": [-2.5, 0, 0],
						"1.125": [5, 0, 0],
						"1.25": [0, 0, 0],
						"1.375": [5, 0, 0],
						"1.5": [0, 0, 0],
						"1.6667": [0, 0, 0],
						"1.75": [5, 0, 0],
						"1.8333": [0, 0, 0],
						"2.0": [5, 0, 0],
						"2.125": [0, 0, 0],
						"2.25": [5, 0, 0],
						"2.3333": [0.99331, -0.55851, -2.91962],
						"2.4167": [0.99331, -0.55851, -2.91962],
						"2.5": [5.99, -0.56, -2.92],
						"2.5833": [3.49, -0.56, -2.92],
						"2.7083": [10.99, -0.56, -2.92],
						"2.7917": [3.49, -0.56, -2.92],
						"2.9167": [10.99, -0.56, -2.92],
						"3.0417": [3.49, -0.56, -2.92],
						"3.1667": [10.99, -0.56, -2.92],
						"3.2917": [3.49, -0.56, -2.92],
						"3.4167": [10.99, -0.56, -2.92],
						"3.5417": [3.49, -0.56, -2.92],
						"3.6667": [10.99, -0.56, -2.92],
						"3.9167": [5.99, -0.56, -2.92],
						"4.875": [5.99, -0.56, -2.92],
						"5.0": [0.99, -0.56, -2.92]
					}
				},
				"Topi": {
					"position": {
						"0.0": [0, 0, 0],
						"1.25": [0, 0, 0],
						"1.4167": [0, 5, 0],
						"1.5833": [0, 9, 0],
						"1.75": [0, 1, 0]
					},
					"scale": {
						"0.0": [1, 1, 1],
						"0.75": [1, 1, 1],
						"1.0": [1, 0.7, 1],
						"1.25": [1, 0.7, 1],
						"1.4167": [1, 1.3, 1],
						"1.75": [1, 1, 1],
						"5.2083": [1, 1, 1],
						"5.25": [0, 0, -0.1]
					}
				},
				"spatula": {
					"rotation": {
						"0.0": [0, 0, 0],
						"0.75": [0, 0, 0],
						"1.0": [0, 0, 7.5],
						"1.1667": [0, 0, 12.5],
						"2.25": [0, 0, 0]
					},
					"position": {
						"0.0": [0, 25, 0],
						"0.75": [0, 25, 0],
						"1.0": [-2, 13, 0],
						"1.1667": [-4, 10, 0],
						"1.3333": [9, 60, 0],
						"1.5": [12, 64, 0],
						"1.75": [9, 57, 0],
						"2.25": [0, 25, 0]
					},
					"scale": {
						"0.0": [1, 1, 1],
						"5.2083": [1, 1, 1],
						"5.25": [0, 0, 0.2]
					}
				},
				"spatula2": {
					"rotation": {
						"0.0": [0, 0, 0],
						"1.75": [0, -67.5, 0],
						"2.0": [-39.54682, -60.24584, 43.56431],
						"2.1667": [39.70362, -7.89189, -83.99159],
						"2.4167": [39.6476, 8.22023, -103.17059],
						"2.75": [0, -67.5, 0]
					},
					"position": {
						"0.0": [0, 28, 0],
						"1.75": [0, 28, 0],
						"2.0": [0, 46, 0],
						"2.0833": [0, 27, -16.5],
						"2.1667": [0, 6, -15],
						"2.4167": [0, 13, -11],
						"2.75": [0, 28, 0]
					},
					"scale": {
						"0.0": [1, 1, 1],
						"5.2083": [1, 1, 1],
						"5.25": [-0.2, 0, 0.1]
					}
				},
				"bone2": {
					"scale": {
						"0.0": [1, 1, 1],
						"3.25": [1, 1, 1],
						"3.75": [1.5, 1.5, 1],
						"4.9167": [1.5, 1.5, 1],
						"5.25": [1, 1, 1]
					}
				},
				"bone": {
					"scale": {
						"0.0": [1, 1, 1],
						"3.25": [1, 1, 1],
						"3.75": [1.5, 1.5, 1],
						"4.9167": [1.5, 1.5, 1],
						"5.25": [1, 1, 1]
					}
				}
			},
			"sound_effects": {
				"0.0417": {
					"effect": "koki"
				}
			}
		}
	}
}