{
	"format_version": "1.8.0",
	"animations": {
		"animation.gangle.bob": {
			"loop": true,
			"animation_length": 15.5,
			"bones": {
				"Head": {
					"rotation": [-29.99223, 0.17808, -0.088]
				},
				"Shoulder": {
					"rotation": {
						"0.0": [30, 0, 0],
						"1.5": [25, 0, 0],
						"3.0": [30, 0, 0],
						"4.5": [25, 0, 0],
						"6.0": [30, 0, 0],
						"7.5": [25, 0, 0],
						"9.0": [30, 0, 0],
						"10.5": [25, 0, 0],
						"12.0": [30, 0, 0],
						"13.5": [25, 0, 0],
						"15.0": [30, 0, 0]
					}
				},
				"Legkanan4": {
					"rotation": {
						"0.0": [27.5, 0, 0],
						"3.0": [27.5, 0, 0],
						"6.0": [27.5, 0, 0],
						"9.0": [27.5, 0, 0],
						"12.0": [27.5, 0, 0]
					},
					"scale": {
						"0.0": [1, 0.6, 1],
						"3.0": [1, 0.6, 1],
						"6.0": [1, 0.6, 1],
						"9.0": [1, 0.6, 1],
						"12.0": [1, 0.6, 1]
					}
				},
				"Legkanan3": {
					"rotation": {
						"0.0": [15, 0, 0],
						"3.0": [15, 0, 0],
						"6.0": [15, 0, 0],
						"9.0": [15, 0, 0],
						"12.0": [15, 0, 0]
					}
				},
				"Legkanan2": {
					"rotation": {
						"0.0": [20, 0, 0],
						"3.0": [20, 0, 0],
						"6.0": [20, 0, 0],
						"9.0": [20, 0, 0],
						"12.0": [20, 0, 0]
					}
				},
				"Legkanan": {
					"rotation": {
						"0.0": [-27.40612, -1.76107, -9.69474],
						"3.0": [-27.40612, -1.76107, -9.69474],
						"6.0": [-27.40612, -1.76107, -9.69474],
						"9.0": [-27.40612, -1.76107, -9.69474],
						"12.0": [-27.40612, -1.76107, -9.69474]
					}
				},
				"Mata3": {
					"rotation": [0, 0, -2.5]
				},
				"Mata4": {
					"rotation": [0, 0, 2.5]
				},
				"Armkanan3": {
					"rotation": {
						"0.0": [-1.90415, 24.83901, 9.34881],
						"3.0": [-1.90415, 24.83901, 9.34881],
						"6.0": [-1.90415, 24.83901, 9.34881],
						"9.0": [-1.90415, 24.83901, 9.34881],
						"12.0": [-1.90415, 24.83901, 9.34881]
					}
				},
				"Armkanan2": {
					"rotation": {
						"0.0": [0, 27.5, 0],
						"3.0": [0, 27.5, 0],
						"6.0": [0, 27.5, 0],
						"9.0": [0, 27.5, 0],
						"12.0": [0, 27.5, 0]
					}
				},
				"Armkanan": {
					"rotation": {
						"0.0": [0, 0, 72.5],
						"3.0": [0, 0, 72.5],
						"6.0": [0, 0, 72.5],
						"9.0": [0, 0, 72.5],
						"12.0": [0, 0, 72.5]
					}
				},
				"Pecah": {
					"rotation": [-30, 0, 0],
					"position": {
						"0.0": [0, 0.86603, 0.5],
						"3.0": [0, 0.86603, 0.5],
						"6.0": [0, 0.86603, 0.5],
						"9.0": [0, 0.86603, 0.5],
						"12.0": [0, 0.86603, 0.5]
					}
				},
				"Armkanan4": {
					"rotation": {
						"0.0": [0, 20, 0],
						"3.0": [0, 20, 0],
						"6.0": [0, 20, 0],
						"9.0": [0, 20, 0],
						"12.0": [0, 20, 0]
					}
				},
				"Legkiri": {
					"rotation": {
						"0.0": [-28.11909, 1.00187, 9.92517],
						"3.0": [-28.11909, 1.00187, 9.92517],
						"6.0": [-28.11909, 1.00187, 9.92517],
						"9.0": [-28.11909, 1.00187, 9.92517],
						"12.0": [-28.11909, 1.00187, 9.92517]
					}
				},
				"Legkanan6": {
					"rotation": {
						"0.0": [17.5, 0, 0],
						"3.0": [17.5, 0, 0],
						"6.0": [17.5, 0, 0],
						"9.0": [17.5, 0, 0],
						"12.0": [17.5, 0, 0]
					}
				},
				"Legkanan7": {
					"rotation": {
						"0.0": [20, 0, 0],
						"3.0": [20, 0, 0],
						"6.0": [20, 0, 0],
						"9.0": [20, 0, 0],
						"12.0": [20, 0, 0]
					}
				},
				"Legkanan8": {
					"rotation": {
						"0.0": [22.5, 0, 0],
						"3.0": [22.5, 0, 0],
						"6.0": [22.5, 0, 0],
						"9.0": [22.5, 0, 0],
						"12.0": [22.5, 0, 0]
					},
					"scale": {
						"0.0": [1, 0.6, 1],
						"3.0": [1, 0.6, 1],
						"6.0": [1, 0.6, 1],
						"9.0": [1, 0.6, 1],
						"12.0": [1, 0.6, 1]
					}
				},
				"Armkiri": {
					"rotation": {
						"0.0": [0, 0, -75],
						"3.0": [0, 0, -75],
						"6.0": [0, 0, -75],
						"9.0": [0, 0, -75],
						"12.0": [0, 0, -75]
					}
				},
				"Armkanan6": {
					"rotation": {
						"0.0": [0, -27.5, 0],
						"3.0": [0, -27.5, 0],
						"6.0": [0, -27.5, 0],
						"9.0": [0, -27.5, 0],
						"12.0": [0, -27.5, 0]
					}
				},
				"Armkanan7": {
					"rotation": {
						"0.0": [-1.83703, -19.84167, -9.52521],
						"3.0": [-1.83703, -19.84167, -9.52521],
						"6.0": [-1.83703, -19.84167, -9.52521],
						"9.0": [-1.83703, -19.84167, -9.52521],
						"12.0": [-1.83703, -19.84167, -9.52521]
					}
				},
				"Armkanan8": {
					"rotation": {
						"0.0": [0, -20, 0],
						"3.0": [0, -20, 0],
						"6.0": [0, -20, 0],
						"9.0": [0, -20, 0],
						"12.0": [0, -20, 0]
					}
				},
				"Mulut2": {
					"position": {
						"0.0": [0, -1, 0],
						"8.5": [0, -1, 0],
						"9.0": [0.99999, -0.99978, 0.00346],
						"12.3": [1, -1, 0],
						"12.9": [0.00001, -1.00022, -0.00346]
					},
					"scale": [0.8, 0.7, 1]
				},
				"Mata": {
					"scale": {
						"0.0": [1, 1, 1],
						"5.4": [1, 1, 1],
						"5.5": [1, 0.1, 1],
						"5.8": [1, 1, 1],
						"5.9": [1, 0.2, 1],
						"6.2": [1, 1, 1]
					}
				},
				"Air": {
					"position": {
						"0.0": [-0.00022, 1, 0.00014],
						"4.5": [0.00008, 0.99621, -0.08702],
						"5.1": [-0.00004, -0.99715, 0.07542],
						"5.4": [0.00402, -39.97643, 1.43571],
						"9.5": [-0.00022, 1, 0.00014],
						"14.0": [0.00008, 0.99621, -0.08702],
						"14.6": [-0.00004, -0.99715, 0.07542],
						"14.9": [0.00402, -39.97643, 1.43571]
					},
					"scale": {
						"0.0": [1, 0, 1],
						"5.3": [1, 1, 1],
						"5.4": [1, 0, 1],
						"9.5": [1, 0, 1],
						"14.8": [1, 1, 1],
						"14.9": [1, 0, 1]
					}
				},
				"Mata2": {
					"scale": {
						"0.0": [1, 1, 1],
						"5.4": [1, 1, 1],
						"5.5": [1, 0.1, 1],
						"5.8": [1, 1, 1],
						"5.9": [1, 0.2, 1],
						"6.2": [1, 1, 1]
					}
				},
				"Air2": {
					"position": {
						"0.0": [-0.00004, 0.99864, -0.0522],
						"5.1": [-0.00004, 0.99864, -0.0522],
						"5.7": [0.00033, -0.9997, -0.01537],
						"6.0": [0.00851, -39, -0.02523],
						"9.5": [-0.00004, 0.99864, -0.0522],
						"14.6": [-0.00004, 0.99864, -0.0522],
						"15.2": [0.00033, -0.9997, -0.01537],
						"15.5": [0.00851, -39, -0.02523]
					},
					"scale": {
						"0.0": [1, 0, 1],
						"5.7": [1, 1, 1],
						"6.0": [1, 0, 1],
						"9.5": [1, 0, 1],
						"15.2": [1, 1, 1],
						"15.5": [1, 0, 1]
					}
				}
			}
		},
		"animation.gangle.look_at_target": {
			"loop": "hold_on_last_frame",
			"animation_length": 6,
			"bones": {
				"Body": {
					"rotation": {
						"0.0": [0, 0, 0],
						"2.875": [0, 0, 0],
						"3.0": [10, 0, 0],
						"3.2083": [45, 0, 0],
						"4.0": [0, 0, 0],
						"4.5": [0, 0, 0]
					}
				},
				"Shoulder": {
					"rotation": {
						"0.0": [0, 0, 0],
						"2.9167": [0, 0, 0],
						"3.0417": [-20, 0, 0],
						"3.25": [15, 0, 0],
						"4.0": [15, 0, 0]
					}
				},
				"Pecah": {
					"position": {
						"0.0": [0, 0, 0],
						"3.0": [0, 0, 0]
					},
					"scale": {
						"0.0": [1, 1, 1],
						"2.9583": [1, 1, 1],
						"3.0": [0, 0, 1]
					}
				},
				"Head": {
					"rotation": {
						"0.0": [0, 0, 0],
						"4.25": [0, 0, 0],
						"4.75": [0, 7.5, 0],
						"5.25": [0, -5, 0],
						"5.75": [0, 0, 0]
					}
				},
				"Air": {
					"scale": {
						"5.625": [1, 0, 1],
						"5.75": [1, 1, 1]
					}
				},
				"Air2": {
					"scale": {
						"5.625": [1, 0, 1],
						"5.75": [1, 1, 1]
					}
				},
				"Mulut": {
					"position": {
						"0.0": [0, 0, 0],
						"2.9167": [0, 0, 0],
						"2.9583": [0, 0, -1],
						"5.625": [0, 0, -1.04],
						"5.7083": [0, 0, 0]
					}
				},
				"Mulut2": {
					"position": {
						"0.0": [0, 0, 0],
						"2.9167": [0, 0, 0],
						"2.9583": [0, 0, 1],
						"5.625": [0, 0, 1],
						"5.6667": [0, 0, 0]
					}
				},
				"Mata": {
					"position": {
						"0.0": [0, 0, 0],
						"4.25": [0, 0, 0],
						"4.75": [-1, 0, 0],
						"5.25": [1, 0, 0],
						"5.5": [0, 0, 0]
					},
					"scale": {
						"0.0": [1, 1, 1],
						"5.5": [1, 1, 1],
						"5.625": [1, 0.1, 1],
						"5.75": [1, 1, 1]
					}
				},
				"Mata2": {
					"position": {
						"0.0": [0, 0, 0],
						"4.25": [0, 0, 0],
						"4.75": [-1, 0, 0],
						"5.25": [1, 0, 0],
						"5.5": [0, 0, 0]
					},
					"scale": {
						"0.0": [1, 1, 1],
						"5.5": [1, 1, 1],
						"5.625": [1, 0.1, 1],
						"5.75": [1, 1, 1]
					}
				}
			},
			"sound_effects": {
				"1.0": {
					"effect": "pecah"
				}
			}
		},
		"animation.gangle.walk": {
			"loop": true,
			"animation_length": 1.5,
			"bones": {
				"Body": {
					"position": {
						"0.0": [0, -2, 0],
						"0.5": [0, 0, 0],
						"0.75": [0, -2, 0],
						"1.25": [0, 0, 0],
						"1.5": [0, -2, 0]
					}
				},
				"Shoulder": {
					"rotation": {
						"0.0": [7.5, 0, 0],
						"0.5": [0, 0, 0],
						"0.75": [7.5, 0, 0],
						"1.25": [0, 0, 0],
						"1.5": [7.5, 0, 0]
					}
				},
				"Armkanan": {
					"rotation": {
						"0.0": [0, 37.5, 0],
						"0.75": [0, 32.5, 0],
						"1.5": [0, 37.5, 0]
					}
				},
				"Armkanan2": {
					"rotation": {
						"0.0": [0, -27.5, 0],
						"0.5": [0, -37.5, 0],
						"0.75": [0, -17.5, 0],
						"1.0": [0, -32.5, 0],
						"1.5": [0, -27.5, 0]
					}
				},
				"Armkanan3": {
					"rotation": [0, -25, 0]
				},
				"Armkanan4": {
					"rotation": [0, -20, 0]
				},
				"Armkiri": {
					"rotation": {
						"0.0": [0, -37.5, 0],
						"0.75": [0, -32.5, 0],
						"1.5": [0, -37.5, 0]
					}
				},
				"Armkanan6": {
					"rotation": {
						"0.0": [0, 27.5, 0],
						"0.5": [0, 32.5, 0],
						"0.75": [0, 17.5, 0],
						"1.0": [0, 32.5, 0],
						"1.5": [0, 27.5, 0]
					}
				},
				"Armkanan7": {
					"rotation": [0, 20, 0]
				},
				"Armkanan8": {
					"rotation": [0, 17.5, 0]
				},
				"Legkanan": {
					"rotation": {
						"0.0": [27.5, 0, 0],
						"0.75": [12.5, 0, 0],
						"1.5": [27.5, 0, 0]
					}
				},
				"Legkanan2": {
					"rotation": {
						"0.0": [-2.5, 0, 0],
						"0.75": [-17.5, 0, 0],
						"1.25": [-17.5, 0, 0],
						"1.5": [-2.5, 0, 0]
					}
				},
				"Legkanan3": {
					"rotation": {
						"0.0": [2.5, 0, 0],
						"0.75": [-12.5, 0, 0],
						"1.25": [-12.5, 0, 0],
						"1.5": [2.5, 0, 0]
					}
				},
				"Legkanan4": {
					"rotation": {
						"0.0": [15, 0, 0],
						"0.75": [-30, 0, 0],
						"1.25": [-30, 0, 0],
						"1.5": [15, 0, 0]
					}
				},
				"Legkiri": {
					"rotation": {
						"0.0": [20, 0, 0],
						"0.75": [30, 0, 0],
						"1.5": [20, 0, 0]
					}
				},
				"Legkanan6": {
					"rotation": {
						"0.0": [-17.5, 0, 0],
						"0.5": [-17.5, 0, 0],
						"0.75": [-7.5, 0, 0],
						"1.25": [-17.5, 0, 0]
					}
				},
				"Legkanan7": {
					"rotation": {
						"0.0": [-20, 0, 0],
						"0.5": [-20, 0, 0],
						"0.7917": [0, 0, 0],
						"1.25": [-10, 0, 0],
						"1.5": [-20, 0, 0]
					}
				},
				"Legkanan8": {
					"rotation": {
						"0.0": [-22.5, 0, 0],
						"0.5": [-22.5, 0, 0],
						"0.8333": [22.5, 0, 0],
						"1.25": [25, 0, 0],
						"1.5": [-22.5, 0, 0]
					}
				}
			}
		}
	}
}