{
	"format_version": "1.8.0",
	"animations": {
		"animation.gantra.bob": {
			"loop": true,
			"animation_length": 3,
			"bones": {
				"All": {
					"position": [0, 0, -6]
				},
				"Shoulder": {
					"rotation": {
						"0.0": [17.5, 0, 0],
						"0.5": [15, 0, 0],
						"0.9583": [17.08333, 0, 0],
						"1.0": [14.89149, 9.29798, -31.28223],
						"1.4167": [15.97837, 5.42382, -18.24796],
						"1.4583": [17.08333, 0, 0],
						"2.0": [17.5, 0, 0],
						"2.5": [15, 0, 0],
						"3.0": [17.5, 0, 0]
					},
					"position": {
						"0.0": [0, 0, 0],
						"0.2083": [0, 0, 0],
						"0.25": [6, 0, 0],
						"0.5833": [6, 0, 0],
						"0.625": [0, 0, 0],
						"1.9583": [0, 0, 0],
						"2.0": [0, -3, 0],
						"2.4583": [0, -3, 0],
						"2.5": [0, 0, 0]
					}
				},
				"Armkanan": {
					"rotation": {
						"0.0": [0, 5, 90],
						"0.5": [-0.21865, 4.99523, 87.49046],
						"1.0": [0, 5, 90],
						"1.5": [-0.21865, 4.99523, 87.49046],
						"2.0": [0, 5, 90],
						"2.5": [-0.21865, 4.99523, 87.49046],
						"3.0": [0, 5, 90]
					}
				},
				"Armkanan2": {
					"rotation": {
						"0.0": [0, 10, 0],
						"1.0": [0, 10, 0],
						"1.625": [0, 10, 0],
						"1.6667": [-6.46635, -7.64427, -139.56754],
						"1.9583": [-6.46635, -7.64427, -139.56754],
						"2.0": [0, 10, 0]
					}
				},
				"Armkanan3": {
					"rotation": {
						"0.0": [0, 12.5, 0],
						"1.0": [0, 12.5, 0],
						"2.0": [0, 12.5, 0]
					}
				},
				"Armkiri": {
					"rotation": {
						"0.0": [0, -7.5, -87.5],
						"0.5": [-0.32902, -7.49282, -84.97846],
						"1.0": [0, -7.5, -87.5],
						"1.5": [-0.32902, -7.49282, -84.97846],
						"2.0": [0, -7.5, -87.5],
						"2.5": [-0.32902, -7.49282, -84.97846],
						"3.0": [0, -7.5, -87.5]
					}
				},
				"Armkanan6": {
					"rotation": {
						"0.0": [0, -7.5, 0],
						"1.0": [0, -7.5, 0],
						"2.0": [0, -7.5, 0]
					},
					"position": {
						"0.0": [0, 0, 0],
						"1.1667": [0, 0, 0],
						"1.2083": [0, 7, 0],
						"1.5": [0, 7, 0],
						"1.5417": [0, 0, 0]
					}
				},
				"Armkanan7": {
					"rotation": {
						"0.0": [0, -12.5, 0],
						"1.0": [0, -12.5, 0],
						"2.0": [0, -12.5, 0]
					}
				},
				"Head": {
					"rotation": {
						"0.0": [0, 0, 0],
						"0.25": [0, 0, 0],
						"0.2917": [0, 0, 25],
						"0.5833": [0, 0, 25],
						"0.625": [0, 0, 0]
					},
					"scale": {
						"0.0": [1, 1, 1],
						"1.0": [1, 1, 1],
						"1.0417": [1.4, 0.6, 1],
						"1.6667": [1.4, 0.8, 1],
						"1.7083": [1, 1, 1]
					}
				},
				"Legkanan": {
					"rotation": [-17.21732, -18.14796, -7.07027]
				},
				"Legkanan2": {
					"rotation": {
						"0.0": [25, 0, 0],
						"1.0": [25, 0, 0],
						"2.0": [25, 0, 0]
					}
				},
				"Legkanan3": {
					"rotation": [7.40183, 0.17842, 0.67417],
					"scale": 1
				},
				"Legkanan4": {
					"rotation": [15, 0, 0],
					"scale": [1, 0.6, 1]
				},
				"Legkiri": {
					"rotation": {
						"0.0": [-17.21732, 18.14796, 7.07027],
						"1.0": [-17.21732, 18.14796, 7.07027],
						"2.0": [-17.21732, 18.14796, 7.07027]
					}
				},
				"Legkanan6": {
					"rotation": [30, 0, 0]
				},
				"Legkanan7": {
					"rotation": [5, 0, 0]
				},
				"Legkanan8": {
					"rotation": [12.5, 0, 0],
					"scale": [1, 0.6, 1]
				},
				"Glicht": {
					"position": {
						"0.0": [0, 0, 0],
						"0.0417": [0, 0, 2],
						"0.375": [0, 0, 2],
						"0.4167": [0, 0, 0],
						"0.625": [0, 0, 0],
						"0.6667": [0, 0, 2],
						"1.0": [0, 0, 0],
						"1.0417": [0, 0, 2],
						"1.375": [0, 0, 2],
						"1.4167": [0, 0, 0],
						"1.625": [0, 0, 0],
						"1.6667": [0, 0, 2],
						"2.0": [0, 0, 0],
						"2.0417": [0, 0, 2],
						"2.375": [0, 0, 2],
						"2.4167": [0, 0, 0],
						"2.625": [0, 0, 0],
						"2.6667": [0, 0, 2]
					}
				},
				"Glicht2": {
					"position": {
						"0.0": [0, 0, 0],
						"1.0": [0, 0, 0],
						"2.0": [0, 0, 0]
					},
					"scale": {
						"0.0": [0, 0, 1],
						"0.0417": [1, 1, 1],
						"0.3333": [1, 1, 1],
						"0.375": [0, 0, 1],
						"0.625": [0, 0, 1],
						"0.6667": [1, 1, 1],
						"1.0": [0, 0, 1],
						"1.0417": [1, 1, 1],
						"1.3333": [1, 1, 1],
						"1.375": [0, 0, 1],
						"1.625": [0, 0, 1],
						"1.6667": [1, 1, 1],
						"2.0": [0, 0, 1],
						"2.0417": [1, 1, 1],
						"2.3333": [1, 1, 1],
						"2.375": [0, 0, 1],
						"2.625": [0, 0, 1],
						"2.6667": [1, 1, 1]
					}
				},
				"Glicht3": {
					"position": {
						"0.0": [0, 4, 0],
						"1.0": [0, 4, 0],
						"2.0": [0, 4, 0]
					},
					"scale": {
						"0.0": [0, -0.1, 1],
						"0.0417": [1, 1, 1],
						"0.4583": [1, 1, 1],
						"0.5": [0, -0.1, 1],
						"0.5833": [0, -0.1, 1],
						"0.625": [1, 1, 1],
						"0.8333": [1, 1, 1],
						"0.875": [0, -0.1, 1],
						"1.0": [0, -0.1, 1],
						"1.0417": [1, 1, 1],
						"1.4583": [1, 1, 1],
						"1.5": [0, -0.1, 1],
						"1.5833": [0, -0.1, 1],
						"1.625": [1, 1, 1],
						"1.8333": [1, 1, 1],
						"1.875": [0, -0.1, 1],
						"2.0": [0, -0.1, 1],
						"2.0417": [1, 1, 1],
						"2.4583": [1, 1, 1],
						"2.5": [0, -0.1, 1],
						"2.5833": [0, -0.1, 1],
						"2.625": [1, 1, 1],
						"2.8333": [1, 1, 1],
						"2.875": [0, -0.1, 1]
					}
				}
			}
		}
	}
}