{
	"format_version": "1.8.0",
	"animations": {
		"animation.jatra.bob": {
			"loop": true,
			"animation_length": 3,
			"bones": {
				"Shoulder": {
					"rotation": {
						"0.0": [17.5, 0, 0],
						"0.5": [20, 0, 0],
						"1.0": [17.5, 0, 0],
						"1.5": [20, 0, 0],
						"2.0": [17.5, 0, 0],
						"2.5": [20, 0, 0],
						"3.0": [17.5, 0, 0]
					}
				},
				"Leher": {
					"rotation": {
						"0.0": [0, 0, 0],
						"0.0417": [0, 0, 30],
						"0.375": [0, 0, 30],
						"0.4167": [0, 0, 0]
					},
					"position": [0, 0, 0]
				},
				"Head": {
					"rotation": {
						"0.0": [0, 0, 0],
						"0.0417": [0, 0, -28.06],
						"0.375": [0, 0, -27.5],
						"0.4167": [0, 0, -30],
						"0.75": [0, 0, -30],
						"0.7917": [0, 0, 0]
					},
					"position": {
						"0.0": [0, 0, 0],
						"1.4583": [0, 0, 0],
						"1.5": [2, 0, 0],
						"2.2083": [2, 0, 0],
						"2.25": [-3, 0, 0],
						"2.7083": [-3, 0, 0],
						"2.75": [0, 0, 0]
					},
					"scale": {
						"0.0": [1, 1, 1],
						"1.2083": [1, 1, 1],
						"1.25": [1.3, 1, 1],
						"1.4583": [1.3, 1, 1],
						"1.5": [0.6, 1.4, 1],
						"1.8333": [0.6, 1.4, 1],
						"1.875": [1, 1, 1]
					}
				},
				"Alis": {
					"rotation": [0, 0, -7.5]
				},
				"Alis2": {
					"rotation": {
						"0.0": [0, 0, 5],
						"1.0": [0, 0, 5],
						"2.0": [0, 0, 5]
					}
				},
				"Mata": {
					"scale": [1, 0.6, 1]
				},
				"Kelopak": {
					"scale": [1, 0.2, 1]
				},
				"Mulut": {
					"scale": [1, -0.7, 1]
				},
				"Mata2": {
					"scale": {
						"0.0": [1, 1, 1],
						"0.5": [1, 0.8, 1],
						"1.0": [1, 1, 1],
						"1.5": [1, 0.8, 1],
						"2.0": [1, 1, 1],
						"2.5": [1, 0.8, 1],
						"3.0": [1, 1, 1]
					}
				},
				"Kelopak2": {
					"scale": [1, 0.1, 1]
				},
				"Pupil2": {
					"scale": {
						"0.0": [1, 1, 1],
						"1.4583": [1, 1, 1],
						"1.5": [0.8, 0.3, 1],
						"1.9583": [0.8, 0.3, 1],
						"2.0": [1, 1, 1]
					}
				},
				"Telinga2": {
					"rotation": [15, 0, 0]
				},
				"Telinga4": {
					"rotation": [40, 0, 0]
				},
				"Telinga": {
					"rotation": [15, 0, 0]
				},
				"Telinga3": {
					"rotation": [40, 0, 2.5]
				},
				"Armkanan2": {
					"rotation": {
						"0.0": [0, -10, -87.5],
						"1.0": [0, -10, -87.5],
						"2.0": [0, -10, -87.5]
					},
					"position": {
						"0.0": [0, 0, 0],
						"1.4583": [0, 0, 0],
						"1.5": [-2, 0, 0],
						"1.8333": [-2, 0, 0],
						"1.875": [0, 0, 0]
					}
				},
				"Armkanan3": {
					"rotation": {
						"0.0": [0, -12.5, 0],
						"0.2083": [0, -12.5, 0],
						"0.25": [-12.31594, -2.15393, 80.23242],
						"0.5833": [-12.31594, -2.15393, 80.23242],
						"0.625": [0, -12.5, 0]
					},
					"position": {
						"0.0": [0, 0, 0],
						"0.4583": [0, 0, 0],
						"0.5": [0, -2, -6],
						"0.8333": [0, -2, -6],
						"0.875": [0, 0, 0]
					}
				},
				"Jari7": {
					"rotation": [-5.93496, 0.48207, -74.82292]
				},
				"Jari14": {
					"rotation": [0, 80, 0]
				},
				"Jari9": {
					"rotation": [0, 0, -72.5]
				},
				"Jari11": {
					"rotation": [0, 0, -70]
				},
				"Jari13": {
					"rotation": [0, 0, -67.5]
				},
				"Armkanan": {
					"rotation": {
						"0.0": [-2.3138, 13.77623, 86.32226],
						"1.0": [-2.3138, 13.77623, 86.32226],
						"2.0": [-2.3138, 13.77623, 86.32226],
						"2.2917": [-2.3138, 13.77623, 86.32226],
						"2.3333": [-6.40881, 12.43419, 68.40294],
						"2.7083": [-6.40881, 12.43419, 68.40294],
						"2.75": [-1.69909, 13.86377, 88.89523]
					},
					"position": {
						"0.0": [0, 0, 0],
						"1.125": [0, 0, 0],
						"1.1667": [2, 0, 0],
						"1.4583": [2, 0, 0],
						"1.5": [0, 0, 0]
					}
				},
				"bone": {
					"rotation": {
						"0.0": [0, 7.5, 0],
						"1.0": [0, 7.5, 0],
						"2.0": [0, 7.5, 0],
						"2.375": [0, 7.5, 0],
						"2.4167": [3.18458, 6.79382, 25.18908],
						"2.7083": [3.18458, 6.79382, 25.18908],
						"2.75": [0, 7.5, 0]
					}
				},
				"Jaru": {
					"rotation": [0, 0, 75]
				},
				"Jaru2": {
					"rotation": [-4.00637, 4.13799, 72.15752]
				},
				"Jaru3": {
					"rotation": [0, 0, 67.5]
				},
				"Jaru4": {
					"rotation": [0, 0, 65]
				},
				"Jari5": {
					"rotation": [0, -87.5, 0]
				},
				"Kakikiri": {
					"rotation": [0, 0, 5]
				},
				"Kakikanan": {
					"rotation": [0, 0, -5]
				},
				"bone4": {
					"position": {
						"0.1667": [0, 0, 0],
						"0.2083": [0, 0, -3],
						"0.4583": [0, 0, -3],
						"0.5": [0, 0, 0],
						"0.7083": [0, 0, 0],
						"0.75": [0, 0, -3],
						"1.1667": [0, 0, 0],
						"1.2083": [0, 0, -3],
						"1.4583": [0, 0, -3],
						"1.5": [0, 0, 0],
						"1.7083": [0, 0, 0],
						"1.75": [0, 0, -3],
						"2.1667": [0, 0, 0],
						"2.2083": [0, 0, -3],
						"2.4583": [0, 0, -3],
						"2.5": [0, 0, 0],
						"2.7083": [0, 0, 0],
						"2.75": [0, 0, -3]
					}
				},
				"bone2": {
					"position": {
						"0.0": [0, 0, 0],
						"0.0417": [0, 0, 5],
						"0.4583": [0, 0, 5],
						"0.5": [0, 0, 0],
						"1.0": [0, 0, 0],
						"1.0417": [0, 0, 5],
						"1.4583": [0, 0, 5],
						"1.5": [0, 0, 0],
						"2.0": [0, 0, 0],
						"2.0417": [0, 0, 5],
						"2.4583": [0, 0, 5],
						"2.5": [0, 0, 0]
					}
				},
				"bone3": {
					"position": {
						"0.0": [0, 0, 1],
						"0.0417": [0, 0, 0],
						"0.2083": [0, 0, 0],
						"0.25": [0, 0, 3],
						"0.5": [0, 0, 1],
						"0.5417": [0, 0, 0],
						"0.7083": [0, 0, 0],
						"0.75": [0, 0, 3],
						"1.0": [0, 0, 1],
						"1.0417": [0, 0, 0],
						"1.2083": [0, 0, 0],
						"1.25": [0, 0, 3],
						"1.5": [0, 0, 1],
						"1.5417": [0, 0, 0],
						"1.7083": [0, 0, 0],
						"1.75": [0, 0, 3],
						"2.0": [0, 0, 1],
						"2.0417": [0, 0, 0],
						"2.2083": [0, 0, 0],
						"2.25": [0, 0, 3],
						"2.5": [0, 0, 1],
						"2.5417": [0, 0, 0],
						"2.7083": [0, 0, 0],
						"2.75": [0, 0, 3]
					}
				}
			}
		},
		"animation.jax.walk": {
			"loop": true,
			"animation_length": 2,
			"bones": {
				"Body": {
					"rotation": {
						"0.0": [-5, 0, 0],
						"0.75": [-5, 0, 0]
					},
					"position": {
						"0.0": [0, 0, 0],
						"0.375": [0, -1, 0],
						"0.75": [0, 0, 0],
						"1.125": [0, -1, 0],
						"1.5": [0, 0, 0],
						"1.75": [0, -1, 0],
						"2.0": [0, 0, 0]
					}
				},
				"Shoulder": {
					"rotation": {
						"0.0": [0, 0, 0],
						"0.375": [5, 0, 0],
						"0.75": [0, 0, 0],
						"1.125": [5, 0, 0],
						"1.5": [0, 0, 0],
						"1.75": [5, 0, 0],
						"2.0": [0, 0, 0]
					}
				},
				"Head": {
					"rotation": [2.5, 0, 0]
				},
				"Telinga4": {
					"rotation": {
						"0.0": [0, 0, 0],
						"0.375": [-14.87268, -1.28806, 0.57703],
						"0.6667": [12.5, 0, 0],
						"1.0": [0, 0, 0],
						"1.375": [-14.87268, -1.28806, 0.57703],
						"1.6667": [12.5, 0, 0],
						"2.0": [0, 0, 0]
					}
				},
				"Telinga3": {
					"rotation": {
						"0.0": [0, 0, 0],
						"0.375": [-17.3526, -1.41544, 1.45612],
						"0.6667": [12.5, 0, 0],
						"1.0": [0, 0, 0],
						"1.375": [-17.3526, -1.41544, 1.45612],
						"1.6667": [12.5, 0, 0],
						"2.0": [0, 0, 0]
					}
				},
				"Armkanan2": {
					"rotation": {
						"0.0": [0, -22.5, 0],
						"1.0": [0, 17.5, 0],
						"2.0": [0, -22.5, 0]
					}
				},
				"Armkanan": {
					"rotation": {
						"0.0": [0, -17.5, 0],
						"1.0": [0, 30, 0],
						"2.0": [0, -17.5, 0]
					}
				},
				"Kakikiri": {
					"rotation": {
						"0.0": [24.62618, -1.75438, 0.65548],
						"0.5": [-26.80601, 7.2523, 2.99123],
						"0.75": [-14.94846, 6.49678, -2.07681],
						"2.0": [23.50063, 8.3739, 5.24649]
					}
				},
				"Kakikiri2": {
					"rotation": {
						"0.0": [10, 0, 0],
						"0.375": [75, 0, 0],
						"0.75": [12.5, 0, 0]
					}
				},
				"Kakikanan": {
					"rotation": {
						"0.0": [-16.96234, 4.31058, -1.34874],
						"1.0": [20.53766, 4.31058, -1.34874],
						"2.0": [-16.96234, 4.31058, -1.34874]
					}
				},
				"Kakikanan2": {
					"rotation": {
						"0.0": [15, 0, 0],
						"1.0": [15, 0, 0],
						"1.625": [52.5, 0, 0],
						"2.0": [15, 0, 0]
					}
				},
				"Armkanan3": {
					"rotation": {
						"0.0": [0, -20, 0],
						"1.0": [0, 0, 0],
						"1.5": [0, 0, 0],
						"2.0": [0, -20, 0]
					}
				},
				"bone": {
					"rotation": {
						"0.0": [0, 0, 0],
						"0.7083": [0, 0, 0],
						"1.25": [0, 25, 0],
						"2.0": [0, 0, 0]
					}
				}
			}
		}
	}
}