{
	"format_version": "1.8.0",
	"animations": {
		"animation.jax.bob": {
			"loop": true,
			"animation_length": 24,
			"bones": {
				"All": {
					"rotation": {
						"0.0": [0, 0, 0],
						"0.4167": [0, 0, -2.5],
						"1.0": [0, 0, -2.5],
						"1.5": [0, 0, 0]
					},
					"position": {
						"0.0": [0, 0, 0],
						"0.4167": [-1, 0, 0],
						"1.0": [-1, 0, 0],
						"1.5": [1, 0, 0]
					}
				},
				"Shoulder": {
					"rotation": {
						"0.0": [0, 0, 0],
						"0.4167": [7.5, 0, -7.5],
						"1.0": [9.99294, 0.32621, -9.97864],
						"1.5": [0, 0, 0],
						"3.25": [0, 0, 0],
						"3.625": [0, 0, 5],
						"3.8333": [0, 0, 5],
						"4.0833": [-0.07894, 0.06401, 0.00099],
						"4.5": [19.92106, 0.06401, 0.00099],
						"4.75": [22.42106, 0.06401, 0.00099],
						"5.25": [14.92106, 0.06401, 0.00099],
						"5.5": [2.42106, 0.06401, 0.00099],
						"6.25": [14.92106, 0.06401, 0.00099],
						"7.5": [24.92106, 0.06401, 0.00099],
						"8.0": [19.92106, 0.06401, 0.00099],
						"8.3333": [-0.08422, 0.05689, -4.99901],
						"9.5": [-0.08422, 0.05689, -4.99901],
						"10.5": [0, 0, 0]
					},
					"scale": {
						"0.0": [1, 1, 1],
						"5.9167": [1, 1.1, 1],
						"6.0": [1, 1, 1],
						"6.0833": [1, 1.2, 1],
						"6.25": [1, 1.1, 1]
					}
				},
				"Head": {
					"rotation": {
						"0.0": [0, 0, 0],
						"0.25": [0.1871, 0.24387, 7.51936],
						"1.0": [0.1871, 0.24387, 7.51936],
						"1.5": [2.1206, 0.84463, 1.46919],
						"4.8333": [2.1206, 0.84463, 1.46919],
						"5.0": [2.13145, 5.84119, 1.65494],
						"5.1667": [2.12126, -1.65366, 1.37668],
						"5.3333": [2.13145, 5.84119, 1.65494]
					}
				},
				"Alis": {
					"position": [0, 0, 1]
				},
				"Alis2": {
					"position": [0, 0, 1]
				},
				"Mata": {
					"rotation": {
						"0.0": [0, 0, 0],
						"0.25": [0, 0, -10],
						"2.0": [0, 0, -10],
						"2.5": [0, 0, 0],
						"17.0": [0, 0, 0],
						"17.125": [0, 0, -10],
						"19.0": [0, 0, -10],
						"19.25": [0, 0, 0]
					},
					"position": {
						"0.0": [0, 0, 0],
						"4.4583": [0, 0, 0],
						"4.75": [0, -1, 0],
						"5.25": [0, -1, 0],
						"5.5": [0, 0, 0]
					},
					"scale": {
						"0.0": [1, 1, 1],
						"2.0": [1, 1, 1],
						"2.5": [1, 0.8, 1],
						"3.0": [1, 0.8, 1],
						"3.25": [1, 0.6, 1],
						"4.25": [1, 0.6, 1],
						"4.75": [1, 1.1, 1],
						"17.0": [1, 1.1, 1],
						"17.125": [1, 0.5, 1],
						"19.0": [1, 0.5, 1],
						"19.25": [1, 1, 1]
					}
				},
				"Kelopak": {
					"scale": {
						"0.0": [1, 0, 1],
						"4.375": [1, 0, 1],
						"4.75": [1, 1.3, 1],
						"5.25": [1, 1.3, 1],
						"5.5": [1, 0.6, 1],
						"8.2083": [1, 0.6, 1],
						"8.375": [1, 0.8, 1],
						"11.0": [1, 0.8, 1],
						"11.125": [1, 1.3, 1],
						"11.25": [1, 0.1, 1]
					}
				},
				"Mulut": {
					"position": {
						"0.0": [0, 0, 0],
						"8.25": [0, 0, 0],
						"8.375": [0, 1, 0],
						"11.125": [0, 1, 0],
						"11.25": [0, 0, 0]
					},
					"scale": {
						"0.0": [1, -0.4, 1],
						"0.25": [1, -0.4, 1],
						"0.375": [1, -0.8, 1],
						"0.5417": [1, -0.6, 1],
						"1.125": [1, -0.6, 1],
						"1.25": [1, -0.5, 1],
						"1.375": [1, -0.7, 1],
						"1.5": [1, -0.6, 1],
						"1.625": [1, -0.5, 1],
						"1.75": [1, -0.7, 1],
						"1.9167": [1, -0.4, 1],
						"2.0417": [1, -0.6, 1],
						"2.2083": [0.5, -0.6, 1],
						"2.375": [0.3, -0.6, 1],
						"2.6667": [1, -0.5, 1],
						"2.8333": [1, -0.3, 1],
						"3.0": [1, -0.7, 1],
						"3.1667": [1, -0.5, 1],
						"3.2917": [1, -0.7, 1],
						"3.4167": [0.5, -0.7, 1],
						"4.375": [0.5, -0.7, 1],
						"4.75": [1, 0.7, 1],
						"4.875": [1, 0.4, 1],
						"5.0": [1, 1, 1],
						"5.0833": [1, 0.5, 1],
						"5.2083": [1, 1.05, 1],
						"5.25": [1, 0.7, 1],
						"5.3333": [0.8, 0.7, 1],
						"5.5": [0.4, 1.3, 1],
						"6.25": [0.4, 1.3, 1],
						"6.4583": [1.2333, 0.9, 1],
						"6.5": [1.4, 1.3, 1],
						"6.5417": [0.5, 1.3, 1],
						"6.625": [1.4, 1.3, 1],
						"6.75": [1.4, 0.9, 1],
						"6.875": [0.8, 1.4333, 1],
						"7.125": [1.4, 1.3, 1],
						"7.25": [1.4, 0.7, 1],
						"7.375": [1.4, 1.2, 1],
						"7.5": [1.4, 0.8, 1],
						"7.625": [1.4, 1.1, 1],
						"7.75": [1.4, 0.6, 1],
						"7.875": [1.4, 1.1, 1],
						"8.0": [1.4, 0.6, 1],
						"8.125": [1.4, 1.1, 1],
						"8.25": [1.4, 0.5, 1],
						"8.375": [1.5, 2.1, 1],
						"11.125": [1.5, 2.1, 1],
						"11.25": [1.5, 1.3, 1],
						"17.1667": [1.5, 1.3, 1],
						"17.25": [1.5, 1.1, 1],
						"17.375": [1.5, 1.6, 1],
						"17.5": [1.5, 1.3, 1],
						"17.625": [1.5, 1.7, 1],
						"17.7917": [1.5, 0.9, 1],
						"17.9583": [0.7, 0.9, 1],
						"18.125": [1.3, 1.5, 1],
						"18.25": [1.5, 1.3, 1]
					}
				},
				"Mata2": {
					"rotation": {
						"0.0": [0, 0, 0],
						"0.25": [0, 0, 0],
						"3.0": [0, 0, 0],
						"3.25": [0, 0, 2.5]
					},
					"position": {
						"0.0": [0, 0, 0],
						"4.375": [0, 0, 0],
						"4.75": [0, -1, 0],
						"5.25": [0, -1, 0],
						"5.5": [0, 0, 0]
					},
					"scale": {
						"0.0": [1, 1, 1],
						"0.25": [1, 0.7, 1],
						"3.0": [1, 0.7, 1],
						"3.25": [1, 1, 1],
						"17.0": [1, 1, 1],
						"17.125": [1, 0.6, 1],
						"19.0": [1, 0.6, 1],
						"19.25": [1, 1, 1]
					}
				},
				"Kelopak2": {
					"position": {
						"0.0": [0, 0, 0],
						"4.75": [0, 0, 0]
					},
					"scale": {
						"0.0": [1, 0, 1],
						"4.375": [1, 0, 1],
						"4.75": [1, 1.3, 1],
						"5.25": [1, 1.3, 1],
						"5.5": [1, 0.6, 1],
						"8.2083": [1, 0.6, 1],
						"8.375": [1, 0.8, 1],
						"11.0": [1, 0.8, 1],
						"11.125": [1, 1.3, 1],
						"11.25": [1, 0.1, 1]
					}
				},
				"Telinga4": {
					"rotation": {
						"0.0": [0, 0, 0],
						"0.4167": [32.5, 0, 0],
						"4.0": [35, 0, 0],
						"4.3333": [-8.17, 0, 0],
						"4.875": [28.36, 0, 0],
						"5.25": [17.5, 0, 0],
						"5.5": [10, 0, 0],
						"7.875": [12.5, 0, 0],
						"8.125": [40, 0, 0],
						"8.5833": [-15, 0, 0]
					}
				},
				"Telinga3": {
					"rotation": {
						"0.0": [0, 0, 0],
						"0.4167": [32.5, 0, 0],
						"4.0": [37.5, 0, 0],
						"4.25": [-18.83, 0, 0],
						"5.25": [17.5, 0, 0],
						"5.5": [12.5, 0, 0],
						"7.875": [17.5, 0, 0],
						"8.125": [50, 0, 0],
						"8.5833": [-15, 0, 0],
						"8.9583": [0, 0, 0]
					}
				},
				"Armkanan2": {
					"rotation": {
						"0.0": [0, 0, -77.5],
						"0.4167": [0, 0, -75],
						"1.0": [0, 0, -75],
						"1.5": [0, 0, -87.5],
						"4.125": [0, 0, -87.5],
						"4.5": [0, -5, -72.5],
						"5.25": [0, -5, -72.5],
						"5.5": [-0.43688, -4.98093, -67.481],
						"6.25": [-0.43688, -4.98093, -67.481],
						"7.0": [8.95998, -3.53329, -27.39078],
						"9.5": [8.95998, -3.53329, -27.39078],
						"10.5": [0, 0, -77.5],
						"16.25": [0, 0, -77.5],
						"16.5": [0, -10, -77.5],
						"19.5": [0, -10, -77.5],
						"19.75": [1.72979, 2.64772, -87.27114]
					}
				},
				"Armkanan3": {
					"rotation": {
						"0.0": [0, 0, 0],
						"1.0": [0, 0, 0],
						"4.125": [0, 0, 0],
						"4.5": [0, 0, 87.5],
						"5.25": [0, 0, 110],
						"5.5417": [0, 0, 80],
						"6.25": [0, 0, 80],
						"7.0": [-180, -2.5, -100],
						"9.5": [-180, -2.5, -100],
						"10.0": [-90, -1.25, -50],
						"10.5": [0, 0, -12.5],
						"16.25": [0, 0, -12.5],
						"16.5": [-255.43039, -5.59819, -125.75648],
						"19.5": [-255.43039, -5.59819, -125.75648],
						"19.75": [0, 0, 0]
					}
				},
				"Jari7": {
					"rotation": {
						"0.0": [0, 0, 0],
						"1.0": [0, 0, 0],
						"1.5": [0, 0, -67.5]
					}
				},
				"Jari14": {
					"rotation": {
						"0.0": [0, 0, 0],
						"1.0": [0, 0, 0],
						"1.5": [0, 85, 0]
					}
				},
				"Jari9": {
					"rotation": {
						"0.0": [0, 0, 0],
						"1.0": [0, 0, 0],
						"1.5": [0, 0, -62.5]
					}
				},
				"Jari11": {
					"rotation": {
						"0.0": [0, 0, 0],
						"1.0": [0, 0, 0],
						"1.5": [0, 0, -60]
					}
				},
				"Jari12": {
					"rotation": {
						"0.0": [0, 0, 0],
						"1.0": [0, 0, 0]
					}
				},
				"Jari13": {
					"rotation": {
						"0.0": [0, 0, 0],
						"1.0": [0, 0, 0],
						"1.5": [0, 0, -57.5]
					}
				},
				"Armkanan": {
					"rotation": {
						"0.0": [0, 0, 37.5],
						"1.0": [0, 0, 37.5],
						"1.5": [0, 0, 37.5],
						"4.125": [0, 0, 37.5],
						"4.5": [-91.70871, 47.50965, 73.45767],
						"6.5": [-91.56571, 42.51168, 73.65967],
						"8.0": [-91.17196, 10.02029, 74.51388],
						"8.1667": [-91.17196, 10.02029, 74.51388],
						"8.3333": [-153.55922, 41.13777, 10.40266],
						"9.5": [-153.55922, 41.13777, 10.40266],
						"10.5": [0, 0, 37.5],
						"11.125": [0, 0, 37.5],
						"11.25": [0, 0, 75],
						"16.25": [0, 0, 75],
						"16.5": [0, 10, 75],
						"19.5": [0, 10, 75],
						"19.75": [2.15395, -0.23226, 87.3072]
					}
				},
				"bone": {
					"rotation": {
						"0.0": [0, 0, 92.5],
						"1.0": [0, 0, 92.5],
						"3.25": [0, 0, 92.5],
						"3.875": [0, 0, 85],
						"4.125": [0, 0, 85],
						"4.5": [0, 0, 150],
						"5.3333": [0, 0, 150],
						"5.5833": [0, 0, 87.5],
						"6.25": [0, 0, 87.5],
						"7.5": [0, 0, 70],
						"7.625": [0, -15, 70],
						"7.75": [-3.21757, -10.6792, 83.62864],
						"7.875": [-4.47054, 3.15538, 86.69181],
						"8.0": [-3.44896, 14.6427, 90.97262],
						"8.125": [-5.19986, 9.36215, 71.05199],
						"8.3333": [-10.69569, 0.22314, 11.45717],
						"9.5": [-10.69569, 0.22314, 11.45717],
						"10.5": [0, 0, 92.5],
						"11.125": [0, 0, 92.5],
						"11.25": [0, 0, 17.5],
						"16.25": [0, 0, 17.5],
						"16.5": [0, 20, 117.5],
						"19.5": [0, 20, 117.5],
						"19.75": [0, 0, 0]
					}
				},
				"Jari": {
					"rotation": {
						"0.0": [0, 0, -40],
						"4.125": [0, 0, -40],
						"4.5": [0, 0, 45],
						"5.25": [0, 0, 45],
						"5.5": [0, 0, -10],
						"8.25": [0, 0, -10],
						"8.5": [0, 10, -10],
						"10.0": [0.44067, 9.99038, -7.46148],
						"10.5": [0, 0, -40],
						"11.125": [0, 0, -40],
						"11.25": [0.45896, 4.74357, 2.4092]
					}
				},
				"Jari2": {
					"rotation": {
						"0.0": [0, 0, -40],
						"4.125": [0, 0, -40],
						"4.5": [0, 0, 37.5],
						"5.25": [0, 0, 37.5],
						"5.5": [0, 0, -15],
						"8.25": [0, 0, -15],
						"8.5": [0, 5, -15],
						"10.0": [0, 5, -15],
						"10.5": [0, 0, -40],
						"11.125": [0, 0, -40],
						"11.25": [0, 0, 5]
					}
				},
				"Jari3": {
					"rotation": {
						"0.0": [0, 0, -40],
						"4.125": [0, 0, -40],
						"4.5": [0, 0, 27.5],
						"5.25": [0, 0, 25],
						"5.5": [0, 0, -17.5],
						"8.25": [0, 0, -17.5],
						"8.5": [0, -7.5, -17.5],
						"10.0": [0, -7.5, -17.5],
						"10.5": [0, 0, -40],
						"11.125": [0, 0, -40],
						"11.25": [0, 0, 2.5]
					}
				},
				"Jari4": {
					"rotation": {
						"0.0": [0, 0, -42.5],
						"4.125": [0, 0, -42.5],
						"4.5": [0, 0, 27.5],
						"5.25": [0, 0, 27.5],
						"5.5": [0, 0, -22.5],
						"8.25": [0, 0, -22.5],
						"8.5": [0, -15, -22.5],
						"10.0": [0, -15, -22.5],
						"10.5": [0, 0, -42.5],
						"11.125": [0, 0, -42.5],
						"11.25": [0, 0, 0]
					}
				},
				"Kakikiri": {
					"rotation": {
						"0.0": [0, 0, 0],
						"0.4167": [0, 0, 10],
						"1.0": [0, 0, 10],
						"1.5": [0.47438, 0.33814, 7.52403],
						"9.5": [0.47438, 0.33814, 7.52403],
						"10.5": [0, 0, 5]
					}
				},
				"Kakikiri2": {
					"rotation": {
						"0.0": [0, 0, 0],
						"0.5": [0, 0, -7.5],
						"1.5": [0, 0, 0],
						"9.5": [0, 0, 0]
					}
				},
				"Kakikanan": {
					"rotation": {
						"0.0": [0, 0, 0],
						"1.0": [0, 0, 0],
						"1.5": [0, 0, -5],
						"9.5": [0, 0, -5],
						"10.5": [0, 0, -5]
					}
				},
				"Body": {
					"rotation": {
						"0.0": [0, 0, 0],
						"5.25": [0, 0, 0],
						"5.5": [-2.5, 0, 0],
						"9.5": [-2.5, 0, 0]
					}
				},
				"Pergelangan2": {
					"rotation": {
						"0.0": [0, 0, 0],
						"4.125": [0, 0, 0],
						"4.5": [-180, 0, 0],
						"10.0": [-180, 0, 0],
						"10.5": [0, 0, 0]
					}
				},
				"Pergelangan": {
					"rotation": {
						"0.0": [0, 0, 0],
						"7.125": [0, 0, 0],
						"7.3333": [0, 0, -17.5],
						"7.4583": [-5.7632, -24.3683, -3.75462],
						"7.5833": [-20.9057, -14.02846, 40.10064],
						"7.7083": [-19.89283, 4.60861, 54.44392],
						"7.8333": [-30.41723, 14.41959, 22.29117],
						"8.0": [90, 0, -2.5],
						"10.0": [90, 0, -2.5],
						"10.5": [0, 0, 0],
						"16.25": [0, 0, 0],
						"16.5": [172.5, 0, 0],
						"19.5": [172.5, 0, 0],
						"19.7917": [-10, 0, 0]
					}
				},
				"Jaru": {
					"rotation": {
						"0.0": [0, 0, 0],
						"11.0": [0, 0, 0],
						"11.2083": [0, 0, 72.5]
					}
				},
				"Jaru2": {
					"rotation": {
						"0.0": [0, 0, 0],
						"11.0": [0, 0, 0],
						"11.25": [0, 0, 65]
					}
				},
				"Jaru3": {
					"rotation": {
						"0.0": [0, 0, 0],
						"11.0": [0, 0, 0],
						"11.25": [0, 0, 65]
					}
				},
				"Jaru4": {
					"rotation": {
						"0.0": [0, 0, 0],
						"11.0": [0, 0, 0],
						"11.25": [0, 0, 65]
					}
				},
				"Jari5": {
					"rotation": {
						"0.0": [0, 0, 0],
						"4.1667": [0, 0, 0],
						"4.5": [0, -77.5, 0]
					}
				},
				"Jaru5": {
					"rotation": {
						"0.0": [0, 0, 0],
						"4.0833": [0, 0, 2.5]
					}
				},
				"Kakikanan2": {
					"rotation": {
						"0.0": [0, 0, 0],
						"9.5": [0, 0, 0]
					}
				}
			},
			"sound_effects": {
				"0.0": {
					"effect": "baru"
				},
				"16.0": {
					"effect": "kamu"
				}
			}
		},
		"animation.jax.walk": {
			"loop": true,
			"animation_length": 2,
			"bones": {
				"Body": {
					"rotation": {
						"0.0": [-5, 0, 0],
						"0.75": [-5, 0, 0]
					},
					"position": {
						"0.0": [0, 0, 0],
						"0.375": [0, -1, 0],
						"0.75": [0, 0, 0],
						"1.125": [0, -1, 0],
						"1.5": [0, 0, 0],
						"1.75": [0, -1, 0],
						"2.0": [0, 0, 0]
					}
				},
				"Shoulder": {
					"rotation": {
						"0.0": [0, 0, 0],
						"0.375": [5, 0, 0],
						"0.75": [0, 0, 0],
						"1.125": [5, 0, 0],
						"1.5": [0, 0, 0],
						"1.75": [5, 0, 0],
						"2.0": [0, 0, 0]
					}
				},
				"Head": {
					"rotation": [2.5, 0, 0]
				},
				"Telinga4": {
					"rotation": {
						"0.0": [0, 0, 0],
						"0.375": [-14.87268, -1.28806, 0.57703],
						"0.6667": [12.5, 0, 0],
						"1.0": [0, 0, 0],
						"1.375": [-14.87268, -1.28806, 0.57703],
						"1.6667": [12.5, 0, 0],
						"2.0": [0, 0, 0]
					}
				},
				"Telinga3": {
					"rotation": {
						"0.0": [0, 0, 0],
						"0.375": [-17.3526, -1.41544, 1.45612],
						"0.6667": [12.5, 0, 0],
						"1.0": [0, 0, 0],
						"1.375": [-17.3526, -1.41544, 1.45612],
						"1.6667": [12.5, 0, 0],
						"2.0": [0, 0, 0]
					}
				},
				"Armkanan2": {
					"rotation": {
						"0.0": [0, -22.5, 0],
						"1.0": [0, 17.5, 0],
						"2.0": [0, -22.5, 0]
					}
				},
				"Armkanan": {
					"rotation": {
						"0.0": [0, -17.5, 0],
						"1.0": [0, 30, 0],
						"2.0": [0, -17.5, 0]
					}
				},
				"Kakikiri": {
					"rotation": {
						"0.0": [24.62618, -1.75438, 0.65548],
						"0.5": [-26.80601, 7.2523, 2.99123],
						"0.75": [-14.94846, 6.49678, -2.07681],
						"2.0": [23.50063, 8.3739, 5.24649]
					}
				},
				"Kakikiri2": {
					"rotation": {
						"0.0": [10, 0, 0],
						"0.375": [75, 0, 0],
						"0.75": [12.5, 0, 0]
					}
				},
				"Kakikanan": {
					"rotation": {
						"0.0": [-16.96234, 4.31058, -1.34874],
						"1.0": [20.53766, 4.31058, -1.34874],
						"2.0": [-16.96234, 4.31058, -1.34874]
					}
				},
				"Kakikanan2": {
					"rotation": {
						"0.0": [15, 0, 0],
						"1.0": [15, 0, 0],
						"1.625": [52.5, 0, 0],
						"2.0": [15, 0, 0]
					}
				},
				"Armkanan3": {
					"rotation": {
						"0.0": [0, -20, 0],
						"1.0": [0, 0, 0],
						"1.5": [0, 0, 0],
						"2.0": [0, -20, 0]
					}
				},
				"bone": {
					"rotation": {
						"0.0": [0, 0, 0],
						"0.7083": [0, 0, 0],
						"1.25": [0, 25, 0],
						"2.0": [0, 0, 0]
					}
				}
			}
		},
		"animation.jax.new": {
			"loop": true,
			"animation_length": 3,
			"bones": {
				"Armkanan2": {
					"rotation": [0, 0, -90]
				},
				"Armkanan": {
					"rotation": [0, 0, 90]
				}
			}
		}
	}
}