{
	"format_version": "1.8.0",
	"animations": {
		"animation.kaufmo.bob": {
			"loop": true,
			"animation_length": 10,
			"bones": {
				"Body3": {
					"rotation": {
						"0.0": [0, 0, -2.5],
						"1.0": [0, 0, -2.5],
						"2.0": [0, 0, -2.5],
						"3.0": [0, 0, -2.5],
						"4.0": [0, 0, -2.5],
						"5.0": [0, 0, -2.5],
						"6.0": [0, 0, -2.5],
						"7.0": [0, 0, -2.5],
						"8.0": [0, 0, -2.5],
						"9.0": [0, 0, -2.5]
					}
				},
				"Head": {
					"rotation": {
						"0.0": [0, 0, 70],
						"0.5": [23.66235, 8.31087, 71.74388],
						"1.25": [33.34411, 11.31335, 73.39821],
						"1.75": [-26.06663, -9.08661, 72.10756],
						"2.25": [-38.25563, -12.70001, 74.42061],
						"3.0": [0, 0, 70],
						"5.0": [0, 0, 70],
						"5.5": [0, 0, 30],
						"6.0": [0, 0, 80.5],
						"7.0": [0, 0, 70],
						"8.0": [0, 0, 70]
					}
				},
				"Body": {
					"rotation": {
						"0.0": [0, 0, 2.5],
						"1.0": [0, 0, 2.5],
						"2.0": [0, 0, 2.5],
						"3.0": [0, 0, 2.5],
						"4.0": [0, 0, 2.5],
						"5.0": [0, 0, 2.5],
						"6.0": [0, 0, 2.5],
						"7.0": [0, 0, 2.5],
						"8.0": [0, 0, 2.5],
						"9.0": [0, 0, 2.5]
					},
					"position": {
						"0.0": [1, -6, 0],
						"1.0": [1, -6, 0],
						"2.0": [1, -6, 0],
						"3.0": [1, -6, 0],
						"4.0": [1, -6, 0],
						"5.0": [1, -6, 0],
						"6.0": [1, -6, 0],
						"7.0": [1, -6, 0],
						"8.0": [1, -6, 0],
						"9.0": [1, -6, 0]
					}
				},
				"Leg": {
					"rotation": {
						"0.0": [12.45392, 1.08089, 0.11794],
						"1.0": [12.45392, 1.08089, 0.11794],
						"2.0": [12.45392, 1.08089, 0.11794],
						"3.0": [12.45392, 1.08089, 0.11794],
						"4.0": [12.45392, 1.08089, 0.11794],
						"5.0": [12.45392, 1.08089, 0.11794],
						"6.0": [12.45392, 1.08089, 0.11794],
						"7.0": [12.45392, 1.08089, 0.11794],
						"8.0": [12.45392, 1.08089, 0.11794],
						"9.0": [12.45392, 1.08089, 0.11794]
					}
				},
				"Leg2": {
					"rotation": [0.84271, -1.98769, -4.52479]
				},
				"Glicht": {
					"scale": {
						"0.0": [1, 1, 1.1],
						"0.0833": [1, 1, 2.9],
						"0.1667": [1, 1.8, 0.6],
						"0.25": [1, 0.4, 0.6],
						"0.3333": [1, 0.4, 2.6],
						"0.4167": [1, 2.1, -0.1],
						"0.5": [1.2, 1.5, 2.2],
						"0.5417": [1, 1, 1.1],
						"0.625": [1, 1, 2.9],
						"0.7083": [1, 1.8, 0.6],
						"0.7917": [1, 0.4, 0.6],
						"0.875": [1, 0.4, 4.5],
						"0.9583": [1, 2.1, -0.1],
						"1.0": [1, 1, 1.1],
						"1.0833": [1, 1, 2.9],
						"1.1667": [1, 1.8, 0.6],
						"1.25": [1, 0.4, 0.6],
						"1.3333": [1, 0.4, 2.6],
						"1.4167": [1, 2.1, -0.1],
						"1.5": [1.2, 1.5, 2.2],
						"1.5417": [1, 1, 1.1],
						"1.625": [1, 1, 2.9],
						"1.7083": [1, 1.8, 0.6],
						"1.7917": [1, 0.4, 0.6],
						"1.875": [1, 0.4, 4.5],
						"1.9583": [1, 2.1, -0.1],
						"2.0": [1, 1, 1.1],
						"2.0833": [1, 1, 2.9],
						"2.1667": [1, 1.8, 0.6],
						"2.25": [1, 0.4, 0.6],
						"2.3333": [1, 0.4, 2.6],
						"2.4167": [1, 2.1, -0.1],
						"2.5": [1.2, 1.5, 2.2],
						"2.5417": [1, 1, 1.1],
						"2.625": [1, 1, 2.9],
						"2.7083": [1, 1.8, 0.6],
						"2.7917": [1, 0.4, 0.6],
						"2.875": [1, 0.4, 4.5],
						"2.9583": [1, 2.1, -0.1],
						"3.0": [1, 1, 1.1],
						"3.0833": [1, 1, 2.9],
						"3.1667": [1, 1.8, 0.6],
						"3.25": [1, 0.4, 0.6],
						"3.3333": [1, 0.4, 2.6],
						"3.4167": [1, 2.1, -0.1],
						"3.5": [1.2, 1.5, 2.2],
						"3.5417": [1, 1, 1.1],
						"3.625": [1, 1, 2.9],
						"3.7083": [1, 1.8, 0.6],
						"3.7917": [1, 0.4, 0.6],
						"3.875": [1, 0.4, 4.5],
						"3.9583": [1, 2.1, -0.1],
						"4.0": [1, 1, 1.1],
						"4.0833": [1, 1, 2.9],
						"4.1667": [1, 1.8, 0.6],
						"4.25": [1, 0.4, 0.6],
						"4.3333": [1, 0.4, 2.6],
						"4.4167": [1, 2.1, -0.1],
						"4.5": [1.2, 1.5, 2.2],
						"4.5417": [1, 1, 1.1],
						"4.625": [1, 1, 2.9],
						"4.7083": [1, 1.8, 0.6],
						"4.7917": [1, 0.4, 0.6],
						"4.875": [1, 0.4, 4.5],
						"4.9583": [1, 2.1, -0.1],
						"5.0": [1, 1, 1.1],
						"5.0833": [1, 1, 2.9],
						"5.1667": [1, 1.8, 0.6],
						"5.25": [1, 0.4, 0.6],
						"5.3333": [1, 0.4, 2.6],
						"5.4167": [1, 2.1, -0.1],
						"5.5": [1.2, 1.5, 2.2],
						"5.5417": [1, 1, 1.1],
						"5.625": [1, 1, 2.9],
						"5.7083": [1, 1.8, 0.6],
						"5.7917": [1, 0.4, 0.6],
						"5.875": [1, 0.4, 4.5],
						"5.9583": [1, 2.1, -0.1],
						"6.0": [1, 1, 1.1],
						"6.0833": [1, 1, 2.9],
						"6.1667": [1, 1.8, 0.6],
						"6.25": [1, 0.4, 0.6],
						"6.3333": [1, 0.4, 2.6],
						"6.4167": [1, 2.1, -0.1],
						"6.5": [1.2, 1.5, 2.2],
						"6.5417": [1, 1, 1.1],
						"6.625": [1, 1, 2.9],
						"6.7083": [1, 1.8, 0.6],
						"6.7917": [1, 0.4, 0.6],
						"6.875": [1, 0.4, 4.5],
						"6.9583": [1, 2.1, -0.1],
						"7.0": [1, 1, 1.1],
						"7.0833": [1, 1, 2.9],
						"7.1667": [1, 1.8, 0.6],
						"7.25": [1, 0.4, 0.6],
						"7.3333": [1, 0.4, 2.6],
						"7.4167": [1, 2.1, -0.1],
						"7.5": [1.2, 1.5, 2.2],
						"7.5417": [1, 1, 1.1],
						"7.625": [1, 1, 2.9],
						"7.7083": [1, 1.8, 0.6],
						"7.7917": [1, 0.4, 0.6],
						"7.875": [1, 0.4, 4.5],
						"7.9583": [1, 2.1, -0.1],
						"8.0": [1, 1, 1.1],
						"8.0833": [1, 1, 2.9],
						"8.1667": [1, 1.8, 0.6],
						"8.25": [1, 0.4, 0.6],
						"8.3333": [1, 0.4, 2.6],
						"8.4167": [1, 2.1, -0.1],
						"8.5": [1.2, 1.5, 2.2],
						"8.5417": [1, 1, 1.1],
						"8.625": [1, 1, 2.9],
						"8.7083": [1, 1.8, 0.6],
						"8.7917": [1, 0.4, 0.6],
						"8.875": [1, 0.4, 4.5],
						"8.9583": [1, 2.1, -0.1],
						"9.0": [1, 1, 1.1],
						"9.0833": [1, 1, 2.9],
						"9.1667": [1, 1.8, 0.6],
						"9.25": [1, 0.4, 0.6],
						"9.3333": [1, 0.4, 2.6],
						"9.4167": [1, 2.1, -0.1],
						"9.5": [1.2, 1.5, 2.2],
						"9.5417": [1, 1, 1.1],
						"9.625": [1, 1, 2.9],
						"9.7083": [1, 1.8, 0.6],
						"9.7917": [1, 0.4, 0.6],
						"9.875": [1, 0.4, 4.5],
						"9.9583": [1, 2.1, -0.1],
						"10.0": [1.2, 1.5, 2.2]
					}
				},
				"Glicht2": {
					"scale": {
						"0.0": [1, 1.1, 1],
						"0.0833": [1, 3.2, 1],
						"0.1667": [2.2, 0.1, 1],
						"0.25": [-0.7, -0.9, 2.8],
						"0.3333": [-1.4, -1.9, 1.1],
						"0.4167": [-3, -1.1, 1.5],
						"0.5": [1, 1.1, 1],
						"0.5833": [1, 3.2, 1],
						"0.6667": [3.5, 0.1, 1],
						"0.75": [-0.7, -0.9, 2.8],
						"0.8333": [-1.4, -3.5, 1.1],
						"0.9167": [-3, -1.1, 1.5],
						"1.0": [1, 1.1, 1],
						"1.0833": [1, 3.2, 1],
						"1.1667": [2.2, 0.1, 1],
						"1.25": [-0.7, -0.9, 2.8],
						"1.3333": [-1.4, -1.9, 1.1],
						"1.4167": [-3, -1.1, 1.5],
						"1.5": [1, 1.1, 1],
						"1.5833": [1, 3.2, 1],
						"1.6667": [3.5, 0.1, 1],
						"1.75": [-0.7, -0.9, 2.8],
						"1.8333": [-1.4, -3.5, 1.1],
						"1.9167": [-3, -1.1, 1.5],
						"2.0": [1, 1.1, 1],
						"2.0833": [1, 3.2, 1],
						"2.1667": [2.2, 0.1, 1],
						"2.25": [-0.7, -0.9, 2.8],
						"2.3333": [-1.4, -1.9, 1.1],
						"2.4167": [-3, -1.1, 1.5],
						"2.5": [1, 1.1, 1],
						"2.5833": [1, 3.2, 1],
						"2.6667": [3.5, 0.1, 1],
						"2.75": [-0.7, -0.9, 2.8],
						"2.8333": [-1.4, -3.5, 1.1],
						"2.9167": [-3, -1.1, 1.5],
						"3.0": [1, 1.1, 1],
						"3.0833": [1, 3.2, 1],
						"3.1667": [2.2, 0.1, 1],
						"3.25": [-0.7, -0.9, 2.8],
						"3.3333": [-1.4, -1.9, 1.1],
						"3.4167": [-3, -1.1, 1.5],
						"3.5": [1, 1.1, 1],
						"3.5833": [1, 3.2, 1],
						"3.6667": [3.5, 0.1, 1],
						"3.75": [-0.7, -0.9, 2.8],
						"3.8333": [-1.4, -3.5, 1.1],
						"3.9167": [-3, -1.1, 1.5],
						"4.0": [1, 1.1, 1],
						"4.0833": [1, 3.2, 1],
						"4.1667": [2.2, 0.1, 1],
						"4.25": [-0.7, -0.9, 2.8],
						"4.3333": [-1.4, -1.9, 1.1],
						"4.4167": [-3, -1.1, 1.5],
						"4.5": [1, 1.1, 1],
						"4.5833": [1, 3.2, 1],
						"4.6667": [3.5, 0.1, 1],
						"4.75": [-0.7, -0.9, 2.8],
						"4.8333": [-1.4, -3.5, 1.1],
						"4.9167": [-3, -1.1, 1.5],
						"5.0": [1, 1.1, 1],
						"5.0833": [1, 3.2, 1],
						"5.1667": [2.2, 0.1, 1],
						"5.25": [-0.7, -0.9, 2.8],
						"5.3333": [-1.4, -1.9, 1.1],
						"5.4167": [-3, -1.1, 1.5],
						"5.5": [1, 1.1, 1],
						"5.5833": [1, 3.2, 1],
						"5.6667": [3.5, 0.1, 1],
						"5.75": [-0.7, -0.9, 2.8],
						"5.8333": [-1.4, -3.5, 1.1],
						"5.9167": [-3, -1.1, 1.5],
						"6.0": [1, 1.1, 1],
						"6.0833": [1, 3.2, 1],
						"6.1667": [2.2, 0.1, 1],
						"6.25": [-0.7, -0.9, 2.8],
						"6.3333": [-1.4, -1.9, 1.1],
						"6.4167": [-3, -1.1, 1.5],
						"6.5": [1, 1.1, 1],
						"6.5833": [1, 3.2, 1],
						"6.6667": [3.5, 0.1, 1],
						"6.75": [-0.7, -0.9, 2.8],
						"6.8333": [-1.4, -3.5, 1.1],
						"6.9167": [-3, -1.1, 1.5],
						"7.0": [1, 1.1, 1],
						"7.0833": [1, 3.2, 1],
						"7.1667": [2.2, 0.1, 1],
						"7.25": [-0.7, -0.9, 2.8],
						"7.3333": [-1.4, -1.9, 1.1],
						"7.4167": [-3, -1.1, 1.5],
						"7.5": [1, 1.1, 1],
						"7.5833": [1, 3.2, 1],
						"7.6667": [3.5, 0.1, 1],
						"7.75": [-0.7, -0.9, 2.8],
						"7.8333": [-1.4, -3.5, 1.1],
						"7.9167": [-3, -1.1, 1.5],
						"8.0": [1, 1.1, 1],
						"8.0833": [1, 3.2, 1],
						"8.1667": [2.2, 0.1, 1],
						"8.25": [-0.7, -0.9, 2.8],
						"8.3333": [-1.4, -1.9, 1.1],
						"8.4167": [-3, -1.1, 1.5],
						"8.5": [1, 1.1, 1],
						"8.5833": [1, 3.2, 1],
						"8.6667": [3.5, 0.1, 1],
						"8.75": [-0.7, -0.9, 2.8],
						"8.8333": [-1.4, -3.5, 1.1],
						"8.9167": [-3, -1.1, 1.5],
						"9.0": [1, 1.1, 1],
						"9.0833": [1, 3.2, 1],
						"9.1667": [2.2, 0.1, 1],
						"9.25": [-0.7, -0.9, 2.8],
						"9.3333": [-1.4, -1.9, 1.1],
						"9.4167": [-3, -1.1, 1.5],
						"9.5": [1, 1.1, 1],
						"9.5833": [1, 3.2, 1],
						"9.6667": [3.5, 0.1, 1],
						"9.75": [-0.7, -0.9, 2.8],
						"9.8333": [-1.4, -3.5, 1.1],
						"9.9167": [-3, -1.1, 1.5],
						"10.0": [-0.9, 2.1, 2.4]
					}
				},
				"Glicht3": {
					"scale": {
						"0.0": [1, 1.6, 1],
						"0.0833": [1.4, 1.6, 3.2],
						"0.1667": [1.4, 3.4, 0.3],
						"0.25": [4.2, 2.1, 0.5],
						"0.3333": [1.8, 2.1, -3.4],
						"0.4167": [4.6, 2.1, -0.8],
						"0.5": [1, 1.6, 1],
						"0.5833": [1.4, 1.6, 3.2],
						"0.6667": [1.4, 3.4, 0.3],
						"0.75": [4.2, 2.1, 0.5],
						"0.8333": [1.8, 2.1, -3.4],
						"0.9167": [4.6, 2.1, -0.8],
						"1.0": [1, 1.6, 1],
						"1.0833": [1.4, 1.6, 3.2],
						"1.1667": [1.4, 3.4, 0.3],
						"1.25": [4.2, 2.1, 0.5],
						"1.3333": [1.8, 2.1, -3.4],
						"1.4167": [4.6, 2.1, -0.8],
						"1.5": [1, 1.6, 1],
						"1.5833": [1.4, 1.6, 3.2],
						"1.6667": [1.4, 3.4, 0.3],
						"1.75": [4.2, 2.1, 0.5],
						"1.8333": [1.8, 2.1, -3.4],
						"1.9167": [4.6, 2.1, -0.8],
						"2.0": [1, 1.6, 1],
						"2.0833": [1.4, 1.6, 3.2],
						"2.1667": [1.4, 3.4, 0.3],
						"2.25": [4.2, 2.1, 0.5],
						"2.3333": [1.8, 2.1, -3.4],
						"2.4167": [4.6, 2.1, -0.8],
						"2.5": [1, 1.6, 1],
						"2.5833": [1.4, 1.6, 3.2],
						"2.6667": [1.4, 3.4, 0.3],
						"2.75": [4.2, 2.1, 0.5],
						"2.8333": [1.8, 2.1, -3.4],
						"2.9167": [4.6, 2.1, -0.8],
						"3.0": [1, 1.6, 1],
						"3.0833": [1.4, 1.6, 3.2],
						"3.1667": [1.4, 3.4, 0.3],
						"3.25": [4.2, 2.1, 0.5],
						"3.3333": [1.8, 2.1, -3.4],
						"3.4167": [4.6, 2.1, -0.8],
						"3.5": [1, 1.6, 1],
						"3.5833": [1.4, 1.6, 3.2],
						"3.6667": [1.4, 3.4, 0.3],
						"3.75": [4.2, 2.1, 0.5],
						"3.8333": [1.8, 2.1, -3.4],
						"3.9167": [4.6, 2.1, -0.8],
						"4.0": [1, 1.6, 1],
						"4.0833": [1.4, 1.6, 3.2],
						"4.1667": [1.4, 3.4, 0.3],
						"4.25": [4.2, 2.1, 0.5],
						"4.3333": [1.8, 2.1, -3.4],
						"4.4167": [4.6, 2.1, -0.8],
						"4.5": [1, 1.6, 1],
						"4.5833": [1.4, 1.6, 3.2],
						"4.6667": [1.4, 3.4, 0.3],
						"4.75": [4.2, 2.1, 0.5],
						"4.8333": [1.8, 2.1, -3.4],
						"4.9167": [4.6, 2.1, -0.8],
						"5.0": [1, 1.6, 1],
						"5.0833": [1.4, 1.6, 3.2],
						"5.1667": [1.4, 3.4, 0.3],
						"5.25": [4.2, 2.1, 0.5],
						"5.3333": [1.8, 2.1, -3.4],
						"5.4167": [4.6, 2.1, -0.8],
						"5.5": [1, 1.6, 1],
						"5.5833": [1.4, 1.6, 3.2],
						"5.6667": [1.4, 3.4, 0.3],
						"5.75": [4.2, 2.1, 0.5],
						"5.8333": [1.8, 2.1, -3.4],
						"5.9167": [4.6, 2.1, -0.8],
						"6.0": [1, 1.6, 1],
						"6.0833": [1.4, 1.6, 3.2],
						"6.1667": [1.4, 3.4, 0.3],
						"6.25": [4.2, 2.1, 0.5],
						"6.3333": [1.8, 2.1, -3.4],
						"6.4167": [4.6, 2.1, -0.8],
						"6.5": [1, 1.6, 1],
						"6.5833": [1.4, 1.6, 3.2],
						"6.6667": [1.4, 3.4, 0.3],
						"6.75": [4.2, 2.1, 0.5],
						"6.8333": [1.8, 2.1, -3.4],
						"6.9167": [4.6, 2.1, -0.8],
						"7.0": [1, 1.6, 1],
						"7.0833": [1.4, 1.6, 3.2],
						"7.1667": [1.4, 3.4, 0.3],
						"7.25": [4.2, 2.1, 0.5],
						"7.3333": [1.8, 2.1, -3.4],
						"7.4167": [4.6, 2.1, -0.8],
						"7.5": [1, 1.6, 1],
						"7.5833": [1.4, 1.6, 3.2],
						"7.6667": [1.4, 3.4, 0.3],
						"7.75": [4.2, 2.1, 0.5],
						"7.8333": [1.8, 2.1, -3.4],
						"7.9167": [4.6, 2.1, -0.8],
						"8.0": [1, 1.6, 1],
						"8.0833": [1.4, 1.6, 3.2],
						"8.1667": [1.4, 3.4, 0.3],
						"8.25": [4.2, 2.1, 0.5],
						"8.3333": [1.8, 2.1, -3.4],
						"8.4167": [4.6, 2.1, -0.8],
						"8.5": [1, 1.6, 1],
						"8.5833": [1.4, 1.6, 3.2],
						"8.6667": [1.4, 3.4, 0.3],
						"8.75": [4.2, 2.1, 0.5],
						"8.8333": [1.8, 2.1, -3.4],
						"8.9167": [4.6, 2.1, -0.8],
						"9.0": [1, 1.6, 1],
						"9.0833": [1.4, 1.6, 3.2],
						"9.1667": [1.4, 3.4, 0.3],
						"9.25": [4.2, 2.1, 0.5],
						"9.3333": [1.8, 2.1, -3.4],
						"9.4167": [4.6, 2.1, -0.8],
						"9.5": [1, 1.6, 1],
						"9.5833": [1.4, 1.6, 3.2],
						"9.6667": [1.4, 3.4, 0.3],
						"9.75": [4.2, 2.1, 0.5],
						"9.8333": [1.8, 2.1, -3.4],
						"9.9167": [4.6, 2.1, -0.8],
						"10.0": [2.6, 0.4, 3.3]
					}
				},
				"Leg3": {
					"rotation": [-12.45392, -1.08089, 0.11794]
				},
				"Leg4": {
					"rotation": [0, 0, -7.5]
				},
				"Glicht4": {
					"scale": {
						"0.0": [1, 1, 2.3],
						"0.0833": [1, 2.2, 0.6],
						"0.125": [1, 1.55, 3.65],
						"0.1667": [1, 0.9, 2.1],
						"0.25": [1.1, 2.3, 0.5],
						"0.3333": [1.1, 1.2, 2],
						"0.4167": [2.4, 2.4, 0.8],
						"0.5": [1, 1, 2.3],
						"0.5833": [1, 2.2, 0.6],
						"0.625": [1, 1.55, 3.65],
						"0.6667": [1, 0.9, 2.1],
						"0.75": [1.1, 2.3, 0.5],
						"0.8333": [1.1, 1.2, 2],
						"0.9167": [2.4, 2.4, 0.8],
						"1.0": [1, 1, 2.3],
						"1.0833": [1, 2.2, 0.6],
						"1.125": [1, 1.55, 3.65],
						"1.1667": [1, 0.9, 2.1],
						"1.25": [1.1, 2.3, 0.5],
						"1.3333": [1.1, 1.2, 2],
						"1.4167": [2.4, 2.4, 0.8],
						"1.5": [1, 1, 2.3],
						"1.5833": [1, 2.2, 0.6],
						"1.625": [1, 1.55, 3.65],
						"1.6667": [1, 0.9, 2.1],
						"1.75": [1.1, 2.3, 0.5],
						"1.8333": [1.1, 1.2, 2],
						"1.9167": [2.4, 2.4, 0.8],
						"2.0": [1, 1, 2.3],
						"2.0833": [1, 2.2, 0.6],
						"2.125": [1, 1.55, 3.65],
						"2.1667": [1, 0.9, 2.1],
						"2.25": [1.1, 2.3, 0.5],
						"2.3333": [1.1, 1.2, 2],
						"2.4167": [2.4, 2.4, 0.8],
						"2.5": [1, 1, 2.3],
						"2.5833": [1, 2.2, 0.6],
						"2.625": [1, 1.55, 3.65],
						"2.6667": [1, 0.9, 2.1],
						"2.75": [1.1, 2.3, 0.5],
						"2.8333": [1.1, 1.2, 2],
						"2.9167": [2.4, 2.4, 0.8],
						"3.0": [1, 1, 2.3],
						"3.0833": [1, 2.2, 0.6],
						"3.125": [1, 1.55, 3.65],
						"3.1667": [1, 0.9, 2.1],
						"3.25": [1.1, 2.3, 0.5],
						"3.3333": [1.1, 1.2, 2],
						"3.4167": [2.4, 2.4, 0.8],
						"3.5": [1, 1, 2.3],
						"3.5833": [1, 2.2, 0.6],
						"3.625": [1, 1.55, 3.65],
						"3.6667": [1, 0.9, 2.1],
						"3.75": [1.1, 2.3, 0.5],
						"3.8333": [1.1, 1.2, 2],
						"3.9167": [2.4, 2.4, 0.8],
						"4.0": [1, 1, 2.3],
						"4.0833": [1, 2.2, 0.6],
						"4.125": [1, 1.55, 3.65],
						"4.1667": [1, 0.9, 2.1],
						"4.25": [1.1, 2.3, 0.5],
						"4.3333": [1.1, 1.2, 2],
						"4.4167": [2.4, 2.4, 0.8],
						"4.5": [1, 1, 2.3],
						"4.5833": [1, 2.2, 0.6],
						"4.625": [1, 1.55, 3.65],
						"4.6667": [1, 0.9, 2.1],
						"4.75": [1.1, 2.3, 0.5],
						"4.8333": [1.1, 1.2, 2],
						"4.9167": [2.4, 2.4, 0.8],
						"5.0": [1, 1, 2.3],
						"5.0833": [1, 2.2, 0.6],
						"5.125": [1, 1.55, 3.65],
						"5.1667": [1, 0.9, 2.1],
						"5.25": [1.1, 2.3, 0.5],
						"5.3333": [1.1, 1.2, 2],
						"5.4167": [2.4, 2.4, 0.8],
						"5.5": [1, 1, 2.3],
						"5.5833": [1, 2.2, 0.6],
						"5.625": [1, 1.55, 3.65],
						"5.6667": [1, 0.9, 2.1],
						"5.75": [1.1, 2.3, 0.5],
						"5.8333": [1.1, 1.2, 2],
						"5.9167": [2.4, 2.4, 0.8],
						"6.0": [1, 1, 2.3],
						"6.0833": [1, 2.2, 0.6],
						"6.125": [1, 1.55, 3.65],
						"6.1667": [1, 0.9, 2.1],
						"6.25": [1.1, 2.3, 0.5],
						"6.3333": [1.1, 1.2, 2],
						"6.4167": [2.4, 2.4, 0.8],
						"6.5": [1, 1, 2.3],
						"6.5833": [1, 2.2, 0.6],
						"6.625": [1, 1.55, 3.65],
						"6.6667": [1, 0.9, 2.1],
						"6.75": [1.1, 2.3, 0.5],
						"6.8333": [1.1, 1.2, 2],
						"6.9167": [2.4, 2.4, 0.8],
						"7.0": [1, 1, 2.3],
						"7.0833": [1, 2.2, 0.6],
						"7.125": [1, 1.55, 3.65],
						"7.1667": [1, 0.9, 2.1],
						"7.25": [1.1, 2.3, 0.5],
						"7.3333": [1.1, 1.2, 2],
						"7.4167": [2.4, 2.4, 0.8],
						"7.5": [1, 1, 2.3],
						"7.5833": [1, 2.2, 0.6],
						"7.625": [1, 1.55, 3.65],
						"7.6667": [1, 0.9, 2.1],
						"7.75": [1.1, 2.3, 0.5],
						"7.8333": [1.1, 1.2, 2],
						"7.9167": [2.4, 2.4, 0.8],
						"8.0": [1, 1, 2.3],
						"8.0833": [1, 2.2, 0.6],
						"8.125": [1, 1.55, 3.65],
						"8.1667": [1, 0.9, 2.1],
						"8.25": [1.1, 2.3, 0.5],
						"8.3333": [1.1, 1.2, 2],
						"8.4167": [2.4, 2.4, 0.8],
						"8.5": [1, 1, 2.3],
						"8.5833": [1, 2.2, 0.6],
						"8.625": [1, 1.55, 3.65],
						"8.6667": [1, 0.9, 2.1],
						"8.75": [1.1, 2.3, 0.5],
						"8.8333": [1.1, 1.2, 2],
						"8.9167": [2.4, 2.4, 0.8],
						"9.0": [1, 1, 2.3],
						"9.0833": [1, 2.2, 0.6],
						"9.125": [1, 1.55, 3.65],
						"9.1667": [1, 0.9, 2.1],
						"9.25": [1.1, 2.3, 0.5],
						"9.3333": [1.1, 1.2, 2],
						"9.4167": [2.4, 2.4, 0.8],
						"9.5": [1, 1, 2.3],
						"9.5833": [1, 2.2, 0.6],
						"9.625": [1, 1.55, 3.65],
						"9.6667": [1, 0.9, 2.1],
						"9.75": [1.1, 2.3, 0.5],
						"9.8333": [1.1, 1.2, 2],
						"9.9167": [2.4, 2.4, 0.8],
						"10.0": [1.2, 1.4, 1.8]
					}
				},
				"Glicht7": {
					"scale": {
						"0.0": [1, 2.2, 1],
						"0.0833": [1, 1.6, 2.8],
						"0.1667": [2.4, 1.6, 1.8],
						"0.25": [0.7, 3, 1],
						"0.3333": [2.7, 2, 1.8],
						"0.4167": [2.7, 1.7, -1.7],
						"0.5": [1, 2.2, 1],
						"0.5833": [1, 1.6, 2.8],
						"0.6667": [2.4, 1.6, 1.8],
						"0.75": [0.7, 3, 1],
						"0.8333": [2.7, 2, 1.8],
						"0.9167": [2.7, 1.7, -1.7],
						"1.0": [1, 2.2, 1],
						"1.0833": [1, 1.6, 2.8],
						"1.1667": [2.4, 1.6, 1.8],
						"1.25": [0.7, 3, 1],
						"1.3333": [2.7, 2, 1.8],
						"1.4167": [2.7, 1.7, -1.7],
						"1.5": [1, 2.2, 1],
						"1.5833": [1, 1.6, 2.8],
						"1.6667": [2.4, 1.6, 1.8],
						"1.75": [0.7, 3, 1],
						"1.8333": [2.7, 2, 1.8],
						"1.9167": [2.7, 1.7, -1.7],
						"2.0": [1, 2.2, 1],
						"2.0833": [1, 1.6, 2.8],
						"2.1667": [2.4, 1.6, 1.8],
						"2.25": [0.7, 3, 1],
						"2.3333": [2.7, 2, 1.8],
						"2.4167": [2.7, 1.7, -1.7],
						"2.5": [1, 2.2, 1],
						"2.5833": [1, 1.6, 2.8],
						"2.6667": [2.4, 1.6, 1.8],
						"2.75": [0.7, 3, 1],
						"2.8333": [2.7, 2, 1.8],
						"2.9167": [2.7, 1.7, -1.7],
						"3.0": [1, 2.2, 1],
						"3.0833": [1, 1.6, 2.8],
						"3.1667": [2.4, 1.6, 1.8],
						"3.25": [0.7, 3, 1],
						"3.3333": [2.7, 2, 1.8],
						"3.4167": [2.7, 1.7, -1.7],
						"3.5": [1, 2.2, 1],
						"3.5833": [1, 1.6, 2.8],
						"3.6667": [2.4, 1.6, 1.8],
						"3.75": [0.7, 3, 1],
						"3.8333": [2.7, 2, 1.8],
						"3.9167": [2.7, 1.7, -1.7],
						"4.0": [1, 2.2, 1],
						"4.0833": [1, 1.6, 2.8],
						"4.1667": [2.4, 1.6, 1.8],
						"4.25": [0.7, 3, 1],
						"4.3333": [2.7, 2, 1.8],
						"4.4167": [2.7, 1.7, -1.7],
						"4.5": [1, 2.2, 1],
						"4.5833": [1, 1.6, 2.8],
						"4.6667": [2.4, 1.6, 1.8],
						"4.75": [0.7, 3, 1],
						"4.8333": [2.7, 2, 1.8],
						"4.9167": [2.7, 1.7, -1.7],
						"5.0": [1, 2.2, 1],
						"5.0833": [1, 1.6, 2.8],
						"5.1667": [2.4, 1.6, 1.8],
						"5.25": [0.7, 3, 1],
						"5.3333": [2.7, 2, 1.8],
						"5.4167": [2.7, 1.7, -1.7],
						"5.5": [1, 2.2, 1],
						"5.5833": [1, 1.6, 2.8],
						"5.6667": [2.4, 1.6, 1.8],
						"5.75": [0.7, 3, 1],
						"5.8333": [2.7, 2, 1.8],
						"5.9167": [2.7, 1.7, -1.7],
						"6.0": [1, 2.2, 1],
						"6.0833": [1, 1.6, 2.8],
						"6.1667": [2.4, 1.6, 1.8],
						"6.25": [0.7, 3, 1],
						"6.3333": [2.7, 2, 1.8],
						"6.4167": [2.7, 1.7, -1.7],
						"6.5": [1, 2.2, 1],
						"6.5833": [1, 1.6, 2.8],
						"6.6667": [2.4, 1.6, 1.8],
						"6.75": [0.7, 3, 1],
						"6.8333": [2.7, 2, 1.8],
						"6.9167": [2.7, 1.7, -1.7],
						"7.0": [1, 2.2, 1],
						"7.0833": [1, 1.6, 2.8],
						"7.1667": [2.4, 1.6, 1.8],
						"7.25": [0.7, 3, 1],
						"7.3333": [2.7, 2, 1.8],
						"7.4167": [2.7, 1.7, -1.7],
						"7.5": [1, 2.2, 1],
						"7.5833": [1, 1.6, 2.8],
						"7.6667": [2.4, 1.6, 1.8],
						"7.75": [0.7, 3, 1],
						"7.8333": [2.7, 2, 1.8],
						"7.9167": [2.7, 1.7, -1.7],
						"8.0": [1, 2.2, 1],
						"8.0833": [1, 1.6, 2.8],
						"8.1667": [2.4, 1.6, 1.8],
						"8.25": [0.7, 3, 1],
						"8.3333": [2.7, 2, 1.8],
						"8.4167": [2.7, 1.7, -1.7],
						"8.5": [1, 2.2, 1],
						"8.5833": [1, 1.6, 2.8],
						"8.6667": [2.4, 1.6, 1.8],
						"8.75": [0.7, 3, 1],
						"8.8333": [2.7, 2, 1.8],
						"8.9167": [2.7, 1.7, -1.7],
						"9.0": [1, 2.2, 1],
						"9.0833": [1, 1.6, 2.8],
						"9.1667": [2.4, 1.6, 1.8],
						"9.25": [0.7, 3, 1],
						"9.3333": [2.7, 2, 1.8],
						"9.4167": [2.7, 1.7, -1.7],
						"9.5": [1, 2.2, 1],
						"9.5833": [1, 1.6, 2.8],
						"9.6667": [2.4, 1.6, 1.8],
						"9.75": [0.7, 3, 1],
						"9.8333": [2.7, 2, 1.8],
						"9.9167": [2.7, 1.7, -1.7],
						"10.0": [1.2, 0.7, -2.8]
					}
				},
				"Glicht5": {
					"scale": {
						"0.0": [1, 0.8, 1],
						"0.0833": [1, 2.1, 1],
						"0.1667": [2.6, 1.8, 1],
						"0.25": [0.6, 2.2, 1],
						"0.3333": [0.6, 1.3, 2.5],
						"0.4167": [2.6, 2.2, 1.8],
						"0.5": [1.8, 2, 2.4],
						"0.5833": [1, 0.8, 1],
						"0.6667": [1, 2.1, 1],
						"0.75": [2.6, 1.8, 1],
						"0.8333": [0.6, 2.2, 1],
						"0.9167": [0.6, 1.3, 2.5],
						"1.0": [1, 0.8, 1],
						"1.0833": [1, 2.1, 1],
						"1.1667": [2.6, 1.8, 1],
						"1.25": [0.6, 2.2, 1],
						"1.3333": [0.6, 1.3, 2.5],
						"1.4167": [2.6, 2.2, 1.8],
						"1.5": [1.8, 2, 2.4],
						"1.5833": [1, 0.8, 1],
						"1.6667": [1, 2.1, 1],
						"1.75": [2.6, 1.8, 1],
						"1.8333": [0.6, 2.2, 1],
						"1.9167": [0.6, 1.3, 2.5],
						"2.0": [1, 0.8, 1],
						"2.0833": [1, 2.1, 1],
						"2.1667": [2.6, 1.8, 1],
						"2.25": [0.6, 2.2, 1],
						"2.3333": [0.6, 1.3, 2.5],
						"2.4167": [2.6, 2.2, 1.8],
						"2.5": [1.8, 2, 2.4],
						"2.5833": [1, 0.8, 1],
						"2.6667": [1, 2.1, 1],
						"2.75": [2.6, 1.8, 1],
						"2.8333": [0.6, 2.2, 1],
						"2.9167": [0.6, 1.3, 2.5],
						"3.0": [1, 0.8, 1],
						"3.0833": [1, 2.1, 1],
						"3.1667": [2.6, 1.8, 1],
						"3.25": [0.6, 2.2, 1],
						"3.3333": [0.6, 1.3, 2.5],
						"3.4167": [2.6, 2.2, 1.8],
						"3.5": [1.8, 2, 2.4],
						"3.5833": [1, 0.8, 1],
						"3.6667": [1, 2.1, 1],
						"3.75": [2.6, 1.8, 1],
						"3.8333": [0.6, 2.2, 1],
						"3.9167": [0.6, 1.3, 2.5],
						"4.0": [1, 0.8, 1],
						"4.0833": [1, 2.1, 1],
						"4.1667": [2.6, 1.8, 1],
						"4.25": [0.6, 2.2, 1],
						"4.3333": [0.6, 1.3, 2.5],
						"4.4167": [2.6, 2.2, 1.8],
						"4.5": [1.8, 2, 2.4],
						"4.5833": [1, 0.8, 1],
						"4.6667": [1, 2.1, 1],
						"4.75": [2.6, 1.8, 1],
						"4.8333": [0.6, 2.2, 1],
						"4.9167": [0.6, 1.3, 2.5],
						"5.0": [1, 0.8, 1],
						"5.0833": [1, 2.1, 1],
						"5.1667": [2.6, 1.8, 1],
						"5.25": [0.6, 2.2, 1],
						"5.3333": [0.6, 1.3, 2.5],
						"5.4167": [2.6, 2.2, 1.8],
						"5.5": [1.8, 2, 2.4],
						"5.5833": [1, 0.8, 1],
						"5.6667": [1, 2.1, 1],
						"5.75": [2.6, 1.8, 1],
						"5.8333": [0.6, 2.2, 1],
						"5.9167": [0.6, 1.3, 2.5],
						"6.0": [1, 0.8, 1],
						"6.0833": [1, 2.1, 1],
						"6.1667": [2.6, 1.8, 1],
						"6.25": [0.6, 2.2, 1],
						"6.3333": [0.6, 1.3, 2.5],
						"6.4167": [2.6, 2.2, 1.8],
						"6.5": [1.8, 2, 2.4],
						"6.5833": [1, 0.8, 1],
						"6.6667": [1, 2.1, 1],
						"6.75": [2.6, 1.8, 1],
						"6.8333": [0.6, 2.2, 1],
						"6.9167": [0.6, 1.3, 2.5],
						"7.0": [1, 0.8, 1],
						"7.0833": [1, 2.1, 1],
						"7.1667": [2.6, 1.8, 1],
						"7.25": [0.6, 2.2, 1],
						"7.3333": [0.6, 1.3, 2.5],
						"7.4167": [2.6, 2.2, 1.8],
						"7.5": [1.8, 2, 2.4],
						"7.5833": [1, 0.8, 1],
						"7.6667": [1, 2.1, 1],
						"7.75": [2.6, 1.8, 1],
						"7.8333": [0.6, 2.2, 1],
						"7.9167": [0.6, 1.3, 2.5],
						"8.0": [1, 0.8, 1],
						"8.0833": [1, 2.1, 1],
						"8.1667": [2.6, 1.8, 1],
						"8.25": [0.6, 2.2, 1],
						"8.3333": [0.6, 1.3, 2.5],
						"8.4167": [2.6, 2.2, 1.8],
						"8.5": [1.8, 2, 2.4],
						"8.5833": [1, 0.8, 1],
						"8.6667": [1, 2.1, 1],
						"8.75": [2.6, 1.8, 1],
						"8.8333": [0.6, 2.2, 1],
						"8.9167": [0.6, 1.3, 2.5],
						"9.0": [1, 0.8, 1],
						"9.0833": [1, 2.1, 1],
						"9.1667": [2.6, 1.8, 1],
						"9.25": [0.6, 2.2, 1],
						"9.3333": [0.6, 1.3, 2.5],
						"9.4167": [2.6, 2.2, 1.8],
						"9.5": [1.8, 2, 2.4],
						"9.5833": [1, 0.8, 1],
						"9.6667": [1, 2.1, 1],
						"9.75": [2.6, 1.8, 1],
						"9.8333": [0.6, 2.2, 1],
						"9.9167": [0.6, 1.3, 2.5],
						"10.0": [2.6, 2.2, 1.8]
					}
				},
				"Glicht6": {
					"scale": {
						"0.0": [1, 0.4, 1],
						"0.0833": [1, 3.2, 1],
						"0.1667": [1.4, 1.9, 2.7],
						"0.25": [2.9, 1.9, 1.9],
						"0.3333": [2.5, 1.9, 2],
						"0.4167": [1.9, 2.5, 1.8],
						"0.5": [1, 0.4, 1],
						"0.5833": [1, 3.2, 1],
						"0.6667": [1.4, 1.9, 2.7],
						"0.75": [2.9, 1.9, 1.9],
						"0.8333": [2.5, 1.9, 2],
						"0.9167": [1.9, 2.5, 1.8],
						"1.0": [1, 0.4, 1],
						"1.0833": [1, 3.2, 1],
						"1.1667": [1.4, 1.9, 2.7],
						"1.25": [2.9, 1.9, 1.9],
						"1.3333": [2.5, 1.9, 2],
						"1.4167": [1.9, 2.5, 1.8],
						"1.5": [1, 0.4, 1],
						"1.5833": [1, 3.2, 1],
						"1.6667": [1.4, 1.9, 2.7],
						"1.75": [2.9, 1.9, 1.9],
						"1.8333": [2.5, 1.9, 2],
						"1.9167": [1.9, 2.5, 1.8],
						"2.0": [1, 0.4, 1],
						"2.0833": [1, 3.2, 1],
						"2.1667": [1.4, 1.9, 2.7],
						"2.25": [2.9, 1.9, 1.9],
						"2.3333": [2.5, 1.9, 2],
						"2.4167": [1.9, 2.5, 1.8],
						"2.5": [1, 0.4, 1],
						"2.5833": [1, 3.2, 1],
						"2.6667": [1.4, 1.9, 2.7],
						"2.75": [2.9, 1.9, 1.9],
						"2.8333": [2.5, 1.9, 2],
						"2.9167": [1.9, 2.5, 1.8],
						"3.0": [1, 0.4, 1],
						"3.0833": [1, 3.2, 1],
						"3.1667": [1.4, 1.9, 2.7],
						"3.25": [2.9, 1.9, 1.9],
						"3.3333": [2.5, 1.9, 2],
						"3.4167": [1.9, 2.5, 1.8],
						"3.5": [1, 0.4, 1],
						"3.5833": [1, 3.2, 1],
						"3.6667": [1.4, 1.9, 2.7],
						"3.75": [2.9, 1.9, 1.9],
						"3.8333": [2.5, 1.9, 2],
						"3.9167": [1.9, 2.5, 1.8],
						"4.0": [1, 0.4, 1],
						"4.0833": [1, 3.2, 1],
						"4.1667": [1.4, 1.9, 2.7],
						"4.25": [2.9, 1.9, 1.9],
						"4.3333": [2.5, 1.9, 2],
						"4.4167": [1.9, 2.5, 1.8],
						"4.5": [1, 0.4, 1],
						"4.5833": [1, 3.2, 1],
						"4.6667": [1.4, 1.9, 2.7],
						"4.75": [2.9, 1.9, 1.9],
						"4.8333": [2.5, 1.9, 2],
						"4.9167": [1.9, 2.5, 1.8],
						"5.0": [1, 0.4, 1],
						"5.0833": [1, 3.2, 1],
						"5.1667": [1.4, 1.9, 2.7],
						"5.25": [2.9, 1.9, 1.9],
						"5.3333": [2.5, 1.9, 2],
						"5.4167": [1.9, 2.5, 1.8],
						"5.5": [1, 0.4, 1],
						"5.5833": [1, 3.2, 1],
						"5.6667": [1.4, 1.9, 2.7],
						"5.75": [2.9, 1.9, 1.9],
						"5.8333": [2.5, 1.9, 2],
						"5.9167": [1.9, 2.5, 1.8],
						"6.0": [1, 0.4, 1],
						"6.0833": [1, 3.2, 1],
						"6.1667": [1.4, 1.9, 2.7],
						"6.25": [2.9, 1.9, 1.9],
						"6.3333": [2.5, 1.9, 2],
						"6.4167": [1.9, 2.5, 1.8],
						"6.5": [1, 0.4, 1],
						"6.5833": [1, 3.2, 1],
						"6.6667": [1.4, 1.9, 2.7],
						"6.75": [2.9, 1.9, 1.9],
						"6.8333": [2.5, 1.9, 2],
						"6.9167": [1.9, 2.5, 1.8],
						"7.0": [1, 0.4, 1],
						"7.0833": [1, 3.2, 1],
						"7.1667": [1.4, 1.9, 2.7],
						"7.25": [2.9, 1.9, 1.9],
						"7.3333": [2.5, 1.9, 2],
						"7.4167": [1.9, 2.5, 1.8],
						"7.5": [1, 0.4, 1],
						"7.5833": [1, 3.2, 1],
						"7.6667": [1.4, 1.9, 2.7],
						"7.75": [2.9, 1.9, 1.9],
						"7.8333": [2.5, 1.9, 2],
						"7.9167": [1.9, 2.5, 1.8],
						"8.0": [1, 0.4, 1],
						"8.0833": [1, 3.2, 1],
						"8.1667": [1.4, 1.9, 2.7],
						"8.25": [2.9, 1.9, 1.9],
						"8.3333": [2.5, 1.9, 2],
						"8.4167": [1.9, 2.5, 1.8],
						"8.5": [1, 0.4, 1],
						"8.5833": [1, 3.2, 1],
						"8.6667": [1.4, 1.9, 2.7],
						"8.75": [2.9, 1.9, 1.9],
						"8.8333": [2.5, 1.9, 2],
						"8.9167": [1.9, 2.5, 1.8],
						"9.0": [1, 0.4, 1],
						"9.0833": [1, 3.2, 1],
						"9.1667": [1.4, 1.9, 2.7],
						"9.25": [2.9, 1.9, 1.9],
						"9.3333": [2.5, 1.9, 2],
						"9.4167": [1.9, 2.5, 1.8],
						"9.5": [1, 0.4, 1],
						"9.5833": [1, 3.2, 1],
						"9.6667": [1.4, 1.9, 2.7],
						"9.75": [2.9, 1.9, 1.9],
						"9.8333": [2.5, 1.9, 2],
						"9.9167": [1.9, 2.5, 1.8],
						"10.0": [2.7, 0.5, 1.8]
					}
				},
				"Glicht9": {
					"scale": {
						"0.0": [1, 1, 2.3],
						"0.0833": [2, 1, 2.3],
						"0.1667": [0.7, 1, -2.9],
						"0.25": [-1.2, 1, -2.2],
						"0.3333": [-1.2, 2.7, -2],
						"0.4167": [-1.2, 1.6, 2.2],
						"0.5": [1, 1, 2.3],
						"0.5833": [2, 1, 2.3],
						"0.6667": [0.7, 1, -2.9],
						"0.75": [-1.2, 1, -2.2],
						"0.8333": [-1.2, 2.7, -2],
						"0.9167": [-1.2, 1.6, 2.2],
						"1.0": [1, 1, 2.3],
						"1.0833": [2, 1, 2.3],
						"1.1667": [0.7, 1, -2.9],
						"1.25": [-1.2, 1, -2.2],
						"1.3333": [-1.2, 2.7, -2],
						"1.4167": [-1.2, 1.6, 2.2],
						"1.5": [1, 1, 2.3],
						"1.5833": [2, 1, 2.3],
						"1.6667": [0.7, 1, -2.9],
						"1.75": [-1.2, 1, -2.2],
						"1.8333": [-1.2, 2.7, -2],
						"1.9167": [-1.2, 1.6, 2.2],
						"2.0": [1, 1, 2.3],
						"2.0833": [2, 1, 2.3],
						"2.1667": [0.7, 1, -2.9],
						"2.25": [-1.2, 1, -2.2],
						"2.3333": [-1.2, 2.7, -2],
						"2.4167": [-1.2, 1.6, 2.2],
						"2.5": [1, 1, 2.3],
						"2.5833": [2, 1, 2.3],
						"2.6667": [0.7, 1, -2.9],
						"2.75": [-1.2, 1, -2.2],
						"2.8333": [-1.2, 2.7, -2],
						"2.9167": [-1.2, 1.6, 2.2],
						"3.0": [1, 1, 2.3],
						"3.0833": [2, 1, 2.3],
						"3.1667": [0.7, 1, -2.9],
						"3.25": [-1.2, 1, -2.2],
						"3.3333": [-1.2, 2.7, -2],
						"3.4167": [-1.2, 1.6, 2.2],
						"3.5": [1, 1, 2.3],
						"3.5833": [2, 1, 2.3],
						"3.6667": [0.7, 1, -2.9],
						"3.75": [-1.2, 1, -2.2],
						"3.8333": [-1.2, 2.7, -2],
						"3.9167": [-1.2, 1.6, 2.2],
						"4.0": [1, 1, 2.3],
						"4.0833": [2, 1, 2.3],
						"4.1667": [0.7, 1, -2.9],
						"4.25": [-1.2, 1, -2.2],
						"4.3333": [-1.2, 2.7, -2],
						"4.4167": [-1.2, 1.6, 2.2],
						"4.5": [1, 1, 2.3],
						"4.5833": [2, 1, 2.3],
						"4.6667": [0.7, 1, -2.9],
						"4.75": [-1.2, 1, -2.2],
						"4.8333": [-1.2, 2.7, -2],
						"4.9167": [-1.2, 1.6, 2.2],
						"5.0": [1, 1, 2.3],
						"5.0833": [2, 1, 2.3],
						"5.1667": [0.7, 1, -2.9],
						"5.25": [-1.2, 1, -2.2],
						"5.3333": [-1.2, 2.7, -2],
						"5.4167": [-1.2, 1.6, 2.2],
						"5.5": [1, 1, 2.3],
						"5.5833": [2, 1, 2.3],
						"5.6667": [0.7, 1, -2.9],
						"5.75": [-1.2, 1, -2.2],
						"5.8333": [-1.2, 2.7, -2],
						"5.9167": [-1.2, 1.6, 2.2],
						"6.0": [1, 1, 2.3],
						"6.0833": [2, 1, 2.3],
						"6.1667": [0.7, 1, -2.9],
						"6.25": [-1.2, 1, -2.2],
						"6.3333": [-1.2, 2.7, -2],
						"6.4167": [-1.2, 1.6, 2.2],
						"6.5": [1, 1, 2.3],
						"6.5833": [2, 1, 2.3],
						"6.6667": [0.7, 1, -2.9],
						"6.75": [-1.2, 1, -2.2],
						"6.8333": [-1.2, 2.7, -2],
						"6.9167": [-1.2, 1.6, 2.2],
						"7.0": [1, 1, 2.3],
						"7.0833": [2, 1, 2.3],
						"7.1667": [0.7, 1, -2.9],
						"7.25": [-1.2, 1, -2.2],
						"7.3333": [-1.2, 2.7, -2],
						"7.4167": [-1.2, 1.6, 2.2],
						"7.5": [1, 1, 2.3],
						"7.5833": [2, 1, 2.3],
						"7.6667": [0.7, 1, -2.9],
						"7.75": [-1.2, 1, -2.2],
						"7.8333": [-1.2, 2.7, -2],
						"7.9167": [-1.2, 1.6, 2.2],
						"8.0": [1, 1, 2.3],
						"8.0833": [2, 1, 2.3],
						"8.1667": [0.7, 1, -2.9],
						"8.25": [-1.2, 1, -2.2],
						"8.3333": [-1.2, 2.7, -2],
						"8.4167": [-1.2, 1.6, 2.2],
						"8.5": [1, 1, 2.3],
						"8.5833": [2, 1, 2.3],
						"8.6667": [0.7, 1, -2.9],
						"8.75": [-1.2, 1, -2.2],
						"8.8333": [-1.2, 2.7, -2],
						"8.9167": [-1.2, 1.6, 2.2],
						"9.0": [1, 1, 2.3],
						"9.0833": [2, 1, 2.3],
						"9.1667": [0.7, 1, -2.9],
						"9.25": [-1.2, 1, -2.2],
						"9.3333": [-1.2, 2.7, -2],
						"9.4167": [-1.2, 1.6, 2.2],
						"9.5": [1, 1, 2.3],
						"9.5833": [2, 1, 2.3],
						"9.6667": [0.7, 1, -2.9],
						"9.75": [-1.2, 1, -2.2],
						"9.8333": [-1.2, 2.7, -2],
						"9.9167": [-1.2, 1.6, 2.2],
						"10.0": [-1.5, 1.6, -1.7]
					}
				},
				"Glicht8": {
					"scale": {
						"0.0": [1, 1, 2.5],
						"0.0833": [2.6, 1, 2.5],
						"0.1667": [2, -2.3, 1.1],
						"0.25": [1, -2.3, 1.1],
						"0.3333": [1, -1.8, 2.1],
						"0.4167": [-1.3, -1.8, 2.1],
						"0.5": [1, 1, 2.5],
						"0.5833": [2.6, 1, 2.5],
						"0.6667": [2, -2.3, 1.1],
						"0.75": [1, -2.3, 1.1],
						"0.8333": [1, -1.8, 2.1],
						"0.9167": [-1.3, -1.8, 2.1],
						"1.0": [1, 1, 2.5],
						"1.0833": [2.6, 1, 2.5],
						"1.1667": [2, -2.3, 1.1],
						"1.25": [1, -2.3, 1.1],
						"1.3333": [1, -1.8, 2.1],
						"1.4167": [-1.3, -1.8, 2.1],
						"1.5": [1, 1, 2.5],
						"1.5833": [2.6, 1, 2.5],
						"1.6667": [2, -2.3, 1.1],
						"1.75": [1, -2.3, 1.1],
						"1.8333": [1, -1.8, 2.1],
						"1.9167": [-1.3, -1.8, 2.1],
						"2.0": [1, 1, 2.5],
						"2.0833": [2.6, 1, 2.5],
						"2.1667": [2, -2.3, 1.1],
						"2.25": [1, -2.3, 1.1],
						"2.3333": [1, -1.8, 2.1],
						"2.4167": [-1.3, -1.8, 2.1],
						"2.5": [1, 1, 2.5],
						"2.5833": [2.6, 1, 2.5],
						"2.6667": [2, -2.3, 1.1],
						"2.75": [1, -2.3, 1.1],
						"2.8333": [1, -1.8, 2.1],
						"2.9167": [-1.3, -1.8, 2.1],
						"3.0": [1, 1, 2.5],
						"3.0833": [2.6, 1, 2.5],
						"3.1667": [2, -2.3, 1.1],
						"3.25": [1, -2.3, 1.1],
						"3.3333": [1, -1.8, 2.1],
						"3.4167": [-1.3, -1.8, 2.1],
						"3.5": [1, 1, 2.5],
						"3.5833": [2.6, 1, 2.5],
						"3.6667": [2, -2.3, 1.1],
						"3.75": [1, -2.3, 1.1],
						"3.8333": [1, -1.8, 2.1],
						"3.9167": [-1.3, -1.8, 2.1],
						"4.0": [1, 1, 2.5],
						"4.0833": [2.6, 1, 2.5],
						"4.1667": [2, -2.3, 1.1],
						"4.25": [1, -2.3, 1.1],
						"4.3333": [1, -1.8, 2.1],
						"4.4167": [-1.3, -1.8, 2.1],
						"4.5": [1, 1, 2.5],
						"4.5833": [2.6, 1, 2.5],
						"4.6667": [2, -2.3, 1.1],
						"4.75": [1, -2.3, 1.1],
						"4.8333": [1, -1.8, 2.1],
						"4.9167": [-1.3, -1.8, 2.1],
						"5.0": [1, 1, 2.5],
						"5.0833": [2.6, 1, 2.5],
						"5.1667": [2, -2.3, 1.1],
						"5.25": [1, -2.3, 1.1],
						"5.3333": [1, -1.8, 2.1],
						"5.4167": [-1.3, -1.8, 2.1],
						"5.5": [1, 1, 2.5],
						"5.5833": [2.6, 1, 2.5],
						"5.6667": [2, -2.3, 1.1],
						"5.75": [1, -2.3, 1.1],
						"5.8333": [1, -1.8, 2.1],
						"5.9167": [-1.3, -1.8, 2.1],
						"6.0": [1, 1, 2.5],
						"6.0833": [2.6, 1, 2.5],
						"6.1667": [2, -2.3, 1.1],
						"6.25": [1, -2.3, 1.1],
						"6.3333": [1, -1.8, 2.1],
						"6.4167": [-1.3, -1.8, 2.1],
						"6.5": [1, 1, 2.5],
						"6.5833": [2.6, 1, 2.5],
						"6.6667": [2, -2.3, 1.1],
						"6.75": [1, -2.3, 1.1],
						"6.8333": [1, -1.8, 2.1],
						"6.9167": [-1.3, -1.8, 2.1],
						"7.0": [1, 1, 2.5],
						"7.0833": [2.6, 1, 2.5],
						"7.1667": [2, -2.3, 1.1],
						"7.25": [1, -2.3, 1.1],
						"7.3333": [1, -1.8, 2.1],
						"7.4167": [-1.3, -1.8, 2.1],
						"7.5": [1, 1, 2.5],
						"7.5833": [2.6, 1, 2.5],
						"7.6667": [2, -2.3, 1.1],
						"7.75": [1, -2.3, 1.1],
						"7.8333": [1, -1.8, 2.1],
						"7.9167": [-1.3, -1.8, 2.1],
						"8.0": [1, 1, 2.5],
						"8.0833": [2.6, 1, 2.5],
						"8.1667": [2, -2.3, 1.1],
						"8.25": [1, -2.3, 1.1],
						"8.3333": [1, -1.8, 2.1],
						"8.4167": [-1.3, -1.8, 2.1],
						"8.5": [1, 1, 2.5],
						"8.5833": [2.6, 1, 2.5],
						"8.6667": [2, -2.3, 1.1],
						"8.75": [1, -2.3, 1.1],
						"8.8333": [1, -1.8, 2.1],
						"8.9167": [-1.3, -1.8, 2.1],
						"9.0": [1, 1, 2.5],
						"9.0833": [2.6, 1, 2.5],
						"9.1667": [2, -2.3, 1.1],
						"9.25": [1, -2.3, 1.1],
						"9.3333": [1, -1.8, 2.1],
						"9.4167": [-1.3, -1.8, 2.1],
						"9.5": [1, 1, 2.5],
						"9.5833": [2.6, 1, 2.5],
						"9.6667": [2, -2.3, 1.1],
						"9.75": [1, -2.3, 1.1],
						"9.8333": [1, -1.8, 2.1],
						"9.9167": [-1.3, -1.8, 2.1],
						"10.0": [-3, 1.7, 2.1]
					}
				},
				"Head2": {
					"rotation": {
						"0.0": [-2.12971, -0.36114, 9.7712],
						"0.5": [15.10335, 2.71608, 10.12815],
						"1.25": [27.459, 4.77997, 10.93909],
						"1.75": [-14.44035, -2.55555, 10.08578],
						"2.25": [-26.79171, -4.63221, 10.86314],
						"3.0": [-2.12971, -0.36114, 9.7712],
						"5.125": [-2.12971, -0.36114, 9.7712],
						"5.6667": [-2.12971, -0.36114, 12.2712],
						"5.8333": [-2.12971, -0.36114, -10.8538],
						"6.5": [-2.12971, -0.36114, 5.49236],
						"7.0": [-2.12971, -0.36114, 9.7712],
						"8.0": [-2.12971, -0.36114, 9.7712]
					}
				},
				"Glicht11": {
					"scale": {
						"0.0": [1, 1, 1.4],
						"0.0833": [1, 1, -0.6],
						"0.1667": [1.8, 1, 0.7],
						"0.25": [0.4, 1.7, 0.7],
						"0.3333": [1, -1.4, 0.7],
						"0.4167": [1, 1.6, 0.7],
						"0.5": [1, 1, 1.4],
						"0.5833": [1, 1, -0.6],
						"0.6667": [1.8, 1, 0.7],
						"0.75": [0.4, 1.7, 0.7],
						"0.8333": [1, -1.4, 0.7],
						"0.9167": [1, 1.6, 0.7],
						"1.0": [1, 1, 1.4],
						"1.0833": [1, 1, -0.6],
						"1.1667": [1.8, 1, 0.7],
						"1.25": [0.4, 1.7, 0.7],
						"1.3333": [1, -1.4, 0.7],
						"1.4167": [1, 1.6, 0.7],
						"1.5": [1, 1, 1.4],
						"1.5833": [1, 1, -0.6],
						"1.6667": [1.8, 1, 0.7],
						"1.75": [0.4, 1.7, 0.7],
						"1.8333": [1, -1.4, 0.7],
						"1.9167": [1, 1.6, 0.7],
						"2.0": [1, 1, 1.4],
						"2.0833": [1, 1, -0.6],
						"2.1667": [1.8, 1, 0.7],
						"2.25": [0.4, 1.7, 0.7],
						"2.3333": [1, -1.4, 0.7],
						"2.4167": [1, 1.6, 0.7],
						"2.5": [1, 1, 1.4],
						"2.5833": [1, 1, -0.6],
						"2.6667": [1.8, 1, 0.7],
						"2.75": [0.4, 1.7, 0.7],
						"2.8333": [1, -1.4, 0.7],
						"2.9167": [1, 1.6, 0.7],
						"3.0": [1, 1, 1.4],
						"3.0833": [1, 1, -0.6],
						"3.1667": [1.8, 1, 0.7],
						"3.25": [0.4, 1.7, 0.7],
						"3.3333": [1, -1.4, 0.7],
						"3.4167": [1, 1.6, 0.7],
						"3.5": [1, 1, 1.4],
						"3.5833": [1, 1, -0.6],
						"3.6667": [1.8, 1, 0.7],
						"3.75": [0.4, 1.7, 0.7],
						"3.8333": [1, -1.4, 0.7],
						"3.9167": [1, 1.6, 0.7],
						"4.0": [1, 1, 1.4],
						"4.0833": [1, 1, -0.6],
						"4.1667": [1.8, 1, 0.7],
						"4.25": [0.4, 1.7, 0.7],
						"4.3333": [1, -1.4, 0.7],
						"4.4167": [1, 1.6, 0.7],
						"4.5": [1, 1, 1.4],
						"4.5833": [1, 1, -0.6],
						"4.6667": [1.8, 1, 0.7],
						"4.75": [0.4, 1.7, 0.7],
						"4.8333": [1, -1.4, 0.7],
						"4.9167": [1, 1.6, 0.7],
						"5.0": [1, 1, 1.4],
						"5.0833": [1, 1, -0.6],
						"5.1667": [1.8, 1, 0.7],
						"5.25": [0.4, 1.7, 0.7],
						"5.3333": [1, -1.4, 0.7],
						"5.4167": [1, 1.6, 0.7],
						"5.5": [1, 1, 1.4],
						"5.5833": [1, 1, -0.6],
						"5.6667": [1.8, 1, 0.7],
						"5.75": [0.4, 1.7, 0.7],
						"5.8333": [1, -1.4, 0.7],
						"5.9167": [1, 1.6, 0.7],
						"6.0": [1, 1, 1.4],
						"6.0833": [1, 1, -0.6],
						"6.1667": [1.8, 1, 0.7],
						"6.25": [0.4, 1.7, 0.7],
						"6.3333": [1, -1.4, 0.7],
						"6.4167": [1, 1.6, 0.7],
						"6.5": [1, 1, 1.4],
						"6.5833": [1, 1, -0.6],
						"6.6667": [1.8, 1, 0.7],
						"6.75": [0.4, 1.7, 0.7],
						"6.8333": [1, -1.4, 0.7],
						"6.9167": [1, 1.6, 0.7],
						"7.0": [1, 1, 1.4],
						"7.0833": [1, 1, -0.6],
						"7.1667": [1.8, 1, 0.7],
						"7.25": [0.4, 1.7, 0.7],
						"7.3333": [1, -1.4, 0.7],
						"7.4167": [1, 1.6, 0.7],
						"7.5": [1, 1, 1.4],
						"7.5833": [1, 1, -0.6],
						"7.6667": [1.8, 1, 0.7],
						"7.75": [0.4, 1.7, 0.7],
						"7.8333": [1, -1.4, 0.7],
						"7.9167": [1, 1.6, 0.7],
						"8.0": [1, 1, 1.4],
						"8.0833": [1, 1, -0.6],
						"8.1667": [1.8, 1, 0.7],
						"8.25": [0.4, 1.7, 0.7],
						"8.3333": [1, -1.4, 0.7],
						"8.4167": [1, 1.6, 0.7],
						"8.5": [1, 1, 1.4],
						"8.5833": [1, 1, -0.6],
						"8.6667": [1.8, 1, 0.7],
						"8.75": [0.4, 1.7, 0.7],
						"8.8333": [1, -1.4, 0.7],
						"8.9167": [1, 1.6, 0.7],
						"9.0": [1, 1, 1.4],
						"9.0833": [1, 1, -0.6],
						"9.1667": [1.8, 1, 0.7],
						"9.25": [0.4, 1.7, 0.7],
						"9.3333": [1, -1.4, 0.7],
						"9.4167": [1, 1.6, 0.7],
						"9.5": [1, 1, 1.4],
						"9.5833": [1, 1, -0.6],
						"9.6667": [1.8, 1, 0.7],
						"9.75": [0.4, 1.7, 0.7],
						"9.8333": [1, -1.4, 0.7],
						"9.9167": [1, 1.6, 0.7],
						"10.0": [0.6, -1.4, 0.7]
					}
				},
				"Glicht12": {
					"position": {
						"0.0": [0, 0, 0],
						"4.9583": [0, 0, 0],
						"5.0": [0, 0, -20]
					},
					"scale": {
						"0.0": [1, 1, 1.1],
						"0.0833": [1, 1, 1.8],
						"0.1667": [1, 1, -1.7],
						"0.25": [1, 2.1, -1.3],
						"0.3333": [1, -1.9, -0.7],
						"0.4167": [1, -1, -1.8],
						"0.5": [1, 1, 1.1],
						"0.5833": [1, 1, 1.8],
						"0.6667": [1, 1, -1.7],
						"0.75": [1, 2.1, -1.3],
						"0.8333": [1, -1.9, -0.7],
						"0.9167": [1, -1, -1.8],
						"1.0": [1, 1, 1.1],
						"1.0833": [1, 1, 1.8],
						"1.1667": [1, 1, -1.7],
						"1.25": [1, 2.1, -1.3],
						"1.3333": [1, -1.9, -0.7],
						"1.4167": [1, -1, -1.8],
						"1.5": [1, 1, 1.1],
						"1.5833": [1, 1, 1.8],
						"1.6667": [1, 1, -1.7],
						"1.75": [1, 2.1, -1.3],
						"1.8333": [1, -1.9, -0.7],
						"1.9167": [1, -1, -1.8],
						"2.0": [1, 1, 1.1],
						"2.0833": [1, 1, 1.8],
						"2.1667": [1, 1, -1.7],
						"2.25": [1, 2.1, -1.3],
						"2.3333": [1, -1.9, -0.7],
						"2.4167": [1, -1, -1.8],
						"2.5": [1, 1, 1.1],
						"2.5833": [1, 1, 1.8],
						"2.6667": [1, 1, -1.7],
						"2.75": [1, 2.1, -1.3],
						"2.8333": [1, -1.9, -0.7],
						"2.9167": [1, -1, -1.8],
						"3.0": [1, 1, 1.1],
						"3.0833": [1, 1, 1.8],
						"3.1667": [1, 1, -1.7],
						"3.25": [1, 2.1, -1.3],
						"3.3333": [1, -1.9, -0.7],
						"3.4167": [1, -1, -1.8],
						"3.5": [1, 1, 1.1],
						"3.5833": [1, 1, 1.8],
						"3.6667": [1, 1, -1.7],
						"3.75": [1, 2.1, -1.3],
						"3.8333": [1, -1.9, -0.7],
						"3.9167": [1, -1, -1.8],
						"4.0": [1, 1, 1.1],
						"4.0833": [1, 1, 1.8],
						"4.1667": [1, 1, -1.7],
						"4.25": [1, 2.1, -1.3],
						"4.3333": [1, -1.9, -0.7],
						"4.4167": [1, -1, -1.8],
						"4.5": [1, 1, 1.1],
						"4.5833": [1, 1, 1.8],
						"4.6667": [1, 1, -1.7],
						"4.75": [1, 2.1, -1.3],
						"4.8333": [1, -1.9, -0.7],
						"4.9167": [1, -1, -1.8],
						"5.0": [1, 1, 1.1],
						"5.0833": [1, 1, 1.8],
						"5.1667": [1, 1, -1.7],
						"5.25": [1, 2.1, -1.3],
						"5.3333": [1, -1.9, -0.7],
						"5.4167": [1, -1, -1.8],
						"5.5": [1, 1, 1.1],
						"5.5833": [1, 1, 1.8],
						"5.6667": [1, 1, -1.7],
						"5.75": [1, 2.1, -1.3],
						"5.8333": [1, -1.9, -0.7],
						"5.9167": [1, -1, -1.8],
						"6.0": [1, 1, 1.1],
						"6.0833": [1, 1, 1.8],
						"6.1667": [1, 1, -1.7],
						"6.25": [1, 2.1, -1.3],
						"6.3333": [1, -1.9, -0.7],
						"6.4167": [1, -1, -1.8],
						"6.5": [1, 1, 1.1],
						"6.5833": [1, 1, 1.8],
						"6.6667": [1, 1, -1.7],
						"6.75": [1, 2.1, -1.3],
						"6.8333": [1, -1.9, -0.7],
						"6.9167": [1, -1, -1.8],
						"7.0": [1, 1, 1.1],
						"7.0833": [1, 1, 1.8],
						"7.1667": [1, 1, -1.7],
						"7.25": [1, 2.1, -1.3],
						"7.3333": [1, -1.9, -0.7],
						"7.4167": [1, -1, -1.8],
						"7.5": [1, 1, 1.1],
						"7.5833": [1, 1, 1.8],
						"7.6667": [1, 1, -1.7],
						"7.75": [1, 2.1, -1.3],
						"7.8333": [1, -1.9, -0.7],
						"7.9167": [1, -1, -1.8],
						"8.0": [1, 1, 1.1],
						"8.0833": [1, 1, 1.8],
						"8.1667": [1, 1, -1.7],
						"8.25": [1, 2.1, -1.3],
						"8.3333": [1, -1.9, -0.7],
						"8.4167": [1, -1, -1.8],
						"8.5": [1, 1, 1.1],
						"8.5833": [1, 1, 1.8],
						"8.6667": [1, 1, -1.7],
						"8.75": [1, 2.1, -1.3],
						"8.8333": [1, -1.9, -0.7],
						"8.9167": [1, -1, -1.8],
						"9.0": [1, 1, 1.1],
						"9.0833": [1, 1, 1.8],
						"9.1667": [1, 1, -1.7],
						"9.25": [1, 2.1, -1.3],
						"9.3333": [1, -1.9, -0.7],
						"9.4167": [1, -1, -1.8],
						"9.5": [1, 1, 1.1],
						"9.5833": [1, 1, 1.8],
						"9.6667": [1, 1, -1.7],
						"9.75": [1, 2.1, -1.3],
						"9.8333": [1, -1.9, -0.7],
						"9.9167": [1, -1, -1.8],
						"10.0": [1, -1, 2]
					}
				},
				"Glicht13": {
					"scale": {
						"0.0": [1.2, 1, 1],
						"0.0833": [1.2, -1.3, 1],
						"0.1667": [0.2, 1.9, 1],
						"0.25": [0.4, -1.2, 2],
						"0.3333": [0.4, -1.2, -0.4],
						"0.4167": [0.7, -1.2, -0.6],
						"0.5": [1.2, 1, 1],
						"0.5833": [1.2, -1.3, 1],
						"0.6667": [0.2, 1.9, 1],
						"0.75": [0.4, -1.2, 2],
						"0.8333": [0.4, -1.2, -0.4],
						"0.9167": [0.7, -1.2, -0.6],
						"1.0": [1.2, 1, 1],
						"1.0833": [1.2, -1.3, 1],
						"1.1667": [0.2, 1.9, 1],
						"1.25": [0.4, -1.2, 2],
						"1.3333": [0.4, -1.2, -0.4],
						"1.4167": [0.7, -1.2, -0.6],
						"1.5": [1.2, 1, 1],
						"1.5833": [1.2, -1.3, 1],
						"1.6667": [0.2, 1.9, 1],
						"1.75": [0.4, -1.2, 2],
						"1.8333": [0.4, -1.2, -0.4],
						"1.9167": [0.7, -1.2, -0.6],
						"2.0": [1.2, 1, 1],
						"2.0833": [1.2, -1.3, 1],
						"2.1667": [0.2, 1.9, 1],
						"2.25": [0.4, -1.2, 2],
						"2.3333": [0.4, -1.2, -0.4],
						"2.4167": [0.7, -1.2, -0.6],
						"2.5": [1.2, 1, 1],
						"2.5833": [1.2, -1.3, 1],
						"2.6667": [0.2, 1.9, 1],
						"2.75": [0.4, -1.2, 2],
						"2.8333": [0.4, -1.2, -0.4],
						"2.9167": [0.7, -1.2, -0.6],
						"3.0": [1.2, 1, 1],
						"3.0833": [1.2, -1.3, 1],
						"3.1667": [0.2, 1.9, 1],
						"3.25": [0.4, -1.2, 2],
						"3.3333": [0.4, -1.2, -0.4],
						"3.4167": [0.7, -1.2, -0.6],
						"3.5": [1.2, 1, 1],
						"3.5833": [1.2, -1.3, 1],
						"3.6667": [0.2, 1.9, 1],
						"3.75": [0.4, -1.2, 2],
						"3.8333": [0.4, -1.2, -0.4],
						"3.9167": [0.7, -1.2, -0.6],
						"4.0": [1.2, 1, 1],
						"4.0833": [1.2, -1.3, 1],
						"4.1667": [0.2, 1.9, 1],
						"4.25": [0.4, -1.2, 2],
						"4.3333": [0.4, -1.2, -0.4],
						"4.4167": [0.7, -1.2, -0.6],
						"4.5": [1.2, 1, 1],
						"4.5833": [1.2, -1.3, 1],
						"4.6667": [0.2, 1.9, 1],
						"4.75": [0.4, -1.2, 2],
						"4.8333": [0.4, -1.2, -0.4],
						"4.9167": [0.7, -1.2, -0.6],
						"5.0": [1.2, 1, 1],
						"5.0833": [1.2, -1.3, 1],
						"5.1667": [0.2, 1.9, 1],
						"5.25": [0.4, -1.2, 2],
						"5.3333": [0.4, -1.2, -0.4],
						"5.4167": [0.7, -1.2, -0.6],
						"5.5": [1.2, 1, 1],
						"5.5833": [1.2, -1.3, 1],
						"5.6667": [0.2, 1.9, 1],
						"5.75": [0.4, -1.2, 2],
						"5.8333": [0.4, -1.2, -0.4],
						"5.9167": [0.7, -1.2, -0.6],
						"6.0": [1.2, 1, 1],
						"6.0833": [1.2, -1.3, 1],
						"6.1667": [0.2, 1.9, 1],
						"6.25": [0.4, -1.2, 2],
						"6.3333": [0.4, -1.2, -0.4],
						"6.4167": [0.7, -1.2, -0.6],
						"6.5": [1.2, 1, 1],
						"6.5833": [1.2, -1.3, 1],
						"6.6667": [0.2, 1.9, 1],
						"6.75": [0.4, -1.2, 2],
						"6.8333": [0.4, -1.2, -0.4],
						"6.9167": [0.7, -1.2, -0.6],
						"7.0": [1.2, 1, 1],
						"7.0833": [1.2, -1.3, 1],
						"7.1667": [0.2, 1.9, 1],
						"7.25": [0.4, -1.2, 2],
						"7.3333": [0.4, -1.2, -0.4],
						"7.4167": [0.7, -1.2, -0.6],
						"7.5": [1.2, 1, 1],
						"7.5833": [1.2, -1.3, 1],
						"7.6667": [0.2, 1.9, 1],
						"7.75": [0.4, -1.2, 2],
						"7.8333": [0.4, -1.2, -0.4],
						"7.9167": [0.7, -1.2, -0.6],
						"8.0": [1.2, 1, 1],
						"8.0833": [1.2, -1.3, 1],
						"8.1667": [0.2, 1.9, 1],
						"8.25": [0.4, -1.2, 2],
						"8.3333": [0.4, -1.2, -0.4],
						"8.4167": [0.7, -1.2, -0.6],
						"8.5": [1.2, 1, 1],
						"8.5833": [1.2, -1.3, 1],
						"8.6667": [0.2, 1.9, 1],
						"8.75": [0.4, -1.2, 2],
						"8.8333": [0.4, -1.2, -0.4],
						"8.9167": [0.7, -1.2, -0.6],
						"9.0": [1.2, 1, 1],
						"9.0833": [1.2, -1.3, 1],
						"9.1667": [0.2, 1.9, 1],
						"9.25": [0.4, -1.2, 2],
						"9.3333": [0.4, -1.2, -0.4],
						"9.4167": [0.7, -1.2, -0.6],
						"9.5": [1.2, 1, 1],
						"9.5833": [1.2, -1.3, 1],
						"9.6667": [0.2, 1.9, 1],
						"9.75": [0.4, -1.2, 2],
						"9.8333": [0.4, -1.2, -0.4],
						"9.9167": [0.7, -1.2, -0.6],
						"10.0": [0.7, -2, 0.9]
					}
				},
				"Leg7": {
					"rotation": {
						"0.0": [92.87463, 17.32607, 93.13182],
						"1.0": [92.87463, 17.32607, 93.13182],
						"2.0": [92.87463, 17.32607, 93.13182],
						"3.0": [92.87463, 17.32607, 93.13182],
						"4.0": [92.87463, 17.32607, 93.13182],
						"5.0": [92.87463, 17.32607, 93.13182],
						"6.0": [92.87463, 17.32607, 93.13182],
						"7.0": [92.87463, 17.32607, 93.13182],
						"8.0": [92.87463, 17.32607, 93.13182],
						"9.0": [92.87463, 17.32607, 93.13182]
					}
				},
				"Leg5": {
					"rotation": {
						"0.0": [-93.39304, -20.42746, 92.30418],
						"1.0": [-93.39304, -20.42746, 92.30418],
						"2.0": [-93.39304, -20.42746, 92.30418],
						"3.0": [-93.39304, -20.42746, 92.30418],
						"4.0": [-93.39304, -20.42746, 92.30418],
						"5.0": [-93.39304, -20.42746, 92.30418],
						"6.0": [-93.39304, -20.42746, 92.30418],
						"7.0": [-93.39304, -20.42746, 92.30418],
						"8.0": [-93.39304, -20.42746, 92.30418],
						"9.0": [-93.39304, -20.42746, 92.30418]
					}
				},
				"Leg6": {
					"rotation": {
						"0.0": [1.02889, 4.02126, -46.75724],
						"1.0": [1.02889, 4.02126, -46.75724],
						"2.0": [1.02889, 4.02126, -46.75724],
						"3.0": [1.02889, 4.02126, -46.75724],
						"4.0": [1.02889, 4.02126, -46.75724],
						"5.0": [1.02889, 4.02126, -46.75724],
						"6.0": [1.02889, 4.02126, -46.75724],
						"7.0": [1.02889, 4.02126, -46.75724],
						"8.0": [1.02889, 4.02126, -46.75724],
						"9.0": [1.02889, 4.02126, -46.75724]
					}
				},
				"Leg8": {
					"rotation": {
						"0.0": [-0.07754, -1.4497, -47.35736],
						"1.0": [-0.07754, -1.4497, -47.35736],
						"2.0": [-0.07754, -1.4497, -47.35736],
						"3.0": [-0.07754, -1.4497, -47.35736],
						"4.0": [-0.07754, -1.4497, -47.35736],
						"5.0": [-0.07754, -1.4497, -47.35736],
						"6.0": [-0.07754, -1.4497, -47.35736],
						"7.0": [-0.07754, -1.4497, -47.35736],
						"8.0": [-0.07754, -1.4497, -47.35736],
						"9.0": [-0.07754, -1.4497, -47.35736]
					}
				},
				"Glicht15": {
					"scale": {
						"0.0": [1, 1, 1.6],
						"0.0833": [1, 1, -1.5],
						"0.1667": [1, -1.4, 1.4],
						"0.25": [1, -2, -2.1],
						"0.3333": [1, 1.7, 2.6],
						"0.4167": [1, 1.7, -1.9],
						"0.5": [1, 1, 1.6],
						"0.5833": [1, 1, -1.5],
						"0.6667": [1, -1.4, 1.4],
						"0.75": [1, -2, -2.1],
						"0.8333": [1, 1.7, 2.6],
						"0.9167": [1, 1.7, -1.9],
						"1.0": [1, 1, 1.6],
						"1.0833": [1, 1, -1.5],
						"1.1667": [1, -1.4, 1.4],
						"1.25": [1, -2, -2.1],
						"1.3333": [1, 1.7, 2.6],
						"1.4167": [1, 1.7, -1.9],
						"1.5": [1, 1, 1.6],
						"1.5833": [1, 1, -1.5],
						"1.6667": [1, -1.4, 1.4],
						"1.75": [1, -2, -2.1],
						"1.8333": [1, 1.7, 2.6],
						"1.9167": [1, 1.7, -1.9],
						"2.0": [1, 1, 1.6],
						"2.0833": [1, 1, -1.5],
						"2.1667": [1, -1.4, 1.4],
						"2.25": [1, -2, -2.1],
						"2.3333": [1, 1.7, 2.6],
						"2.4167": [1, 1.7, -1.9],
						"2.5": [1, 1, 1.6],
						"2.5833": [1, 1, -1.5],
						"2.6667": [1, -1.4, 1.4],
						"2.75": [1, -2, -2.1],
						"2.8333": [1, 1.7, 2.6],
						"2.9167": [1, 1.7, -1.9],
						"3.0": [1, 1, 1.6],
						"3.0833": [1, 1, -1.5],
						"3.1667": [1, -1.4, 1.4],
						"3.25": [1, -2, -2.1],
						"3.3333": [1, 1.7, 2.6],
						"3.4167": [1, 1.7, -1.9],
						"3.5": [1, 1, 1.6],
						"3.5833": [1, 1, -1.5],
						"3.6667": [1, -1.4, 1.4],
						"3.75": [1, -2, -2.1],
						"3.8333": [1, 1.7, 2.6],
						"3.9167": [1, 1.7, -1.9],
						"4.0": [1, 1, 1.6],
						"4.0833": [1, 1, -1.5],
						"4.1667": [1, -1.4, 1.4],
						"4.25": [1, -2, -2.1],
						"4.3333": [1, 1.7, 2.6],
						"4.4167": [1, 1.7, -1.9],
						"4.5": [1, 1, 1.6],
						"4.5833": [1, 1, -1.5],
						"4.6667": [1, -1.4, 1.4],
						"4.75": [1, -2, -2.1],
						"4.8333": [1, 1.7, 2.6],
						"4.9167": [1, 1.7, -1.9],
						"5.0": [1, 1, 1.6],
						"5.0833": [1, 1, -1.5],
						"5.1667": [1, -1.4, 1.4],
						"5.25": [1, -2, -2.1],
						"5.3333": [1, 1.7, 2.6],
						"5.4167": [1, 1.7, -1.9],
						"5.5": [1, 1, 1.6],
						"5.5833": [1, 1, -1.5],
						"5.6667": [1, -1.4, 1.4],
						"5.75": [1, -2, -2.1],
						"5.8333": [1, 1.7, 2.6],
						"5.9167": [1, 1.7, -1.9],
						"6.0": [1, 1, 1.6],
						"6.0833": [1, 1, -1.5],
						"6.1667": [1, -1.4, 1.4],
						"6.25": [1, -2, -2.1],
						"6.3333": [1, 1.7, 2.6],
						"6.4167": [1, 1.7, -1.9],
						"6.5": [1, 1, 1.6],
						"6.5833": [1, 1, -1.5],
						"6.6667": [1, -1.4, 1.4],
						"6.75": [1, -2, -2.1],
						"6.8333": [1, 1.7, 2.6],
						"6.9167": [1, 1.7, -1.9],
						"7.0": [1, 1, 1.6],
						"7.0833": [1, 1, -1.5],
						"7.1667": [1, -1.4, 1.4],
						"7.25": [1, -2, -2.1],
						"7.3333": [1, 1.7, 2.6],
						"7.4167": [1, 1.7, -1.9],
						"7.5": [1, 1, 1.6],
						"7.5833": [1, 1, -1.5],
						"7.6667": [1, -1.4, 1.4],
						"7.75": [1, -2, -2.1],
						"7.8333": [1, 1.7, 2.6],
						"7.9167": [1, 1.7, -1.9],
						"8.0": [1, 1, 1.6],
						"8.0833": [1, 1, -1.5],
						"8.1667": [1, -1.4, 1.4],
						"8.25": [1, -2, -2.1],
						"8.3333": [1, 1.7, 2.6],
						"8.4167": [1, 1.7, -1.9],
						"8.5": [1, 1, 1.6],
						"8.5833": [1, 1, -1.5],
						"8.6667": [1, -1.4, 1.4],
						"8.75": [1, -2, -2.1],
						"8.8333": [1, 1.7, 2.6],
						"8.9167": [1, 1.7, -1.9],
						"9.0": [1, 1, 1.6],
						"9.0833": [1, 1, -1.5],
						"9.1667": [1, -1.4, 1.4],
						"9.25": [1, -2, -2.1],
						"9.3333": [1, 1.7, 2.6],
						"9.4167": [1, 1.7, -1.9],
						"9.5": [1, 1, 1.6],
						"9.5833": [1, 1, -1.5],
						"9.6667": [1, -1.4, 1.4],
						"9.75": [1, -2, -2.1],
						"9.8333": [1, 1.7, 2.6],
						"9.9167": [1, 1.7, -1.9],
						"10.0": [2, 1.7, -1.2]
					}
				},
				"Glicht14": {
					"scale": {
						"0.0": [1, 1, 1.8],
						"0.0833": [1, 1, -1.7],
						"0.1667": [1.9, 1, -1.1],
						"0.25": [1, 1, 1.9],
						"0.3333": [1.7, 1, 1.9],
						"0.4167": [1.7, 2.1, -1.4],
						"0.5": [1, 1, 1.8],
						"0.5833": [1, 1, -1.7],
						"0.6667": [1.9, 1, -1.1],
						"0.75": [1, 1, 1.9],
						"0.8333": [1.7, 1, 1.9],
						"0.9167": [1.7, 2.1, -1.4],
						"1.0": [1, 1, 1.8],
						"1.0833": [1, 1, -1.7],
						"1.1667": [1.9, 1, -1.1],
						"1.25": [1, 1, 1.9],
						"1.3333": [1.7, 1, 1.9],
						"1.4167": [1.7, 2.1, -1.4],
						"1.5": [1, 1, 1.8],
						"1.5833": [1, 1, -1.7],
						"1.6667": [1.9, 1, -1.1],
						"1.75": [1, 1, 1.9],
						"1.8333": [1.7, 1, 1.9],
						"1.9167": [1.7, 2.1, -1.4],
						"2.0": [1, 1, 1.8],
						"2.0833": [1, 1, -1.7],
						"2.1667": [1.9, 1, -1.1],
						"2.25": [1, 1, 1.9],
						"2.3333": [1.7, 1, 1.9],
						"2.4167": [1.7, 2.1, -1.4],
						"2.5": [1, 1, 1.8],
						"2.5833": [1, 1, -1.7],
						"2.6667": [1.9, 1, -1.1],
						"2.75": [1, 1, 1.9],
						"2.8333": [1.7, 1, 1.9],
						"2.9167": [1.7, 2.1, -1.4],
						"3.0": [1, 1, 1.8],
						"3.0833": [1, 1, -1.7],
						"3.1667": [1.9, 1, -1.1],
						"3.25": [1, 1, 1.9],
						"3.3333": [1.7, 1, 1.9],
						"3.4167": [1.7, 2.1, -1.4],
						"3.5": [1, 1, 1.8],
						"3.5833": [1, 1, -1.7],
						"3.6667": [1.9, 1, -1.1],
						"3.75": [1, 1, 1.9],
						"3.8333": [1.7, 1, 1.9],
						"3.9167": [1.7, 2.1, -1.4],
						"4.0": [1, 1, 1.8],
						"4.0833": [1, 1, -1.7],
						"4.1667": [1.9, 1, -1.1],
						"4.25": [1, 1, 1.9],
						"4.3333": [1.7, 1, 1.9],
						"4.4167": [1.7, 2.1, -1.4],
						"4.5": [1, 1, 1.8],
						"4.5833": [1, 1, -1.7],
						"4.6667": [1.9, 1, -1.1],
						"4.75": [1, 1, 1.9],
						"4.8333": [1.7, 1, 1.9],
						"4.9167": [1.7, 2.1, -1.4],
						"5.0": [1, 1, 1.8],
						"5.0833": [1, 1, -1.7],
						"5.1667": [1.9, 1, -1.1],
						"5.25": [1, 1, 1.9],
						"5.3333": [1.7, 1, 1.9],
						"5.4167": [1.7, 2.1, -1.4],
						"5.5": [1, 1, 1.8],
						"5.5833": [1, 1, -1.7],
						"5.6667": [1.9, 1, -1.1],
						"5.75": [1, 1, 1.9],
						"5.8333": [1.7, 1, 1.9],
						"5.9167": [1.7, 2.1, -1.4],
						"6.0": [1, 1, 1.8],
						"6.0833": [1, 1, -1.7],
						"6.1667": [1.9, 1, -1.1],
						"6.25": [1, 1, 1.9],
						"6.3333": [1.7, 1, 1.9],
						"6.4167": [1.7, 2.1, -1.4],
						"6.5": [1, 1, 1.8],
						"6.5833": [1, 1, -1.7],
						"6.6667": [1.9, 1, -1.1],
						"6.75": [1, 1, 1.9],
						"6.8333": [1.7, 1, 1.9],
						"6.9167": [1.7, 2.1, -1.4],
						"7.0": [1, 1, 1.8],
						"7.0833": [1, 1, -1.7],
						"7.1667": [1.9, 1, -1.1],
						"7.25": [1, 1, 1.9],
						"7.3333": [1.7, 1, 1.9],
						"7.4167": [1.7, 2.1, -1.4],
						"7.5": [1, 1, 1.8],
						"7.5833": [1, 1, -1.7],
						"7.6667": [1.9, 1, -1.1],
						"7.75": [1, 1, 1.9],
						"7.8333": [1.7, 1, 1.9],
						"7.9167": [1.7, 2.1, -1.4],
						"8.0": [1, 1, 1.8],
						"8.0833": [1, 1, -1.7],
						"8.1667": [1.9, 1, -1.1],
						"8.25": [1, 1, 1.9],
						"8.3333": [1.7, 1, 1.9],
						"8.4167": [1.7, 2.1, -1.4],
						"8.5": [1, 1, 1.8],
						"8.5833": [1, 1, -1.7],
						"8.6667": [1.9, 1, -1.1],
						"8.75": [1, 1, 1.9],
						"8.8333": [1.7, 1, 1.9],
						"8.9167": [1.7, 2.1, -1.4],
						"9.0": [1, 1, 1.8],
						"9.0833": [1, 1, -1.7],
						"9.1667": [1.9, 1, -1.1],
						"9.25": [1, 1, 1.9],
						"9.3333": [1.7, 1, 1.9],
						"9.4167": [1.7, 2.1, -1.4],
						"9.5": [1, 1, 1.8],
						"9.5833": [1, 1, -1.7],
						"9.6667": [1.9, 1, -1.1],
						"9.75": [1, 1, 1.9],
						"9.8333": [1.7, 1, 1.9],
						"9.9167": [1.7, 2.1, -1.4],
						"10.0": [1.7, 1.5, -1.4]
					}
				},
				"Glicht10": {
					"scale": {
						"0.0": [1, 1, -1.3],
						"0.0833": [1, 1, 1],
						"0.1667": [1.9, -2.4, -1],
						"0.25": [1.9, 1, -1.2],
						"0.375": [-1.6, 1, -1.4],
						"0.4583": [-1.6, 1, 1.8],
						"0.5": [1, 1, -1.3],
						"0.5833": [1, 1, 1],
						"0.6667": [1.9, -2.4, -1],
						"0.75": [1.9, 1, -1.2],
						"0.875": [-1.6, 1, -1.4],
						"0.9583": [-1.6, 1, 1.8],
						"1.0": [1, 1, -1.3],
						"1.0833": [1, 1, 1],
						"1.1667": [1.9, -2.4, -1],
						"1.25": [1.9, 1, -1.2],
						"1.375": [-1.6, 1, -1.4],
						"1.4583": [-1.6, 1, 1.8],
						"1.5": [1, 1, -1.3],
						"1.5833": [1, 1, 1],
						"1.6667": [1.9, -2.4, -1],
						"1.75": [1.9, 1, -1.2],
						"1.875": [-1.6, 1, -1.4],
						"1.9583": [-1.6, 1, 1.8],
						"2.0": [1, 1, -1.3],
						"2.0833": [1, 1, 1],
						"2.1667": [1.9, -2.4, -1],
						"2.25": [1.9, 1, -1.2],
						"2.375": [-1.6, 1, -1.4],
						"2.4583": [-1.6, 1, 1.8],
						"2.5": [1, 1, -1.3],
						"2.5833": [1, 1, 1],
						"2.6667": [1.9, -2.4, -1],
						"2.75": [1.9, 1, -1.2],
						"2.875": [-1.6, 1, -1.4],
						"2.9583": [-1.6, 1, 1.8],
						"3.0": [1, 1, -1.3],
						"3.0833": [1, 1, 1],
						"3.1667": [1.9, -2.4, -1],
						"3.25": [1.9, 1, -1.2],
						"3.375": [-1.6, 1, -1.4],
						"3.4583": [-1.6, 1, 1.8],
						"3.5": [1, 1, -1.3],
						"3.5833": [1, 1, 1],
						"3.6667": [1.9, -2.4, -1],
						"3.75": [1.9, 1, -1.2],
						"3.875": [-1.6, 1, -1.4],
						"3.9583": [-1.6, 1, 1.8],
						"4.0": [1, 1, -1.3],
						"4.0833": [1, 1, 1],
						"4.1667": [1.9, -2.4, -1],
						"4.25": [1.9, 1, -1.2],
						"4.375": [-1.6, 1, -1.4],
						"4.4583": [-1.6, 1, 1.8],
						"4.5": [1, 1, -1.3],
						"4.5833": [1, 1, 1],
						"4.6667": [1.9, -2.4, -1],
						"4.75": [1.9, 1, -1.2],
						"4.875": [-1.6, 1, -1.4],
						"4.9583": [-1.6, 1, 1.8],
						"5.0": [1, 1, -1.3],
						"5.0833": [1, 1, 1],
						"5.1667": [1.9, -2.4, -1],
						"5.25": [1.9, 1, -1.2],
						"5.375": [-1.6, 1, -1.4],
						"5.4583": [-1.6, 1, 1.8],
						"5.5": [1, 1, -1.3],
						"5.5833": [1, 1, 1],
						"5.6667": [1.9, -2.4, -1],
						"5.75": [1.9, 1, -1.2],
						"5.875": [-1.6, 1, -1.4],
						"5.9583": [-1.6, 1, 1.8],
						"6.0": [1, 1, -1.3],
						"6.0833": [1, 1, 1],
						"6.1667": [1.9, -2.4, -1],
						"6.25": [1.9, 1, -1.2],
						"6.375": [-1.6, 1, -1.4],
						"6.4583": [-1.6, 1, 1.8],
						"6.5": [1, 1, -1.3],
						"6.5833": [1, 1, 1],
						"6.6667": [1.9, -2.4, -1],
						"6.75": [1.9, 1, -1.2],
						"6.875": [-1.6, 1, -1.4],
						"6.9583": [-1.6, 1, 1.8],
						"7.0": [1, 1, -1.3],
						"7.0833": [1, 1, 1],
						"7.1667": [1.9, -2.4, -1],
						"7.25": [1.9, 1, -1.2],
						"7.375": [-1.6, 1, -1.4],
						"7.4583": [-1.6, 1, 1.8],
						"7.5": [1, 1, -1.3],
						"7.5833": [1, 1, 1],
						"7.6667": [1.9, -2.4, -1],
						"7.75": [1.9, 1, -1.2],
						"7.875": [-1.6, 1, -1.4],
						"7.9583": [-1.6, 1, 1.8],
						"8.0": [1, 1, -1.3],
						"8.0833": [1, 1, 1],
						"8.1667": [1.9, -2.4, -1],
						"8.25": [1.9, 1, -1.2],
						"8.375": [-1.6, 1, -1.4],
						"8.4583": [-1.6, 1, 1.8],
						"8.5": [1, 1, -1.3],
						"8.5833": [1, 1, 1],
						"8.6667": [1.9, -2.4, -1],
						"8.75": [1.9, 1, -1.2],
						"8.875": [-1.6, 1, -1.4],
						"8.9583": [-1.6, 1, 1.8],
						"9.0": [1, 1, -1.3],
						"9.0833": [1, 1, 1],
						"9.1667": [1.9, -2.4, -1],
						"9.25": [1.9, 1, -1.2],
						"9.375": [-1.6, 1, -1.4],
						"9.4583": [-1.6, 1, 1.8],
						"9.5": [1, 1, -1.3],
						"9.5833": [1, 1, 1],
						"9.6667": [1.9, -2.4, -1],
						"9.75": [1.9, 1, -1.2],
						"9.875": [-1.6, 1, -1.4],
						"9.9583": [-1.6, 1, 1.8],
						"10.0": [-1.6, 2.1, -0.3]
					}
				},
				"All": {
					"rotation": [1.65391, 1.30871, -7.1789],
					"position": [-5, -2, 0]
				},
				"Glicht16": {
					"scale": {
						"0.0": [1, 1, 1],
						"0.0833": [1, 1.6, 1],
						"0.1667": [1, -1.6, 1],
						"0.25": [-1.5, -1.6, 1],
						"0.3333": [-1.5, -1.6, -1.9],
						"0.4167": [-1.5, 1.7, -1.9],
						"0.5": [1.7, 1.7, -1.9],
						"0.5833": [1, 2.2, -1.9],
						"0.6667": [1, -1.5, -1.9],
						"0.75": [-1.3, -1.5, -1.9],
						"0.8333": [1.8, -1.5, -1.9],
						"0.9167": [1.8, 1.7, -1.9],
						"1.0": [1, 1, 1],
						"1.0833": [1, 1.6, 1],
						"1.1667": [1, -1.6, 1],
						"1.25": [-1.5, -1.6, 1],
						"1.3333": [-1.5, -1.6, -1.9],
						"1.4167": [-1.5, 1.7, -1.9],
						"1.5": [1.7, 1.7, -1.9],
						"1.5833": [1, 2.2, -1.9],
						"1.6667": [1, -1.5, -1.9],
						"1.75": [-1.3, -1.5, -1.9],
						"1.8333": [1.8, -1.5, -1.9],
						"1.9167": [1.8, 1.7, -1.9],
						"2.0": [1, 1, 1],
						"2.0833": [1, 1.6, 1],
						"2.1667": [1, -1.6, 1],
						"2.25": [-1.5, -1.6, 1],
						"2.3333": [-1.5, -1.6, -1.9],
						"2.4167": [-1.5, 1.7, -1.9],
						"2.5": [1.7, 1.7, -1.9],
						"2.5833": [1, 2.2, -1.9],
						"2.6667": [1, -1.5, -1.9],
						"2.75": [-1.3, -1.5, -1.9],
						"2.8333": [1.8, -1.5, -1.9],
						"2.9167": [1.8, 1.7, -1.9],
						"3.0": [1, 1, 1],
						"3.0833": [1, 1.6, 1],
						"3.1667": [1, -1.6, 1],
						"3.25": [-1.5, -1.6, 1],
						"3.3333": [-1.5, -1.6, -1.9],
						"3.4167": [-1.5, 1.7, -1.9],
						"3.5": [1.7, 1.7, -1.9],
						"3.5833": [1, 2.2, -1.9],
						"3.6667": [1, -1.5, -1.9],
						"3.75": [-1.3, -1.5, -1.9],
						"3.8333": [1.8, -1.5, -1.9],
						"3.9167": [1.8, 1.7, -1.9],
						"4.0": [1, 1, 1],
						"4.0833": [1, 1.6, 1],
						"4.1667": [1, -1.6, 1],
						"4.25": [-1.5, -1.6, 1],
						"4.3333": [-1.5, -1.6, -1.9],
						"4.4167": [-1.5, 1.7, -1.9],
						"4.5": [1.7, 1.7, -1.9],
						"4.5833": [1, 2.2, -1.9],
						"4.6667": [1, -1.5, -1.9],
						"4.75": [-1.3, -1.5, -1.9],
						"4.8333": [1.8, -1.5, -1.9],
						"4.9167": [1.8, 1.7, -1.9],
						"5.0": [1, 1, 1],
						"5.0833": [1, 1.6, 1],
						"5.1667": [1, -1.6, 1],
						"5.25": [-1.5, -1.6, 1],
						"5.3333": [-1.5, -1.6, -1.9],
						"5.4167": [-1.5, 1.7, -1.9],
						"5.5": [1.7, 1.7, -1.9],
						"5.5833": [1, 2.2, -1.9],
						"5.6667": [1, -1.5, -1.9],
						"5.75": [-1.3, -1.5, -1.9],
						"5.8333": [1.8, -1.5, -1.9],
						"5.9167": [1.8, 1.7, -1.9],
						"6.0": [1, 1, 1],
						"6.0833": [1, 1.6, 1],
						"6.1667": [1, -1.6, 1],
						"6.25": [-1.5, -1.6, 1],
						"6.3333": [-1.5, -1.6, -1.9],
						"6.4167": [-1.5, 1.7, -1.9],
						"6.5": [1.7, 1.7, -1.9],
						"6.5833": [1, 2.2, -1.9],
						"6.6667": [1, -1.5, -1.9],
						"6.75": [-1.3, -1.5, -1.9],
						"6.8333": [1.8, -1.5, -1.9],
						"6.9167": [1.8, 1.7, -1.9],
						"7.0": [1, 1, 1],
						"7.0833": [1, 1.6, 1],
						"7.1667": [1, -1.6, 1],
						"7.25": [-1.5, -1.6, 1],
						"7.3333": [-1.5, -1.6, -1.9],
						"7.4167": [-1.5, 1.7, -1.9],
						"7.5": [1.7, 1.7, -1.9],
						"7.5833": [1, 2.2, -1.9],
						"7.6667": [1, -1.5, -1.9],
						"7.75": [-1.3, -1.5, -1.9],
						"7.8333": [1.8, -1.5, -1.9],
						"7.9167": [1.8, 1.7, -1.9],
						"8.0": [1, 1, 1],
						"8.0833": [1, 1.6, 1],
						"8.1667": [1, -1.6, 1],
						"8.25": [-1.5, -1.6, 1],
						"8.3333": [-1.5, -1.6, -1.9],
						"8.4167": [-1.5, 1.7, -1.9],
						"8.5": [1.7, 1.7, -1.9],
						"8.5833": [1, 2.2, -1.9],
						"8.6667": [1, -1.5, -1.9],
						"8.75": [-1.3, -1.5, -1.9],
						"8.8333": [1.8, -1.5, -1.9],
						"8.9167": [1.8, 1.7, -1.9],
						"9.0": [1, 1, 1],
						"9.0833": [1, 1.6, 1],
						"9.1667": [1, -1.6, 1],
						"9.25": [-1.5, -1.6, 1],
						"9.3333": [-1.5, -1.6, -1.9],
						"9.4167": [-1.5, 1.7, -1.9],
						"9.5": [1.7, 1.7, -1.9],
						"9.5833": [1, 2.2, -1.9],
						"9.6667": [1, -1.5, -1.9],
						"9.75": [-1.3, -1.5, -1.9],
						"9.8333": [1.8, -1.5, -1.9],
						"9.9167": [1.8, 1.7, -1.9],
						"10.0": [1.8, -1.4, -1.9]
					}
				},
				"Glicht17": {
					"scale": {
						"0.0": [1, 1.7, 1],
						"0.0833": [1, -1.7, 1],
						"0.1667": [1, -1.2, 1.5],
						"0.25": [1, -1.2, -1.8],
						"0.3333": [-1.9, -1.2, -1.3],
						"0.4167": [-0.8, -1.2, -1.3],
						"0.5": [-0.8, -1.2, -2],
						"0.5833": [-0.8, -1.2, 1.6],
						"0.6667": [1.7, -1.2, 1.1],
						"0.75": [1.7, -1.2, -1.6],
						"0.8333": [1.7, 1.6, -1.6],
						"0.9167": [1.7, 1.6, 1.9],
						"1.0": [1, 1.7, 1],
						"1.0833": [1, -1.7, 1],
						"1.1667": [1, -1.2, 1.5],
						"1.25": [1, -1.2, -1.8],
						"1.3333": [-1.9, -1.2, -1.3],
						"1.4167": [-0.8, -1.2, -1.3],
						"1.5": [-0.8, -1.2, -2],
						"1.5833": [-0.8, -1.2, 1.6],
						"1.6667": [1.7, -1.2, 1.1],
						"1.75": [1.7, -1.2, -1.6],
						"1.8333": [1.7, 1.6, -1.6],
						"1.9167": [1.7, 1.6, 1.9],
						"2.0": [1, 1.7, 1],
						"2.0833": [1, -1.7, 1],
						"2.1667": [1, -1.2, 1.5],
						"2.25": [1, -1.2, -1.8],
						"2.3333": [-1.9, -1.2, -1.3],
						"2.4167": [-0.8, -1.2, -1.3],
						"2.5": [-0.8, -1.2, -2],
						"2.5833": [-0.8, -1.2, 1.6],
						"2.6667": [1.7, -1.2, 1.1],
						"2.75": [1.7, -1.2, -1.6],
						"2.8333": [1.7, 1.6, -1.6],
						"2.9167": [1.7, 1.6, 1.9],
						"3.0": [1, 1.7, 1],
						"3.0833": [1, -1.7, 1],
						"3.1667": [1, -1.2, 1.5],
						"3.25": [1, -1.2, -1.8],
						"3.3333": [-1.9, -1.2, -1.3],
						"3.4167": [-0.8, -1.2, -1.3],
						"3.5": [-0.8, -1.2, -2],
						"3.5833": [-0.8, -1.2, 1.6],
						"3.6667": [1.7, -1.2, 1.1],
						"3.75": [1.7, -1.2, -1.6],
						"3.8333": [1.7, 1.6, -1.6],
						"3.9167": [1.7, 1.6, 1.9],
						"4.0": [1, 1.7, 1],
						"4.0833": [1, -1.7, 1],
						"4.1667": [1, -1.2, 1.5],
						"4.25": [1, -1.2, -1.8],
						"4.3333": [-1.9, -1.2, -1.3],
						"4.4167": [-0.8, -1.2, -1.3],
						"4.5": [-0.8, -1.2, -2],
						"4.5833": [-0.8, -1.2, 1.6],
						"4.6667": [1.7, -1.2, 1.1],
						"4.75": [1.7, -1.2, -1.6],
						"4.8333": [1.7, 1.6, -1.6],
						"4.9167": [1.7, 1.6, 1.9],
						"5.0": [1, 1.7, 1],
						"5.0833": [1, -1.7, 1],
						"5.1667": [1, -1.2, 1.5],
						"5.25": [1, -1.2, -1.8],
						"5.3333": [-1.9, -1.2, -1.3],
						"5.4167": [-0.8, -1.2, -1.3],
						"5.5": [-0.8, -1.2, -2],
						"5.5833": [-0.8, -1.2, 1.6],
						"5.6667": [1.7, -1.2, 1.1],
						"5.75": [1.7, -1.2, -1.6],
						"5.8333": [1.7, 1.6, -1.6],
						"5.9167": [1.7, 1.6, 1.9],
						"6.0": [1, 1.7, 1],
						"6.0833": [1, -1.7, 1],
						"6.1667": [1, -1.2, 1.5],
						"6.25": [1, -1.2, -1.8],
						"6.3333": [-1.9, -1.2, -1.3],
						"6.4167": [-0.8, -1.2, -1.3],
						"6.5": [-0.8, -1.2, -2],
						"6.5833": [-0.8, -1.2, 1.6],
						"6.6667": [1.7, -1.2, 1.1],
						"6.75": [1.7, -1.2, -1.6],
						"6.8333": [1.7, 1.6, -1.6],
						"6.9167": [1.7, 1.6, 1.9],
						"7.0": [1, 1.7, 1],
						"7.0833": [1, -1.7, 1],
						"7.1667": [1, -1.2, 1.5],
						"7.25": [1, -1.2, -1.8],
						"7.3333": [-1.9, -1.2, -1.3],
						"7.4167": [-0.8, -1.2, -1.3],
						"7.5": [-0.8, -1.2, -2],
						"7.5833": [-0.8, -1.2, 1.6],
						"7.6667": [1.7, -1.2, 1.1],
						"7.75": [1.7, -1.2, -1.6],
						"7.8333": [1.7, 1.6, -1.6],
						"7.9167": [1.7, 1.6, 1.9],
						"8.0": [1, 1.7, 1],
						"8.0833": [1, -1.7, 1],
						"8.1667": [1, -1.2, 1.5],
						"8.25": [1, -1.2, -1.8],
						"8.3333": [-1.9, -1.2, -1.3],
						"8.4167": [-0.8, -1.2, -1.3],
						"8.5": [-0.8, -1.2, -2],
						"8.5833": [-0.8, -1.2, 1.6],
						"8.6667": [1.7, -1.2, 1.1],
						"8.75": [1.7, -1.2, -1.6],
						"8.8333": [1.7, 1.6, -1.6],
						"8.9167": [1.7, 1.6, 1.9],
						"9.0": [1, 1.7, 1],
						"9.0833": [1, -1.7, 1],
						"9.1667": [1, -1.2, 1.5],
						"9.25": [1, -1.2, -1.8],
						"9.3333": [-1.9, -1.2, -1.3],
						"9.4167": [-0.8, -1.2, -1.3],
						"9.5": [-0.8, -1.2, -2],
						"9.5833": [-0.8, -1.2, 1.6],
						"9.6667": [1.7, -1.2, 1.1],
						"9.75": [1.7, -1.2, -1.6],
						"9.8333": [1.7, 1.6, -1.6],
						"9.9167": [1.7, 1.6, 1.9],
						"10.0": [-1.9, 1.6, 1]
					}
				},
				"Glicht18": {
					"scale": {
						"0.0": [1, 1.1, 1],
						"0.0833": [1, -1.3, 1],
						"0.1667": [-1.1, -1.3, 1],
						"0.25": [-1.1, 1.4, 1],
						"0.3333": [-0.4, 1.9, 1],
						"0.4167": [0.9, -1.2, 1],
						"0.5": [0.9, 1.5, 1],
						"0.5833": [-1.1, 1.5, 1],
						"0.6667": [-1.3, -1.3, 1],
						"0.75": [-0.6, 1.3, 1],
						"0.8333": [-0.9, -1.4, 1],
						"0.9167": [-0.7, 1.3, 1],
						"1.0": [1, 1.1, 1],
						"1.0833": [1, -1.3, 1],
						"1.1667": [-1.1, -1.3, 1],
						"1.25": [-1.1, 1.4, 1],
						"1.3333": [-0.4, 1.9, 1],
						"1.4167": [0.9, -1.2, 1],
						"1.5": [0.9, 1.5, 1],
						"1.5833": [-1.1, 1.5, 1],
						"1.6667": [-1.3, -1.3, 1],
						"1.75": [-0.6, 1.3, 1],
						"1.8333": [-0.9, -1.4, 1],
						"1.9167": [-0.7, 1.3, 1],
						"2.0": [1, 1.1, 1],
						"2.0833": [1, -1.3, 1],
						"2.1667": [-1.1, -1.3, 1],
						"2.25": [-1.1, 1.4, 1],
						"2.3333": [-0.4, 1.9, 1],
						"2.4167": [0.9, -1.2, 1],
						"2.5": [0.9, 1.5, 1],
						"2.5833": [-1.1, 1.5, 1],
						"2.6667": [-1.3, -1.3, 1],
						"2.75": [-0.6, 1.3, 1],
						"2.8333": [-0.9, -1.4, 1],
						"2.9167": [-0.7, 1.3, 1],
						"3.0": [1, 1.1, 1],
						"3.0833": [1, -1.3, 1],
						"3.1667": [-1.1, -1.3, 1],
						"3.25": [-1.1, 1.4, 1],
						"3.3333": [-0.4, 1.9, 1],
						"3.4167": [0.9, -1.2, 1],
						"3.5": [0.9, 1.5, 1],
						"3.5833": [-1.1, 1.5, 1],
						"3.6667": [-1.3, -1.3, 1],
						"3.75": [-0.6, 1.3, 1],
						"3.8333": [-0.9, -1.4, 1],
						"3.9167": [-0.7, 1.3, 1],
						"4.0": [1, 1.1, 1],
						"4.0833": [1, -1.3, 1],
						"4.1667": [-1.1, -1.3, 1],
						"4.25": [-1.1, 1.4, 1],
						"4.3333": [-0.4, 1.9, 1],
						"4.4167": [0.9, -1.2, 1],
						"4.5": [0.9, 1.5, 1],
						"4.5833": [-1.1, 1.5, 1],
						"4.6667": [-1.3, -1.3, 1],
						"4.75": [-0.6, 1.3, 1],
						"4.8333": [-0.9, -1.4, 1],
						"4.9167": [-0.7, 1.3, 1],
						"5.0": [1, 1.1, 1],
						"5.0833": [1, -1.3, 1],
						"5.1667": [-1.1, -1.3, 1],
						"5.25": [-1.1, 1.4, 1],
						"5.3333": [-0.4, 1.9, 1],
						"5.4167": [0.9, -1.2, 1],
						"5.5": [0.9, 1.5, 1],
						"5.5833": [-1.1, 1.5, 1],
						"5.6667": [-1.3, -1.3, 1],
						"5.75": [-0.6, 1.3, 1],
						"5.8333": [-0.9, -1.4, 1],
						"5.9167": [-0.7, 1.3, 1],
						"6.0": [1, 1.1, 1],
						"6.0833": [1, -1.3, 1],
						"6.1667": [-1.1, -1.3, 1],
						"6.25": [-1.1, 1.4, 1],
						"6.3333": [-0.4, 1.9, 1],
						"6.4167": [0.9, -1.2, 1],
						"6.5": [0.9, 1.5, 1],
						"6.5833": [-1.1, 1.5, 1],
						"6.6667": [-1.3, -1.3, 1],
						"6.75": [-0.6, 1.3, 1],
						"6.8333": [-0.9, -1.4, 1],
						"6.9167": [-0.7, 1.3, 1],
						"7.0": [1, 1.1, 1],
						"7.0833": [1, -1.3, 1],
						"7.1667": [-1.1, -1.3, 1],
						"7.25": [-1.1, 1.4, 1],
						"7.3333": [-0.4, 1.9, 1],
						"7.4167": [0.9, -1.2, 1],
						"7.5": [0.9, 1.5, 1],
						"7.5833": [-1.1, 1.5, 1],
						"7.6667": [-1.3, -1.3, 1],
						"7.75": [-0.6, 1.3, 1],
						"7.8333": [-0.9, -1.4, 1],
						"7.9167": [-0.7, 1.3, 1],
						"8.0": [1, 1.1, 1],
						"8.0833": [1, -1.3, 1],
						"8.1667": [-1.1, -1.3, 1],
						"8.25": [-1.1, 1.4, 1],
						"8.3333": [-0.4, 1.9, 1],
						"8.4167": [0.9, -1.2, 1],
						"8.5": [0.9, 1.5, 1],
						"8.5833": [-1.1, 1.5, 1],
						"8.6667": [-1.3, -1.3, 1],
						"8.75": [-0.6, 1.3, 1],
						"8.8333": [-0.9, -1.4, 1],
						"8.9167": [-0.7, 1.3, 1],
						"9.0": [1, 1.1, 1],
						"9.0833": [1, -1.3, 1],
						"9.1667": [-1.1, -1.3, 1],
						"9.25": [-1.1, 1.4, 1],
						"9.3333": [-0.4, 1.9, 1],
						"9.4167": [0.9, -1.2, 1],
						"9.5": [0.9, 1.5, 1],
						"9.5833": [-1.1, 1.5, 1],
						"9.6667": [-1.3, -1.3, 1],
						"9.75": [-0.6, 1.3, 1],
						"9.8333": [-0.9, -1.4, 1],
						"9.9167": [-0.7, 1.3, 1],
						"10.0": [-0.7, -1.2, 1]
					}
				},
				"Glicht19": {
					"scale": {
						"0.0": [1, 1, 0.9],
						"0.0833": [1, 1, -1.6],
						"0.1667": [-1.2, 1, -1.6],
						"0.25": [-0.8, 1, -1.4],
						"0.3333": [-1.5, 1, -0.7],
						"0.4167": [-1.9, 1, 1],
						"0.5": [-1.1, 1, 1.5],
						"0.5833": [1.1, 1, 1.9],
						"0.6667": [2.2, 1, 0.8],
						"0.75": [-1.7, 1, 0.8],
						"0.8333": [-1, 1, -1.4],
						"0.9167": [-1, 1, 1.7],
						"1.0": [1, 1, 0.9],
						"1.0833": [1, 1, -1.6],
						"1.1667": [-1.2, 1, -1.6],
						"1.25": [-0.8, 1, -1.4],
						"1.3333": [-1.5, 1, -0.7],
						"1.4167": [-1.9, 1, 1],
						"1.5": [-1.1, 1, 1.5],
						"1.5833": [1.1, 1, 1.9],
						"1.6667": [2.2, 1, 0.8],
						"1.75": [-1.7, 1, 0.8],
						"1.8333": [-1, 1, -1.4],
						"1.9167": [-1, 1, 1.7],
						"2.0": [1, 1, 0.9],
						"2.0833": [1, 1, -1.6],
						"2.1667": [-1.2, 1, -1.6],
						"2.25": [-0.8, 1, -1.4],
						"2.3333": [-1.5, 1, -0.7],
						"2.4167": [-1.9, 1, 1],
						"2.5": [-1.1, 1, 1.5],
						"2.5833": [1.1, 1, 1.9],
						"2.6667": [2.2, 1, 0.8],
						"2.75": [-1.7, 1, 0.8],
						"2.8333": [-1, 1, -1.4],
						"2.9167": [-1, 1, 1.7],
						"3.0": [1, 1, 0.9],
						"3.0833": [1, 1, -1.6],
						"3.1667": [-1.2, 1, -1.6],
						"3.25": [-0.8, 1, -1.4],
						"3.3333": [-1.5, 1, -0.7],
						"3.4167": [-1.9, 1, 1],
						"3.5": [-1.1, 1, 1.5],
						"3.5833": [1.1, 1, 1.9],
						"3.6667": [2.2, 1, 0.8],
						"3.75": [-1.7, 1, 0.8],
						"3.8333": [-1, 1, -1.4],
						"3.9167": [-1, 1, 1.7],
						"4.0": [1, 1, 0.9],
						"4.0833": [1, 1, -1.6],
						"4.1667": [-1.2, 1, -1.6],
						"4.25": [-0.8, 1, -1.4],
						"4.3333": [-1.5, 1, -0.7],
						"4.4167": [-1.9, 1, 1],
						"4.5": [-1.1, 1, 1.5],
						"4.5833": [1.1, 1, 1.9],
						"4.6667": [2.2, 1, 0.8],
						"4.75": [-1.7, 1, 0.8],
						"4.8333": [-1, 1, -1.4],
						"4.9167": [-1, 1, 1.7],
						"5.0": [1, 1, 0.9],
						"5.0833": [1, 1, -1.6],
						"5.1667": [-1.2, 1, -1.6],
						"5.25": [-0.8, 1, -1.4],
						"5.3333": [-1.5, 1, -0.7],
						"5.4167": [-1.9, 1, 1],
						"5.5": [-1.1, 1, 1.5],
						"5.5833": [1.1, 1, 1.9],
						"5.6667": [2.2, 1, 0.8],
						"5.75": [-1.7, 1, 0.8],
						"5.8333": [-1, 1, -1.4],
						"5.9167": [-1, 1, 1.7],
						"6.0": [1, 1, 0.9],
						"6.0833": [1, 1, -1.6],
						"6.1667": [-1.2, 1, -1.6],
						"6.25": [-0.8, 1, -1.4],
						"6.3333": [-1.5, 1, -0.7],
						"6.4167": [-1.9, 1, 1],
						"6.5": [-1.1, 1, 1.5],
						"6.5833": [1.1, 1, 1.9],
						"6.6667": [2.2, 1, 0.8],
						"6.75": [-1.7, 1, 0.8],
						"6.8333": [-1, 1, -1.4],
						"6.9167": [-1, 1, 1.7],
						"7.0": [1, 1, 0.9],
						"7.0833": [1, 1, -1.6],
						"7.1667": [-1.2, 1, -1.6],
						"7.25": [-0.8, 1, -1.4],
						"7.3333": [-1.5, 1, -0.7],
						"7.4167": [-1.9, 1, 1],
						"7.5": [-1.1, 1, 1.5],
						"7.5833": [1.1, 1, 1.9],
						"7.6667": [2.2, 1, 0.8],
						"7.75": [-1.7, 1, 0.8],
						"7.8333": [-1, 1, -1.4],
						"7.9167": [-1, 1, 1.7],
						"8.0": [1, 1, 0.9],
						"8.0833": [1, 1, -1.6],
						"8.1667": [-1.2, 1, -1.6],
						"8.25": [-0.8, 1, -1.4],
						"8.3333": [-1.5, 1, -0.7],
						"8.4167": [-1.9, 1, 1],
						"8.5": [-1.1, 1, 1.5],
						"8.5833": [1.1, 1, 1.9],
						"8.6667": [2.2, 1, 0.8],
						"8.75": [-1.7, 1, 0.8],
						"8.8333": [-1, 1, -1.4],
						"8.9167": [-1, 1, 1.7],
						"9.0": [1, 1, 0.9],
						"9.0833": [1, 1, -1.6],
						"9.1667": [-1.2, 1, -1.6],
						"9.25": [-0.8, 1, -1.4],
						"9.3333": [-1.5, 1, -0.7],
						"9.4167": [-1.9, 1, 1],
						"9.5": [-1.1, 1, 1.5],
						"9.5833": [1.1, 1, 1.9],
						"9.6667": [2.2, 1, 0.8],
						"9.75": [-1.7, 1, 0.8],
						"9.8333": [-1, 1, -1.4],
						"9.9167": [-1, 1, 1.7],
						"10.0": [-1.5, 1, 0.3]
					}
				},
				"Mata5": {
					"position": {
						"0.0": [0, 0, 9],
						"0.0417": [0, 0, 10],
						"0.9583": [0, 0, 10],
						"1.0": [0, 0, 9],
						"2.0": [0, 0, 9],
						"2.0417": [0, 0, 10],
						"2.9583": [0, 0, 10],
						"3.0": [0, 0, 9],
						"3.9583": [0, 0, 9],
						"4.0": [0, 0, 9],
						"4.0417": [0, 0, 10],
						"4.9583": [0, 0, 10],
						"5.0": [0, 0, 9],
						"5.9583": [0, 0, 9],
						"6.0": [0, 0, 9],
						"6.0417": [0, 0, 10],
						"6.9583": [0, 0, 10],
						"7.0": [0, 0, 9],
						"7.9583": [0, 0, 9],
						"8.0": [0, 0, 9],
						"8.0417": [0, 0, 10],
						"8.9583": [0, 0, 10],
						"9.0": [0, 0, 9],
						"9.9583": [0, 0, 9]
					}
				},
				"Mata8": {
					"position": {
						"0.0": [0, 0, 0],
						"0.9583": [0, 0, 0],
						"1.0": [0, 0, -1],
						"1.9583": [0, 0, -2],
						"2.0": [0, 0, 0],
						"2.9583": [0, 0, 0],
						"3.0": [0, 0, -1],
						"3.9583": [0, 0, -2],
						"4.0": [0, 0, 0],
						"4.9583": [0, 0, 0],
						"5.0": [0, 0, -1],
						"5.9583": [0, 0, -2],
						"6.0": [0, 0, 0],
						"6.9583": [0, 0, 0],
						"7.0": [0, 0, 0],
						"7.9583": [0, 0, 0],
						"8.0": [0, 0, -1],
						"8.9583": [0, 0, -2],
						"9.0": [0, 0, 0],
						"9.9583": [0, 0, 0],
						"10.0": [0, 0, -2]
					}
				},
				"Mata10": {
					"position": {
						"0.0": [0, 0, 0],
						"0.9583": [0, 0, 0],
						"1.0": [0, -1, 0],
						"1.9583": [0, -1, 0],
						"2.0": [0, 0, 0],
						"2.9583": [0, 0, 0],
						"3.0": [0, -1, 0],
						"3.9583": [0, -1, 0],
						"4.0": [0, 0, 0],
						"4.9583": [0, 0, 0],
						"5.0": [0, -1, 0],
						"5.9583": [0, -1, 0],
						"6.0": [0, 0, 0],
						"6.9583": [0, 0, 0],
						"7.0": [0, -1, 0],
						"7.9583": [0, -1, 0],
						"8.0": [0, 0, 0],
						"8.9583": [0, 0, 0],
						"9.0": [0, -1, 0],
						"9.9583": [0, -1, 0],
						"10.0": [0, 0, 0]
					}
				},
				"Mata9": {
					"position": {
						"0.0": [0, 0, 0],
						"0.9583": [0, 0, 0],
						"1.0": [0, 1, 0],
						"1.9583": [0, 1, 0],
						"2.0": [0, 0, 0],
						"2.9583": [0, 0, 0],
						"3.0": [0, 1, 0],
						"3.9583": [0, 1, 0],
						"4.0": [0, 0, 0],
						"4.9583": [0, 0, 0],
						"5.0": [0, 1, 0],
						"5.9583": [0, 1, 0],
						"6.0": [0, 0, 0],
						"6.9583": [0, 0, 0],
						"7.0": [0, 1, 0],
						"7.9583": [0, 1, 0],
						"8.0": [0, 0, 0],
						"8.9583": [0, 0, 0],
						"9.0": [0, 1, 0],
						"9.9583": [0, 1, 0],
						"10.0": [0, 0, 0]
					}
				},
				"Mata11": {
					"position": {
						"0.0": [0, 0, 0],
						"0.9583": [0, 0, 0],
						"1.0": [0, 1, 0],
						"1.9583": [0, 1, 0],
						"2.0": [0, 0, 0],
						"2.9583": [0, 0, 0],
						"3.0": [0, 1, 0],
						"3.9583": [0, 1, 0],
						"4.0": [0, 0, 0],
						"4.9583": [0, 0, 0],
						"5.0": [0, 1, 0],
						"5.9583": [0, 1, 0],
						"6.0": [0, 0, 0],
						"6.9583": [0, 0, 0],
						"7.0": [0, 1, 0],
						"7.9583": [0, 1, 0],
						"8.0": [0, 0, 0],
						"8.9583": [0, 0, 0],
						"9.0": [0, 1, 0],
						"9.9583": [0, 1, 0],
						"10.0": [0, 0, 0]
					}
				},
				"Hole": {
					"position": [0, -89, 0]
				}
			}
		},
		"animation.kaufmo.walk": {
			"loop": true,
			"animation_length": 0.5,
			"bones": {
				"All": {
					"position": {
						"0.0": [0, 0, 0],
						"0.125": [0, -3, 0],
						"0.25": [0, 0, 0],
						"0.375": [0, -3, 0],
						"0.5": [0, 0, 0]
					}
				},
				"Body2": {
					"rotation": {
						"0.0": [2.5, 0, 0],
						"0.25": [-7.5, 0, 0],
						"0.5": [2.5, 0, 0]
					}
				},
				"Leg5": {
					"rotation": {
						"0.0": [0, 0, 0],
						"0.25": [-25.72511, 29.4987, -11.50839],
						"0.5": [0, 0, 0]
					}
				},
				"Leg7": {
					"rotation": {
						"0.0": [5.81727, -39.8173, 6.51543],
						"0.25": [0, -2.5, 0],
						"0.5": [5.81727, -39.8173, 6.51543]
					}
				},
				"Leg": {
					"rotation": {
						"0.0": [0, 0, -15],
						"0.25": [0, 0, 25],
						"0.5": [0, 0, -15]
					}
				},
				"Leg2": {
					"rotation": {
						"0.0": [0, 0, 0],
						"0.125": [4.78421, -11.04906, -37.64264],
						"0.25": [0, 0, 0]
					}
				},
				"Leg3": {
					"rotation": {
						"0.0": [0, 0, 30],
						"0.25": [0, 0, -10],
						"0.5": [0, 0, 30]
					},
					"position": [-1, 0, 0]
				},
				"Leg4": {
					"rotation": {
						"0.0": [0, 0, 0],
						"0.25": [0, 0, 2.5],
						"0.375": [0, 0, -30],
						"0.5": [0, 0, 0]
					}
				}
			}
		},
		"animation.kaufmo.attack": {
			"animation_length": 1,
			"bones": {
				"Body3": {
					"rotation": {
						"0.0": [0, 0, 0],
						"0.25": [0, 0, 15],
						"0.5": [0, 0, 22.5],
						"0.625": [0, 0, -12.5],
						"1.0": [0, 0, 0]
					}
				},
				"Body2": {
					"rotation": {
						"0.0": [0, 0, 0],
						"0.25": [0, 0, 0],
						"0.5": [-3.20607, 5.7877, 13.30862],
						"0.6667": [-4.99257, 4.34319, -6.71871],
						"1.0": [0, 0, 0]
					}
				},
				"Leg6": {
					"rotation": {
						"0.0": [0, 0, 0],
						"0.5833": [0, 0, 0],
						"0.7083": [60, 0, 0],
						"1.0": [0, 0, 0]
					}
				},
				"Leg8": {
					"rotation": {
						"0.0": [0, 0, 0],
						"0.5833": [-2.5, 0, 0],
						"0.7083": [-60, 0, 0],
						"1.0": [0, 0, 0]
					}
				},
				"Head": {
					"rotation": {
						"0.0": [0, 0, 0],
						"0.5": [0, 0, 0],
						"0.6667": [0, 0, -72.5],
						"1.0": [0, 0, 0]
					}
				}
			}
		}
	}
}