{
	"format_version": "1.8.0",
	"animations": {
		"animation.kinger.bob": {
			"loop": true,
			"animation_length": 18,
			"bones": {
				"Body": {
					"rotation": {
						"0.0": [17.5, 0, 0],
						"0.625": [15.42, 0, 0],
						"0.8333": [29.72, 0, 0],
						"1.0": [17.92, 0, 0],
						"1.125": [2.19, 0, 0],
						"1.375": [4.23, 0, 0],
						"1.5": [27.92, 0, 0],
						"2.0": [27.05167, 0, 0],
						"2.125": [15.42, 0, 0],
						"3.0": [17.5, 0, 0],
						"3.125": [17.08, 0, 0],
						"3.25": [26.66, 0, 0],
						"3.75": [26.66, 0, 0],
						"3.9167": [17.5, 0, 0],
						"4.5": [12.5, 0, 0],
						"6.0": [17.5, 0, 0],
						"7.5": [12.5, 0, 0],
						"9.0": [17.5, 0, 0],
						"10.5": [12.5, 0, 0],
						"12.0": [17.5, 0, 0],
						"13.5": [12.5, 0, 0],
						"15.0": [17.5, 0, 0],
						"16.5": [12.5, 0, 0],
						"18.0": [17.5, 0, 0]
					}
				},
				"Body2": {
					"rotation": {
						"0.0": [-12.66908, 1.28919, -1.19741],
						"0.625": [-10.58575, 1.28919, -1.19741],
						"1.0": [16.91425, 1.28919, -1.19741],
						"1.125": [-12.43471, 1.28919, -1.19741],
						"1.375": [-12.46596, 1.28919, -1.19741],
						"1.5": [-10.58575, 1.28919, -1.19741],
						"3.0": [-12.66908, 1.28919, -1.19741],
						"4.5": [-7.66908, 1.28919, -1.19741],
						"6.0": [-12.66908, 1.28919, -1.19741],
						"7.5": [-7.66908, 1.28919, -1.19741],
						"9.0": [-12.66908, 1.28919, -1.19741],
						"10.5": [-7.66908, 1.28919, -1.19741],
						"12.0": [-12.66908, 1.28919, -1.19741],
						"13.5": [-7.66908, 1.28919, -1.19741],
						"15.0": [-12.66908, 1.28919, -1.19741],
						"16.5": [-7.66908, 1.28919, -1.19741],
						"18.0": [-12.66908, 1.28919, -1.19741]
					}
				},
				"Jaru": {
					"rotation": {
						"0.0": [65, 0, 0],
						"1.5": [27.5, 0, 0],
						"3.0": [65, 0, 0],
						"4.5": [27.5, 0, 0],
						"6.0": [65, 0, 0],
						"7.5": [27.5, 0, 0],
						"9.0": [65, 0, 0],
						"10.5": [27.5, 0, 0],
						"12.0": [65, 0, 0],
						"13.5": [27.5, 0, 0],
						"15.0": [65, 0, 0],
						"16.5": [27.5, 0, 0],
						"18.0": [65, 0, 0]
					}
				},
				"Jaru2": {
					"rotation": {
						"0.0": [70, 0, 0],
						"1.5": [30, 0, 0],
						"3.0": [70, 0, 0],
						"4.5": [30, 0, 0],
						"6.0": [70, 0, 0],
						"7.5": [30, 0, 0],
						"9.0": [70, 0, 0],
						"10.5": [30, 0, 0],
						"12.0": [70, 0, 0],
						"13.5": [30, 0, 0],
						"15.0": [70, 0, 0],
						"16.5": [30, 0, 0],
						"18.0": [70, 0, 0]
					}
				},
				"Jaru3": {
					"rotation": {
						"0.0": [75, 0, 0],
						"1.5": [22.5, 0, 0],
						"3.0": [75, 0, 0],
						"4.5": [22.5, 0, 0],
						"6.0": [75, 0, 0],
						"7.5": [22.5, 0, 0],
						"9.0": [75, 0, 0],
						"10.5": [22.5, 0, 0],
						"12.0": [75, 0, 0],
						"13.5": [22.5, 0, 0],
						"15.0": [75, 0, 0],
						"16.5": [22.5, 0, 0],
						"18.0": [75, 0, 0]
					}
				},
				"Jari4": {
					"rotation": {
						"0.0": [-2.5, 0, 0],
						"1.5": [-2.46207, -0.43399, -9.99067],
						"3.0": [-2.5, 0, 0],
						"4.5": [-2.46207, -0.43399, -9.99067],
						"6.0": [-2.5, 0, 0],
						"7.5": [-2.46207, -0.43399, -9.99067],
						"9.0": [-2.5, 0, 0],
						"10.5": [-2.46207, -0.43399, -9.99067],
						"12.0": [-2.5, 0, 0],
						"13.5": [-2.46207, -0.43399, -9.99067],
						"15.0": [-2.5, 0, 0],
						"16.5": [-2.46207, -0.43399, -9.99067],
						"18.0": [-2.5, 0, 0]
					}
				},
				"Jaru4": {
					"rotation": {
						"0.0": [80, 0, 0],
						"1.5": [20, 0, 0],
						"3.0": [80, 0, 0],
						"4.5": [20, 0, 0],
						"6.0": [80, 0, 0],
						"7.5": [20, 0, 0],
						"9.0": [80, 0, 0],
						"10.5": [20, 0, 0],
						"12.0": [80, 0, 0],
						"13.5": [20, 0, 0],
						"15.0": [80, 0, 0],
						"16.5": [20, 0, 0],
						"18.0": [80, 0, 0]
					}
				},
				"Jari5": {
					"rotation": [0, 0, -55]
				},
				"Jari9": {
					"rotation": [0, 0, 45]
				},
				"Jaru6": {
					"rotation": {
						"0.0": [65, 0, 0],
						"1.5": [22.5, 0, 0],
						"3.0": [65, 0, 0],
						"4.5": [22.5, 0, 0],
						"6.0": [65, 0, 0],
						"7.5": [22.5, 0, 0],
						"9.0": [65, 0, 0],
						"10.5": [22.5, 0, 0],
						"12.0": [65, 0, 0],
						"13.5": [22.5, 0, 0],
						"15.0": [65, 0, 0],
						"16.5": [22.5, 0, 0],
						"18.0": [65, 0, 0]
					}
				},
				"Jaru7": {
					"rotation": {
						"0.0": [62.5, 0, 0],
						"1.5": [15, 0, 0],
						"3.0": [62.5, 0, 0],
						"4.5": [15, 0, 0],
						"6.0": [62.5, 0, 0],
						"7.5": [15, 0, 0],
						"9.0": [62.5, 0, 0],
						"10.5": [15, 0, 0],
						"12.0": [62.5, 0, 0],
						"13.5": [15, 0, 0],
						"15.0": [62.5, 0, 0],
						"16.5": [15, 0, 0],
						"18.0": [62.5, 0, 0]
					}
				},
				"Jaru8": {
					"rotation": {
						"0.0": [60, 0, 0],
						"1.5": [12.5, 0, 0],
						"3.0": [60, 0, 0],
						"4.5": [12.5, 0, 0],
						"6.0": [60, 0, 0],
						"7.5": [12.5, 0, 0],
						"9.0": [60, 0, 0],
						"10.5": [12.5, 0, 0],
						"12.0": [60, 0, 0],
						"13.5": [12.5, 0, 0],
						"15.0": [60, 0, 0],
						"16.5": [12.5, 0, 0],
						"18.0": [60, 0, 0]
					}
				},
				"Jaru10": {
					"rotation": {
						"0.0": [67.5, 0, 0],
						"1.5": [10, 0, 0],
						"3.0": [67.5, 0, 0],
						"4.5": [10, 0, 0],
						"6.0": [67.5, 0, 0],
						"7.5": [10, 0, 0],
						"9.0": [67.5, 0, 0],
						"10.5": [10, 0, 0],
						"12.0": [67.5, 0, 0],
						"13.5": [10, 0, 0],
						"15.0": [67.5, 0, 0],
						"16.5": [10, 0, 0],
						"18.0": [67.5, 0, 0]
					}
				},
				"Jari6": {
					"rotation": {
						"0.0": [0, 0, 0],
						"1.5": [0, 0, 2.5],
						"3.0": [0, 0, 0],
						"4.5": [0, 0, 2.5],
						"6.0": [0, 0, 0],
						"7.5": [0, 0, 2.5],
						"9.0": [0, 0, 0],
						"10.5": [0, 0, 2.5],
						"12.0": [0, 0, 0],
						"13.5": [0, 0, 2.5],
						"15.0": [0, 0, 0],
						"16.5": [0, 0, 2.5],
						"18.0": [0, 0, 0]
					}
				},
				"Jari7": {
					"rotation": {
						"0.0": [0, 0, 0],
						"1.5": [0, 0, -2.5],
						"3.0": [0, 0, 0],
						"4.5": [0, 0, -2.5],
						"6.0": [0, 0, 0],
						"7.5": [0, 0, -2.5],
						"9.0": [0, 0, 0],
						"10.5": [0, 0, -2.5],
						"12.0": [0, 0, 0],
						"13.5": [0, 0, -2.5],
						"15.0": [0, 0, 0],
						"16.5": [0, 0, -2.5],
						"18.0": [0, 0, 0]
					}
				},
				"Jari8": {
					"rotation": {
						"0.0": [0, 0, 0],
						"1.5": [0, 0, -7.5],
						"3.0": [0, 0, 0],
						"4.5": [0, 0, -7.5],
						"6.0": [0, 0, 0],
						"7.5": [0, 0, -7.5],
						"9.0": [0, 0, 0],
						"10.5": [0, 0, -7.5],
						"12.0": [0, 0, 0],
						"13.5": [0, 0, -7.5],
						"15.0": [0, 0, 0],
						"16.5": [0, 0, -7.5],
						"18.0": [0, 0, 0]
					}
				},
				"Jari10": {
					"rotation": {
						"0.0": [0, 0, 0],
						"1.5": [0, 0, 7.5],
						"3.0": [0, 0, 0],
						"4.5": [0, 0, 7.5],
						"6.0": [0, 0, 0],
						"7.5": [0, 0, 7.5],
						"9.0": [0, 0, 0],
						"10.5": [0, 0, 7.5],
						"12.0": [0, 0, 0],
						"13.5": [0, 0, 7.5],
						"15.0": [0, 0, 0],
						"16.5": [0, 0, 7.5],
						"18.0": [0, 0, 0]
					}
				},
				"Armkanan": {
					"rotation": {
						"0.0": [0, 0, 0],
						"1.5": [-15, 0, 0],
						"3.0": [0, 0, 0],
						"4.5": [-15, 0, 0],
						"6.0": [0, 0, 0],
						"7.5": [-15, 0, 0],
						"9.0": [0, 0, 0],
						"10.5": [-15, 0, 0],
						"12.0": [0, 0, 0],
						"13.5": [-15, 0, 0],
						"15.0": [0, 0, 0],
						"16.5": [-15, 0, 0],
						"18.0": [0, 0, 0]
					}
				},
				"Jari2": {
					"rotation": {
						"0.0": [0, 0, 0],
						"1.5": [0, 0, 2.5],
						"3.0": [0, 0, 0],
						"4.5": [0, 0, 2.5],
						"6.0": [0, 0, 0],
						"7.5": [0, 0, 2.5],
						"9.0": [0, 0, 0],
						"10.5": [0, 0, 2.5],
						"12.0": [0, 0, 0],
						"13.5": [0, 0, 2.5],
						"15.0": [0, 0, 0],
						"16.5": [0, 0, 2.5],
						"18.0": [0, 0, 0]
					}
				},
				"Jari3": {
					"rotation": {
						"0.0": [0, 0, 0],
						"1.5": [0, 0, -5],
						"3.0": [0, 0, 0],
						"4.5": [0, 0, -5],
						"6.0": [0, 0, 0],
						"7.5": [0, 0, -5],
						"9.0": [0, 0, 0],
						"10.5": [0, 0, -5],
						"12.0": [0, 0, 0],
						"13.5": [0, 0, -5],
						"15.0": [0, 0, 0],
						"16.5": [0, 0, -5],
						"18.0": [0, 0, 0]
					}
				},
				"Jari": {
					"rotation": {
						"0.0": [0, 0, 0],
						"1.5": [0, 0, 10],
						"3.0": [0, 0, 0],
						"4.5": [0, 0, 10],
						"6.0": [0, 0, 0],
						"7.5": [0, 0, 10],
						"9.0": [0, 0, 0],
						"10.5": [0, 0, 10],
						"12.0": [0, 0, 0],
						"13.5": [0, 0, 10],
						"15.0": [0, 0, 0],
						"16.5": [0, 0, 10],
						"18.0": [0, 0, 0]
					}
				},
				"Armkiri": {
					"rotation": {
						"0.0": [0, 0, 0],
						"1.5": [-15, 0, 0],
						"3.0": [0, 0, 0],
						"4.5": [-15, 0, 0],
						"6.0": [0, 0, 0],
						"7.5": [-15, 0, 0],
						"9.0": [0, 0, 0],
						"10.5": [-15, 0, 0],
						"12.0": [0, 0, 0],
						"13.5": [-15, 0, 0],
						"15.0": [0, 0, 0],
						"16.5": [-15, 0, 0],
						"18.0": [0, 0, 0]
					}
				},
				"Head": {
					"rotation": {
						"0.0": [0, 0, 0],
						"0.625": [0, 0, 0],
						"0.8333": [42.5, 0, 0],
						"1.0": [42.5, 0, 0],
						"1.125": [2.5, 0, 0],
						"1.2917": [2.5, 0, 0]
					},
					"position": {
						"0.0": [0, 0, 0],
						"1.0": [0, 0, 0]
					},
					"scale": {
						"0.0": [1, 1, 1],
						"1.0": [1, 1, 1],
						"1.125": [1, 1.6, 1],
						"1.2917": [1, 1, 1]
					}
				},
				"Mata": {
					"rotation": {
						"0.0": [-53.18919, 26.06465, -24.23178],
						"0.5833": [-53.18919, 26.06465, -24.23178],
						"0.75": [0, 0, 0],
						"1.0": [0, 0, 0],
						"1.125": [25, 0, 0],
						"3.75": [25, 0, 0],
						"4.25": [0, 0, 0]
					},
					"position": {
						"0.0": [0, 0, 0],
						"1.0": [0, 0, 0]
					},
					"scale": {
						"0.0": [1, 1, 1],
						"1.0": [1, 1.0556, 1],
						"1.125": [1, 2.3, 1],
						"1.5": [1, 1.0556, 1]
					}
				},
				"Mata2": {
					"rotation": {
						"0.0": [-50.52304, 3.17563, 21.20788],
						"0.5833": [-50.52304, 3.17563, 21.20788],
						"0.75": [0, 0, 0],
						"1.0": [0, 0, 0],
						"1.125": [25, 0, 0],
						"3.75": [25, 0, 0],
						"4.25": [0, 0, 0]
					},
					"position": {
						"0.0": [0, 0, 0],
						"1.0": [0, 0, 0]
					},
					"scale": {
						"0.0": [1, 1, 1],
						"1.0": [1, 1, 1],
						"1.125": [1, 2.4, 1],
						"1.5": [1, 1, 1]
					}
				}
			},
			"sound_effects": {
				"0.0": {
					"effect": "kaget"
				}
			}
		},
		"animation.kinger.look_at_target": {
			"loop": true,
			"animation_length": 20,
			"bones": {
				"Body3": {
					"rotation": {
						"0.0": [0, 0, 0],
						"6.0": [0, 0, 0],
						"6.125": [0, 0, 5],
						"6.25": [0, 0, -2.5],
						"6.375": [0, 0, 0],
						"6.5": [0, 0, -7.5],
						"6.625": [0, 0, 5],
						"6.75": [0.77163, 0.1215, -7.47485],
						"6.875": [0.71607, -0.31211, 25.02238],
						"7.0": [0.77619, 0.08772, -4.97507],
						"7.125": [0, 0, 7.5],
						"7.25": [0, 0, -5],
						"7.375": [0, 0, 7.5],
						"7.5": [0, 0, -20],
						"7.625": [0, 0, 2.5],
						"7.75": [0, 0, -10],
						"7.875": [0, 0, 7.5],
						"8.0": [0, 0, -5],
						"8.125": [0, 0, 7.5],
						"8.25": [0, 0, -7.5],
						"8.375": [0, 0, 7.5],
						"8.5": [0.46816, 0.03235, 0.01481],
						"8.625": [0.46666, -0.04943, 10.01447],
						"10.0": [0, 0, 0]
					}
				},
				"Body2": {
					"rotation": {
						"0.0": [0, 0, 0],
						"6.0": [0, 0, 0],
						"6.125": [0, 0, 5],
						"6.25": [0, 0, -5],
						"6.375": [0, 0, 2.5],
						"6.5": [0, 0, -7.5],
						"6.625": [0, 0, 2.5],
						"6.75": [0, 0, -15],
						"6.875": [0, 0, 10],
						"7.0": [0, 0, -10],
						"7.125": [0, 0, 22.5],
						"7.25": [0, 0, -27.5],
						"7.375": [0, 0, 22.5],
						"7.5": [0, 0, -17.5],
						"7.625": [0, 0, 20],
						"7.7917": [0, 0, -27.5],
						"7.9167": [0, 0, 25],
						"8.0417": [0, 0, -30],
						"8.1667": [0, 0, 25],
						"8.2917": [0, 0, -25],
						"8.4167": [0, 0, 25],
						"8.5417": [0, 0, -25],
						"8.6667": [0, 0, 17.5],
						"8.7917": [0, 0, -20],
						"8.9167": [0, 0, 20],
						"9.0417": [0, 0, -22.5],
						"9.1667": [0, 0, 15],
						"10.0": [0, 0, 0]
					}
				},
				"Armkanan": {
					"position": {
						"0.0": [0, 0, 0],
						"6.0": [0, 0, 0],
						"6.125": [4, 5, 0],
						"6.25": [-2, -2, 0],
						"6.3333": [5, -2, 0],
						"6.4167": [-2, 7, 0],
						"6.5417": [-2, -5, 0],
						"6.6667": [6, 4, 0],
						"6.7917": [6, -5, 0],
						"6.9167": [1, 10, 0],
						"7.0417": [9, -4, 0],
						"7.1667": [9, 12, 0],
						"7.2917": [-2, -11, 0],
						"7.4167": [14, 9, 0],
						"7.5417": [14, -13, 0],
						"7.6667": [-2, 4, 0],
						"7.75": [17, 4, 0],
						"7.875": [2, -11, 0],
						"8.0": [2, 17, 0],
						"8.125": [9, -12, 0],
						"8.25": [14, 12, 0],
						"8.375": [2, -11, 0],
						"8.5": [17, 18, 0],
						"8.625": [20, -7, 0],
						"8.75": [2, 0, 0],
						"8.875": [13, 21, 0],
						"9.0": [-18, 10, 0],
						"9.125": [19, 10, 0],
						"9.25": [5, -14, 0],
						"10.0": [0, 0, 0]
					}
				},
				"Armkiri": {
					"position": {
						"0.0": [0, 0, 0],
						"6.0": [0, 0, 0],
						"6.1667": [-4, 3, 0],
						"6.2917": [0, 0, 0],
						"6.4167": [-4, 3, 0],
						"6.5417": [0, 2, 0],
						"6.6667": [-4, 3, 0],
						"6.7917": [0, -3, 0],
						"6.9167": [-8, -3, 0],
						"7.0833": [0, 5, 0],
						"7.2083": [-5, -6, 0],
						"7.375": [2, 2, 0],
						"7.5417": [-7, -8, 0],
						"7.6667": [3, 6, 0],
						"7.7917": [-24, -16, 0],
						"7.9167": [0, 14, 0],
						"8.0417": [-17, 5, 0],
						"8.1667": [2, -16, 0],
						"8.2917": [-16, 14, 0],
						"8.4167": [5, 16, 0],
						"8.5417": [-15, -16, 0],
						"8.6667": [-4, 12, 0],
						"8.7917": [-15, -7, 0],
						"8.9167": [-15, 10, 0],
						"9.0417": [2, -13, 0],
						"9.1667": [2, 18, 0],
						"9.2917": [-17, -13, 0],
						"10.0": [0, 0, 0]
					}
				}
			}
		},
		"animation.kinger.walk": {
			"loop": true,
			"animation_length": 3,
			"bones": {
				"Body3": {
					"rotation": {
						"0.0": [0, -5, 0],
						"0.25": [0, 2.5, 0],
						"0.5": [0, -5, 0],
						"0.75": [0, 2.5, 0],
						"1.0": [0, -5, 0],
						"1.25": [0, 2.5, 0],
						"1.5": [0, -5, 0],
						"1.75": [0, 2.5, 0],
						"2.0": [0, -5, 0],
						"2.25": [0, 2.5, 0],
						"2.5": [0, -5, 0],
						"2.75": [0, 2.5, 0],
						"3.0": [0, -5, 0]
					}
				},
				"Body2": {
					"rotation": {
						"0.0": [0, 0, 0],
						"0.25": [-7.5, 0, 0],
						"0.5": [0, 0, 0],
						"0.75": [-7.5, 0, 0],
						"1.0": [0, 0, 0],
						"1.25": [-7.5, 0, 0],
						"1.5": [0, 0, 0],
						"1.75": [-7.5, 0, 0],
						"2.0": [0, 0, 0],
						"2.25": [-7.5, 0, 0],
						"2.5": [0, 0, 0],
						"2.75": [-7.5, 0, 0],
						"3.0": [0, 0, 0]
					}
				},
				"Armkanan": {
					"rotation": {
						"0.0": [-40, 0, 0],
						"0.25": [-55.89111, 3.5443, 5.96778],
						"0.5": [-40, 0, 0],
						"0.75": [-55.89111, 3.5443, 5.96778],
						"1.0": [-40, 0, 0],
						"1.25": [-55.89111, 3.5443, 5.96778],
						"1.5": [-40, 0, 0],
						"1.75": [-55.89111, 3.5443, 5.96778],
						"2.0": [-40, 0, 0],
						"2.25": [-55.89111, 3.5443, 5.96778],
						"2.5": [-40, 0, 0],
						"2.75": [-55.89111, 3.5443, 5.96778],
						"3.0": [-40, 0, 0]
					},
					"position": {
						"0.0": [0, 0, 0],
						"0.5": [0, 0, -2],
						"1.0": [0, 0, 0],
						"1.5": [0, 0, 0],
						"2.0": [0, 0, -2],
						"2.5": [0, 0, -2],
						"3.0": [0, 0, 0]
					}
				},
				"Armkiri": {
					"rotation": {
						"0.0": [-40, 0, 0],
						"0.25": [-57.5, 0, 0],
						"0.5": [-40, 0, 0],
						"0.75": [-57.5, 0, 0],
						"1.0": [-40, 0, 0],
						"1.25": [-57.5, 0, 0],
						"1.5": [-40, 0, 0],
						"1.75": [-57.5, 0, 0],
						"2.0": [-40, 0, 0],
						"2.25": [-57.5, 0, 0],
						"2.5": [-40, 0, 0],
						"2.75": [-57.5, 0, 0],
						"3.0": [-40, 0, 0]
					},
					"position": {
						"0.0": [0, 0, -2],
						"0.5": [0, 0, 0],
						"1.0": [0, 0, -2],
						"1.5": [0, 0, -2],
						"2.0": [0, 0, 0],
						"2.5": [0, 0, 0],
						"3.0": [0, 0, -2]
					}
				},
				"Body": {
					"rotation": {
						"0.0": [0, 0, 0],
						"0.25": [12.5, 0, 0],
						"0.5": [0, 0, 0],
						"0.75": [12.5, 0, 0],
						"1.0": [0, 0, 0],
						"1.25": [12.5, 0, 0],
						"1.5": [0, 0, 0],
						"1.75": [12.5, 0, 0],
						"2.0": [0, 0, 0],
						"2.25": [12.5, 0, 0],
						"2.5": [0, 0, 0],
						"2.75": [12.5, 0, 0],
						"3.0": [0, 0, 0]
					}
				}
			}
		}
	}
}