{
	"format_version": "1.8.0",
	"animations": {
		"animation.kintra.bob": {
			"loop": true,
			"animation_length": 3,
			"bones": {
				"Body2": {
					"rotation": {
						"0.0": [-12.5, 0, 0],
						"0.0417": [-12.2127, -2.68507, -12.2127],
						"0.5": [-12.2127, -2.68507, -12.2127],
						"0.5417": [2.68406, 2.15393, 9.76758],
						"1.0417": [2.68406, 2.15393, 9.76758],
						"1.0833": [-12.5, 0, 0]
					},
					"position": {
						"0.0": [0, 0, 0],
						"0.0417": [7, 2, 0],
						"0.3333": [7, 2, 0],
						"0.375": [7, 2, 0],
						"0.4167": [0, 0, 0],
						"0.7917": [0, 0, 0],
						"0.8333": [0, 0, -3],
						"1.0417": [0, 0, -3],
						"1.0833": [0, 0, 0]
					}
				},
				"Armkanan": {
					"position": [0, -3, -5]
				},
				"Jaru2": {
					"rotation": [57.5, 0, 0]
				},
				"Jari3": {
					"position": {
						"0.0": [0, 0, 0],
						"0.2917": [0, 0, 0]
					}
				},
				"Jaru3": {
					"rotation": [59.68547, -0.80185, -6.8658]
				},
				"Jaru4": {
					"rotation": [67.5, 0, 0]
				},
				"Jaru": {
					"rotation": [52.5, 0, 0]
				},
				"Armkiri": {
					"position": {
						"0.0": [0, -3, -5],
						"0.2917": [0, -3, -5],
						"0.3333": [-12, -3, -5],
						"0.4583": [-12, -3, -5],
						"0.5": [-2, -1, -5],
						"0.7917": [-2, -1, -5],
						"0.8333": [0, -3, -5]
					}
				},
				"Jaru6": {
					"rotation": [65, 0, 0]
				},
				"Jaru7": {
					"rotation": [60, 0, 0]
				},
				"Jaru8": {
					"rotation": [55, 0, 0]
				},
				"Jaru10": {
					"rotation": [70, 0, 0]
				},
				"Body": {
					"rotation": {
						"0.0": [32.5, 0, 0],
						"1.9583": [32.5, 0, 0],
						"2.0": [30.00135, 13.12479, -21.46872],
						"2.1667": [30.00135, 13.12479, -21.46872],
						"2.2083": [32.10382, -5.35355, 8.45862],
						"2.2917": [32.10382, -5.35355, 8.45862],
						"2.3333": [32.5, 0, 0],
						"2.4167": [32.27733, -4.02155, 6.33586],
						"2.4583": [32.5, 0, 0]
					}
				},
				"Glicht2": {
					"position": {
						"0.125": [0, 0, 0],
						"0.1667": [0, 0, -10],
						"0.3333": [0, 0, -10],
						"0.375": [0, 0, 0],
						"0.4583": [0, 0, 0],
						"0.5": [0, 0, -10],
						"0.6667": [0, 0, -10],
						"0.7083": [0, 0, 0],
						"0.9583": [0, 0, 0],
						"1.0": [0, 0, -10],
						"1.0833": [0, 0, -10],
						"1.125": [0, 0, 0],
						"1.2083": [0, 0, 0],
						"1.25": [0, 0, -10],
						"1.375": [0, 0, -10],
						"1.4167": [0, 0, -4],
						"1.625": [0, 0, -4],
						"1.6667": [0, 0, 0],
						"1.7917": [0, 0, 0],
						"1.8333": [0, 0, -10],
						"2.4583": [0, 0, -10],
						"2.5": [0, 0, -10],
						"2.8333": [0, 0, -10],
						"2.875": [0, 0, 0]
					}
				},
				"Leher": {
					"rotation": {
						"0.0": [0, 0, 0],
						"1.0": [0, 0, 0],
						"1.0417": [-30, 0, 0],
						"1.2083": [-30, 0, 0],
						"1.25": [4.43745, -2.30644, 27.41063],
						"1.4167": [4.43745, -2.30644, 27.41063],
						"1.4583": [0, 0, 0]
					}
				},
				"Head": {
					"rotation": [22.5, 0, 0]
				},
				"Glicht": {
					"position": {
						"0.0": [0, 0, -8],
						"0.0417": [0, 0, 0],
						"0.3333": [0, 0, 0],
						"0.375": [0, 0, -8],
						"0.5": [0, 0, -8],
						"0.5417": [0, 0, 0],
						"0.625": [0, 0, 0],
						"0.6667": [0, 0, -8],
						"0.7917": [0, 0, -8],
						"0.8333": [0, 0, 0],
						"1.0": [0, 0, 0],
						"1.0417": [0, 0, -8],
						"1.7083": [0, 0, -8],
						"1.75": [0, 0, 0],
						"1.9583": [0, 0, 0],
						"2.0": [0, 0, -8],
						"2.5833": [0, 0, -8],
						"2.625": [0, 0, 0]
					}
				},
				"Glicht3": {
					"position": {
						"0.0": [0, 0, 0],
						"0.0417": [-8, 0, 0],
						"0.2917": [-8, 0, 0],
						"0.3333": [0, 0, 0],
						"0.4583": [0, 0, 0],
						"0.5": [-1, 0, 0],
						"1.0": [-1, 0, 0],
						"1.0417": [0, 0, 0],
						"1.25": [0, 0, 0],
						"1.2917": [-1, 0, 0],
						"1.375": [-1, 0, 0],
						"1.4167": [0, 0, 0],
						"1.5417": [0, 0, 0],
						"1.5833": [-8, 0, 0],
						"1.7917": [-8, 0, 0],
						"1.8333": [0, 0, 0],
						"2.4583": [0, 0, 0],
						"2.5": [-8, 0, 0],
						"2.7083": [-8, 0, 0],
						"2.75": [0, 0, 0]
					}
				}
			}
		},
		"animation.kintra.walk": {
			"loop": true,
			"animation_length": 3,
			"bones": {
				"Body3": {
					"rotation": {
						"0.0": [0, -5, 0],
						"0.25": [0, 2.5, 0],
						"0.5": [0, -5, 0],
						"0.75": [0, 2.5, 0],
						"1.0": [0, -5, 0],
						"1.25": [0, 2.5, 0],
						"1.5": [0, -5, 0],
						"1.75": [0, 2.5, 0],
						"2.0": [0, -5, 0],
						"2.25": [0, 2.5, 0],
						"2.5": [0, -5, 0],
						"2.75": [0, 2.5, 0],
						"3.0": [0, -5, 0]
					}
				},
				"Body2": {
					"rotation": {
						"0.0": [0, 0, 0],
						"0.25": [-7.5, 0, 0],
						"0.5": [0, 0, 0],
						"0.75": [-7.5, 0, 0],
						"1.0": [0, 0, 0],
						"1.25": [-7.5, 0, 0],
						"1.5": [0, 0, 0],
						"1.75": [-7.5, 0, 0],
						"2.0": [0, 0, 0],
						"2.25": [-7.5, 0, 0],
						"2.5": [0, 0, 0],
						"2.75": [-7.5, 0, 0],
						"3.0": [0, 0, 0]
					}
				},
				"Armkanan": {
					"rotation": {
						"0.0": [-40, 0, 0],
						"0.25": [-55.89111, 3.5443, 5.96778],
						"0.5": [-40, 0, 0],
						"0.75": [-55.89111, 3.5443, 5.96778],
						"1.0": [-40, 0, 0],
						"1.25": [-55.89111, 3.5443, 5.96778],
						"1.5": [-40, 0, 0],
						"1.75": [-55.89111, 3.5443, 5.96778],
						"2.0": [-40, 0, 0],
						"2.25": [-55.89111, 3.5443, 5.96778],
						"2.5": [-40, 0, 0],
						"2.75": [-55.89111, 3.5443, 5.96778],
						"3.0": [-40, 0, 0]
					},
					"position": {
						"0.0": [0, 0, 0],
						"0.5": [0, 0, -2],
						"1.0": [0, 0, 0],
						"1.5": [0, 0, 0],
						"2.0": [0, 0, -2],
						"2.5": [0, 0, -2],
						"3.0": [0, 0, 0]
					}
				},
				"Armkiri": {
					"rotation": {
						"0.0": [-40, 0, 0],
						"0.25": [-57.5, 0, 0],
						"0.5": [-40, 0, 0],
						"0.75": [-57.5, 0, 0],
						"1.0": [-40, 0, 0],
						"1.25": [-57.5, 0, 0],
						"1.5": [-40, 0, 0],
						"1.75": [-57.5, 0, 0],
						"2.0": [-40, 0, 0],
						"2.25": [-57.5, 0, 0],
						"2.5": [-40, 0, 0],
						"2.75": [-57.5, 0, 0],
						"3.0": [-40, 0, 0]
					},
					"position": {
						"0.0": [0, 0, -2],
						"0.5": [0, 0, 0],
						"1.0": [0, 0, -2],
						"1.5": [0, 0, -2],
						"2.0": [0, 0, 0],
						"2.5": [0, 0, 0],
						"3.0": [0, 0, -2]
					}
				},
				"Body": {
					"rotation": {
						"0.0": [0, 0, 0],
						"0.25": [12.5, 0, 0],
						"0.5": [0, 0, 0],
						"0.75": [12.5, 0, 0],
						"1.0": [0, 0, 0],
						"1.25": [12.5, 0, 0],
						"1.5": [0, 0, 0],
						"1.75": [12.5, 0, 0],
						"2.0": [0, 0, 0],
						"2.25": [12.5, 0, 0],
						"2.5": [0, 0, 0],
						"2.75": [12.5, 0, 0],
						"3.0": [0, 0, 0]
					}
				}
			}
		}
	}
}