{
	"format_version": "1.8.0",
	"animations": {
		"animation.pomni.look_at_target": {
			"animation_length": 5.25,
			"bones": {
				"All": {
					"position": {
						"0.0": [0, 0, 0],
						"1.75": [0, 0, 0],
						"2.0": [0, 0, 0],
						"2.25": [2, -4, 0],
						"2.5": [2, -4, 0],
						"3.25": [2, -1, 0],
						"3.375": [2, -1, 0],
						"3.5833": [2, -3, 0],
						"4.75": [2, -3, 0],
						"5.25": [0, 0, 0]
					}
				},
				"Body": {
					"rotation": {
						"0.0": [0, 0, 0],
						"1.75": [0, 0, 0],
						"2.0": [0, -7.5, -7.5],
						"2.25": [0, -17.5, 0],
						"2.5": [-7.66118, -22.48039, 0.47102],
						"2.75": [0, -17.5, 0],
						"3.375": [0, -17.5, 0],
						"3.5": [26.49456, 0.3465, -2.08229],
						"3.875": [0, -5, 0],
						"4.75": [0, -5, 0],
						"5.25": [0, 0, 0]
					}
				},
				"Shoulder": {
					"rotation": {
						"0.0": [0, 0, 0],
						"0.25": [5, 0, 0],
						"0.75": [0, 0, 0],
						"1.0": [5, 0, 0],
						"2.0": [5, 0, 0],
						"2.25": [25, 0, 0],
						"2.5": [17.5, 0, 0],
						"2.75": [20.85148, 2.33645, 0.88962],
						"3.0833": [9.26694, 7.23681, 1.90964],
						"3.2917": [15.93361, 7.23681, 1.90964],
						"3.375": [-2.81639, 7.23681, 1.90964],
						"3.5833": [34.68361, 7.23681, 1.90964],
						"4.75": [34.68361, 7.23681, 1.90964],
						"5.25": [0, 0, 0]
					}
				},
				"Armkiri": {
					"rotation": {
						"0.0": [0, 0, 0],
						"2.5": [0, 0, 0],
						"2.75": [0, -25, 0],
						"3.0": [0, 0, 0],
						"3.375": [-29.44229, -64.30158, 29.16315],
						"3.5": [-1.60242, -0.05261, 8.64653],
						"3.875": [-1.37983, 0.81652, 41.13597],
						"4.125": [-1.52382, 0.49855, 28.63917],
						"4.75": [-1.52382, 0.49855, 28.63917],
						"5.25": [0, 0, 0]
					}
				},
				"Tangan": {
					"rotation": {
						"0.0": [0, 0, 0],
						"0.25": [0, 0, 0],
						"0.5": [-2.58075, -3.70064, -0.99787],
						"0.75": [12.78575, -1.70284, -33.35962],
						"1.0": [219.06075, -23.26836, -227.92525],
						"3.4167": [219.06075, -23.26836, -227.92525],
						"3.5": [209.21886, 37.75483, -201.46228],
						"4.75": [209.21886, 37.75483, -201.46228],
						"5.25": [0, 0, 0]
					}
				},
				"pergelangan2": {
					"rotation": {
						"0.0": [0, 0, 0],
						"0.25": [0, 0, 0],
						"0.5": [90, 0, 0]
					}
				},
				"Jari5": {
					"rotation": {
						"0.25": [0, 0, 0],
						"0.5": [0, 0, 32.5],
						"0.75": [0, 0, 2.5]
					}
				},
				"Jaru5": {
					"rotation": {
						"0.25": [0, 0, 0],
						"0.5": [0, 0, 50]
					}
				},
				"Jari7": {
					"rotation": {
						"0.25": [0, 0, 0],
						"0.5": [0, 0, 27.5],
						"0.75": [0, 22.5, 0]
					}
				},
				"Jaru7": {
					"rotation": {
						"0.25": [0, 0, 0],
						"0.5": [0, 0, 50]
					}
				},
				"Jari6": {
					"rotation": {
						"0.25": [0, 0, 0],
						"0.5": [0, 0, 37.5],
						"0.75": [0, -5, 0]
					}
				},
				"Jaru6": {
					"rotation": {
						"0.25": [0, 0, 0],
						"0.5": [0, 0, 52.5]
					}
				},
				"Armkanan": {
					"rotation": {
						"0.0": [0, 0, 0],
						"1.7917": [0, 0, 0],
						"2.0": [0, 95, 0],
						"2.2917": [0, 0, 0],
						"2.5": [0, 0, 0],
						"2.75": [0, 25, 0],
						"3.0": [0, 0, 0],
						"3.375": [0, 65, 0],
						"3.5": [0, 2.5, 0],
						"3.875": [-1.34386, 2.10829, -32.52473],
						"4.125": [-0.85553, 2.34914, -20.01754],
						"4.75": [-0.85553, 2.34914, -20.01754],
						"5.25": [0, 0, 0]
					}
				},
				"Tangan2": {
					"rotation": {
						"0.0": [0, 0, 0],
						"0.5": [0, 0, 0],
						"0.75": [32.1405, 0.79181, 37.59829],
						"1.0": [194.78634, 8.92799, 194.71873],
						"1.5833": [194.78634, 8.92799, 194.71873],
						"1.7917": [260.42226, 6.85443, 263.66662],
						"1.9583": [380.85414, -6.96846, 389.73125],
						"2.125": [-87.86097, 7.67115, 99.31492],
						"2.25": [-24.67728, 11.57995, 165.17205],
						"3.4167": [-24.67728, 11.57995, 165.17205],
						"3.5": [205.40592, -44.64072, 194.74569],
						"4.75": [205.40592, -44.64072, 194.74569],
						"5.25": [0, 0, 0]
					}
				},
				"pergelangan": {
					"rotation": {
						"0.0": [0, 0, 0],
						"0.25": [2.5, 0, 0],
						"0.5": [82.5, 0, 0]
					}
				},
				"Jari": {
					"rotation": {
						"0.0": [0, 0, 0],
						"0.25": [0, 0, 0],
						"0.5": [0, 0, -35],
						"0.75": [0, 17.5, 0]
					}
				},
				"Jaru": {
					"rotation": {
						"0.25": [0, 0, 0],
						"0.5": [0, 0, -55]
					}
				},
				"Jari2": {
					"rotation": {
						"0.25": [0, 0, 0],
						"0.5": [0, 0, -32.5],
						"0.75": [0, 0, -10]
					}
				},
				"Jaru2": {
					"rotation": {
						"0.25": [0, 0, 0],
						"0.5": [0, 0, -55]
					}
				},
				"Jari3": {
					"rotation": {
						"0.25": [0, 0, 0],
						"0.5": [0, 0, -30],
						"0.75": [0, -12.5, 0]
					}
				},
				"Jaru3": {
					"rotation": {
						"0.25": [0, 0, 0],
						"0.5": [0, 0, -55]
					}
				},
				"Head": {
					"rotation": {
						"0.0": [0, -2.5, 0],
						"0.25": [0, -20, 0],
						"0.75": [-5.83333, -10, 0],
						"1.0": [1.66667, -10, 0],
						"2.0": [0, -2.5, 0],
						"2.25": [0, -20, 0],
						"2.5": [2.502, -20, 0],
						"3.0": [-19.21818, -7.74229, -2.51726],
						"4.75": [-19.21818, -7.74229, -2.51726],
						"5.25": [0, -2.5, 0]
					}
				},
				"Mulut": {
					"position": {
						"0.0": [0, 0, 0],
						"0.0833": [0, 0, 0],
						"0.125": [0, 0, 1]
					}
				},
				"Mulut2": {
					"position": {
						"0.0833": [0, 0, 0],
						"0.125": [0, 0, -1]
					},
					"scale": {
						"0.0833": [1, 1, 1],
						"0.2083": [1, 0.6, 1],
						"0.3333": [1, 1.3, 1],
						"0.4167": [1, 0.3, 1],
						"0.5417": [1, 1.1, 1],
						"0.5833": [1, 0.8, 1],
						"0.6667": [1, 1.3, 1],
						"0.75": [1, 0.3, 1],
						"0.8333": [1, 1.2, 1],
						"1.25": [1, 0.3, 1],
						"2.125": [1, 0.3, 1],
						"2.25": [1, 1.3, 1],
						"2.3333": [1, 0.2, 1],
						"2.4583": [1, 1.1, 1],
						"2.5417": [1, 0.3, 1],
						"2.6667": [1, 1.2, 1],
						"2.75": [1, 0.3, 1],
						"2.875": [1, 1.3, 1],
						"3.0417": [1, 0.2, 1],
						"3.25": [1, 1.2, 1],
						"3.4167": [1, 0.4, 1],
						"3.625": [1, 1.3, 1],
						"4.25": [1, 1.3, 1],
						"4.5": [1, 0.5, 1]
					}
				},
				"Merem2": {
					"scale": {
						"0.25": [1, 1, 1],
						"0.5": [1, 4.95, 1],
						"1.5": [1, 4.95, 1],
						"1.75": [1, 1, 1]
					}
				},
				"pupil2": {
					"position": {
						"0.0": [0, 0, 0],
						"0.25": [0, 0, 0],
						"0.75": [0, 0.33, 0],
						"1.0": [0, 0, 0],
						"2.25": [0, 0, 0],
						"2.5": [-0.5, 0, 0],
						"3.0": [-0.5, 0, 0],
						"3.125": [-0.17, 0.67, 0],
						"3.5833": [-0.17, 0.67, 0],
						"3.75": [0, 0, 0]
					},
					"scale": {
						"0.0": [1, 1, 1],
						"3.5833": [1, 1, 1],
						"3.75": [0.7, 0.7, 1]
					}
				},
				"Pupil": {
					"position": {
						"0.0": [0, 0, 0],
						"0.25": [0, 0, 0],
						"0.75": [0, 0.33, 0],
						"1.0": [0, 0, 0],
						"2.25": [0, 0, 0],
						"2.5": [-0.5, 0, 0],
						"3.0": [-0.5, 0, 0],
						"3.125": [-0.17, 0.67, 0],
						"3.5833": [-0.17, 0.67, 0],
						"3.75": [0, 0, 0]
					},
					"scale": {
						"0.0": [1, 1, 1],
						"3.5833": [1, 1, 1],
						"3.75": [0.7, 0.7, 1]
					}
				},
				"Merem": {
					"scale": {
						"0.0": [1, 1, 1],
						"0.25": [1, 1, 1],
						"0.5": [1, -4.7, 1],
						"1.5": [1, -4.7, 1],
						"1.75": [1, 1, 1]
					}
				},
				"Legkanan": {
					"rotation": {
						"0.0": [0, 0, 0],
						"1.75": [0, 0, 0],
						"2.0": [3.16384, -40.47645, -15.50043],
						"2.25": [-25, -50, 0],
						"2.5": [-25, -50, 0],
						"3.25": [0, 0, 0],
						"3.5": [-15, 0, 0],
						"4.75": [-15, 0, 0],
						"5.25": [0, 0, 0]
					}
				},
				"Kering": {
					"rotation": {
						"0.0": [0, 0, 0],
						"2.0": [0, 0, 0],
						"2.25": [45.81529, 20.80525, 8.77807],
						"2.5": [45.81529, 20.80525, 8.77807],
						"3.25": [0, 0, 0],
						"3.5": [30, 0, 0],
						"4.75": [30, 0, 0],
						"5.25": [0, 0, 0]
					}
				},
				"Legkiri": {
					"rotation": {
						"0.0": [0, 0, 0],
						"2.0": [0, 0, 0],
						"2.125": [0, 0, 10],
						"2.25": [-22.5, 0, 0],
						"2.5": [-22.5, 0, 0],
						"3.25": [0, 0, 0],
						"3.5": [-15, 0, 0],
						"4.75": [-15, 0, 0],
						"5.25": [0, 0, 0]
					}
				},
				"Kering2": {
					"rotation": {
						"0.0": [0, 0, 0],
						"2.0": [0, 0, 0],
						"2.25": [43.48027, -19.42266, -0.65899],
						"2.5": [43.48027, -19.42266, -0.65899],
						"3.25": [0, 0, 0],
						"3.5": [20, 0, 0],
						"4.75": [20, 0, 0],
						"5.25": [0, 0, 0]
					}
				},
				"Gandul": {
					"rotation": {
						"0.0": [0, 0, 0],
						"0.625": [0, 0, 0],
						"0.875": [10, 0, 0],
						"1.125": [0, 0, 0],
						"1.75": [0, 0, 0],
						"2.0": [-12.5, 0, 0],
						"2.25": [-17.5, 0, 0],
						"2.4167": [0, 0, 0],
						"2.75": [-5, 0, 0],
						"3.25": [0, 0, 0]
					}
				},
				"Gandul2": {
					"rotation": {
						"0.0": [0, 0, 0],
						"0.625": [0, 0, 0],
						"0.875": [10, 0, 0],
						"1.125": [0, 0, 0],
						"1.75": [0, 0, 0],
						"2.0": [-12.5, 0, 0],
						"2.25": [-17.5, 0, 0],
						"2.4167": [0, 0, 0],
						"2.75": [-7.5, 0, 0],
						"3.25": [0, 0, 0]
					}
				},
				"Alis": {
					"position": {
						"0.0": [0, 0, 0],
						"2.0": [0, 0, 0],
						"2.25": [0, 0, -1],
						"3.0": [0, 0, -1],
						"3.0417": [0, 0, 0]
					}
				},
				"Alis2": {
					"position": {
						"0.0": [0, 0, 0],
						"2.0": [0, 0, 0],
						"2.25": [0, 0, -1],
						"3.0": [0, 0, -1],
						"3.0417": [0, 0, 0]
					}
				}
			},
			"sound_effects": {
				"0.0": {
					"effect": "dimana"
				}
			}
		},
		"animation.pomni.bob": {
			"loop": true,
			"animation_length": 24,
			"bones": {
				"All": {
					"position": [0, -1, 0]
				},
				"Legkanan": {
					"rotation": {
						"0.0": [-13.51065, -0.66975, 0.0807],
						"3.0": [-12.45392, 1.08089, 4.88206],
						"6.0": [-12.45392, 1.08089, 4.88206],
						"9.0": [-12.45392, 1.08089, 4.88206],
						"12.0": [-12.45392, 1.08089, 4.88206],
						"15.0": [-12.45392, 1.08089, 4.88206],
						"18.0": [-12.45392, 1.08089, 4.88206],
						"21.0": [-12.45392, 1.08089, 4.88206]
					}
				},
				"Legkiri": {
					"rotation": [-14.66496, 2.59044, -0.29023]
				},
				"Kering": {
					"rotation": {
						"0.0": [32.23195, 0.12204, -6.53025],
						"3.0": [31.60659, 7.99365, -12.73415],
						"6.0": [31.60659, 7.99365, -12.73415],
						"9.0": [31.60659, 7.99365, -12.73415],
						"12.0": [31.60659, 7.99365, -12.73415],
						"15.0": [31.60659, 7.99365, -12.73415],
						"18.0": [31.60659, 7.99365, -12.73415],
						"21.0": [31.60659, 7.99365, -12.73415]
					}
				},
				"Kaki": {
					"rotation": {
						"0.0": [-20.02619, -1.82983, 5.63066],
						"3.0": [-19.98247, 0.85481, 9.84941],
						"6.0": [-19.98247, 0.85481, 9.84941],
						"9.0": [-19.98247, 0.85481, 9.84941],
						"12.0": [-19.98247, 0.85481, 9.84941],
						"15.0": [-19.98247, 0.85481, 9.84941],
						"18.0": [-19.98247, 0.85481, 9.84941],
						"21.0": [-19.98247, 0.85481, 9.84941]
					}
				},
				"Kering2": {
					"rotation": [34.70564, -0.40736, 6.51767]
				},
				"Kaki2": {
					"rotation": [-22.18804, 1.26328, -0.68726]
				},
				"Jari4": {
					"rotation": [0, -62.5, 0]
				},
				"Jari": {
					"rotation": [0, 0, 35]
				},
				"Jaru": {
					"rotation": [0, 0, 55]
				},
				"Jari2": {
					"rotation": [0, 0, 32.5]
				},
				"Jaru2": {
					"rotation": [0, 0, 55]
				},
				"Jari3": {
					"rotation": [0, 0, 30]
				},
				"Jaru3": {
					"rotation": [0, 0, 55]
				},
				"Jari8": {
					"rotation": [0, 77.5, 0]
				},
				"Jari5": {
					"rotation": [0, 0, -35]
				},
				"Jaru5": {
					"rotation": {
						"0.0": [0, 0, -52.5],
						"3.0": [0, 0, -52.5],
						"6.0": [0, 0, -52.5],
						"9.0": [0, 0, -52.5],
						"12.0": [0, 0, -52.5],
						"15.0": [0, 0, -52.5],
						"18.0": [0, 0, -52.5],
						"21.0": [0, 0, -52.5]
					}
				},
				"Jari6": {
					"rotation": {
						"0.0": [0, 0, -40],
						"12.0": [0, 0, -40]
					}
				},
				"Jaru6": {
					"rotation": [0, 0, -52.5]
				},
				"Jari7": {
					"rotation": [0, 0, -30]
				},
				"Jaru7": {
					"rotation": [0, 0, -52.5]
				},
				"Head": {
					"rotation": {
						"0.0": [1.67, 0, 0],
						"0.25": [0, 0, 0],
						"1.75": [7.5, 0, 0],
						"3.0": [1.67, 0, 0],
						"3.25": [0, 0, 0],
						"4.75": [7.5, 0, 0],
						"6.0": [1.67, 0, 0],
						"6.25": [0, 0, 0],
						"6.5": [1.7475, 17.49236, 0.52541],
						"7.75": [1.7475, 17.49236, 0.52541],
						"8.25": [1.74327, -14.49355, -0.43393],
						"9.5": [1.74327, -14.49355, -0.43393],
						"10.0": [1.67, 0, 0],
						"10.75": [7.5, 0, 0],
						"12.0": [1.67, 0, 0],
						"12.25": [0, 0, 0],
						"13.75": [7.5, 0, 0],
						"15.0": [1.67, 0, 0],
						"15.25": [0, 0, 0],
						"16.75": [7.5, 0, 0],
						"18.0": [1.67, 0, 0],
						"18.25": [0, 0, 0],
						"18.5": [1.7475, 17.49236, 0.52541],
						"19.75": [1.7475, 17.49236, 0.52541],
						"20.25": [1.74327, -14.49355, -0.43393],
						"21.5": [1.74327, -14.49355, -0.43393],
						"22.0": [1.67, 0, 0],
						"22.75": [7.5, 0, 0],
						"24.0": [1.67, 0, 0]
					},
					"position": {
						"0.0": [0, 1, 0],
						"3.0": [0, 1, 0],
						"6.0": [0, 1, 0],
						"9.0": [0, 1, 0],
						"12.0": [0, 1, 0],
						"15.0": [0, 1, 0],
						"18.0": [0, 1, 0],
						"21.0": [0, 1, 0]
					},
					"scale": {
						"0.0": [1.2, 1.2, 1],
						"3.0": [1.2, 1.2, 1],
						"6.0": [1.2, 1.2, 1],
						"9.0": [1.2, 1.2, 1],
						"12.0": [1.2, 1.2, 1],
						"15.0": [1.2, 1.2, 1],
						"18.0": [1.2, 1.2, 1],
						"21.0": [1.2, 1.2, 1]
					}
				},
				"Merem": {
					"position": {
						"0.0": [0, 0, 0],
						"12.0": [0, 0, 0]
					},
					"scale": {
						"0.0": [1, -0.1, 1],
						"12.0": [1, -0.1, 1],
						"12.25": [1, -0.1, 1],
						"12.375": [1, 0.8, 1],
						"16.25": [1, 0.8, 1],
						"16.5": [1, 0, 1]
					}
				},
				"Merem2": {
					"scale": {
						"0.0": [1, 0.1, 1],
						"12.25": [1, 0, 1],
						"12.375": [1, 0.8, 1],
						"16.25": [1, 0.8, 1],
						"16.5": [1, 0.1, 1]
					}
				},
				"Mulut": {
					"position": {
						"0.0": [0, 0, 0],
						"6.25": [0, 0, 0],
						"6.2917": [0, 0, 2],
						"9.5": [0, 0, 2],
						"9.5417": [0, 0, 0],
						"12.0": [0, 0, 0],
						"18.25": [0, 0, 0],
						"18.2917": [0, 0, 2],
						"21.5": [0, 0, 2],
						"21.5417": [0, 0, 0]
					}
				},
				"Shoulder": {
					"rotation": {
						"0.0": [0, 0, 0],
						"1.5": [5, 0, 0],
						"3.0": [0, 0, 0],
						"4.5": [5, 0, 0],
						"6.0": [0, 0, 0],
						"7.5": [5, 0, 0],
						"9.0": [0, 0, 0],
						"10.5": [5, 0, 0],
						"12.0": [0, 0, 0],
						"13.5": [5, 0, 0],
						"15.0": [0, 0, 0],
						"16.5": [5, 0, 0],
						"18.0": [0, 0, 0],
						"19.5": [5, 0, 0],
						"21.0": [0, 0, 0],
						"22.5": [5, 0, 0],
						"24.0": [0, 0, 0]
					}
				},
				"pergelangan": {
					"rotation": [0, 0, 0]
				},
				"Gandul": {
					"rotation": {
						"0.0": [-1.24, 0, 0],
						"0.25": [0.00732, 0.00042, -0.00004],
						"1.75": [-7.49, 0, 0],
						"3.0": [-1.24, 0, 0],
						"3.25": [0.00732, 0.00042, -0.00004],
						"4.75": [-7.49, 0, 0],
						"6.0": [-1.24, 0, 0],
						"6.25": [0.00732, 0.00042, -0.00004],
						"7.75": [-7.49, 0, 0],
						"9.0": [-1.24, 0, 0],
						"9.25": [0.00732, 0.00042, -0.00004],
						"10.75": [-7.49, 0, 0],
						"12.0": [-1.24, 0, 0],
						"12.25": [0.00732, 0.00042, -0.00004],
						"13.75": [-7.49, 0, 0],
						"15.0": [-1.24, 0, 0],
						"15.25": [0.00732, 0.00042, -0.00004],
						"16.75": [-7.49, 0, 0],
						"18.0": [-1.24, 0, 0],
						"18.25": [0.00732, 0.00042, -0.00004],
						"19.75": [-7.49, 0, 0],
						"21.0": [-1.24, 0, 0],
						"21.25": [0.00732, 0.00042, -0.00004],
						"22.75": [-7.49, 0, 0],
						"24.0": [-1.24, 0, 0]
					}
				},
				"bone2": {
					"rotation": {
						"0.0": [0, 0, 0],
						"1.5": [-10, 0, 0],
						"3.0": [0, 0, 0],
						"4.5": [-10, 0, 0],
						"6.0": [0, 0, 0],
						"7.5": [-10, 0, 0],
						"9.0": [0, 0, 0],
						"10.5": [-10, 0, 0],
						"12.0": [0, 0, 0],
						"13.5": [-10, 0, 0],
						"15.0": [0, 0, 0],
						"16.5": [-10, 0, 0],
						"18.0": [0, 0, 0],
						"19.5": [-10, 0, 0],
						"21.0": [0, 0, 0],
						"22.5": [-10, 0, 0],
						"24.0": [0, 0, 0]
					}
				},
				"Gandul2": {
					"rotation": {
						"0.0": [-0.83, 0, 0],
						"0.25": [0, 0, 0],
						"1.75": [-5, 0, 0],
						"3.0": [-0.83, 0, 0],
						"3.25": [0, 0, 0],
						"4.75": [-5, 0, 0],
						"6.0": [-0.83, 0, 0],
						"6.25": [0, 0, 0],
						"7.75": [-5, 0, 0],
						"9.0": [-0.83, 0, 0],
						"9.25": [0, 0, 0],
						"10.75": [-5, 0, 0],
						"12.0": [-0.83, 0, 0],
						"12.25": [0, 0, 0],
						"13.75": [-5, 0, 0],
						"15.0": [-0.83, 0, 0],
						"15.25": [0, 0, 0],
						"16.75": [-5, 0, 0],
						"18.0": [-0.83, 0, 0],
						"18.25": [0, 0, 0],
						"19.75": [-5, 0, 0],
						"21.0": [-0.83, 0, 0],
						"21.25": [0, 0, 0],
						"22.75": [-5, 0, 0],
						"24.0": [-0.83, 0, 0]
					}
				},
				"bone4": {
					"rotation": {
						"0.0": [0, 0, 0],
						"1.5": [-10, 0, 0],
						"3.0": [0, 0, 0],
						"4.5": [-10, 0, 0],
						"6.0": [0, 0, 0],
						"7.5": [-10, 0, 0],
						"9.0": [0, 0, 0],
						"10.5": [-10, 0, 0],
						"12.0": [0, 0, 0],
						"13.5": [-10, 0, 0],
						"15.0": [0, 0, 0],
						"16.5": [-10, 0, 0],
						"18.0": [0, 0, 0],
						"19.5": [-10, 0, 0],
						"21.0": [0, 0, 0],
						"22.5": [-10, 0, 0],
						"24.0": [0, 0, 0]
					}
				},
				"Mulut2": {
					"position": {
						"0.0": [0, 0, 0],
						"6.25": [0, 0, 0],
						"6.2917": [0, 0, -1],
						"9.5": [0, 0, -1],
						"9.5417": [0, 0, 0],
						"12.0": [0, 0, 0],
						"18.25": [0, 0, 0],
						"18.2917": [0, 0, -1],
						"21.5": [0, 0, -1],
						"21.5417": [0, 0, 0]
					},
					"scale": {
						"0.0": [1, 1, 1],
						"7.75": [1, 1, 1],
						"8.0": [1, 0.4, 1],
						"9.5": [1, 0.4, 1],
						"12.0": [1, 1, 1],
						"19.75": [1, 1, 1],
						"20.0": [1, 0.4, 1],
						"21.5": [1, 0.4, 1]
					}
				},
				"pupil2": {
					"position": {
						"0.0": [0, 0, 0],
						"6.0": [0, 0, 0],
						"6.25": [-0.67, 0, 0],
						"7.75": [-0.67, 0, 0],
						"8.0": [0.58, 0, 0],
						"9.5": [0.58, 0, 0],
						"10.0": [0, 0, 0],
						"12.0": [0, 0, 0],
						"18.0": [0, 0, 0],
						"22.0": [0, 0, 0]
					},
					"scale": {
						"0.0": [1, 1, 1],
						"18.0": [1, 1, 1],
						"18.25": [2.2, 2.2, 1],
						"23.25": [2.2, 2.2, 1],
						"23.5": [1, 1, 1]
					}
				},
				"Pupil": {
					"position": {
						"0.0": [0, 0, 0],
						"6.0": [0, 0, 0],
						"6.25": [-0.67, 0, 0],
						"7.75": [-0.67, 0, 0],
						"8.0": [0.58, 0, 0],
						"9.5": [0.58, 0, 0],
						"10.0": [0, 0, 0],
						"12.0": [0, 0, 0],
						"18.0": [0, 0, 0],
						"22.0": [0, 0, 0]
					},
					"scale": {
						"0.0": [1, 1, 1],
						"18.0": [1, 1, 1],
						"18.25": [2.2, 2.2, 1],
						"23.25": [2.2, 2.1, 1],
						"23.5": [1, 1, 1]
					}
				},
				"Rambut4": {
					"rotation": {
						"0.0": [0, 0, 0],
						"1.5": [-12.5, 0, 0],
						"3.0": [0, 0, 0],
						"4.5": [-12.5, 0, 0],
						"6.0": [0, 0, 0],
						"6.5": [-19.17, 0, 0],
						"7.5": [-19.17, 0, 0],
						"8.0": [-19.17, 0, 0],
						"8.25": [0, 0, 0],
						"9.0": [0, 0, 0],
						"10.5": [-12.5, 0, 0],
						"12.0": [0, 0, 0],
						"13.5": [-12.5, 0, 0],
						"15.0": [0, 0, 0],
						"16.5": [-12.5, 0, 0],
						"18.0": [0, 0, 0],
						"18.5": [-16.67, 0, 0],
						"19.5": [-16.67, 0, 0],
						"20.0": [-16.67, 0, 0],
						"20.25": [0, 0, 0],
						"21.0": [0, 0, 0],
						"22.5": [-12.5, 0, 0],
						"24.0": [0, 0, 0]
					}
				},
				"Rambut3": {
					"rotation": {
						"0.0": [0, 0, 0],
						"1.5": [-12.5, 0, 0],
						"3.0": [0, 0, 0],
						"4.5": [-12.5, 0, 0],
						"6.0": [0, 0, 0],
						"7.5": [-12.5, 0, 0],
						"8.25": [-8.75, 0, 0],
						"9.0": [-7.5, 0, 0],
						"10.5": [-12.5, 0, 0],
						"12.0": [0, 0, 0],
						"13.5": [-12.5, 0, 0],
						"15.0": [0, 0, 0],
						"16.5": [-12.5, 0, 0],
						"18.0": [0, 0, 0],
						"19.5": [-12.5, 0, 0],
						"20.25": [-6.25, 0, 0],
						"20.5": [-9.17, 0, 0],
						"21.0": [-10, 0, 0],
						"22.5": [-12.5, 0, 0],
						"24.0": [0, 0, 0]
					}
				},
				"Alis": {
					"position": [0, 0, 1]
				},
				"Alis2": {
					"position": [0, 0, 1]
				}
			}
		},
		"animation.pomni.walk": {
			"loop": true,
			"animation_length": 1.5,
			"bones": {
				"All": {
					"position": {
						"0.0": [0, -1, 0],
						"0.25": [0, 1, 0],
						"0.75": [0, -1, 0],
						"1.0": [0, 1, 0],
						"1.5": [0, -1, 0]
					}
				},
				"Shoulder": {
					"rotation": {
						"0.0": [0, -5, 0],
						"0.75": [0, 5, 0],
						"1.5": [0, -5, 0]
					}
				},
				"Head": {
					"rotation": {
						"0.0": [0, 0, 0],
						"0.25": [10, 0, 0],
						"0.75": [0, 0, 0],
						"1.0": [7.5, 0, 0],
						"1.5": [0, 0, 0]
					}
				},
				"Legkanan": {
					"rotation": {
						"0.0": [-10, 0, 0],
						"0.75": [50, 0, 0],
						"1.5": [-10, 0, 0]
					}
				},
				"Kering": {
					"rotation": {
						"0.0": [-45, 0, 0],
						"0.75": [-45, 0, 0],
						"1.25": [10, 0, 0],
						"1.5": [-45, 0, 0]
					}
				},
				"Kaki": {
					"rotation": [42.5, 0, 0]
				},
				"Legkiri": {
					"rotation": {
						"0.0": [52.5, 0, 0],
						"0.75": [-7.5, 0, 0],
						"1.5": [52.5, 0, 0]
					}
				},
				"Kering2": {
					"rotation": {
						"0.0": [-50, 0, 0],
						"0.5": [2.5, 0, 0],
						"0.75": [-50, 0, 0],
						"1.5": [-50, 0, 0]
					}
				},
				"Kaki2": {
					"rotation": [40, 0, 0]
				}
			}
		}
	}
}