{
	"format_version": "1.8.0",
	"animations": {
		"animation.pomtra.bob": {
			"loop": true,
			"animation_length": 3,
			"bones": {
				"Shoulder": {
					"rotation": [17.60602, -0.4904, -0.51755]
				},
				"Armkiri": {
					"position": {
						"0.0": [0, 0, 0],
						"0.0417": [0, -3, 0],
						"0.2083": [0, -2.7, 0],
						"0.25": [0, -0.62, 0],
						"1.7083": [0, 0, 0],
						"1.75": [-2, 0, 0],
						"1.9583": [-2, 0, 0],
						"2.0": [0, 0, 0],
						"2.5417": [0, 0, 0],
						"2.5833": [-3, 0, 0],
						"2.7083": [-3, 0, 0],
						"2.75": [0, 0, 0]
					}
				},
				"Armkanan": {
					"rotation": {
						"0.0": [0, 0, 0],
						"0.7917": [0, 0, 0],
						"0.8333": [0, 0, -85],
						"1.0": [0, 0, -82.5],
						"1.0417": [0, 0, -2.5],
						"1.0833": [0, 0, -2.5],
						"1.125": [0, 0, -82.5],
						"1.2083": [0, 0, -82.5],
						"1.25": [0, 0, -2.5]
					},
					"position": {
						"0.0": [0, 0, 0],
						"0.2917": [0, 0, 0],
						"0.3333": [3, 0, 0],
						"0.5417": [3, 0, 0],
						"0.5833": [0, 0, 0],
						"1.9583": [0, 0, 0],
						"2.0": [0, -3, 0],
						"2.2083": [0, -3, 0],
						"2.25": [0, -2, 0],
						"2.7083": [0, -2, 0],
						"2.75": [0, 0, 0]
					}
				},
				"Head": {
					"rotation": {
						"0.0": [0, 0, 0],
						"2.3333": [0, 0, 0],
						"2.375": [-6.40195, -9.49582, 68.7691],
						"2.5": [-6.40195, -9.49582, 68.7691],
						"2.5417": [0, 0, 0]
					},
					"position": {
						"0.0": [0, 0, 0],
						"0.0417": [2, 0, 0],
						"0.2083": [2, 0, 0],
						"0.25": [0, 0, 0],
						"0.9583": [0, 0, 0],
						"1.0": [0, 3, 0],
						"1.1667": [0, 3, 0],
						"1.2083": [-2, 2, 0],
						"1.3333": [-2, 2, 0],
						"1.375": [-2, 2, 0],
						"1.4167": [0, 0, 0],
						"2.3333": [0, 0, 0]
					},
					"scale": {
						"0.0": [1.2, 1.2, 1.2],
						"2.0": [1.2, 1.2, 1.2],
						"2.0417": [1.4, 1.4, 1.2],
						"2.25": [1.4, 1.4, 1.2],
						"2.2917": [1.2, 1.2, 1.2]
					}
				},
				"Merem2": {
					"scale": [1, 0.4, 1]
				},
				"Merem": {
					"scale": [1, 0, 1]
				},
				"Glicht": {
					"position": {
						"0.0": [0, 0, 1],
						"0.375": [0, 0, 1],
						"0.4167": [0, 0, 0],
						"0.6667": [0, 0, 0],
						"0.7083": [0, 0, 1],
						"2.0833": [0, 0, 1],
						"2.125": [0, 0, 0],
						"2.4583": [0, 0, 0],
						"2.5": [0, 0, 1]
					}
				},
				"Glicht2": {
					"position": {
						"0.0": [0, 0, 1],
						"0.0417": [0, 0, 0],
						"0.2917": [0, 0, 0],
						"0.3333": [0, 0, 1],
						"0.875": [0, 0, 0],
						"0.9167": [0, 0, 1],
						"1.0": [0, 0, 0],
						"1.0417": [0, 0, 1],
						"1.125": [0, 0, 1],
						"1.1667": [0, 0, 0],
						"1.2917": [0, 0, 0],
						"1.3333": [0, 0, 1]
					}
				},
				"Glicht3": {
					"position": {
						"0.3333": [0, 0, -1],
						"0.375": [0, 0, 0],
						"0.5": [0, 0, 0],
						"0.5417": [0, 0, -1],
						"0.75": [0, 0, 0],
						"0.7917": [0, 0, -1],
						"2.4583": [0, 0, -1],
						"2.5": [0, 0, 0],
						"2.5833": [0, 0, 0],
						"2.625": [0, 0, -1],
						"2.7083": [0, 0, -1],
						"2.75": [0, 0, 0],
						"2.8333": [0, 0, 0],
						"2.875": [0, 0, -1]
					}
				}
			}
		},
		"animation.pomtra.walk": {
			"loop": true,
			"animation_length": 2,
			"bones": {
				"All": {
					"position": {
						"0.0": [0, -1, 0],
						"0.5": [0, 0, 0],
						"1.0": [0, -1, 0],
						"1.5": [0, 0, 0],
						"2.0": [0, -1, 0]
					}
				},
				"Legkanan": {
					"rotation": {
						"0.0": [-22.5, 0, 0],
						"1.0": [27.5, 0, 0],
						"2.0": [-22.5, 0, 0]
					}
				},
				"Kering": {
					"rotation": {
						"0.0": [0, 0, 0],
						"1.0": [0, 0, 0],
						"1.5": [42.5, 0, 0],
						"1.75": [42.5, 0, 0],
						"2.0": [0, 0, 0]
					}
				},
				"Legkiri": {
					"rotation": {
						"0.0": [20, 0, 0],
						"1.0": [-22.98423, -2.38013, 3.96289],
						"2.0": [20, 0, 0]
					}
				},
				"Kering2": {
					"rotation": {
						"0.0": [0, 0, 0],
						"0.5": [42.5, 0, 0],
						"0.75": [42.5, 0, 0],
						"1.0": [0, 0, 0]
					}
				}
			}
		}
	}
}