{
	"format_version": "1.8.0",
	"animations": {
		"animation.ragatha.bob": {
			"loop": true,
			"animation_length": 17,
			"bones": {
				"Body": {
					"rotation": {
						"7.0": [0, 0, 0],
						"7.25": [0, 0, 0],
						"7.5": [0, 0, 7.5],
						"8.2083": [0, 0, 1.15],
						"8.5": [0, 0, -5],
						"8.75": [0, 0, -5],
						"12.5": [0, 0, -2.5],
						"13.0": [0, 0, 0]
					},
					"position": {
						"7.0": [0, 0, 0],
						"7.5": [0, 0, 0],
						"7.75": [0, -0.67, 0],
						"8.0": [0, 0, 0],
						"8.2083": [0, -0.67, 0],
						"8.5": [0, 0, 0],
						"8.75": [0, -0.67, 0],
						"9.0": [0, 0, 0],
						"9.25": [0, -0.67, 0],
						"9.5": [0, 0, 0],
						"9.75": [0, -0.67, 0],
						"10.0": [0, 0, 0],
						"10.25": [0, -0.67, 0],
						"13.0": [0, 0, 0]
					}
				},
				"Shoulder": {
					"rotation": {
						"7.0": [0, 0, 0],
						"7.25": [0, 0, 0],
						"7.4583": [0, 0, 2.5],
						"10.25": [0, 0, 2.5],
						"10.5": [17.5, 0, 2.5],
						"10.75": [22.5, 0, 2.5],
						"10.875": [-0.14068, -2.24944, 9.65656],
						"12.5": [-0.14068, -2.24944, 9.65656],
						"13.0": [0, 0, 0]
					}
				},
				"Leher": {
					"rotation": {
						"0.0": [0, 0, 0],
						"2.0": [0, 0, 0],
						"2.25": [0.22782, 0.366, 4.98212],
						"5.0": [0.09592, 0.1541, 2.09773],
						"5.5": [0.22782, 0.366, 4.98212],
						"7.0": [0, 0, 0],
						"7.25": [0, 0, 0],
						"7.5": [0, 0, 10],
						"8.25": [0, 0, 10],
						"8.5": [0, 0, -7.5],
						"8.75": [0, 0, -5],
						"9.0": [0, 0, -10],
						"9.3333": [0, 0, -7.5],
						"9.75": [0, 0, -7.5],
						"9.875": [0.08429, 0.00441, -0.00142],
						"10.0": [0, 0, -7.5],
						"13.0": [0, 0, -5],
						"13.5417": [0, 0, 0]
					},
					"position": {
						"0.0": [0, 0, 0],
						"13.0": [0, 0, 0]
					}
				},
				"Head": {
					"rotation": {
						"7.0": [0, 0, 0],
						"7.25": [0, 0, 0]
					}
				},
				"Pupil": {
					"position": {
						"7.0": [0, 0, 0],
						"7.25": [0, 0, 0],
						"7.5": [0.33, 0.33, 0],
						"8.25": [0.33, 0.33, 0],
						"8.3333": [-0.5, 0.33, 0],
						"9.75": [-0.5, 0.33, 0],
						"9.875": [0.5, 0.33, 0],
						"10.0833": [-0.5, 0.33, 0],
						"10.25": [-0.5, 0.33, 0],
						"10.5": [0, 0, 0]
					}
				},
				"Kelopak": {
					"scale": {
						"7.0": [1, 0.1, 1],
						"8.2083": [1, 0.1, 1],
						"8.25": [1, 1.2, 1],
						"8.3333": [1, 0.1, 1],
						"10.25": [1, 0.1, 1],
						"10.3333": [1, 1.1, 1],
						"10.7083": [1, 1.1, 1],
						"10.75": [1, 0.1, 1],
						"15.0": [1, 0.1, 1],
						"15.25": [1, 0, 1]
					}
				},
				"Kelopak2": {
					"scale": {
						"7.0": [1, 0, 1],
						"8.2083": [1, 0, 1],
						"8.25": [1, 1, 1],
						"8.3333": [1, 0, 1],
						"10.25": [1, 0, 1],
						"10.3333": [1, 1.1, 1],
						"10.5": [1, 1.1, 1],
						"10.5833": [1, 0, 1]
					}
				},
				"Mulut": {
					"position": {
						"0.0": [0, 0, 0],
						"2.125": [0, 0, 0],
						"2.6667": [1, 0, 0],
						"4.25": [1, 0, 0],
						"4.75": [0, 0, 0]
					},
					"scale": {
						"0.0": [1, 0.2, 1],
						"2.125": [1, 0.2, 1],
						"2.2917": [1, 0.5119, 1],
						"2.6667": [1, 0.6269, 1],
						"2.7917": [1, 0.329, 1],
						"2.9167": [1, 0.64, 1],
						"3.0417": [1, 0.4418, 1],
						"3.1667": [1, 0.75, 1],
						"3.2917": [1, 0.3484, 1],
						"3.4167": [1, 0.8603, 1],
						"3.5417": [1, 0.4547, 1],
						"3.6667": [1, 0.9636, 1],
						"3.75": [1, 0.557, 1],
						"3.875": [1, 0.6625, 1],
						"3.9583": [1, 0.3635, 1],
						"4.0833": [1, 0.7773, 1],
						"4.2083": [1, 0.474, 1],
						"4.3333": [0.5, 0.4841, 1],
						"4.5": [0.6313, 0.5976, 1],
						"5.0": [1, 0.2, 1],
						"7.0": [1, 0.3, 1],
						"7.2083": [1, 0.4, 1],
						"7.3333": [1, 0.8, 1],
						"7.375": [1, 0.5, 1],
						"7.4583": [0.8333, 0.3, 1],
						"7.5833": [0.6, 0.5, 1],
						"7.625": [0.6, 0.8, 1],
						"7.75": [1.1, 0.7, 1],
						"7.8333": [0.5, 0.7, 1],
						"7.9583": [1.2, 0.6, 1],
						"8.0": [1.1, 0.3, 1],
						"8.0833": [1.1, 0.6, 1],
						"8.2083": [1.1, 0.4, 1],
						"8.25": [1.1, 0.8, 1],
						"8.375": [1.1, 0.9, 1],
						"8.5": [1.1, 0.6, 1],
						"8.625": [1.1, 0.9, 1],
						"8.75": [1.1, 0.6, 1],
						"8.875": [1.1, 0.9, 1],
						"9.0": [1.1, 0.6, 1],
						"9.125": [1.1, 1, 1],
						"9.25": [1.1, 0.7, 1],
						"9.375": [1.1, 1.1, 1],
						"9.5": [1.1, 0.8, 1],
						"9.625": [1.4, 0.6, 1],
						"9.75": [1.4, 1, 1],
						"9.875": [1.4, 0.6, 1],
						"10.0": [1, 0.8, 1],
						"10.125": [1, 0.6, 1],
						"10.25": [1, 1, 1],
						"10.375": [1, 0.7, 1],
						"10.5": [1, 1, 1],
						"10.5833": [1, 1.1, 1],
						"10.7083": [1, 1.1, 1],
						"10.8333": [1, 0.6, 1],
						"10.9583": [1, 0.9, 1],
						"11.0833": [0.9, 0.9, 1],
						"11.125": [0.7, 0.5, 1],
						"11.25": [1.1, 0.6, 1],
						"11.375": [0.6, 0.6, 1],
						"11.5": [1.3, 0.8, 1],
						"11.625": [1.3, 0.4, 1],
						"11.75": [0.8, 0.2, 1],
						"15.0": [0.8, 0.2, 1],
						"15.25": [0.8, 0.1, 1],
						"15.75": [0.8, 0.1, 1],
						"16.0": [1, 0.2, 1]
					}
				},
				"Mulut2": {
					"position": {
						"0.0": [0, 0, 1],
						"2.5": [0, 0, 0.65],
						"3.25": [0, 0, 0],
						"3.3333": [0, 0, 0],
						"3.4167": [0, 0, 1],
						"3.5": [0, 0, 0.98],
						"3.5833": [0, 0, -0.04],
						"3.6667": [0, 0, -0.04],
						"3.75": [0, 0, 0.96],
						"3.8333": [0, 0, 0.94],
						"3.9167": [0, 0, -0.08],
						"4.0": [0, 0, -0.08],
						"4.0833": [0, 0, 0.92],
						"4.1667": [0, 0, 0.89],
						"7.125": [0, 0, 0],
						"7.25": [0, 0, 0],
						"7.3333": [0, 0, 1],
						"7.4583": [0, 0, 0],
						"7.5833": [0, 0, 0],
						"7.625": [0, 0, 1],
						"7.7083": [0, 0, 0],
						"7.8333": [0, 0, 0],
						"7.9583": [0, 0, 1],
						"8.0": [0, 0, 0],
						"8.125": [0, 0, 0],
						"8.2083": [0, 0, 1],
						"8.3333": [0, 0, 0],
						"8.4583": [0, 0, 0],
						"8.5": [0, 0, 1],
						"8.5833": [0, 0, 0],
						"8.7083": [0, 0, 0],
						"8.8333": [0, 0, 1],
						"8.875": [0, 0, 0],
						"9.0": [0, 0, 0],
						"9.0833": [0, 0, 1],
						"9.2083": [0, 0, 0],
						"9.3333": [0, 0, 0],
						"9.375": [0, 0, 1],
						"9.4583": [0, 0, 0],
						"9.5833": [0, 0, 0],
						"9.7083": [0, 0, 1],
						"9.75": [0, 0, 0],
						"9.875": [0, 0, 0],
						"9.9583": [0, 0, 1],
						"10.0833": [0, 0, 0],
						"10.2083": [0, 0, 0],
						"10.25": [0, 0, 1],
						"10.3333": [0, 0, 0],
						"10.4583": [0, 0, 0],
						"10.5833": [0, 0, 1],
						"10.625": [0, 0, 0],
						"10.75": [0, 0, 0],
						"10.8333": [0, 0, 1],
						"10.9583": [0, 0, 0],
						"11.0833": [0, 0, 0],
						"11.125": [0, 0, 1],
						"11.2083": [0, 0, 0],
						"11.3333": [0, 0, 0],
						"11.4583": [0, 0, 1],
						"11.5": [0, 0, 0],
						"11.625": [0, 0, 0],
						"11.7083": [0, 0, 1]
					}
				},
				"Armkiri": {
					"rotation": {
						"0.0": [5.63284, -6.30668, -55.69977],
						"2.0": [0.92404, -2.45994, -55.98974],
						"2.25": [2.86614, -12.2142, -63.63745],
						"7.0": [0, -15, -52.5],
						"11.125": [-0.66963, -14.98539, -49.91193],
						"11.375": [-8.54606, 2.59134, -18.81687],
						"11.5833": [-7.79001, 4.37427, -6.42119],
						"12.5": [-7.38188, 5.03475, -1.44821],
						"13.0": [1.3378, -14.94159, -57.67544],
						"14.0": [0.08095, -7.30041, -52.44848],
						"15.0": [0.79597, 0.3869, -54.84278],
						"16.0": [0.16742, -1.77343, -51.63008],
						"17.0": [5.63284, -6.30668, -55.69977]
					}
				},
				"Kanan": {
					"rotation": {
						"0.0": [0, 0, -20],
						"2.0": [0, 0, -20],
						"2.25": [-2.05265, -28.24911, -160.8792],
						"5.0": [-2.05265, -28.24911, -160.8792],
						"6.0": [0, 0, -20],
						"7.0": [0, -22.5, -62.5],
						"8.3333": [0, -27.5, -62.5],
						"8.5833": [0, -42.5, -62.5],
						"8.7083": [-13.40558, -42.01643, -42.15547],
						"8.8333": [-19.32397, -38.62085, -33.17206],
						"9.0": [-22.71194, -47.96264, -28.24928],
						"9.2083": [-14.4684, -50.36289, -39.12884],
						"9.375": [-12.6019, -43.06966, -41.68744],
						"9.5833": [-7.92617, -43.96187, -48.47371],
						"9.75": [-21.13134, -40.15338, -28.87739],
						"9.9583": [-12.6019, -43.06966, -41.68744],
						"10.125": [-26.62232, -37.11047, -20.09579],
						"10.3333": [-14.84919, -42.47628, -38.37874],
						"11.125": [-17.02428, -41.78962, -35.137],
						"11.25": [20.11671, -40.60242, -89.18582],
						"12.9583": [20.11671, -40.60242, -89.18582],
						"13.0": [0, 0, -20]
					}
				},
				"bone4": {
					"rotation": {
						"0.0": [0, 0, 0],
						"2.0": [0, 0, -57.5],
						"2.25": [0, 0, 107.5],
						"5.0": [0, 0, 107.5],
						"5.5": [0, 0, 66.25],
						"6.0": [1.33898, -1.0193, 0.13033],
						"7.0": [0, 0, -57.5],
						"8.7083": [0, 0, -57.5],
						"9.0": [0, -15, -57.5],
						"9.3333": [2.57816, 7.04533, -37.34126],
						"9.7083": [-7.77315, 18.1716, -68.4617],
						"10.0833": [-6.61556, -8.76421, -82.62218],
						"10.2083": [-9.6244, 5.03331, -109.55519],
						"10.25": [-7.68082, 7.68663, -92.14794],
						"12.5": [-7.68082, 7.68663, -92.14794],
						"13.0": [0, 0, 0]
					}
				},
				"bone3": {
					"rotation": {
						"0.0": [0, 0, 0],
						"2.0": [0, 0, -72.5],
						"2.25": [0, 0, 95],
						"5.0": [0, 0, 95],
						"7.0": [0, 0, -72.5],
						"10.0": [0, 0, -72.5],
						"10.25": [0, 0, -85],
						"12.5": [0, 0, -85],
						"13.0": [0, 0, 0]
					}
				},
				"Armkanan": {
					"rotation": {
						"0.0": [0, 0, 57.5],
						"2.0": [0, 0, 60],
						"2.25": [0, -10, 60],
						"7.0": [0, 15, 60],
						"10.75": [0, 15, 60],
						"10.8333": [21.44822, 28.92338, 31.19757],
						"11.125": [21.44822, 28.92338, 31.19757],
						"11.375": [43.78199, 42.30769, 63.03944],
						"11.5833": [52.84843, 41.69131, 77.28403],
						"12.5": [56.67789, 44.57893, 82.88079],
						"13.0": [0, 15, 60],
						"14.0": [-1.11807, -2.91896, 53.85111],
						"15.0": [-0.7034, -0.52605, 57.38027],
						"16.0": [-1.31194, -1.64309, 52.04177],
						"17.0": [0, 0, 57.5]
					}
				},
				"Kanan2": {
					"rotation": {
						"0.0": [0, 0, 20],
						"2.0": [0, 0, 20],
						"2.25": [40.08984, 40.86313, 158.51483],
						"5.0": [40.08984, 40.86313, 158.51483],
						"6.0": [0, 0, 20],
						"7.0": [0, 20, 47.5],
						"7.25": [0, 20, 47.5],
						"7.5": [-105.20913, 53.68326, -86.77629],
						"7.75": [-111.49006, 52.10592, -94.64654],
						"8.25": [-111.49006, 52.10592, -94.64654],
						"8.5": [-288.05153, 41.91424, -288.88523],
						"8.8333": [-353.03355, 49.55407, -338.75932],
						"9.5833": [-353.03355, 49.55407, -338.75932],
						"9.75": [-358.92736, 49.90524, -346.47889],
						"9.9583": [-337.02778, 45.62048, -317.20874],
						"10.0833": [-350.15027, 49.18834, -334.96087],
						"10.25": [-334.73675, 44.59861, -313.97547],
						"10.5": [-334.73675, 44.59861, -313.97547],
						"10.625": [-370.28353, -11.38384, -441.18299],
						"11.125": [-370.14423, -6.46298, -442.0802],
						"11.25": [-560.34714, 54.76299, -646.24201],
						"12.5": [-560.34714, 54.76299, -646.24201],
						"12.9583": [-596.48294, -11.57282, -719.39058],
						"13.0": [-722.5569, -11.3357, -701.53371],
						"14.0": [-722.50768, -1.34542, -701.97769]
					}
				},
				"Pergelangan2": {
					"rotation": {
						"7.0": [0, 0, 0],
						"8.0833": [2.5, 0, 0],
						"8.3333": [-92.5, 0, 0],
						"8.7083": [-10, 0, 0],
						"10.5": [-10, 0, 0]
					}
				},
				"bone2": {
					"rotation": {
						"0.0": [0, 0, 0],
						"2.0": [0, 0, 57.5],
						"2.25": [0, 0, 107.5],
						"5.5": [0, 0, 75.79],
						"6.0": [0, 0, -0.31],
						"7.0": [0, 0, 57.5],
						"7.25": [0, 0, 57.5],
						"7.4583": [0, 0, 70],
						"8.0": [0, 0, 70],
						"8.25": [0, 0, 30],
						"8.8333": [0, 0, 57.5],
						"9.0833": [0, 17.5, 57.5],
						"9.3333": [-7.59001, 15.81499, 31.44427],
						"9.5833": [-7.30209, 0.94001, 33.40362],
						"9.8333": [-0.36895, 15.26533, 60.11271],
						"10.0833": [-0.3562, -2.23432, 60.22374],
						"10.2083": [-1.42594, -1.7568, 90.23865],
						"12.5": [-1.42594, -1.7568, 90.23865],
						"13.0": [0, 0, 0]
					}
				},
				"bone5": {
					"rotation": {
						"0.0": [0, 0, 0],
						"2.0": [0, 0, 47.5],
						"2.25": [0, 0, 112.5],
						"5.5": [0, 0, 70.53],
						"6.0": [0, 0, 5.35],
						"7.0": [0, 0, 47.5],
						"7.25": [-1.07338, 0.24798, 49.7419],
						"7.5": [-1.02151, -0.41249, 14.7479],
						"7.75": [-1.00255, -0.45666, 12.24822],
						"8.0": [-0.97264, 0.51733, 64.73983],
						"8.25": [-7.96868, 11.4167, 31.97168],
						"8.7083": [-2.6687, 13.14119, 55.3426],
						"8.8333": [1.36543, 13.82639, 72.93507],
						"10.0": [1.97886, 13.75343, 75.50818],
						"10.2083": [7.67814, 11.61266, 101.05143],
						"10.5": [7.67814, 11.61266, 101.05143],
						"10.625": [-12.02667, 7.00571, 7.03061],
						"11.0": [-12.02667, 7.00571, 7.03061],
						"11.125": [6.6298, 12.23575, 95.9809],
						"12.5": [6.6298, 12.23575, 95.9809],
						"13.0": [0, 0, 0]
					}
				}
			},
			"sound_effects": {
				"2.0": {
					"effect": "lihat"
				},
				"7.0": {
					"effect": "sehat"
				}
			}
		},
		"animation.ragatha.walk": {
			"loop": true,
			"animation_length": 2,
			"bones": {
				"All": {
					"position": {
						"0.0": [0, -1, 0],
						"0.5": [0, 0, 0],
						"1.0": [0, -1, 0],
						"1.5": [0, 0, 0],
						"2.0": [0, -1, 0]
					}
				},
				"Body": {
					"position": {
						"0.0": [0, -0.5, 0],
						"0.5": [0, 0, 0],
						"1.0": [0, -0.5, 0],
						"1.5": [0, 0, 0],
						"2.0": [0, -0.5, 0]
					}
				},
				"Armkiri": {
					"rotation": {
						"0.0": [0, 0, 0],
						"1.0": [0, -30, 0],
						"2.0": [0, 0, 0]
					},
					"position": {
						"0.0": [0, 0, 1],
						"1.0": [0, 0, -1],
						"2.0": [0, 0, 1]
					}
				},
				"Kanan": {
					"rotation": {
						"0.0": [0, 0, 0],
						"1.0": [4.60659, -14.2906, -18.07779],
						"1.5": [-0.76684, -32.48404, 2.82678],
						"2.0": [0, 0, 0]
					}
				},
				"Armkanan": {
					"rotation": {
						"0.0": [0, 15, 0],
						"1.0": [0, -15, 0],
						"2.0": [0, 15, 0]
					},
					"position": {
						"0.0": [0, 0, -1],
						"1.0": [0, 0, 1],
						"2.0": [0, 0, -1]
					}
				},
				"Kanan2": {
					"rotation": {
						"0.0": [0, 12.5, 27.5],
						"0.5": [-7.58967, 36.83503, 14.96939],
						"1.0": [-1.79299, 1.27336, 2.30482],
						"1.25": [-1.82749, -11.22045, 2.7004],
						"2.0": [0, 12.5, 27.5]
					}
				},
				"Legkiri": {
					"position": {
						"0.0": [0, 0, -3],
						"1.0": [0, 0, 3],
						"1.5": [0, 2, 0],
						"2.0": [0, 0, -3]
					}
				},
				"Legkanan": {
					"position": {
						"0.0": [0, 0, 3],
						"0.5": [0, 3, 0],
						"1.0": [0, 0, -3],
						"2.0": [0, 0, 3]
					}
				}
			}
		}
	}
}