{
	"format_version": "1.8.0",
	"animations": {
		"animation.ragatra.bob": {
			"loop": true,
			"animation_length": 8.33333,
			"bones": {
				"Body": {
					"rotation": {
						"0.0": [7.5, 0, 0],
						"3.0": [7.5, 0, 0],
						"5.6667": [7.5, 0, 0]
					},
					"position": {
						"0.0": [0, 0, 0],
						"1.5833": [0, 0, 0],
						"1.625": [-1, 0, 0],
						"2.0": [-1, 0, 0],
						"2.0417": [0, 0, 0],
						"3.0": [0, 0, 0],
						"4.5833": [0, 0, 0],
						"4.625": [-1, 0, 0],
						"5.0": [-1, 0, 0],
						"5.0417": [0, 0, 0],
						"5.6667": [0, 0, 0],
						"7.25": [0, 0, 0],
						"7.2917": [-1, 0, 0],
						"7.6667": [-1, 0, 0],
						"7.7083": [0, 0, 0]
					}
				},
				"Shoulder": {
					"rotation": {
						"0.0": [4.78838, 0.48311, -1.33615],
						"3.0": [4.78838, 0.48311, -1.33615],
						"5.6667": [4.78838, 0.48311, -1.33615]
					}
				},
				"Head": {
					"position": {
						"0.0": [0, 0, 0],
						"0.375": [0, 0, 0],
						"0.4167": [-1, 0, 0],
						"0.7083": [-1, 0, 0],
						"0.75": [0, 0, 0],
						"1.5833": [0, 0, 0],
						"1.625": [1, 0, 0],
						"2.0": [1, 0, 0],
						"2.0417": [0, 0, 0],
						"2.25": [0, 0, 0],
						"2.2917": [1, 0, 0],
						"2.625": [1, 0, 0],
						"2.6667": [0, 0, 0],
						"3.0": [0, 0, 0],
						"3.375": [0, 0, 0],
						"3.4167": [-1, 0, 0],
						"3.7083": [-1, 0, 0],
						"3.75": [0, 0, 0],
						"4.5833": [0, 0, 0],
						"4.625": [1, 0, 0],
						"5.0": [1, 0, 0],
						"5.0417": [0, 2, 0],
						"5.25": [0, 2, 0],
						"5.2917": [1, 0, 0],
						"5.625": [1, 0, 0],
						"5.6667": [0, 0, 0],
						"6.0417": [0, 0, 0],
						"6.0833": [-1, 0, 0],
						"6.375": [-1, 0, 0],
						"6.4167": [0, 0, 0],
						"7.25": [0, 0, 0],
						"7.2917": [1, 0, 0],
						"7.6667": [1, 0, 0],
						"7.7083": [0, 0, 0],
						"7.9167": [0, 0, 0],
						"7.9583": [1, 0, 0],
						"8.2917": [1, 0, 0],
						"8.3333": [0, 0, 0]
					},
					"scale": {
						"0.0": [1, 1, 1],
						"5.0": [1, 1, 1],
						"5.0417": [1.2, 1.2, 1],
						"5.4167": [1.2, 1.2, 1],
						"5.4583": [1, 1, 1],
						"7.6667": [1, 1, 1],
						"7.7083": [1.2, 1.2, 1],
						"8.0417": [1.2, 1.2, 1],
						"8.0833": [1, 1, 1]
					}
				},
				"Kelopak": {
					"scale": {
						"0.0": [1, 0.5, 1],
						"1.0": [1, 0.5, 1],
						"1.0417": [1, 0, 1],
						"1.4583": [1, 0, 1],
						"1.5": [1, 0.5, 1]
					}
				},
				"Kelopak2": {
					"scale": [1, 0, 1]
				},
				"Kepala": {
					"position": {
						"0.0": [0, 0, 0],
						"1.5833": [0, 0, 0],
						"2.25": [0, 0, 0],
						"3.0": [0, 0, 0],
						"4.5833": [0, 0, 0],
						"5.25": [0, 0, 0],
						"5.6667": [0, 0, 0],
						"7.25": [0, 0, 0],
						"7.9167": [0, 0, 0]
					}
				},
				"Mulut": {
					"position": [0, 0, 0],
					"scale": [0.8, -0.3, 1]
				},
				"Mulut2": {
					"scale": [1, 0, 1]
				},
				"Armkiri": {
					"rotation": [9.521, -30.92968, -78.71313],
					"position": {
						"0.0": [0, 0, 0],
						"2.0": [0, 0, 0],
						"2.0417": [-2, 0, 0],
						"2.4583": [-2, 0, 0],
						"2.5": [-1, 0, 0]
					}
				},
				"Armkanan": {
					"rotation": {
						"0.0": [64.96851, 25.25199, 78.73347],
						"3.0": [64.96851, 25.25199, 78.73347],
						"5.6667": [64.96851, 25.25199, 78.73347]
					},
					"position": {
						"0.0": [0, 0, 0],
						"0.9583": [0, 0, 0],
						"1.0": [1, 0, 0],
						"1.25": [1, 0, 0],
						"1.2917": [0, 0, 0],
						"3.0": [0, 0, 0],
						"3.9583": [0, 0, 0],
						"4.0": [1, 0, 0],
						"4.25": [1, 0, 0],
						"4.2917": [0, 0, 0],
						"5.6667": [0, 0, 0],
						"6.625": [0, 0, 0],
						"6.6667": [1, 0, 0],
						"6.9167": [1, 0, 0],
						"6.9583": [0, 0, 0]
					}
				},
				"Kanan2": {
					"rotation": {
						"0.0": [0, 65, 0],
						"3.0": [0, 65, 0],
						"5.6667": [0, 65, 0]
					}
				},
				"bone2": {
					"rotation": [0, 0, 40]
				},
				"bone5": {
					"rotation": [0, 0, 32.5]
				},
				"Glicht": {
					"position": {
						"0.0": [0, 0, 0],
						"0.0417": [0, 0, 1],
						"0.4167": [0, 0, 1],
						"0.4583": [0, 0, 0],
						"0.5833": [0, 0, 0],
						"0.625": [0, 0, 1],
						"1.25": [0, 0, 1],
						"1.2917": [0, 0, 0],
						"1.375": [0, 0, 0],
						"1.4167": [0, 0, 1],
						"1.5417": [0, 0, 1],
						"1.5833": [0, 0, 0],
						"1.7083": [0, 0, 0],
						"1.75": [0, 0, 1],
						"3.0": [0, 0, 0],
						"3.0417": [0, 0, 1],
						"3.4167": [0, 0, 1],
						"3.4583": [0, 0, 0],
						"3.5833": [0, 0, 0],
						"3.625": [0, 0, 1],
						"4.25": [0, 0, 1],
						"4.2917": [0, 0, 0],
						"4.375": [0, 0, 0],
						"4.4167": [0, 0, 1],
						"4.5417": [0, 0, 1],
						"4.5833": [0, 0, 0],
						"4.7083": [0, 0, 0],
						"4.75": [0, 0, 1],
						"5.6667": [0, 0, 0],
						"5.7083": [0, 0, 1],
						"6.0833": [0, 0, 1],
						"6.125": [0, 0, 0],
						"6.25": [0, 0, 0],
						"6.2917": [0, 0, 1],
						"6.9167": [0, 0, 1],
						"6.9583": [0, 0, 0],
						"7.0417": [0, 0, 0],
						"7.0833": [0, 0, 1],
						"7.2083": [0, 0, 1],
						"7.25": [0, 0, 0],
						"7.375": [0, 0, 0],
						"7.4167": [0, 0, 1]
					}
				},
				"bone": {
					"position": {
						"0.0": [0, 0, 1],
						"0.4583": [0, 0, 1],
						"0.5": [0, 0, 0],
						"0.625": [0, 0, 0],
						"0.6667": [0, 0, 1],
						"1.2083": [0, 0, 1],
						"1.25": [0, 0, 0],
						"1.375": [0, 0, 0],
						"1.4167": [0, 0, 1],
						"2.4583": [0, 0, 1],
						"2.5": [0, 0, 0],
						"2.625": [0, 0, 0],
						"2.6667": [0, 0, 1],
						"3.0": [0, 0, 1],
						"3.4583": [0, 0, 1],
						"3.5": [0, 0, 0],
						"3.625": [0, 0, 0],
						"3.6667": [0, 0, 1],
						"4.2083": [0, 0, 1],
						"4.25": [0, 0, 0],
						"4.375": [0, 0, 0],
						"4.4167": [0, 0, 1],
						"5.4583": [0, 0, 1],
						"5.5": [0, 0, 0],
						"5.625": [0, 0, 0],
						"5.6667": [0, 0, 1],
						"6.125": [0, 0, 1],
						"6.1667": [0, 0, 0],
						"6.2917": [0, 0, 0],
						"6.3333": [0, 0, 1],
						"6.875": [0, 0, 1],
						"6.9167": [0, 0, 0],
						"7.0417": [0, 0, 0],
						"7.0833": [0, 0, 1],
						"8.125": [0, 0, 1],
						"8.1667": [0, 0, 0],
						"8.2917": [0, 0, 0],
						"8.3333": [0, 0, 1]
					}
				}
			}
		},
		"animation.ragatra.walk": {
			"loop": true,
			"animation_length": 2,
			"bones": {
				"Body": {
					"rotation": {
						"0.0": [0, 0, 0],
						"1.0": [5, 0, 0],
						"2.0": [0, 0, 0]
					}
				},
				"Legkiri": {
					"rotation": {
						"0.0": [0, 0, 0],
						"1.0": [0, 0, 0]
					},
					"position": {
						"0.0": [0, 0, 3],
						"0.5": [0, 2, 0],
						"1.0": [0, 3, -4],
						"1.1667": [0, 0, -4],
						"2.0": [0, 0, 3]
					}
				},
				"Legkanan": {
					"position": {
						"0.0": [0, 0, -3],
						"1.0": [0, 0, 3],
						"1.75": [0, 3, -2],
						"2.0": [0, 0, -3]
					}
				}
			}
		}
	}
}