{
	"format_version": "1.8.0",
	"animations": {
		"animation.topeng.bob": {
			"loop": "hold_on_last_frame",
			"animation_length": 2,
			"bones": {
				"Pecah": {
					"position": {
						"0.0": [0, 0, -4],
						"0.2917": [0, -35, -4]
					}
				},
				"Head2": {
					"rotation": {
						"0.0": [0, 0, 0],
						"0.2917": [0, 0, 0],
						"0.375": [0, 0, 15],
						"0.5": [0, -25, 55],
						"0.625": [-82.85569, 84.23896, 6.76918]
					},
					"position": {
						"0.0": [0, 0, 0],
						"0.2917": [0, 0, 0],
						"0.375": [2, 2, 0],
						"0.5": [4, 2, -2],
						"0.625": [7, -6, 1]
					}
				},
				"Head3": {
					"rotation": {
						"0.0": [0, 0, 0],
						"0.2917": [0, 0, 0],
						"0.375": [0, 0, -10],
						"0.5": [0, 0, -40],
						"0.625": [-30, 0, -40],
						"0.75": [-88.08439, -1.60667, -0.02686]
					},
					"position": {
						"0.0": [0, 0, 0],
						"0.2917": [0, 0, 0],
						"0.375": [-2, 2, 0],
						"0.5": [-5, -1, 0],
						"0.625": [-5, -1, 2],
						"0.75": [-5, -6, 5]
					}
				}
			}
		}
	}
}