{
	"format_version": "1.8.0",
	"animations": {
		"animation.zooble.look_at_target": {
			"loop": "hold_on_last_frame",
			"animation_length": 8,
			"bones": {
				"All": {
					"rotation": {
						"0.0": [0, 0, 0],
						"0.625": [0, 0, 0]
					}
				},
				"Body": {
					"rotation": {
						"0.0": [0, 0, 0],
						"0.625": [0, 0, 0],
						"0.75": [0, 0, 5],
						"1.0": [0, 0, 0],
						"2.75": [0, 0, 2.5],
						"2.9167": [0, 0, 8.33],
						"3.125": [0, 0, -3.44],
						"3.25": [0, 0, -2.5]
					},
					"position": {
						"0.0": [0, 0, 0],
						"0.625": [0, 0, 0],
						"1.0": [0, 0, 0]
					}
				},
				"Armkiri": {
					"rotation": {
						"0.0": [0, 0, 60],
						"0.25": [0, 0, 137.5],
						"0.5": [0, 0, 137.5],
						"0.75": [0, 0, 55],
						"2.7083": [0, 0, 55],
						"3.0833": [0, 0, 45],
						"5.0": [0, 0, 42.5],
						"5.25": [0, 0, -22.5]
					},
					"position": {
						"0.0": [-4, -14, -3],
						"0.25": [-8, -5.5, -3],
						"0.5": [-7, -6, -3],
						"0.75": [1, 0, -1],
						"1.0": [-1, 0, -1]
					}
				},
				"bone": {
					"rotation": {
						"0.0": [0, 0, 0],
						"0.5": [0, 0, 32.5],
						"0.625": [0, 0, 52.5],
						"0.7917": [0, 0, 40],
						"2.75": [0, 0, 40],
						"3.0833": [0, 0, 0],
						"5.0": [0, 0, 0],
						"5.375": [0, 0, 22.5]
					}
				},
				"Armkanan": {
					"rotation": {
						"0.0": [0, 45, 0],
						"0.25": [-20.13324, 45.90912, 3.3203],
						"0.5": [-20.13324, 45.90912, 3.3203],
						"0.875": [-45, 45, 0],
						"1.0": [-38.89843, 50.02461, 8.25972],
						"2.625": [-38.89843, 50.02461, 8.25972],
						"3.0": [0, 0, 0]
					}
				},
				"Tangan2": {
					"rotation": {
						"0.0": [0, 0, 67.5],
						"0.25": [0, 0, 91.25],
						"0.5": [0, 0, 91.25],
						"0.625": [0, 0, 115],
						"0.75": [12.31594, -2.15393, 124.76758],
						"2.75": [12.31594, -2.15393, 124.76758],
						"3.0": [0, 0, 75],
						"3.2917": [0, 0, -12.5],
						"3.5": [0, 0, 5],
						"3.625": [0, 0, 2.5]
					}
				},
				"Head": {
					"rotation": {
						"0.0": [25.36252, 9.05, 4.27394],
						"0.625": [25.80796, 13.55832, 6.48207],
						"0.75": [28.07653, 21.59149, 19.24242],
						"1.0": [0.2425, -0.96795, 2.60574]
					},
					"position": {
						"0.0": [0, 0, 0],
						"0.625": [0, 0, 0],
						"0.75": [0, -1, -3],
						"1.0": [0, 0, 0],
						"2.75": [0, 0, 0],
						"2.875": [-1, 0, 0],
						"3.0": [2, 0, 0],
						"3.25": [0, 0, 0]
					}
				},
				"Mata2": {
					"rotation": {
						"0.0": [37.5, 0, 0],
						"0.25": [3.03325, 23.59005, 8.52458],
						"0.5": [3.03325, 23.59005, 8.52458],
						"0.75": [10.56049, 19.95138, 10.67273],
						"2.0": [10.56049, 19.95138, 10.67273],
						"2.25": [-3.73822, 2.11713, 1.40794]
					}
				},
				"Mata": {
					"rotation": {
						"0.0": [39.53859, 17.18356, 15.62227],
						"0.25": [2.64107, 21.88719, 17.42238],
						"0.5": [2.64107, 21.88719, 17.42238],
						"0.75": [30.14107, 21.88719, 17.42238],
						"2.0": [30.14107, 21.88719, 17.42238],
						"2.25": [0.36406, -4.4961, 2.83594]
					}
				},
				"bone4": {
					"rotation": {
						"0.0": [0, 0, 0],
						"0.75": [0, 0, 0],
						"0.875": [0, 0, 12.5],
						"1.0833": [0, 0, -7.5],
						"1.2917": [0, 0, 5],
						"1.5": [0, 0, 0]
					}
				},
				"Pergelangan": {
					"rotation": {
						"0.0": [-87.5, 0, 0],
						"0.75": [-87.5, 0, 0]
					}
				},
				"Jari": {
					"rotation": {
						"0.0": [0, 0, 0],
						"0.75": [0, 0, 0],
						"0.875": [0, 15, 0]
					}
				},
				"Jari3": {
					"rotation": {
						"0.0": [0, 0, 0],
						"0.75": [0, 0, 0],
						"0.875": [0, -15, 0]
					}
				},
				"Jaru3": {
					"rotation": {
						"0.0": [0, 0, 0],
						"0.75": [0, 0, 0],
						"1.375": [0, 0, 0],
						"1.5833": [0, 0, -75],
						"1.7917": [0, 0, -75],
						"2.0": [0, 0, -12.5],
						"2.25": [0, 0, -85]
					}
				},
				"Jari4": {
					"rotation": {
						"0.0": [0, 0, 0],
						"0.625": [0, 0, 0],
						"0.7083": [0, 37.5, 0],
						"0.7917": [0, 37.5, 0],
						"0.9167": [0, -32.5, 0]
					}
				},
				"bone2": {
					"rotation": {
						"0.0": [0, 0, 0],
						"0.5": [0, 0, 5.13],
						"0.625": [0, 0, 20],
						"0.7917": [0, 0, 10],
						"2.7083": [0, 0, 10],
						"3.0417": [0, 0, -52.5],
						"5.0": [0, 0, -52.5],
						"5.375": [0, 0, 7.5]
					}
				},
				"Tangan": {
					"rotation": {
						"0.0": [0, 0, 0],
						"2.7083": [0, 0, 0],
						"3.0417": [0, 0, -77.5],
						"5.0": [0, 0, -77.5],
						"5.4583": [0, 0, -2.5]
					}
				},
				"Jaru": {
					"rotation": {
						"0.0": [0, 0, 0],
						"1.375": [0, 0, 0],
						"1.5833": [0, 0, -77.5],
						"1.7917": [0, 0, -77.5],
						"2.0": [0, 0, -5],
						"2.25": [0, 0, -80]
					}
				},
				"Jaru2": {
					"rotation": {
						"0.0": [0, 0, 0],
						"1.375": [0, 0, 0],
						"1.5833": [0, 0, -77.5],
						"1.7917": [0, 0, -77.5],
						"2.0": [0, 0, -5],
						"2.25": [0, 0, -82.5]
					}
				},
				"Jaru4": {
					"rotation": {
						"0.0": [0, 0, 0],
						"1.375": [0, 0, 0],
						"1.5833": [0, 100, 0],
						"1.75": [0, 100, 0],
						"2.0": [0, 0, 0],
						"2.25": [0, 105, 0],
						"2.5": [0, 115, 0]
					}
				}
			},
			"sound_effects": {
				"0.0": {
					"effect": "putus"
				}
			}
		},
		"animation.zooble.bob": {
			"loop": true,
			"animation_length": 13.58333,
			"bones": {
				"Sayap": {
					"rotation": {
						"0.0": [0, 0, 0],
						"0.125": [0, 0, 5],
						"0.25": [0, 0, 2.5],
						"0.375": [0, 0, -2.5],
						"0.5": [0, 0, 7.5],
						"0.625": [0, 0, -2.5],
						"0.75": [-0.22369, -1.21092, 7.42645],
						"3.0": [0, 0, 0],
						"3.125": [0, 0, 5],
						"3.25": [0, 0, 2.5],
						"3.375": [0, 0, -2.5],
						"3.5": [0, 0, 7.5],
						"3.625": [0, 0, -2.5],
						"3.75": [0, 0, 0],
						"3.875": [0, 0, 5],
						"4.0": [0, 0, 2.5],
						"4.125": [0, 0, -2.5],
						"4.25": [0, 0, 7.5],
						"4.375": [0, 0, -2.5],
						"4.5": [0, 0, 0],
						"4.625": [0, 0, 5],
						"4.75": [0, 0, 2.5],
						"4.875": [0, 0, -2.5],
						"5.0": [0, 0, 7.5],
						"5.125": [0, 0, -2.5],
						"5.25": [-0.22369, -1.21092, 7.42645]
					}
				},
				"Armkiri": {
					"rotation": {
						"0.0": [0, 0, -55],
						"1.5": [0, 0, -45],
						"3.0": [0, 0, -55],
						"3.75": [0, 0, -55],
						"4.5": [0, 0, -45],
						"6.0": [0, 0, -55],
						"6.75": [0, 0, -55],
						"7.25": [0, 0, -55],
						"7.5": [0, 0, -47.5],
						"8.0": [1.5009, -11.44156, -66.58533],
						"12.0": [0, 0, -55],
						"12.75": [0, 0, -55],
						"13.5": [0, 0, -55]
					},
					"position": {
						"0.0": [0, 1, 0],
						"3.0": [0, 1, 0],
						"3.75": [0, 1, 0],
						"4.5": [0, 1, 0],
						"6.0": [0, 1, 0],
						"6.75": [0, 1, 0],
						"9.75": [0, 1, 0],
						"10.5": [0, 1, 0],
						"12.0": [0, 1, 0],
						"12.75": [0, 1, 0],
						"13.5": [0, 1, 0]
					}
				},
				"bone": {
					"rotation": {
						"0.0": [0, 0, -30],
						"1.625": [0, 0, -37.5],
						"3.0": [0, 0, -30],
						"3.75": [0, 0, -30],
						"4.5": [0, 0, -30],
						"6.0": [0, 0, -30],
						"6.75": [0, 0, -30],
						"7.25": [0, 0, -30],
						"7.5": [-90, -65, 60],
						"7.75": [-172.67886, -71.07914, 140.68981],
						"8.25": [-225.19639, -62.8447, 196.95736],
						"8.75": [-172.67886, -71.07914, 140.68981],
						"9.25": [-100.83553, -6.18309, 57.09619],
						"10.0": [0, 0, -30],
						"12.75": [0, 0, -30],
						"13.5": [0, 0, -30]
					}
				},
				"bone2": {
					"rotation": {
						"0.0": [0, 0, -5],
						"3.0": [0, 0, -5],
						"3.75": [0, 0, -5],
						"4.5": [0, 0, -5]
					}
				},
				"Armkanan": {
					"rotation": {
						"0.0": [0, 0, 47.5],
						"1.5": [0, 0, 37.5],
						"3.0": [0, 0, 47.5],
						"3.75": [0, 0, 47.5],
						"4.5": [0, 0, 37.5],
						"6.0": [0, 0, 47.5],
						"6.75": [0, 0, 47.5],
						"7.5": [0, 0, 37.5],
						"9.0": [0, 0, 47.5],
						"9.75": [0, 0, 47.5],
						"10.5": [0, 0, 37.5],
						"12.0": [0, 0, 47.5],
						"12.75": [0, 0, 47.5],
						"13.5": [0, 0, 47.5]
					}
				},
				"Tangan2": {
					"rotation": {
						"0.0": [-0.09702, -0.53794, -47.56003],
						"1.5": [-0.18897, -0.51292, -37.55964],
						"3.0": [-0.09702, -0.53794, -47.56003],
						"4.5": [-0.18897, -0.51292, -37.55964],
						"6.0": [-0.09702, -0.53794, -47.56003],
						"6.75": [-0.09702, -0.53794, -47.56003],
						"7.5": [-0.21116, -0.50419, -35.05955],
						"7.875": [-0.33655, -0.42844, -19.64256],
						"8.0417": [-0.03839, -0.53562, -53.77947],
						"8.25": [-0.16095, -0.51326, -40.46773],
						"8.3333": [0.93191, -0.23684, -46.76723],
						"9.0": [-0.09702, -0.53794, -47.56003],
						"9.75": [-0.09702, -0.53794, -47.56003],
						"10.5": [-0.18897, -0.51292, -37.55964],
						"12.0417": [-0.09702, -0.53794, -47.56003]
					}
				},
				"Head": {
					"rotation": {
						"0.0": [0, 0, 0],
						"4.9583": [0, 0, 0],
						"5.125": [0, 0, -7.5],
						"6.0": [0, 0, -7.5],
						"6.25": [0, 0, 0],
						"7.5": [0, 0, 0],
						"7.75": [0, -20, 0],
						"8.0": [-15, -20, 0],
						"9.2917": [-15, -20, 0],
						"12.9583": [-15, -20, 0],
						"13.5833": [0, 0, 0]
					},
					"position": {
						"0.0": [0, 0, 0],
						"9.2917": [0, 0, 0],
						"9.375": [0, 0, -1],
						"9.5417": [0, 0, 1],
						"12.9583": [0, 0, 1],
						"13.5833": [0, 0, 0]
					}
				},
				"All": {
					"position": {
						"0.0": [0, 0, 0],
						"7.25": [0, 0, 0],
						"7.5": [0, -1, 0],
						"13.0": [0, -1, 0],
						"13.5833": [0, 0, 0]
					}
				},
				"Body": {
					"rotation": {
						"0.0": [0, 0, 0],
						"7.25": [0, 0, 0],
						"7.5": [0, 15, 0],
						"13.0": [0, 15, 0],
						"13.5833": [0, 0, 0]
					},
					"position": {
						"0.0": [0, 0, 0],
						"2.0": [0, 0, 0],
						"7.25": [0, 0, 0],
						"7.5": [-2, 0, 0],
						"7.6667": [0, 1, 0],
						"7.8333": [0, 0, 0]
					}
				},
				"Legkanan": {
					"rotation": {
						"0.0": [0, 0, 0],
						"7.25": [0, 0, 0],
						"7.5": [0, 0, -15],
						"13.0": [0, 0, -15],
						"13.5833": [0, 0, 0]
					}
				},
				"Kaki2": {
					"rotation": {
						"0.0": [0, 0, 0],
						"7.25": [0, 0, 0],
						"7.5417": [0, 0, 30],
						"13.0": [0, 0, 30],
						"13.5833": [0, 0, 0]
					}
				},
				"Legkiri": {
					"rotation": {
						"0.0": [0, 0, 0],
						"7.25": [0, 0, 0],
						"7.5": [0, 0, 12.5],
						"13.0": [0, 0, 12.5],
						"13.5833": [0, 0, 0]
					}
				},
				"Kaki": {
					"rotation": {
						"0.0": [0, 0, 0],
						"7.5": [0, 0, -12.5],
						"13.0": [0, 0, -12.5],
						"13.5833": [0, 0, 0]
					}
				},
				"Leher": {
					"rotation": {
						"0.0": [0, 0, 0],
						"7.1667": [0, 0, 5.06],
						"7.2917": [0, 0, -5],
						"7.5833": [0, 0, 20],
						"7.75": [-5, 0, 5],
						"7.9583": [15, 0, 5],
						"9.2917": [15, 0, 5],
						"9.5": [7.56397, 7.43547, 5.98448],
						"13.0": [7.56397, 7.43547, 5.98448],
						"13.5833": [0, 0, 0]
					},
					"position": {
						"0.0": [0, 0, 0],
						"7.1667": [0, 0, 0],
						"13.5833": [0, 0, 0]
					}
				},
				"Alis": {
					"rotation": {
						"0.0": [0, 0, 0],
						"7.0": [0, 0, 0],
						"7.25": [0, 0, -12.5]
					},
					"position": {
						"0.0": [0, 0, 0],
						"5.0": [0, 0, 0],
						"5.0417": [0, 0, -1],
						"6.0": [0, 0, -1],
						"6.0417": [0, 0, 0],
						"11.5": [0, 0, 0],
						"11.5417": [0, 0, 3]
					},
					"scale": {
						"0.0": [1, 0, 1],
						"5.0": [1, 0, 1],
						"5.0417": [1, 1, 1],
						"6.0": [1, 1, 1],
						"6.0417": [1, 0, 1],
						"6.9583": [1, 0, 1],
						"7.0": [1, 1, 1]
					}
				},
				"Alis3": {
					"rotation": {
						"0.0": [0, 0, 0],
						"7.0": [0, 0, 0],
						"7.25": [0, 0, 12.5]
					},
					"position": {
						"0.0": [0, 0, 0],
						"5.0": [0, -1, 0],
						"5.0417": [0, 0.01, 0],
						"6.0": [0, 0.01, 0],
						"6.0417": [0, -1, 0],
						"11.5": [0, 0, 0],
						"11.5417": [0, -2, 2]
					},
					"scale": {
						"0.0": [1, 0, 1],
						"5.0": [1, 0, 1],
						"5.0417": [1, 0.9, 1],
						"6.0": [1, 0.9, 1],
						"6.0417": [1, 0, 1],
						"6.9583": [1, 0, 1],
						"7.0": [1, 1, 1]
					}
				},
				"Alis4": {
					"rotation": {
						"0.0": [0, 0, 0],
						"7.75": [0, 0, 0]
					}
				},
				"bone4": {
					"rotation": {
						"0.0": [0, 0, 0],
						"5.0417": [-0.55832, 0.00191, -2.43688],
						"5.1667": [-2.22692, -0.13197, -9.74605],
						"5.2917": [-2.21602, 0.25664, 0.24643],
						"5.4167": [-2.22692, -0.13197, -9.74605],
						"5.5417": [-2.2251, 0.15976, -2.25171],
						"5.6667": [-2.21905, -0.22896, -12.24418],
						"5.7917": [-2.16361, 0.54363, 7.74112],
						"5.9167": [-2.22995, 0.06257, -4.74983],
						"6.0417": [-2.20273, 0.35303, 2.7446],
						"6.1667": [-2.23056, -0.03473, -7.24793],
						"6.2917": [-2.18525, 0.44876, 5.24283],
						"6.375": [-2.13786, 0.63746, 10.2395],
						"6.5": [-0.55832, 0.00191, -2.43688]
					}
				},
				"Tangan": {
					"rotation": {
						"0.0": [0, 0, 0],
						"7.25": [0, 0, 0],
						"7.5": [-12.49848, -48.90729, 15.25925],
						"7.75": [-5.16193, -32.3365, 5.293],
						"8.0": [25.12063, -21.65835, -56.08531],
						"9.0": [25.57031, -23.91779, -57.24603],
						"10.0": [2.8911, -34.34597, -12.63621]
					}
				},
				"Sensor": {
					"rotation": {
						"0.0": [0, 0, 0],
						"8.875": [0, 0, 0],
						"9.0833": [0, 0, -10],
						"9.2917": [0, 0, 22.5],
						"9.5": [0, 0, 15]
					},
					"position": {
						"0.0": [0, 0, 0],
						"8.875": [0, 0, 0],
						"9.0833": [-13, -16, -2],
						"9.2917": [-20, -16, -4],
						"9.5": [-20, -27, -5],
						"9.75": [-13, -35, -8],
						"10.0": [-3, -33, -9]
					},
					"scale": {
						"0.0": [1, 1, 1],
						"9.75": [1, 1, 1],
						"10.0": [1.5, 1, 1],
						"10.125": [0, -0.8, 1]
					}
				}
			},
			"sound_effects": {
				"7.0": {
					"effect": "awas"
				}
			}
		},
		"animation.zooble.walk": {
			"loop": true,
			"animation_length": 1.5,
			"bones": {
				"All": {
					"position": {
						"0.0": [0, 0, 0],
						"0.25": [0, 0, 0],
						"0.5": [0, -2, 0],
						"0.75": [0, -1, 0],
						"1.0": [0, -3, 0],
						"1.25": [0, -2, 0],
						"1.5": [0, 0, 0]
					}
				},
				"Body": {
					"rotation": {
						"0.0": [0, 0, 0],
						"0.25": [0, -20, 0],
						"0.75": [0, 0, 0],
						"1.0": [0, 20, 0],
						"1.5": [0, 0, 0]
					}
				},
				"Head": {
					"rotation": {
						"0.0": [0, 0, 0],
						"0.25": [0, 20, 0],
						"0.5": [0, 10, 0],
						"0.75": [0, 2.5, 0],
						"1.0": [0, -22.5, 0],
						"1.25": [0, -5, 0],
						"1.5": [0, 0, 0]
					},
					"position": {
						"0.0": [0, 0, 0],
						"0.25": [0, 0, 0],
						"0.3333": [0, 1, 0],
						"0.625": [0, -1, 0],
						"0.8333": [0, 0, 0],
						"1.125": [0, -1, 0],
						"1.2917": [0, 0, 0],
						"1.5": [0, 0, 0]
					}
				},
				"Armkiri": {
					"rotation": {
						"0.0": [0, -12.5, 0],
						"0.25": [0, 5, 0],
						"0.5": [0, 17.5, 0],
						"0.75": [0, -5, 0],
						"1.0": [0, -22.5, 0],
						"1.25": [0, -27.5, 0],
						"1.5": [0, -12.5, 0]
					}
				},
				"Armkanan": {
					"rotation": {
						"0.0": [0, 12.5, 0],
						"0.5": [0, 25, 0],
						"0.75": [0, 42.5, 0],
						"1.0": [0, 32.5, 0],
						"1.25": [0, 15, 0],
						"1.5": [0, 12.5, 0]
					}
				},
				"Tangan2": {
					"rotation": {
						"0.0": [-25, 0, 0],
						"0.25": [0, 0, 0],
						"0.5833": [-62.5, 0, 0],
						"0.7917": [-70, 0, 0],
						"1.0833": [-35, 0, 0],
						"1.5": [-25, 0, 0]
					}
				},
				"Legkanan": {
					"rotation": {
						"0.0": [-12.01082, 3.84097, -5.48918],
						"0.5": [15, 0, -20],
						"0.75": [7.32417, 1.61888, -32.39638],
						"1.25": [-6.10272, 1.8246, -26.90478],
						"1.5": [-12.01082, 3.84097, -5.48918]
					}
				},
				"Kaki2": {
					"rotation": {
						"0.0": [2.84798, 1.73122, 9.84423],
						"0.5": [0, 0, 45],
						"0.75": [2.85175, -1.72499, 72.25826],
						"1.25": [31.88289, 78.14704, 87.30498],
						"1.5": [2.84798, 1.73122, 9.84423]
					}
				},
				"Legkiri": {
					"rotation": {
						"0.0": [15, 0, 0],
						"0.25": [-13.50131, -26.91771, 34.78305],
						"0.5": [-23.23382, -59.25463, 30.25397],
						"0.75": [-50.05078, -78.38091, 54.90691],
						"1.5": [15, 0, 0]
					}
				},
				"Kaki": {
					"rotation": {
						"0.0": [0, 0, 0],
						"0.25": [0, 0, -52.5],
						"0.5": [0, 0, -22.5],
						"0.75": [0, 0, 0],
						"1.5": [0, 0, 0]
					}
				}
			}
		}
	}
}