{
	"format_version": "1.8.0",
	"animations": {
		"animation.zotra.bob": {
			"loop": true,
			"animation_length": 3,
			"bones": {
				"All": {
					"position": [0, -1, 0]
				},
				"Body": {
					"rotation": {
						"0.0": [5, 0, 0],
						"1.5": [5, 0, 0],
						"2.5": [5, 0, 0],
						"2.5417": [4.98107, 0.43523, -4.98107],
						"2.9167": [4.98107, 0.43523, -4.98107],
						"3.0": [5, 0, 0]
					},
					"position": {
						"0.0": [0, 0, 0],
						"0.25": [0, 0, 0],
						"0.2917": [2, 0, 0],
						"0.5833": [2, 0, 0],
						"0.625": [0, 0, 0]
					}
				},
				"Sayap": {
					"rotation": {
						"0.0": [0, 0, 0],
						"1.1667": [0, 0, 0],
						"1.2083": [0, 0, -22.5],
						"1.5": [0, 0, 0],
						"2.6667": [0, 0, 0],
						"2.7083": [0, 0, -22.5]
					},
					"position": {
						"0.0": [0, 0, 0],
						"0.0417": [0, 0, 0],
						"0.2917": [0, 0, 0],
						"0.3333": [-7, 0, 0],
						"0.4167": [-7, 0, 0],
						"0.4583": [0, 0, 0],
						"1.5": [0, 0, 0],
						"1.5417": [0, 0, 0],
						"1.7917": [0, 0, 0],
						"1.8333": [-7, 0, 0],
						"1.9167": [-7, 0, 0],
						"1.9583": [0, 0, 0]
					},
					"scale": {
						"0.0": [1, 1, 1],
						"0.8333": [1, 1, 1],
						"0.875": [1.8, 1, 1],
						"1.0833": [1.8, 1, 1],
						"1.125": [1, 1, 1],
						"1.5": [1, 1, 1],
						"2.3333": [1, 1, 1],
						"2.375": [1.8, 1, 1],
						"2.5833": [1.8, 1, 1],
						"2.625": [1, 1, 1]
					}
				},
				"Leher": {
					"rotation": {
						"0.0": [22.5, 0, 0],
						"2.5": [22.5, 0, 0],
						"2.5417": [21.80633, -5.68422, 13.9042],
						"2.9583": [21.55613, -6.60796, 16.24074],
						"3.0": [22.5, 0, 0]
					}
				},
				"Head": {
					"rotation": {
						"0.0": [-25, 0, 0],
						"0.0417": [-24.17202, 6.25822, 13.6639],
						"0.3333": [-24.17202, 6.25822, 13.6639],
						"0.375": [-25, 0, 0],
						"1.5": [-25, 0, 0],
						"1.5417": [-24.17202, 6.25822, 13.6639],
						"1.8333": [-24.17202, 6.25822, 13.6639],
						"1.875": [-25, 0, 0]
					},
					"position": {
						"0.0": [0, 0, 0],
						"0.5417": [0, 0, 0],
						"0.5833": [8, 0, 0],
						"0.7917": [8, 0, 0],
						"0.8333": [0, 0, 0],
						"1.5": [0, 0, 0],
						"2.0417": [0, 0, 0],
						"2.0833": [8, 0, 0],
						"2.2917": [8, 0, 0],
						"2.3333": [0, 0, 0]
					},
					"scale": {
						"0.0": [1, 1, 1],
						"1.0": [1, 1, 1],
						"1.375": [1, 1, 1],
						"1.5": [1, 1, 1],
						"2.5": [1, 1, 1],
						"2.5417": [1.4, 0.7, 1],
						"2.8333": [1.4, 0.7, 1],
						"2.875": [1, 1, 1]
					}
				},
				"Armkiri": {
					"rotation": [0, 0, -62.5],
					"position": [0, 2, 0]
				},
				"bone": {
					"rotation": [0, 0, -10]
				},
				"bone2": {
					"rotation": [0, 0, -17.5]
				},
				"Armkanan": {
					"rotation": {
						"0.0": [0, 0, 42.5],
						"1.5": [0, 0, 42.5]
					},
					"position": {
						"0.0": [0, 0, 0],
						"0.75": [0, 0, 0],
						"0.7917": [-1, 0, 0],
						"1.1667": [-1, 0, 0],
						"1.2083": [0, 0, 0]
					}
				},
				"Tangan2": {
					"rotation": {
						"0.0": [0, 0, -40],
						"1.5": [0, 0, -40]
					}
				},
				"Legkanan": {
					"rotation": {
						"0.0": [0, 0, -15],
						"1.5": [0, 0, -15]
					}
				},
				"Kaki2": {
					"rotation": [-3.71022, -4.55927, 32.12629]
				},
				"Legkiri": {
					"rotation": [0, 0, 10]
				},
				"Kaki": {
					"rotation": [0, 0, -10]
				},
				"Glicht": {
					"position": {
						"0.0": [0, 0, 5],
						"0.0417": [0, 0, 0],
						"0.2917": [0, 0, 0],
						"0.3333": [0, 0, 5],
						"0.5417": [0, 0, 3],
						"0.5833": [0, 0, 5],
						"0.875": [0, 0, 5],
						"0.9167": [0, 0, 0],
						"1.0417": [0, 0, 0],
						"1.0833": [0, 0, 5],
						"1.25": [0, 0, 5],
						"1.2917": [0, 0, 4],
						"1.5": [0, 0, 5],
						"1.5417": [0, 0, 0],
						"1.7917": [0, 0, 0],
						"1.8333": [0, 0, 5],
						"2.0417": [0, 0, 3],
						"2.0833": [0, 0, 5],
						"2.375": [0, 0, 5],
						"2.4167": [0, 0, 0],
						"2.5417": [0, 0, 0],
						"2.5833": [0, 0, 5],
						"2.75": [0, 0, 5],
						"2.7917": [0, 0, 4]
					}
				},
				"Glicht2": {
					"position": {
						"0.0": [0, 0, 0],
						"0.4167": [0, 0, 0],
						"0.4583": [0, 0, -5],
						"0.7083": [0, 0, -5],
						"0.75": [0, 0, 0],
						"0.8333": [0, 0, 0],
						"0.875": [0, 0, -5],
						"0.9583": [0, 0, -5],
						"1.0": [0, 0, 0],
						"1.2917": [0, 0, 0],
						"1.3333": [0, 0, -1],
						"1.5": [0, 0, 0],
						"1.9167": [0, 0, 0],
						"1.9583": [0, 0, -5],
						"2.2083": [0, 0, -5],
						"2.25": [0, 0, 0],
						"2.3333": [0, 0, 0],
						"2.375": [0, 0, -5],
						"2.4583": [0, 0, -5],
						"2.5": [0, 0, 0],
						"2.7917": [0, 0, 0],
						"2.8333": [0, 0, -1],
						"3.0": [0, 0, -1]
					}
				},
				"Glicht3": {
					"position": {
						"0.0": [0, 0, 0],
						"0.0417": [0, 0, 1],
						"0.25": [0, 0, 1],
						"0.2917": [0, 0, 0],
						"0.5833": [0, 0, 0],
						"0.625": [0, 0, 1],
						"0.9583": [0, 0, 1],
						"1.0": [0, 0, 0],
						"1.125": [0, 0, 0],
						"1.1667": [0, 0, 1],
						"1.5": [0, 0, 0],
						"1.5417": [0, 0, 1],
						"1.75": [0, 0, 1],
						"1.7917": [0, 0, 0],
						"2.0833": [0, 0, 0],
						"2.125": [0, 0, 1],
						"2.4583": [0, 0, 1],
						"2.5": [0, 0, 0],
						"2.625": [0, 0, 0],
						"2.6667": [0, 0, 1]
					}
				}
			}
		},
		"animation.zotra.walk": {
			"loop": true,
			"animation_length": 1.5,
			"bones": {
				"All": {
					"position": {
						"0.0": [0, 0, 0],
						"0.25": [0, 0, 0],
						"0.5": [0, -2, 0],
						"0.75": [0, -1, 0],
						"1.0": [0, -3, 0],
						"1.25": [0, -2, 0],
						"1.5": [0, 0, 0]
					}
				},
				"Body": {
					"rotation": {
						"0.0": [0, 0, 0],
						"0.25": [0, -20, 0],
						"0.75": [0, 0, 0],
						"1.0": [0, 20, 0],
						"1.5": [0, 0, 0]
					}
				},
				"Head": {
					"rotation": {
						"0.0": [0, 0, 0],
						"0.25": [0, 20, 0],
						"0.5": [0, 10, 0],
						"0.75": [0, 2.5, 0],
						"1.0": [0, -22.5, 0],
						"1.25": [0, -5, 0],
						"1.5": [0, 0, 0]
					},
					"position": {
						"0.0": [0, 0, 0],
						"0.25": [0, 0, 0],
						"0.3333": [0, 1, 0],
						"0.625": [0, -1, 0],
						"0.8333": [0, 0, 0],
						"1.125": [0, -1, 0],
						"1.2917": [0, 0, 0],
						"1.5": [0, 0, 0]
					}
				},
				"Armkiri": {
					"rotation": {
						"0.0": [0, -12.5, 0],
						"0.25": [0, 5, 0],
						"0.5": [0, 17.5, 0],
						"0.75": [0, -5, 0],
						"1.0": [0, -22.5, 0],
						"1.25": [0, -27.5, 0],
						"1.5": [0, -12.5, 0]
					}
				},
				"Armkanan": {
					"rotation": {
						"0.0": [0, 12.5, 0],
						"0.5": [0, 25, 0],
						"0.75": [0, 42.5, 0],
						"1.0": [0, 32.5, 0],
						"1.25": [0, 15, 0],
						"1.5": [0, 12.5, 0]
					}
				},
				"Tangan2": {
					"rotation": {
						"0.0": [-25, 0, 0],
						"0.25": [0, 0, 0],
						"0.5833": [-62.5, 0, 0],
						"0.7917": [-70, 0, 0],
						"1.0833": [-35, 0, 0],
						"1.5": [-25, 0, 0]
					}
				},
				"Legkanan": {
					"rotation": {
						"0.0": [-12.01082, 3.84097, -5.48918],
						"0.5": [15, 0, -20],
						"0.75": [7.32417, 1.61888, -32.39638],
						"1.25": [-6.10272, 1.8246, -26.90478],
						"1.5": [-12.01082, 3.84097, -5.48918]
					}
				},
				"Kaki2": {
					"rotation": {
						"0.0": [2.84798, 1.73122, 9.84423],
						"0.5": [0, 0, 45],
						"0.75": [2.85175, -1.72499, 72.25826],
						"1.25": [31.88289, 78.14704, 87.30498],
						"1.5": [2.84798, 1.73122, 9.84423]
					}
				},
				"Legkiri": {
					"rotation": {
						"0.0": [15, 0, 0],
						"0.25": [-13.50131, -26.91771, 34.78305],
						"0.5": [-23.23382, -59.25463, 30.25397],
						"0.75": [-50.05078, -78.38091, 54.90691],
						"1.5": [15, 0, 0]
					}
				},
				"Kaki": {
					"rotation": {
						"0.0": [0, 0, 0],
						"0.25": [0, 0, -52.5],
						"0.5": [0, 0, -22.5],
						"0.75": [0, 0, 0],
						"1.5": [0, 0, 0]
					}
				}
			}
		}
	}
}