{
  "resource_pack_name": "vanilla",
  "texture_name": "atlas.items",
  "texture_data": {
    "legacy:contract": {
      "textures": "textures/items/equip/contract"
    },
    "legacy:contract_strength": {
      "textures": "textures/items/equip/contract_strength"
    },
    "legacy:contract_strength_level_1": {
      "textures": "textures/items/equip/contract_strength_level_1"
    },
    "legacy:contract_strength_level_2": {
      "textures": "textures/items/equip/contract_strength_level_2"
    },
    "legacy:contract_strength_level_3": {
      "textures": "textures/items/equip/contract_strength_level_3"
    },
    "legacy:contract_speed": {
      "textures": "textures/items/equip/contract_speed"
    },
    "legacy:contract_speed_level_1": {
      "textures": "textures/items/equip/contract_speed_level_1"
    },
    "legacy:contract_speed_level_2": {
      "textures": "textures/items/equip/contract_speed_level_2"
    },
    "legacy:contract_speed_level_3": {
      "textures": "textures/items/equip/contract_speed_level_3"
    },
    "legacy:vindicator_crossbow": {
      "textures": "textures/items/spawn_egg/vindicator_crossbow"
    },
    "legacy:villager_guard": {
      "textures": "textures/items/spawn_egg/villager_guard"
    },
    "legacy:archer_villager": {
      "textures": "textures/items/spawn_egg/archer_villager"
    },
    "legacy:vindicator_chef": {
      "textures": "textures/items/spawn_egg/vindicator_chef"
    },
    "legacy:smith_merchant_villager": {
      "textures": "textures/items/spawn_egg/smith_merchant_villager"
    },
    "legacy:iron_minion": {
      "textures": "textures/items/spawn_egg/iron_minion"
    },
    "legacy:evocation_villager": {
      "textures": "textures/items/spawn_egg/evocation_villager"
    },
    "legacy:witch_illager": {
      "textures": "textures/items/spawn_egg/witch_illager"
    },
    "legacy:illager": {
      "textures": "textures/items/spawn_egg/illager"
    },
    "legacy:executioner_illager": {
      "textures": "textures/items/spawn_egg/illager"
    },
    "legacy:announcer_illager": {
      "textures": "textures/items/spawn_egg/illager"
    },
    "legacy:basher_illager": {
      "textures": "textures/items/spawn_egg/illager"
    },
    "legacy:beekeeper_villager": {
      "textures": "textures/items/spawn_egg/villager_vex"
    },
    "legacy:villager_vex": {
      "textures": "textures/items/spawn_egg/villager_vex"
    },
    "legacy:swordman_villager": {
      "textures": "textures/items/spawn_egg/swordman_villager"
    },
    "legacy:spearman_villager": {
      "textures": "textures/items/spawn_egg/swordman_villager"
    },
    "legacy:armored_vindicator_gold": {
      "textures": "textures/items/spawn_egg/armored_vindicator_gold"
    },
    "legacy:armored_vindicator_diamond": {
      "textures": "textures/items/spawn_egg/armored_vindicator_diamond"
    },
    "legacy:armored_pillager_gold": {
      "textures": "textures/items/spawn_egg/armored_pillager_gold"
    },
    "legacy:armored_pillager_diamond": {
      "textures": "textures/items/spawn_egg/armored_pillager_diamond"
    },
    "legacy:healer_illager": {
      "textures": "textures/items/spawn_egg/healer_illager"
    },
    "legacy:healer_villager": {
      "textures": "textures/items/spawn_egg/healer_villager"
    },
    "legacy:traveler_nitwit": {
      "textures": "textures/items/spawn_egg/traveler_nitwit"
    },
    "legacy:wandering_illager": {
      "textures": "textures/items/spawn_egg/wandering_illager"
    },
    "legacy:witch_villager": {
      "textures": "textures/items/spawn_egg/witch_villager"
    },
    "legacy:illusioner_illager": {
      "textures": "textures/items/spawn_egg/witch_villager"
    },
    "legacy:illusioner_illager_clone": {
      "textures": "textures/items/spawn_egg/witch_villager"
    },
    "legacy:crossbow_villager": {
      "textures": "textures/items/spawn_egg/crossbow_villager"
    },
    "legacy_golden_hawkbrand": {
      "textures": "textures/items/weapons/golden_hawkbrand"
    },
    "legacy_heavybrand": {
      "textures": "textures/items/weapons/heavybrand"
    },
    "legacy_diamond_heavybrand": {
      "textures": "textures/items/weapons/diamond_heavybrand"
    },
    "legacy_diamond_hawkbrand": {
      "textures": "textures/items/weapons/diamond_hawkbrand"
    },
    "legacy_diamond_knightsword": {
      "textures": "textures/items/weapons/diamond_knightsword"
    },
    "legacy_double_heavybrand": {
      "textures": "textures/items/weapons/double_heavybrand"
    },
    "legacy_golden_whirlwind": {
      "textures": "textures/items/weapons/golden_whirlwind"
    },
    "legacy_glaive": {
      "textures": "textures/items/weapons/glaive"
    },
    "legacy_knight_sword": {
      "textures": "textures/items/weapons/knight_sword"
    },
    "legacy_iron_hawkbrand": {
      "textures": "textures/items/weapons/iron_hawkbrand"
    },
    "legacy_hawkbrand": {
      "textures": "textures/items/weapons/hawkbrand"
    },
    "legacy_iron_knightsword": {
      "textures": "textures/items/weapons/iron_knightsword"
    },
    "legacy_whirlwind": {
      "textures": "textures/items/weapons/whirlwind"
    },
    "legacy_iron_heavybrand": {
      "textures": "textures/items/weapons/iron_heavybrand"
    },
    "legacy_golden_heavybrand": {
      "textures": "textures/items/weapons/golden_heavybrand"
    },
    "legacy_diamond_glaive": {
      "textures": "textures/items/weapons/diamond_glaive"
    },
    "legacy_diamond_double_heavybrand": {
      "textures": "textures/items/weapons/diamond_double_heavybrand"
    },
    "legacy_golden_glaive": {
      "textures": "textures/items/weapons/golden_glaive"
    },
    "legacy_golden_knightsword": {
      "textures": "textures/items/weapons/golden_knightsword"
    },
    "legacy_golden_double_heavybrand": {
      "textures": "textures/items/weapons/golden_double_heavybrand"
    },
    "legacy_diamond_whirlwind": {
      "textures": "textures/items/weapons/diamond_whirlwind"
    },
    "legacy_iron_double_heavybrand": {
      "textures": "textures/items/weapons/iron_double_heavybrand"
    },
    "legacy_executioner_axe": {
      "textures": "textures/items/weapons/executioner_axe"
    },
    "legacy_ladle": {
      "textures": "textures/items/ladle"
    },
    "legacy_illager_horn": {
      "textures": "textures/items/equip/illager_horn"
    },
    "legacy_villager_horn": {
      "textures": "textures/items/equip/villager_horn"
    }
  }
}