{
 "mob.dave.ambient": {
    "sounds": [
      "sounds/crazy_dave/crazy_dave_ambient0",
      "sounds/crazy_dave/crazy_dave_ambient1",
      "sounds/crazy_dave/crazy_dave_ambient2",
      "sounds/crazy_dave/crazy_dave_ambient3"
    ]
  },
 "mob.dave.hurt": {
    "sounds": [
      "sounds/crazy_dave/crazy_dave_hurt"
    ]
  },
 "mob.dave.death": {
    "sounds": [
      "sounds/crazy_dave/crazy_dave_death"
    ]
  },
  "mob.zombeef.shoot": {
    "sounds": [
      "sounds/zombeef/shoot0",
	  "sounds/zombeef/shoot1",
	  "sounds/zombeef/shoot2",
	  "sounds/zombeef/shoot3",
	  "sounds/zombeef/shoot4",
	  "sounds/zombeef/shoot5"
    ]
  },
 "mob.bloomerang.shoot": {
    "sounds": [
      "sounds/plants/bloomerang/bloomerang_shoot0"
    ]
  },
  "mob.iceberg.food": {
    "sounds": [
      "sounds/plants/iceberg_lettuce/plant_food"
    ]
  },
 "mob.snowpea.shoot": {
    "sounds": [
      "sounds/plants/snowpea/snowpea_shoot"
    ]
  },
 "mob.gloomshroom.shoot": {
    "sounds": [
      "sounds/plants/gloomshroom/gloomshroom_shoot"
    ]
  },
 "mob.pea.impact": {
    "sounds": [
      "sounds/effects/pea/pea_impact0",
      "sounds/effects/pea/pea_impact1",
      "sounds/effects/pea/pea_impact2"
    ]
  },
 "mob.peashooter.shoot": {
    "sounds": [
      "sounds/plants/peashooter/peashooter_shoot0",
      "sounds/plants/peashooter/peashooter_shoot1"
    ]
  },
 "sound.congelation": {
    "sounds": [
      "sounds/effects/snow/congelation"
    ]
  },
 "sound.ultimate": {
    "category": "music",
    "sounds": [
      "sounds/music/ultimate"
    ]
  },
  "sound.ultimate_egypt": {
    "sounds": [
      "sounds/music/ubegypt"
    ]
  },
  "sound.grasswalk": {
    "sounds": [
      "sounds/music/grasswalk"
    ]
  },
  "sound.dryland": {
    "sounds": [
      "sounds/music/dryland"
    ]
  },
  "sound.zoyl": {
    "sounds": [
      "sounds/music/zoyl"
    ]
  },
  "sound.zombie_time": {
    "sounds": [
      "sounds/music/zombie_time"
    ]
  },
  "sound.bad_bash": {
    "sounds": [
      "sounds/music/bad_bash"
    ]
  },
  "sound.wabby_wabbo": {
    "sounds": [
      "sounds/music/wabby_wabbo"
    ]
  },
 "sound.dig": {
    "sounds": [
      "sounds/effects/dig/dig_plant"
    ]
  }
}