{
   "entity_sounds": {
      "entities": {
         "zm:granny": {
            "volume": 100,
            "pitch": [
               1
            ],
            "events": {
               "attack": "granny.attack"
            }
         },
         "zm:slendrina": {
            "volume": 100,
            "pitch": [
               1
            ],
            "events": {
               "attack": "slendrina.attack"
            }
         },
         "zm:grandpa": {
            "volume": 100,
            "pitch": [
               1
            ],
            "events": {
               "shoot": "grandpa.shoot"
            }
         }
      }
   }
}