{
  "format_version": "1.8.0",
  "minecraft:entity": {
    "description": {
      "identifier": "fire:gatpea",
      "is_spawnable": false,
      "is_summonable": true,
      "is_experimental": false,
      "runtime_identifier": "minecraft:snowball"
    },
	"component_groups": {
	  "minecraft:despawn": {
	     "minecraft:transformation": {
		  "into": "anim:no"
	    }
	  },
	  "minecraft:common": {
		  "minecraft:variant": {
          "value": 0
        },
		"minecraft:timer": {
		"looping": false,
		"randomInterval": false,
		"time": 5.0,
		"time_down_event": {
		"event": "minecraft:event_despawn"
		}
	  },
		"minecraft:projectile": {
        "onHit": {
          "impact_damage": {
            "knockback": true,
            "semirandomdiffdamage": false,
            "destroyonhit": true
          },
          "remove_on_hit": {}
        },
        "power": 0.7,
        "destroyOnHurt": true,
        "critParticleOnHurt": true,
        "gravity": 0.001,
        "anchor": 1,
        "offset": [
          0.1,
          1.5,
          0
          ]
        },
		"minecraft:area_attack" : {
         "damage_range": 1.0,
         "damage_per_tick": 12,
         "cause": "contact",
         "entity_filter": {
           "any_of": [
             { "test": "is_family", "subject": "other", "value": "undead" },
             { "test": "is_family", "subject": "other", "value": "monster" }
            ] 
          }
        }
	  },
	  "minecraft:fire": {
		  "minecraft:variant": {
          "value": 1
        },
		"minecraft:projectile": {
        "onHit": {
          "impact_damage": {
            "knockback": true,
            "semirandomdiffdamage": false,
            "destroyonhit": true,
			"catch_fire": true
          },
		  "catch_fire": {
			"fire_affected_by_griefing": true
		  },
          "remove_on_hit": {}
        },
        "power": 0.7,
        "destroyOnHurt": true,
        "critParticleOnHurt": true,
        "gravity": 0.001,
        "anchor": 1,
        "offset": [
          0.1,
          1.5,
          0
          ]
        },
		"minecraft:area_attack" : {
         "damage_range": 1.0,
         "damage_per_tick": 15,
         "cause": "contact",
         "entity_filter": {
           "any_of": [
             { "test": "is_family", "subject": "other", "value": "undead" },
             { "test": "is_family", "subject": "other", "value": "monster" }
            ] 
          }
        }
	  }
	},
    "components": {
      "minecraft:type_family": {
        "family": [
          "plant"
        ]
      },
      "minecraft:collision_box": {
        "width": 0.3,
        "height": 0.3
      },
	  "minecraft:scale": {
		"value": 0.5
	  },
      "minecraft:physics": {}
    },
	"events": {
	  "minecraft:event_despawn": {
	    "add": { "component_groups": [ "minecraft:despawn" ] }
      },
	  "minecraft:entity_spawned": {
        "randomize": [
          {
            "weight": 75,
            "remove": {
            },
            "add": {
              "component_groups": [
                "minecraft:common"
                ]
              }
            },
            {
            "weight": 25,
            "remove": {
            },
            "add": {
              "component_groups": [
                "minecraft:fire"
              ]
            }
          }
        ]
      }
	}
  }
}