{
  "format_version": "1.8.0",
	"minecraft:entity": {
	  "description": {
		"identifier": "shoot:fire_orb",
		"is_spawnable": false,
		"is_summonable": true,
		"is_experimental": false
	  },
	  "component_groups": {
		"minecraft:despawn": {
		  "minecraft:transformation": {
			"into": "anim:no"
		  }
		}
	  },
	  "components": {
		"minecraft:type_family": {
		  "family": [ "projectile", "fire_orb", "plant" ]
		},
		"minecraft:collision_box": {
		  "width": 0.5,
		  "height": 0.5
		},
		"minecraft:timer": {
		  "looping": false,
		  "randomInterval": false,
		  "time": 12.5,
		  "time_down_event": {
		    "event": "minecraft:event_despawn"
		  }
		},
		"minecraft:scale": {
		  "value": 0.75
		},
		"minecraft:is_stackable": {
		},
		"minecraft:health": {
		  "value": 10,
		  "max": 10
		},
		"minecraft:fall_damage": {
		  "value": 0.0
		},
        "minecraft:knockback_resistance": {
          "value": 0
		},
		"minecraft:damage_sensor": [
		  {
			"cause": "all",
			"deals_damage": false
		  }
		],
		"minecraft:navigation.hover": {
		  "can_path_over_water": true,
		  "can_path_from_air": true
		},
		"minecraft:behavior.random_hover": {
		  "priority": 0,
		  "xz_dist": 8,
		  "y_dist": 1,
		  "y_offset": -1,
		  "interval": 1,
		  "hover_height": [ 1, 4]
		},
		"minecraft:movement.hover": {},
		"minecraft:can_fly": {},
		"minecraft:jump_static": {},
		"minecraft:physics": {
		  "has_gravity": false,
		  "has_collision": true
		},
		"minecraft:behavior.float": {
		  "priority": 7
		},
		"minecraft:movement": {
		  "value": 0.1
		},
		"minecraft:flying_speed": {
		  "value": 0.1
		},
		"minecraft:game_event_movement_tracking": {
		  "emit_flap": true
		},
        "minecraft:area_attack" : {
		  "damage_range": 0.5,
          "damage_per_tick": 6,
          "cause": "fire",
          "entity_filter": {
			"any_of": [
              { "test": "is_family", "subject": "other", "value": "undead" },
              { "test": "is_family", "subject": "other", "value": "monster" }
			] 
		  }
		},
		"minecraft:pushable": {
		  "is_pushable": false,
		  "is_pushable_by_piston": true
		}
	  },
	  "events": {
		"minecraft:event_despawn": {
		  "add": { "component_groups": [ "minecraft:despawn" ] }
        }
      }
    }
  }
}