{
  "format_version": "1.8.0",
  "minecraft:entity": {
    "description": {
      "identifier": "shoot:note",
      "is_spawnable": false,
      "is_summonable": true,
      "is_experimental": false,
      "runtime_identifier": "minecraft:snowball"
    },
	"component_groups": {
	  "minecraft:purple": {
		"minecraft:variant": {
          "value": 0
        },
		"minecraft:projectile": {
        "on_hit": {
          "impact_damage": {
            "damage": 0,
            "knockback": false,
            "destroy_on_hit": true
          },
          "spawn_chance": {
            "first_spawn_chance": 1,
            "first_spawn_count": 1,
            "spawn_definition": "spawn:purple"
          },
          "remove_on_hit": {},
          "particle_on_hit": {
            "particle_type": "iconcrack",
            "num_particles": 6,
            "on_entity_hit": true,
            "on_other_hit": true
          }
        },
        "power": 1.5,
        "gravity": 0.03,
        "angle_offset": 0.0,
		"offset": [
          0.1,
          0.75,
          0
          ]
		}
	  },
	  "minecraft:blue": {
		"minecraft:variant": {
          "value": 1
        },
		"minecraft:projectile": {
        "on_hit": {
          "impact_damage": {
            "damage": 0,
            "knockback": false,
            "destroy_on_hit": true
          },
          "spawn_chance": {
            "first_spawn_chance": 1,
            "first_spawn_count": 1,
            "spawn_definition": "spawn:blue"
          },
          "remove_on_hit": {},
          "particle_on_hit": {
            "particle_type": "iconcrack",
            "num_particles": 6,
            "on_entity_hit": true,
            "on_other_hit": true
          }
        },
        "power": 1.5,
        "gravity": 0.03,
        "angle_offset": 0.0,
		"offset": [
          0.1,
          0.75,
          0
          ]
		}
	  },
	  "minecraft:green": {
		"minecraft:variant": {
          "value": 2
        },
		"minecraft:projectile": {
        "on_hit": {
          "impact_damage": {
            "damage": 0,
            "knockback": false,
            "destroy_on_hit": true
          },
          "spawn_chance": {
            "first_spawn_chance": 1,
            "first_spawn_count": 1,
            "spawn_definition": "spawn:green"
          },
          "remove_on_hit": {},
          "particle_on_hit": {
            "particle_type": "iconcrack",
            "num_particles": 6,
            "on_entity_hit": true,
            "on_other_hit": true
          }
        },
        "power": 1.5,
        "gravity": 0.03,
        "angle_offset": 0.0,
		"offset": [
          0.1,
          0.75,
          0
          ]
		}
	  },
	  "minecraft:red": {
		"minecraft:variant": {
          "value": 3
        },
		"minecraft:projectile": {
        "on_hit": {
          "impact_damage": {
            "damage": 0,
            "knockback": false,
            "destroy_on_hit": true
          },
          "spawn_chance": {
            "first_spawn_chance": 1,
            "first_spawn_count": 1,
            "spawn_definition": "spawn:red"
          },
          "remove_on_hit": {},
          "particle_on_hit": {
            "particle_type": "iconcrack",
            "num_particles": 6,
            "on_entity_hit": true,
            "on_other_hit": true
          }
        },
        "power": 1.5,
        "gravity": 0.03,
        "angle_offset": 0.0,
		"offset": [
          0.1,
          0.75,
          0
          ]
		}
	  }
	},
    "components": {
      "minecraft:type_family": {
        "family": [
          "undead"
        ]
      },
      "minecraft:collision_box": {
        "width": 0.3,
        "height": 0.3
      },
	  "minecraft:scale": {
		"value": 0.5
	  },
      "minecraft:physics": {}
    },
	"events": {
	  "minecraft:entity_spawned": {
        "randomize": [
          {
            "weight": 40,
            "remove": {
            },
            "add": {
              "component_groups": [
                "minecraft:purple"
                ]
              }
            },
			{
            "weight": 30,
            "remove": {
            },
            "add": {
              "component_groups": [
                "minecraft:green"
                ]
              }
            },
			{
            "weight": 20,
            "remove": {
            },
            "add": {
              "component_groups": [
                "minecraft:blue"
                ]
              }
            },
            {
            "weight": 10,
            "remove": {
            },
            "add": {
              "component_groups": [
                "minecraft:red"
              ]
            }
          }
        ]
      }
	}
  }
}