{
  "format_version": "1.8.0",
	"minecraft:entity": {
	  "description": {
		"identifier": "shoot:root",
		"is_spawnable": false,
		"is_summonable": true,
		"is_experimental": false
	  },
	  "component_groups": {
		"minecraft:despawn": {
		  "minecraft:transformation": {
			"into": "anim:no"
		  }
		}
	  },
	  "components": {
		"minecraft:type_family": {
		  "family": [ "projectile", "plant" ]
		},
		"minecraft:timer": {
		  "looping": false,
		  "randomInterval": false,
		  "time": 3.0,
		  "time_down_event": {
		  "event": "minecraft:event_despawn"
		  }
		},
		"minecraft:collision_box": {
		  "width": 0.5,
		  "height": 0.5
		},
		"minecraft:scale": {
		  "value": 0.75
		},
		"minecraft:is_stackable": {
		},
		"minecraft:physics": {
		},
		"minecraft:health": {
		  "value": 10,
		  "max": 10
		},
		"minecraft:fall_damage": {
		  "value": 0.0
		},
		"minecraft:push_through": {
		  "value": 1
		},
		"minecraft:knockback_resistance": {
		  "value": 100
		},
		"minecraft:damage_sensor": [
		  {
			"cause": "all",
			"deals_damage": false
		  }
		],
		"minecraft:addrider": {
		  "entity_type": "shoot:root_breaker"
		},
		"minecraft:rideable": {
		  "family_types": [
			"break"
		  ],
		  "seat_count": 1,
		  "seats": [
			{
			  "position": [
				0,
				0.1,
				0
			  ]
			}
		  ]
		},
		"minecraft:area_attack" : {
		  "damage_range": 0.5,
		  "damage_per_tick": 3,
		  "cause": "contact",
		  "entity_filter": [
			{
			"all_of": [
			  {
			  "any_of": [
				{ "test": "is_family", "subject": "other", "value": "undead" },
				{ "test": "is_family", "subject": "other", "value": "monster" }
				]
			  },
			  { "test": "is_family", "subject": "other", "operator": "!=", "value": "barrier" },
			  { "test": "is_family", "subject": "other", "operator": "!=", "value": "defense" }
			]
		  }
		]
	  },
	  "minecraft:pushable": {
		"is_pushable": false,
		"is_pushable_by_piston": true
	  }
	},
	"events": {
	  "minecraft:event_despawn": {
		"add": { "component_groups": [ "minecraft:despawn" ] }
	  }
	}
  }
}