{
  "format_version": "1.16.0",
  "minecraft:entity": {
    "description": {
      "identifier": "shoot:spore_rejector",
      "is_spawnable": false,
      "is_summonable": true,
      "is_experimental": false
    },
    "component_groups": {
      "vanish": {
        "minecraft:transformation": {
          "into": "anim:no",
          "delay": 0.1
        }
      },
      "minecraft:exploding": {
        "minecraft:explode": {
          "fuseLength": 0,
          "fuseLit": true,
          "power": 5,
          "causesFire": true,
          "fire_affected_by_griefing": true,
          "destroy_affected_by_griefing": true,
          "breaks_blocks": false
        }
      }
    },
    "components": {
      "minecraft:damage_sensor": [
        {
          "cause": "all",
          "deals_damage": false
        }
      ],
      "minecraft:type_family": {
        "family": ["sweep", "inanimate"]
      },
      "minecraft:collision_box": {
        "width": 0.75,
        "height": 0.75
      },
      "minecraft:timer": {
        "looping": false,
        "time": 5,
        "time_down_event": {
          "event": "vanish"
        }
      },
      "minecraft:scale": {
        "value": 0.5
      },
      "minecraft:behavior.knockback_roar": {
        "priority": 1,
        "duration": 0.2,
        "attack_time": 0.1,
        "knockback_damage": 0,
        "knockback_strength": 5,
        "knockback_range": 2.5,
        "knockback_filters": {
          "test": "is_family",
          "subject": "other",
          "value": "gloomspore"
        },
        "damage_filters": {
          "test": "is_family",
          "subject": "other",
          "value": "monster"
        },
        "on_roar_end": {
          "event": "vanish"
        },
        "cooldown_time": 10
      },
      "minecraft:physics": {
        "has_gravity": false
      }
    },
    "events": {
      "vanish": {
        "add": {
          "component_groups": [
            "vanish"
          ]
        }
      },
      "minecraft:explode": {
        "add": {
          "component_groups": [
            "minecraft:exploding"
          ]
        }
      },
      "minecraft:entity_spawned": {
        "sequence": [
          {
            "filters": {
              "test": "is_family",
              "subject": "other",
              "value": "vannace_ex"
            },
            "add": {
              "component_groups": [
                "ex"
              ]
            }
          }
        ]
      }
    }
  }
}