{
  "format_version": "1.8.0",
  "minecraft:entity": {
    "description": {
      "identifier": "shoot:imp",
      "is_spawnable": false,
      "is_summonable": true,
      "is_experimental": false,
      "runtime_identifier": "minecraft:egg"
    },
	"component_groups": {
	  "pvz:despawn": {
		"minecraft:transformation": {
		  "into": "anim:no"
	    }
	 },
	  "pvz:spawn": {
		"minecraft:transformation": {
		  "into": "anim:no"
	    }
	  }
	},
    "components": {
	  "minecraft:entity_sensor": {
        "sensor_range": 1.5,
        "minimum_count": 1,
        "event_filters": {
          "all_of": [ 
			{ "test": "is_family", "subject": "other", "value": "gargantuar" },
			{ "test": "has_tag", "subject": "other", "value": "ice" }
		  ]
        },
        "event": "minecraft:despawn"
      },
      "minecraft:collision_box": {
        "width": 0.25,
        "height": 0.25
      },
	  "minecraft:health": {
		"value": 1000
	  },
	  "minecraft:damage_sensor": [
		{
		"cause": "all",
		"deals_damage": false
		}
	  ],
      "minecraft:projectile": {
        "on_hit": {
          "impact_damage": {
            "damage": 0,
            "knockback": false,
			"destroy_on_hit": true
          },
          "spawn_chance": {
			"first_spawn_chance": 1,
			"second_spawn_chance": 1,
			"first_spawn_count": 1,
			"second_spawn_count": 1,
            "spawn_definition": "pvz:imp"
		  },
		  "remove_on_hit": {
		  }
        },
        "power": 1.5,
        "gravity": 0.08,
        "angle_offset": 0.0
      },
	  "minecraft:physics": {
      }
    },
	"events": {
	  "minecraft:despawn": {
		"add": {
		  "component_groups": [
			"pvz:despawn"
		  ]
		}
	  },
	  "spawn:imp": {
		"add": {
		  "component_groups": [
			"pvz:spawn"
		  ]
		},
		"run_command": {
		  "command": [
			"summon pvz:imp ~~~"
		  ]
		}
	  }
	}
  }
}
