{
  "format_version": "1.12.0",
  "minecraft:geometry": [
    {
      "description": {
        "identifier": "geometry.f_cro",
        "texture_width": 128,
        "texture_height": 128,
        "visible_bounds_width": 10,
        "visible_bounds_height": 3.5,
        "visible_bounds_offset": [
          0,
          1.25,
          0
        ]
      },
      "bones": [
        {
          "name": "bone5",
          "pivot": [
            0,
            0,
            0
          ]
        },
        {
          "name": "head",
          "parent": "bone5",
          "pivot": [
            0,
            4,
            -11
          ]
        },
        {
          "name": "head6",
          "parent": "head",
          "pivot": [
            0,
            4,
            -12
          ],
          "cubes": [
            {
              "origin": [
                -4,
                4,
                -19
              ],
              "size": [
                8,
                4,
                8
              ],
              "uv": [
                0,
                79
              ]
            },
            {
              "origin": [
                -3,
                4,
                -24
              ],
              "size": [
                6,
                2,
                5
              ],
              "uv": [
                0,
                50
              ]
            },
            {
              "origin": [
                -3,
                6,
                -21
              ],
              "size": [
                1,
                2,
                0
              ],
              "uv": [
                57,
                57
              ]
            },
            {
              "origin": [
                2,
                6,
                -21
              ],
              "size": [
                1,
                2,
                0
              ],
              "uv": [
                48,
                57
              ]
            },
            {
              "origin": [
                -3,
                6,
                -23
              ],
              "size": [
                1,
                2,
                0
              ],
              "uv": [
                54,
                57
              ]
            },
            {
              "origin": [
                2,
                6,
                -23
              ],
              "size": [
                1,
                2,
                0
              ],
              "uv": [
                54,
                42
              ]
            },
            {
              "origin": [
                2,
                6,
                -25
              ],
              "size": [
                1,
                2,
                0
              ],
              "uv": [
                54,
                5
              ]
            },
            {
              "origin": [
                2,
                6,
                -26
              ],
              "size": [
                1,
                2,
                0
              ],
              "uv": [
                18,
                53
              ]
            },
            {
              "origin": [
                2,
                6,
                -28
              ],
              "size": [
                1,
                2,
                0
              ],
              "uv": [
                17,
                40
              ]
            },
            {
              "origin": [
                -3,
                6,
                -28
              ],
              "size": [
                1,
                2,
                0
              ],
              "uv": [
                3,
                40
              ]
            },
            {
              "origin": [
                -1,
                6,
                -29
              ],
              "size": [
                1,
                2,
                0
              ],
              "uv": [
                0,
                40
              ]
            },
            {
              "origin": [
                1,
                6,
                -29
              ],
              "size": [
                1,
                2,
                0
              ],
              "uv": [
                20,
                37
              ]
            },
            {
              "origin": [
                -3,
                6,
                -29
              ],
              "size": [
                1,
                3,
                0
              ],
              "uv": [
                0,
                0
              ]
            },
            {
              "origin": [
                -3,
                6,
                -25
              ],
              "size": [
                1,
                2,
                0
              ],
              "uv": [
                0,
                53
              ]
            },
            {
              "origin": [
                -3,
                6,
                -22
              ],
              "size": [
                1,
                2,
                0
              ],
              "uv": [
                51,
                57
              ]
            },
            {
              "origin": [
                2,
                6,
                -22
              ],
              "size": [
                1,
                2,
                0
              ],
              "uv": [
                54,
                44
              ]
            },
            {
              "origin": [
                -3,
                4,
                -29
              ],
              "size": [
                6,
                2,
                5
              ],
              "uv": [
                83,
                76
              ]
            }
          ]
        },
        {
          "name": "head7",
          "parent": "head6",
          "pivot": [
            0,
            7,
            -19
          ],
          "rotation": [
            137.5,
            0,
            0
          ],
          "cubes": [
            {
              "origin": [
                -2,
                4,
                -20
              ],
              "size": [
                4,
                4,
                2
              ],
              "uv": [
                29,
                66
              ]
            }
          ]
        },
        {
          "name": "head3",
          "parent": "head",
          "pivot": [
            0,
            8,
            -12
          ],
          "cubes": [
            {
              "origin": [
                -5,
                7.91154,
                -18.20104
              ],
              "size": [
                10,
                4,
                8
              ],
              "uv": [
                0,
                66
              ]
            },
            {
              "origin": [
                0,
                11.5,
                -18.20104
              ],
              "size": [
                2,
                5,
                5
              ],
              "pivot": [
                0,
                0,
                0
              ],
              "rotation": [
                0,
                0,
                10
              ],
              "uv": [
                53,
                118
              ]
            },
            {
              "origin": [
                0,
                11.91154,
                -16.20104
              ],
              "size": [
                2,
                4,
                3
              ],
              "pivot": [
                0,
                0,
                0
              ],
              "rotation": [
                0,
                0,
                5
              ],
              "uv": [
                32,
                121
              ]
            },
            {
              "origin": [
                -4,
                7.91154,
                -13.20104
              ],
              "size": [
                8,
                5,
                3
              ],
              "uv": [
                0,
                16
              ]
            },
            {
              "origin": [
                -3,
                7.91154,
                -29.20104
              ],
              "size": [
                6,
                4,
                5
              ],
              "uv": [
                0,
                92
              ]
            },
            {
              "origin": [
                -3,
                5.91154,
                -29.20104
              ],
              "size": [
                1,
                2,
                0
              ],
              "uv": [
                3,
                0
              ]
            },
            {
              "origin": [
                -1,
                5.91154,
                -29.20104
              ],
              "size": [
                1,
                2,
                0
              ],
              "uv": [
                54,
                0
              ]
            },
            {
              "origin": [
                1,
                5.91154,
                -29.20104
              ],
              "size": [
                1,
                2,
                0
              ],
              "uv": [
                52,
                37
              ]
            },
            {
              "origin": [
                2,
                5.91154,
                -28.20104
              ],
              "size": [
                1,
                2,
                0
              ],
              "uv": [
                51,
                42
              ]
            },
            {
              "origin": [
                -3,
                5.91154,
                -28.20104
              ],
              "size": [
                1,
                2,
                0
              ],
              "uv": [
                18,
                50
              ]
            },
            {
              "origin": [
                -3,
                5.91154,
                -26.20104
              ],
              "size": [
                1,
                2,
                0
              ],
              "uv": [
                0,
                50
              ]
            },
            {
              "origin": [
                2,
                5.91154,
                -26.20104
              ],
              "size": [
                1,
                2,
                0
              ],
              "uv": [
                48,
                42
              ]
            },
            {
              "origin": [
                2,
                5.91154,
                -25.20104
              ],
              "size": [
                1,
                2,
                0
              ],
              "uv": [
                48,
                37
              ]
            },
            {
              "origin": [
                -3,
                5.91154,
                -25.20104
              ],
              "size": [
                1,
                2,
                0
              ],
              "uv": [
                20,
                40
              ]
            },
            {
              "origin": [
                -3,
                5.91154,
                -23.20104
              ],
              "size": [
                1,
                2,
                0
              ],
              "uv": [
                61,
                8
              ]
            },
            {
              "origin": [
                2,
                5.91154,
                -23.20104
              ],
              "size": [
                1,
                2,
                0
              ],
              "uv": [
                58,
                0
              ]
            },
            {
              "origin": [
                -3,
                5.91154,
                -21.20104
              ],
              "size": [
                1,
                2,
                0
              ],
              "uv": [
                61,
                6
              ]
            },
            {
              "origin": [
                2,
                5.91154,
                -21.20104
              ],
              "size": [
                1,
                2,
                0
              ],
              "uv": [
                60,
                57
              ]
            },
            {
              "origin": [
                2,
                5.91154,
                -19.20104
              ],
              "size": [
                1,
                2,
                0
              ],
              "uv": [
                61,
                4
              ]
            },
            {
              "origin": [
                -3,
                5.91154,
                -19.20104
              ],
              "size": [
                1,
                2,
                0
              ],
              "uv": [
                3,
                4
              ]
            },
            {
              "origin": [
                -3,
                5.91154,
                -20.20104
              ],
              "size": [
                1,
                2,
                0
              ],
              "uv": [
                61,
                2
              ]
            },
            {
              "origin": [
                2,
                5.91154,
                -20.20104
              ],
              "size": [
                1,
                2,
                0
              ],
              "uv": [
                61,
                0
              ]
            },
            {
              "origin": [
                -3,
                5.91154,
                -22.20104
              ],
              "size": [
                1,
                2,
                0
              ],
              "uv": [
                0,
                4
              ]
            },
            {
              "origin": [
                2,
                5.91154,
                -22.20104
              ],
              "size": [
                1,
                2,
                0
              ],
              "uv": [
                58,
                5
              ]
            }
          ]
        },
        {
          "name": "bone11",
          "parent": "head3",
          "pivot": [
            0,
            0,
            0
          ],
          "cubes": [
            {
              "origin": [
                1,
                11.91154,
                -18.20104
              ],
              "size": [
                2,
                4,
                5
              ],
              "pivot": [
                0,
                0,
                0
              ],
              "rotation": [
                0,
                0,
                -5
              ],
              "uv": [
                39,
                119
              ]
            }
          ]
        },
        {
          "name": "head2",
          "parent": "head3",
          "pivot": [
            0,
            8.91154,
            -24.20104
          ],
          "rotation": [
            -2.5,
            0,
            0
          ],
          "cubes": [
            {
              "origin": [
                -3,
                8,
                -25
              ],
              "size": [
                6,
                4,
                7
              ],
              "uv": {
                "north": {
                  "uv": [
                    88,
                    29
                  ],
                  "uv_size": [
                    6,
                    5
                  ]
                },
                "east": {
                  "uv": [
                    82,
                    29
                  ],
                  "uv_size": [
                    6,
                    5
                  ]
                },
                "south": {
                  "uv": [
                    100,
                    29
                  ],
                  "uv_size": [
                    6,
                    5
                  ]
                },
                "west": {
                  "uv": [
                    94,
                    29
                  ],
                  "uv_size": [
                    6,
                    5
                  ]
                },
                "up": {
                  "uv": [
                    88,
                    23
                  ],
                  "uv_size": [
                    6,
                    6
                  ]
                },
                "down": {
                  "uv": [
                    94,
                    29
                  ],
                  "uv_size": [
                    6,
                    -6
                  ]
                }
              }
            }
          ]
        },
        {
          "name": "head4",
          "parent": "head3",
          "pivot": [
            0,
            8.91154,
            -24.20104
          ],
          "rotation": [
            12.5,
            0,
            0
          ]
        },
        {
          "name": "head8",
          "parent": "head3",
          "pivot": [
            0,
            13.91154,
            -23.20104
          ],
          "rotation": [
            -37.5,
            0,
            0
          ]
        },
        {
          "name": "head5",
          "parent": "head3",
          "pivot": [
            0,
            13.91154,
            -10.20104
          ],
          "rotation": [
            -95,
            0,
            0
          ]
        },
        {
          "name": "bone2",
          "parent": "bone5",
          "pivot": [
            0,
            7,
            12
          ],
          "rotation": [
            -5,
            0,
            0
          ],
          "cubes": [
            {
              "origin": [
                -6,
                1,
                13
              ],
              "size": [
                12,
                10,
                9
              ],
              "uv": [
                16,
                16
              ]
            }
          ]
        },
        {
          "name": "bone3",
          "parent": "bone2",
          "pivot": [
            0,
            7,
            21
          ],
          "rotation": [
            2.5,
            0,
            0
          ],
          "cubes": [
            {
              "origin": [
                -5,
                1,
                21
              ],
              "size": [
                10,
                9,
                10
              ],
              "uv": [
                15,
                17
              ]
            }
          ]
        },
        {
          "name": "bone4",
          "parent": "bone2",
          "pivot": [
            0,
            8,
            30
          ],
          "rotation": [
            5,
            0,
            0
          ],
          "cubes": [
            {
              "origin": [
                -4,
                2,
                30
              ],
              "size": [
                8,
                8,
                10
              ],
              "uv": [
                15,
                17
              ]
            },
            {
              "origin": [
                -3,
                3,
                40
              ],
              "size": [
                6,
                6,
                10
              ],
              "uv": [
                16,
                9
              ]
            }
          ]
        },
        {
          "name": "bone",
          "parent": "bone5",
          "pivot": [
            0,
            0,
            0
          ],
          "cubes": [
            {
              "origin": [
                -7,
                1,
                -12
              ],
              "size": [
                14,
                11,
                25
              ],
              "uv": [
                0,
                0
              ]
            },
            {
              "origin": [
                -6,
                8,
                -11
              ],
              "size": [
                12,
                5,
                23
              ],
              "uv": [
                2,
                0
              ]
            }
          ]
        },
        {
          "name": "bone6",
          "parent": "bone",
          "pivot": [
            0,
            14,
            -2
          ]
        },
        {
          "name": "bone8",
          "parent": "bone6",
          "pivot": [
            0,
            14,
            8
          ]
        },
        {
          "name": "bone7",
          "parent": "bone6",
          "pivot": [
            0,
            14,
            3
          ]
        },
        {
          "name": "bone9",
          "parent": "bone6",
          "pivot": [
            -4,
            14,
            3
          ]
        },
        {
          "name": "bone10",
          "parent": "bone6",
          "pivot": [
            -4,
            14,
            9
          ],
          "cubes": [
            {
              "origin": [
                -4,
                15,
                8
              ],
              "size": [
                0,
                1,
                1
              ],
              "uv": [
                22,
                0
              ]
            }
          ]
        },
        {
          "name": "bone12",
          "parent": "bone6",
          "pivot": [
            4,
            14,
            -4
          ]
        },
        {
          "name": "bone13",
          "parent": "bone6",
          "pivot": [
            4,
            14,
            3
          ]
        },
        {
          "name": "bone14",
          "parent": "bone6",
          "pivot": [
            4,
            14,
            9
          ]
        },
        {
          "name": "leg3",
          "parent": "bone5",
          "pivot": [
            -5,
            6,
            -8
          ],
          "mirror": true,
          "cubes": [
            {
              "origin": [
                -11,
                0,
                -10
              ],
              "size": [
                4,
                9,
                4
              ],
              "uv": [
                95,
                0
              ],
              "mirror": false
            },
            {
              "origin": [
                -11,
                0,
                -11
              ],
              "size": [
                4,
                3,
                1
              ],
              "uv": [
                91,
                46
              ],
              "mirror": false
            }
          ]
        },
        {
          "name": "leg6",
          "parent": "leg3",
          "pivot": [
            -9,
            5,
            -6
          ],
          "rotation": [
            0,
            0,
            52.5
          ],
          "mirror": true,
          "cubes": [
            {
              "origin": [
                -15,
                5,
                -11
              ],
              "size": [
                6,
                9,
                6
              ],
              "uv": [
                0,
                0
              ],
              "mirror": false
            }
          ]
        },
        {
          "name": "leg2",
          "parent": "bone5",
          "pivot": [
            5,
            6,
            -8
          ],
          "mirror": true,
          "cubes": [
            {
              "origin": [
                7,
                0,
                -11
              ],
              "size": [
                4,
                3,
                1
              ],
              "uv": [
                0,
                87
              ],
              "mirror": false
            },
            {
              "origin": [
                7,
                0,
                -10
              ],
              "size": [
                4,
                9,
                4
              ],
              "uv": [
                95,
                0
              ],
              "mirror": false
            }
          ]
        },
        {
          "name": "leg4",
          "parent": "leg2",
          "pivot": [
            9,
            5,
            -6
          ],
          "rotation": [
            0,
            0,
            -52.5
          ],
          "mirror": true,
          "cubes": [
            {
              "origin": [
                7,
                5,
                -11
              ],
              "size": [
                7,
                9,
                6
              ],
              "uv": [
                0,
                0
              ],
              "mirror": false
            }
          ]
        },
        {
          "name": "leg1",
          "parent": "bone5",
          "pivot": [
            -5,
            6,
            9
          ],
          "mirror": true,
          "cubes": [
            {
              "origin": [
                -11,
                0,
                7
              ],
              "size": [
                4,
                9,
                4
              ],
              "uv": [
                95,
                0
              ],
              "mirror": false
            },
            {
              "origin": [
                -11,
                0,
                6
              ],
              "size": [
                4,
                3,
                1
              ],
              "uv": [
                25,
                79
              ],
              "mirror": false
            }
          ]
        },
        {
          "name": "leg7",
          "parent": "leg1",
          "pivot": [
            -9,
            5,
            11
          ],
          "rotation": [
            0,
            0,
            52.5
          ],
          "mirror": true,
          "cubes": [
            {
              "origin": [
                -13,
                5,
                6
              ],
              "size": [
                5,
                6,
                6
              ],
              "uv": [
                0,
                0
              ],
              "mirror": false
            }
          ]
        },
        {
          "name": "leg0",
          "parent": "bone5",
          "pivot": [
            5,
            6,
            9
          ],
          "mirror": true,
          "cubes": [
            {
              "origin": [
                7,
                0,
                7
              ],
              "size": [
                4,
                9,
                4
              ],
              "uv": [
                95,
                0
              ],
              "mirror": false
            },
            {
              "origin": [
                7,
                0,
                6
              ],
              "size": [
                4,
                3,
                1
              ],
              "uv": [
                0,
                87
              ],
              "mirror": false
            }
          ]
        },
        {
          "name": "leg5",
          "parent": "leg0",
          "pivot": [
            9,
            5,
            11
          ],
          "rotation": [
            0,
            0,
            -52.5
          ],
          "mirror": true,
          "cubes": [
            {
              "origin": [
                7,
                5,
                6
              ],
              "size": [
                6,
                6,
                6
              ],
              "uv": [
                0,
                0
              ],
              "mirror": false
            }
          ]
        }
      ]
    }
  ]
}