{
  "format_version": "1.12.0",
  "minecraft:geometry": [
    {
      "description": {
        "identifier": "geometry.fb_madeline",
        "texture_width": 128,
        "texture_height": 128,
        "visible_bounds_width": 4,
        "visible_bounds_height": 3.5,
        "visible_bounds_offset": [
          0,
          1.25,
          0
        ]
      },
      "bones": [
        {
          "name": "root0",
          "pivot": [
            0,
            0,
            0
          ]
        },
        {
          "name": "root2",
          "parent": "root0",
          "pivot": [
            0,
            10,
            0
          ]
        },
        {
          "name": "root1",
          "parent": "root2",
          "pivot": [
            0,
            30,
            0
          ]
        },
        {
          "name": "Kroot",
          "parent": "root1",
          "pivot": [
            0,
            20,
            0
          ]
        },
        {
          "name": "Kwaist",
          "parent": "Kroot",
          "pivot": [
            0,
            12,
            0
          ]
        },
        {
          "name": "body0",
          "parent": "Kwaist",
          "pivot": [
            0,
            24,
            0
          ]
        },
        {
          "name": "Kbody",
          "parent": "body0",
          "pivot": [
            0,
            16,
            0
          ],
          "cubes": [
            {
              "origin": [
                -3,
                16,
                -2
              ],
              "size": [
                6,
                6,
                4
              ],
              "uv": {
                "north": {
                  "uv": [
                    21,
                    0
                  ],
                  "uv_size": [
                    6,
                    6
                  ]
                },
                "east": {
                  "uv": [
                    56,
                    13
                  ],
                  "uv_size": [
                    4,
                    6
                  ]
                },
                "south": {
                  "uv": [
                    21,
                    6
                  ],
                  "uv_size": [
                    6,
                    6
                  ]
                },
                "west": {
                  "uv": [
                    56,
                    19
                  ],
                  "uv_size": [
                    4,
                    6
                  ]
                },
                "up": {
                  "uv": [
                    56,
                    25
                  ],
                  "uv_size": [
                    6,
                    4
                  ]
                },
                "down": {
                  "uv": [
                    56,
                    33
                  ],
                  "uv_size": [
                    6,
                    -4
                  ]
                }
              }
            },
            {
              "origin": [
                -3,
                15,
                -3
              ],
              "size": [
                6,
                1,
                6
              ],
              "uv": {
                "north": {
                  "uv": [
                    63,
                    50
                  ],
                  "uv_size": [
                    6,
                    1
                  ]
                },
                "east": {
                  "uv": [
                    66,
                    8
                  ],
                  "uv_size": [
                    6,
                    1
                  ]
                },
                "south": {
                  "uv": [
                    66,
                    42
                  ],
                  "uv_size": [
                    6,
                    1
                  ]
                },
                "west": {
                  "uv": [
                    66,
                    43
                  ],
                  "uv_size": [
                    6,
                    1
                  ]
                },
                "up": {
                  "uv": [
                    0,
                    29
                  ],
                  "uv_size": [
                    6,
                    6
                  ]
                },
                "down": {
                  "uv": [
                    6,
                    35
                  ],
                  "uv_size": [
                    6,
                    -6
                  ]
                }
              }
            },
            {
              "origin": [
                -2.10506,
                1.34076,
                1
              ],
              "size": [
                2,
                14,
                2
              ],
              "pivot": [
                -1,
                15,
                0
              ],
              "rotation": [
                0,
                0,
                17.5
              ],
              "uv": {
                "north": {
                  "uv": [
                    41,
                    0
                  ],
                  "uv_size": [
                    2,
                    14
                  ]
                },
                "east": {
                  "uv": [
                    42,
                    14
                  ],
                  "uv_size": [
                    2,
                    14
                  ]
                },
                "south": {
                  "uv": [
                    42,
                    28
                  ],
                  "uv_size": [
                    2,
                    14
                  ]
                },
                "west": {
                  "uv": [
                    42,
                    42
                  ],
                  "uv_size": [
                    2,
                    14
                  ]
                },
                "up": {
                  "uv": [
                    18,
                    57
                  ],
                  "uv_size": [
                    2,
                    2
                  ]
                },
                "down": {
                  "uv": [
                    62,
                    68
                  ],
                  "uv_size": [
                    2,
                    -2
                  ]
                }
              }
            },
            {
              "origin": [
                -2.10506,
                1.34076,
                1
              ],
              "size": [
                2,
                14,
                2
              ],
              "pivot": [
                -1,
                15,
                0
              ],
              "rotation": [
                7.5,
                0,
                7.5
              ],
              "uv": {
                "north": {
                  "uv": [
                    48,
                    42
                  ],
                  "uv_size": [
                    2,
                    14
                  ]
                },
                "east": {
                  "uv": [
                    49,
                    0
                  ],
                  "uv_size": [
                    2,
                    14
                  ]
                },
                "south": {
                  "uv": [
                    0,
                    50
                  ],
                  "uv_size": [
                    2,
                    14
                  ]
                },
                "west": {
                  "uv": [
                    2,
                    50
                  ],
                  "uv_size": [
                    2,
                    14
                  ]
                },
                "up": {
                  "uv": [
                    68,
                    12
                  ],
                  "uv_size": [
                    2,
                    2
                  ]
                },
                "down": {
                  "uv": [
                    68,
                    16
                  ],
                  "uv_size": [
                    2,
                    -2
                  ]
                }
              }
            },
            {
              "origin": [
                -2.10506,
                1.34076,
                1
              ],
              "size": [
                2,
                14,
                2
              ],
              "pivot": [
                -1,
                15,
                0
              ],
              "rotation": [
                12.5,
                0,
                0
              ],
              "uv": {
                "north": {
                  "uv": [
                    4,
                    50
                  ],
                  "uv_size": [
                    2,
                    14
                  ]
                },
                "east": {
                  "uv": [
                    6,
                    50
                  ],
                  "uv_size": [
                    2,
                    14
                  ]
                },
                "south": {
                  "uv": [
                    8,
                    50
                  ],
                  "uv_size": [
                    2,
                    14
                  ]
                },
                "west": {
                  "uv": [
                    10,
                    50
                  ],
                  "uv_size": [
                    2,
                    14
                  ]
                },
                "up": {
                  "uv": [
                    68,
                    16
                  ],
                  "uv_size": [
                    2,
                    2
                  ]
                },
                "down": {
                  "uv": [
                    68,
                    20
                  ],
                  "uv_size": [
                    2,
                    -2
                  ]
                }
              }
            },
            {
              "origin": [
                -2.10506,
                1.34076,
                1
              ],
              "size": [
                2,
                14,
                2
              ],
              "pivot": [
                -1,
                15,
                0
              ],
              "rotation": [
                12.5,
                0,
                -7.5
              ],
              "uv": {
                "north": {
                  "uv": [
                    50,
                    14
                  ],
                  "uv_size": [
                    2,
                    14
                  ]
                },
                "east": {
                  "uv": [
                    50,
                    28
                  ],
                  "uv_size": [
                    2,
                    14
                  ]
                },
                "south": {
                  "uv": [
                    36,
                    50
                  ],
                  "uv_size": [
                    2,
                    14
                  ]
                },
                "west": {
                  "uv": [
                    38,
                    50
                  ],
                  "uv_size": [
                    2,
                    14
                  ]
                },
                "up": {
                  "uv": [
                    68,
                    26
                  ],
                  "uv_size": [
                    2,
                    2
                  ]
                },
                "down": {
                  "uv": [
                    28,
                    70
                  ],
                  "uv_size": [
                    2,
                    -2
                  ]
                }
              }
            },
            {
              "origin": [
                -3.10506,
                1.34076,
                -1
              ],
              "size": [
                2,
                14,
                2
              ],
              "pivot": [
                -1,
                15,
                0
              ],
              "rotation": [
                0,
                0,
                17.5
              ],
              "uv": {
                "north": {
                  "uv": [
                    24,
                    45
                  ],
                  "uv_size": [
                    2,
                    14
                  ]
                },
                "east": {
                  "uv": [
                    40,
                    45
                  ],
                  "uv_size": [
                    2,
                    14
                  ]
                },
                "south": {
                  "uv": [
                    46,
                    14
                  ],
                  "uv_size": [
                    2,
                    14
                  ]
                },
                "west": {
                  "uv": [
                    46,
                    28
                  ],
                  "uv_size": [
                    2,
                    14
                  ]
                },
                "up": {
                  "uv": [
                    64,
                    67
                  ],
                  "uv_size": [
                    2,
                    2
                  ]
                },
                "down": {
                  "uv": [
                    66,
                    69
                  ],
                  "uv_size": [
                    2,
                    -2
                  ]
                }
              }
            },
            {
              "origin": [
                -2.10506,
                1.34076,
                -3
              ],
              "size": [
                2,
                14,
                2
              ],
              "pivot": [
                -1,
                15,
                0
              ],
              "rotation": [
                0,
                0,
                17.5
              ],
              "uv": {
                "north": {
                  "uv": [
                    46,
                    42
                  ],
                  "uv_size": [
                    2,
                    14
                  ]
                },
                "east": {
                  "uv": [
                    47,
                    0
                  ],
                  "uv_size": [
                    2,
                    14
                  ]
                },
                "south": {
                  "uv": [
                    48,
                    14
                  ],
                  "uv_size": [
                    2,
                    14
                  ]
                },
                "west": {
                  "uv": [
                    48,
                    28
                  ],
                  "uv_size": [
                    2,
                    14
                  ]
                },
                "up": {
                  "uv": [
                    68,
                    10
                  ],
                  "uv_size": [
                    2,
                    2
                  ]
                },
                "down": {
                  "uv": [
                    12,
                    70
                  ],
                  "uv_size": [
                    2,
                    -2
                  ]
                }
              }
            },
            {
              "origin": [
                0.12025,
                1.51441,
                -3
              ],
              "size": [
                2,
                14,
                2
              ],
              "pivot": [
                2,
                15,
                0
              ],
              "rotation": [
                -5,
                0,
                -17.5
              ],
              "uv": {
                "north": {
                  "uv": [
                    43,
                    0
                  ],
                  "uv_size": [
                    2,
                    14
                  ]
                },
                "east": {
                  "uv": [
                    18,
                    43
                  ],
                  "uv_size": [
                    2,
                    14
                  ]
                },
                "south": {
                  "uv": [
                    44,
                    14
                  ],
                  "uv_size": [
                    2,
                    14
                  ]
                },
                "west": {
                  "uv": [
                    44,
                    28
                  ],
                  "uv_size": [
                    2,
                    14
                  ]
                },
                "up": {
                  "uv": [
                    0,
                    67
                  ],
                  "uv_size": [
                    2,
                    2
                  ]
                },
                "down": {
                  "uv": [
                    67,
                    2
                  ],
                  "uv_size": [
                    2,
                    -2
                  ]
                }
              }
            },
            {
              "origin": [
                0.12025,
                1.51441,
                -1
              ],
              "size": [
                2,
                14,
                2
              ],
              "pivot": [
                2,
                15,
                0
              ],
              "rotation": [
                -5,
                0,
                -17.5
              ],
              "uv": {
                "north": {
                  "uv": [
                    30,
                    51
                  ],
                  "uv_size": [
                    2,
                    14
                  ]
                },
                "east": {
                  "uv": [
                    32,
                    51
                  ],
                  "uv_size": [
                    2,
                    14
                  ]
                },
                "south": {
                  "uv": [
                    34,
                    51
                  ],
                  "uv_size": [
                    2,
                    14
                  ]
                },
                "west": {
                  "uv": [
                    12,
                    52
                  ],
                  "uv_size": [
                    2,
                    14
                  ]
                },
                "up": {
                  "uv": [
                    68,
                    28
                  ],
                  "uv_size": [
                    2,
                    2
                  ]
                },
                "down": {
                  "uv": [
                    30,
                    70
                  ],
                  "uv_size": [
                    2,
                    -2
                  ]
                }
              }
            },
            {
              "origin": [
                0.12025,
                1.51441,
                0
              ],
              "size": [
                2,
                14,
                2
              ],
              "pivot": [
                2,
                15,
                0
              ],
              "rotation": [
                0,
                0,
                -17.5
              ],
              "uv": {
                "north": {
                  "uv": [
                    14,
                    52
                  ],
                  "uv_size": [
                    2,
                    14
                  ]
                },
                "east": {
                  "uv": [
                    52,
                    14
                  ],
                  "uv_size": [
                    2,
                    14
                  ]
                },
                "south": {
                  "uv": [
                    16,
                    52
                  ],
                  "uv_size": [
                    2,
                    14
                  ]
                },
                "west": {
                  "uv": [
                    52,
                    28
                  ],
                  "uv_size": [
                    2,
                    14
                  ]
                },
                "up": {
                  "uv": [
                    68,
                    30
                  ],
                  "uv_size": [
                    2,
                    2
                  ]
                },
                "down": {
                  "uv": [
                    68,
                    34
                  ],
                  "uv_size": [
                    2,
                    -2
                  ]
                }
              }
            },
            {
              "origin": [
                0.12025,
                1.51441,
                0
              ],
              "size": [
                2,
                14,
                2
              ],
              "pivot": [
                2,
                15,
                0
              ],
              "rotation": [
                10,
                0,
                -17.5
              ],
              "uv": {
                "north": {
                  "uv": [
                    52,
                    42
                  ],
                  "uv_size": [
                    2,
                    14
                  ]
                },
                "east": {
                  "uv": [
                    53,
                    0
                  ],
                  "uv_size": [
                    2,
                    14
                  ]
                },
                "south": {
                  "uv": [
                    54,
                    14
                  ],
                  "uv_size": [
                    2,
                    14
                  ]
                },
                "west": {
                  "uv": [
                    54,
                    28
                  ],
                  "uv_size": [
                    2,
                    14
                  ]
                },
                "up": {
                  "uv": [
                    37,
                    68
                  ],
                  "uv_size": [
                    2,
                    2
                  ]
                },
                "down": {
                  "uv": [
                    39,
                    70
                  ],
                  "uv_size": [
                    2,
                    -2
                  ]
                }
              }
            },
            {
              "origin": [
                0.12025,
                1.51441,
                2
              ],
              "size": [
                2,
                14,
                1
              ],
              "pivot": [
                2,
                15,
                0
              ],
              "rotation": [
                10,
                0,
                -12.5
              ],
              "uv": {
                "north": {
                  "uv": [
                    50,
                    42
                  ],
                  "uv_size": [
                    2,
                    14
                  ]
                },
                "east": {
                  "uv": [
                    24,
                    59
                  ],
                  "uv_size": [
                    1,
                    14
                  ]
                },
                "south": {
                  "uv": [
                    51,
                    0
                  ],
                  "uv_size": [
                    2,
                    14
                  ]
                },
                "west": {
                  "uv": [
                    25,
                    59
                  ],
                  "uv_size": [
                    1,
                    14
                  ]
                },
                "up": {
                  "uv": [
                    68,
                    68
                  ],
                  "uv_size": [
                    2,
                    1
                  ]
                },
                "down": {
                  "uv": [
                    0,
                    70
                  ],
                  "uv_size": [
                    2,
                    -1
                  ]
                }
              }
            },
            {
              "origin": [
                0.12025,
                1.51441,
                -3
              ],
              "size": [
                2,
                14,
                6
              ],
              "pivot": [
                2,
                15,
                0
              ],
              "rotation": [
                10,
                0,
                -2.5
              ],
              "uv": {
                "north": {
                  "uv": [
                    26,
                    51
                  ],
                  "uv_size": [
                    2,
                    14
                  ]
                },
                "east": {
                  "uv": [
                    0,
                    0
                  ],
                  "uv_size": [
                    6,
                    14
                  ]
                },
                "south": {
                  "uv": [
                    28,
                    51
                  ],
                  "uv_size": [
                    2,
                    14
                  ]
                },
                "west": {
                  "uv": [
                    6,
                    0
                  ],
                  "uv_size": [
                    6,
                    14
                  ]
                },
                "up": {
                  "uv": [
                    62,
                    20
                  ],
                  "uv_size": [
                    2,
                    6
                  ]
                },
                "down": {
                  "uv": [
                    62,
                    32
                  ],
                  "uv_size": [
                    2,
                    -6
                  ]
                }
              }
            },
            {
              "origin": [
                -4,
                0,
                -5
              ],
              "size": [
                2,
                15,
                2
              ],
              "pivot": [
                0,
                4,
                0
              ],
              "rotation": [
                -11.93845,
                3.73171,
                17.10967
              ],
              "uv": {
                "north": {
                  "uv": [
                    18,
                    28
                  ],
                  "uv_size": [
                    2,
                    15
                  ]
                },
                "east": {
                  "uv": [
                    20,
                    30
                  ],
                  "uv_size": [
                    2,
                    15
                  ]
                },
                "south": {
                  "uv": [
                    22,
                    30
                  ],
                  "uv_size": [
                    2,
                    15
                  ]
                },
                "west": {
                  "uv": [
                    24,
                    30
                  ],
                  "uv_size": [
                    2,
                    15
                  ]
                },
                "up": {
                  "uv": [
                    2,
                    67
                  ],
                  "uv_size": [
                    2,
                    2
                  ]
                },
                "down": {
                  "uv": [
                    67,
                    4
                  ],
                  "uv_size": [
                    2,
                    -2
                  ]
                }
              }
            },
            {
              "origin": [
                -3,
                0,
                -5
              ],
              "size": [
                2,
                15,
                2
              ],
              "pivot": [
                0,
                4,
                0
              ],
              "rotation": [
                -12.48848,
                0.54094,
                2.44081
              ],
              "uv": {
                "north": {
                  "uv": [
                    35,
                    5
                  ],
                  "uv_size": [
                    2,
                    15
                  ]
                },
                "east": {
                  "uv": [
                    6,
                    35
                  ],
                  "uv_size": [
                    2,
                    15
                  ]
                },
                "south": {
                  "uv": [
                    8,
                    35
                  ],
                  "uv_size": [
                    2,
                    15
                  ]
                },
                "west": {
                  "uv": [
                    10,
                    35
                  ],
                  "uv_size": [
                    2,
                    15
                  ]
                },
                "up": {
                  "uv": [
                    32,
                    67
                  ],
                  "uv_size": [
                    2,
                    2
                  ]
                },
                "down": {
                  "uv": [
                    67,
                    37
                  ],
                  "uv_size": [
                    2,
                    -2
                  ]
                }
              }
            },
            {
              "origin": [
                -1,
                0,
                -5
              ],
              "size": [
                2,
                15,
                2
              ],
              "pivot": [
                0,
                4,
                0
              ],
              "rotation": [
                -12.48848,
                0.54094,
                2.44081
              ],
              "uv": {
                "north": {
                  "uv": [
                    36,
                    20
                  ],
                  "uv_size": [
                    2,
                    15
                  ]
                },
                "east": {
                  "uv": [
                    26,
                    36
                  ],
                  "uv_size": [
                    2,
                    15
                  ]
                },
                "south": {
                  "uv": [
                    28,
                    36
                  ],
                  "uv_size": [
                    2,
                    15
                  ]
                },
                "west": {
                  "uv": [
                    30,
                    36
                  ],
                  "uv_size": [
                    2,
                    15
                  ]
                },
                "up": {
                  "uv": [
                    67,
                    37
                  ],
                  "uv_size": [
                    2,
                    2
                  ]
                },
                "down": {
                  "uv": [
                    44,
                    69
                  ],
                  "uv_size": [
                    2,
                    -2
                  ]
                }
              }
            },
            {
              "origin": [
                0,
                0,
                -5
              ],
              "size": [
                2,
                15,
                2
              ],
              "pivot": [
                0,
                4,
                0
              ],
              "rotation": [
                -12.31594,
                -2.15393,
                -9.76758
              ],
              "uv": {
                "north": {
                  "uv": [
                    32,
                    36
                  ],
                  "uv_size": [
                    2,
                    15
                  ]
                },
                "east": {
                  "uv": [
                    34,
                    36
                  ],
                  "uv_size": [
                    2,
                    15
                  ]
                },
                "south": {
                  "uv": [
                    36,
                    35
                  ],
                  "uv_size": [
                    2,
                    15
                  ]
                },
                "west": {
                  "uv": [
                    37,
                    5
                  ],
                  "uv_size": [
                    2,
                    15
                  ]
                },
                "up": {
                  "uv": [
                    67,
                    44
                  ],
                  "uv_size": [
                    2,
                    2
                  ]
                },
                "down": {
                  "uv": [
                    67,
                    50
                  ],
                  "uv_size": [
                    2,
                    -2
                  ]
                }
              }
            },
            {
              "origin": [
                2,
                0,
                -5
              ],
              "size": [
                2,
                15,
                2
              ],
              "pivot": [
                0,
                4,
                0
              ],
              "rotation": [
                -12.31594,
                -2.15393,
                -9.76758
              ],
              "uv": {
                "north": {
                  "uv": [
                    12,
                    37
                  ],
                  "uv_size": [
                    2,
                    15
                  ]
                },
                "east": {
                  "uv": [
                    14,
                    37
                  ],
                  "uv_size": [
                    2,
                    15
                  ]
                },
                "south": {
                  "uv": [
                    16,
                    37
                  ],
                  "uv_size": [
                    2,
                    15
                  ]
                },
                "west": {
                  "uv": [
                    38,
                    20
                  ],
                  "uv_size": [
                    2,
                    15
                  ]
                },
                "up": {
                  "uv": [
                    67,
                    51
                  ],
                  "uv_size": [
                    2,
                    2
                  ]
                },
                "down": {
                  "uv": [
                    67,
                    55
                  ],
                  "uv_size": [
                    2,
                    -2
                  ]
                }
              }
            },
            {
              "origin": [
                3,
                0,
                -5
              ],
              "size": [
                2,
                15,
                2
              ],
              "pivot": [
                0,
                4,
                0
              ],
              "rotation": [
                -11.93845,
                -3.73171,
                -17.10967
              ],
              "uv": {
                "north": {
                  "uv": [
                    38,
                    35
                  ],
                  "uv_size": [
                    2,
                    15
                  ]
                },
                "east": {
                  "uv": [
                    39,
                    0
                  ],
                  "uv_size": [
                    2,
                    15
                  ]
                },
                "south": {
                  "uv": [
                    40,
                    15
                  ],
                  "uv_size": [
                    2,
                    15
                  ]
                },
                "west": {
                  "uv": [
                    40,
                    30
                  ],
                  "uv_size": [
                    2,
                    15
                  ]
                },
                "up": {
                  "uv": [
                    58,
                    67
                  ],
                  "uv_size": [
                    2,
                    2
                  ]
                },
                "down": {
                  "uv": [
                    60,
                    69
                  ],
                  "uv_size": [
                    2,
                    -2
                  ]
                }
              }
            },
            {
              "origin": [
                -3,
                19,
                5
              ],
              "size": [
                6,
                6,
                5
              ],
              "pivot": [
                0,
                4,
                0
              ],
              "rotation": [
                25,
                0,
                0
              ],
              "uv": {
                "north": {
                  "uv": [
                    21,
                    12
                  ],
                  "uv_size": [
                    6,
                    6
                  ]
                },
                "east": {
                  "uv": [
                    26,
                    30
                  ],
                  "uv_size": [
                    5,
                    6
                  ]
                },
                "south": {
                  "uv": [
                    21,
                    18
                  ],
                  "uv_size": [
                    6,
                    6
                  ]
                },
                "west": {
                  "uv": [
                    31,
                    30
                  ],
                  "uv_size": [
                    5,
                    6
                  ]
                },
                "up": {
                  "uv": [
                    12,
                    32
                  ],
                  "uv_size": [
                    6,
                    5
                  ]
                },
                "down": {
                  "uv": [
                    33,
                    5
                  ],
                  "uv_size": [
                    6,
                    -5
                  ]
                }
              }
            },
            {
              "origin": [
                -3.05291,
                23.14876,
                -4.17078
              ],
              "size": [
                6,
                3,
                1
              ],
              "pivot": [
                0,
                24,
                1
              ],
              "rotation": [
                10.07706,
                -0.60632,
                -0.09653
              ],
              "uv": {
                "north": {
                  "uv": [
                    56,
                    33
                  ],
                  "uv_size": [
                    6,
                    3
                  ]
                },
                "east": {
                  "uv": [
                    39,
                    15
                  ],
                  "uv_size": [
                    1,
                    3
                  ]
                },
                "south": {
                  "uv": [
                    56,
                    36
                  ],
                  "uv_size": [
                    6,
                    3
                  ]
                },
                "west": {
                  "uv": [
                    61,
                    10
                  ],
                  "uv_size": [
                    1,
                    3
                  ]
                },
                "up": {
                  "uv": [
                    57,
                    50
                  ],
                  "uv_size": [
                    6,
                    1
                  ]
                },
                "down": {
                  "uv": [
                    63,
                    10
                  ],
                  "uv_size": [
                    6,
                    -1
                  ]
                }
              }
            }
          ]
        },
        {
          "name": "head",
          "parent": "Kbody",
          "pivot": [
            0,
            30,
            0
          ],
          "cubes": [
            {
              "origin": [
                -2,
                25,
                -4
              ],
              "size": [
                4,
                2,
                3
              ],
              "uv": {
                "north": {
                  "uv": [
                    63,
                    44
                  ],
                  "uv_size": [
                    4,
                    2
                  ]
                },
                "east": {
                  "uv": [
                    48,
                    64
                  ],
                  "uv_size": [
                    3,
                    2
                  ]
                },
                "south": {
                  "uv": [
                    64,
                    26
                  ],
                  "uv_size": [
                    4,
                    2
                  ]
                },
                "west": {
                  "uv": [
                    64,
                    48
                  ],
                  "uv_size": [
                    3,
                    2
                  ]
                },
                "up": {
                  "uv": [
                    57,
                    10
                  ],
                  "uv_size": [
                    4,
                    3
                  ]
                },
                "down": {
                  "uv": [
                    57,
                    50
                  ],
                  "uv_size": [
                    4,
                    -3
                  ]
                }
              }
            },
            {
              "origin": [
                -2.8,
                27,
                -5.5
              ],
              "size": [
                5.6,
                6,
                4
              ],
              "uv": {
                "north": {
                  "uv": [
                    21,
                    24
                  ],
                  "uv_size": [
                    6,
                    6
                  ]
                },
                "east": {
                  "uv": [
                    27,
                    0
                  ],
                  "uv_size": [
                    6,
                    6
                  ]
                },
                "south": {
                  "uv": [
                    27,
                    6
                  ],
                  "uv_size": [
                    6,
                    6
                  ]
                },
                "west": {
                  "uv": [
                    27,
                    12
                  ],
                  "uv_size": [
                    6,
                    6
                  ]
                },
                "up": {
                  "uv": [
                    27,
                    18
                  ],
                  "uv_size": [
                    6,
                    6
                  ]
                },
                "down": {
                  "uv": [
                    27,
                    30
                  ],
                  "uv_size": [
                    6,
                    -6
                  ]
                }
              }
            },
            {
              "origin": [
                -2.4,
                27,
                -5.4
              ],
              "size": [
                4.9,
                5,
                4
              ],
              "uv": {
                "north": {
                  "uv": [
                    28,
                    102.5
                  ],
                  "uv_size": [
                    6,
                    6
                  ]
                },
                "east": {
                  "uv": [
                    27,
                    0
                  ],
                  "uv_size": [
                    6,
                    6
                  ]
                },
                "south": {
                  "uv": [
                    27,
                    6
                  ],
                  "uv_size": [
                    6,
                    6
                  ]
                },
                "west": {
                  "uv": [
                    27,
                    12
                  ],
                  "uv_size": [
                    6,
                    6
                  ]
                },
                "up": {
                  "uv": [
                    27,
                    18
                  ],
                  "uv_size": [
                    6,
                    6
                  ]
                },
                "down": {
                  "uv": [
                    27,
                    30
                  ],
                  "uv_size": [
                    6,
                    -6
                  ]
                }
              }
            },
            {
              "origin": [
                -2.8,
                26.8,
                -5.55162
              ],
              "size": [
                5.6,
                5,
                0
              ],
              "uv": {
                "north": {
                  "uv": [
                    0,
                    74
                  ],
                  "uv_size": [
                    5,
                    6
                  ]
                },
                "east": {
                  "uv": [
                    27,
                    0
                  ],
                  "uv_size": [
                    6,
                    6
                  ]
                },
                "south": {
                  "uv": [
                    17,
                    80
                  ],
                  "uv_size": [
                    6,
                    6
                  ]
                },
                "west": {
                  "uv": [
                    27,
                    12
                  ],
                  "uv_size": [
                    6,
                    6
                  ]
                },
                "up": {
                  "uv": [
                    27,
                    18
                  ],
                  "uv_size": [
                    6,
                    6
                  ]
                },
                "down": {
                  "uv": [
                    27,
                    30
                  ],
                  "uv_size": [
                    6,
                    -6
                  ]
                }
              }
            },
            {
              "origin": [
                -2.8,
                24,
                -0.5
              ],
              "size": [
                5.6,
                9,
                2
              ],
              "pivot": [
                0,
                6,
                0
              ],
              "rotation": [
                2.5,
                0,
                0
              ],
              "uv": {
                "north": {
                  "uv": [
                    12,
                    0
                  ],
                  "uv_size": [
                    6,
                    9
                  ]
                },
                "east": {
                  "uv": [
                    33,
                    20
                  ],
                  "uv_size": [
                    3,
                    9
                  ]
                },
                "south": {
                  "uv": [
                    12,
                    9
                  ],
                  "uv_size": [
                    6,
                    9
                  ]
                },
                "west": {
                  "uv": [
                    54,
                    42
                  ],
                  "uv_size": [
                    3,
                    9
                  ]
                },
                "up": {
                  "uv": [
                    56,
                    39
                  ],
                  "uv_size": [
                    6,
                    3
                  ]
                },
                "down": {
                  "uv": [
                    48,
                    59
                  ],
                  "uv_size": [
                    6,
                    -3
                  ]
                }
              }
            }
          ]
        },
        {
          "name": "hat",
          "parent": "head",
          "pivot": [
            0,
            30,
            0
          ]
        },
        {
          "name": "jacket",
          "parent": "Kbody",
          "pivot": [
            0,
            16,
            0
          ]
        },
        {
          "name": "RightArmUp",
          "parent": "Kbody",
          "pivot": [
            -6,
            26,
            -1
          ]
        },
        {
          "name": "RightArmDown",
          "parent": "RightArmUp",
          "pivot": [
            -3,
            25.74118,
            -1.03407
          ],
          "rotation": [
            27.29887,
            -3.45533,
            6.66067
          ],
          "cubes": [
            {
              "origin": [
                -5,
                12.43616,
                -2.27228
              ],
              "size": [
                2,
                14,
                3
              ],
              "pivot": [
                -5,
                27.08433,
                -0.8625
              ],
              "rotation": [
                -24.91643,
                2.11089,
                4.53359
              ],
              "uv": {
                "north": {
                  "uv": [
                    44,
                    42
                  ],
                  "uv_size": [
                    2,
                    14
                  ]
                },
                "east": {
                  "uv": [
                    18,
                    0
                  ],
                  "uv_size": [
                    3,
                    14
                  ]
                },
                "south": {
                  "uv": [
                    45,
                    0
                  ],
                  "uv_size": [
                    2,
                    14
                  ]
                },
                "west": {
                  "uv": [
                    12,
                    18
                  ],
                  "uv_size": [
                    3,
                    14
                  ]
                },
                "up": {
                  "uv": [
                    51,
                    66
                  ],
                  "uv_size": [
                    2,
                    3
                  ]
                },
                "down": {
                  "uv": [
                    66,
                    58
                  ],
                  "uv_size": [
                    2,
                    -3
                  ]
                }
              }
            },
            {
              "origin": [
                -5,
                12.43616,
                -2.27228
              ],
              "size": [
                2,
                14,
                3
              ],
              "pivot": [
                -5,
                27.08433,
                -0.8625
              ],
              "rotation": [
                -24.97911,
                -1.05627,
                -2.26603
              ],
              "uv": {
                "north": {
                  "uv": [
                    20,
                    45
                  ],
                  "uv_size": [
                    2,
                    14
                  ]
                },
                "east": {
                  "uv": [
                    18,
                    14
                  ],
                  "uv_size": [
                    3,
                    14
                  ]
                },
                "south": {
                  "uv": [
                    22,
                    45
                  ],
                  "uv_size": [
                    2,
                    14
                  ]
                },
                "west": {
                  "uv": [
                    15,
                    18
                  ],
                  "uv_size": [
                    3,
                    14
                  ]
                },
                "up": {
                  "uv": [
                    56,
                    66
                  ],
                  "uv_size": [
                    2,
                    3
                  ]
                },
                "down": {
                  "uv": [
                    66,
                    61
                  ],
                  "uv_size": [
                    2,
                    -3
                  ]
                }
              }
            },
            {
              "origin": [
                -5.8,
                11.28433,
                -12.9625
              ],
              "size": [
                2.5,
                0.5,
                2.5
              ],
              "pivot": [
                0,
                2.08433,
                -4.8625
              ],
              "rotation": [
                -25,
                0,
                0
              ],
              "uv": {
                "north": {
                  "uv": [
                    33,
                    29
                  ],
                  "uv_size": [
                    3,
                    1
                  ]
                },
                "east": {
                  "uv": [
                    67,
                    39
                  ],
                  "uv_size": [
                    3,
                    1
                  ]
                },
                "south": {
                  "uv": [
                    41,
                    68
                  ],
                  "uv_size": [
                    3,
                    1
                  ]
                },
                "west": {
                  "uv": [
                    68,
                    46
                  ],
                  "uv_size": [
                    3,
                    1
                  ]
                },
                "up": {
                  "uv": [
                    62,
                    32
                  ],
                  "uv_size": [
                    3,
                    3
                  ]
                },
                "down": {
                  "uv": [
                    62,
                    38
                  ],
                  "uv_size": [
                    3,
                    -3
                  ]
                }
              }
            },
            {
              "origin": [
                -4.3,
                9.08433,
                -20.9625
              ],
              "size": [
                2,
                2,
                12.5
              ],
              "pivot": [
                0,
                2.08433,
                -4.8625
              ],
              "rotation": [
                -25,
                0,
                0
              ],
              "uv": {
                "north": {
                  "uv": [
                    4,
                    67
                  ],
                  "uv_size": [
                    2,
                    2
                  ]
                },
                "east": {
                  "uv": [
                    54,
                    51
                  ],
                  "uv_size": [
                    13,
                    2
                  ]
                },
                "south": {
                  "uv": [
                    67,
                    4
                  ],
                  "uv_size": [
                    2,
                    2
                  ]
                },
                "west": {
                  "uv": [
                    54,
                    53
                  ],
                  "uv_size": [
                    13,
                    2
                  ]
                },
                "up": {
                  "uv": [
                    55,
                    0
                  ],
                  "uv_size": [
                    2,
                    13
                  ]
                },
                "down": {
                  "uv": [
                    54,
                    68
                  ],
                  "uv_size": [
                    2,
                    -13
                  ]
                }
              }
            },
            {
              "origin": [
                -4.8,
                7.08433,
                -19.9625
              ],
              "size": [
                3,
                6,
                2.5
              ],
              "pivot": [
                0,
                2.08433,
                -4.8625
              ],
              "rotation": [
                -25,
                0,
                0
              ],
              "uv": {
                "north": {
                  "uv": [
                    42,
                    56
                  ],
                  "uv_size": [
                    3,
                    6
                  ]
                },
                "east": {
                  "uv": [
                    40,
                    59
                  ],
                  "uv_size": [
                    2,
                    6
                  ]
                },
                "south": {
                  "uv": [
                    45,
                    56
                  ],
                  "uv_size": [
                    3,
                    6
                  ]
                },
                "west": {
                  "uv": [
                    59,
                    55
                  ],
                  "uv_size": [
                    2,
                    6
                  ]
                },
                "up": {
                  "uv": [
                    51,
                    64
                  ],
                  "uv_size": [
                    3,
                    2
                  ]
                },
                "down": {
                  "uv": [
                    62,
                    66
                  ],
                  "uv_size": [
                    3,
                    -2
                  ]
                }
              }
            },
            {
              "origin": [
                -4.8,
                18.98433,
                -6.1625
              ],
              "size": [
                3,
                1.5,
                1.5
              ],
              "pivot": [
                0,
                2.08433,
                -4.8625
              ],
              "rotation": [
                25,
                0,
                0
              ],
              "uv": {
                "north": {
                  "uv": [
                    65,
                    10
                  ],
                  "uv_size": [
                    3,
                    2
                  ]
                },
                "east": {
                  "uv": [
                    6,
                    67
                  ],
                  "uv_size": [
                    2,
                    2
                  ]
                },
                "south": {
                  "uv": [
                    65,
                    12
                  ],
                  "uv_size": [
                    3,
                    2
                  ]
                },
                "west": {
                  "uv": [
                    8,
                    67
                  ],
                  "uv_size": [
                    2,
                    2
                  ]
                },
                "up": {
                  "uv": [
                    26,
                    65
                  ],
                  "uv_size": [
                    3,
                    2
                  ]
                },
                "down": {
                  "uv": [
                    29,
                    67
                  ],
                  "uv_size": [
                    3,
                    -2
                  ]
                }
              }
            },
            {
              "origin": [
                -5.8,
                8.88433,
                -12.9625
              ],
              "size": [
                1.5,
                2.5,
                2.5
              ],
              "pivot": [
                0,
                2.08433,
                -4.8625
              ],
              "rotation": [
                -25,
                0,
                0
              ],
              "uv": {
                "north": {
                  "uv": [
                    10,
                    67
                  ],
                  "uv_size": [
                    2,
                    2
                  ]
                },
                "east": {
                  "uv": [
                    32,
                    65
                  ],
                  "uv_size": [
                    3,
                    2
                  ]
                },
                "south": {
                  "uv": [
                    17,
                    67
                  ],
                  "uv_size": [
                    2,
                    2
                  ]
                },
                "west": {
                  "uv": [
                    65,
                    32
                  ],
                  "uv_size": [
                    3,
                    2
                  ]
                },
                "up": {
                  "uv": [
                    65,
                    34
                  ],
                  "uv_size": [
                    2,
                    3
                  ]
                },
                "down": {
                  "uv": [
                    65,
                    40
                  ],
                  "uv_size": [
                    2,
                    -3
                  ]
                }
              }
            },
            {
              "origin": [
                -5.8,
                9.88433,
                -12.9625
              ],
              "size": [
                2.5,
                0.5,
                2.5
              ],
              "pivot": [
                0,
                2.08433,
                -4.8625
              ],
              "rotation": [
                -25,
                0,
                0
              ],
              "uv": {
                "north": {
                  "uv": [
                    68,
                    47
                  ],
                  "uv_size": [
                    3,
                    1
                  ]
                },
                "east": {
                  "uv": [
                    53,
                    68
                  ],
                  "uv_size": [
                    3,
                    1
                  ]
                },
                "south": {
                  "uv": [
                    68,
                    55
                  ],
                  "uv_size": [
                    3,
                    1
                  ]
                },
                "west": {
                  "uv": [
                    68,
                    56
                  ],
                  "uv_size": [
                    3,
                    1
                  ]
                },
                "up": {
                  "uv": [
                    62,
                    38
                  ],
                  "uv_size": [
                    3,
                    3
                  ]
                },
                "down": {
                  "uv": [
                    42,
                    65
                  ],
                  "uv_size": [
                    3,
                    -3
                  ]
                }
              }
            }
          ]
        },
        {
          "name": "rightItem",
          "parent": "RightArmDown",
          "pivot": [
            -6,
            17.08433,
            -3.8625
          ]
        },
        {
          "name": "Item",
          "parent": "RightArmDown",
          "pivot": [
            -6,
            20.08433,
            -2.8625
          ]
        },
        {
          "name": "cItem",
          "parent": "RightArmDown",
          "pivot": [
            -6,
            17.08433,
            -3.8625
          ]
        },
        {
          "name": "LeftArmUp",
          "parent": "Kbody",
          "pivot": [
            3,
            25,
            -1
          ],
          "rotation": [
            -24.47084,
            -2.51499,
            -12.40107
          ],
          "cubes": [
            {
              "origin": [
                3.22437,
                10.73976,
                -2.92969
              ],
              "size": [
                2,
                15,
                3
              ],
              "pivot": [
                4.22437,
                25.52377,
                -1.4447
              ],
              "rotation": [
                24.97911,
                1.05627,
                -2.26603
              ],
              "uv": {
                "north": {
                  "uv": [
                    33,
                    5
                  ],
                  "uv_size": [
                    2,
                    15
                  ]
                },
                "east": {
                  "uv": [
                    0,
                    14
                  ],
                  "uv_size": [
                    3,
                    15
                  ]
                },
                "south": {
                  "uv": [
                    0,
                    35
                  ],
                  "uv_size": [
                    2,
                    15
                  ]
                },
                "west": {
                  "uv": [
                    3,
                    14
                  ],
                  "uv_size": [
                    3,
                    15
                  ]
                },
                "up": {
                  "uv": [
                    40,
                    65
                  ],
                  "uv_size": [
                    2,
                    3
                  ]
                },
                "down": {
                  "uv": [
                    42,
                    68
                  ],
                  "uv_size": [
                    2,
                    -3
                  ]
                }
              }
            },
            {
              "origin": [
                3.22437,
                10.73976,
                -2.92969
              ],
              "size": [
                2,
                15,
                3
              ],
              "pivot": [
                4.22437,
                25.52377,
                -1.4447
              ],
              "rotation": [
                24.91643,
                -2.11089,
                4.53359
              ],
              "uv": {
                "north": {
                  "uv": [
                    2,
                    35
                  ],
                  "uv_size": [
                    2,
                    15
                  ]
                },
                "east": {
                  "uv": [
                    6,
                    14
                  ],
                  "uv_size": [
                    3,
                    15
                  ]
                },
                "south": {
                  "uv": [
                    4,
                    35
                  ],
                  "uv_size": [
                    2,
                    15
                  ]
                },
                "west": {
                  "uv": [
                    9,
                    14
                  ],
                  "uv_size": [
                    3,
                    15
                  ]
                },
                "up": {
                  "uv": [
                    47,
                    66
                  ],
                  "uv_size": [
                    2,
                    3
                  ]
                },
                "down": {
                  "uv": [
                    49,
                    69
                  ],
                  "uv_size": [
                    2,
                    -3
                  ]
                }
              }
            },
            {
              "origin": [
                2.42437,
                10.72377,
                5.4553
              ],
              "size": [
                2.5,
                0.5,
                2.5
              ],
              "pivot": [
                -0.77563,
                1.52377,
                1.5553
              ],
              "rotation": [
                12.5,
                0,
                0
              ],
              "uv": {
                "north": {
                  "uv": [
                    68,
                    57
                  ],
                  "uv_size": [
                    3,
                    1
                  ]
                },
                "east": {
                  "uv": [
                    68,
                    64
                  ],
                  "uv_size": [
                    2,
                    1
                  ]
                },
                "south": {
                  "uv": [
                    68,
                    58
                  ],
                  "uv_size": [
                    3,
                    1
                  ]
                },
                "west": {
                  "uv": [
                    68,
                    65
                  ],
                  "uv_size": [
                    2,
                    1
                  ]
                },
                "up": {
                  "uv": [
                    44,
                    65
                  ],
                  "uv_size": [
                    3,
                    2
                  ]
                },
                "down": {
                  "uv": [
                    65,
                    63
                  ],
                  "uv_size": [
                    3,
                    -2
                  ]
                }
              }
            },
            {
              "origin": [
                3.42437,
                8.72377,
                5.4553
              ],
              "size": [
                1.5,
                2.5,
                2.5
              ],
              "pivot": [
                -0.77563,
                1.52377,
                1.5553
              ],
              "rotation": [
                12.5,
                0,
                0
              ],
              "uv": {
                "north": {
                  "uv": [
                    66,
                    14
                  ],
                  "uv_size": [
                    2,
                    3
                  ]
                },
                "east": {
                  "uv": [
                    15,
                    66
                  ],
                  "uv_size": [
                    2,
                    3
                  ]
                },
                "south": {
                  "uv": [
                    66,
                    17
                  ],
                  "uv_size": [
                    2,
                    3
                  ]
                },
                "west": {
                  "uv": [
                    35,
                    66
                  ],
                  "uv_size": [
                    2,
                    3
                  ]
                },
                "up": {
                  "uv": [
                    67,
                    24
                  ],
                  "uv_size": [
                    2,
                    2
                  ]
                },
                "down": {
                  "uv": [
                    26,
                    69
                  ],
                  "uv_size": [
                    2,
                    -2
                  ]
                }
              }
            },
            {
              "origin": [
                2.42437,
                8.72377,
                5.4553
              ],
              "size": [
                2.5,
                0.5,
                2.5
              ],
              "pivot": [
                -0.77563,
                1.52377,
                1.5553
              ],
              "rotation": [
                12.5,
                0,
                0
              ],
              "uv": {
                "north": {
                  "uv": [
                    68,
                    59
                  ],
                  "uv_size": [
                    3,
                    1
                  ]
                },
                "east": {
                  "uv": [
                    68,
                    66
                  ],
                  "uv_size": [
                    2,
                    1
                  ]
                },
                "south": {
                  "uv": [
                    68,
                    60
                  ],
                  "uv_size": [
                    3,
                    1
                  ]
                },
                "west": {
                  "uv": [
                    68,
                    67
                  ],
                  "uv_size": [
                    2,
                    1
                  ]
                },
                "up": {
                  "uv": [
                    37,
                    66
                  ],
                  "uv_size": [
                    3,
                    2
                  ]
                },
                "down": {
                  "uv": [
                    66,
                    42
                  ],
                  "uv_size": [
                    3,
                    -2
                  ]
                }
              }
            },
            {
              "origin": [
                1.92437,
                10.73976,
                -2.92969
              ],
              "size": [
                4,
                1,
                3
              ],
              "pivot": [
                4.22437,
                25.52377,
                -1.4447
              ],
              "rotation": [
                25,
                0,
                0
              ],
              "uv": {
                "north": {
                  "uv": [
                    28,
                    67
                  ],
                  "uv_size": [
                    4,
                    1
                  ]
                },
                "east": {
                  "uv": [
                    68,
                    61
                  ],
                  "uv_size": [
                    3,
                    1
                  ]
                },
                "south": {
                  "uv": [
                    67,
                    34
                  ],
                  "uv_size": [
                    4,
                    1
                  ]
                },
                "west": {
                  "uv": [
                    68,
                    62
                  ],
                  "uv_size": [
                    3,
                    1
                  ]
                },
                "up": {
                  "uv": [
                    62,
                    14
                  ],
                  "uv_size": [
                    4,
                    3
                  ]
                },
                "down": {
                  "uv": [
                    62,
                    20
                  ],
                  "uv_size": [
                    4,
                    -3
                  ]
                }
              }
            }
          ]
        },
        {
          "name": "LeftArmDown",
          "parent": "LeftArmUp",
          "pivot": [
            5.22437,
            18.52377,
            2.5553
          ],
          "rotation": [
            50,
            0,
            0
          ]
        },
        {
          "name": "LeftItem",
          "parent": "LeftArmDown",
          "pivot": [
            5.22437,
            16.52377,
            2.5553
          ]
        },
        {
          "name": "LItem",
          "parent": "LeftArmDown",
          "pivot": [
            5.22437,
            16.52377,
            2.5553
          ]
        },
        {
          "name": "KLegs",
          "parent": "Kroot",
          "pivot": [
            0,
            12,
            0
          ]
        },
        {
          "name": "RightLegUp",
          "parent": "KLegs",
          "pivot": [
            -1.9,
            12,
            0
          ],
          "cubes": [
            {
              "origin": [
                -1.9,
                6,
                -1
              ],
              "size": [
                2,
                6,
                2
              ],
              "inflate": 0.03,
              "uv": {
                "north": {
                  "uv": [
                    60,
                    0
                  ],
                  "uv_size": [
                    2,
                    6
                  ]
                },
                "east": {
                  "uv": [
                    60,
                    13
                  ],
                  "uv_size": [
                    2,
                    6
                  ]
                },
                "south": {
                  "uv": [
                    60,
                    19
                  ],
                  "uv_size": [
                    2,
                    6
                  ]
                },
                "west": {
                  "uv": [
                    56,
                    60
                  ],
                  "uv_size": [
                    2,
                    6
                  ]
                },
                "up": {
                  "uv": [
                    19,
                    67
                  ],
                  "uv_size": [
                    2,
                    2
                  ]
                },
                "down": {
                  "uv": [
                    67,
                    22
                  ],
                  "uv_size": [
                    2,
                    -2
                  ]
                }
              }
            }
          ]
        },
        {
          "name": "RightLegDown",
          "parent": "RightLegUp",
          "pivot": [
            -2.9,
            6,
            -2
          ],
          "cubes": [
            {
              "origin": [
                -3.9,
                2,
                -1
              ],
              "size": [
                3,
                5,
                3
              ],
              "inflate": 0.03,
              "uv": {
                "north": {
                  "uv": [
                    56,
                    55
                  ],
                  "uv_size": [
                    3,
                    5
                  ]
                },
                "east": {
                  "uv": [
                    57,
                    0
                  ],
                  "uv_size": [
                    3,
                    5
                  ]
                },
                "south": {
                  "uv": [
                    57,
                    5
                  ],
                  "uv_size": [
                    3,
                    5
                  ]
                },
                "west": {
                  "uv": [
                    57,
                    42
                  ],
                  "uv_size": [
                    3,
                    5
                  ]
                },
                "up": {
                  "uv": [
                    45,
                    62
                  ],
                  "uv_size": [
                    3,
                    3
                  ]
                },
                "down": {
                  "uv": [
                    62,
                    64
                  ],
                  "uv_size": [
                    3,
                    -3
                  ]
                }
              }
            },
            {
              "origin": [
                -3.9,
                0,
                -1
              ],
              "size": [
                3,
                3,
                3
              ],
              "inflate": 0.03,
              "uv": {
                "north": {
                  "uv": [
                    63,
                    6
                  ],
                  "uv_size": [
                    3,
                    3
                  ]
                },
                "east": {
                  "uv": [
                    63,
                    41
                  ],
                  "uv_size": [
                    3,
                    3
                  ]
                },
                "south": {
                  "uv": [
                    63,
                    55
                  ],
                  "uv_size": [
                    3,
                    3
                  ]
                },
                "west": {
                  "uv": [
                    63,
                    58
                  ],
                  "uv_size": [
                    3,
                    3
                  ]
                },
                "up": {
                  "uv": [
                    0,
                    64
                  ],
                  "uv_size": [
                    3,
                    3
                  ]
                },
                "down": {
                  "uv": [
                    64,
                    3
                  ],
                  "uv_size": [
                    3,
                    -3
                  ]
                }
              }
            },
            {
              "origin": [
                -3.9,
                0.5,
                -2
              ],
              "size": [
                3,
                2,
                4
              ],
              "inflate": 0.03,
              "pivot": [
                -1,
                0,
                0
              ],
              "rotation": [
                15,
                0,
                0
              ],
              "uv": {
                "north": {
                  "uv": [
                    65,
                    63
                  ],
                  "uv_size": [
                    3,
                    2
                  ]
                },
                "east": {
                  "uv": [
                    64,
                    28
                  ],
                  "uv_size": [
                    4,
                    2
                  ]
                },
                "south": {
                  "uv": [
                    65,
                    65
                  ],
                  "uv_size": [
                    3,
                    2
                  ]
                },
                "west": {
                  "uv": [
                    64,
                    30
                  ],
                  "uv_size": [
                    4,
                    2
                  ]
                },
                "up": {
                  "uv": [
                    60,
                    6
                  ],
                  "uv_size": [
                    3,
                    4
                  ]
                },
                "down": {
                  "uv": [
                    60,
                    46
                  ],
                  "uv_size": [
                    3,
                    -4
                  ]
                }
              }
            }
          ]
        },
        {
          "name": "LeftLegUp",
          "parent": "KLegs",
          "pivot": [
            1.9,
            12,
            0
          ],
          "cubes": [
            {
              "origin": [
                -0.1,
                6,
                -1
              ],
              "size": [
                2,
                6,
                2
              ],
              "inflate": 0.03,
              "uv": {
                "north": {
                  "uv": [
                    61,
                    55
                  ],
                  "uv_size": [
                    2,
                    6
                  ]
                },
                "east": {
                  "uv": [
                    58,
                    61
                  ],
                  "uv_size": [
                    2,
                    6
                  ]
                },
                "south": {
                  "uv": [
                    60,
                    61
                  ],
                  "uv_size": [
                    2,
                    6
                  ]
                },
                "west": {
                  "uv": [
                    62,
                    0
                  ],
                  "uv_size": [
                    2,
                    6
                  ]
                },
                "up": {
                  "uv": [
                    21,
                    67
                  ],
                  "uv_size": [
                    2,
                    2
                  ]
                },
                "down": {
                  "uv": [
                    67,
                    24
                  ],
                  "uv_size": [
                    2,
                    -2
                  ]
                }
              }
            }
          ]
        },
        {
          "name": "LeftLegDown",
          "parent": "LeftLegUp",
          "pivot": [
            2.9,
            6,
            -2
          ],
          "cubes": [
            {
              "origin": [
                0.9,
                0,
                -1
              ],
              "size": [
                3,
                3,
                3
              ],
              "inflate": 0.03,
              "uv": {
                "north": {
                  "uv": [
                    3,
                    64
                  ],
                  "uv_size": [
                    3,
                    3
                  ]
                },
                "east": {
                  "uv": [
                    64,
                    3
                  ],
                  "uv_size": [
                    3,
                    3
                  ]
                },
                "south": {
                  "uv": [
                    6,
                    64
                  ],
                  "uv_size": [
                    3,
                    3
                  ]
                },
                "west": {
                  "uv": [
                    9,
                    64
                  ],
                  "uv_size": [
                    3,
                    3
                  ]
                },
                "up": {
                  "uv": [
                    18,
                    64
                  ],
                  "uv_size": [
                    3,
                    3
                  ]
                },
                "down": {
                  "uv": [
                    64,
                    23
                  ],
                  "uv_size": [
                    3,
                    -3
                  ]
                }
              }
            },
            {
              "origin": [
                0.9,
                0.5,
                -2
              ],
              "size": [
                3,
                2,
                4
              ],
              "inflate": 0.03,
              "pivot": [
                1,
                0,
                0
              ],
              "rotation": [
                15,
                0,
                0
              ],
              "uv": {
                "north": {
                  "uv": [
                    66,
                    6
                  ],
                  "uv_size": [
                    3,
                    2
                  ]
                },
                "east": {
                  "uv": [
                    36,
                    64
                  ],
                  "uv_size": [
                    4,
                    2
                  ]
                },
                "south": {
                  "uv": [
                    12,
                    66
                  ],
                  "uv_size": [
                    3,
                    2
                  ]
                },
                "west": {
                  "uv": [
                    64,
                    46
                  ],
                  "uv_size": [
                    4,
                    2
                  ]
                },
                "up": {
                  "uv": [
                    61,
                    46
                  ],
                  "uv_size": [
                    3,
                    4
                  ]
                },
                "down": {
                  "uv": [
                    62,
                    14
                  ],
                  "uv_size": [
                    3,
                    -4
                  ]
                }
              }
            },
            {
              "origin": [
                0.9,
                2,
                -1
              ],
              "size": [
                3,
                5,
                3
              ],
              "inflate": 0.03,
              "uv": {
                "north": {
                  "uv": [
                    18,
                    59
                  ],
                  "uv_size": [
                    3,
                    5
                  ]
                },
                "east": {
                  "uv": [
                    21,
                    59
                  ],
                  "uv_size": [
                    3,
                    5
                  ]
                },
                "south": {
                  "uv": [
                    48,
                    59
                  ],
                  "uv_size": [
                    3,
                    5
                  ]
                },
                "west": {
                  "uv": [
                    51,
                    59
                  ],
                  "uv_size": [
                    3,
                    5
                  ]
                },
                "up": {
                  "uv": [
                    21,
                    64
                  ],
                  "uv_size": [
                    3,
                    3
                  ]
                },
                "down": {
                  "uv": [
                    64,
                    26
                  ],
                  "uv_size": [
                    3,
                    -3
                  ]
                }
              }
            }
          ]
        }
      ]
    }
  ]
}