{
  "minecraft:block": {
    "description": {
      "properties": {
        "dyloth:block_rotation": [
          2,
          3,
          4,
          5
        ]
      },
      "identifier": "dyloth:rantai"
    },
    "permutations": [
      {
        "condition": "query.block_property(\u0027dyloth:block_rotation\u0027) \u003d\u003d 2",
        "components": {
          "minecraft:rotation": [
            0,
            180,
            0
          ]
        }
      },
      {
        "condition": "query.block_property(\u0027dyloth:block_rotation\u0027) \u003d\u003d 3",
        "components": {
          "minecraft:rotation": [
            0,
            0,
            0
          ]
        }
      },
      {
        "condition": "query.block_property(\u0027dyloth:block_rotation\u0027) \u003d\u003d 4",
        "components": {
          "minecraft:rotation": [
            0,
            270,
            0
          ]
        }
      },
      {
        "condition": "query.block_property(\u0027dyloth:block_rotation\u0027) \u003d\u003d 5",
        "components": {
          "minecraft:rotation": [
            0,
            90,
            0
          ]
        }
      }
    ],
    "components": {
      "minecraft:on_player_placing": {
        "event": "dyloth:update_rotation"
      },
      "minecraft:destroy_time": 4,
      "minecraft:entity_collision": {
        "origin": [
          -24,
          0,
          -8
        ],
        "size": [
          32,
          16,
          16
        ]
      },
      "minecraft:pick_collision": {
        "origin": [
          -24,
          0,
          -8
        ],
        "size": [
          32,
          16,
          16
        ]
      },
      "minecraft:material_instances": {
        "*": {
          "texture": "rantai",
          "render_method": "alpha_test"
        }
      },
      "minecraft:geometry": "geometry.rantai",
      "minecraft:block_light_absorption": 0,
      "minecraft:creative_category": {
        "group": "itemGroup.name.Items",
        "category": "Items"
      }
    },
    "events": {
      "dyloth:update_rotation": {
        "set_block_property": {
          "dyloth:block_rotation": "query.cardinal_facing_2d"
        }
      }
    }
  },
  "format_version": "1.17.0"
}