{
  "format_version": "1.16.0",
  "minecraft:block": {
    "description": {
      "identifier": "dyloth:riswanda5",
      "category": "Nature",
      "properties": {
        "dyloth:block_rotation": [
          0,
          1,
          2,
          3,
          4,
          5,
          6
        ]
      }
    },
    "components": {
      "minecraft:destroy_time": 0.3,
      "minecraft:friction": 0.7,
      "minecraft:map_color": "#FFFFFF",
      "minecraft:explosion_resistance": 1.0,
      "minecraft:flammable": {
        "flame_odds": 1,
        "burn_odds": 1
      },
      "minecraft:block_light_absorption": 0.0,
      "minecraft:block_light_emission": 0.0,
      "minecraft:on_player_placing": {
        "event": "update_rotation"
      },
      "minecraft:on_placed": {
        "event": "size:block",
        "target": "self"
      },
      "minecraft:material_instances": {
        "*": {
          "texture": "riswanda5",
          "render_method": "blend"
        }
      },
      "minecraft:geometry": "geometry.riswanda5",
      "minecraft:pick_collision": {
        "origin": [
          -24,
          0,
          -8
        ],
        "size": [
          32,
          16,
          22
        ]
      },
      "minecraft:entity_collision": {
        "origin": [
          -24,
          0,
          -8
        ],
        "size": [
          32,
          16,
          22
        ]
      }
    },
    "permutations": [
      {
        "condition": "query.block_property(\u0027dyloth:block_rotation\u0027) \u003d\u003d 2",
        "components": {
          "minecraft:rotation": [
            0,
            180,
            0
          ]
        }
      },
      {
        "condition": "query.block_property(\u0027dyloth:block_rotation\u0027) \u003d\u003d 3",
        "components": {
          "minecraft:rotation": [
            0,
            0,
            0
          ]
        }
      },
      {
        "condition": "query.block_property(\u0027dyloth:block_rotation\u0027) \u003d\u003d 4",
        "components": {
          "minecraft:rotation": [
            0,
            270,
            0
          ]
        }
      },
      {
        "condition": "query.block_property(\u0027dyloth:block_rotation\u0027) \u003d\u003d 5",
        "components": {
          "minecraft:rotation": [
            0,
            90,
            0
          ]
        }
      }
    ],
    "events": {
      "update_rotation": {
        "set_block_property": {
          "dyloth:block_rotation": "query.cardinal_facing_2d"
        }
      }
    }
  }
}