{
	"format_version":"1.8.0",
	"animations":{
		"animation.lawnmower.on":{
			"loop":"hold_on_last_frame",
			"animation_length":0.4,
			"bones":{
				"lawn_mower":{
					"rotation":{
						"0.0":[0,0,0],
						"0.2":[-45,0,0],
						"0.4":[0,0,0]
					},
					"scale":{
						"0.0":[1,1,1],
						"0.1":[1,0.8,1],
						"0.3":[1,1.2,1],
						"0.4":[1,1,1]
					}
				}
			}
		},
		"animation.lawnmower.moving":{
			"loop":true,
			"animation_length":0.6,
			"bones":{
				"machine":{
					"rotation":{
						"0.0":[0,0,-2],
						"0.1":[0,0,2],
						"0.2":[0,0,-2],
						"0.3":[0,0,2],
						"0.4":[0,0,-2],
						"0.5":[0,0,2],
						"0.6":[0,0,-2]
					}
				},
				"front_weels":{
					"rotation":{
						"0.0":[0,0,0],
						"0.6":[360,0,0]
					}
				},
				"back_weels":{
					"rotation":{
						"0.0":[0,0,0],
						"0.6":[360,0,0]
					}
				}
			}
		}
	}
}