{
	"format_version": "1.8.0",
	"animations": {
		"animation.empty": {},
		"animation.serp.particle": {
			"loop": false,
			"animation_length": 0.1,
			"particle_effects": {
				"0.0": { "effect": "particle" },
				"0.1": { "effect": "particle" }
			}
		},
		"animation.serpmob.open": {
			"loop": false,
			"animation_length": 3.5,
			"bones": {
		"open_eyes": {"scale":[1,1,1]},
		"open_eyes1": {"scale":[1,1,1]},
		"open_eyes2": {"scale":[1,1,1]},
		"open_eyes3": {"scale":[1,1,1]},
		"open_eyes4": {"scale":[1,1,1]},
		"open_eyes5": {"scale":[1,1,1]},
		"open_eyes6": {"scale":[1,1,1]},
		"open_eyes7": {"scale":[1,1,1]},
		"open_eyes8": {"scale":[1,1,1]},
		"closed_eyes": {"scale":[0,0,0]},
		"closed_eyes0": {"scale":[0,0,0]},
		"closed_eyes2": {"scale":[0,0,0]},
		"closed_eyes3": {"scale":[0,0,0]},
		"closed_eyes4": {"scale":[0,0,0]},
		"closed_eyes5": {"scale":[0,0,0]},
		"closed_eyes6": {"scale":[0,0,0]},
		"closed_eyes7": {"scale":[0,0,0]},
		"closed_eyes8": {"scale":[0,0,0]},
		"angry_eyes": {"scale":[0,0,0]},
		"angry_eyes0": {"scale":[0,0,0]},
		"angry_eyes2": {"scale":[0,0,0]},
		"angry_eyes3": {"scale":[0,0,0]},
		"angry_eyes4": {"scale":[0,0,0]},
		"angry_eyes5": {"scale":[0,0,0]},
		"angry_eyes6": {"scale":[0,0,0]},
		"angry_eyes7": {"scale":[0,0,0]},
		"angry_eyes8": {"scale":[0,0,0]}
			}
		},
		"animation.serpmob.close": {
			"loop": false,
			"animation_length": 0.2,
			"bones": {
		"open_eyes": {"scale":[0,0,0]},
		"open_eyes0": {"scale":[0,0,0]},
		"open_eyes2": {"scale":[0,0,0]},
		"open_eyes3": {"scale":[0,0,0]},
		"open_eyes4": {"scale":[0,0,0]},
		"open_eyes5": {"scale":[0,0,0]},
		"open_eyes6": {"scale":[0,0,0]},
		"open_eyes7": {"scale":[0,0,0]},
		"open_eyes8": {"scale":[0,0,0]},
		"closed_eyes": {"scale":[1,1,1]},
		"closed_eyes1": {"scale":[1,1,1]},
		"closed_eyes2": {"scale":[1,1,1]},
		"closed_eyes3": {"scale":[1,1,1]},
		"closed_eyes4": {"scale":[1,1,1]},
		"closed_eyes5": {"scale":[1,1,1]},
		"closed_eyes6": {"scale":[1,1,1]},
		"closed_eyes7": {"scale":[1,1,1]},
		"closed_eyes8": {"scale":[1,1,1]},
		"angry_eyes": {"scale":[0,0,0]},
		"angry_eyes0": {"scale":[0,0,0]},
		"angry_eyes2": {"scale":[0,0,0]},
		"angry_eyes3": {"scale":[0,0,0]},
		"angry_eyes4": {"scale":[0,0,0]},
		"angry_eyes5": {"scale":[0,0,0]},
		"angry_eyes6": {"scale":[0,0,0]},
		"angry_eyes7": {"scale":[0,0,0]},
		"angry_eyes8": {"scale":[0,0,0]}
			}
		},
		"animation.serpmob.angry": {
			"loop": true,
			"bones": {
		"open_eyes": {"scale":[0,0,0]},
		"open_eyes0": {"scale":[0,0,0]},
		"open_eyes2": {"scale":[0,0,0]},
		"open_eyes3": {"scale":[0,0,0]},
		"open_eyes4": {"scale":[0,0,0]},
		"open_eyes5": {"scale":[0,0,0]},
		"open_eyes6": {"scale":[0,0,0]},
		"open_eyes7": {"scale":[0,0,0]},
		"open_eyes8": {"scale":[0,0,0]},
		"closed_eyes": {"scale":[0,0,0]},
		"closed_eyes0": {"scale":[0,0,0]},
		"closed_eyes2": {"scale":[0,0,0]},
		"closed_eyes3": {"scale":[0,0,0]},
		"closed_eyes4": {"scale":[0,0,0]},
		"closed_eyes5": {"scale":[0,0,0]},
		"closed_eyes6": {"scale":[0,0,0]},
		"closed_eyes7": {"scale":[0,0,0]},
		"closed_eyes8": {"scale":[0,0,0]},
		"angry_eyes": {"scale":[1,1,1]},
		"angry_eyes1": {"scale":[1,1,1]},
		"angry_eyes2": {"scale":[1,1,1]},
		"angry_eyes3": {"scale":[1,1,1]},
		"angry_eyes4": {"scale":[1,1,1]},
		"angry_eyes5": {"scale":[1,1,1]},
		"angry_eyes6": {"scale":[1,1,1]},
		"angry_eyes7": {"scale":[1,1,1]},
		"angry_eyes8": {"scale":[1,1,1]}
			}
		}
	}
}