{
  "tiers": [
    {
      "total_exp_required": 0,
      "groups": [
        {
          "trades": [
            {
              "wants": [
                {
                  "item": "minecraft:dirt",
                  "quantity": 64,
                  "functions": [
                    {
                      "function": "set_data",
                      "data": {
                        "min": 0,
                        "max": 0
                      }
                    }
                  ]
                }
              ],
              "gives": [
                {
                  "item": "simple:sun",
                  "quantity": 1,
                  "functions": []
                }
              ],
              "trader_exp": 1,
              "max_uses": -1,
              "reward_exp": true
            },
            {
              "wants": [
                {
                  "item": "simple:sun",
                  "quantity": 4
                }
              ],
              "gives": [
                {
                  "item": "simple:pea",
                  "quantity": 1
                }
              ],
              "trader_exp": 1,
              "max_uses": -1,
              "reward_exp": true
            },
            {
              "wants": [
                {
                  "item": "simple:sun",
                  "quantity": 6
                }
              ],
              "gives": [
                {
                  "item": "simple:snowpea",
                  "quantity": 1
                }
              ],
              "trader_exp": 1,
              "max_uses": -1,
              "reward_exp": true
            },
            {
              "wants": [
                {
                  "item": "simple:sun",
                  "quantity": 10
                }
              ],
              "gives": [
                {
                  "item": "minecraft:potato",
                  "quantity": 1,
                  "functions": [
                    {
                      "function": "set_data",
                      "data": {
                        "min": 0,
                        "max": 0
                      }
                    }
                  ]
                }
              ],
              "trader_exp": 1,
              "max_uses": -1,
              "reward_exp": true
            },
            {
              "wants": [
                {
                  "item": "simple:sun",
                  "quantity": 4
                }
              ],
              "gives": [
                {
                  "item": "minecraft:tnt",
                  "quantity": 1,
                  "functions": [
                    {
                      "function": "set_data",
                      "data": {
                        "min": 0,
                        "max": 0
                      }
                    }
                  ]
                }
              ],
              "trader_exp": 1,
              "max_uses": -1,
              "reward_exp": true
            },
            {
              "wants": [
                {
                  "item": "simple:sun",
                  "quantity": 10
                }
              ],
              "gives": [
                {
                  "item": "minecraft:double_plant",
                  "quantity": 1,
                  "functions": [
                    {
                      "function": "set_data",
                      "data": {
                        "min": 0,
                        "max": 0
                      }
                    }
                  ]
                }
              ],
              "trader_exp": 1,
              "max_uses": -1,
              "reward_exp": true
            },
            {
              "wants": [
                {
                  "item": "simple:sun",
                  "quantity": 3,
                  "functions": []
                }
              ],
              "gives": [
                {
                  "item": "minecraft:concrete",
                  "quantity": 1,
                  "functions": [
                    {
                      "function": "set_data",
                      "data": {
                        "min": 2,
                        "max": 2
                      }
                    }
                  ]
                }
              ],
              "trader_exp": 1,
              "max_uses": -1,
              "reward_exp": true
            },
            {
              "wants": [
                {
                  "item": "simple:sun",
                  "quantity": 1
                }
              ],
              "gives": [
                {
                  "item": "minecraft:redstone",
                  "quantity": 1,
                  "functions": [
                    {
                      "function": "set_data",
                      "data": {
                        "min": 0,
                        "max": 0
                      }
                    }
                  ]
                }
              ],
              "trader_exp": 1,
              "max_uses": -1,
              "reward_exp": true
            },
            {
              "wants": [
                {
                  "item": "simple:sun",
                  "quantity": 1
                }
              ],
              "gives": [
                {
                  "item": "minecraft:glow_berries",
                  "quantity": 1,
                  "functions": [
                    {
                      "function": "set_data",
                      "data": {
                        "min": 0,
                        "max": 0
                      }
                    }
                  ]
                }
              ],
              "trader_exp": 1,
              "max_uses": -1,
              "reward_exp": true
            },
            {
              "wants": [
                {
                  "item": "simple:sun",
                  "quantity": 4
                }
              ],
              "gives": [
                {
                  "item": "simple:cabbage",
                  "quantity": 1
                }
              ],
              "trader_exp": 1,
              "max_uses": -1,
              "reward_exp": true
            }
          ],
          "num_to_select": 10
        },
        {
          "trades": [
            {
              "wants": [
                {
                  "item": "simple:sun",
                  "quantity": 1
                }
              ],
              "gives": [
                {
                  "item": "simple:lawnbright",
                  "quantity": 10
                }
              ],
              "trader_exp": 1,
              "max_uses": -1,
              "reward_exp": true
            },
            {
              "wants": [
                {
                  "item": "simple:sun",
                  "quantity": 1
                }
              ],
              "gives": [
                {
                  "item": "simple:lawndark",
                  "quantity": 10
                }
              ],
              "trader_exp": 1,
              "max_uses": -1,
              "reward_exp": true
            }
          ],
          "num_to_select": 2
        }
      ]
    }
  ]
}