{
	"format_version": "1.10.0",
	"geometry.rantai": {
		"texturewidth": 64,
		"textureheight": 64,
		"visible_bounds_width": 2,
		"visible_bounds_height": 2.5,
		"visible_bounds_offset": [0, 0.75, 0],
		"bones": [
			{
				"name": "bone",
				"pivot": [-7, -1, -7],
				"rotation": [0, -17.5, -45],
				"cubes": [
					{"origin": [-7, -1, -7], "size": [25, 1, 0], "uv": [0, 0]}
				]
			},
			{
				"name": "bone2",
				"pivot": [-7, -1, 7],
				"rotation": [0, 17.5, -45],
				"cubes": [
					{"origin": [-7, -1, 7], "size": [25, 1, 0], "uv": [0, 0]}
				]
			},
			{
				"name": "bone3",
				"pivot": [23, -1, 7],
				"rotation": [0, -17.5, 45],
				"cubes": [
					{"origin": [-2, -1, 7], "size": [25, 1, 0], "uv": [0, 0]}
				]
			},
			{
				"name": "bone4",
				"pivot": [23, -1, -7],
				"rotation": [0, 17.5, 45],
				"cubes": [
					{"origin": [-2, -1, -7], "size": [25, 1, 0], "uv": [0, 0]}
				]
			}
		]
	}
}