{
	"format_version": "1.12.0",
	"minecraft:geometry": [
		{
			"description": {
				"identifier": "geometry.riswanda7",
				"texture_width": 32,
				"texture_height": 32,
				"visible_bounds_width": 2,
				"visible_bounds_height": 2.5,
				"visible_bounds_offset": [0, 0.75, 0]
			},
			"bones": [
				{
					"name": "bone",
					"pivot": [0, 0, 0]
				},
				{
					"name": "bone1",
					"parent": "bone",
					"pivot": [0, 0, 0],
					"cubes": [
						{
							"origin": [-7, 0, -8],
							"size": [30, 16, 1],
							"uv": {
								"north": {"uv": [0, 0], "uv_size": [1, 1]},
								"east": {"uv": [0, 0], "uv_size": [0, 0]},
								"south": {"uv": [0, 0], "uv_size": [0, 0]},
								"west": {"uv": [0, 0], "uv_size": [1, 0]},
								"up": {"uv": [1, 0], "uv_size": [-1, 0]},
								"down": {"uv": [2, 0], "uv_size": [-2, 0]}
							}
						},
						{
							"origin": [-6, 1, -8.1],
							"size": [28, 14, 0],
							"uv": {
								"north": {"uv": [2, 5], "uv_size": [0, 2]},
								"east": {"uv": [0, 32], "uv_size": [0, 0]},
								"south": {"uv": [0, 5], "uv_size": [2, 2]},
								"west": {"uv": [0, 32], "uv_size": [1, 0]},
								"up": {"uv": [1, 32], "uv_size": [-1, 0]},
								"down": {"uv": [1, 32], "uv_size": [-1, 0]}
							}
						},
						{
							"origin": [-8, 0, -7.5],
							"size": [1, 16, 2],
							"uv": {
								"north": {"uv": [7, 6], "uv_size": [0, 1]},
								"east": {"uv": [6, 6], "uv_size": [1, 0]},
								"south": {"uv": [6, 7], "uv_size": [0, 0]},
								"west": {"uv": [6, 7], "uv_size": [1, 0]},
								"up": {"uv": [6, 6], "uv_size": [0, 0]},
								"down": {"uv": [6, 5], "uv_size": [0, 0]}
							}
						},
						{
							"origin": [-7.1, 0, 4],
							"size": [0, 16, 2],
							"uv": {
								"north": {"uv": [0, 17], "uv_size": [0, 3]},
								"east": {"uv": [0, 15], "uv_size": [0, 0]},
								"south": {"uv": [0, 16], "uv_size": [0, 2]},
								"west": {"uv": [6, 5], "uv_size": [0, 2]},
								"up": {"uv": [0, 15], "uv_size": [0, 0]},
								"down": {"uv": [0, 15], "uv_size": [0, 0]}
							}
						},
						{
							"origin": [23.1, 0, 4],
							"size": [0, 16, 2],
							"uv": {
								"north": {"uv": [0, 16], "uv_size": [0, 2]},
								"east": {"uv": [1, 17], "uv_size": [0, 0]},
								"south": {"uv": [0, 12], "uv_size": [0, 1]},
								"west": {"uv": [5, 5], "uv_size": [2, 1]},
								"up": {"uv": [0, 16], "uv_size": [0, 0]},
								"down": {"uv": [0, 15], "uv_size": [0, 0]}
							}
						},
						{
							"origin": [23, 0, -7.5],
							"size": [1, 16, 2],
							"uv": {
								"north": {"uv": [5, 6], "uv_size": [2, -1]},
								"east": {"uv": [7, 6], "uv_size": [0, 0]},
								"south": {"uv": [6, 5], "uv_size": [0, 1]},
								"west": {"uv": [5, 6], "uv_size": [2, 1]},
								"up": {"uv": [7, 6], "uv_size": [0, 0]},
								"down": {"uv": [6, 6], "uv_size": [0, 0]}
							}
						},
						{
							"origin": [23, 6.5, -5.5],
							"size": [1, 3, 6],
							"uv": {
								"north": {"uv": [6, 5], "uv_size": [0, 0]},
								"east": {"uv": [7, 5], "uv_size": [0, 0]},
								"south": {"uv": [6, 6], "uv_size": [-1, 1]},
								"west": {"uv": [7, 7], "uv_size": [-1, -1]},
								"up": {"uv": [6, 7], "uv_size": [0, 0]},
								"down": {"uv": [6, 6], "uv_size": [0, 0]}
							}
						},
						{
							"origin": [-8, 6.5, -5.5],
							"size": [1, 3, 6],
							"uv": {
								"north": {"uv": [7, 6], "uv_size": [0, 0]},
								"east": {"uv": [6, 7], "uv_size": [-1, -1]},
								"south": {"uv": [6, 6], "uv_size": [0, 0]},
								"west": {"uv": [6, 6], "uv_size": [1, 0]},
								"up": {"uv": [6, 6], "uv_size": [0, 0]},
								"down": {"uv": [6, 7], "uv_size": [0, 0]}
							}
						},
						{
							"origin": [23, 5, 0.5],
							"size": [1, 6, 6],
							"uv": {
								"north": {"uv": [6, 7], "uv_size": [0, 0]},
								"east": {"uv": [6, 6], "uv_size": [0, 0]},
								"south": {"uv": [6, 6], "uv_size": [0, 0]},
								"west": {"uv": [6, 5], "uv_size": [0, 1]},
								"up": {"uv": [7, 6], "uv_size": [0, 0]},
								"down": {"uv": [6, 5], "uv_size": [0, 0]}
							}
						},
						{
							"origin": [-8, 5, 0.5],
							"size": [1, 6, 6],
							"uv": {
								"north": {"uv": [6, 7], "uv_size": [0, 0]},
								"east": {"uv": [6, 7], "uv_size": [0, 0]},
								"south": {"uv": [6, 6], "uv_size": [0, 0]},
								"west": {"uv": [5, 6], "uv_size": [1, 0]},
								"up": {"uv": [6, 6], "uv_size": [1, 1]},
								"down": {"uv": [6, 6], "uv_size": [0, 0]}
							}
						},
						{
							"origin": [-6, 2, 5],
							"size": [28, 12, 1],
							"uv": {
								"north": {"uv": [0, 0], "uv_size": [0, 0]},
								"east": {"uv": [0, 0], "uv_size": [0, 0]},
								"south": {"uv": [3, 6], "uv_size": [-2, 0]},
								"west": {"uv": [0, 0], "uv_size": [1, 0]},
								"up": {"uv": [0, 0], "uv_size": [0, 0]},
								"down": {"uv": [0, 0], "uv_size": [0, 0]}
							}
						},
						{
							"origin": [-7, 3, -7.3],
							"size": [1, 10, 15],
							"uv": {
								"north": {"uv": [0, 0], "uv_size": [0, 0]},
								"east": {"uv": [0, 0], "uv_size": [1, 0]},
								"south": {"uv": [0, 0], "uv_size": [0, 0]},
								"west": {"uv": [0, 0], "uv_size": [2, 0]},
								"up": {"uv": [0, 0], "uv_size": [0, 0]},
								"down": {"uv": [0, 0], "uv_size": [0, 0]}
							}
						},
						{
							"origin": [22, 3, -7.3],
							"size": [1, 10, 15],
							"uv": {
								"north": {"uv": [0, 0], "uv_size": [0, 0]},
								"east": {"uv": [0, 0], "uv_size": [1, 0]},
								"south": {"uv": [0, 0], "uv_size": [0, 0]},
								"west": {"uv": [0, 0], "uv_size": [2, 0]},
								"up": {"uv": [0, 0], "uv_size": [0, 0]},
								"down": {"uv": [0, 0], "uv_size": [0, 0]}
							}
						}
					]
				},
				{
					"name": "bone2",
					"parent": "bone",
					"pivot": [8, 16, -7],
					"rotation": [-7.5, 0, 0],
					"cubes": [
						{
							"origin": [-7, 15, -7],
							"size": [30, 1, 15],
							"uv": {
								"north": {"uv": [0, 0], "uv_size": [1, 0]},
								"east": {"uv": [0, 0], "uv_size": [1, 0]},
								"south": {"uv": [0, 0], "uv_size": [0, 0]},
								"west": {"uv": [0, 0], "uv_size": [2, 0]},
								"up": {"uv": [1, 0], "uv_size": [-1, 0]},
								"down": {"uv": [2, 0], "uv_size": [-2, 0]}
							}
						},
						{
							"origin": [-7, 13, -7],
							"size": [1, 2, 15],
							"uv": {
								"north": {"uv": [0, 0], "uv_size": [0, 0]},
								"east": {"uv": [0, 0], "uv_size": [1, 0]},
								"south": {"uv": [0, 0], "uv_size": [0, 0]},
								"west": {"uv": [0, 0], "uv_size": [2, 0]},
								"up": {"uv": [0, 0], "uv_size": [0, 0]},
								"down": {"uv": [0, 0], "uv_size": [0, 0]}
							}
						},
						{
							"origin": [22, 13, -7],
							"size": [1, 2, 15],
							"uv": {
								"north": {"uv": [0, 0], "uv_size": [0, 0]},
								"east": {"uv": [0, 0], "uv_size": [1, 0]},
								"south": {"uv": [0, 0], "uv_size": [0, 0]},
								"west": {"uv": [0, 0], "uv_size": [2, 0]},
								"up": {"uv": [0, 0], "uv_size": [0, 0]},
								"down": {"uv": [0, 0], "uv_size": [0, 0]}
							}
						}
					]
				},
				{
					"name": "bone3",
					"parent": "bone",
					"pivot": [8, 0, -7],
					"rotation": [7.5, 0, 0],
					"cubes": [
						{
							"origin": [-7, 0, -7],
							"size": [30, 1, 15],
							"uv": {
								"north": {"uv": [0, 1], "uv_size": [1, -1]},
								"east": {"uv": [0, 0], "uv_size": [1, 0]},
								"south": {"uv": [0, 1], "uv_size": [0, -1]},
								"west": {"uv": [0, 0], "uv_size": [2, 0]},
								"up": {"uv": [1, 2], "uv_size": [-1, -2]},
								"down": {"uv": [2, 0], "uv_size": [-2, 0]}
							}
						},
						{
							"origin": [-7, 1, -7],
							"size": [1, 2, 15],
							"uv": {
								"north": {"uv": [0, 2], "uv_size": [0, -2]},
								"east": {"uv": [0, 0], "uv_size": [1, 0]},
								"south": {"uv": [0, 2], "uv_size": [0, -2]},
								"west": {"uv": [0, 0], "uv_size": [2, 0]},
								"up": {"uv": [0, 2], "uv_size": [0, -2]},
								"down": {"uv": [0, 0], "uv_size": [0, 0]}
							}
						},
						{
							"origin": [22, 1, -7],
							"size": [1, 2, 15],
							"uv": {
								"north": {"uv": [0, 2], "uv_size": [0, -2]},
								"east": {"uv": [0, 0], "uv_size": [1, 0]},
								"south": {"uv": [0, 2], "uv_size": [0, -2]},
								"west": {"uv": [0, 0], "uv_size": [2, 0]},
								"up": {"uv": [0, 2], "uv_size": [0, -2]},
								"down": {"uv": [0, 0], "uv_size": [0, 0]}
							}
						}
					]
				}
			]
		}
	]
}