{
	"format_version": "1.12.0",
	"minecraft:geometry": [
		{
			"description": {
				"identifier": "geometry.riswanda1",
				"texture_width": 32,
				"texture_height": 32,
				"visible_bounds_width": 3,
				"visible_bounds_height": 2.5,
				"visible_bounds_offset": [0, 0.75, 0]
			},
			"bones": [
				{
					"name": "bone",
					"pivot": [0, 0, 0]
				},
				{
					"name": "bone1",
					"parent": "bone",
					"pivot": [0, 0, 0],
					"cubes": [
						{
							"origin": [-8, 0, -8],
							"size": [32, 1, 24],
							"uv": {
								"north": {"uv": [0, 0], "uv_size": [3, 3]},
								"east": {"uv": [0, 0], "uv_size": [3, 3]},
								"south": {"uv": [0, 0], "uv_size": [3, 3]},
								"west": {"uv": [0, 0], "uv_size": [3, 3]},
								"up": {"uv": [3, 3], "uv_size": [-3, -3]},
								"down": {"uv": [3, 3], "uv_size": [-3, -3]}
							}
						},
						{
							"origin": [-7, 1, 15],
							"size": [30, 14, 1],
							"uv": {
								"north": {"uv": [0, 0], "uv_size": [3, 3]},
								"east": {"uv": [0, 0], "uv_size": [3, 3]},
								"south": {"uv": [0, 0], "uv_size": [3, 3]},
								"west": {"uv": [0, 0], "uv_size": [3, 3]},
								"up": {"uv": [3, 3], "uv_size": [-3, -3]},
								"down": {"uv": [3, 3], "uv_size": [-3, -3]}
							}
						},
						{
							"origin": [-7, 5, -8],
							"size": [30, 1, 23],
							"uv": {
								"north": {"uv": [0, 0], "uv_size": [3, 3]},
								"east": {"uv": [0, 0], "uv_size": [3, 3]},
								"south": {"uv": [0, 0], "uv_size": [3, 3]},
								"west": {"uv": [0, 0], "uv_size": [3, 3]},
								"up": {"uv": [3, 3], "uv_size": [-3, -3]},
								"down": {"uv": [3, 3], "uv_size": [-3, -3]}
							}
						},
						{
							"origin": [-7, 10, -8],
							"size": [30, 1, 23],
							"uv": {
								"north": {"uv": [0, 0], "uv_size": [3, 3]},
								"east": {"uv": [0, 0], "uv_size": [3, 3]},
								"south": {"uv": [0, 0], "uv_size": [3, 3]},
								"west": {"uv": [0, 0], "uv_size": [3, 3]},
								"up": {"uv": [3, 3], "uv_size": [-3, -3]},
								"down": {"uv": [3, 3], "uv_size": [-3, -3]}
							}
						},
						{
							"origin": [-8, 15, -8],
							"size": [32, 1, 24],
							"uv": {
								"north": {"uv": [0, 0], "uv_size": [3, 3]},
								"east": {"uv": [0, 0], "uv_size": [3, 3]},
								"south": {"uv": [0, 0], "uv_size": [3, 3]},
								"west": {"uv": [0, 0], "uv_size": [3, 3]},
								"up": {"uv": [3, 3], "uv_size": [-3, -3]},
								"down": {"uv": [3, 3], "uv_size": [-3, -3]}
							}
						},
						{
							"origin": [6, 1, -8],
							"size": [4, 14, 23],
							"uv": {
								"north": {"uv": [0, 0], "uv_size": [3, 3]},
								"east": {"uv": [0, 0], "uv_size": [3, 3]},
								"south": {"uv": [0, 0], "uv_size": [3, 3]},
								"west": {"uv": [0, 0], "uv_size": [3, 3]},
								"up": {"uv": [3, 3], "uv_size": [-3, -3]},
								"down": {"uv": [3, 3], "uv_size": [-3, -3]}
							}
						},
						{
							"origin": [6, 1, -8.1],
							"size": [4, 14, 0],
							"uv": {
								"north": {"uv": [24, 4.125], "uv_size": [8, 27.875]},
								"east": {"uv": [0, 29], "uv_size": [3, 3]},
								"south": {"uv": [0, 29], "uv_size": [3, 3]},
								"west": {"uv": [0, 29], "uv_size": [3, 3]},
								"up": {"uv": [3, 32], "uv_size": [-3, -3]},
								"down": {"uv": [3, 32], "uv_size": [-3, -3]}
							}
						},
						{
							"origin": [-4, 1, -4.5],
							"size": [24, 14, 0],
							"uv": {
								"north": {"uv": [5, 0], "uv_size": [2, 3]},
								"east": {"uv": [0, 29], "uv_size": [3, 3]},
								"south": {"uv": [0, 29], "uv_size": [3, 3]},
								"west": {"uv": [0, 29], "uv_size": [3, 3]},
								"up": {"uv": [3, 32], "uv_size": [-3, -3]},
								"down": {"uv": [3, 32], "uv_size": [-3, -3]}
							}
						},
						{
							"origin": [20, 1, -4.5],
							"size": [3, 14, 0],
							"uv": {
								"north": {"uv": [5.125, 4.8125], "uv_size": [2, 2.5]},
								"east": {"uv": [0, 29], "uv_size": [3, 3]},
								"south": {"uv": [0, 29], "uv_size": [3, 3]},
								"west": {"uv": [0, 29], "uv_size": [3, 3]},
								"up": {"uv": [3, 32], "uv_size": [-3, -3]},
								"down": {"uv": [3, 32], "uv_size": [-3, -3]}
							}
						},
						{
							"origin": [-7, 1, -4.5],
							"size": [3, 14, 0],
							"uv": {
								"north": {"uv": [5.125, 4.8125], "uv_size": [2, 2.5]},
								"east": {"uv": [0, 29], "uv_size": [3, 3]},
								"south": {"uv": [0, 29], "uv_size": [3, 3]},
								"west": {"uv": [0, 29], "uv_size": [3, 3]},
								"up": {"uv": [3, 32], "uv_size": [-3, -3]},
								"down": {"uv": [3, 32], "uv_size": [-3, -3]}
							}
						},
						{
							"origin": [-4, 1, -8],
							"size": [1, 14, 23],
							"uv": {
								"north": {"uv": [0, 0], "uv_size": [3, 3]},
								"east": {"uv": [0, 0], "uv_size": [3, 3]},
								"south": {"uv": [0, 0], "uv_size": [3, 3]},
								"west": {"uv": [0, 0], "uv_size": [3, 3]},
								"up": {"uv": [3, 3], "uv_size": [-3, -3]},
								"down": {"uv": [3, 3], "uv_size": [-3, -3]}
							}
						},
						{
							"origin": [19, 1, -8],
							"size": [1, 14, 23],
							"uv": {
								"north": {"uv": [0, 0], "uv_size": [3, 3]},
								"east": {"uv": [0, 0], "uv_size": [3, 3]},
								"south": {"uv": [0, 0], "uv_size": [3, 3]},
								"west": {"uv": [0, 0], "uv_size": [3, 3]},
								"up": {"uv": [3, 3], "uv_size": [-3, -3]},
								"down": {"uv": [3, 3], "uv_size": [-3, -3]}
							}
						}
					]
				},
				{
					"name": "bone2",
					"parent": "bone",
					"pivot": [6, 8, -8],
					"rotation": [0, 35, 0],
					"cubes": [
						{
							"origin": [-2, 1, -8],
							"size": [8, 14, 1],
							"uv": {
								"north": {"uv": [0, 5], "uv_size": [3, 2]},
								"east": {"uv": [0, 5], "uv_size": [3, 2]},
								"south": {"uv": [0, 5], "uv_size": [3, 2]},
								"west": {"uv": [0, 5], "uv_size": [3, 2]},
								"up": {"uv": [3, 7], "uv_size": [-3, -2]},
								"down": {"uv": [3, 7], "uv_size": [-3, -2]}
							}
						}
					]
				},
				{
					"name": "bone3",
					"parent": "bone",
					"pivot": [10, 8, -8],
					"rotation": [0, -35, 0],
					"cubes": [
						{
							"origin": [10, 1, -8],
							"size": [8, 14, 1],
							"uv": {
								"north": {"uv": [0, 5], "uv_size": [3, 2]},
								"east": {"uv": [0, 5], "uv_size": [3, 2]},
								"south": {"uv": [0, 5], "uv_size": [3, 2]},
								"west": {"uv": [0, 5], "uv_size": [3, 2]},
								"up": {"uv": [3, 7], "uv_size": [-3, -2]},
								"down": {"uv": [3, 7], "uv_size": [-3, -2]}
							}
						}
					]
				},
				{
					"name": "bone4",
					"parent": "bone",
					"pivot": [0, 0, 0],
					"cubes": [
						{
							"origin": [-8, 1, -8],
							"size": [1, 5, 24],
							"uv": {
								"north": {"uv": [0, 0], "uv_size": [2, 2]},
								"east": {"uv": [0, 0], "uv_size": [2, 2]},
								"south": {"uv": [0, 0], "uv_size": [2, 2]},
								"west": {"uv": [0, 0], "uv_size": [2, 2]},
								"up": {"uv": [2, 2], "uv_size": [-2, -2]},
								"down": {"uv": [2, 2], "uv_size": [-2, -2]}
							}
						},
						{
							"origin": [-8, 6, 11],
							"size": [1, 4, 5],
							"uv": {
								"north": {"uv": [0, 0], "uv_size": [2, 2]},
								"east": {"uv": [0, 0], "uv_size": [2, 2]},
								"south": {"uv": [0, 0], "uv_size": [2, 2]},
								"west": {"uv": [0, 0], "uv_size": [2, 2]},
								"up": {"uv": [2, 2], "uv_size": [-2, -2]},
								"down": {"uv": [2, 2], "uv_size": [-2, -2]}
							}
						},
						{
							"origin": [-8, 6, -8],
							"size": [1, 4, 5],
							"uv": {
								"north": {"uv": [0, 0], "uv_size": [2, 2]},
								"east": {"uv": [0, 0], "uv_size": [2, 2]},
								"south": {"uv": [0, 0], "uv_size": [2, 2]},
								"west": {"uv": [0, 0], "uv_size": [2, 2]},
								"up": {"uv": [2, 2], "uv_size": [-2, -2]},
								"down": {"uv": [2, 2], "uv_size": [-2, -2]}
							}
						},
						{
							"origin": [-8, 6, 1.5],
							"size": [1, 4, 5],
							"uv": {
								"north": {"uv": [0, 0], "uv_size": [2, 2]},
								"east": {"uv": [0, 0], "uv_size": [2, 2]},
								"south": {"uv": [0, 0], "uv_size": [2, 2]},
								"west": {"uv": [0, 0], "uv_size": [2, 2]},
								"up": {"uv": [2, 2], "uv_size": [-2, -2]},
								"down": {"uv": [2, 2], "uv_size": [-2, -2]}
							}
						},
						{
							"origin": [-8, 7.5, -3],
							"size": [1, 1, 14],
							"uv": {
								"north": {"uv": [0, 0], "uv_size": [2, 2]},
								"east": {"uv": [0, 0], "uv_size": [2, 2]},
								"south": {"uv": [0, 0], "uv_size": [2, 2]},
								"west": {"uv": [0, 0], "uv_size": [2, 2]},
								"up": {"uv": [2, 2], "uv_size": [-2, -2]},
								"down": {"uv": [2, 2], "uv_size": [-2, -2]}
							}
						},
						{
							"origin": [-8, 10, -8],
							"size": [1, 5, 24],
							"uv": {
								"north": {"uv": [0, 0], "uv_size": [2, 2]},
								"east": {"uv": [0, 0], "uv_size": [2, 2]},
								"south": {"uv": [0, 0], "uv_size": [2, 2]},
								"west": {"uv": [0, 0], "uv_size": [2, 2]},
								"up": {"uv": [2, 2], "uv_size": [-2, -2]},
								"down": {"uv": [2, 2], "uv_size": [-2, -2]}
							}
						},
						{
							"origin": [-7, 6, -3],
							"size": [1, 4, 14],
							"uv": {
								"north": {"uv": [0, 5], "uv_size": [2, 2]},
								"east": {"uv": [0, 5], "uv_size": [2, 2]},
								"south": {"uv": [0, 5], "uv_size": [2, 2]},
								"west": {"uv": [0, 5], "uv_size": [2, 2]},
								"up": {"uv": [2, 7], "uv_size": [-2, -2]},
								"down": {"uv": [2, 7], "uv_size": [-2, -2]}
							}
						}
					]
				},
				{
					"name": "bone5",
					"parent": "bone",
					"pivot": [24, 8, 4],
					"rotation": [0, 0, -180],
					"cubes": [
						{
							"origin": [24, 1, -8],
							"size": [1, 5, 24],
							"uv": {
								"north": {"uv": [0, 0], "uv_size": [2, 2]},
								"east": {"uv": [0, 0], "uv_size": [2, 2]},
								"south": {"uv": [0, 0], "uv_size": [2, 2]},
								"west": {"uv": [0, 0], "uv_size": [2, 2]},
								"up": {"uv": [2, 2], "uv_size": [-2, -2]},
								"down": {"uv": [2, 2], "uv_size": [-2, -2]}
							}
						},
						{
							"origin": [24, 6, 11],
							"size": [1, 4, 5],
							"uv": {
								"north": {"uv": [0, 0], "uv_size": [2, 2]},
								"east": {"uv": [0, 0], "uv_size": [2, 2]},
								"south": {"uv": [0, 0], "uv_size": [2, 2]},
								"west": {"uv": [0, 0], "uv_size": [2, 2]},
								"up": {"uv": [2, 2], "uv_size": [-2, -2]},
								"down": {"uv": [2, 2], "uv_size": [-2, -2]}
							}
						},
						{
							"origin": [24, 6, -8],
							"size": [1, 4, 5],
							"uv": {
								"north": {"uv": [0, 0], "uv_size": [2, 2]},
								"east": {"uv": [0, 0], "uv_size": [2, 2]},
								"south": {"uv": [0, 0], "uv_size": [2, 2]},
								"west": {"uv": [0, 0], "uv_size": [2, 2]},
								"up": {"uv": [2, 2], "uv_size": [-2, -2]},
								"down": {"uv": [2, 2], "uv_size": [-2, -2]}
							}
						},
						{
							"origin": [24, 6, 1.5],
							"size": [1, 4, 5],
							"uv": {
								"north": {"uv": [0, 0], "uv_size": [2, 2]},
								"east": {"uv": [0, 0], "uv_size": [2, 2]},
								"south": {"uv": [0, 0], "uv_size": [2, 2]},
								"west": {"uv": [0, 0], "uv_size": [2, 2]},
								"up": {"uv": [2, 2], "uv_size": [-2, -2]},
								"down": {"uv": [2, 2], "uv_size": [-2, -2]}
							}
						},
						{
							"origin": [24, 7.5, -3],
							"size": [1, 1, 14],
							"uv": {
								"north": {"uv": [0, 0], "uv_size": [2, 2]},
								"east": {"uv": [0, 0], "uv_size": [2, 2]},
								"south": {"uv": [0, 0], "uv_size": [2, 2]},
								"west": {"uv": [0, 0], "uv_size": [2, 2]},
								"up": {"uv": [2, 2], "uv_size": [-2, -2]},
								"down": {"uv": [2, 2], "uv_size": [-2, -2]}
							}
						},
						{
							"origin": [24, 10, -8],
							"size": [1, 5, 24],
							"uv": {
								"north": {"uv": [0, 0], "uv_size": [2, 2]},
								"east": {"uv": [0, 0], "uv_size": [2, 2]},
								"south": {"uv": [0, 0], "uv_size": [2, 2]},
								"west": {"uv": [0, 0], "uv_size": [2, 2]},
								"up": {"uv": [2, 2], "uv_size": [-2, -2]},
								"down": {"uv": [2, 2], "uv_size": [-2, -2]}
							}
						},
						{
							"origin": [25, 6, -3],
							"size": [1, 4, 14],
							"uv": {
								"north": {"uv": [0, 5], "uv_size": [2, 2]},
								"east": {"uv": [0, 5], "uv_size": [2, 2]},
								"south": {"uv": [0, 5], "uv_size": [2, 2]},
								"west": {"uv": [0, 5], "uv_size": [2, 2]},
								"up": {"uv": [2, 7], "uv_size": [-2, -2]},
								"down": {"uv": [2, 7], "uv_size": [-2, -2]}
							}
						}
					]
				}
			]
		}
	]
}