{
	"format_version": "1.12.0",
	"minecraft:geometry": [
		{
			"description": {
				"identifier": "geometry.riswanda2",
				"texture_width": 32,
				"texture_height": 32,
				"visible_bounds_width": 3,
				"visible_bounds_height": 3.5,
				"visible_bounds_offset": [0, 1.25, 0]
			},
			"bones": [
				{
					"name": "bone",
					"pivot": [0, 0, 0]
				},
				{
					"name": "bone1",
					"parent": "bone",
					"pivot": [0, 0, 0],
					"cubes": [
						{
							"origin": [-8, 0, -8],
							"size": [16, 1, 24],
							"uv": {
								"north": {"uv": [0, 0], "uv_size": [2.6875, 2.5]},
								"east": {"uv": [0, 0], "uv_size": [3.6875, 3.125]},
								"south": {"uv": [0, 0], "uv_size": [3.0625, 3.1875]},
								"west": {"uv": [0, 0], "uv_size": [3.3125, 3.3125]},
								"up": {"uv": [7.125, 3], "uv_size": [-2.3125, -2.25]},
								"down": {"uv": [3.0625, 3.375], "uv_size": [-3.0625, -3.375]}
							}
						},
						{
							"origin": [-8, 1, -8],
							"size": [1, 30, 24],
							"uv": {
								"north": {"uv": [0.0625, 0], "uv_size": [2.4375, 2.6875]},
								"east": {"uv": [0, 0], "uv_size": [2.6875, 2.8125]},
								"south": {"uv": [0, 0], "uv_size": [2.375, 2.6875]},
								"west": {"uv": [0, 0.0625], "uv_size": [2.4375, 2.75]},
								"up": {"uv": [2.4375, 2.875], "uv_size": [-2.4375, -2.875]},
								"down": {"uv": [2.625, 2.5625], "uv_size": [-2.5, -2.5625]}
							}
						},
						{
							"origin": [7, 1, -8],
							"size": [1, 30, 24],
							"uv": {
								"north": {"uv": [0, 0], "uv_size": [3.1875, 2.875]},
								"east": {"uv": [4.625, 0.5], "uv_size": [2.3125, 2.875]},
								"south": {"uv": [0, 0], "uv_size": [3.1875, 3.375]},
								"west": {"uv": [0, 0], "uv_size": [2.625, 2.75]},
								"up": {"uv": [2.875, 2.875], "uv_size": [-2.875, -2.875]},
								"down": {"uv": [2.6875, 2.5625], "uv_size": [-2.6875, -2.5625]}
							}
						},
						{
							"origin": [-7, 1, 15],
							"size": [14, 30, 1],
							"uv": {
								"north": {"uv": [4.625, 4.8125], "uv_size": [2.25, 2.1875]},
								"east": {"uv": [0.0625, 0], "uv_size": [2.625, 3.4375]},
								"south": {"uv": [0, 0], "uv_size": [2.8125, 3.3125]},
								"west": {"uv": [0, 0], "uv_size": [2.3125, 3.25]},
								"up": {"uv": [3, 2.625], "uv_size": [-3, -2.625]},
								"down": {"uv": [2.75, 2.25], "uv_size": [-2.75, -1.4375]}
							}
						},
						{
							"origin": [-8, 31, -8],
							"size": [16, 1, 24],
							"uv": {
								"north": {"uv": [0, 0], "uv_size": [3.625, 1.9375]},
								"east": {"uv": [0, 0], "uv_size": [3.5625, 2.75]},
								"south": {"uv": [0, 0], "uv_size": [3.3125, 2.3125]},
								"west": {"uv": [0, 0], "uv_size": [2.9375, 2.6875]},
								"up": {"uv": [2.875, 2.75], "uv_size": [-2.875, -2.75]},
								"down": {"uv": [6.9375, 3.25], "uv_size": [-2.3125, -2.875]}
							}
						}
					]
				},
				{
					"name": "bone2",
					"parent": "bone",
					"pivot": [-7, 16, -8],
					"rotation": [0, -20, 0],
					"cubes": [
						{
							"origin": [-7, 1, -8],
							"size": [9, 30, 1],
							"uv": {
								"north": {"uv": [0, 5.25], "uv_size": [2.9375, 1.5]},
								"east": {"uv": [0, 4.875], "uv_size": [3, 2.125]},
								"south": {"uv": [0, 5.125], "uv_size": [3.125, 2]},
								"west": {"uv": [0, 4.9375], "uv_size": [3.25, 2.0625]},
								"up": {"uv": [3.5625, 6.875], "uv_size": [-3.5625, -1.8125]},
								"down": {"uv": [3.125, 6], "uv_size": [-3.125, -0.25]}
							}
						},
						{
							"origin": [-5, 5, -8.1],
							"size": [5, 22, 0],
							"uv": {
								"north": {"uv": [25.4375, 4.25], "uv_size": [5.0625, 27.75]},
								"east": {"uv": [0, 10], "uv_size": [0, 22]},
								"south": {"uv": [0, 10], "uv_size": [5, 22]},
								"west": {"uv": [0, 10], "uv_size": [0, 22]},
								"up": {"uv": [5, 0], "uv_size": [-5, 0]},
								"down": {"uv": [5, 32], "uv_size": [-5, 0]}
							}
						}
					]
				},
				{
					"name": "bone22",
					"parent": "bone2",
					"pivot": [2, 16, -8],
					"rotation": [0, -35, 0],
					"cubes": [
						{
							"origin": [2, 1, -8],
							"size": [5, 30, 1],
							"uv": {
								"north": {"uv": [4.9375, 0.9375], "uv_size": [1.5625, 2.3125]},
								"east": {"uv": [0, 4.5625], "uv_size": [3.3125, 2.5625]},
								"south": {"uv": [0, 4.9375], "uv_size": [3.625, 1.8125]},
								"west": {"uv": [0, 5.0625], "uv_size": [3.125, 1.9375]},
								"up": {"uv": [3.5, 6.5], "uv_size": [-3.5, -0.9375]},
								"down": {"uv": [3.4375, 6.75], "uv_size": [-2.6875, -0.5625]}
							}
						}
					]
				},
				{
					"name": "bone3",
					"parent": "bone",
					"pivot": [0, 15, 0],
					"cubes": [
						{
							"origin": [6, 15.5, -7],
							"size": [1, 1, 6],
							"uv": {
								"north": {"uv": [0, 0], "uv_size": [1, 1]},
								"east": {"uv": [0, 0], "uv_size": [2.75, 1.875]},
								"south": {"uv": [0, 0], "uv_size": [1, 1]},
								"west": {"uv": [0.375, 0], "uv_size": [2.5, 3.125]},
								"up": {"uv": [1.5625, 2.75], "uv_size": [-1.5625, -2.75]},
								"down": {"uv": [0.9375, 3.125], "uv_size": [-0.9375, -3.125]}
							}
						},
						{
							"origin": [4, 15.5, -7],
							"size": [1, 1, 6],
							"uv": {
								"north": {"uv": [0, 0], "uv_size": [1, 1]},
								"east": {"uv": [0, 0], "uv_size": [2.75, 1.875]},
								"south": {"uv": [0, 0], "uv_size": [1, 1]},
								"west": {"uv": [0.375, 0], "uv_size": [2.5, 3.125]},
								"up": {"uv": [1.5625, 2.75], "uv_size": [-1.5625, -2.75]},
								"down": {"uv": [0.9375, 3.125], "uv_size": [-0.9375, -3.125]}
							}
						},
						{
							"origin": [4, 15.5, -8],
							"size": [3, 1, 1],
							"uv": {
								"north": {"uv": [0, 0], "uv_size": [3, 1]},
								"east": {"uv": [0, 0], "uv_size": [0, 1.875]},
								"south": {"uv": [0, 0], "uv_size": [3, 1]},
								"west": {"uv": [0, 0], "uv_size": [0, 3.125]},
								"up": {"uv": [3.5625, 0.4375], "uv_size": [-3.5625, -0.4375]},
								"down": {"uv": [2.9375, 0.5], "uv_size": [-2.9375, -0.5]}
							}
						},
						{
							"origin": [4, 15.5, -1],
							"size": [3, 1, 1],
							"uv": {
								"north": {"uv": [0, 0], "uv_size": [3, 1]},
								"east": {"uv": [0, 0], "uv_size": [0, 1.875]},
								"south": {"uv": [0, 0], "uv_size": [3, 1]},
								"west": {"uv": [0, 0], "uv_size": [0, 3.125]},
								"up": {"uv": [3.5625, 0.4375], "uv_size": [-3.5625, -0.4375]},
								"down": {"uv": [2.9375, 0.5], "uv_size": [-2.9375, -0.5]}
							}
						}
					]
				},
				{
					"name": "bone33",
					"parent": "bone3",
					"pivot": [4, 25.5, -8],
					"rotation": [0, 20, 0],
					"cubes": [
						{
							"origin": [1, 15.5, -8],
							"size": [3, 1, 1],
							"uv": {
								"north": {"uv": [0, 0], "uv_size": [3, 1]},
								"east": {"uv": [0, 0], "uv_size": [0, 1.875]},
								"south": {"uv": [0, 0], "uv_size": [3, 1]},
								"west": {"uv": [0, 0], "uv_size": [0, 3.125]},
								"up": {"uv": [3.5625, 0.4375], "uv_size": [-3.5625, -0.4375]},
								"down": {"uv": [2.9375, 0.5], "uv_size": [-2.9375, -0.5]}
							}
						},
						{
							"origin": [1, 15.5, -7],
							"size": [1, 1, 6],
							"uv": {
								"north": {"uv": [0, 0], "uv_size": [1, 1]},
								"east": {"uv": [0, 0], "uv_size": [2.75, 1.875]},
								"south": {"uv": [0, 0], "uv_size": [1, 1]},
								"west": {"uv": [0.375, 0], "uv_size": [2.5, 3.125]},
								"up": {"uv": [1.5625, 2.75], "uv_size": [-1.5625, -2.75]},
								"down": {"uv": [0.9375, 3.125], "uv_size": [-0.9375, -3.125]}
							}
						}
					]
				},
				{
					"name": "bone333",
					"parent": "bone33",
					"pivot": [1, 25.5, -8],
					"rotation": [0, 20, 0],
					"cubes": [
						{
							"origin": [-2, 15.5, -8],
							"size": [3, 1, 1],
							"uv": {
								"north": {"uv": [0, 0], "uv_size": [3, 1]},
								"east": {"uv": [0, 0], "uv_size": [0, 1.875]},
								"south": {"uv": [0, 0], "uv_size": [3, 1]},
								"west": {"uv": [0, 0], "uv_size": [0, 3.125]},
								"up": {"uv": [3.5625, 0.4375], "uv_size": [-3.5625, -0.4375]},
								"down": {"uv": [2.9375, 0.5], "uv_size": [-2.9375, -0.5]}
							}
						}
					]
				},
				{
					"name": "bone10",
					"parent": "bone",
					"pivot": [0, 15, 0],
					"cubes": [
						{
							"origin": [6, 23.25, -7],
							"size": [1, 1, 6],
							"uv": {
								"north": {"uv": [0, 0], "uv_size": [1, 1]},
								"east": {"uv": [0, 0], "uv_size": [2.75, 1.875]},
								"south": {"uv": [0, 0], "uv_size": [1, 1]},
								"west": {"uv": [0.375, 0], "uv_size": [2.5, 3.125]},
								"up": {"uv": [1.5625, 2.75], "uv_size": [-1.5625, -2.75]},
								"down": {"uv": [0.9375, 3.125], "uv_size": [-0.9375, -3.125]}
							}
						},
						{
							"origin": [4, 23.25, -7],
							"size": [1, 1, 6],
							"uv": {
								"north": {"uv": [0, 0], "uv_size": [1, 1]},
								"east": {"uv": [0, 0], "uv_size": [2.75, 1.875]},
								"south": {"uv": [0, 0], "uv_size": [1, 1]},
								"west": {"uv": [0.375, 0], "uv_size": [2.5, 3.125]},
								"up": {"uv": [1.5625, 2.75], "uv_size": [-1.5625, -2.75]},
								"down": {"uv": [0.9375, 3.125], "uv_size": [-0.9375, -3.125]}
							}
						},
						{
							"origin": [4, 23.25, -8],
							"size": [3, 1, 1],
							"uv": {
								"north": {"uv": [0, 0], "uv_size": [3, 1]},
								"east": {"uv": [0, 0], "uv_size": [0, 1.875]},
								"south": {"uv": [0, 0], "uv_size": [3, 1]},
								"west": {"uv": [0, 0], "uv_size": [0, 3.125]},
								"up": {"uv": [3.5625, 0.4375], "uv_size": [-3.5625, -0.4375]},
								"down": {"uv": [2.9375, 0.5], "uv_size": [-2.9375, -0.5]}
							}
						},
						{
							"origin": [4, 23.25, -1],
							"size": [3, 1, 1],
							"uv": {
								"north": {"uv": [0, 0], "uv_size": [3, 1]},
								"east": {"uv": [0, 0], "uv_size": [0, 1.875]},
								"south": {"uv": [0, 0], "uv_size": [3, 1]},
								"west": {"uv": [0, 0], "uv_size": [0, 3.125]},
								"up": {"uv": [3.5625, 0.4375], "uv_size": [-3.5625, -0.4375]},
								"down": {"uv": [2.9375, 0.5], "uv_size": [-2.9375, -0.5]}
							}
						}
					]
				},
				{
					"name": "bone11",
					"parent": "bone10",
					"pivot": [4, 25.5, -8],
					"rotation": [0, 20, 0],
					"cubes": [
						{
							"origin": [1, 23.25, -8],
							"size": [3, 1, 1],
							"uv": {
								"north": {"uv": [0, 0], "uv_size": [3, 1]},
								"east": {"uv": [0, 0], "uv_size": [0, 1.875]},
								"south": {"uv": [0, 0], "uv_size": [3, 1]},
								"west": {"uv": [0, 0], "uv_size": [0, 3.125]},
								"up": {"uv": [3.5625, 0.4375], "uv_size": [-3.5625, -0.4375]},
								"down": {"uv": [2.9375, 0.5], "uv_size": [-2.9375, -0.5]}
							}
						},
						{
							"origin": [1, 23.25, -7],
							"size": [1, 1, 6],
							"uv": {
								"north": {"uv": [0, 0], "uv_size": [1, 1]},
								"east": {"uv": [0, 0], "uv_size": [2.75, 1.875]},
								"south": {"uv": [0, 0], "uv_size": [1, 1]},
								"west": {"uv": [0.375, 0], "uv_size": [2.5, 3.125]},
								"up": {"uv": [1.5625, 2.75], "uv_size": [-1.5625, -2.75]},
								"down": {"uv": [0.9375, 3.125], "uv_size": [-0.9375, -3.125]}
							}
						}
					]
				},
				{
					"name": "bone12",
					"parent": "bone11",
					"pivot": [1, 25.5, -8],
					"rotation": [0, 20, 0],
					"cubes": [
						{
							"origin": [-2, 23.25, -8],
							"size": [3, 1, 1],
							"uv": {
								"north": {"uv": [0, 0], "uv_size": [3, 1]},
								"east": {"uv": [0, 0], "uv_size": [0, 1.875]},
								"south": {"uv": [0, 0], "uv_size": [3, 1]},
								"west": {"uv": [0, 0], "uv_size": [0, 3.125]},
								"up": {"uv": [3.5625, 0.4375], "uv_size": [-3.5625, -0.4375]},
								"down": {"uv": [2.9375, 0.5], "uv_size": [-2.9375, -0.5]}
							}
						}
					]
				},
				{
					"name": "bone4",
					"parent": "bone",
					"pivot": [0, 15, 0],
					"cubes": [
						{
							"origin": [6, 7.75, -7],
							"size": [1, 1, 6],
							"uv": {
								"north": {"uv": [0, 0], "uv_size": [1, 1]},
								"east": {"uv": [0, 0], "uv_size": [2.75, 1.875]},
								"south": {"uv": [0, 0], "uv_size": [1, 1]},
								"west": {"uv": [0.375, 0], "uv_size": [2.5, 3.125]},
								"up": {"uv": [1.5625, 2.75], "uv_size": [-1.5625, -2.75]},
								"down": {"uv": [0.9375, 3.125], "uv_size": [-0.9375, -3.125]}
							}
						},
						{
							"origin": [4, 7.75, -7],
							"size": [1, 1, 6],
							"uv": {
								"north": {"uv": [0, 0], "uv_size": [1, 1]},
								"east": {"uv": [0, 0], "uv_size": [2.75, 1.875]},
								"south": {"uv": [0, 0], "uv_size": [1, 1]},
								"west": {"uv": [0.375, 0], "uv_size": [2.5, 3.125]},
								"up": {"uv": [1.5625, 2.75], "uv_size": [-1.5625, -2.75]},
								"down": {"uv": [0.9375, 3.125], "uv_size": [-0.9375, -3.125]}
							}
						},
						{
							"origin": [4, 7.75, -8],
							"size": [3, 1, 1],
							"uv": {
								"north": {"uv": [0, 0], "uv_size": [3, 1]},
								"east": {"uv": [0, 0], "uv_size": [0, 1.875]},
								"south": {"uv": [0, 0], "uv_size": [3, 1]},
								"west": {"uv": [0, 0], "uv_size": [0, 3.125]},
								"up": {"uv": [3.5625, 0.4375], "uv_size": [-3.5625, -0.4375]},
								"down": {"uv": [2.9375, 0.5], "uv_size": [-2.9375, -0.5]}
							}
						},
						{
							"origin": [4, 7.75, -1],
							"size": [3, 1, 1],
							"uv": {
								"north": {"uv": [0, 0], "uv_size": [3, 1]},
								"east": {"uv": [0, 0], "uv_size": [0, 1.875]},
								"south": {"uv": [0, 0], "uv_size": [3, 1]},
								"west": {"uv": [0, 0], "uv_size": [0, 3.125]},
								"up": {"uv": [3.5625, 0.4375], "uv_size": [-3.5625, -0.4375]},
								"down": {"uv": [2.9375, 0.5], "uv_size": [-2.9375, -0.5]}
							}
						}
					]
				},
				{
					"name": "bone5",
					"parent": "bone4",
					"pivot": [4, 25.5, -8],
					"rotation": [0, 20, 0],
					"cubes": [
						{
							"origin": [1, 7.75, -8],
							"size": [3, 1, 1],
							"uv": {
								"north": {"uv": [0, 0], "uv_size": [3, 1]},
								"east": {"uv": [0, 0], "uv_size": [0, 1.875]},
								"south": {"uv": [0, 0], "uv_size": [3, 1]},
								"west": {"uv": [0, 0], "uv_size": [0, 3.125]},
								"up": {"uv": [3.5625, 0.4375], "uv_size": [-3.5625, -0.4375]},
								"down": {"uv": [2.9375, 0.5], "uv_size": [-2.9375, -0.5]}
							}
						},
						{
							"origin": [1, 7.75, -7],
							"size": [1, 1, 6],
							"uv": {
								"north": {"uv": [0, 0], "uv_size": [1, 1]},
								"east": {"uv": [0, 0], "uv_size": [2.75, 1.875]},
								"south": {"uv": [0, 0], "uv_size": [1, 1]},
								"west": {"uv": [0.375, 0], "uv_size": [2.5, 3.125]},
								"up": {"uv": [1.5625, 2.75], "uv_size": [-1.5625, -2.75]},
								"down": {"uv": [0.9375, 3.125], "uv_size": [-0.9375, -3.125]}
							}
						}
					]
				},
				{
					"name": "bone6",
					"parent": "bone5",
					"pivot": [1, 25.5, -8],
					"rotation": [0, 20, 0],
					"cubes": [
						{
							"origin": [-2, 7.75, -8],
							"size": [3, 1, 1],
							"uv": {
								"north": {"uv": [0, 0], "uv_size": [3, 1]},
								"east": {"uv": [0, 0], "uv_size": [0, 1.875]},
								"south": {"uv": [0, 0], "uv_size": [3, 1]},
								"west": {"uv": [0, 0], "uv_size": [0, 3.125]},
								"up": {"uv": [3.5625, 0.4375], "uv_size": [-3.5625, -0.4375]},
								"down": {"uv": [2.9375, 0.5], "uv_size": [-2.9375, -0.5]}
							}
						}
					]
				}
			]
		}
	]
}