{
	"format_version": "1.12.0",
	"minecraft:geometry": [
		{
			"description": {
				"identifier": "geometry.riswanda5",
				"texture_width": 32,
				"texture_height": 32,
				"visible_bounds_width": 3,
				"visible_bounds_height": 2.5,
				"visible_bounds_offset": [0, 0.75, 0]
			},
			"bones": [
				{
					"name": "bone",
					"pivot": [8, 8, 0],
					"rotation": [0, 0, -180]
				},
				{
					"name": "bone1",
					"parent": "bone",
					"pivot": [0, 0, 0],
					"cubes": [
						{
							"origin": [-8, 0, -8],
							"size": [32, 1, 22],
							"uv": {
								"north": {"uv": [0, 0], "uv_size": [3, 0]},
								"east": {"uv": [0, 0], "uv_size": [3, 0]},
								"south": {"uv": [0, 0], "uv_size": [2, 0]},
								"west": {"uv": [0, 0], "uv_size": [3, 0]},
								"up": {"uv": [7, 7], "uv_size": [-2, -2]},
								"down": {"uv": [3, 3], "uv_size": [-3, -3]}
							}
						},
						{
							"origin": [-7, 1, 13],
							"size": [30, 14, 1],
							"uv": {
								"north": {"uv": [5, 5], "uv_size": [2, 2]},
								"east": {"uv": [0, 0], "uv_size": [0, 3]},
								"south": {"uv": [0, 0], "uv_size": [0, 3]},
								"west": {"uv": [0, 0], "uv_size": [0, 3]},
								"up": {"uv": [1, 0], "uv_size": [-1, 0]},
								"down": {"uv": [1, 0], "uv_size": [-1, 0]}
							}
						},
						{
							"origin": [-7, 4, -7.5],
							"size": [30, 11, 1],
							"uv": {
								"north": {"uv": [0, 5], "uv_size": [2, 2]},
								"east": {"uv": [0, 0], "uv_size": [0, 0]},
								"south": {"uv": [0, 0], "uv_size": [0, 0]},
								"west": {"uv": [0, 0], "uv_size": [0, 0]},
								"up": {"uv": [1, 0], "uv_size": [-1, 0]},
								"down": {"uv": [1, 0], "uv_size": [-1, 0]}
							}
						},
						{
							"origin": [-8, 15, -8],
							"size": [32, 1, 22],
							"uv": {
								"north": {"uv": [0, 0], "uv_size": [3, 0]},
								"east": {"uv": [0, 0], "uv_size": [3, 0]},
								"south": {"uv": [0, 0], "uv_size": [2, 0]},
								"west": {"uv": [0, 0], "uv_size": [3, 0]},
								"up": {"uv": [3, 3], "uv_size": [-3, -3]},
								"down": {"uv": [7, 7], "uv_size": [-2, -2]}
							}
						},
						{
							"origin": [-7, 3, -8],
							"size": [30, 1, 21],
							"uv": {
								"north": {"uv": [0, 0], "uv_size": [1, 0]},
								"east": {"uv": [0, 0], "uv_size": [2, 0]},
								"south": {"uv": [0, 0], "uv_size": [0, 0]},
								"west": {"uv": [0, 0], "uv_size": [2, 0]},
								"up": {"uv": [7, 7], "uv_size": [-1, -2]},
								"down": {"uv": [7, 7], "uv_size": [-2, -2]}
							}
						},
						{
							"origin": [7.5, 1, -8],
							"size": [1, 14, 21],
							"uv": {
								"north": {"uv": [0, 0], "uv_size": [0, 3]},
								"east": {"uv": [7, 6], "uv_size": [-2, 1]},
								"south": {"uv": [0, 0], "uv_size": [0, 3]},
								"west": {"uv": [7, 5], "uv_size": [-2, 2]},
								"up": {"uv": [1, 2], "uv_size": [-1, -2]},
								"down": {"uv": [0, 2], "uv_size": [0, -2]}
							}
						},
						{
							"origin": [-0.25, 1, -8],
							"size": [1, 2, 21],
							"uv": {
								"north": {"uv": [0, 0], "uv_size": [0, 0]},
								"east": {"uv": [5, 5], "uv_size": [2, 2]},
								"south": {"uv": [0, 0], "uv_size": [0, 0]},
								"west": {"uv": [7, 5], "uv_size": [-2, 2]},
								"up": {"uv": [1, 2], "uv_size": [-1, -2]},
								"down": {"uv": [0, 2], "uv_size": [0, -2]}
							}
						},
						{
							"origin": [15.25, 1, -8],
							"size": [1, 2, 21],
							"uv": {
								"north": {"uv": [0, 0], "uv_size": [0, 0]},
								"east": {"uv": [5, 5], "uv_size": [2, 2]},
								"south": {"uv": [0, 0], "uv_size": [0, 0]},
								"west": {"uv": [5, 5], "uv_size": [2, 2]},
								"up": {"uv": [1, 2], "uv_size": [-1, -2]},
								"down": {"uv": [0, 2], "uv_size": [0, -2]}
							}
						}
					]
				},
				{
					"name": "bone2",
					"parent": "bone",
					"pivot": [0, 0, 0],
					"cubes": [
						{
							"origin": [-8, 1, -8],
							"size": [1, 5, 22],
							"uv": {
								"north": {"uv": [0, 0], "uv_size": [3, 3]},
								"east": {"uv": [3, 0], "uv_size": [0, 3]},
								"south": {"uv": [0, 0], "uv_size": [2, 3]},
								"west": {"uv": [5, 5], "uv_size": [2, 2]},
								"up": {"uv": [3, 3], "uv_size": [-3, -3]},
								"down": {"uv": [3, 3], "uv_size": [-3, -3]}
							}
						},
						{
							"origin": [-8, 10, -8],
							"size": [1, 5, 22],
							"uv": {
								"north": {"uv": [0, 0], "uv_size": [3, 3]},
								"east": {"uv": [3, 0], "uv_size": [0, 3]},
								"south": {"uv": [0, 0], "uv_size": [2, 3]},
								"west": {"uv": [5, 5], "uv_size": [2, 2]},
								"up": {"uv": [3, 3], "uv_size": [-3, -3]},
								"down": {"uv": [3, 3], "uv_size": [-3, -3]}
							}
						},
						{
							"origin": [-8, 6, 10],
							"size": [1, 4, 4],
							"uv": {
								"north": {"uv": [0, 0], "uv_size": [3, 2]},
								"east": {"uv": [0, 0], "uv_size": [0, 2]},
								"south": {"uv": [0, 0], "uv_size": [2, 2]},
								"west": {"uv": [0, 0], "uv_size": [0, 2]},
								"up": {"uv": [3, 0], "uv_size": [-3, 0]},
								"down": {"uv": [3, 0], "uv_size": [-3, 0]}
							}
						},
						{
							"origin": [-8, 6, -8],
							"size": [1, 4, 4],
							"uv": {
								"north": {"uv": [0, 0], "uv_size": [3, 2]},
								"east": {"uv": [0, 0], "uv_size": [0, 2]},
								"south": {"uv": [0, 0], "uv_size": [2, 2]},
								"west": {"uv": [5, 5], "uv_size": [2, 2]},
								"up": {"uv": [3, 0], "uv_size": [-3, 0]},
								"down": {"uv": [3, 0], "uv_size": [-3, 0]}
							}
						},
						{
							"origin": [-8, 6, 0],
							"size": [1, 4, 6],
							"uv": {
								"north": {"uv": [0, 0], "uv_size": [3, 2]},
								"east": {"uv": [0, 0], "uv_size": [0, 2]},
								"south": {"uv": [0, 0], "uv_size": [2, 2]},
								"west": {"uv": [0, 0], "uv_size": [0, 2]},
								"up": {"uv": [3, 0], "uv_size": [-3, 0]},
								"down": {"uv": [3, 0], "uv_size": [-3, 0]}
							}
						},
						{
							"origin": [-7, 6, -4],
							"size": [1, 4, 14],
							"uv": {
								"north": {"uv": [0, 5], "uv_size": [3, 2]},
								"east": {"uv": [3, 5], "uv_size": [-3, 2]},
								"south": {"uv": [0, 5], "uv_size": [2, 2]},
								"west": {"uv": [0, 5], "uv_size": [2, 2]},
								"up": {"uv": [2, 6], "uv_size": [-2, 0]},
								"down": {"uv": [2, 7], "uv_size": [-2, -2]}
							}
						},
						{
							"origin": [-8, 7.5, -4],
							"size": [1, 1, 14],
							"uv": {
								"north": {"uv": [0, 0], "uv_size": [3, 0]},
								"east": {"uv": [3, 0], "uv_size": [-3, 0]},
								"south": {"uv": [0, 0], "uv_size": [2, 0]},
								"west": {"uv": [0, 0], "uv_size": [0, 0]},
								"up": {"uv": [3, 0], "uv_size": [-3, 0]},
								"down": {"uv": [3, 0], "uv_size": [-3, 0]}
							}
						}
					]
				},
				{
					"name": "bone3",
					"parent": "bone",
					"pivot": [24, 8, 3],
					"rotation": [0, 0, -180],
					"cubes": [
						{
							"origin": [24, 1, -8],
							"size": [1, 5, 22],
							"uv": {
								"north": {"uv": [0, 0], "uv_size": [3, 3]},
								"east": {"uv": [3, 0], "uv_size": [0, 3]},
								"south": {"uv": [0, 0], "uv_size": [2, 3]},
								"west": {"uv": [5, 5], "uv_size": [2, 2]},
								"up": {"uv": [3, 3], "uv_size": [-3, -3]},
								"down": {"uv": [3, 3], "uv_size": [-3, -3]}
							}
						},
						{
							"origin": [24, 10, -8],
							"size": [1, 5, 22],
							"uv": {
								"north": {"uv": [0, 0], "uv_size": [3, 3]},
								"east": {"uv": [3, 0], "uv_size": [0, 3]},
								"south": {"uv": [0, 0], "uv_size": [2, 3]},
								"west": {"uv": [5, 5], "uv_size": [2, 2]},
								"up": {"uv": [3, 3], "uv_size": [-3, -3]},
								"down": {"uv": [3, 3], "uv_size": [-3, -3]}
							}
						},
						{
							"origin": [24, 6, 10],
							"size": [1, 4, 4],
							"uv": {
								"north": {"uv": [0, 0], "uv_size": [3, 2]},
								"east": {"uv": [0, 0], "uv_size": [0, 2]},
								"south": {"uv": [0, 0], "uv_size": [2, 2]},
								"west": {"uv": [0, 0], "uv_size": [0, 2]},
								"up": {"uv": [3, 0], "uv_size": [-3, 0]},
								"down": {"uv": [3, 0], "uv_size": [-3, 0]}
							}
						},
						{
							"origin": [24, 6, -8],
							"size": [1, 4, 4],
							"uv": {
								"north": {"uv": [0, 0], "uv_size": [3, 2]},
								"east": {"uv": [0, 0], "uv_size": [0, 2]},
								"south": {"uv": [0, 0], "uv_size": [2, 2]},
								"west": {"uv": [5, 5], "uv_size": [2, 2]},
								"up": {"uv": [3, 0], "uv_size": [-3, 0]},
								"down": {"uv": [3, 0], "uv_size": [-3, 0]}
							}
						},
						{
							"origin": [24, 6, 0],
							"size": [1, 4, 6],
							"uv": {
								"north": {"uv": [0, 0], "uv_size": [3, 2]},
								"east": {"uv": [0, 0], "uv_size": [0, 2]},
								"south": {"uv": [0, 0], "uv_size": [2, 2]},
								"west": {"uv": [0, 0], "uv_size": [0, 2]},
								"up": {"uv": [3, 0], "uv_size": [-3, 0]},
								"down": {"uv": [3, 0], "uv_size": [-3, 0]}
							}
						},
						{
							"origin": [25, 6, -4],
							"size": [1, 4, 14],
							"uv": {
								"north": {"uv": [0, 5], "uv_size": [3, 2]},
								"east": {"uv": [3, 5], "uv_size": [-3, 2]},
								"south": {"uv": [0, 5], "uv_size": [2, 2]},
								"west": {"uv": [0, 5], "uv_size": [2, 2]},
								"up": {"uv": [2, 6], "uv_size": [-2, 0]},
								"down": {"uv": [2, 7], "uv_size": [-2, -2]}
							}
						},
						{
							"origin": [24, 7.5, -4],
							"size": [1, 1, 14],
							"uv": {
								"north": {"uv": [0, 0], "uv_size": [3, 0]},
								"east": {"uv": [3, 0], "uv_size": [-3, 0]},
								"south": {"uv": [0, 0], "uv_size": [2, 0]},
								"west": {"uv": [0, 0], "uv_size": [0, 0]},
								"up": {"uv": [3, 0], "uv_size": [-3, 0]},
								"down": {"uv": [3, 0], "uv_size": [-3, 0]}
							}
						}
					]
				}
			]
		}
	]
}