{
    "pools": [
        {
            "rolls": 1,
            "entries": [
                {
                    "type": "item",
                    "name": "minecraft:emerald",
                    "weight": 1,
                    "functions": [
                        {
                            "function": "set_count",
                            "count": {
                                "min": 2,
                                "max": 8
                            }
                        },
                        {
                            "function": "looting_enchant",
                            "count": {
                                "min": 0,
                                "max": 1
                            }
                        }
                    ]
                }
            ]
        },
        {
            "rolls": 1,
            "entries": [
                {
                    "type": "item",
                    "name": "fv:steel_helmet",
                    "weight": 5,
                    "functions": [
                        {
                            "function": "enchant_with_levels",
                            "levels": {
                                "min": 20,
                                "max": 30
                            }
                        }
                    ]
                },
                {
                    "type": "item",
                    "name": "fv:steel_chestplate",
                    "weight": 3,
                    "functions": [
                        {
                            "function": "enchant_with_levels",
                            "levels": {
                                "min": 20,
                                "max": 30
                            }
                        }
                    ]
                },
                {
                    "type": "item",
                    "name": "fv:steel_leggings",
                    "weight": 5,
                    "functions": [
                        {
                            "function": "enchant_with_levels",
                            "levels": {
                                "min": 20,
                                "max": 30
                            }
                        }
                    ]
                },
                {
                    "type": "item",
                    "name": "fv:steel_boots",
                    "weight": 5,
                    "functions": [
                        {
                            "function": "enchant_with_levels",
                            "levels": {
                                "min": 20,
                                "max": 30
                            }
                        }
                    ]
                },
                {
                    "type": "item",
                    "name": "fv:steel_sword",
                    "weight": 10,
                    "functions": [
                        {
                            "function": "enchant_with_levels",
                            "levels": {
                                "min": 20,
                                "max": 30
                            }
                        }
                    ]
                },
                {
                    "type": "item",
                    "name": "fv:iron_big_sword",
                    "weight": 2,
                    "functions": [
                        {
                            "function": "enchant_with_levels",
                            "levels": {
                                "min": 20,
                                "max": 30
                            }
                        }
                    ]
                },
                {
                    "type": "item",
                    "name": "fv:guard_medal",
                    "weight": 5,
                    "functions": [
                        {
                            "function": "set_count",
                            "count": {
                                "min": 1,
                                "max": 2
                            }
                        }
                    ]
                },
                {
                    "type": "item",
                    "name": "fv:battle_axe_iron",
                    "weight": 5,
                    "functions": [
                        {
                            "function": "enchant_with_levels",
                            "levels": {
                                "min": 20,
                                "max": 30
                            }
                        }
                    ]
                },
                {
                    "type": "item",
                    "name": "fv:iron_hammer",
                    "weight": 5,
                    "functions": [
                        {
                            "function": "enchant_with_levels",
                            "levels": {
                                "min": 20,
                                "max": 30
                            }
                        }
                    ]
                },
                {
                    "type": "item",
                    "name": "fv:diamond_hammer",
                    "weight": 5,
                    "functions": [
                        {
                            "function": "enchant_with_levels",
                            "levels": {
                                "min": 20,
                                "max": 30
                            }
                        }
                    ]
                },
                {
                    "type": "item",
                    "name": "fv:iron_saber",
                    "weight": 5,
                    "functions": [
                        {
                            "function": "enchant_with_levels",
                            "levels": {
                                "min": 20,
                                "max": 30
                            }
                        }
                    ]
                },
                {
                    "type": "item",
                    "name": "fv:diamond_saber",
                    "weight": 5,
                    "functions": [
                        {
                            "function": "enchant_with_levels",
                            "levels": {
                                "min": 20,
                                "max": 30
                            }
                        }
                    ]
                },
                {
                    "type": "item",
                    "name": "fv:battle_axe_diamond",
                    "weight": 2,
                    "functions": [
                        {
                            "function": "enchant_with_levels",
                            "levels": {
                                "min": 20,
                                "max": 30
                            }
                        }
                    ]
                },
                {
                    "type": "item",
                    "name": "fv:steel_big_sword",
                    "weight": 3,
                    "functions": [
                        {
                            "function": "enchant_with_levels",
                            "levels": {
                                "min": 20,
                                "max": 30
                            }
                        }
                    ]
                },
                {
                    "type": "item",
                    "name": "fv:iron_desert_sword",
                    "weight": 5,
                    "functions": [
                        {
                            "function": "enchant_with_levels",
                            "levels": {
                                "min": 20,
                                "max": 30
                            }
                        }
                    ]
                },
                {
                    "type": "item",
                    "name": "fv:diamond_desert_sword",
                    "weight": 5,
                    "functions": [
                        {
                            "function": "enchant_with_levels",
                            "levels": {
                                "min": 20,
                                "max": 30
                            }
                        }
                    ]
                },
                {
                    "type": "item",
                    "name": "crossbow",
                    "weight": 5,
                    "functions": [
                        {
                            "function": "enchant_with_levels",
                            "levels": {
                                "min": 20,
                                "max": 30
                            }
                        }
                    ]
                },
                {
                    "type": "item",
                    "name": "bow",
                    "weight": 10,
                    "functions": [
                        {
                            "function": "enchant_with_levels",
                            "levels": {
                                "min": 20,
                                "max": 30
                            }
                        }
                    ]
                }
            ]
        }
    ]
}