{
    "pools": [
        {
            "rolls": 1,
            "entries": [
                {
                    "type": "item",
                    "name": "pirate:crossbow",
                    "weight": 5
                },
                {
                    "type": "item",
                    "name": "emerald",
                    "weight": 95,
                    "functions": [
                        {
                            "function": "set_count",
                            "count": {
                                "min": 4,
                                "max": 8
                            }
                        }
                    ]
                }
            ]
        }
    ]
}