{
  "pools": [
    {
      "rolls": 1,
      "entries": [
        {
          "type": "item",
          "name": "minecraft:crossbow",
          "weight": 1,
          "functions": [
            {
              "function": "looting_enchant",
              "count": {
                "min": 0,
                "max": 1
              }
            },
            {
              "function": "enchant_random_gear",
              "chance": 0.10
            }
          ]
        }
      ]
    },
    {
      "rolls": 1,
      "entries": [
        {
          "type": "item",
          "name": "fv:steel_helmet",
          "functions": [
            {
              "function": "enchant_with_levels",
              "levels": {
                "min": 1,
                "max": 20
              }
            }
          ]
        }
      ]
    },
    {
      "rolls": 1,
      "entries": [
        {
          "type": "item",
          "name": "fv:steel_chestplate",
          "functions": [
            {
              "function": "enchant_with_levels",
              "levels": {
                "min": 1,
                "max": 20
              }
            }
          ]
        }
      ]
    }
  ]
}