{
    "pools": [
        {
            "rolls": 1,
            "entries": [
                {
                    "type": "item",
                    "name": "fv:steel_big_sword",
                    "functions": [
                        {
                            "function": "enchant_with_levels",
                            "levels": {
                                "min": 30,
                                "max": 40
                            }
                        }
                    ]
                }
            ]
        },
        {
            "rolls": 1,
            "entries": [
                {
                    "type": "item",
                    "name": "shield",
                    "weight": 40
                },
                {
                    "type": "empty",
                    "weight": 60
                }
            ]
        },
        {
            "rolls": 1,
            "entries": [
                {
                    "type": "item",
                    "name": "fv:steel_helmet",
                    "functions": [
                        {
                            "function": "enchant_with_levels",
                            "levels": {
                                "min": 30,
                                "max": 40
                            }
                        }
                    ]
                }
            ]
        },
        {
            "rolls": 1,
            "entries": [
                {
                    "type": "item",
                    "name": "fv:steel_chestplate",
                    "functions": [
                        {
                            "function": "enchant_with_levels",
                            "levels": {
                                "min": 30,
                                "max": 40
                            }
                        }
                    ]
                }
            ]
        },
        {
            "rolls": 1,
            "entries": [
                {
                    "type": "item",
                    "name": "fv:steel_leggings",
                    "functions": [
                        {
                            "function": "enchant_with_levels",
                            "levels": {
                                "min": 30,
                                "max": 40
                            }
                        }
                    ]
                }
            ]
        },
        {
            "rolls": 1,
            "entries": [
                {
                    "type": "item",
                    "name": "fv:steel_boots",
                    "functions": [
                        {
                            "function": "enchant_with_levels",
                            "levels": {
                                "min": 30,
                                "max": 40
                            }
                        }
                    ]
                }
            ]
        }
    ]
}