{
    "pools": [
        {
            "rolls": 1,
            "entries": [
                {
                    "type": "item",
                    "name": "iron_sword",
                    "weight": 5,
                    "functions": [
                        {
                            "function": "enchant_random_gear",
                            "chance": 0.5
                        }
                    ]
                },
                {
                    "type": "item",
                    "name": "fv:bronze_sword",
                    "weight": 95,
                    "functions": [
                        {
                            "function": "enchant_random_gear",
                            "chance": 0.5
                        }
                    ]
                }
            ]
        },
        {
            "tiers": {
                "initial_range": 2,
                "bonus_rolls": 3,
                "bonus_chance": 0.095
            },
            "entries": [
                {
                    "type": "loot_table",
                    "name": "loot_tables/entities/armor_set_copper.json"
                },
                {
                    "type": "loot_table",
                    "name": "loot_tables/entities/armor_set_bronze.json"
                }
            ]
        }
    ]
}