{
    "pools": [
        {
            "rolls": 1,
            "entries": [
                {
                    "type": "item",
                    "name": "rifle:crossbow"
                }
            ]
        },
        {
            "tiers": {
                "initial_range": 2,
                "bonus_rolls": 3,
                "bonus_chance": 0.095
            },
            "entries": [
                {
                    "type": "loot_table",
                    "name": "loot_tables/entities/armor_set_copper.json"
                },
                {
                    "type": "loot_table",
                    "name": "loot_tables/entities/armor_set_bronze.json"
                }
            ]
        }
    ]
}