{
	"format_version": "1.10.0",
	"animation_controllers": {
		"controller.animation.bridge_tusk.execute_commands": {
			"states": {
				"default": {
					"transitions": [
						{
							"throw": "query.mark_variant == 1"
						}
					]
				},
				"throw": {
					"transitions": [
						{
							"default": "query.mark_variant == 2"
						}
					],
					"on_entry": [
						"/effect @e[family=!illager,family=!undead,family=!tusk,r=2,c=1] levitation 1 15 true",
						"/effect @a[r=2,c=1] levitation 1 15 true"
					]
				}
			}
		}
	}
}