{
	"format_version": "1.10.0",
	"animation_controllers": {
		"controller.animation.bridge_illusion.execute_commands": {
			"states": {
				"default": {
					"transitions": [
						{
							"paralizing_time": "query.is_casting"
						}
					]
				},
				"paralizing_time": {
					"transitions": [
						{
							"default": "!query.is_casting"
						}
					],
					"on_entry": [
		   			"/effect @e[family=wandering_trader,r=10] slowness 10 2",
						"/effect @e[family=villager,r=10] slowness 10 2",
						"/effect @e[family=iron_golem,r=10] slowness 10 2",
						"/effect @e[family=snow_golem,r=10] slowness 10 2",
						"/effect @a[r=10] slowness 10 2 true"
					]
				}
			}
		}
	}
}