{
  "format_version": "1.10.0",
  "animation_controllers": {
    "controller.animation.explosion" : {
      "states" : {
        "default" : {
          "on_entry" : [
          ],
          "transitions" : [
            {
              "explode" : "(1.0)"
            }
          ]
        },
        "explode" : {
          "on_entry" : [
            "/particle mobs:red ~ ~ ~",
            "/particle mobs:blue ~ ~ ~",
            "/particle mobs:bang ~ ~ ~"
          ],
          "transitions" : [
            {
              "default" : "(0.0)"
            }
          ]
        }
      }
    },
    "controller.animation.trail" : {
      "states" : {
        "default" : {
          "on_entry" : [
            "/particle mobs:trail ~ ~ ~"
          ],
          "transitions" : [
            {
              "trail" : "(1.0)"
            }
          ]
        },
        "trail" : {
          "on_entry" : [
            "/particle mobs:trail ~ ~ ~"
          ],
          "transitions" : [
            {
              "default" : "(1.0)"
            }
          ]
        }
      }
    }
  }
}