{
  "format_version": "1.10.0",
  "animation_controllers": {
    "controller.animation.clone.die" : {
      "states" : {
        "default" : {
          "transitions" : [
            {
              "die" : "query.is_alive ? 0.0 : 1.0"
            }
          ]
        },
        "die" : {
          "on_entry" : [
            "/particle mobs:illusion_explosion ~ ~ ~"
          ],
          "transitions" : [
            {
              "default" : "(0.0)"
            }
          ]
        }
      }
    }
  }
}