{
	"format_version": "1.10.0",
	"animation_controllers": {
		"controller.animation.chouris_effect": {
			"states": {
				"default": {
					"transitions": [
						{
							"defend": "query.mark_variant == 1"
						}
					]
				},
				"defend": {
					"transitions": [
						{
							"default": "query.variant != 1"
						}
					],
					"on_entry": [
						"/effect @e[family=!chouris,r=3] slowness 7 4",
						"/effect @e[family=!chouris,r=3] mining_fatigue 7 4",
						"/effect @e[family=!chouris,r=3] weakness 7 4"
					]
				}
			}
		},
    "controller.animation.chouris.die" : {
      "states" : {
        "default" : {
          "transitions" : [
            {
              "die" : "query.is_alive ? 0.0 : 1.0 && query.variant == 1"
            }
          ]
        },
        "die" : {
          "on_entry" : [
            "/summon mobs:chouris ~1~~ minecraft:entity_transformed",
            "/summon mobs:chouris ~-1~~ minecraft:entity_transformed"
          ],
          "transitions" : [
            {
              "default" : "(0.0)"
            }
          ]
        }
      }
    }
	}
}