{
	"format_version": "1.10.0",
	"animation_controllers": {
		"controller.animation.bridge_flamelarva.execute_commands": {
			"states": {
				"default": {
					"transitions": [
						{
							"execute_command_id_1": "query.skin_id == 1"
						}
					]
				},
				"execute_command_id_1": {
					"transitions": [
						{
							"default": "query.skin_id != 1"
						}
					],
					"on_entry": [
						"/tp @s ~ ~ ~3",
						"@s bridge:remove_command_id_1"
					]
				}
			}
		},
		"controller.animation.wather": {
			"states": {
				"default": {
					"transitions": [
						{
							"drow": "query.is_in_water && query.is_riding"
						}
					]
				},
				"drow": {
					"transitions": [
						{
							"default": "!query.is_in_water && !query.is_riding"
						}
					],
					"on_entry": [
						"/tp @s ~ ~ ~3"
					]
				}
		   }
		}
	}
}