{
	"format_version": "1.20.30",
	"minecraft:item": {
		"description": {
			"identifier": "fv:iron_saber",
			"menu_category": {
				"category": "equipment",
				"group": "itemGroup.name.sword"
			}
		},
		"components": {
			"minecraft:can_destroy_in_creative": false,
			"minecraft:durability": {
				"max_durability": 251
			},
			"minecraft:damage": 6,
			"minecraft:digger": {
				"use_efficiency": true,
				"destroy_speeds": [
					{
						"block": "minecraft:web",
						"speed": 15
					},
					{
						"block": "minecraft:bamboo",
						"speed": 60
					}
				]
			},
			"minecraft:enchantable": {
				"value": 14,
				"slot": "sword"
			},
			"minecraft:hand_equipped": true,
			"minecraft:icon": {
				"texture": "fv_iron_saber"
			},
			"minecraft:max_stack_size": 1,
			"minecraft:repairable": {
				"repair_items": [
					{
						"items": [
							"minecraft:iron_ingot"
						],
						"repair_amount": "query.max_durability*0.25"
					},
					{
						"items": [
							"fv:iron_saber"
						],
						"repair_amount": "context.other->query.remaining_durability+0.12*context.other->query.max_durability"
					}
				]
			},
			"minecraft:weapon": {
				"on_hurt_entity": {
					"event": "damaged",
					"target": "self"
				}
			},
			"tag:minecraft:is_sword": {},
			"tag:minecraft:is_tool": {}
		},
		"events": {
			"damaged": {
				"sequence": [
					{
						"damage": {
							"type": "none",
							"amount": 1,
							"target": "self"
						}
					},
					{
						"randomize": [
							{
								"weight": 90
							},
							{
								"weight": 10,
								"damage": {
									"amount": 26,
									"mob_amount": 26,
									"target": "other",
									"type": "entity_attack"
								},
								"run_command": {
									"command": [
										"playsound hit.bonus @a ~ ~ ~ 10"
									]
								}
							}
						]
					},
					{
						"randomize": [
							{
								"weight": 95
							},
							{
								"weight": 5,
								"add_mob_effect": {
									"effect": "weakness",
									"amplifier": 1,
									"duration": 3,
									"target": "other"
								}
							}
						]
					}
				]
			},
			"on_tool_used": {
				"damage": {
					"type": "none",
					"amount": 2,
					"target": "self"
				}
			}
		}
	}
}