{
  "crossbow.loading.start": {
    "category": "neutral",
    "sounds": [
      "sounds/crossbow/loading_start"
    ]
  },
  "crossbow.loading.middle": {
    "category": "neutral",
    "sounds": [
      "sounds/crossbow/loading_middle1",
      "sounds/crossbow/loading_middle2",
      "sounds/crossbow/loading_middle3",
      "sounds/crossbow/loading_end"
    ]
  },
  "crossbow.shoot": {
    "category": "neutral",
    "sounds": [
      "sounds/crossbow/shoot1",
      "sounds/crossbow/shoot2",
      "sounds/crossbow/shoot3"
    ]
  },
  "crossbow.quick_charge.start": {
    "category": "neutral",
    "sounds": [
      "sounds/crossbow/quick_charge/quick1_1",
      "sounds/crossbow/quick_charge/quick2_1",
      "sounds/crossbow/quick_charge/quick3_1"
    ]
  },
  "crossbow.quick_charge.middle": {
    "category": "neutral",
    "sounds": [
      "sounds/crossbow/quick_charge/quick1_2",
      "sounds/crossbow/quick_charge/quick2_2",
      "sounds/crossbow/loading_end"
    ]
  },
  "crossbow.quick_charge.end": {
    "category": "neutral",
    "sounds": [
      "sounds/crossbow/quick_charge/quick1_2",
      "sounds/crossbow/quick_charge/quick2_3",
      "sounds/crossbow/quick_charge/quick3_3"
    ]
  },
  "mob.pillager.idle": {
    "sounds": [
      "sounds/mob/pillager/idle1",
      "sounds/mob/pillager/idle2",
      "sounds/mob/pillager/idle3",
      "sounds/mob/pillager/idle4",
      "sounds/mob/pillager/idle5",
      "sounds/mob/pillager/idle6",
      "sounds/mob/pillager/idle7"
    ]
  },
  "mob.pillager.hurt": {
    "sounds": [
      "sounds/mob/pillager/hurt1",
      "sounds/mob/pillager/hurt2",
      "sounds/mob/pillager/hurt3",
      "sounds/mob/pillager/hurt4"
    ]
  },
  "mob.pillager.death": {
    "sounds": [
      "sounds/mob/pillager/death1",
      "sounds/mob/pillager/death2",
      "sounds/mob/pillager/death3",
      "sounds/mob/pillager/death4",
      "sounds/mob/pillager/death5"
    ]
  },
  "mob.vindicator.idle": {
    "sounds": [
      "sounds/mob/vindicator/idle1",
      "sounds/mob/vindicator/idle2",
      "sounds/mob/vindicator/idle3",
      "sounds/mob/vindicator/idle4",
      "sounds/mob/vindicator/idle5"
    ]
  },
  "mob.sword.sweep": {
    "category": "neutral",
    "sounds": [
      "sounds/mob/attack/sweep1",
      "sounds/mob/attack/sweep2",
      "sounds/mob/attack/sweep3",
      "sounds/mob/attack/sweep4",
      "sounds/mob/attack/sweep5",
      "sounds/mob/attack/sweep6",
      "sounds/mob/attack/sweep6",
      "sounds/mob/attack/sweep7"
    ]
  },
  "mob.royal_guard.attack": {
    "category": "neutral",
    "sounds": [
      "sounds/mob/maceattack/attack1",
      "sounds/mob/maceattack/attack2",
      "sounds/mob/maceattack/attack3"
    ]
  },
  "mob.royal_guard.step": {
    "category": "neutral",
    "sounds": [
      "sounds/mob/royalguardstep/step1",
      "sounds/mob/royalguardstep/step2",
      "sounds/mob/royalguardstep/step3",
      "sounds/mob/royalguardstep/step4",
      "sounds/mob/royalguardstep/step5",
      "sounds/mob/royalguardstep/step6"
    ]
  },
  "mob.royal_guard.shield_break": {
    "category": "neutral",
    "sounds": [
      "sounds/mob/shield_break/shield_break1",
      "sounds/mob/shield_break/shield_break2",
      "sounds/mob/shield_break/shield_break3"
    ]
  }
}