{
	"format_version": "1.12.0",
	"minecraft:geometry": [
		{
			"description": {
				"identifier": "geometry.cannonblock1",
				"texture_width": 64,
				"texture_height": 64,
				"visible_bounds_width": 5,
				"visible_bounds_height": 3,
				"visible_bounds_offset": [
					0,
					0.5,
					0
				]
			},
			"bones": [
				{
					"name": "root",
					"pivot": [
						0,
						0,
						0
					],
					"rotation": [
						0,
						-90,
						0
					],
					"cubes": [
						{
							"origin": [
								-8,
								0,
								-8
							],
							"size": [
								16,
								5,
								16
							],
							"uv": [
								0,
								43
							]
						},
						{
							"origin": [
								-8,
								5,
								5
							],
							"size": [
								16,
								5,
								3
							],
							"pivot": [
								0,
								0,
								0
							],
							"rotation": [
								0,
								-90,
								0
							],
							"uv": [
								0,
								32
							]
						},
						{
							"origin": [
								-8,
								5,
								-8
							],
							"size": [
								16,
								5,
								3
							],
							"pivot": [
								0,
								0,
								0
							],
							"rotation": [
								0,
								-90,
								0
							],
							"uv": [
								0,
								32
							]
						},
						{
							"origin": [
								-8,
								10,
								-8
							],
							"size": [
								9,
								5,
								3
							],
							"pivot": [
								0,
								0,
								0
							],
							"rotation": [
								0,
								-90,
								0
							],
							"uv": [
								0,
								43
							]
						},
						{
							"origin": [
								-8,
								10,
								5
							],
							"size": [
								9,
								5,
								3
							],
							"pivot": [
								0,
								0,
								0
							],
							"rotation": [
								0,
								-90,
								0
							],
							"uv": [
								0,
								43
							]
						},
						{
							"origin": [
								-9,
								6,
								-5
							],
							"size": [
								17,
								10,
								10
							],
							"pivot": [
								0,
								0,
								0
							],
							"rotation": [
								0,
								-90,
								0
							],
							"uv": [
								0,
								0
							]
						},
						{
							"origin": [
								-26,
								7,
								-4
							],
							"size": [
								17,
								8,
								8
							],
							"pivot": [
								0,
								0,
								0
							],
							"rotation": [
								0,
								-90,
								0
							],
							"uv": [
								0,
								16
							]
						},
						{
							"origin": [
								8,
								8,
								-4
							],
							"size": [
								1,
								7,
								8
							],
							"pivot": [
								0,
								0,
								0
							],
							"rotation": [
								0,
								-90,
								0
							],
							"uv": [
								0,
								0
							]
						}
					]
				}
			]
		}
	]
}