{
  "format_version": "1.16.0",
  "minecraft:entity": {
    "description": {
      "identifier": "mv:copper_golem",
      "is_spawnable": true,
      "is_summonable": true,
      "is_experimental": false
    },
    "component_groups": {
      "wax_on": {
        "minecraft:timer": {},
        "minecraft:mark_variant": {
          "value": 1
        }
      },
      "wax_off": {
        "minecraft:mark_variant": {
          "value": 0
        }
      },
      "default": {
        "minecraft:timer": {
          "looping": true,
          "randomInterval": true,
          "time": [
            300,
            900
          ],
          "time_down_event": {
            "event": "become_exposed"
          }
        },
        "minecraft:variant": {
          "value": 0
        },
        "minecraft:navigation.walk": {
          "can_path_over_water": true,
          "avoid_water": true,
          "avoid_damage_blocks": true
        },
        "minecraft:movement.basic": {},
        "minecraft:jump.static": {},
        "minecraft:can_climb": {},
        "minecraft:behavior.random_stroll": {
          "priority": 6,
          "speed_multiplier": 0.8
        },
        "minecraft:movement": {
          "value": 0.25
        },
        "minecraft:behavior.look_at_player": {
          "priority": 7,
          "look_distance": 6,
          "probability": 0.02
        },
        "minecraft:behavior.random_look_around": {
          "priority": 9
        }
      },
      "exposed": {
        "minecraft:timer": {
          "looping": true,
          "randomInterval": true,
          "time": [
            300,
            900
          ],
          "time_down_event": {
            "event": "become_weathered"
          }
        },
        "minecraft:variant": {
          "value": 1
        },
        "minecraft:navigation.walk": {
          "can_path_over_water": true,
          "avoid_water": true,
          "avoid_damage_blocks": true
        },
        "minecraft:movement.basic": {},
        "minecraft:jump.static": {},
        "minecraft:can_climb": {},
        "minecraft:behavior.random_stroll": {
          "priority": 6,
          "speed_multiplier": 0.8
        },
        "minecraft:movement": {
          "value": 0.225
        },
        "minecraft:behavior.look_at_player": {
          "priority": 7,
          "look_distance": 6,
          "probability": 0.02
        },
        "minecraft:behavior.random_look_around": {
          "priority": 9
        }
      },
      "weathered": {
        "minecraft:timer": {
          "looping": true,
          "randomInterval": true,
          "time": [
            300,
            900
          ],
          "time_down_event": {
            "event": "become_oxidised"
          }
        },
        "minecraft:variant": {
          "value": 2
        },
        "minecraft:navigation.walk": {
          "can_path_over_water": true,
          "avoid_water": true,
          "avoid_damage_blocks": true
        },
        "minecraft:movement.basic": {},
        "minecraft:jump.static": {},
        "minecraft:can_climb": {},
        "minecraft:behavior.random_stroll": {
          "priority": 6,
          "speed_multiplier": 0.8
        },
        "minecraft:movement": {
          "value": 0.2
        },
        "minecraft:behavior.look_at_player": {
          "priority": 7,
          "look_distance": 6,
          "probability": 0.02
        },
        "minecraft:behavior.random_look_around": {
          "priority": 9
        }
      },
      "oxidised": {
        "minecraft:variant": {
          "value": 3
        },
        "minecraft:movement": {
          "value": 0
        }
      },
      "button_presser": {
        "minecraft:behavior.move_to_block": {
          "goal_radius": 0.01,
          "search_height": 1,
          "search_range": 8,
          "speed_multiplier": 1.1,
          "priority": 1,
          "stay_duration": 40,
          "tick_interval": 100,
          "start_chance": 0.6,
          "target_blocks": [
            "light_weighted_pressure_plate",
            "heavy_weighted_pressure_plate",
            "stone_pressure_plate",
            "oak_pressure_plate",
            "spruce_pressure_plate",
            "birch_pressure_plate",
            "jungle_pressure_plate",
            "acacia_pressure_plate",
            "dark_oak_pressure_plate",
            "mangrove_pressure_plate",
            "bamboo_pressure_plate",
            "cherry_pressure_plate",
            "crimson_pressure_plate",
            "warped_pressure_plate",
            "polished_blackstone_pressure_plate"
          ],
          "on_stay_completed": [
            {
              "event": "mv:activate_button"
            }
          ],
          "on_reach": [
            {
              "event": "mv:press"
            }
          ]
        }
      },
      "button_cooldown": {
        "minecraft:behavior.avoid_block": {
          "priority": 1,
          "search_range": 2,
          "search_height": 1,
          "walk_speed_modifier": 1.05,
          "target_blocks": [
            "light_weighted_pressure_plate",
            "heavy_weighted_pressure_plate",
            "stone_pressure_plate",
            "oak_pressure_plate",
            "spruce_pressure_plate",
            "birch_pressure_plate",
            "jungle_pressure_plate",
            "acacia_pressure_plate",
            "dark_oak_pressure_plate",
            "mangrove_pressure_plate",
            "bamboo_pressure_plate",
            "cherry_pressure_plate",
            "crimson_pressure_plate",
            "warped_pressure_plate",
            "polished_blackstone_pressure_plate"
          ],
          "target_selection_method": "nearest",
          "tick_interval": 1
        },
        "minecraft:drying_out_timer": {
          "total_time": 10,
          "water_bottle_refill_time": 0,
          "dried_out_event": {
            "event": "mv:cooldown_over"
          }
        }
      }
    },
    "components": {
      "minecraft:is_hidden_when_invisible": {},
      "minecraft:damage_sensor": {
        "triggers": [
          {
            "cause": "lightning",
            "deals_damage": false
          }
        ]
      },
      "minecraft:loot": {
        "table": "loot_tables/entities/copper_golem.json"
      },
      "minecraft:type_family": {
        "family": [
          "copper_golem",
          "golem",
          "mob"
        ]
      },
        "minecraft:scale": {
            "value": 1.5
      },
      "minecraft:collision_box": {
        "width": 0.5,
        "height": 0.95
      },
      "minecraft:nameable": {},
      "minecraft:health": {
        "value": 20,
        "max": 20
      },
      "minecraft:interact": {
        "interactions": [
          {
            "on_interact": {
              "filters": {
                "all_of": [
                  {
                    "any_of": [
                      {
                        "test": "has_equipment",
                        "subject": "other",
                        "domain": "hand",
                        "value": "wooden_axe"
                      },
                      {
                        "test": "has_equipment",
                        "subject": "other",
                        "domain": "hand",
                        "value": "stone_axe"
                      },
                      {
                        "test": "has_equipment",
                        "subject": "other",
                        "domain": "hand",
                        "value": "golden_axe"
                      },
                      {
                        "test": "has_equipment",
                        "subject": "other",
                        "domain": "hand",
                        "value": "iron_axe"
                      },
                      {
                        "test": "has_equipment",
                        "subject": "other",
                        "domain": "hand",
                        "value": "diamond_axe"
                      },
                      {
                        "test": "has_equipment",
                        "subject": "other",
                        "domain": "hand",
                        "value": "netherite_axe"
                      }
                    ]
                  },
                  {
                    "test": "is_variant",
                    "subject": "self",
                    "operator": "==",
                    "value": 1
                  },
                  {
                    "test": "is_mark_variant",
                    "subject": "self",
                    "operator": "==",
                    "value": 0
                  }
                ]
              },
              "event": "scrape_to_default",
              "target": "self"
            },
            "use_item": false,
            "hurt_item": 1,
            "interact_text": "action.interact.golem_scrape",
            "vibration": "shear"
          },
          {
            "on_interact": {
              "filters": {
                "all_of": [
                  {
                    "any_of": [
                      {
                        "test": "has_equipment",
                        "subject": "other",
                        "domain": "hand",
                        "value": "wooden_axe"
                      },
                      {
                        "test": "has_equipment",
                        "subject": "other",
                        "domain": "hand",
                        "value": "stone_axe"
                      },
                      {
                        "test": "has_equipment",
                        "subject": "other",
                        "domain": "hand",
                        "value": "golden_axe"
                      },
                      {
                        "test": "has_equipment",
                        "subject": "other",
                        "domain": "hand",
                        "value": "iron_axe"
                      },
                      {
                        "test": "has_equipment",
                        "subject": "other",
                        "domain": "hand",
                        "value": "diamond_axe"
                      },
                      {
                        "test": "has_equipment",
                        "subject": "other",
                        "domain": "hand",
                        "value": "netherite_axe"
                      }
                    ]
                  },
                  {
                    "test": "is_variant",
                    "subject": "self",
                    "operator": "==",
                    "value": 2
                  },
                  {
                    "test": "is_mark_variant",
                    "subject": "self",
                    "operator": "==",
                    "value": 0
                  }
                ]
              },
              "event": "scrape_to_exposed",
              "target": "self"
            },
            "use_item": false,
            "hurt_item": 1,
            "interact_text": "action.interact.golem_scrape",
            "vibration": "shear"
          },
          {
            "on_interact": {
              "filters": {
                "all_of": [
                  {
                    "any_of": [
                      {
                        "test": "has_equipment",
                        "subject": "other",
                        "domain": "hand",
                        "value": "wooden_axe"
                      },
                      {
                        "test": "has_equipment",
                        "subject": "other",
                        "domain": "hand",
                        "value": "stone_axe"
                      },
                      {
                        "test": "has_equipment",
                        "subject": "other",
                        "domain": "hand",
                        "value": "golden_axe"
                      },
                      {
                        "test": "has_equipment",
                        "subject": "other",
                        "domain": "hand",
                        "value": "iron_axe"
                      },
                      {
                        "test": "has_equipment",
                        "subject": "other",
                        "domain": "hand",
                        "value": "diamond_axe"
                      },
                      {
                        "test": "has_equipment",
                        "subject": "other",
                        "domain": "hand",
                        "value": "netherite_axe"
                      }
                    ]
                  },
                  {
                    "test": "is_variant",
                    "subject": "self",
                    "operator": "==",
                    "value": 3
                  },
                  {
                    "test": "is_mark_variant",
                    "subject": "self",
                    "operator": "==",
                    "value": 0
                  }
                ]
              },
              "event": "scrape_to_weathered",
              "target": "self"
            },
            "use_item": false,
            "hurt_item": 1,
            "interact_text": "action.interact.golem_scrape",
            "vibration": "shear"
          },
          {
            "on_interact": {
              "filters": {
                "all_of": [
                  {
                    "any_of": [
                      {
                        "test": "has_equipment",
                        "subject": "other",
                        "domain": "hand",
                        "value": "wooden_axe"
                      },
                      {
                        "test": "has_equipment",
                        "subject": "other",
                        "domain": "hand",
                        "value": "stone_axe"
                      },
                      {
                        "test": "has_equipment",
                        "subject": "other",
                        "domain": "hand",
                        "value": "golden_axe"
                      },
                      {
                        "test": "has_equipment",
                        "subject": "other",
                        "domain": "hand",
                        "value": "iron_axe"
                      },
                      {
                        "test": "has_equipment",
                        "subject": "other",
                        "domain": "hand",
                        "value": "diamond_axe"
                      },
                      {
                        "test": "has_equipment",
                        "subject": "other",
                        "domain": "hand",
                        "value": "netherite_axe"
                      }
                    ]
                  },
                  {
                    "test": "is_mark_variant",
                    "subject": "self",
                    "operator": "==",
                    "value": 1
                  }
                ]
              },
              "event": "wax_off",
              "target": "self"
            },
            "use_item": false,
            "hurt_item": 1,
            "interact_text": "action.interact.golem_dewax",
            "vibration": "shear"
          },
          {
            "on_interact": {
              "filters": {
                "all_of": [
                  {
                    "any_of": [
                      {
                        "test": "has_equipment",
                        "subject": "other",
                        "domain": "hand",
                        "value": "honeycomb"
                      }
                    ]
                  },
                  {
                    "test": "is_mark_variant",
                    "subject": "self",
                    "operator": "==",
                    "value": 0
                  }
                ]
              },
              "event": "wax_on",
              "target": "self"
            },
            "use_item": true,
            "interact_text": "action.interact.golem_wax",
            "vibration": "shear"
          }
        ]
      },
      "minecraft:hurt_on_condition": {
        "damage_conditions": [
          {
            "filters": {
              "test": "in_lava",
              "subject": "self",
              "operator": "==",
              "value": true
            },
            "cause": "lava",
            "damage_per_tick": 4
          }
        ]
      },
      "minecraft:balloonable": {},
      "minecraft:physics": {},
      "minecraft:pushable": {
        "is_pushable": true,
        "is_pushable_by_piston": true
      },
      "minecraft:conditional_bandwidth_optimization": {}
    },
    "events": {
      "mv:press": {},
      "mv:activate_button": {
        "add": {
          "component_groups": [
            "button_cooldown"
          ]
        },
        "remove": {
          "component_groups": [
            "button_presser"
          ]
        }
      },
      "minecraft:entity_spawned": {
        "add": {
          "component_groups": [
            "button_presser",
            "default",
            "wax_off"
          ]
        }
      },
      "mv:cooldown_over": {
        "add": {
          "component_groups": [
            "button_presser"
          ]
        },
        "remove": {
          "component_groups": [
            "button_cooldown"
          ]
        }
      },
      "wax_on": {
        "run_command": {
          "command": [
            "particle mv:wax_on"
          ]
        },
        "add": {
          "component_groups": [
            "wax_on"
          ]
        },
        "remove": {
          "component_groups": [
            "wax_off"
          ]
        }
      },
      "wax_off": {
        "run_command": {
          "command": [
            "particle mv:wax_off"
          ]
        },
        "add": {
          "component_groups": [
            "wax_off"
          ]
        },
        "remove": {
          "component_groups": [
            "wax"
          ]
        }
      },
      "scrape_to_default": {
        "run_command": {
          "command": [
            "particle mv:scrape"
          ]
        },
        "add": {
          "component_groups": [
            "default"
          ]
        },
        "remove": {
          "component_groups": [
            "exposed",
            "weathered",
            "oxidised"
          ]
        }
      },
      "scrape_to_exposed": {
        "run_command": {
          "command": [
            "particle mv:scrape"
          ]
        },
        "add": {
          "component_groups": [
            "exposed"
          ]
        },
        "remove": {
          "component_groups": [
            "default",
            "weathered",
            "oxidised"
          ]
        }
      },
      "scrape_to_weathered": {
        "run_command": {
          "command": [
            "particle mv:scrape"
          ]
        },
        "add": {
          "component_groups": [
            "weathered"
          ]
        },
        "remove": {
          "component_groups": [
            "exposed",
            "default",
            "oxidised"
          ]
        }
      },
      "become_exposed": {
        "add": {
          "component_groups": [
            "exposed"
          ]
        },
        "remove": {
          "component_groups": [
            "default",
            "weathered",
            "oxidised"
          ]
        }
      },
      "become_weathered": {
        "add": {
          "component_groups": [
            "weathered"
          ]
        },
        "remove": {
          "component_groups": [
            "exposed",
            "default",
            "oxidised"
          ]
        }
      },
      "become_oxidised": {
        "add": {
          "component_groups": [
            "oxidised"
          ]
        },
        "remove": {
          "component_groups": [
            "exposed",
            "weathered",
            "default"
          ]
        }
      }
    }
  }
}