{
  "format_version": "1.16.0",
  "minecraft:entity": {
    "description": {
      "identifier": "mv:crab",
      "is_spawnable": true,
      "is_summonable": true,
      "is_experimental": false
    },
    "component_groups": {
      "mv:crab_angry": {
        "minecraft:behavior.melee_attack": {
          "priority": 3,
          "melee_fov": 90.0,
          "speed_multiplier": 1.2,
          "track_target": false,
          "require_complete_path": true,
            "on_attack": {
              "event": "mv:calm",
                "target": "self"
          }
        },
        "minecraft:on_target_acquired": {
        }
      }
    },
    "components": {
      "minecraft:type_family": {
        "family": [ "crab", "mob" ]
      },
      "minecraft:is_hidden_when_invisible": {
      },
        "minecraft:on_target_acquired": {
          "event": "mv:become_angry",
          "target": "self"
      },
      "minecraft:loot": {
        "table": "loot_tables/entities/crab.json"
      },
      "minecraft:breathable": {
        "total_supply": 30,
        "suffocate_time": 0
      },
      "minecraft:health": {
        "value": 10,
        "max": 10
      },
      "minecraft:hurt_on_condition": {
        "damage_conditions": [
          {
            "filters": { "test": "in_lava", "subject": "self", "operator": "==", "value": true },
            "cause": "lava",
            "damage_per_tick": 4
          }
        ]
      },
      "minecraft:collision_box": {
        "width": 0.5,
        "height": 0.5
      },
      "minecraft:movement": {
        "value": 0.23
      },
      "minecraft:behavior.hurt_by_target": {
        "priority": 3
      },
      "minecraft:navigation.walk": {
        "can_path_over_water": true,
        "can_pass_doors": true,
        "can_open_doors": false,
        "avoid_water": true
      },
      "minecraft:movement.basic": {
      },
      "minecraft:jump.static": {
      },
      "minecraft:can_climb": {
      },
      "minecraft:behavior.float": {
        "priority": 0
      },
      "minecraft:conditional_bandwidth_optimization": {
      },
      "minecraft:behavior.random_stroll": {
        "priority": 7,
        "speed_multiplier": 0.7
      },
      "minecraft:attack": {
        "damage": 3
      },
      "minecraft:physics": {
      },
      "minecraft:behavior.tempt": {
        "priority": 4,
        "speed_multiplier": 1.25,
        "items": [
          "kelp"
        ]
      },
      "minecraft:pushable": {
        "is_pushable": true,
        "is_pushable_by_piston": true
      },
      "minecraft:nameable": {}
    },
    "events": {
      "mv:become_angry": {
        "add": {
          "component_groups": [
            "mv:crab_angry"
          ]
        }
      },
      "mv:calm": {
        "remove": {
          "component_groups": [
            "mv:crab_angry"
          ]
        }
      }
    }
  }
}