{
  "format_version": "1.16.0",
  "minecraft:entity": {
    "description": {
      "identifier": "mv:glare",
      "is_spawnable": true,
      "is_summonable": true,
      "is_experimental": false
    },
    "component_groups": {
      "mv:happy": {
        "minecraft:variant": { "value": 0 }
      },
      "mv:angry": {
        "minecraft:variant": { "value": 1 },
        "minecraft:is_shaking": {},
        "minecraft:despawn": {
          "despawn_from_distance": {}
        }
      }
    },
    "components": {
      "minecraft:behavior.tempt": {
        "priority": 4,
        "speed_multiplier": 1.25,
        "items": [
          "glow_berries"
        ]
      },
        "minecraft:interact": {
          "interactions": [
            {
              "on_interact": {
                "filters": {
                  "all_of": [
                    { "test": "has_equipment", "subject": "other", "domain": "hand", "value": "glow_berries"}
                  ]
                },
                "event": "mv:sparkle",
                "target": "self"
              },
              "use_item": true,
              "cooldown": 5,
              "play_sounds": "eat",
              "spawn_items": { "table": "loot_tables/entities/feed/glare.json" },
              "interact_text": "Feed",
              "vibration": "entity_interact"
            }
          ]
        },
        "minecraft:is_hidden_when_invisible": {},
        "minecraft:behavior.random_hover": {
            "priority": 12,
            "xz_dist": 4,
            "y_dist": 6,
            "y_offset": -1,
            "interval": 1,
            "hover_height": [
                1,
                4
            ]
        },
        "minecraft:leashable": {
            "soft_distance": 4,
            "hard_distance": 6,
            "max_distance": 10
        },
        "minecraft:environment_sensor":{
            "triggers": [
                {
                    "filters": {
                        "all_of":[
                            { "test": "light_level", "subject": "self", "operator": "<", "value": 1 }
                        ]
                      },
                      "event": "mv:glare_angry"
                },
                {
                    "filters": {
                        "all_of":[
                            { "test": "light_level", "subject": "self", "operator": ">", "value": 0 }
                        ]
                      },
                      "event": "mv:glare_calm"
                }
            ]
        },
        "minecraft:type_family": {
            "family": [ "glare", "mob" ]
        },
        "minecraft:breathable": {
            "totalSupply": 15,
            "suffocateTime": 0
        },
        "minecraft:behavior.float": {
            "priority": 19
        },
        "minecraft:conditional_bandwidth_optimization": {},
        "minecraft:damage_sensor": {
            "triggers": {
                "cause": "fall",
                "deals_damage": false
            }
        },
        "minecraft:hurt_on_condition": {
            "damage_conditions": [
                {
                    "filters": {
                        "test": "in_lava",
                        "subject": "self",
                        "operator": "==",
                        "value": true
                    },
                    "cause": "lava",
                    "damage_per_tick": 4
                }
            ]
        },
        "minecraft:can_fly": {},
        "minecraft:movement": {
            "value": 0.31
        },
        "minecraft:water_movement": {
            "value": 0.025
        },
        "minecraft:flying_speed": {
            "value": 0.13
        },
        "minecraft:navigation.hover": {
            "can_path_over_water": true,
            "can_sink": false,
            "can_pass_doors": false,
            "can_path_from_air": true,
            "avoid_water": true,
            "avoid_damage_blocks": true,
            "avoid_sun": false
        },
        "minecraft:movement.hover": {},
        "minecraft:jump.static": {},
        "minecraft:health": {
            "value": 8,
            "max": 8
        },
        "minecraft:nameable": {},
        "minecraft:physics": {},
        "minecraft:pushable": {
            "is_pushable": true,
            "is_pushable_by_piston": true
        },
        "minecraft:behavior.random_look_around": {
            "priority": 6,
            "look_time": 5
        },
        "minecraft:behavior.avoid_block": {
            "priority": 1,
            "search_range": 15,
            "search_height": 15,
            "walk_speed_modifier": 1.3,
            "target_blocks": [
                "minecraft:torch",
                "minecraft:redstone_torch",
                "minecraft:glowstone",
                "minecraft:seaLantern",
                "minecraft:sea_pickle",
                "minecraft:lantern",
                "minecraft:soul_lantern",
                "minecraft:lava",
                "minecraft:lava_cauldron",
                "minecraft:flowing_lava",
                "minecraft:campfire",
                "minecraft:soul_campfire",
                "minecraft:ochre_froglight",
                "minecraft:verdant_froglight",
                "minecraft:pearlescent_froglight",
                "minecraft:carved_pumpkin"
            ],
            "target_selection_method": "nearest",
            "tick_interval": 1
        },
        "minecraft:collision_box": {
            "width": 0.5,
            "height": 0.7
        },
        "minecraft:scale": {
            "value": 1.05
        }
      },
      "events": {
      "mv:glare_angry": {
        "sequence": [
          {
            "remove": {
              "component_groups": [
                "mv:happy"
              ]
            },
            "add": {
              "component_groups": [
                "mv:angry"
              ]
            }
          }
        ]
      },
      "mv:glare_calm": {
        "sequence": [
          {
            "remove": {
              "component_groups": [
                "mv:angry"
              ]
            },
            "add": {
              "component_groups": [
                "mv:happy"
              ]
            }
          }
        ]
      },
      "mv:sparkle": {
        "run_command":{
                "command":[
                  "particle mv:glare_sparkles"
             ]
         }
      },
      "minecraft:entity_spawned": {
        "add": {
              "component_groups": [
                "mv:happy"
              ]
           }
        }
    }
  }
}