{
  "format_version": "1.16.0",
  "minecraft:entity": {
    "description": {
      "identifier": "mv:iceologer",
      "is_spawnable": true,
      "is_summonable": true,
      "is_experimental": false
    },
    "components": {
      "minecraft:is_hidden_when_invisible": {
      },
      "minecraft:experience_reward": {
        "on_death": "10"
      },
      "minecraft:type_family": {
        "family": [ "iceologer", "monster", "illager", "mob" ]
      },
      "minecraft:breathable": {
        "total_supply": 15,
        "suffocate_time": 0
      },
      "minecraft:despawn": {
        "despawn_from_distance": {}
      },
      "minecraft:nameable": {
      },
      "minecraft:loot": {
        "table": "loot_tables/entities/iceologer.json"
      },
      "minecraft:health": {
        "value": 24,
        "max": 24
      },
      "minecraft:hurt_on_condition": {
        "damage_conditions": [
          {
            "filters": { "test": "in_lava", "subject": "self", "operator": "==", "value": true },
            "cause": "lava",
            "damage_per_tick": 4
          }
        ]
      },
      "minecraft:collision_box": {
        "width": 0.6,
        "height": 1.9
      },
      "minecraft:movement": {
        "value": 0.25
      },
      "minecraft:navigation.walk": {
        "can_path_over_water": true,
        "can_pass_doors": true,
        "can_open_doors": true,
        "avoid_water": true
      },
      "minecraft:movement.basic": {
      },
      "minecraft:jump.static": {
      },
      "minecraft:can_climb": {
      },
      "minecraft:behavior.float": {
        "priority": 0
      },
      "minecraft:behavior.summon_entity": {
        "priority": 2,

        "summon_choices": [
          {
            "min_activation_range": 3.0,
            "max_activation_range": 22.0,
            "cooldown_time": 5.0,
            "weight": 1,
            "cast_duration": 1.5,
            "start_sound_event": "cast.spell",
            "sequence": [
              {
                "shape": "circle",
                "target": "target",
                "base_delay": 1,
                "delay_per_summon": 0.0,
                "num_entities_spawned": 1,
                "entity_type": "mv:ice_chunk",
                "size": 0.1
              }
            ]
          }
        ]
      },
      "minecraft:behavior.avoid_mob_type": {
        "priority": 5,
        "entity_types": [
          {
            "filters": { "test" :  "is_family", "subject" : "other", "value" :  "player"},
            "max_dist": 6,
            "walk_speed_multiplier": 1.0,
            "sprint_speed_multiplier": 1.2
          }
        ]
      },
      "minecraft:behavior.random_stroll": {
        "priority": 8,
        "speed_multiplier": 0.9
      },
      "minecraft:behavior.nearest_attackable_target": {
        "priority": 2,
        "entity_types": [
          {
            "filters": {  
                "any_of": [
                  { "test" :  "is_family", "subject" : "other", "value" :  "player"},
                  { "test" :  "is_family", "subject" : "other", "value" :  "irongolem"},
                  { "test" :  "is_family", "subject" : "other", "value" :  "wandering_trader"}
                ] 
            },
            "max_dist": 20
          },
          {
            "filters": {
              "all_of": [
                { "test": "is_family", "subject": "other", "value": "villager" },
                { "test": "has_component", "subject": "other", "operator": "!=", "value": "minecraft:is_baby" }
              ]
            },
            "max_dist": 20
          }
        ],
        "must_see": true
      },

      "minecraft:behavior.look_at_player": {
        "priority": 9,
        "look_distance": 3.0,
        "probability": 1.0
      },
      "minecraft:behavior.look_at_entity": {
        "priority": 10,
        "look_distance": 8.0,
        "filters": { "test" :  "is_family", "subject" : "other", "value" :  "mob" }
      },
      "minecraft:behavior.hurt_by_target": {
        "priority": 1
      },
      "minecraft:persistent": {
      },
      "minecraft:physics": {
      },
      "minecraft:pushable": {
        "is_pushable": true,
        "is_pushable_by_piston": true
      },
      "minecraft:follow_range": {
        "value": 64
      },
      "minecraft:conditional_bandwidth_optimization": {
      }
    }
  }
}
