{
  "format_version": "1.16.0",
  "minecraft:entity": {
    "description": {
      "identifier": "mv:penguin",
      "is_spawnable": true,
      "is_summonable": true,
      "is_experimental": false
    },

    "component_groups": {
      "penguin_baby": {
        "minecraft:is_baby": {
        },
        "minecraft:scale": {
          "value": 0.5
        },
        "minecraft:ageable": {
          "duration": 1200,
          "feed_items": "cod_bucket",
          "transform_to_item": "water_bucket:0",
          "grow_up": {
            "event": "minecraft:ageable_grow_up",
            "target": "self"
          }
        },
        "minecraft:behavior.follow_parent": {
          "priority": 5,
          "speed_multiplier": 1.1
        }
      },
      "penguin_adult": {
        "minecraft:experience_reward": {
          "on_bred": "Math.Random(1,7)",
          "on_death": "query.last_hit_by_player ? Math.Random(1,3) : 0"
        },
        "minecraft:behavior.breed": {
          "priority": 1,
          "speed_multiplier": 1.0
        },
        "minecraft:breedable": {
          "require_tame": false,
          "breed_items": "cod_bucket",
          "transform_to_item": "water_bucket:0",
          "breeds_with": {
            "mate_type": "mv:penguin",
            "baby_type": "mv:penguin",
            "breed_event": {
              "event": "minecraft:entity_born",
              "target": "baby"
            }
          }
        }
      }
    },

    "components": {
      "minecraft:is_hidden_when_invisible": {
      },
      "minecraft:type_family": {
        "family": [ "penguin", "mob" ]
      },
      "minecraft:collision_box": {
        "width": 0.6,
        "height": 1.2
      },
      "minecraft:breathable": {
        "total_supply": 100,
        "suffocate_time": 0,
        "breathes_air": true,
        "breathes_water": true,
        "generates_bubbles": false
      },
      "minecraft:nameable": {
      },
      "minecraft:health": {
        "value": 14
      },
      "minecraft:hurt_on_condition": {
        "damage_conditions": [
          {
            "filters": {
              "test": "in_lava",
              "subject": "self",
              "operator": "==",
              "value": true
            },
            "cause": "lava",
            "damage_per_tick": 4
          }
        ]
      },
      "minecraft:navigation.generic": {
        "is_amphibious": true,
        "can_path_over_water": true,
        "can_swim": true,
        "can_walk": true,
        "can_sink": false,
        "avoid_damage_blocks": true
      },
      "minecraft:movement.amphibious": {
        "max_turn": 15.0
      },
      "minecraft:movement": {
        "value": 0.15
      },
      "minecraft:underwater_movement": {
        "value": 0.2
      },
      "minecraft:jump.static": {
      },
      "minecraft:physics": {
      },
      "minecraft:pushable": {
        "is_pushable": true,
        "is_pushable_by_piston": true
      },
      "minecraft:leashable": {
        "soft_distance": 4.0,
        "hard_distance": 6.0,
        "max_distance": 10.0
      },
      "minecraft:behavior.swim_with_entity": {
        "priority": 4,
        "success_rate": 0.1,
        "chance_to_stop": 0.0333,
        "state_check_interval": 0.5,
        "catch_up_threshold": 12.0,
        "match_direction_threshold": 2.0,
        "catch_up_multiplier": 2.5,
        "speed_multiplier": 1.5,
        "search_range": 20.0,
        "stop_distance": 5.0,

        "entity_types": [
          {
            "filters": { "test": "is_family", "subject": "other", "value": "player" }
          }
        ]
      },
      "minecraft:despawn": {
        "despawn_from_distance": {}
      },
      "minecraft:behavior.tempt": {
        "priority": 2,
        "speed_multiplier": 1.1,
        "can_tempt_vertically": true,
        "items": [
          "cod_bucket"
        ]
      },
      "minecraft:behavior.random_swim": {
        "priority": 8,
        "interval": 0,
        "xz_dist": 30,
        "y_dist": 15
      },
      "minecraft:behavior.random_stroll": {
        "priority": 9,
        "interval": 100
      },
      "minecraft:behavior.look_at_player": {
        "priority": 10,
        "target_distance": 6.0,
        "probability": 0.02
      }
    },

    "events": {
      "minecraft:entity_spawned": {
        "randomize": [
          {
            "weight": 95,
            "remove": {
            },
            "add": {
              "component_groups": [
                "penguin_adult"
              ]
            }
          },
          {
            "weight": 5,
            "remove": {
            },
            "add": {
              "component_groups": [
                "penguin_baby"
              ]
            }
          }
        ]
      },
      "minecraft:entity_born": {
        "sequence": [
          {
            "remove": {
              "component_groups": [
                "penguin_adult"
              ]
            },
            "add": {
              "component_groups": [
                "penguin_baby"
              ]
            }
          }
        ]
      },

      "minecraft:ageable_grow_up": {
        "remove": { "component_groups": [ "penguin_baby" ] },
        "add": { "component_groups": [ "penguin_adult" ] }
      }
    }
  }
}
