{
  "format_version": "1.10.0",
  "minecraft:entity": {
    "description": {
      "identifier": "mv:rascal",
      "is_spawnable": true,
      "is_summonable": true,
      "is_experimental": false
    },
    "component_groups": {
      "behavior_hide": {
        "minecraft:movement": {
        "value": 0.55
        },
      "minecraft:behavior.avoid_mob_type": {
        "priority": 1,
        "entity_types": [
          {
            "filters": {
              "any_of": [
                {
                  "test": "is_family",
                  "subject": "other",
                  "value": "player"
                }
              ]
            },
            "max_dist": 60,
            "walk_speed_multiplier": 1.5,
            "sprint_speed_multiplier": 1.6
          }
        ]
      }
    },
      "behavior_found": {
        "minecraft:movement": {
        "value": 0.35
        }
      }
    },
    "components": {
      "minecraft:type_family": {
        "family": [
          "rascal",
          "mob"
        ]
      },
      "minecraft:breathable": {
        "totalSupply": 15,
        "suffocateTime": 0
      },
      "minecraft:health": {
        "value": 12,
        "max": 12
      },
      "minecraft:collision_box": {
        "height": 0.9,
        "width": 0.8
      },
      "minecraft:nameable": {
        "alwaysShow": false,
        "allowNameTagRenaming": true
      },
      "minecraft:movement": {
        "value": 0.3
      },
      "minecraft:navigation.walk": {
        "is_amphibious": true,
        "can_path_over_water": true,
        "can_pass_doors": true,
        "can_open_doors": true,
        "can_walk": true,
        "avoid_water": true
      },
      "minecraft:movement.basic": {},
      "minecraft:jump.static": {},
      "minecraft:can_climb": {},
      "minecraft:behavior.float": {
        "priority": 0
      },
      "minecraft:behavior.panic": {
        "priority": 3,
        "speed_multiplier": 1.1
      },
      "minecraft:behavior.random_stroll": {
        "priority": 11,
        "speed_multiplier": 0.7
      },
      "minecraft:physics": {},
      "minecraft:experience_reward": {
        "on_death": "query.last_hit_by_player ? 30 : 0"
      },
      "minecraft:underwater_movement": {
        "value": 0.02
     },
      "minecraft:loot": {
        "table": "loot_tables/entities/rascal.json"
      },
      "minecraft:scale": {
        "value": 1.17
      }
    },
    "events": {
      "mv:hide": {
        "add": {
          "component_groups": [
            "behavior_hide"
          ]
        }
      },
      "mv:found": {
        "remove": {
          "component_groups": [
            "behavior_hide"
          ]
        },
        "add": {
          "component_groups": [
            "behavior_found"
              ]
            }
          }
        }
      }
    }
  }
}