{
  "format_version": "1.16.0",
  "minecraft:entity": {
    "description": {
      "identifier": "mv:tuff_golem",
      "is_spawnable": true,
      "is_summonable": true,
      "is_experimental": false
    },
    "components": {
      "minecraft:type_family": {
        "family": [
          "tuff_golem",
          "mob"
        ]
      },
      "minecraft:breathable": {
        "totalSupply": 15,
        "suffocateTime": 0
      },
      "minecraft:health": {
        "value": 20,
        "max": 20
      },
      "minecraft:collision_box": {
        "height": 0.9,
        "width": 0.66
      },
      "minecraft:inventory": {
        "inventory_size": 1
      },
      "minecraft:interact": {
        "interactions": [
          {
            "on_interact": {
              "filters": {
                "all_of": [
                  {
                    "test": "is_family",
                    "subject": "other",
                    "value": "player"
                  },
                  {
                    "test": "is_sneaking",
                    "subject": "other",
                    "value": false
                  }
                ]
              }
            },
            "give_item": true,
            "take_item": true,
            "interact_text": "action.interact.tuff"
          }
        ]
      },
      "minecraft:nameable": {
        "alwaysShow": false,
        "allowNameTagRenaming": true
      },
      "minecraft:movement": {
        "value": 0.2
      },
      "minecraft:navigation.walk": {
        "is_amphibious": true,
        "can_path_over_water": true,
        "can_walk": true,
        "avoid_water": true
      },
      "minecraft:movement.basic": {},
      "minecraft:jump.static": {},
      "minecraft:can_climb": {},
      "minecraft:behavior.random_stroll": {
        "priority": 4,
        "speed_multiplier": 0.7
      },
      "minecraft:physics": {},
      "minecraft:underwater_movement": {
        "value": 0.02
     },
      "minecraft:loot": {
        "table": "loot_tables/entities/tuff_golem.json"
      }
    },
    "events": {
      "mv:hide": {
        "add": {
          "component_groups": [
            "behavior_hide"
          ]
        }
      },
      "mv:found": {
        "remove": {
          "component_groups": [
            "behavior_hide"
          ]
        },
        "add": {
          "component_groups": [
            "behavior_found"
              ]
            }
          }
        }
      }
    }
  }
}