{
  "format_version": "1.10.0",
  "animation_controllers": {
    "controller.animation.snowpart": {
      "states": {
        "default": {
          "transitions": [ { "walking": "(1.0)" } ],
          "on_entry": [
					"/replaceitem entity @e[r=2, type=pvz:explorer_zombie] slot.weapon.mainhand 0 pvz:great_torch_off",
            "/particle pvz:snowflake ~ ~ ~"
	        ]
        },
        "walking": {
          "transitions": [ { "default": "(1.0)" } ],
          "on_entry": [
					"/replaceitem entity @e[r=2, type=pvz:explorer_zombie] slot.weapon.mainhand 0 pvz:great_torch_off",
            "/particle pvz:snowflake ~ ~ ~"
          ]
        }
      }
    }
  }
}