{
  "format_version":"1.16.0",
  "minecraft:entity":{
    "description":{
      "identifier":"plant:cherry_bomb",
      "is_spawnable":false,
      "is_summonable":true,
      "is_experimental":false,
      "runtime_identifier":"minecraft:arrow"
    },
    "component_groups":{
      "serp:thrown":{
      "minecraft:projectile":{
    "on_hit":{"impact_damage":{"damage":3,"knockback":false,"semi_random_diff_damage":false},"definition_event":{"event_trigger":{"event":"serp:exploding"}}},
    "power":0.6,"angle_offset":-25,"gravity":0.05,"inertia":1,"liquid_inertia":1,"uncertainty_base":0,"uncertainty_multiplier":0,"anchor":1,"offset":[0,-0.1,0]
        }
      },
      "serp:despawn":{
	"minecraft:transformation":{"into":"serp:despawn","delay":{"value":0.1}}
      }
    },
    "components":{
      "minecraft:mark_variant":{"value":3},
	    "minecraft:is_shaking":{},
      "minecraft:type_family":{"family":["plants","cherry_bomb"]},
      "minecraft:collision_box":{"width":1,"height":1},
      "minecraft:projectile":{
    "on_hit":{"impact_damage":{"damage":3,"knockback":false,"semi_random_diff_damage":false},"definition_event":{"event_trigger":{"event":"serp:exploding"}}},
    "power":0.6,"angle_offset":-25,"gravity":0.05,"inertia":1,"liquid_inertia":1,"uncertainty_base":0,"uncertainty_multiplier":0,"anchor":1,"offset":[0,-0.1,0]
      },
      "minecraft:physics":{},
      "minecraft:pushable":{"is_pushable":false,"is_pushable_by_piston":true},
      "minecraft:conditional_bandwidth_optimization":{
        "default_values":{
          "max_optimized_distance":80.0,
          "max_dropped_ticks":7,
          "use_motion_prediction_hints":true
        }
      }
    },
    "events":{
"minecraft:entity_spawned":{"add":{"component_groups":["serp:thrown"]}},
"serp:exploding":{"remove":{"component_groups":["serp:thrown"]},"add":{"component_groups":["serp:despawn"]},"run_command":{"command":["particle serp:powie ~~~","particle serp:powie_mol ~~~","playsound mob.cherry_bomb.explode @p ~~~ 2","damage @e[family=!player,family=!plants,r=3,tag=!riding] 50 none","event entity @e[family=!player,family=!plants,r=3,tag=!riding] serp:burned","kill @s"]}}
    }
  }
}