{
  "format_version":"1.16.0",
  "minecraft:entity":{
    "description":{
      "identifier":"plant:chomper",
      "is_spawnable":false,
      "is_summonable":true,
      "is_experimental":false
    },
    "component_groups":{
      "serp:empty":{
        "minecraft:entity_sensor":{
          "sensor_range":1.25,"relative_range":false,"minimum_count":1,
          "event_filters":{"all_of":[{"test":"is_family","subject":"other","value":"monster"},{"test":"is_family","subject":"other","operator":"!=","value":"pole_on"},{"test":"is_family","subject":"other","operator":"!=","value":"mecha"}]},"event":"serp:fill"}
      },
      "serp:full":{"minecraft:is_shaking":{},"minecraft:timer":{"looping":false,"time":20,"time_down_event":{"event":"serp:void"}}},
      "serp:despawn":{"minecraft:transformation":{"into":"serp:despawn"}}
    },
    "components":{
      "minecraft:mark_variant":{"value":3},
      "minecraft:collision_box":{"width":0.6,"height":1.6},
      "minecraft:type_family":{"family":["plants","chomper"]},
      "minecraft:ageable":{"duration":600,"grow_up":{"event":"serp:remove"}},
      "minecraft:knockback_resistance":{"value":1},
      "minecraft:health":{"value":20},
      "minecraft:damage_sensor":{
        "triggers":[
{"on_damage":{"filters":{"test":"has_damage","value":"fatal"},"event":"serp:remove"},"deals_damage":false},
{"on_damage":{"filters":{"all_of":[{"test":"is_family","subject":"other","operator":"!=","value":"monster"},{"test":"is_family","subject":"other","operator":"!=","value":"mob"}]}},"deals_damage":false}
        ]
      },
      "minecraft:hurt_on_condition":{"damage_conditions":[{"filters":{"test":"in_lava"},"cause":"lava","damage_per_tick":4}]},
      "minecraft:physics":{},
      "minecraft:behavior.look_at_entity":{"priority":4,"look_distance":8,"probability":1,"look_time":1,"filters":{"test":"is_family","subject":"other","value":"monster"}},
      "minecraft:pushable":{"is_pushable":false,"is_pushable_by_piston":true},
      "minecraft:conditional_bandwidth_optimization":{}
    },
    "events":{
"minecraft:entity_spawned":{"add":{"component_groups":["serp:empty"]}},
"serp:fill":{"add":{"component_groups":["serp:full"]},"remove":{"component_groups":["serp:empty"]},"run_command":{"command":["playanimation @s animation.chomper.attack","damage @e[family=monster,c=1] 50"]}},
"serp:void":{"add":{"component_groups":["serp:empty"]},"remove":{"component_groups":["serp:full"]}},
"serp:remove":{"add":{"component_groups":["serp:despawn"]}}
    }
  }
}