{
  "format_version":"1.16.0",
  "minecraft:entity":{
    "description":{
      "identifier":"plant:fume_shroom",
      "is_spawnable":false,
      "is_summonable":true,
      "is_experimental":false
    },
    "component_groups":{
      "serp:night":{
    "minecraft:behavior.hurt_by_target":{
        "priority":1
      },
      "minecraft:behavior.nearest_attackable_target":{
        "priority":2,
        "must_see":true,
        "reselect_targets":true,
        "entity_types":[
{"filters":{"all_of":[{"test":"is_family","subject":"other","value":"monster"},{"test":"has_tag","subject":"other","operator":"!=","value":"hypnotized"},{"test":"is_daytime","value":false}]},"max_dist":16}
        ]
      },
      "minecraft:behavior.ranged_attack":{
        "priority":0,"attack_interval":0.7,
        "attack_radius":16.0,"swing":true
      },
      "minecraft:shooter":{"def":"serp:fume_spore"}
      },
      "serp:despawn":{
	"minecraft:transformation":{"into":"serp:despawn"}
      }
    },
    "components":{
      "minecraft:mark_variant":{"value":2},
      "minecraft:collision_box":{"width":0.55,"height":0.7},
      "minecraft:ageable":{"duration":600,"grow_up":{"event":"serp:remove"}},
      "minecraft:knockback_resistance":{"value":1},
      "minecraft:type_family":{"family":["plants","fume_shroom","night"]},
      "minecraft:health":{"value":20},
      "minecraft:scheduler":{
        "scheduled_events":[
{"filters":{"test":"is_daytime","value":true},"event":"serp:day"},
{"filters":{"test":"is_daytime","value":false},"event":"serp:night"}
        ]
      },
      "minecraft:damage_sensor":{
        "triggers":[
{"on_damage":{"filters":{"test":"has_damage","value":"fatal"},"event":"serp:remove"},"deals_damage":false},
{"on_damage":{"filters":{"all_of":[{"test":"is_family","subject":"other","operator":"!=","value":"monster"},{"test":"is_family","subject":"other","operator":"!=","value":"mob"}]}},"deals_damage":false}
        ]
      },
      "minecraft:navigation.walk":{},
      "minecraft:hurt_on_condition":{"damage_conditions":[{"filters":{"test":"in_lava"},"cause":"lava","damage_per_tick":4}]},
      "minecraft:physics":{},
      "minecraft:behavior.look_at_entity":{"priority":4,"look_distance":8,"probability":1,"look_time":1,"filters":{"test":"is_family","subject":"other","value":"monster"}},
      "minecraft:pushable":{
        "is_pushable":false,
        "is_pushable_by_piston":true
      },
      "minecraft:conditional_bandwidth_optimization":{}
    },
    "events":{
"serp:day":{"remove":{"component_groups":["serp:night"]}},
"serp:night":{"add":{"component_groups":["serp:night"]}},
"serp:remove":{"add":{"component_groups":["serp:despawn"]}}
    }
  }
}