{
  "format_version":"1.16.0",
  "minecraft:entity":{
    "description":{
      "identifier":"plant:hypno_shroom",
      "is_spawnable":false,
      "is_summonable":true,
      "is_experimental":false
    },
    "component_groups":{
      "serp:despawn":{"minecraft:transformation":{"into":"serp:despawn"}}
    },
    "components":{
      "minecraft:mark_variant":{"value":3},
      "minecraft:type_family":{"family":["plants","hypno_shroom"]},
      "minecraft:ageable":{"duration":600,"grow_up":{"event":"serp:remove"}},
      "minecraft:knockback_resistance":{"value":1},
      "minecraft:collision_box":{"width":0.5,"height":0.8},
      "minecraft:health":{"value":1},
      "minecraft:damage_sensor":{
        "triggers":[
{"on_damage":{"filters":{"all_of":[{"test":"has_damage","value":"fatal"},{"test":"is_daytime","value":false},{"test":"is_family","subject":"other","value":"monster"}]},"event":"serp:hypnotized","target":"other"}},
{"on_damage":{"filters":{"all_of":[{"test":"is_family","subject":"other","operator":"!=","value":"monster"},{"test":"is_family","subject":"other","operator":"!=","value":"mob"}]}},"deals_damage":false}
        ]
      },
      "minecraft:on_death":{"event":"serp:remove"},
      "minecraft:physics":{},
      "minecraft:behavior.look_at_entity":{"priority":4,"look_distance":8,"probability":1,"look_time":1,"filters":{"test":"is_family","subject":"other","value":"monster"}},
      "minecraft:pushable":{"is_pushable":false,"is_pushable_by_piston":true},
      "minecraft:conditional_bandwidth_optimization":{}
    },
    "events":{
"serp:remove":{"add":{"component_groups":["serp:despawn"]}}
    }
  }
}