{
  "format_version":"1.16.0",
  "minecraft:entity":{
    "description":{
      "identifier":"plant:squash",
      "is_spawnable":false,
      "is_summonable":true,
      "is_experimental":false
    },
    "component_groups":{
      "serp:stomp":{"minecraft:is_shaking":{},"minecraft:timer":{"looping":false,"time":0.4,"time_down_event":{"event":"serp:stomp2"}},"minecraft:transformation":{"into":"serp:despawn","delay":{"value":0.7}}},
      "serp:despawn":{"minecraft:transformation":{"into":"serp:despawn"}}
    },
    "components":{
      "minecraft:mark_variant":{"value":3},
      "minecraft:type_family":{"family":["plants","squash"]},
      "minecraft:ageable":{"duration":600,"grow_up":{"event":"serp:remove"}},
      "minecraft:knockback_resistance":{"value":1},
      "minecraft:collision_box":{"width":0.6,"height":1},
      "minecraft:health":{"value":10},
      "minecraft:damage_sensor":{
        "triggers":[
{"on_damage":{"filters":{"test":"has_damage","value":"fatal"},"event":"serp:remove"},"deals_damage":false},
{"on_damage":{"filters":{"all_of":[{"test":"is_family","subject":"other","operator":"!=","value":"monster"},{"test":"is_family","subject":"other","operator":"!=","value":"mob"}]}},"deals_damage":false}
        ]
      },
      "minecraft:entity_sensor":{
        "sensor_range":8,"relative_range":false,"minimum_count":1,
        "event_filters":{"all_of":[{"test":"has_tag","operator":"!=","value":"stomp"},{"test":"has_target"},{"test":"is_family","subject":"other","value":"monster"}]},"event":"serp:stomp1"
      },
      "minecraft:behavior.nearest_attackable_target":{
        "priority":0,"must_see":true,
        "reselect_targets":true,
        "entity_types":[
{"filters":{"test":"is_family","subject":"other","value":"monster"},"max_dist":10}
        ]
      },
      "minecraft:physics":{},
      "minecraft:behavior.look_at_entity":{"priority":4,"look_distance":8,"probability":1,"look_time":1,"filters":{"test":"is_family","subject":"other","value":"monster"}},
      "minecraft:pushable":{"is_pushable":false,"is_pushable_by_piston":true
      },
      "minecraft:conditional_bandwidth_optimization":{}
    },
    "events":{
"serp:stomp1":{"run_command":{"command":["tag @s add stomp","execute at @e[family=monster,c=1] as @s run tp @s ~~4~ facing @e[family=monster,c=1]"]},"add":{"component_groups":["serp:stomp"]}},
"serp:stomp2":{"run_command":{"command":["execute at @e[family=monster,c=1] as @s run tp @s ~~~","damage @e[family=monster,r=3] 35 none","playsound mob.pvz.splat @p","particle serp:squash_splat ~~~"]}},
"serp:remove":{"add":{"component_groups":["serp:despawn"]}}
    }
  }
}