{
  "format_version":"1.16.0",
  "minecraft:entity":{
    "description":{
      "identifier":"plant:sun_shroom",
      "is_spawnable":false,
      "is_summonable":true,
      "is_experimental":false
    },
    "component_groups":{
      "serp:baby":{"minecraft:is_baby":{},"minecraft:scale":{"value":0.6},"minecraft:ageable":{"duration":90,"grow_up":{"event":"serp:grow"}}},
      "serp:big":{"minecraft:scale":{"value":1},"minecraft:ageable":{"duration":510,"grow_up":{"event":"serp:remove"}}},
      "serp:low":{"minecraft:skin_id":{"value":0},"minecraft:timer":{"looping":true,"time":30,"time_down_event":{"event":"serp:sun"}}},
      "serp:normal":{"minecraft:skin_id":{"value":0},"minecraft:timer":{"looping":true,"time":15,"time_down_event":{"event":"serp:sun"}}},
      "serp:sun":{
        "minecraft:is_shaking":{},
        "minecraft:skin_id":{"value":1},
      "minecraft:timer":{"looping":false,"time":1,"time_down_event":{"event":"serp:reset"}},
        "minecraft:spawn_entity":{
          "entities":{
            "min_wait_time":0.8,"max_wait_time":0.8,
            "spawn_sound":"pop","spawn_entity":"serp:sun",
            "filters":{"test":"is_daytime","value":false},
            "single_use":true,"num_to_spawn":1
          }
        }
      },
      "serp:despawn":{"minecraft:transformation":{"into":"serp:despawn"}}
    },
    "components":{
      "minecraft:mark_variant":{"value":3},
      "minecraft:collision_box":{"width":0.6,"height":0.8},
      "minecraft:knockback_resistance":{"value":1},
      "minecraft:type_family":{"family":["plants","night"]},
      "minecraft:health":{"value":30},
      "minecraft:damage_sensor":{
        "triggers":[
{"on_damage":{"filters":{"test":"has_damage","value":"fatal"},"event":"serp:remove"},"deals_damage":false},
{"on_damage":{"filters":{"all_of":[{"test":"is_family","subject":"other","operator":"!=","value":"monster"},{"test":"is_family","subject":"other","operator":"!=","value":"mob"}]}},"deals_damage":false}
        ]
      },
      "minecraft:hurt_on_condition":{"damage_conditions":[{"filters":{"test":"in_lava"},"cause":"lava","damage_per_tick":4}]},
      "minecraft:physics":{},
      "minecraft:behavior.look_at_entity":{"priority":4,"look_distance":8,"probability":1,"look_time":1,"filters":{"test":"is_family","subject":"other","value":"monster"}},
      "minecraft:pushable":{"is_pushable":false,"is_pushable_by_piston":true}
    },
    "events":{
"minecraft:entity_spawned":{"add":{"component_groups":["serp:baby","serp:low"]}},
"serp:remove":{"add":{"component_groups":["serp:despawn"]}},
"serp:grow":{"remove":{"component_groups":["serp:baby"]},"add":{"component_groups":["serp:big"]}},
      "serp:reset":{
        "sequence":[
{"filters":{"test":"is_baby","value":true},"remove":{"component_groups":["serp:sun"]},"add":{"component_groups":["serp:low"]}},
{"filters":{"test":"is_baby","value":false},"remove":{"component_groups":["serp:sun"]},"add":{"component_groups":["serp:normal"]}}
        ]
      },
      "serp:sun":{
        "sequence":[
{"filters":{"all_of":[{"test":"is_baby","value":true},{"test":"is_daytime","value":false}]},"remove":{"component_groups":["serp:low"]},"add":{"component_groups":["serp:sun"]}},
{"filters":{"all_of":[{"test":"is_baby","value":false},{"test":"is_daytime","value":false}]},"remove":{"component_groups":["serp:normal"]},"add":{"component_groups":["serp:sun"]}},
{"filters":{"test":"is_daytime","value":true},"add":{"component_groups":[]}}
        ]
      }
    }
  }
}