{
  "format_version":"1.16.0",
  "minecraft:entity":{
    "description":{
      "identifier":"plant:wallnut",
      "is_spawnable":false,
      "is_summonable":true,
      "is_experimental":false
    },
    "component_groups":{
      "serp:despawn":{
	"minecraft:transformation":{"into":"serp:despawn" }
      }
    },
    "components":{
      "minecraft:mark_variant":{"value":3},
      "minecraft:collision_box":{"width":0.5,"height":1},
      "minecraft:ageable":{"duration":600,"grow_up":{"event":"serp:remove"}},
      "minecraft:knockback_resistance":{"value":1},
      "minecraft:type_family":{"family":["plants","wallnut"]},
      "minecraft:health":{"value":50},
      "minecraft:damage_sensor":{
        "triggers":[
{"on_damage":{"filters":{"test":"has_damage","value":"fatal"},"event":"serp:remove"},"deals_damage":false},
{"on_damage":{"filters":{"all_of":[{"test":"is_family","subject":"other","operator":"!=","value":"monster"},{"test":"is_family","subject":"other","operator":"!=","value":"mob"}]}},"deals_damage":false}
        ]
      },
      "minecraft:hurt_on_condition":{"damage_conditions":[{"filters":{"test":"in_lava"},"cause":"lava","damage_per_tick":4}]},
      "minecraft:physics":{},
      "minecraft:behavior.look_at_entity":{"priority":4,"look_distance":8,"probability":1,"look_time":1,"filters":{"test":"is_family","subject":"other","value":"monster"}},
      "minecraft:pushable":{"is_pushable":false,"is_pushable_by_piston":true},
      "minecraft:conditional_bandwidth_optimization":{}
    },
    "events":{
"minecraft:entity_spawned":{},
"serp:remove":{"add":{"component_groups":["serp:despawn"]}}
    }
  }
}