{
  "format_version": [
    1,
    1,
    0
  ],
  "leaves": {
    "isotropic": {
      "up": true,
      "down": true
    },
    "blockshape" : "chorus_flower",
    "textures": "leaves",
    "carried_textures": "leaves",
    "sound": "grass"
  },
  "leaves2": {
    "isotropic": {
      "up": true,
      "down": true
    },
    "blockshape" : "chorus_flower",
    "textures": "leaves2",
    "carried_textures": "leaves2",
    "sound": "grass"
  },
  "mangrove_leaves": {
    "isotropic": {
      "up": true,
      "down": true
    },
    "blockshape" : "chorus_flower",
    "textures": "mangrove_leaves",
    "carried_textures": "mangrove_leaves",
    "sound": "grass"
  },
  "azalea_leaves": {
    "isotropic": {
      "up": true,
      "down": true
    },
    "blockshape" : "chorus_flower",
    "textures": "azalea_leaves",
    "carried_textures": "azalea_leaves",
    "sound": "azalea_leaves"
  },
  "azalea_leaves_flowered": {
    "isotropic": {
      "up": true,
      "down": true
    },
    "blockshape" : "chorus_flower",
    "textures": "azalea_leaves_flowered",
    "carried_textures": "azalea_leaves_flowered",
    "sound": "azalea_leaves"
  }
}
