{
	"format_version": "1.12.0",
	"minecraft:geometry": [
		{
			"description": {
				"identifier": "geometry.serpchomper",
				"texture_width": 80,
				"texture_height": 80,
				"visible_bounds_width": 2,
				"visible_bounds_height": 2.5,
				"visible_bounds_offset": [0, 0.75, 0]
			},
			"bones": [
				{
					"name": "chomper",
					"pivot": [0, 0, 0]
				},
				{
					"name": "head",
					"parent": "chomper",
					"pivot": [0, 13, 1],
					"cubes": [
						{"origin": [-5, 13, -9], "size": [10, 5, 10], "uv": [0, 0]},
						{"origin": [-3, 13, 1], "size": [6, 0, 6], "pivot": [0, 13, 1], "rotation": [40, 0, 0], "uv": [0, 41]},
						{"origin": [-3, 13, 1], "size": [6, 0, 6], "pivot": [0, 13, 1], "rotation": [-40, 0, 0], "uv": [0, 41]},
						{"origin": [0, 10, 1], "size": [0, 6, 6], "pivot": [0, 13, 1], "rotation": [0, -40, 0], "uv": [30, 46]},
						{"origin": [0, 10, 1], "size": [0, 6, 6], "pivot": [0, 13, 1], "rotation": [0, 40, 0], "uv": [30, 46], "mirror": true},
						{"origin": [-5, 11, -9], "size": [10, 2, 7], "uv": [31, 16]},
						{"origin": [-6, 13, -9], "size": [1, 1, 9], "uv": [40, 38]},
						{"origin": [5, 13, -9], "size": [1, 1, 9], "uv": [40, 38], "mirror": true},
						{"origin": [-5, 13, -10], "size": [10, 1, 1], "uv": [37, 49]},
						{"origin": [-6.415, 13, -10], "size": [1.415, 1, 1], "pivot": [-5, 13, -10], "rotation": [0, 45, 0], "uv": [40, 38]},
						{"origin": [5, 13, -10], "size": [1.415, 1, 1], "pivot": [5, 13, -10], "rotation": [0, -45, 0], "uv": [40, 38], "mirror": true},
						{"origin": [-6.41444, 13, 0.00056], "size": [1.415, 1, 1], "pivot": [-4.99944, 13, 1.00056], "rotation": [0, -45, 0], "uv": [40, 38]},
						{"origin": [4.99944, 13, 0.00056], "size": [1.415, 1, 1], "pivot": [4.99944, 13, 1.00056], "rotation": [0, 45, 0], "uv": [40, 38], "mirror": true},
						{"origin": [-4.5, 13.5, 0.5], "size": [9, 4, 1], "uv": [41, 10]},
						{"origin": [-4.5, 13.5, -9.5], "size": [9, 4, 1], "uv": [41, 10]},
						{"origin": [-5.5, 13.5, -8.5], "size": [1, 4, 9], "uv": [28, 32]},
						{"origin": [4.5, 13.5, -8.5], "size": [1, 4, 9], "uv": [28, 32], "mirror": true},
						{"origin": [-4.5, 17.5, -8.5], "size": [9, 1, 9], "uv": [0, 30]},
						{"origin": [0, 18.5, -8.5], "size": [0, 3, 2], "uv": [31, 16]},
						{"origin": [0, 18.5, -4.5], "size": [0, 3, 2], "pivot": [0, 18.5, -4.5], "rotation": [-20, 0, 0], "uv": [31, 0]},
						{"origin": [0, 18.5, -0.5], "size": [0, 2, 2], "pivot": [0, 18.5, -0.5], "rotation": [-45, 0, 0], "uv": [0, 41]},
						{"origin": [0, 15, 1.5], "size": [0, 2, 2], "uv": [40, 28]}
					]
				},
				{
					"name": "mouth",
					"parent": "head",
					"pivot": [0, 13, 1],
					"rotation": [30, 0, 0],
					"cubes": [
						{"origin": [-5, 10, -9], "size": [10, 3, 10], "uv": [0, 16]},
						{"origin": [-2, 13, -6], "size": [4, 0, 7], "pivot": [0, 13, 1], "rotation": [-5, 0, 0], "uv": [-7, 54]},
						{"origin": [-5, 12.9, -9], "size": [10, 2, 7], "inflate": -0.1, "uv": [31, 0]},
						{"origin": [-6, 12, -9], "size": [1, 1, 8], "uv": [17, 41]},
						{"origin": [5, 12, -9], "size": [1, 1, 8], "uv": [17, 41], "mirror": true},
						{"origin": [-5.70711, 12, -9.70711], "size": [1, 1, 1.415], "pivot": [-5, 13, -9], "rotation": [0, -45, 0], "uv": [19, 41]},
						{"origin": [4.70711, 12, -9.70711], "size": [1, 1, 1.415], "pivot": [5, 13, -9], "rotation": [0, 45, 0], "uv": [19, 41], "mirror": true},
						{"origin": [-5.70655, 12, -1.70734], "size": [1, 1, 1.415], "pivot": [-4.99944, 13, -0.99944], "rotation": [0, 45, 0], "uv": [19, 41]},
						{"origin": [4.70655, 12, -1.70734], "size": [1, 1, 1.415], "pivot": [4.99944, 13, -0.99944], "rotation": [0, -45, 0], "uv": [19, 41], "mirror": true},
						{"origin": [-5, 12, -10], "size": [10, 1, 1], "uv": [0, 51]},
						{"origin": [-4.5, 9.5, -8.5], "size": [9, 1, 9], "uv": [0, 30]},
						{"origin": [-4.5, 10.5, -9.5], "size": [9, 2, 1], "uv": [52, 26]},
						{"origin": [-4.5, 10.5, 0.5], "size": [9, 2, 1], "uv": [52, 26]},
						{"origin": [-5.5, 10.5, -8.5], "size": [1, 2, 9], "uv": [40, 26]},
						{"origin": [4.5, 10.5, -8.5], "size": [1, 2, 9], "uv": [40, 26], "mirror": true}
					]
				},
				{
					"name": "stem",
					"parent": "chomper",
					"pivot": [0, 1, 0],
					"cubes": [
						{"origin": [-1, 0, -1], "size": [2, 4, 2], "uv": [28, 30]}
					]
				},
				{
					"name": "stem2",
					"parent": "stem",
					"pivot": [0, 4, -1],
					"cubes": [
						{"origin": [-1, 4, -1], "size": [2, 7, 2], "pivot": [0, 4, -1], "rotation": [-60, 0, 0], "uv": [0, 0]},
						{"origin": [-1, 5.76795, 4.06218], "size": [2, 5, 2], "uv": [0, 16]},
						{"origin": [-1, 9.12965, 4.91502], "size": [2, 5, 2], "pivot": [0, 9.12965, 4.91502], "rotation": [55, 0, 0], "uv": [0, 30]}
					]
				},
				{
					"name": "leaves",
					"parent": "chomper",
					"pivot": [0, 1, 0],
					"cubes": [
						{"origin": [-2, 1, -6], "size": [4, 0, 5], "pivot": [0, 1, 0], "rotation": [9, 0, 0], "uv": [52, 38]},
						{"origin": [-2, 1, -6], "size": [4, 0, 5], "pivot": [0, 1, 0], "rotation": [0, 90, -9], "uv": [52, 38]},
						{"origin": [-2, 1, -6], "size": [4, 0, 5], "pivot": [0, 1, 0], "rotation": [0, -90, 9], "uv": [52, 38], "mirror": true},
						{"origin": [-2, 1, -6], "size": [4, 0, 5], "pivot": [0, 1, 0], "rotation": [-171, 0, 180], "uv": [52, 38]}
					]
				}
			]
		}
	]
}