{
	"format_version": "1.12.0",
	"minecraft:geometry": [
		{
			"description": {
				"identifier": "geometry.serpscaredy_shroom",
				"texture_width": 48,
				"texture_height": 48,
				"visible_bounds_width": 2,
				"visible_bounds_height": 2.5,
				"visible_bounds_offset": [0, 0.75, 0]
			},
			"bones": [
				{
					"name": "scaredy_shroom",
					"pivot": [0, 0, 0]
				},
				{
					"name": "top",
					"parent": "scaredy_shroom",
					"pivot": [0, 10, -2],
					"rotation": [-20, 0, 0],
					"cubes": [
						{"origin": [-2, 17, -2], "size": [4, 0, 4], "uv": [26, 12]},
						{"origin": [-0.41579, 15.001, 1], "size": [2.83, 2, 2.83], "pivot": [1, 17.002, 1], "rotation": [0, -45, 0], "uv": [16, 0]},
						{"origin": [-2, 10, -5], "size": [4, 4, 4], "uv": [13, 16]},
						{"origin": [-2, 10, 1], "size": [4, 4, 4], "uv": [13, 16]},
						{"origin": [-2, 14, -8], "size": [4, 4.24, 3], "pivot": [0, 14, -5], "rotation": [-135, 0, 180], "uv": [26, 0]},
						{"origin": [-2, 14, 5], "size": [4, 4.24, 3], "pivot": [0, 14, 5], "rotation": [135, 0, 180], "uv": [26, 0]},
						{"origin": [-6.24, 10, -5], "size": [4.24, 4, 3], "pivot": [-2, 11, -5], "rotation": [0, 45, 0], "uv": [15, 25]},
						{"origin": [-6.24, 10, 2], "size": [4.24, 4, 3], "pivot": [-2, 11, 5], "rotation": [0, -45, 0], "uv": [15, 25]},
						{"origin": [2, 10, -5], "size": [4.24, 4, 3], "pivot": [2, 11, -5], "rotation": [0, -45, 0], "uv": [15, 25], "mirror": true},
						{"origin": [2, 10, 2], "size": [4.24, 4, 3], "pivot": [2, 11, 5], "rotation": [0, 45, 0], "uv": [15, 25], "mirror": true},
						{"origin": [-5, 10, -2], "size": [4, 4, 4], "uv": [13, 7]},
						{"origin": [1, 10, -2], "size": [4, 4, 4], "uv": [13, 7]},
						{"origin": [-5, 14, -2], "size": [3, 4.24, 4], "pivot": [-5, 14, 0], "rotation": [0, 0, 45], "uv": [0, 21]},
						{"origin": [2, 14, -2], "size": [3, 4.24, 4], "pivot": [5, 14, 0], "rotation": [0, 0, -45], "uv": [0, 21], "mirror": true}
					]
				},
				{
					"name": "body",
					"parent": "scaredy_shroom",
					"pivot": [0, 0, 0],
					"cubes": [
						{"origin": [-1.5, 1, -1.5], "size": [3, 10, 3], "uv": [0, 7]},
						{"origin": [-2.5, 0, -2.5], "size": [5, 1, 5], "uv": [0, 0]},
						{"origin": [-1, 1, -2], "size": [2, 10, 1], "uv": [7, 30]},
						{"origin": [-1, 1, 1], "size": [2, 10, 1], "uv": [7, 30]},
						{"origin": [-1.5, 5.5, -4.5], "size": [3, 3, 1], "uv": [30, 17]},
						{"origin": [-1, 6, -4], "size": [2, 2, 2], "uv": [28, 23]},
						{"origin": [-2, 1, -1], "size": [1, 10, 2], "uv": [0, 30]},
						{"origin": [1, 1, -1], "size": [1, 10, 2], "uv": [0, 30], "mirror": true}
					]
				},
				{
					"name": "open_eyes",
					"parent": "body",
					"pivot": [0, 3, 0],
					"cubes": [
						{"origin": [-2, 8, -2.1], "size": [4, 2, 0], "uv": [14, 33]}
					]
				},
				{
					"name": "closed_eyes",
					"parent": "body",
					"pivot": [0, 3, 0],
					"cubes": [
						{"origin": [-2, 8, -2.1], "size": [4, 2, 0], "uv": [14, 35]}
					]
				},
				{
					"name": "angry_eyes",
					"parent": "body",
					"pivot": [0, 3, 0],
					"cubes": [
						{"origin": [-2, 8, -2.1], "size": [4, 2, 0], "uv": [14, 37]}
					]
				}
			]
		}
	]
}