{
	"format_version": "1.12.0",
	"minecraft:geometry": [
		{
			"description": {
				"identifier": "geometry.serppuff_shroom",
				"texture_width": 48,
				"texture_height": 48,
				"visible_bounds_width": 2,
				"visible_bounds_height": 2.5,
				"visible_bounds_offset": [0, 0.75, 0]
			},
			"bones": [
				{
					"name": "puff_shroom",
					"pivot": [0, 0, 0]
				},
				{
					"name": "top",
					"parent": "puff_shroom",
					"pivot": [0, 6, 0],
					"cubes": [
						{"origin": [-3, 13, -3], "size": [6, 0, 6], "uv": [0, 13]},
						{"origin": [-3, 6, -6], "size": [6, 4, 3], "uv": [0, 28]},
						{"origin": [-3, 6, -6], "size": [6, 4, 3], "pivot": [0, 6, 0], "rotation": [0, 180, 0], "uv": [0, 28]},
						{"origin": [-3, 10, -6], "size": [6, 4.24, 3], "pivot": [0, 10, -6], "rotation": [-45, 0, 0], "uv": [0, 20]},
						{"origin": [-3, 10, 6], "size": [6, 4.24, 3], "pivot": [0, 10, 6], "rotation": [135, 0, 180], "uv": [0, 20]},
						{"origin": [-7.24, 6, -6], "size": [4.24, 4, 3], "pivot": [-3, 7, -6], "rotation": [0, 45, 0], "uv": [32, 0]},
						{"origin": [3, 6, -6], "size": [4.24, 4, 3], "pivot": [3, 7, -6], "rotation": [0, -45, 0], "uv": [32, 0], "mirror": true},
						{"origin": [-8.11868, 6, -2.12132], "size": [4.24, 4, 3], "pivot": [-3.87868, 7, 0.87868], "rotation": [-180, 45, -180], "uv": [32, 0]},
						{"origin": [3.87868, 6, -2.12132], "size": [4.24, 4, 3], "pivot": [3.87868, 7, 0.87868], "rotation": [-180, -45, 180], "uv": [32, 0], "mirror": true},
						{"origin": [-6, 6, -3], "size": [3, 4, 6], "uv": [19, 18]},
						{"origin": [3, 6, -3], "size": [3, 4, 6], "uv": [19, 18], "mirror": true},
						{"origin": [-6, 10, -3], "size": [3, 4.24, 6], "pivot": [-6, 10, 0], "rotation": [0, 0, 45], "uv": [19, 7]},
						{"origin": [3, 10, -3], "size": [3, 4.24, 6], "pivot": [6, 10, 0], "rotation": [0, 0, -45], "uv": [19, 7], "mirror": true}
					]
				},
				{
					"name": "body",
					"parent": "puff_shroom",
					"pivot": [0, 0, 0],
					"cubes": [
						{"origin": [-3, 0, -3], "size": [6, 6, 6], "uv": [0, 0]},
						{"origin": [-2.5, 0.5, -3.5], "size": [5, 5.5, 1], "uv": [32, 29]},
						{"origin": [-2.5, 0.5, 2.5], "size": [5, 5.5, 1], "uv": [32, 29]},
						{"origin": [-1.5, 1, -5], "size": [3, 3, 1], "uv": [19, 0]},
						{"origin": [-1, 1.5, -4], "size": [2, 2, 1], "uv": [32, 18]},
						{"origin": [-3.5, 0.5, -2.5], "size": [1, 5.5, 5], "uv": [19, 29]},
						{"origin": [2.5, 0.5, -2.5], "size": [1, 5.5, 5], "uv": [19, 29], "mirror": true}
					]
				},
				{
					"name": "open_eyes",
					"parent": "body",
					"pivot": [0, 3, 0],
					"cubes": [
						{"origin": [-2.5, 3, -3.6], "size": [5, 2, 0], "uv": [0, 36]}
					]
				},
				{
					"name": "closed_eyes",
					"parent": "body",
					"pivot": [0, 3, 0],
					"cubes": [
						{"origin": [-2.5, 3, -3.6], "size": [5, 2, 0], "uv": [0, 38]}
					]
				},
				{
					"name": "angry_eyes",
					"parent": "body",
					"pivot": [0, 3, 0],
					"cubes": [
						{"origin": [-2.5, 3, -3.6], "size": [5, 2, 0], "uv": [0, 40]}
					]
				}
			]
		}
	]
}