{
  "format_version": "1.10.0",
  "minecraft:client_entity": {
    "description": {
      "identifier": "serp:lawn_mower",
      "materials": {"default": "entity_emissive_alpha"},
      "textures": {
    "default": "textures/entity/gameplay/lawn_mower"
      },
      "geometry": {
    "default": "geometry.serplawnmower"
      },
      "animations": {
    "on": "animation.lawnmower.on",
    "walk": "animation.lawnmower.moving"
      },
      "scripts": {
        "scale": "1.2",
        "animate": [
    {"on":"query.variant == 1"},
    {"walk":"query.variant == 1"}
        ]
      },
      "render_controllers": [ {"controller.render.default":"query.is_on_screen"} ]
    }
  }
}