{
  "format_version":"1.10.0",
  "minecraft:client_entity":{
    "description":{
      "identifier":"serp:sun",
      "materials":{
        "default":"entity_emissive_alpha",
        "sunshine":"charged_creeper"
      },
      "textures":{
    "default":"textures/entity/gameplay/pvzsun",
    "sunshine":"textures/entity/gameplay/sunshine"
      },
      "geometry":{
    "default":"geometry.serppvzsun",
    "sunshine":"geometry.serpsunshine"
      },
      "animations":{
    "idle":"animation.pvzsun.idle",
    "rotation":"animation.pvzsun.rotation"

      },
      "scripts":{
        "scale":"1",
        "animate":["idle","rotation"]
      },
      "render_controllers":[{"controller.render.default":"query.is_on_screen"},{"controller.render.sunshine":"query.is_on_screen"}]
    }
  }
} 