{
  "format_version": "1.12.0",
  "minecraft:geometry": [
    {
      "description": {
        "identifier": "geometry.dg_ntcar_green",
        "texture_width": 512,
        "texture_height": 256,
        "visible_bounds_width": 11,
        "visible_bounds_height": 4.5,
        "visible_bounds_offset": [
          0,
          0.75,
          0
        ]
      },
      "bones": [
        {
          "name": "body",
          "pivot": [
            0,
            2,
            9
          ],
          "cubes": [
            {
              "origin": [
                -18,
                6,
                -16
              ],
              "size": [
                36,
                2,
                36
              ],
              "uv": [
                152,
                148
              ]
            },
            {
              "origin": [
                -18,
                4,
                -16
              ],
              "size": [
                36,
                2,
                36
              ],
              "uv": [
                152,
                148
              ]
            },
            {
              "origin": [
                4,
                8,
                -6
              ],
              "size": [
                11,
                4,
                10
              ],
              "uv": [
                154,
                83
              ]
            },
            {
              "origin": [
                -15,
                8,
                -6
              ],
              "size": [
                11,
                4,
                10
              ],
              "uv": [
                154,
                83
              ]
            },
            {
              "origin": [
                -18,
                8,
                10
              ],
              "size": [
                36,
                4,
                10
              ],
              "uv": [
                128,
                111
              ]
            },
            {
              "origin": [
                -3,
                8,
                -16
              ],
              "size": [
                6,
                6,
                19
              ],
              "uv": [
                136,
                204
              ]
            },
            {
              "origin": [
                -4,
                8,
                -6
              ],
              "size": [
                8,
                5,
                9
              ],
              "uv": [
                84,
                242
              ]
            },
            {
              "origin": [
                -18,
                13,
                -17
              ],
              "size": [
                36,
                7,
                3
              ],
              "pivot": [
                0,
                16.5,
                -14.5
              ],
              "rotation": [
                30,
                0,
                0
              ],
              "uv": [
                186,
                219
              ]
            },
            {
              "origin": [
                4,
                12,
                2
              ],
              "size": [
                11,
                12,
                2
              ],
              "pivot": [
                9.5,
                13,
                3
              ],
              "rotation": [
                -20,
                0,
                0
              ],
              "uv": [
                128,
                83
              ]
            },
            {
              "origin": [
                -15,
                12,
                2
              ],
              "size": [
                11,
                12,
                2
              ],
              "pivot": [
                -9.5,
                13,
                3
              ],
              "rotation": [
                -20,
                0,
                0
              ],
              "uv": [
                128,
                83
              ]
            },
            {
              "origin": [
                -18,
                12,
                18
              ],
              "size": [
                36,
                12,
                2
              ],
              "pivot": [
                0,
                11,
                19
              ],
              "rotation": [
                -20,
                0,
                0
              ],
              "uv": [
                128,
                97
              ]
            },
            {
              "origin": [
                18,
                4,
                -16
              ],
              "size": [
                2,
                16,
                36
              ],
              "uv": [
                240,
                70
              ]
            },
            {
              "origin": [
                -20,
                4,
                -16
              ],
              "size": [
                2,
                16,
                36
              ],
              "uv": [
                316,
                70
              ]
            },
            {
              "origin": [
                -20,
                4,
                20
              ],
              "size": [
                40,
                16,
                28
              ],
              "inflate": 0.1,
              "uv": [
                0,
                187
              ]
            },
            {
              "origin": [
                -19,
                55.43687,
                -2.02849
              ],
              "size": [
                3,
                2,
                25
              ],
              "pivot": [
                0,
                12.43687,
                29.97151
              ],
              "rotation": [
                50,
                0,
                0
              ],
              "uv": [
                168,
                42
              ]
            },
            {
              "origin": [
                -16,
                57.43687,
                3.97151
              ],
              "size": [
                32,
                0,
                17
              ],
              "pivot": [
                0,
                12.43687,
                29.97151
              ],
              "rotation": [
                50,
                0,
                0
              ],
              "uv": [
                291,
                186
              ]
            },
            {
              "origin": [
                -16,
                55.43687,
                20.97151
              ],
              "size": [
                32,
                2,
                2
              ],
              "pivot": [
                0,
                12.43687,
                29.97151
              ],
              "rotation": [
                50,
                0,
                0
              ],
              "uv": [
                204,
                26
              ]
            },
            {
              "origin": [
                -16,
                55.43687,
                1.97151
              ],
              "size": [
                32,
                2,
                2
              ],
              "pivot": [
                0,
                12.43687,
                29.97151
              ],
              "rotation": [
                50,
                0,
                0
              ],
              "uv": [
                136,
                26
              ]
            },
            {
              "origin": [
                -2,
                31.43687,
                -9.02849
              ],
              "size": [
                4,
                3,
                1
              ],
              "uv": [
                0,
                0
              ]
            },
            {
              "origin": [
                -4,
                29.43687,
                -9.02849
              ],
              "size": [
                8,
                4,
                1
              ],
              "pivot": [
                0,
                30.93687,
                -8.52849
              ],
              "rotation": [
                -30,
                0,
                0
              ],
              "uv": [
                220,
                120
              ]
            },
            {
              "origin": [
                16,
                55.43687,
                -2.02849
              ],
              "size": [
                3,
                2,
                25
              ],
              "pivot": [
                0,
                12.43687,
                29.97151
              ],
              "rotation": [
                50,
                0,
                0
              ],
              "uv": [
                112,
                42
              ]
            },
            {
              "origin": [
                -20,
                18,
                -24
              ],
              "size": [
                40,
                2,
                8
              ],
              "uv": [
                224,
                59
              ]
            },
            {
              "origin": [
                -26,
                20,
                -19
              ],
              "size": [
                7,
                4,
                2
              ],
              "pivot": [
                -19.5,
                21,
                -18
              ],
              "rotation": [
                0,
                22.5,
                0
              ],
              "uv": [
                320,
                63
              ]
            },
            {
              "origin": [
                19,
                20,
                -19
              ],
              "size": [
                7,
                4,
                2
              ],
              "pivot": [
                19.5,
                21,
                -18
              ],
              "rotation": [
                0,
                -22.5,
                0
              ],
              "uv": [
                338,
                63
              ]
            },
            {
              "origin": [
                -20,
                18,
                -46
              ],
              "size": [
                40,
                2,
                22
              ],
              "pivot": [
                0,
                19,
                -24
              ],
              "rotation": [
                5,
                0,
                0
              ],
              "uv": [
                176,
                0
              ]
            },
            {
              "origin": [
                -21,
                3,
                -47
              ],
              "size": [
                42,
                5,
                5
              ],
              "inflate": 0.1,
              "uv": [
                117,
                246
              ]
            },
            {
              "origin": [
                -21,
                3,
                44
              ],
              "size": [
                42,
                5,
                5
              ],
              "inflate": 0.1,
              "uv": [
                116,
                246
              ]
            },
            {
              "origin": [
                -21,
                10,
                44
              ],
              "size": [
                42,
                1,
                5
              ],
              "inflate": 0.1,
              "uv": [
                212,
                249
              ]
            },
            {
              "origin": [
                14,
                6,
                -38
              ],
              "size": [
                6,
                11,
                19
              ],
              "inflate": 0.01,
              "uv": [
                462,
                39
              ]
            },
            {
              "origin": [
                14,
                6,
                24
              ],
              "size": [
                6,
                11,
                19
              ],
              "inflate": 0.01,
              "uv": [
                462,
                39
              ]
            },
            {
              "origin": [
                -20,
                6,
                -38
              ],
              "size": [
                6,
                11,
                19
              ],
              "inflate": 0.01,
              "uv": [
                462,
                39
              ],
              "mirror": true
            },
            {
              "origin": [
                -20,
                6,
                24
              ],
              "size": [
                6,
                11,
                19
              ],
              "inflate": 0.01,
              "uv": [
                462,
                39
              ],
              "mirror": true
            },
            {
              "origin": [
                -20,
                4,
                -46
              ],
              "size": [
                40,
                14,
                30
              ],
              "inflate": 0.1,
              "uv": [
                0,
                0
              ]
            }
          ]
        },
        {
          "name": "steering_wheel",
          "parent": "body",
          "pivot": [
            9,
            18.43301,
            -12.15192
          ],
          "rotation": [
            30,
            0,
            0
          ],
          "cubes": [
            {
              "origin": [
                12,
                16.43301,
                -12.65192
              ],
              "size": [
                1,
                4,
                1
              ],
              "uv": [
                509,
                0
              ]
            },
            {
              "origin": [
                6,
                18.43301,
                -12.65192
              ],
              "size": [
                6,
                1,
                1
              ],
              "uv": [
                509,
                0
              ]
            },
            {
              "origin": [
                8,
                15.43301,
                -12.65192
              ],
              "size": [
                2,
                3,
                1
              ],
              "uv": [
                509,
                0
              ]
            },
            {
              "origin": [
                11,
                20.43301,
                -12.65192
              ],
              "size": [
                1,
                1,
                1
              ],
              "uv": [
                509,
                0
              ]
            },
            {
              "origin": [
                7,
                21.43301,
                -12.65192
              ],
              "size": [
                4,
                1,
                1
              ],
              "uv": [
                509,
                0
              ]
            },
            {
              "origin": [
                6,
                20.43301,
                -12.65192
              ],
              "size": [
                1,
                1,
                1
              ],
              "uv": [
                509,
                0
              ]
            },
            {
              "origin": [
                5,
                16.43301,
                -12.65192
              ],
              "size": [
                1,
                4,
                1
              ],
              "uv": [
                509,
                0
              ]
            },
            {
              "origin": [
                6,
                15.43301,
                -12.65192
              ],
              "size": [
                1,
                1,
                1
              ],
              "uv": [
                509,
                0
              ]
            },
            {
              "origin": [
                7,
                14.43301,
                -12.65192
              ],
              "size": [
                4,
                1,
                1
              ],
              "uv": [
                509,
                0
              ]
            },
            {
              "origin": [
                11,
                15.43301,
                -12.65192
              ],
              "size": [
                1,
                1,
                1
              ],
              "uv": [
                509,
                0
              ]
            }
          ]
        },
        {
          "name": "wheel0",
          "pivot": [
            0,
            7.46892,
            -28.98628
          ],
          "cubes": [
            {
              "origin": [
                16,
                0,
                -31
              ],
              "size": [
                4,
                3,
                4
              ],
              "uv": [
                462,
                0
              ]
            },
            {
              "origin": [
                -20,
                0,
                -31
              ],
              "size": [
                4,
                3,
                4
              ],
              "uv": [
                462,
                0
              ]
            },
            {
              "origin": [
                16,
                11.9282,
                -31
              ],
              "size": [
                4,
                3,
                4
              ],
              "uv": [
                496,
                32
              ]
            },
            {
              "origin": [
                -20,
                11.9282,
                -31
              ],
              "size": [
                4,
                3,
                4
              ],
              "uv": [
                496,
                32
              ]
            },
            {
              "origin": [
                16,
                0.93301,
                -27.51795
              ],
              "size": [
                4,
                3,
                4
              ],
              "pivot": [
                19.5,
                1.43301,
                -25.51795
              ],
              "rotation": [
                30,
                0,
                0
              ],
              "uv": [
                496,
                32
              ]
            },
            {
              "origin": [
                -20,
                0.00661,
                -30.99823
              ],
              "size": [
                4,
                3,
                4
              ],
              "pivot": [
                -18,
                7.4641,
                -28.98677
              ],
              "rotation": [
                30,
                0,
                0
              ],
              "uv": [
                496,
                32
              ]
            },
            {
              "origin": [
                16,
                10.99519,
                -34.48205
              ],
              "size": [
                4,
                3,
                4
              ],
              "pivot": [
                19.5,
                13.49519,
                -32.48205
              ],
              "rotation": [
                30,
                0,
                0
              ],
              "uv": [
                497,
                32
              ]
            },
            {
              "origin": [
                -20,
                11.93482,
                -30.99823
              ],
              "size": [
                4,
                3,
                4
              ],
              "pivot": [
                -18,
                7.4641,
                -28.98677
              ],
              "rotation": [
                30,
                0,
                0
              ],
              "uv": [
                497,
                32
              ]
            },
            {
              "origin": [
                16,
                3.48205,
                -24.96891
              ],
              "size": [
                4,
                3,
                4
              ],
              "pivot": [
                19.5,
                3.98205,
                -22.96891
              ],
              "rotation": [
                60,
                0,
                0
              ],
              "uv": [
                496,
                32
              ]
            },
            {
              "origin": [
                -20,
                0.01145,
                -30.99339
              ],
              "size": [
                4,
                3,
                4
              ],
              "pivot": [
                -18,
                7.4641,
                -28.98677
              ],
              "rotation": [
                60,
                0,
                0
              ],
              "uv": [
                496,
                32
              ]
            },
            {
              "origin": [
                16,
                8.44615,
                -37.03109
              ],
              "size": [
                4,
                3,
                4
              ],
              "pivot": [
                19.5,
                10.94615,
                -35.03109
              ],
              "rotation": [
                60,
                0,
                0
              ],
              "uv": [
                496,
                32
              ]
            },
            {
              "origin": [
                -20,
                11.93966,
                -30.99339
              ],
              "size": [
                4,
                3,
                4
              ],
              "pivot": [
                -18,
                7.4641,
                -28.98677
              ],
              "rotation": [
                60,
                0,
                0
              ],
              "uv": [
                496,
                32
              ]
            },
            {
              "origin": [
                16,
                6.9641,
                -24.0359
              ],
              "size": [
                4,
                3,
                4
              ],
              "pivot": [
                19.5,
                7.4641,
                -22.0359
              ],
              "rotation": [
                90,
                0,
                0
              ],
              "uv": [
                496,
                32
              ]
            },
            {
              "origin": [
                -20,
                0.01323,
                -30.98677
              ],
              "size": [
                4,
                3,
                4
              ],
              "pivot": [
                -18,
                7.4641,
                -28.98677
              ],
              "rotation": [
                90,
                0,
                0
              ],
              "uv": [
                496,
                32
              ]
            },
            {
              "origin": [
                16,
                4.9641,
                -37.9641
              ],
              "size": [
                4,
                3,
                4
              ],
              "pivot": [
                19.5,
                7.4641,
                -35.9641
              ],
              "rotation": [
                90,
                0,
                0
              ],
              "uv": [
                497,
                32
              ]
            },
            {
              "origin": [
                -20,
                11.94143,
                -30.98677
              ],
              "size": [
                4,
                3,
                4
              ],
              "pivot": [
                -18,
                7.4641,
                -28.98677
              ],
              "rotation": [
                90,
                0,
                0
              ],
              "uv": [
                497,
                32
              ]
            },
            {
              "origin": [
                17,
                2.9641,
                -33.9641
              ],
              "size": [
                2,
                9,
                10
              ],
              "uv": [
                479,
                7
              ]
            },
            {
              "origin": [
                -19,
                2.9641,
                -33.9641
              ],
              "size": [
                2,
                9,
                10
              ],
              "uv": [
                479,
                7
              ]
            },
            {
              "origin": [
                16,
                10.44615,
                -24.96891
              ],
              "size": [
                4,
                3,
                4
              ],
              "pivot": [
                19.5,
                10.94615,
                -22.96891
              ],
              "rotation": [
                120,
                0,
                0
              ],
              "uv": [
                496,
                32
              ]
            },
            {
              "origin": [
                -20,
                0.01145,
                -30.98016
              ],
              "size": [
                4,
                3,
                4
              ],
              "pivot": [
                -18,
                7.4641,
                -28.98677
              ],
              "rotation": [
                120,
                0,
                0
              ],
              "uv": [
                496,
                32
              ]
            },
            {
              "origin": [
                16,
                1.48205,
                -37.03109
              ],
              "size": [
                4,
                3,
                4
              ],
              "pivot": [
                19.5,
                3.98205,
                -35.03109
              ],
              "rotation": [
                120,
                0,
                0
              ],
              "uv": [
                478,
                0
              ]
            },
            {
              "origin": [
                -20,
                11.93966,
                -30.98016
              ],
              "size": [
                4,
                3,
                4
              ],
              "pivot": [
                -18,
                7.4641,
                -28.98677
              ],
              "rotation": [
                120,
                0,
                0
              ],
              "uv": [
                478,
                0
              ]
            },
            {
              "origin": [
                16,
                12.99519,
                -27.51795
              ],
              "size": [
                4,
                3,
                4
              ],
              "pivot": [
                19.5,
                13.49519,
                -25.51795
              ],
              "rotation": [
                150,
                0,
                0
              ],
              "uv": [
                496,
                32
              ]
            },
            {
              "origin": [
                -20,
                0.00661,
                -30.97532
              ],
              "size": [
                4,
                3,
                4
              ],
              "pivot": [
                -18,
                7.4641,
                -28.98677
              ],
              "rotation": [
                150,
                0,
                0
              ],
              "uv": [
                496,
                32
              ]
            },
            {
              "origin": [
                16,
                -1.06699,
                -34.48205
              ],
              "size": [
                4,
                3,
                4
              ],
              "pivot": [
                19.5,
                1.43301,
                -32.48205
              ],
              "rotation": [
                150,
                0,
                0
              ],
              "uv": [
                446,
                0
              ]
            },
            {
              "origin": [
                -20,
                11.93482,
                -30.97532
              ],
              "size": [
                4,
                3,
                4
              ],
              "pivot": [
                -18,
                7.4641,
                -28.98677
              ],
              "rotation": [
                150,
                0,
                0
              ],
              "uv": [
                446,
                0
              ]
            }
          ]
        },
        {
          "name": "core",
          "parent": "wheel0",
          "pivot": [
            -18,
            7.4641,
            -28.98677
          ],
          "cubes": [
            {
              "origin": [
                16,
                6.9641,
                -30.9641
              ],
              "size": [
                4,
                1,
                4
              ],
              "pivot": [
                18.5,
                7.4641,
                -28.9641
              ],
              "rotation": [
                -90,
                0,
                0
              ],
              "uv": [
                447,
                17
              ]
            },
            {
              "origin": [
                16,
                6.9641,
                -30.9641
              ],
              "size": [
                4,
                1,
                4
              ],
              "pivot": [
                18.5,
                7.4641,
                -28.9641
              ],
              "rotation": [
                -60,
                0,
                0
              ],
              "uv": [
                447,
                12
              ]
            },
            {
              "origin": [
                16,
                6.9641,
                -30.9641
              ],
              "size": [
                4,
                1,
                4
              ],
              "pivot": [
                18.5,
                7.4641,
                -28.9641
              ],
              "rotation": [
                -30,
                0,
                0
              ],
              "uv": [
                447,
                7
              ]
            },
            {
              "origin": [
                16,
                6.9641,
                -30.9641
              ],
              "size": [
                4,
                1,
                4
              ],
              "uv": [
                463,
                17
              ]
            },
            {
              "origin": [
                16,
                6.9641,
                -30.9641
              ],
              "size": [
                4,
                1,
                4
              ],
              "pivot": [
                18.5,
                7.4641,
                -28.9641
              ],
              "rotation": [
                -150,
                0,
                0
              ],
              "uv": [
                463,
                12
              ]
            },
            {
              "origin": [
                16,
                6.9641,
                -30.9641
              ],
              "size": [
                4,
                1,
                4
              ],
              "pivot": [
                18.5,
                7.4641,
                -28.9641
              ],
              "rotation": [
                -120,
                0,
                0
              ],
              "uv": [
                463,
                7
              ]
            },
            {
              "origin": [
                -20,
                6.98677,
                -30.98677
              ],
              "size": [
                4,
                1,
                4
              ],
              "pivot": [
                -18,
                7.4641,
                -28.98677
              ],
              "rotation": [
                -90,
                0,
                0
              ],
              "uv": [
                447,
                17
              ]
            },
            {
              "origin": [
                -20,
                6.98374,
                -30.99811
              ],
              "size": [
                4,
                1,
                4
              ],
              "pivot": [
                -18,
                7.4641,
                -28.98677
              ],
              "rotation": [
                -120,
                0,
                0
              ],
              "uv": [
                463,
                7
              ]
            },
            {
              "origin": [
                -20,
                6.97544,
                -31.00641
              ],
              "size": [
                4,
                1,
                4
              ],
              "pivot": [
                -18,
                7.4641,
                -28.98677
              ],
              "rotation": [
                -150,
                0,
                0
              ],
              "uv": [
                463,
                12
              ]
            },
            {
              "origin": [
                -20,
                6.9641,
                -30.9641
              ],
              "size": [
                4,
                1,
                4
              ],
              "uv": [
                463,
                17
              ]
            },
            {
              "origin": [
                -20,
                6.97544,
                -30.96714
              ],
              "size": [
                4,
                1,
                4
              ],
              "pivot": [
                -18,
                7.4641,
                -28.98677
              ],
              "rotation": [
                -30,
                0,
                0
              ],
              "uv": [
                447,
                7
              ]
            },
            {
              "origin": [
                -20,
                6.98374,
                -30.97544
              ],
              "size": [
                4,
                1,
                4
              ],
              "pivot": [
                -18,
                7.4641,
                -28.98677
              ],
              "rotation": [
                -60,
                0,
                0
              ],
              "uv": [
                447,
                12
              ]
            }
          ]
        },
        {
          "name": "wheel1",
          "pivot": [
            0,
            7.46892,
            34.01372
          ],
          "cubes": [
            {
              "origin": [
                16,
                0,
                32
              ],
              "size": [
                4,
                3,
                4
              ],
              "uv": [
                462,
                0
              ]
            },
            {
              "origin": [
                -20,
                0,
                32
              ],
              "size": [
                4,
                3,
                4
              ],
              "uv": [
                462,
                0
              ]
            },
            {
              "origin": [
                16,
                11.9282,
                32
              ],
              "size": [
                4,
                3,
                4
              ],
              "uv": [
                496,
                32
              ]
            },
            {
              "origin": [
                -20,
                11.9282,
                32
              ],
              "size": [
                4,
                3,
                4
              ],
              "uv": [
                496,
                32
              ]
            },
            {
              "origin": [
                16,
                0.93301,
                35.48205
              ],
              "size": [
                4,
                3,
                4
              ],
              "pivot": [
                19.5,
                1.43301,
                37.48205
              ],
              "rotation": [
                30,
                0,
                0
              ],
              "uv": [
                496,
                32
              ]
            },
            {
              "origin": [
                -20,
                0.00661,
                32.00177
              ],
              "size": [
                4,
                3,
                4
              ],
              "pivot": [
                -18,
                7.4641,
                34.01323
              ],
              "rotation": [
                30,
                0,
                0
              ],
              "uv": [
                496,
                32
              ]
            },
            {
              "origin": [
                16,
                10.99519,
                28.51795
              ],
              "size": [
                4,
                3,
                4
              ],
              "pivot": [
                19.5,
                13.49519,
                30.51795
              ],
              "rotation": [
                30,
                0,
                0
              ],
              "uv": [
                497,
                32
              ]
            },
            {
              "origin": [
                -20,
                11.93482,
                32.00177
              ],
              "size": [
                4,
                3,
                4
              ],
              "pivot": [
                -18,
                7.4641,
                34.01323
              ],
              "rotation": [
                30,
                0,
                0
              ],
              "uv": [
                497,
                32
              ]
            },
            {
              "origin": [
                16,
                3.48205,
                38.03109
              ],
              "size": [
                4,
                3,
                4
              ],
              "pivot": [
                19.5,
                3.98205,
                40.03109
              ],
              "rotation": [
                60,
                0,
                0
              ],
              "uv": [
                496,
                32
              ]
            },
            {
              "origin": [
                -20,
                0.01145,
                32.00661
              ],
              "size": [
                4,
                3,
                4
              ],
              "pivot": [
                -18,
                7.4641,
                34.01323
              ],
              "rotation": [
                60,
                0,
                0
              ],
              "uv": [
                496,
                32
              ]
            },
            {
              "origin": [
                16,
                8.44615,
                25.96891
              ],
              "size": [
                4,
                3,
                4
              ],
              "pivot": [
                19.5,
                10.94615,
                27.96891
              ],
              "rotation": [
                60,
                0,
                0
              ],
              "uv": [
                496,
                32
              ]
            },
            {
              "origin": [
                -20,
                11.93966,
                32.00661
              ],
              "size": [
                4,
                3,
                4
              ],
              "pivot": [
                -18,
                7.4641,
                34.01323
              ],
              "rotation": [
                60,
                0,
                0
              ],
              "uv": [
                496,
                32
              ]
            },
            {
              "origin": [
                16,
                6.9641,
                38.9641
              ],
              "size": [
                4,
                3,
                4
              ],
              "pivot": [
                19.5,
                7.4641,
                40.9641
              ],
              "rotation": [
                90,
                0,
                0
              ],
              "uv": [
                496,
                32
              ]
            },
            {
              "origin": [
                -20,
                0.01323,
                32.01323
              ],
              "size": [
                4,
                3,
                4
              ],
              "pivot": [
                -18,
                7.4641,
                34.01323
              ],
              "rotation": [
                90,
                0,
                0
              ],
              "uv": [
                496,
                32
              ]
            },
            {
              "origin": [
                16,
                4.9641,
                25.0359
              ],
              "size": [
                4,
                3,
                4
              ],
              "pivot": [
                19.5,
                7.4641,
                27.0359
              ],
              "rotation": [
                90,
                0,
                0
              ],
              "uv": [
                497,
                32
              ]
            },
            {
              "origin": [
                -20,
                11.94143,
                32.01323
              ],
              "size": [
                4,
                3,
                4
              ],
              "pivot": [
                -18,
                7.4641,
                34.01323
              ],
              "rotation": [
                90,
                0,
                0
              ],
              "uv": [
                497,
                32
              ]
            },
            {
              "origin": [
                16,
                6.9641,
                32.0359
              ],
              "size": [
                4,
                1,
                4
              ],
              "uv": [
                463,
                17
              ]
            },
            {
              "origin": [
                -20,
                6.9641,
                32.0359
              ],
              "size": [
                4,
                1,
                4
              ],
              "uv": [
                463,
                17
              ]
            },
            {
              "origin": [
                17,
                2.9641,
                29.0359
              ],
              "size": [
                2,
                9,
                10
              ],
              "uv": [
                479,
                7
              ]
            },
            {
              "origin": [
                -19,
                2.9641,
                29.0359
              ],
              "size": [
                2,
                9,
                10
              ],
              "uv": [
                479,
                7
              ]
            },
            {
              "origin": [
                16,
                6.9641,
                32.0359
              ],
              "size": [
                4,
                1,
                4
              ],
              "pivot": [
                18.5,
                7.4641,
                34.0359
              ],
              "rotation": [
                -30,
                0,
                0
              ],
              "uv": [
                447,
                7
              ]
            },
            {
              "origin": [
                -20,
                6.97544,
                32.03286
              ],
              "size": [
                4,
                1,
                4
              ],
              "pivot": [
                -18,
                7.4641,
                34.01323
              ],
              "rotation": [
                -30,
                0,
                0
              ],
              "uv": [
                447,
                7
              ]
            },
            {
              "origin": [
                16,
                6.9641,
                32.0359
              ],
              "size": [
                4,
                1,
                4
              ],
              "pivot": [
                18.5,
                7.4641,
                34.0359
              ],
              "rotation": [
                -60,
                0,
                0
              ],
              "uv": [
                447,
                12
              ]
            },
            {
              "origin": [
                -20,
                6.98374,
                32.02456
              ],
              "size": [
                4,
                1,
                4
              ],
              "pivot": [
                -18,
                7.4641,
                34.01323
              ],
              "rotation": [
                -60,
                0,
                0
              ],
              "uv": [
                447,
                12
              ]
            },
            {
              "origin": [
                16,
                6.9641,
                32.0359
              ],
              "size": [
                4,
                1,
                4
              ],
              "pivot": [
                18.5,
                7.4641,
                34.0359
              ],
              "rotation": [
                -90,
                0,
                0
              ],
              "uv": [
                447,
                17
              ]
            },
            {
              "origin": [
                -20,
                6.98677,
                32.01323
              ],
              "size": [
                4,
                1,
                4
              ],
              "pivot": [
                -18,
                7.4641,
                34.01323
              ],
              "rotation": [
                -90,
                0,
                0
              ],
              "uv": [
                447,
                17
              ]
            },
            {
              "origin": [
                16,
                6.9641,
                32.0359
              ],
              "size": [
                4,
                1,
                4
              ],
              "pivot": [
                18.5,
                7.4641,
                34.0359
              ],
              "rotation": [
                -120,
                0,
                0
              ],
              "uv": [
                463,
                7
              ]
            },
            {
              "origin": [
                -20,
                6.98374,
                32.00189
              ],
              "size": [
                4,
                1,
                4
              ],
              "pivot": [
                -18,
                7.4641,
                34.01323
              ],
              "rotation": [
                -120,
                0,
                0
              ],
              "uv": [
                463,
                7
              ]
            },
            {
              "origin": [
                16,
                6.9641,
                32.0359
              ],
              "size": [
                4,
                1,
                4
              ],
              "pivot": [
                18.5,
                7.4641,
                34.0359
              ],
              "rotation": [
                -150,
                0,
                0
              ],
              "uv": [
                463,
                12
              ]
            },
            {
              "origin": [
                -20,
                6.97544,
                31.99359
              ],
              "size": [
                4,
                1,
                4
              ],
              "pivot": [
                -18,
                7.4641,
                34.01323
              ],
              "rotation": [
                -150,
                0,
                0
              ],
              "uv": [
                463,
                12
              ]
            },
            {
              "origin": [
                16,
                10.44615,
                38.03109
              ],
              "size": [
                4,
                3,
                4
              ],
              "pivot": [
                19.5,
                10.94615,
                40.03109
              ],
              "rotation": [
                120,
                0,
                0
              ],
              "uv": [
                496,
                32
              ]
            },
            {
              "origin": [
                -20,
                0.01145,
                32.01984
              ],
              "size": [
                4,
                3,
                4
              ],
              "pivot": [
                -18,
                7.4641,
                34.01323
              ],
              "rotation": [
                120,
                0,
                0
              ],
              "uv": [
                496,
                32
              ]
            },
            {
              "origin": [
                16,
                1.48205,
                25.96891
              ],
              "size": [
                4,
                3,
                4
              ],
              "pivot": [
                19.5,
                3.98205,
                27.96891
              ],
              "rotation": [
                120,
                0,
                0
              ],
              "uv": [
                478,
                0
              ]
            },
            {
              "origin": [
                -20,
                11.93966,
                32.01984
              ],
              "size": [
                4,
                3,
                4
              ],
              "pivot": [
                -18,
                7.4641,
                34.01323
              ],
              "rotation": [
                120,
                0,
                0
              ],
              "uv": [
                478,
                0
              ]
            },
            {
              "origin": [
                16,
                12.99519,
                35.48205
              ],
              "size": [
                4,
                3,
                4
              ],
              "pivot": [
                19.5,
                13.49519,
                37.48205
              ],
              "rotation": [
                150,
                0,
                0
              ],
              "uv": [
                496,
                32
              ]
            },
            {
              "origin": [
                -20,
                0.00661,
                32.02468
              ],
              "size": [
                4,
                3,
                4
              ],
              "pivot": [
                -18,
                7.4641,
                34.01323
              ],
              "rotation": [
                150,
                0,
                0
              ],
              "uv": [
                496,
                32
              ]
            },
            {
              "origin": [
                16,
                -1.06699,
                28.51795
              ],
              "size": [
                4,
                3,
                4
              ],
              "pivot": [
                19.5,
                1.43301,
                30.51795
              ],
              "rotation": [
                150,
                0,
                0
              ],
              "uv": [
                446,
                0
              ]
            },
            {
              "origin": [
                -20,
                11.93482,
                32.02468
              ],
              "size": [
                4,
                3,
                4
              ],
              "pivot": [
                -18,
                7.4641,
                34.01323
              ],
              "rotation": [
                150,
                0,
                0
              ],
              "uv": [
                446,
                0
              ]
            }
          ]
        }
      ]
    }
  ]
}